DBRep_DrawableShape

CASCADE Topology V3, (c) Open Cascade
Locations 0
Curve2ds 4
1 0 0 1 0 
1 1 0 0 1 
1 0 0 0 1 
1 0 1 1 0 
Curves 3
7 0 0  8 63 11  -2.7755575615628914e-17 43.374996185302734 91.683644454354535  -160.45501284991028 431.03673851922673 91.485997705994635  1577.0126928374314 -3672.0953840688367 93.626505663398504  -850.39690335989815 1837.7026782150892 90.635270973057573  267.86945344608864 -459.58402065954562 92.014081822083256  -31.344347843532102 138.8090933275011 91.645100230892879  23.645274179022049 36.123480422050605 91.712935990107425  17.073765435866004 39.265171595657634 91.704799007156865  17.698993458065885 37.334159572130062 91.705567760779729  17.848605223361353 36.647395431097266 91.705750971227573  17.918504173685825 35.79006451490477 91.705834786932186  17.917731080010334 34.838348350717219 91.705830669572407  17.876592923311154 33.849861495811062 91.705776385224439  17.666270963126724 30.090459458672235 91.705503148350417  17.489002374554865 26.608460270229934 91.705271812045183  17.738588744461229 24.619527631351591 91.705574649753814  18.130556257282549 22.574568549612707 91.706053826865315  16.856599097179771 19.446872426024001 91.70446398306305  19.143664387094027 17.550721526184144 91.707293211734751  15.072858404197412 14.722992047623814 91.702236807620537  17.144225955557371 11.873792084279575 91.704795449150765  16.935763726543346 11.497003499389454 91.704535745368972  16.468460399858515 11.349224811483761 91.703955888391064  15.955139844800154 11.371897691389863 91.703319544625316  15.464009057101224 11.44826428479295 91.702710890129737  14.333135580144432 11.582260207126513 91.701309268697088  13.270548237663451 11.489548885559802 91.699991556505921  12.637286650632158 11.306391294346637 91.699205825694605  11.907559230392506 11.17343719589714 91.698300662386856  11.251290858024415 11.583872138906004 91.697488377774363  11.210289018224366 12.733363289236189 91.697441358647822  7.2964451772758121 13.370639820481964 91.692591058524229  2.0879793083882441 3.6372796586867606 91.686101251732012  77.311247654549334 -69.001183811240537 91.779122713025473  -6.1398066173615122 36.438796268716395 91.676009232047846  -12.69884201525567 17.685435009131176 91.667815054963953  -8.0459410783533336 11.935074468327214 91.673564678407288  -11.275143397027627 11.136464716407559 91.669558435630535  -15.227663183625879 11.477538683816672 91.664659201110084  -15.689064563858485 11.523827883076258 91.664087305537706  -16.118623772343948 11.567165428648066 91.663554878388624  -16.48375205327217 11.606453474775584 91.663102319833584  -16.747545043814167 11.659171693075034 91.662775442209622  -17.35935527795019 12.230103139417535 91.662018810280102  -14.359971847824854 16.944452673132236 91.665753114968254  -18.14709509177651 16.036925190179669 91.661054800719114  -18.856537891622214 17.346187753510875 91.660179572528932  -17.318754367066791 20.143057387646419 91.662095409976232  -16.624229196103435 22.160248891950612 91.66296318333184  -19.43254801423948 23.196857403074045 91.659484852402045  -28.584358497635677 19.865718105199996 91.648127313875889  -34.335052099752076 17.662546780842078 91.640990246359038  -37.388939636469068 17.807870358832893 91.637204488810681  -31.576265225151904 24.739460102725996 91.644434080052832  -16.750987303306623 37.798672174931077 91.662857909403215  -18.262756631932525 36.713653221623474 91.660980110879038  -22.990936122896375 44.774057787644068 91.655144506742758  127.63421652028768 300.23406230753011 91.842743939065485  -1567.5955240162991 -2839.8167540541481 89.730503733521786  11090.549823929201 20843.02845102924 105.50321080300503  -47753.83455017602 -96397.023411580492 32.156268633002036  83581.345661039508 173477.23170332215 195.88712252264889  -2.7755575615628914e-17 43.374996185302734 91.683644454354535 
 0 9 0.15329561320163265 6 0.19862630052744534 6 0.32566204225103945 6 0.34963394252106245 6 0.3836282014926421 6 0.54789190174032021 6 0.56995786065766296 6 0.6536169229934522 6 0.74705441571292253 6 1 9
7 1 0  3 48 46  -2.7755575615628914e-17 43.374996185302734 91.683644454354535  1 -2.8904213501867313e-17 43.737090848105602 80.45817435820355  1.3589721411044531 -2.8781913396888451e-17 43.374972568723756 11684.008147682176  0.99998281086442875 -2.7755222195370454e-17 43.374996186939249 83.690670443242524  1.0000000011804278 -2.9100170996147205e-17 43.374994881515633 -2975.4900861890906  0.99999910007144377 7.3670187996663163e-15 43.375382486041559 2203.3721923249932  1.0000000002952074 -7.101777948717042e-15 43.374625219378451 -1967.5406040018379  0.99999999971740061 8.5615444721443652e-15 46.701054738426727 -453.62781724707946  1.0000000001240825 -9.9443872192398887e-15 45.624917996637983 2913.8399360061912  1.0000000000211424 9.8319067575773859e-15 45.625081532261838 -2786.0531629837787  0.99999999997894984 -4.5132313735085225e-17 45.624999810682532 249.97365342780407  1.0000000000008538 -1.0625772403498382e-17 45.625000189112228 -154.32012912191433  0.99999999999912925 4.9806689970218378e-15 45.624999900854206 -1301.7797582423607  1.0000000000735789 -1.008196999684237e-14 45.625000010179569 2937.4380273874895  0.99999999985341204 9.8715341564829297e-15 45.624999989991217 -2813.4195291230617  1.0000000001441289 -1.3602627026576604e-14 45.624999999995204 2879.8965793645016  1.0000000000007598 5.2069873777199068e-18 45.625000000000007 27.683590725347763  0.99999999999999878 -8.5863519972181846e-15 45.624999999982471 -2801.8381778687631  1.0000000000012939 -8.6864752844366103e-16 45.625000000017224 202.18199111210117  0.99999999999944444 8.5518368321649263e-16 45.624999999982791 -168.28319046675986  1.0000000000005564 -7.0298649971858173e-18 45.62499999734333 2944.7234411341833  1.0000000000550189 -6.9389473952560998e-18 45.625000000003531 7.3630073342381417  0.99999999999992684 -6.5738862817798658e-18 45.624999996624588 -2382.4921991096821  1.000000000070054 -3.5406813721821119e-15 45.625000000809173 -230.81823891495534  0.99999999994898148 7.1201511029599861e-15 45.625000001756888 2843.7505391268564  1.0000000000320299 7.372353667330323e-18 45.624999999998323 -8.3162596961759707  0.9999999999999698 -8.959481484580602e-15 45.625000001305395 -2861.1274437619691  1.0000000000234925 -6.3227711756450584e-15 45.625000013839241 2832.8096619408784  0.99999999974795206 6.3472656545264234e-15 45.624999986160773 -2869.4369089019524  1.0000000002520477 -9.2581837382227376e-15 45.625000001631669 2824.5228217905178  0.99999999993998601 2.1686418375953826e-17 45.624999999997904 -28.316666966453159  1.000000000000077 -9.2572907373441152e-15 45.62500000219584 -2880.2086570349902  0.99999999991906563 9.2486455162903525e-15 45.624999999793118 118.79055690936849  1.0000000000524496 -9.19354914724348e-15 45.62499999821847 2496.7037821018371  0.99999999997597866 6.7776999589001263e-18 45.625000000001805 -44.104849349203164  1.0000000000000246 -4.6823836844160373e-15 45.624999998631871 -2956.0165846678974  0.99999999998104128 2.473666658766416e-14 45.624999998419611 2797.7299273004696  0.99999999987907406 -2.4729806765662156e-14 45.625000001580403 -2906.3716348360413  1.0000000001209264 1.7301653286872151e-14 45.624999994541035 2788.6104543104257  1.0000000000019027 -2.429190015065509e-17 45.625000000006999 -64.316689258506969  0.99999999999999722 2.7360498361861811e-14 45.624999992595548 -2933.9517846502108  1.000000000003088 -1.2708862095636222e-14 45.62499999867655 1227.9862940002713  1.0000000000379674 3.4437067740797952e-15 45.625000015728752 -334.33688862054169  0.99999999986255794 -9.5907261674028627e-16 45.624999937858895 -348.69391696171641  1.0000000005164749 -8.6185126467275522e-18 45.625000138212528 741.43078558529101  0.99999999885600521 6.2362909290086036e-17 45.624999702133522 -1865.4364480480967  1.0000000024655546 -1.9633424955006117e-13 45.626202373100917 -23694.728408803487  0.99998994254660267 2.7755575615628914e-17 45.625 -91.683587655694154  1
 0 4 0.15081429845326497 1 0.15083162468569852 1 0.15084890112884383 1 0.19040599790138654 1 0.19043079640399799 1 0.22834426112973644 1 0.2646229912503294 1 0.26463994075898145 1 0.3007608781033857 1 0.30101044779210984 1 0.33783434962812431 1 0.374657934036766 1 0.37467488217793948 1 0.4108804983374289 1 0.41089744764691183 1 0.41091439599363327 1 0.44683643510976856 1 0.44712340627127756 1 0.48333175877184992 1 0.48334870688939618 1 0.48336813954585434 1 0.51957382178602285 1 0.55578466963184681 1 0.55580161718006038 1 0.55581856517920791 1 0.59202796255991352 1 0.59204491575997109 1 0.62825424178975808 1 0.62827118970393669 1 0.62828813759824331 1 0.66449782737351137 1 0.70070370964366024 1 0.70072226104429225 1 0.70073920886459096 1 0.73694936861277571 1 0.73696631674583757 1 0.77317658825327729 1 0.77319353600824436 1 0.77321048391803981 1 0.80964444874089814 1 0.84607999253688637 1 0.88245634565609676 1 0.91977168280497423 1 0.9198316877977547 1 1 4
7 0 0  8 63 11  2.7755575615628914e-17 45.625 -91.683587655694154  -138.78526767230008 -290.34399008212637 -91.856769915418198  1363.8909364469582 3280.2881325697699 -89.981888010569662  -657.53424605064322 -1777.0786309569955 -92.504853900847579  184.86276973907468 648.14449968969802 -91.452393407939283  -10.671035209858788 -91.073977007957922 -91.69727142018489  20.388330016454354 65.042277836996206 -91.65824558846117  18.218861751482819 30.924905727300548 -91.661048553679322  17.496159362715389 39.228289596626894 -91.661917005821877  17.441788520824744 40.519864229056978 -91.661980128295951  17.464284967000061 40.571139944875299 -91.661952066810358  17.521200628460679 39.57693276966603 -91.661884802212299  17.581726466994663 37.945112578027477 -91.661815178020234  17.763810846401473 30.72559696764959 -91.661613390906183  17.689655903647374 23.392997242562693 -91.661729666760564  17.383944475065707 23.628165209997849 -91.662107909713043  17.404036648248688 28.310872506055702 -91.66206745661826  18.429067466516951 16.453151134387504 -91.660835972460447  17.595831065084383 19.379493868239425 -91.661859312841955  16.815886488282796 15.226067279030502 -91.662840080261404  16.583619432710144 12.542330911761097 -91.66313695453394  16.96884859690708 12.050239801714186 -91.662660977584054  17.111316395280994 11.68679315552979 -91.662485551170505  16.874829310781365 11.510244642805185 -91.66277933577777  16.403874456600033 11.469934192869291 -91.663363363250269  15.080217024729256 11.521476396956995 -91.665004273477081  13.821213081069519 11.627502721806843 -91.66656484494294  13.354635273003986 11.55925260947564 -91.667143538455448  13.124154540365904 11.301606003209214 -91.667430145514572  12.326838469536602 11.151068781646641 -91.668419164143856  10.399328065524864 11.710132007248951 -91.670807051686012  18.835818951214144 15.817477286392885 -91.660333788615134  -64.691571076803228 1.2080482856251469 -91.763940219229667  -36.49067036790629 -232.12213809726751 -91.729751112735599  15.940370442406952 35.707424760307454 -91.663857552279936  -7.2367687701244643 24.197020447628635 -91.692630978457331  -8.8298534525890151 12.824464082933343 -91.694643850397895  -10.837073766017165 11.123124909536138 -91.697138064782351  -14.454011624763728 11.512994635016035 -91.701621079596705  -14.907525032699722 11.568500103825214 -91.702183164986124  -15.382087473692991 11.607493058411945 -91.702771401985075  -15.860723769695475 11.609282680884711 -91.703364813314167  -16.304829172463826 11.578640871663021 -91.703915520640109  -17.919943316358967 11.583819422127355 -91.705917935608667  -14.254194229737438 16.378599115720288 -91.701357192148308  -17.931000429566833 15.81526145309434 -91.70591760111634  -18.765050830541231 17.049178924314504 -91.706947567153335  -17.347980297800554 19.669083870585798 -91.705181973128134  -16.678866394632028 21.686999327016107 -91.704345702573235  -19.352644044034463 23.084090953132833 -91.707656042481716  -28.162806875612407 20.266867467157311 -91.718588313365657  -33.735154224184107 18.189011635765091 -91.725503854082547  -36.728834098339753 17.927340134534116 -91.729216305582284  -31.040406236145305 23.613676187285321 -91.722144853669889  -16.411029214113952 35.436444732386207 -91.703967972572443  -19.216236370458237 40.929747449300542 -91.707427777745821  -20.846845491461263 40.393124886739791 -91.709450841029195  108.40865411804747 250.45379850399959 -91.548507464096332  -1449.7088734442621 -1921.7550747055059 -93.487418702547743  10984.585488873226 12802.954588242968 -78.022887535855773  -50382.263247746283 -54754.015669065848 -154.32792228463452  90076.323235256204 96259.09931824384 20.309749931463887  2.7755575615628914e-17 45.625 -91.683587655694154 
 0 9 0.15329561320163265 6 0.19862630052744534 6 0.32566204225103945 6 0.34963394252106245 6 0.3836282014926421 6 0.54789190174032021 6 0.56995786065766296 6 0.6536169229934522 6 0.74705441571292253 6 1 9
Polygon3D 0
PolygonOnTriangulations 0
Surfaces 1
9 1 0 0 0 8 3 63 48 11 46 -2.7755575615628914e-17 43.374996185302734 91.683644454354535  1 -2.8904213501867313e-17 43.737090848105602 80.45817435820355  1.3589721411044531 -2.8781913396888451e-17 43.374972568723756 11684.008147682176  0.99998281086442875 -2.7755222195370454e-17 43.374996186939249 83.690670443242524  1.0000000011804278 -2.9100170996147205e-17 43.374994881515633 -2975.4900861890906  0.99999910007144377 7.3670187996663163e-15 43.375382486041559 2203.3721923249932  1.0000000002952074 -7.101777948717042e-15 43.374625219378451 -1967.5406040018379  0.99999999971740061 8.5615444721443652e-15 46.701054738426727 -453.62781724707946  1.0000000001240825 -9.9443872192398887e-15 45.624917996637983 2913.8399360061912  1.0000000000211424 9.8319067575773859e-15 45.625081532261838 -2786.0531629837787  0.99999999997894984 -4.5132313735085225e-17 45.624999810682532 249.97365342780407  1.0000000000008538 -1.0625772403498382e-17 45.625000189112228 -154.32012912191433  0.99999999999912925 4.9806689970218378e-15 45.624999900854206 -1301.7797582423607  1.0000000000735789 -1.008196999684237e-14 45.625000010179569 2937.4380273874895  0.99999999985341204 9.8715341564829297e-15 45.624999989991217 -2813.4195291230617  1.0000000001441289 -1.3602627026576604e-14 45.624999999995204 2879.8965793645016  1.0000000000007598 5.2069873777199068e-18 45.625000000000007 27.683590725347763  0.99999999999999878 -8.5863519972181846e-15 45.624999999982471 -2801.8381778687631  1.0000000000012939 -8.6864752844366103e-16 45.625000000017224 202.18199111210117  0.99999999999944444 8.5518368321649263e-16 45.624999999982791 -168.28319046675986  1.0000000000005564 -7.0298649971858173e-18 45.62499999734333 2944.7234411341833  1.0000000000550189 -6.9389473952560998e-18 45.625000000003531 7.3630073342381417  0.99999999999992684 -6.5738862817798658e-18 45.624999996624588 -2382.4921991096821  1.000000000070054 -3.5406813721821119e-15 45.625000000809173 -230.81823891495534  0.99999999994898148 7.1201511029599861e-15 45.625000001756888 2843.7505391268564  1.0000000000320299 7.372353667330323e-18 45.624999999998323 -8.3162596961759707  0.9999999999999698 -8.959481484580602e-15 45.625000001305395 -2861.1274437619691  1.0000000000234925 -6.3227711756450584e-15 45.625000013839241 2832.8096619408784  0.99999999974795206 6.3472656545264234e-15 45.624999986160773 -2869.4369089019524  1.0000000002520477 -9.2581837382227376e-15 45.625000001631669 2824.5228217905178  0.99999999993998601 2.1686418375953826e-17 45.624999999997904 -28.316666966453159  1.000000000000077 -9.2572907373441152e-15 45.62500000219584 -2880.2086570349902  0.99999999991906563 9.2486455162903525e-15 45.624999999793118 118.79055690936849  1.0000000000524496 -9.19354914724348e-15 45.62499999821847 2496.7037821018371  0.99999999997597866 6.7776999589001263e-18 45.625000000001805 -44.104849349203164  1.0000000000000246 -4.6823836844160373e-15 45.624999998631871 -2956.0165846678974  0.99999999998104128 2.473666658766416e-14 45.624999998419611 2797.7299273004696  0.99999999987907406 -2.4729806765662156e-14 45.625000001580403 -2906.3716348360413  1.0000000001209264 1.7301653286872151e-14 45.624999994541035 2788.6104543104257  1.0000000000019027 -2.429190015065509e-17 45.625000000006999 -64.316689258506969  0.99999999999999722 2.7360498361861811e-14 45.624999992595548 -2933.9517846502108  1.000000000003088 -1.2708862095636222e-14 45.62499999867655 1227.9862940002713  1.0000000000379674 3.4437067740797952e-15 45.625000015728752 -334.33688862054169  0.99999999986255794 -9.5907261674028627e-16 45.624999937858895 -348.69391696171641  1.0000000005164749 -8.6185126467275522e-18 45.625000138212528 741.43078558529101  0.99999999885600521 6.2362909290086036e-17 45.624999702133522 -1865.4364480480967  1.0000000024655546 -1.9633424955006117e-13 45.626202373100917 -23694.728408803487  0.99998994254660267 2.7755575615628914e-17 45.625 -91.683587655694154  1 
-160.45501284991028 431.03673851922673 91.485997705994635  1 -60.884451340219741 159.33077316622681 80.383072979286609  1.3589721411044531 -50.469621394637464 40.662891248512231 11683.945589619263  0.99998281086442875 -43.377152746852566 37.53003005494805 83.636871685299369  1.0000000011804278 -41.569484644909686 36.669863967361053 -2975.5416637362277  0.99999910007144377 -48.674079633620444 134.4199773155961 2203.3121503011807  1.0000000002952074 21.576186675087868 2.5224787819672403 -1967.5139914752633  0.99999999971740061 64.4907145255209 38.555495420065114 -453.54788713916628  1.0000000001240825 -3.3365287562422843 57.506528760169296 2913.8358388165834  1.0000000000211424 10.260574795997981 41.582658575730576 -2786.0404552859227  0.99999999997894984 18.405966965768513 57.644274964712501 249.99651261788577  1.0000000000008538 54.404510153253383 12.095118408692016 -154.25278868696313  0.99999999999912925 -57.688424805552899 72.967879084827374 -1301.8511885293531  1.0000000000735789 36.311264032311058 34.585982464575828 2937.4830060968143  0.99999999985341204 36.513976850195078 35.127103674199951 -2813.3742900653119  1.0000000001441289 -3.5205671210629874 58.345347422337369 2879.8922567928948  1.0000000000007598 3.5474509647779713 49.440852521174669 27.688001549321946  0.99999999999999878 6.8394036297832468 44.325827228558765 -2801.8297025915867  1.0000000000012939 31.918265771971246 43.006513038422675 202.22155510637907  0.99999999999944444 40.846047095049059 26.843462941270044 -168.23261170132858  1.0000000000005564 43.816411085203214 11.131835823289574 2944.7776505749193  1.0000000000550189 3.5065863598288387 49.467847869108375 7.3673675836018093  0.99999999999992684 243.22868740377976 -193.53520703810165 -2382.1914360122769  1.000000000070054 -49.835054972195763 139.46404255086389 -230.87971334951064  0.99999999994898148 2.1648168566369828 53.980518810773837 2843.7532508108566  1.0000000000320299 3.5871193348895427 49.373448343302371 -8.3117999147072954  0.9999999999999698 6.8301069941503485 43.573434278288367 -2861.1189825532529  1.0000000000234925 36.562959673327278 34.602392931987936 2832.8549521862251  0.99999999974795206 36.268680034876169 35.124635836387327 -2869.3919733156627  1.0000000002520477 0.83472712789874814 55.118127438907756 2824.5238881988917  0.99999999993998601 3.6075444716462144 49.333222749388774 -28.31218199524255  1.000000000000077 6.3068189593374893 43.469871955480983 -2880.2008448491724  0.99999999991906563 -34.034883387344699 137.1454878074139 118.74866393262154  1.0000000000524496 207.47413819499045 -178.37969301652259 2496.9602667385921  0.99999999997597866 3.5656814247160002 49.36431765735604 -44.100416176925911  1.0000000000000246 45.172821777712862 -0.93479972189731897 -2955.960733542734  0.99999999998104128 36.373187296865865 34.629190238470052 2797.7749839023782  0.99999999987907406 36.456872157306364 35.104288706826402 -2906.3264675126761  1.0000000001209264 1.6970153764048319 55.078731801569582 2788.6125896809122  1.0000000000019027 3.6388389227516007 49.257598773283867 -64.31216573913899  0.99999999999999722 8.0725375993621764 40.940775910328107 -2933.9417917858891  1.000000000003088 88.919611675641718 -18.430079918112437 1228.0963245651387  1.0000000000379674 -105.0867144156434 212.68899502119402 -334.46662162453589  0.99999999986255794 355.59554621315255 -541.52162176014815 -348.25499484346238  1.0000000005164749 -744.68795974035049 1292.8031340112566 740.51165339468662  0.99999999885600521 1584.1723269328445 -2580.9485907706703 -1863.4810929530324  1.0000000024655546 48009.050697295766 -78874.740176840525 -23635.469963165222  0.99998994254660267 -138.78526767230008 -290.34399008212637 -91.856769915418198  1 
1577.0126928374314 -3672.0953840688367 93.626505663398504  1 616.8339588953969 -1061.0290497195524 81.219263365747139  1.3589721411044531 515.07246903824205 75.073162273207814 11684.646619597996  0.99998281086442875 446.90629490941018 105.03864401202543 84.244953278359546  1.0000000011804278 429.53762175822794 113.26477909371125 -2974.9571456859753  0.99999910007144377 491.87621449206739 -815.95760033651129 2203.9791504221444  1.0000000002952074 -171.74563367874046 432.48005318726769 -1967.7522232481472  0.99999999971740061 -592.01581582530343 123.83023898838798 -454.36155708320558  1.0000000001240825 62.153353483511403 -63.345813095255068 2913.916632409826  1.0000000000211424 -62.499678099227502 82.094980271786184 -2786.1305294035151  0.99999999997894984 -145.01484133714249 -67.715171739611506 249.79349213513277  1.0000000000008538 -494.23179201386756 365.58422622853658 -154.93182520502737  0.99999999999912925 583.03608324824847 -214.28092437945844 -1301.0577826253491  1.0000000000735789 -318.72852827169805 151.63889401945536 2937.0432517831432  0.99999999985341204 -320.66194885942826 146.48043711648873 -2813.8167876886996  1.0000000001441289 63.571988219223769 -70.964298184628547 2879.9750091350065  1.0000000000007598 -0.95558973479079545 10.321964105432052 27.682288802345894  0.99999999999999878 -31.983309086901954 57.154965721688832 -2801.8777931363188  1.0000000000012939 -276.19399797313872 71.11968566816131 201.83964663340097  0.99999999999944444 -362.6105257062311 225.69297753091908 -168.73215876224032  1.0000000000005564 -353.76985761745601 358.56958113522643 2944.2858732268451  1.0000000000550189 -0.60974414895588325 10.078459540657059 7.3621333846580548  0.99999999999992684 -2114.3906472700019 2221.2665393194966 -2385.1064165573734  1.000000000070054 411.72551779033591 -796.7500912073773 -230.31057429558325  0.99999999994898148 11.532366098864957 -31.062709180137787 2843.7645825735567  1.0000000000320299 -1.3291437702173805 10.938899311129637 -8.3180227072718349  0.9999999999999698 -31.980598935430038 64.041963999367354 -2861.1670324013339  1.0000000000234925 -321.1450004137169 151.48702321086563 2832.4118955927829  0.99999999974795206 -318.30668170549728 146.49938146059469 -2869.8312538578616  1.0000000002520477 24.596708593758706 -41.617417293157381 2824.5530274436469  0.99999999993998601 -1.5216741847249748 11.306984867747531 -28.318667456647173  1.000000000000077 -26.933690076871063 64.941288471979007 -2880.2419863737359  0.99999999991906563 266.29345717184896 -774.85608210290718 119.11798657804849  1.0000000000524496 -1784.9441438755546 2081.3976475649711 2494.4975507174245  0.99999999997597866 -1.164817304735317 11.026069542476446 -44.106408337778355  1.0000000000000246 -367.14214156934008 468.67865266634118 -2956.4703665881539  0.99999999998104128 -319.32471655815306 151.23325887117315 2797.3344021778853  0.99999999987907406 -320.11167343505616 146.69157958823646 -2906.7682025641366  1.0000000001209264 16.719593816448455 -41.254730551358399 2788.6308949099957  1.0000000000019027 -1.816693913450169 11.99866390682674 -64.319053221277301  0.99999999999999722 -42.266712232728835 87.92770254466835 -2934.004046922802  1.000000000003088 -825.07492197309364 655.67662989472956 1226.9653850875331  1.0000000000379674 1035.302175591894 -1536.710563327887 -333.05856329736292  0.99999999986255794 -3350.0699271863923 5608.3604858766776 -352.82890332844437  1.0000000005164749 7100.0764059545527 -11762.410882908747 750.19433896182136  0.99999999885600521 -15003.556772119977 24915.550577725007 -1883.9554615758191  1.0000000024655546 -456002.2491316814 747384.37922257569 -24257.59907499934  0.99998994254660267 1363.8909364469582 3280.2881325697699 -89.981888010569662  1 
-850.39690335989815 1837.7026782150892 90.635270973057573  1 -299.80406594889337 519.03503265940208 80.08805235827522  1.3589721411044531 -218.44775661215169 -75.032985640138122 11683.737002361806  0.99998281086442875 -182.28827744617115 -88.60676545535884 83.464229841634506  1.0000000011804278 -173.15132401714592 -92.313961885286886 -2975.7052962610646  0.99999910007144377 -127.4653637370109 235.97491461307689 2203.2148038200212  1.0000000002952074 49.874078278272052 -116.7956810330184 -1967.4793059667056  0.99999999971740061 390.89450759371431 10.549736816452905 -453.14330083605375  1.0000000001240825 18.502879977484778 7.2947563311096832 2913.8627487119384  1.0000000000211424 -18.871102346114892 51.415805379507539 -2786.0765402175457  0.99999999997894984 104.9347932247864 57.810546390201118 250.10379015827669  1.0000000000008538 318.21120675945326 -99.426642096270626 -153.92608699375887  0.99999999999912925 -232.88155753092681 124.2383268176371 -1302.0682197572155  1.0000000000735789 211.22098835645781 -21.88243887137746 2937.6996620646773  0.99999999985341204 212.01959051183493 -19.82485684547887 -2813.1568683022324  1.0000000001441289 18.943654239985616 4.4260765947768874 2879.9199289997855  1.0000000000007598 -0.41891479990999581 29.644459336613348 27.683018309984039  0.99999999999999878 -9.4356232603172145 42.324429544948075 -2801.8498873328008  1.0000000000012939 187.32832521772269 14.136191804833015 202.41413856885825  0.99999999999944444 235.62425742734041 -55.294900562525235 -167.99139733995122  1.0000000000005564 -132.66089237126926 155.15127240867301 2944.5593306626233  1.0000000000550189 -0.27436924320363404 29.53295211599665 7.3626137573212525  0.99999999999992684 -775.50479582246589 799.22769762686653 -2383.451174940205  1.000000000070054 809.56593293839489 -449.09416087155336 -229.81617452356076  0.99999999994898148 2.4274585488181453 15.957643039146962 2843.753450254158  1.0000000000320299 -0.52629901233883059 29.814343738191535 -8.3169646836553976  0.9999999999999698 -9.5221845415584205 44.196330542109514 -2861.139254176911  1.0000000000234925 212.4777471683158 -21.896561878626066 2833.0728499657262  0.99999999974795206 210.79055176412774 -19.75749021410936 -2869.1757665223204  1.0000000002520477 6.8123779787637275 15.038172511009327 2824.5311663151942  0.99999999993998601 -0.58161379718114614 29.916854017848436 -28.317440193451315  1.000000000000077 -7.9128804377751374 45.106748969415563 -2880.2184695214637  0.99999999991906563 750.90887316345834 -454.16170444253157 119.71988129892512  1.0000000000524496 -647.85027951932614 780.29033184027128 2495.903010504117  0.99999999997597866 -0.44186339140723818 29.79243251404796 -44.10544972551272  1.0000000000000246 -131.10844310335216 190.64274807599224 -2956.1786527184672  0.99999999998104128 211.53221575305514 -21.820994621407113 2797.9919506011556  0.99999999987907406 211.7261162620874 -19.807229877177921 -2906.1093398520961  1.0000000001209264 4.2911415285592192 15.104469633291531 2788.6156730829334  1.0000000000019027 -0.66520329749937612 30.113791148165571 -64.317565466898515  0.99999999999999722 -13.294025401066111 53.55079097552337 -2933.9682404683672  1.000000000003088 485.37719116044798 -200.08088351420758 1228.5872525706202  1.0000000000379674 -410.75466380302225 495.9776134588223 -334.8446509978474  0.99999999986255794 1169.4256954105829 -1620.970905704653 -347.24958389135071  1.0000000005164749 -2167.718679213644 3412.423715665072 738.75440232617427  0.99999999885600521 4621.6840565306447 -7118.6325336425944 -1859.7302195902876  1.0000000024655546 146621.980181227 -216101.54236005034 -23513.66587297689  0.99998994254660267 -657.53424605064322 -1777.0786309569955 -92.504853900847579  1 
267.86945344608864 -459.58402065954562 92.014081822083256  1 87.298702320284349 -83.030936251513964 80.565987256257799  1.3589721411044531 50.109600622232939 91.040853320786937 11684.070421694649  0.99998281086442875 38.963558230640096 94.463940900428426 83.739147362052506  1.0000000011804278 36.181449993654262 95.389773415454485 -2975.4450299712043  0.99999910007144377 2.0388912605692799 48.873285373373299 2203.3747388669672  1.0000000002952074 5.9091831676445272 53.350573200563751 -1967.5332450775086  0.99999999971740061 -130.94446605394123 56.052347454211407 -453.79013200412697  1.0000000001240825 -3.9739196988261396 63.384702007222046 2913.8350680658132  1.0000000000211424 19.674743994011294 35.44507957770422 -2786.0288038748308  0.99999999997894984 -28.434452292579977 45.176185542538747 249.93839944309155  1.0000000000008538 -101.39142690128341 69.487607150100928 -154.44575660853363  0.99999999999912925 57.842357281402457 29.792603223925884 -1301.7080985438502  1.0000000000735789 -64.840495655766205 57.560940798498002 2937.3576803545589  0.99999999985341204 -65.019523401665154 57.117358068024082 -2813.5001057660893  1.0000000001441289 -4.3916035740773411 64.380004205242557 2879.8911969244969  1.0000000000007598 7.9994338594613605 49.234211453654879 27.693520468218697  0.99999999999999878 13.486580195734627 38.946425402965751 -2801.8214792123554  1.0000000000012939 -57.965221832561539 48.918863815870552 202.11013605803686  0.99999999999944444 -71.817143157249134 65.630194664940973 -168.37216331581365  1.0000000000005564 71.189961330445556 1.5867599519111832 2944.8115568384283  1.0000000000550189 7.937058532360747 49.245561192406548 7.3728597814172474  0.99999999999992684 385.94132949996902 -278.26950668265317 -2382.0147809590585  1.000000000070054 -325.21892396497691 225.51420754872524 -231.22085090325098  0.99999999994898148 4.9685072262820462 56.453826331427081 2843.7567350492368  1.0000000000320299 8.0657036204459125 49.101150323871373 -8.3062482330909919  0.9999999999999698 13.373426218431925 37.471137499504422 -2861.1108903583136  1.0000000000234925 -65.219717169971346 57.5949985016155 2832.7288469800965  0.99999999974795206 -64.647578194650549 57.071594173481834 -2869.5170267624162  1.0000000002520477 3.4706934295594576 60.154241878663264 2824.527173012294  0.99999999993998601 8.0997431690131503 49.022812227458488 -28.306613560888437  1.000000000000077 12.672369051743303 37.783196887142132 -2880.1929716246668  0.99999999991906563 -306.49836015145877 214.79297420140142 118.41111910735316  1.0000000000524496 340.80047197194119 -238.17061003793231 2497.1253673877054  0.99999999997597866 8.0321805655994911 49.041721718797795 -44.094879645535642  1.0000000000000246 76.133687441816292 -18.954488761195314 -2955.9224077914118  0.99999999998104128 -64.919233127182977 57.573552285155678 2797.6494827854035  0.99999999987907406 -64.944456673834054 57.086862399640516 -2906.4521187358209  1.0000000001209264 4.8872517834977982 60.053762229588166 2788.6165614404417  1.0000000000019027 8.1526475214962861 48.879052798464237 -64.306570738738927  0.99999999999999722 15.754726891024221 34.609924379503227 -2933.9322883897935  1.000000000003088 -138.82746525438597 73.47876084366824 1227.8142672255242  1.0000000000379674 73.223398629680716 34.97909463015894 -334.24614108166259  0.99999999986255794 -108.41563837821266 81.016854256681796 -348.82821390844424  1.0000000005164749 63.195172660875336 46.897874787232134 741.50913934869368  0.99999999885600521 -122.55800388320077 53.210489661240743 -1865.588370533791  1.0000000024655546 -7925.4322956149454 1122.4070049769866 -23704.550764370873  0.99998994254660267 184.86276973907468 648.14449968969802 -91.452393407939283  1 
-31.344347843532102 138.8090933275011 91.645100230892879  1 4.7523546176433644 70.881122256212677 80.464156458432768  1.3589721411044531 15.589218009217477 39.514809338037566 11684.027460973113  0.99998281086442875 17.897284954264073 38.950799398916843 83.712844957596687  1.0000000011804278 18.46215078103949 38.802339736155403 -2975.467216830802  0.99999910007144377 25.011190593041672 33.797928507932674 2203.4031692626336  1.0000000002952074 13.936931125740388 57.1191236265106 -1967.52327892366  0.99999999971740061 45.006797180917715 41.379077035523878 -453.57203528593914  1.0000000001240825 15.979992396306987 48.559498239904109 2913.859757880708  1.0000000000211424 16.808166955076405 46.545367205591937 -2786.0323210355191  0.99999999997894984 22.66278138006782 48.191879812335998 250.00175930996417  1.0000000000008538 37.277509207741126 45.838817831302634 -154.27391131216154  0.99999999999912925 9.2033112910978137 49.318686429192326 -1301.768335564381  1.0000000000735789 29.962078930265829 46.986681682089078 2937.4751788444892  0.99999999985341204 29.98528308893534 47.042533446755208 -2813.3823481351765  1.0000000001441289 15.631151946721586 48.715414261264293 2879.9159692607004  1.0000000000007598 16.400159976827336 47.539165609097033 27.703930131081556  0.99999999999999878 15.500673315363503 47.028590889447464 -2801.8189553332568  1.0000000000012939 29.247263417541919 48.526198028407052 202.21826178187555  0.99999999999944444 30.689630967330935 45.527356729177804 -168.24514157986312  1.0000000000005564 45.624057420559794 44.378832348474639 2944.7800020723644  1.0000000000550189 16.352168335735517 47.540845400436595 7.3832872451395515  0.99999999999992684 170.07803759901108 26.788659745532375 -2382.2813974940545  1.000000000070054 -33.222702063972058 56.414001238355766 -230.85939288031852  0.99999999994898148 16.310444762300882 48.437102833118132 2843.770770284314  1.0000000000320299 16.389697697776157 47.532108671998465 -8.2959332850706762  0.9999999999999698 15.425162168675982 46.996988087236574 -2861.1083149634569  1.0000000000234925 30.038782356281519 46.975363920258694 2832.8469078830908  0.99999999974795206 29.909853277732399 47.055389244365706 -2869.3998208042622  1.0000000002520477 17.126544262850093 48.157848696896323 2824.5440638282635  0.99999999993998601 16.384085881618034 47.527889003411453 -28.296347526921867  1.000000000000077 15.661519353343305 46.883248455588209 -2880.1892355462455  0.99999999991906563 -27.34389124603252 60.992534899612089 118.75670673099684  1.0000000000524496 158.96515230370471 19.183042317468949 2496.9007806244535  0.99999999997597866 16.341252198467167 47.532194494540398 -44.084583000925214  1.0000000000000246 42.533732927879299 41.359843496290665 -2955.9638651534156  0.99999999998104128 29.966230929943887 46.982728516576117 2797.767083686173  0.99999999987907406 29.981545807628354 47.048970390385719 -2906.334458235649  1.0000000001209264 17.252171241872677 48.170760868578292 2788.63185216794  1.0000000000019027 16.375144942001057 47.519432763937303 -64.296380932093882  0.99999999999999722 16.975804753521437 46.500967527554131 -2933.930734982117  1.000000000003088 37.733362920961632 54.506644993321807 1228.0331055709262  1.0000000000379674 22.245247938859187 21.518480424640508 -334.30938878418686  0.99999999986255794 -29.484053030310672 145.49353758473652 -348.73014004990296  1.0000000005164749 171.3289900916042 -178.34493883358709 741.64245726331933  0.99999999885600521 -312.11367822599243 525.00944732417508 -1865.8218179524181  1.0000000024655546 -8701.5917741587164 14151.046264555542 -23705.471571664191  0.99998994254660267 -10.671035209858788 -91.073977007957922 -91.69727142018489  1 
23.645274179022049 36.123480422050605 91.712935990107425  1 19.819930408733949 41.682017425608741 80.482740449104242  1.3589721411044531 18.393350058994432 43.861860211417621 11684.03095428465  0.99998281086442875 18.089075665989299 43.919412844586219 83.713099234116569  1.0000000011804278 18.017936976991706 43.933267310142845 -2975.4677450121485  0.99999910007144377 17.377591743242686 47.327510439771572 2203.3937503219017  1.0000000002952074 19.855056206449742 41.091068892795953 -1967.5159951192902  0.99999999971740061 15.162466299010047 46.464602887986594 -453.60901947914726  1.0000000001240825 20.351673821083931 41.786197465665005 2913.865155430301  1.0000000000211424 16.703305686761858 45.859878708897909 -2786.0324533033568  0.99999999997894984 19.422925788771316 43.455689477316142 249.99772694279483  1.0000000000008538 15.861014665837359 44.461582231082765 -154.3004683810228  0.99999999999912925 19.970070172292303 43.898493848706138 -1301.7550048970961  1.0000000000735789 17.640817554930905 43.960266441467624 2937.4598930654829  0.99999999985341204 17.641245839249382 43.957573669846468 -2813.3976628704254  1.0000000001441289 20.269288956890406 41.761983394658579 2879.9216965654841  1.0000000000007598 18.504905857282143 43.849024706107542 27.70652736418343  0.99999999999999878 17.187561017027463 45.686064540266599 -2801.816868393229  1.0000000000012939 17.80997279195428 43.653957636292688 202.20406551521049  0.99999999999944444 17.474264482294142 44.258938196605236 -168.26153026037557  1.0000000000005564 18.621669405692632 45.695811010197339 2944.7465286699185  1.0000000000550189 18.497387242957938 43.856728461227441 7.3859346769951486  0.99999999999992684 11.020270029791623 65.835090699605644 -2382.4784690072406  1.000000000070054 20.315654180842273 33.550261968360104 -230.79309148056208  0.99999999994898148 18.910372248030271 42.90756534185978 2843.7739753438859  1.0000000000320299 18.489158352525404 43.87225296497261 -8.2933425041365698  0.9999999999999698 17.163569752234661 45.923420774138513 -2861.106163234926  1.0000000000234925 17.632769542570056 43.961632781534213 2832.8315177366881  0.99999999974795206 17.649162316012752 43.956124545317003 -2869.4150329305985  1.0000000002520477 19.588211909082535 42.0083491550701 2824.5470954132761  0.99999999993998601 18.480956058237918 43.885646164570737 -28.293759899230515  1.000000000000077 17.401082903038819 45.766486107768465 -2880.1870825738324  0.99999999991906563 17.639012364685502 36.672840940216204 118.81239619499448  1.0000000000524496 17.884860950517297 56.729380682087715 2496.7259927529362  0.99999999997597866 18.475512787951416 43.892091818253483 -44.081949009198595  1.0000000000000246 17.158460210438228 48.567970330131708 -2955.9953017066068  0.99999999998104128 17.64236610882547 43.960305651234222 2797.7517949644084  0.99999999987907406 17.639680262932341 43.957375093673605 -2906.3497705918571  1.0000000001209264 19.392058196865968 42.032070352495374 2788.6344848232106  1.0000000000019027 18.468195597313223 43.909446709654922 -64.293797932825811  0.99999999999999722 17.417516712647327 45.908161164533304 -2933.9301893251159  1.000000000003088 18.45342864427786 41.471206881254737 1228.0091589247863  1.0000000000379674 15.165549643126461 49.732261120859924 -334.3180726140049  0.99999999986255794 31.819418912043506 22.868149339829472 -348.65454252537523  1.0000000005164749 -15.047403693833868 89.580248055204194 741.41227559838637  0.99999999885600521 92.140976394319935 -53.032908469222505 -1865.3225384010491  1.0000000024655546 2087.0717533758489 -2862.8606866550335 -23692.150434741641  0.99998994254660267 20.388330016454354 65.042277836996206 -91.65824558846117  1 
17.073765435866004 39.265171595657634 91.704799007156865  1 17.796359856851232 39.762984458433195 80.480225239957448  1.3589721411044531 18.025820472362028 39.686637782998829 11684.030483722456  0.99998281086442875 18.131183172526111 39.672035738920606 83.713137341721932  1.0000000011804278 18.154628253546125 39.668650811897969 -2975.4675903832381  0.99999910007144377 18.273005062023994 39.564162753258493 2203.3948347039341  1.0000000002952074 17.632120951361266 40.588779375862515 -1967.5187528083077  0.99999999971740061 19.00579234256406 40.104714250287692 -453.60427560277003  1.0000000001240825 17.27852535787428 41.146917953485918 2913.8613432034581  1.0000000000211424 19.095016855152931 39.635819825447406 -2786.0295087083332  0.99999999997894984 17.460336190554731 40.073088219672613 249.99528246437049  1.0000000000008538 18.990638653817399 40.91214055277127 -154.29660001204201  0.99999999999912925 17.491562828941017 40.092202879759114 -1301.7580904262379  1.0000000000735789 18.226095662550019 40.492954953650731 2937.4606072172651  0.99999999985341204 18.225698820696337 40.492724605446462 -2813.3969497888224  1.0000000001441289 17.323540945460412 41.404596641256127 2879.9180432260478  1.0000000000007598 18.198010984227295 40.381001814214777 27.706135362577953  0.99999999999999878 18.876051524274505 40.39590513239181 -2801.8147925424005  1.0000000000012939 18.155408627038643 40.411378647172114 202.20448303265701  0.99999999999944444 18.295660490393079 40.574799427130671 -168.26052412089265  1.0000000000005564 16.158839125501249 26.042469829820877 2944.7434099975144  1.0000000000550189 18.204796054383944 40.402071684119115 7.3855604535874084  0.99999999999992684 11.278313893812221 -37.971295640221385 -2382.4784936307983  1.000000000070054 21.837004308815629 79.46326114604318 -230.79105290417775  0.99999999994898148 17.948642629393593 40.986890367943936 2843.7727766044973  1.0000000000320299 18.206132783030981 40.380291382403257 -8.2937049918294932  0.9999999999999698 18.882195514663611 40.360946098356557 -2861.1040509358695  1.0000000000234925 18.22875585797442 40.491714190312891 2832.8322450455848  0.99999999974795206 18.223083917916153 40.493981537540783 -2869.4143327863194  1.0000000002520477 17.638028766629123 40.549538560784924 2824.5446727204421  0.99999999993998601 18.210357711724527 40.379412047340303 -28.294107026933215  1.000000000000077 18.768782347640261 40.183301544949067 -2880.1854054004848  0.99999999991906563 21.059265794173005 78.676701257081007 118.81677605308441  1.0000000000524496 12.01416899606755 -35.595593684111222 2496.7184077969005  0.99999999997597866 18.214957528012093 40.399119835217157 -44.082283641383718  1.0000000000000246 17.665751277718577 25.717080443723631 -2955.9947485922135  0.99999999998104128 18.225510042636461 40.494340675000913 2797.752506406322  0.99999999987907406 18.226287875577253 40.49138422365381 -2906.3490547731535  1.0000000001209264 17.727614860858289 40.544609602310004 2788.6324162801207  1.0000000000019027 18.216986145040696 40.376491310322216 -64.294121110680067  0.99999999999999722 18.716707814174963 39.395047946928699 -2933.9286002087124  1.000000000003088 17.730665380823407 41.588570195058374 1228.008263227307  1.0000000000379674 19.206733607584816 38.284089521579332 -334.31310031364592  0.99999999986255794 14.734421554370218 47.910659090436511 -348.67564154808036  1.0000000005164749 26.027168306451017 22.498925771059294 741.46297758762819  0.99999999885600521 0.33471348466358686 77.506822173558348 -1865.4359273876714  1.0000000024655546 -488.61297181987902 1150.9539612858555 -23695.329852814088  0.99998994254660267 18.218861751482819 30.924905727300548 -91.661048553679322  1 
17.698993458065885 37.334159572130062 91.705567760779729  1 18.001217959264054 36.708093479192655 80.480469085196134  1.3589721411044531 18.155017241349306 36.146253636294581 11684.030632496109  0.99998281086442875 18.12369092218194 36.154003147638996 83.713116375939862  1.0000000011804278 18.117313514131347 36.155573669347596 -2975.4676481289653  0.99999910007144377 18.141545685176819 37.010166661051613 2203.3946632156717  1.0000000002952074 18.180325328806962 36.335816441240972 -1967.518087230485  0.99999999971740061 17.976506117761243 37.405028675449131 -453.60556069838128  1.0000000001240825 18.297160591158388 36.314201598233907 2913.8625900855459  1.0000000000211424 17.821801151214512 37.122263508331365 -2786.0310956045773  0.99999999997894984 18.394421404982758 36.314865506089831 249.9964280808058  1.0000000000008538 17.824055899410787 37.414491164411999 -154.2980579640743  0.99999999999912925 18.312006276623954 36.562533451452211 -1301.7570849387262  1.0000000000735789 18.108987971453267 36.865269676594188 2937.4604499683874  0.99999999985341204 18.109180306002994 36.864687775979156 -2813.3971062744963  1.0000000001441289 18.283959388635544 36.490063013408459 2879.9192176466868  1.0000000000007598 18.056542550058388 36.722858523167609 27.705947826994944  0.99999999999999878 17.873379147947556 37.591789604820399 -2801.8160449694578  1.0000000000012939 18.131109897153383 36.681309321045916 202.2044405248194  0.99999999999944444 18.087261676869751 37.046896211366523 -168.26079420353315  1.0000000000005564 18.94669024690366 27.926579504628702 2944.746872652066  1.0000000000550189 18.054210078537178 36.740647901565254 7.3853616031146476  0.99999999999992684 21.77307998058264 -5.8030647583329094 -2382.4653753641146  1.000000000070054 16.268405472009192 58.251633270341102 -230.79802730349348  0.99999999994898148 18.127785463889843 36.743561524685575 2843.7729846253123  1.0000000000320299 18.054347550554095 36.733187874398254 -8.2939052816223402  0.9999999999999698 17.872361998843019 37.681515766997116 -2861.1053118261557  1.0000000000234925 18.10819286344563 36.864794753267098 2832.8320835467134  0.99999999974795206 18.109961257041228 36.865159860150293 -2869.4144850956463  1.0000000002520477 18.208008976353181 35.985290250452252 2824.5453642349471  0.99999999993998601 18.053206227182638 36.738812260685165 -28.294313948253674  1.000000000000077 17.902157568972942 37.475242878214104 -2880.186488840231  0.99999999991906563 16.838546407374224 60.264073537424956 118.8114820640739  1.0000000000524496 20.858043163226284 -10.561904973801271 2496.729455582356  0.99999999997597866 18.051652356091285 36.75562290279364 -44.082498201708304  1.0000000000000246 18.413812145201106 28.632689724323615 -2955.9938114726629  0.99999999998104128 18.109185859728186 36.866091314720784 2797.7523501545229  0.99999999987907406 18.108982052796936 36.863863733995046 -2906.3492122608886  1.0000000001209264 18.185763556053132 35.994921405328284 2788.6329692080176  1.0000000000019027 18.051408932788156 36.747808625188227 -64.294338438746962  0.99999999999999722 17.92460044062048 36.980363598808076 -2933.9295902755134  1.000000000003088 18.234178214575131 36.982409254931639 1228.008872182633  1.0000000000379674 17.954729537134181 36.260299583795359 -334.31465923206747  0.99999999986255794 18.247499357440653 38.698703272920312 -348.67131674187738  1.0000000005164749 17.867153528252732 30.987875151183705 741.45288926574153  0.99999999885600521 18.794509819055076 48.291179547102232 -1865.4131385168396  1.0000000024655546 39.234707089276789 368.99918284118053 -23694.675120334326  0.99998994254660267 17.496159362715389 39.228289596626894 -91.661917005821877  1 
17.848605223361353 36.647395431097266 91.705750971227573  1 18.073246936788234 35.956221322235791 80.480555891764453  1.3589721411044531 18.102207024475717 35.356214120752718 11684.030564450273  0.99998281086442875 18.134377447862203 35.355724292263744 83.713126975590043  1.0000000011804278 18.136152155270828 35.356402555608113 -2975.4676273946584  0.99999910007144377 17.827069799770491 37.283688224611083 2203.3942742328436  1.0000000002952074 18.689763646815258 34.707595578625252 -1967.5174610280883  0.99999999971740061 17.363184721746652 37.375998763139464 -453.60632119482057  1.0000000001240825 18.97988739817777 34.765902653426238 2913.8634313945195  1.0000000000211424 17.233708559937508 36.905498228852267 -2786.031825443768  0.99999999997894984 17.494695699218134 35.499432254107468 249.99530988784511  1.0000000000008538 18.709350166045354 36.614180422232444 -154.29696302620692  0.99999999999912925 17.899375715105535 35.737088694048772 -1301.757599259819  1.0000000000735789 18.102642654494634 36.057405318170026 2937.4604394180133  0.99999999985341204 18.102073450404514 36.056815111765374 -2813.3971177650915  1.0000000001441289 18.945389275886622 34.888234532277842 2879.9200323744017  1.0000000000007598 18.09596872003517 35.848953854513013 27.705993807278478  0.99999999999999878 17.472779736186393 37.190426681817804 -2801.8165429685391  1.0000000000012939 18.096573454558733 35.919975615624637 202.20439517901244  0.99999999999944444 18.107959229509881 36.192822074816995 -168.26077137704576  1.0000000000005564 19.288109106227239 30.236343991652927 2944.7473036128931  1.0000000000550189 18.09073591612982 35.864760141733861 7.3854039809591967  0.99999999999992684 20.740940312930572 13.796112361452529 -2382.4665899670099  1.000000000070054 16.668858769976538 47.454924498760093 -230.79756665448221  0.99999999994898148 18.331990357946964 35.513736404245492 2843.7732337193311  1.0000000000320299 18.088499102767571 35.865424119135525 -8.2938658204724174  0.9999999999999698 17.468321355583786 37.347818298376339 -2861.105813865347  1.0000000000234925 18.103778825237807 36.056457932108003 2832.8320754003557  0.99999999974795206 18.100960782665283 36.057756809651522 -2869.4144989435754  1.0000000002520477 18.610647273859868 34.60414874770624 2824.5458588449892  0.99999999993998601 18.084617279465476 35.874675165436926 -28.294277872758336  1.000000000000077 17.571182228420867 37.133773292697732 -2880.1869003221695  0.99999999991906563 17.250170367809815 50.599286435182577 118.81196032296191  1.0000000000524496 20.338499970328972 5.8847699747701929 2496.7288660340132  0.99999999997597866 18.081332347714255 35.889524757885304 -44.082464278904546  1.0000000000000246 17.934424569580703 31.679383940360459 -2955.9943957121404  0.99999999998104128 18.102164019965588 36.05757357567478 2797.7523387622177  0.99999999987907406 18.102550238659116 36.056647088795636 -2906.3492229114254  1.0000000001209264 18.5220251430734 34.620870553827203 2788.6333815538569  1.0000000000019027 18.078534245464702 35.890366179560438 -64.294307654535189  0.99999999999999722 17.588093464033811 36.820512115339952 -2933.9300080038452  1.000000000003088 18.726952515075602 35.344476444018824 1228.0094777041045  1.0000000000379674 16.670132861973951 37.382655254496534 -334.31624821253092  0.99999999986255794 23.107601238192373 30.581788555290675 -348.6653178905417  1.0000000005164749 7.0465618245720441 46.292238589108344 741.43952416503225  0.99999999885600521 42.726931316114957 13.28940817349898 -1865.3835821325267  1.0000000024655546 729.83648413653009 -649.53322834301889 -23693.82613264133  0.99998994254660267 17.441788520824744 40.519864229056978 -91.661980128295951  1 
17.918504173685825 35.79006451490477 91.705834786932186  1 18.123678383589127 35.18253345958928 80.480615849123311  1.3589721411044531 18.01357699440506 34.560034283626543 11684.030451933153  0.99998281086442875 18.150264130947036 34.545505247042797 83.713143982809285  1.0000000011804278 18.167822156922011 34.543851797289477 -2975.4675908168656  0.99999910007144377 16.631386885573718 39.539753249424599 2203.3927993481734  1.0000000002952074 19.936500753778255 31.551785214347603 -1967.5159258304927  0.99999999971740061 16.077210922280564 38.475330698359521 -453.6079118855925  1.0000000001240825 20.352775264485864 32.491724668848811 2913.8651259622934  1.0000000000211424 16.215899948501544 37.198974802805978 -2786.0330863555932  0.99999999997894984 15.76092128668907 34.722629977085795 249.99315776229105  1.0000000000008538 20.46775206904795 35.794163105556514 -154.29478566734821  0.99999999999912925 17.006583378791444 34.904175635141783 -1301.758708915949  1.0000000000735789 18.116574683002714 35.258838735242954 2937.4604540416321  0.99999999985341204 18.114678920204788 35.258533706186839 -2813.3971047874238  1.0000000001441289 20.293477177505618 32.507061609541125 2879.9216958372526  1.0000000000007598 18.258624926711995 34.875250859537474 27.706192237927162  0.99999999999999878 16.859695517203203 37.117954392658397 -2801.8173033183612  1.0000000000012939 18.056996089113493 35.202483346115841 202.20434372919919  0.99999999999944444 18.173508515809761 35.313999131007861 -168.26069302541418  1.0000000000005564 18.395232173312905 35.216956285242098 2944.7462131496113  1.0000000000550189 18.250615590934281 34.88745081351923 7.3855989572669527  0.99999999999992684 10.366361585530388 51.236107296664791 -2382.4793281855732  1.000000000070054 21.650644364707304 27.987545370262104 -230.79145481200013  0.99999999994898148 18.792652015447889 33.828637254999578 2843.7737992601305  1.0000000000320299 18.241849113205671 34.903456084479828 -8.2936788887767481  0.9999999999999698 16.850494403837111 37.400906466572543 -2861.1065796740295  1.0000000000234925 18.120931483457493 35.257112615092304 2832.8320940132717  0.99999999974795206 18.110405309969902 35.26025526208214 -2869.4144898812347  1.0000000002520477 19.413458068600189 32.659544320054877 2824.546847722017  0.99999999993998601 18.233137993880145 34.919636776760591 -28.294096905459906  1.000000000000077 17.080698575981579 37.179497478855048 -2880.1875082836118  0.99999999991906563 21.555995328659126 32.827058189042248 118.81723973823267  1.0000000000524496 12.266953959473 38.203427356456878 2496.7189661293892  0.99999999997597866 18.228788604898568 34.930697887351499 -44.082284643901787  1.0000000000000246 15.811994340867688 38.237853257712736 -2955.9970053566803  0.99999999998104128 18.115303576229635 35.257743344404737 2797.7523523990812  0.99999999987907406 18.115945530669894 35.25964180793963 -2906.3492089503011  1.0000000001209264 19.194765611310643 32.688557581889633 2788.6342092154941  1.0000000000019027 18.219522068045872 34.948156522803828 -64.294135984008761  0.99999999999999722 17.02476456227873 37.220692860610285 -2933.9307050904458  1.000000000003088 20.026089037379652 32.415524625726391 1228.0110786467208  1.0000000000379674 13.000344400428135 42.237536662211582 -334.32078188384088  0.99999999986255794 37.511871342920543 8.1384905230306455 -348.64753403047115  1.0000000005164749 -24.93055436394912 93.397798789185302 741.40003542164584  0.99999999885600521 112.64877369894917 -89.193474474786555 -1865.2972334710792  1.0000000024655546 2759.0587138833962 -3665.4278278728125 -23691.316785440798  0.99998994254660267 17.464284967000061 40.571139944875299 -91.661952066810358  1 
17.917731080010334 34.838348350717219 91.705830669572407  1 18.093490552532426 34.443676313069531 80.480575969647788  1.3589721411044531 17.94370599863953 33.744374526024934 11684.030362581547  0.99998281086442875 18.162311946469327 33.719237434447038 83.713156177301002  1.0000000011804278 18.193544481463253 33.714753022378027 -2975.467561683663  0.99999910007144377 13.567956480491189 45.390255799389763 2203.3890207849026  1.0000000002952074 22.309637671048151 25.721272538195937 -1967.513003028798  0.99999999971740061 13.856616127014053 41.312406942737319 -453.61065554171375  1.0000000001240825 22.507798406349906 29.324382167201499 2913.8677872642297  1.0000000000211424 14.705136316110599 38.037515707557112 -2786.034956628921  0.99999999997894984 13.792921733676863 33.967246808941212 249.99071531317264  1.0000000000008538 22.472643554851931 34.945096100302457 -154.29230280469162  0.99999999999912925 15.954975744386731 34.080962053986646 -1301.7600154399479  1.0000000000735789 18.136820375291506 34.456237431647182 2937.4604764782994  0.99999999985341204 18.133496399313231 34.456626101638932 -2813.3970841188334  1.0000000001441289 22.427627071148549 29.169853794495552 2879.9243306900967  1.0000000000007598 18.55789024523142 33.736831179468751 27.706559490955879  0.99999999999999878 16.027977164407613 37.377933329534159 -2801.8183336318102  1.0000000000012939 18.02839811329671 34.472147405256237 202.20430584919723  0.99999999999944444 18.240918824520858 34.439868088518352 -168.26061235100332  1.0000000000005564 15.302775088785557 43.108202216918166 2944.7424052908409  1.0000000000550189 18.548559193723975 33.743745814776752 7.3859645540708536  0.99999999999992684 -14.788001080256935 108.56867361970174 -2382.5103244741758  1.000000000070054 33.890406505887626 -1.1269460883127278 -230.77637649177871  0.99999999994898148 19.536755069330614 31.536996679790267 2843.7747142016133  1.0000000000320299 18.527537185859554 33.783269821614695 -8.2933284084178194  0.9999999999999698 16.013648186309975 37.848229063082677 -2861.1076157152261  1.0000000000234925 18.14381815823797 34.453853242867844 2832.8321197235036  0.99999999974795206 18.126626663118909 34.459011345398359 -2869.4144724305729  1.0000000002520477 20.645919863029938 30.011842650651484 2824.5483669481096  0.99999999993998601 18.5117875246276 33.810206509447212 -28.293755115835751  1.000000000000077 16.427439245352062 37.625991877124093 -2880.1883167351057  0.99999999991906563 32.083131790225124 5.8261798715058788 118.8302017618128  1.0000000000524496 -8.0643579306971347 88.570683452742941 2496.6939263690383  0.99999999997597866 18.508250340931909 33.815448771433203 -44.081941866611729  1.0000000000000246 11.148804228875974 48.762574716934409 -2956.0027518960974  0.99999999998104128 18.135382430592266 34.453319644222503 2797.7523746254033  0.99999999987907406 18.134924659080074 34.459571023677427 -2906.3491880777437  1.0000000001209264 20.222114720295821 30.058650000175017 2788.6354742170142  1.0000000000019027 18.487214148408889 33.858680436621846 -64.29380771332039  0.99999999999999722 16.189865927521105 38.221999188988448 -2933.9317368646357  1.000000000003088 22.697576909816856 27.289569865162058 1228.0143737687597  1.0000000000379674 4.9657179063512302 53.854529277030721 -334.33070475726959  0.99999999986255794 68.98192475118924 -40.330185928501542 -348.60867793233336  1.0000000005164749 -94.799182819285974 198.25524075584653 741.31375944350282  0.99999999885600521 264.20043877274907 -314.22539792745738 -1865.1100847063751  1.0000000024655546 7177.5633048792415 -10306.61972036421 -23685.863110195922  0.99998994254660267 17.521200628460679 39.57693276966603 -91.661884802212299  1 
17.876592923311154 33.849861495811062 91.705776385224439  1 17.912236385027519 33.798755927636456 80.480349108682887  1.3589721411044531 17.919244364040768 32.907236420807173 11684.030329445706  0.99998281086442875 18.16588341099963 32.879533210252518 83.71315781814485  1.0000000011804278 18.203531340335289 32.872257629989797 -2975.4675521121103  0.99999910007144377 7.877236930103102 55.75817420781113 2203.3820000114847  1.0000000002952074 25.853292851993476 16.725527998745825 -1967.5086396398524  0.99999999971740061 10.83956889836483 45.948385418092549 -453.61438062335731  1.0000000001240825 25.09609122922777 25.570441302964181 2913.8709838055092  1.0000000000211424 12.913450752343824 39.131680031651193 -2786.0371743580877  0.99999999997894984 12.068768383420156 33.21961147950789 249.98857521207606  1.0000000000008538 24.223782032294523 34.067327379948566 -154.29013464214208  0.99999999999912925 15.010927462651869 33.276950839769817 -1301.7611885487511  1.0000000000735789 18.151843413520176 33.642995069184671 2937.460492407371  0.99999999985341204 18.147357011436704 33.644384664455806 -2813.3970696328784  1.0000000001441289 25.007736824491943 25.208303068381774 2879.927516373275  1.0000000000007598 18.928832564547942 32.438392184641408 27.707015078593365  0.99999999999999878 15.104102766599572 37.76685143796464 -2801.8194777755102  1.0000000000012939 18.015183883321924 33.697416421457675 202.20428689479786  0.99999999999944444 18.28329221390614 33.588467479426214 -168.26056264218633  1.0000000000005564 9.8957181120277564 52.408819417602572 2944.735732451014  1.0000000000550189 18.920776549180637 32.43936753543106 7.3864217027836574  0.99999999999992684 -53.878687043470023 176.213859426862 -2382.5585649006116  1.000000000070054 53.012020545064658 -35.169192779678816 -230.75278235170634  0.99999999994898148 20.427854117433295 28.749895344276631 2843.7758097457004  1.0000000000320299 18.882925075997008 32.506867031456864 -8.2928920321589032  0.9999999999999698 15.085586714549828 38.445487106174184 -2861.1087643480209  1.0000000000234925 18.159860159758196 33.640309400106695 2832.8321369107166  0.99999999974795206 18.139479445853386 33.647080299750449 -2869.4144591889594  1.0000000002520477 22.085357996620306 26.890256760142364 2824.5501412179701  0.99999999993998601 18.859118231069779 32.546767477203474 -28.293328685911828  1.000000000000077 15.707299172369551 38.24216222482849 -2880.1892075404608  0.99999999991906563 48.536278264181647 -26.28680293516436 118.850493927719  1.0000000000524496 -40.205906543849267 148.95459768066991 2496.6542774361983  0.99999999997597866 18.858946842924894 32.545128898848702 -44.081511286587165  1.0000000000000246 4.1564354648142636 61.452436410689423 -2956.0113789783018  0.99999999998104128 18.151095999639278 33.638025566775674 2797.7523914056997  0.99999999987907406 18.14808726067163 33.649392325976677 -2906.3491744522671  1.0000000001209264 21.411040113435654 26.957515425256556 2788.6369379708831  1.0000000000019027 18.822021364601646 32.619353463276269 -64.293396730108498  0.99999999999999722 15.1841885025301 39.510448104559842 -2933.9329794275154  1.000000000003088 26.995911537890411 19.615411696215869 1228.0196774273822  1.0000000000379674 -8.5296111473408729 73.893624585046894 -334.34736994497837  0.99999999986255794 121.32003155298001 -121.16095569183244 -348.54405670136191  1.0000000005164749 -210.97097945861591 374.90982731975913 741.17031436130605  0.99999999885600521 514.66674649161018 -691.53232540750651 -1864.8008054017305  1.0000000024655546 14508.120224811042 -21451.664188529547 -23676.816648457017  0.99998994254660267 17.581726466994663 37.945112578027477 -91.661815178020234  1 
17.666270963126724 30.090459458672235 91.705503148350417  1 16.748906896978532 31.536656690573619 80.478899295095943  1.3589721411044531 18.002909429607428 29.662638930807816 11684.03042229375  0.99998281086442875 18.146840233606497 29.65466048133921 83.713123504479711  1.0000000011804278 18.177417239449085 29.640180383216578 -2975.4675952764283  0.99999910007144377 -16.765241623590203 97.360857052096449 2203.35158710612  1.0000000002952074 38.338632196774164 -17.798531164491706 -1967.4932757199254  0.99999999971740061 1.4628836059004995 61.966192781283844 -453.62595229881424  1.0000000001240825 31.679959767472806 14.51170353980199 2913.879109810227  1.0000000000211424 8.312362704839785 40.611202235269403 -2786.0428738901041  0.99999999997894984 7.4182972135158352 30.382196165747054 249.98280010044562  1.0000000000008538 28.901260451002702 30.640915047362455 -154.28434683715648  0.99999999999912925 12.396993521569561 30.29872752995902 -1301.7644392079628  1.0000000000735789 18.168761633693606 30.509394405552452 2937.460502975056  0.99999999985341204 18.162532148011302 30.51381439387908 -2813.3970612027251  1.0000000001441289 31.631373211974669 13.616165320854501 2879.9356899103063  1.0000000000007598 19.850190335188707 27.730108842081957 27.708141758100734  0.99999999999999878 12.914278187206152 37.436245457405263 -2801.8221938596625  1.0000000000012939 18.028732238475854 30.531271598824997 202.2042931838885  0.99999999999944444 18.304121080849068 30.4870582770833 -168.26054711295916  1.0000000000005564 -10.230236691290941 72.864015534710603 2944.710848032053  1.0000000000550189 19.855737377973384 27.719112411837646 7.3875652077010781  0.99999999999992684 -186.79969321281541 337.65751317708094 -2382.7228255901982  1.000000000070054 118.37267048528851 -117.37018170303196 -230.67202052682217  0.99999999994898148 22.642816711073319 19.237932871689917 2843.778524309887  1.0000000000320299 19.76685714558203 27.856007794941348 -8.2918115627761146  0.9999999999999698 12.889674027494635 38.464785451343879 -2861.1114867880242  1.0000000000234925 18.173828847140896 30.507158086601574 2832.8321438226294  0.99999999974795206 18.157522226593713 30.516090604318155 -2869.4144472042854  1.0000000002520477 25.577997833482595 17.454669813026008 2824.554440101268  0.99999999993998601 19.723673265664686 27.929259698844831 -28.292272129629765  1.000000000000077 14.000822438745832 38.497581463080373 -2880.1913224599602  0.99999999991906563 104.84535734940546 -107.35410633812815 118.92003735016307  1.0000000000524496 -151.09841431381986 298.36786815073737 2496.5172879065317  0.99999999997597866 19.740795133271085 27.911369589808466 -44.080433343929577  1.0000000000000246 -18.99311041955535 91.913311832616088 -2956.0399788979807  0.99999999998104128 18.172144321673535 30.499586841240937 2797.752407073559  0.99999999987907406 18.15910871429837 30.523675331995793 -2906.349171151212  1.0000000001209264 24.245949604058595 17.573939404474839 2788.6404215692892  1.0000000000019027 19.656500507467634 28.064355397363123 -64.292377254729431  0.99999999999999722 12.500716345144141 41.492368376182178 -2933.9362998406355  1.000000000003088 43.470159432240678 -9.4035053407878451 1228.040006019316  1.0000000000379674 -62.193507331674297 153.65475286970792 -334.41363815268141  0.99999999986255794 326.95131544135188 -441.86483549925845 -348.29017778228501  1.0000000005164749 -667.09420590061484 1076.1216299826792 740.60713640273013  0.99999999885600521 1492.4937761475658 -2188.2985572799248 -1863.5934552880046  1.0000000024655546 43236.873823827395 -65657.856492469786 -23641.341726720544  0.99998994254660267 17.763810846401473 30.72559696764959 -91.661613390906183  1 
17.489002374554865 26.608460270229934 91.705271812045183  1 20.579430973081273 23.018379609788791 80.483620136536359  1.3589721411044531 18.555331445632895 26.326549003498574 11684.031096093511  0.99998281086442875 18.041147665017849 26.379822884164042 83.712981596326827  1.0000000011804278 17.945772543404569 26.420393647973498 -2975.4678931931212  0.99999910007144377 104.22547142565908 -140.42186002699344 2203.5007987498734  1.0000000002952074 -35.058636048550213 147.47807380244544 -1967.5837214646947  0.99999999971740061 62.008603329424702 -51.336311960077865 -453.55126529669906  1.0000000001240825 -17.562102267102031 67.701870022942529 2913.818235635621  1.0000000000211424 42.692531352499223 0.60813175530501518 -2786.0003818428713  0.99999999997894984 10.990343633754097 27.579420164313717 249.98721944793809  1.0000000000008538 25.071099445146043 26.948219805645714 -154.28910775653253  0.99999999999912925 14.142748516643817 27.580991462333341 -1301.7622838310945  1.0000000000735789 18.027271802055512 27.27048727137332 2937.4603168102949  0.99999999985341204 18.041727546343324 27.256921589975892 -2813.3972217931109  1.0000000001441289 -17.366154019728977 70.964530718261997 2879.8751328900153  1.0000000000007598 12.941281603801711 33.718656596058629 27.699595913210178  0.99999999999999878 30.884057549020518 11.492345769271299 -2801.8000007587298  1.0000000000012939 18.432831064744278 26.307749268152371 202.20478017009393  0.99999999999944444 17.63357628502245 28.225728040534282 -168.26138596513755  1.0000000000005564 83.636265795576392 -143.22580211899341 2944.8265071917422  1.0000000000550189 12.937376705104317 33.851606542375293 7.3790081222007489  0.99999999999992684 508.62440281225003 -1078.4359419822779 -2381.8653333519801  1.000000000070054 -221.08505073993518 571.35822143453265 -231.09059695498934  0.99999999994898148 5.85981616734799 44.368459852966218 2843.7577999617324  1.0000000000320299 13.156556192530298 33.429447381203566 -8.299988568895678  0.9999999999999698 30.915966923260239 6.6386032249798088 -2861.0892433391359  1.0000000000234925 18.009208847849088 27.274544734486458 2832.8319289895444  0.99999999974795206 18.059529643490233 27.25277180822189 -2869.414579521258  1.0000000002520477 -1.8064707240746425 58.100390972039008 2824.5206235298301  0.99999999993998601 13.267869965635427 33.253851135083615 -28.300258414341851  1.000000000000077 27.991241962784155 8.0725506282945432 -2880.1740776373372  0.99999999991906563 -187.43050415684561 517.57146251920221 118.55974530459727  1.0000000000524496 419.1723115693124 -934.55292469649362 2497.2202221243097  0.99999999997597866 13.232985326095974 33.384789842357215 -44.088483612746238  1.0000000000000246 106.49716587375163 -180.62618310435653 -2955.885299418559  0.99999999998104128 18.020157528143891 27.301018559941632 2797.7522080178883  0.99999999987907406 18.048909936673269 27.226280425792712 -2906.3493187162003  1.0000000001209264 1.6454380484043207 57.865108019542426 2788.6125348511951  1.0000000000019027 13.440436899140641 32.929955169056868 -64.300067831242387  0.99999999999999722 31.604909818128885 -2.1367208980238996 -2933.9127592581972  1.000000000003088 -45.60464505120467 129.97900202131254 1227.9300329900634  1.0000000000379674 220.05239369378671 -287.97382539267539 -334.06517303288092  0.99999999986255794 -763.24910090062315 1233.3217548846696 -349.63625769521093  1.0000000005164749 1752.8191393900941 -2650.6268111155764 743.59499671989226  0.99999999885600521 -3718.2278635559164 5704.4325216828192 -1870.0275568144527  1.0000000024655546 -109398.55003501484 168110.10571454166 -23829.808863875223  0.99998994254660267 17.689655903647374 23.392997242562693 -91.661729666760564  1 
17.738588744461229 24.619527631351591 91.705574649753814  1 15.493972657155298 27.872847323574124 80.477331256699927  1.3589721411044531 18.985695339047567 23.888426686798184 11684.03162172663  0.99998281086442875 17.973087484235489 24.04809097885909 83.712889475408844  1.0000000011804278 17.821554638391508 24.048740831911573 -2975.4680550046924  0.99999910007144377 -38.312558726035256 135.25814752402525 2203.3249986883488  1.0000000002952074 48.510347888813953 -48.444654594431121 -1967.4807667840839  0.99999999971740061 4.2160453653404364 58.033540090910108 -453.62255180354327  1.0000000001240825 15.906837536359696 28.499884240838259 2913.8596005892941  1.0000000000211424 21.580926601156357 19.79735438739878 -2786.0264924964313  0.99999999997894984 19.841603814071977 25.278129957330513 249.99818567490337  1.0000000000008538 15.878595487338302 24.466012977342444 -154.30051293739194  0.99999999999912925 18.904783340366809 25.538184666366874 -1301.7563865982763  1.0000000000735789 17.85481347654785 24.872298649808041 2937.4600950287513  0.99999999985341204 17.863184561195837 24.871430479301541 -2813.3974510636058  1.0000000001441289 15.973845306950286 29.227330279747729 2879.9163294590435  1.0000000000007598 18.778635831605659 24.091123475749676 27.706801157733679  0.99999999999999878 19.76168551758359 22.054448009383893 -2801.8137553901965  1.0000000000012939 18.407795330029312 23.868092226632317 202.20474103274123  0.99999999999944444 17.315422144121456 25.865477856065887 -168.26178824891917  1.0000000000005564 31.021237544290624 -17.901016217172096 2944.7616906610283  1.0000000000550189 18.76594287726229 24.141047483119731 7.3862021955195702  0.99999999999992684 90.942618188902443 -218.81752685884476 -2382.380325431463  1.000000000070054 -19.424256940481794 147.45435513021457 -230.84198327827627  0.99999999994898148 19.367913390137499 23.30368428999698 2843.7744775319657  1.0000000000320299 18.789067549921239 24.063883641802438 -8.2930364208538148  0.9999999999999698 19.684663678031718 20.986915329209449 -2861.1031203371308  1.0000000000234925 17.814814710553762 24.87888235278227 2832.8316800191105  0.99999999974795206 17.902506694073619 24.864861813686481 -2869.4147821179167  1.0000000002520477 18.301851343399093 26.635512769209051 2824.5454495506251  0.99999999993998601 18.793392259548483 24.045334718559459 -28.293438390897659  1.000000000000077 19.226564718157015 21.380032236728514 -2880.1849002197155  0.99999999991906563 -14.961817544407737 137.43461178726312 118.77231182903947  1.0000000000524496 82.158902073215856 -196.85173300856016 2496.8048385822085  0.99999999997597866 18.77805240163287 24.091548370306011 -44.08163963874005  1.0000000000000246 31.106663368484483 -21.08447739604069 -2955.9782397683803  0.99999999998104128 17.85769731810198 24.880268519688926 2797.7519985587928  0.99999999987907406 17.860372052754045 24.863360040746095 -2906.3495603051097  1.0000000001209264 18.838912264089132 26.608580711241249 2788.6337478156761  1.0000000000019027 18.796642899529132 24.010394891636544 -64.2934567687103  0.99999999999999722 19.692077828668911 19.142140245473225 -2933.9274581663294  1.000000000003088 56.723214326072494 -36.33291456039538 1228.0563479099669  1.0000000000379674 -120.83867735069609 247.57129102654838 -334.4860352110918  0.99999999986255794 543.75915600312067 -816.76088493514339 -348.02262193077479  1.0000000005164749 -1147.7156057350335 1887.6447938073443 740.01395151272459  0.99999999885600521 2517.7717245163444 -3919.0328094991482 -1862.328051625982  1.0000000024655546 73422.711009383624 -116785.47163950677 -23604.086361946094  0.99998994254660267 17.383944475065707 23.628165209997849 -91.662107909713043  1 
18.130556257282549 22.574568549612707 91.706053826865315  1 19.125363729326065 21.016441938377607 80.481810727672865  1.3589721411044531 18.249104379956396 21.88655323674482 11684.030701971235  0.99998281086442875 18.137685758825093 21.902218038011508 83.713086423279705  1.0000000011804278 18.097783082972676 21.91256339735342 -2975.467719533644  0.99999910007144377 31.415671495320659 2.6398169194522296 2203.4110063793387  1.0000000002952074 13.628952076338695 30.688404649349444 -1967.5237486837336  0.99999999971740061 12.636949957832444 26.804681160495225 -453.61221595933569  1.0000000001240825 31.979362235849081 7.7500779266778288 2913.8794585710148  1.0000000000211424 8.34499969109965 32.109210117231662 -2786.0428616476279  0.99999999997894984 24.859359002108498 23.0588668055514 250.00439936608774  1.0000000000008538 10.997634782086154 22.45878114006597 -154.30657105798525  0.99999999999912925 21.781888630711425 23.062141643056925 -1301.7528277546423  1.0000000000735789 17.925802842881836 22.756736435212211 2937.4601760167511  0.99999999985341204 17.923674818933439 22.76055843543763 -2813.3973830701639  1.0000000001441289 31.907781010206303 7.0091527035206749 2879.9360106816212  1.0000000000007598 20.014387420202279 20.086791977641756 27.708319961800342  0.99999999999999878 12.469667568312198 29.418632184435801 -2801.8227716950018  1.0000000000012939 17.98680098114518 22.54056255543971 202.2042146738481  0.99999999999944444 17.865376923362689 22.969077356707526 -168.26111602361073  1.0000000000005564 -2.7449343044653487 58.288601962853257 2944.720079990358  1.0000000000550189 20.005684442470098 20.083800415309412 7.3877257706897286  0.99999999999992684 -150.80090167207575 289.60854145273026 -2382.6783534774086  1.000000000070054 99.352774750224057 -105.66300357878708 -230.69556268935753  0.99999999994898148 23.73336598182734 12.846492330481746 2843.7798551660894  1.0000000000320299 19.923034932791012 20.207222601529335 -8.2916433196075001  0.9999999999999698 12.44440875468897 30.515051116379215 -2861.1120652191244  1.0000000000234925 17.900329943550677 22.756813801680828 2832.8317790182728  0.99999999974795206 17.948965047998023 22.760537384217965 -2869.4147315231467  1.0000000002520477 26.408728279677963 10.296273574497828 2824.5554462917567  0.99999999993998601 19.875241775186701 20.277348348582386 -28.292109611462713  1.000000000000077 13.466976066947458 30.336350450280914 -2880.1920113926381  0.99999999991906563 87.690279778860841 -93.297727004022235 118.8988149859465  1.0000000000524496 -117.20449376603182 247.38714229192951 2496.5591406593126  0.99999999997597866 19.879448360288489 20.268589162397237 -44.080286807925624  1.0000000000000246 -13.304458540940205 75.421757097401397 -2956.032980789545  0.99999999998104128 17.918210215019968 22.74889768031737 2797.7520665231555  0.99999999987907406 17.931573371665305 22.768424339745891 -2906.3494789969859  1.0000000001209264 25.177224794910224 10.40825634077391 2788.6415523892042  1.0000000000019027 19.799055368021161 20.405735641030496 -64.292225934008215  0.99999999999999722 12.215050320507581 32.838931220329009 -2933.9366827334647  1.000000000003088 11.227315951173654 35.589047486473874 1228.0001804117351  1.0000000000379674 50.123228577710321 -37.245042453663899 -334.27502055549877  0.99999999986255794 -93.212704076478218 237.18451584839909 -348.80884675734745  1.0000000005164749 262.57398156702681 -453.05705598166412 741.75467117149981  0.99999999885600521 -497.3719823594264 1022.4807012207247 -1866.0498503091464  1.0000000024655546 -15319.69164092666 29748.030859669139 -23713.629054457873  0.99998994254660267 17.404036648248688 28.310872506055702 -91.66206745661826  1 
16.856599097179771 19.446872426024001 91.70446398306305  1 17.896261631058831 19.922771056218107 80.480283246729911  1.3589721411044531 16.379508216038218 19.923948281473134 11684.028376902488  0.99998281086442875 18.604774717778668 19.609526536495853 83.71365791433432  1.0000000011804278 18.948853892745639 19.569166320093039 -2975.4666724138929  0.99999910007144377 22.102838208701929 10.252936122999943 2203.3994855228184  1.0000000002952074 14.402890810659045 29.584996694938255 -1967.5227928119104  0.99999999971740061 21.199599172496573 17.219299523344414 -453.60163172976758  1.0000000001240825 17.838221262288403 20.13348187697461 2913.861967367824  1.0000000000211424 16.182737046114575 22.877043057823641 -2786.0331749964439  0.99999999997894984 10.180830968915732 21.200385045460511 249.98619463644204  1.0000000000008538 27.190264258273686 20.675491099123761 -154.28650122047702  0.99999999999912925 13.504218647811221 19.913715077630791 -1301.7631009476731  1.0000000000735789 18.698024998098166 20.939200524346283 2937.4611274295617  0.99999999985341204 18.68237797650588 20.936351355803382 -2813.3964485161582  1.0000000001441289 17.77820334040134 20.344249804797549 2879.9185370139103  1.0000000000007598 17.000633468831634 21.522103062205431 27.704588248971387  0.99999999999999878 16.792384691424061 23.403323258482523 -2801.817432291441  1.0000000000012939 17.59765848930104 22.219232421550913 202.20373114779605  0.99999999999944444 19.76920278667162 19.677185218618973 -168.25876657351876  1.0000000000005564 13.773493110002269 10.141598329381321 2944.7403998497894  1.0000000000550189 17.004313707988704 21.54942706946056 7.3840095113421915  0.99999999999992684 -1.5314079370556815 -28.545914261528619 -2382.4943439446079  1.000000000070054 29.793818283377089 46.794598381203834 -230.78129641368218  0.99999999994898148 16.70031678533109 18.687416307833654 2843.7711549068672  1.0000000000320299 16.998866349831786 21.545799233709637 -8.2952642847922036  0.9999999999999698 16.870506531012417 23.137195794229495 -2861.1066022098753  1.0000000000234925 18.741687086580573 20.923208223741486 2832.8328160548185  0.99999999974795206 18.640380272978163 20.952343975550502 -2869.4138803035707  1.0000000002520477 16.983345988931074 19.793381243184967 2824.5437921468224  0.99999999993998601 16.998628779875933 21.558002807204787 -28.295671809110161  1.000000000000077 17.041046574379617 23.304574859396478 -2880.1876034866818  0.99999999991906563 28.662974334413509 42.493557925927973 118.82608310403715  1.0000000000524496 0.38789931012600531 -24.55689552314583 2496.7040300788062  0.99999999997597866 17.003529698506377 21.579828634787948 -44.083848043211837  1.0000000000000246 13.995447393109462 14.877780257689968 -2955.9993350543818  0.99999999998104128 18.658595750697028 20.935181537375279 2797.7529784482649  0.99999999987907406 18.722759733902119 20.940672750776201 -2906.3485041530002  1.0000000001209264 16.763413915081085 19.837647099792765 2788.6311521303583  1.0000000000019027 17.000163996483057 21.579683525649081 -64.295692125816444  0.99999999999999722 16.985126738467141 22.88858881127134 -2933.9308018241454  1.000000000003088 16.831543911955073 23.758775026990072 1228.0070893161326  1.0000000000379674 27.621460393573336 8.0696706240407661 -334.30276797370431  0.99999999986255794 -25.571792662978144 74.113036906911617 -348.72552647262398  1.0000000005164749 119.13722589944769 -102.15470337967022 741.57800227884775  0.99999999885600521 -201.26301059532943 281.37447828447921 -1865.6851928455962  1.0000000024655546 -6272.6875295296677 7637.0509791125851 -23702.48167809032  0.99998994254660267 18.429067466516951 16.453151134387504 -91.660835972460447  1 
19.143664387094027 17.550721526184144 91.707293211734751  1 18.154719621881974 17.685043983775177 80.4805962577869  1.3589721411044531 20.684516418764655 16.449637491236235 11684.033703372221  0.99998281086442875 18.014689059993405 16.842681421641675 83.712917137666054  1.0000000011804278 17.657200464352233 16.884972920499528 -2975.4682824982337  0.99999910007144377 15.018436837429061 22.824166883654975 2203.3907441052825  1.0000000002952074 19.229263763092739 15.451384221066556 -1967.5168560956579  0.99999999971740061 20.213363286882053 16.373891794075249 -453.60285720377362  1.0000000001240825 13.385461135066198 21.799400739848995 2913.8564523211298  1.0000000000211424 21.746701226863372 15.070076762194354 -2786.0263026528714  0.99999999997894984 23.026389106901771 17.653287952122355 250.00210889103354  1.0000000000008538 13.385808773222871 17.484535701549582 -154.30362668834871  0.99999999999912925 19.992244586879227 18.343610878324121 -1301.7550622336571  1.0000000000735789 18.194631246465054 17.568792852391606 2937.4604920953766  0.99999999985341204 18.212191664595132 17.568975033155901 -2813.3970425986222  1.0000000001441289 13.404240088704828 22.467306244489691 2879.9131211958356  1.0000000000007598 17.618634973805865 18.389978070375097 27.705344056341463  0.99999999999999878 20.670511187529037 17.112385261584304 -2801.8126450306427  1.0000000000012939 19.484758493028306 15.366819426236138 202.20604804285327  0.99999999999944444 16.940015512494291 19.741566054994667 -168.26227400643003  1.0000000000005564 21.239009517354102 -19.528219215227114 2944.7495571760687  1.0000000000550189 17.630448959842408 18.438239637047886 7.3847754725052184  0.99999999999992684 56.549517895458443 -197.31333268867428 -2382.4228949016624  1.000000000070054 0.36517675650405118 125.06851915466467 -230.8175224797377  0.99999999994898148 15.544892015226822 17.370883712410063 2843.7697180287937  1.0000000000320299 17.656238010819308 18.372467354846592 -8.2944598027396452  0.9999999999999698 20.693703490949723 16.212950416835184 -2861.1018851650215  1.0000000000234925 18.134612542313185 17.582962521122397 2832.8320522968202  0.99999999974795206 18.272239057936815 17.554692987023671 -2869.4143479899999  1.0000000002520477 14.877123454187457 20.130231381133449 2824.5411819546998  0.99999999993998601 17.676364215848082 18.359774073007532 -28.294842162525025  1.000000000000077 20.444062133464275 16.522460029036431 -2880.1834068891676  0.99999999991906563 2.5792660253242912 115.472430179566 118.79398651809741  1.0000000000524496 47.225581799115183 -177.27009573919804 2496.7615929586027  0.99999999997597866 17.682778556714798 18.403464453340817 -44.083016447707507  1.0000000000000246 26.471760910029701 -20.986709133126105 -2955.9839858406694  0.99999999998104128 18.20632504641581 17.577597155801023 2797.7524065641014  0.99999999987907406 18.20200518349041 17.559752655058002 -2906.349160999609  1.0000000001209264 15.199693608349152 20.119136133348842 2788.6292143490832  1.0000000000019027 17.710141180138493 18.335395737303482 -64.294822658508465  0.99999999999999722 20.805339491932223 14.542436956834115 -2933.9260931952504  1.000000000003088 18.926742916931087 16.204367072551523 1228.0096618738426  1.0000000000379674 11.770293113003039 26.919826768450335 -334.32235776652294  0.99999999986255794 40.289430412532887 -13.491791521793202 -348.64416214160275  1.0000000005164749 -31.212857042774463 83.383604153145114 741.39221324109769  0.99999999885600521 121.92281273655031 -120.95857753568637 -1865.2858406762605  1.0000000024655546 3092.0350937882272 -4140.5830175734964 -23690.906252471828  0.99998994254660267 17.595831065084383 19.379493868239425 -91.661859312841955  1 
15.072858404197412 14.722992047623814 91.702236807620537  1 16.625041056466678 14.892314203560371 80.478690480363753  1.3589721411044531 14.755193053045836 15.080311464611926 11684.026347304389  0.99998281086442875 16.756950212495095 14.794842630501575 83.711350985781564  1.0000000011804278 16.973967483678631 14.774095199023222 -2975.4691366668321  0.99999910007144377 16.191269058227292 19.001104378137526 2203.3921855061485  1.0000000002952074 19.454599099998816 11.107180161203642 -1967.516591145044  0.99999999971740061 16.646696803405501 18.565076723725191 -453.60727191217433  1.0000000001240825 15.898914079982069 15.690594355118368 2913.859548245503  1.0000000000211424 20.416110507870933 13.17341172519094 -2786.0279586261972  0.99999999997894984 14.737880475824502 16.271040987019628 249.99182814286266  1.0000000000008538 19.492571313928771 15.797037065431482 -154.2960610756937  0.99999999999912925 16.509046408031317 15.611653356278001 -1301.759389810582  1.0000000000735789 17.123030382823011 16.035489056130505 2937.4591584503169  0.99999999985341204 17.110102819948452 16.032322277063081 -2813.3984141010392  1.0000000001441289 15.973361216932458 16.204991769339475 2879.9162856228863  1.0000000000007598 18.185697493533056 14.414506393189216 27.706033909976654  0.99999999999999878 20.030982669068642 14.698719832335895 -2801.8134459383914  1.0000000000012939 15.866328075348029 17.042925497971794 202.20156744817325  0.99999999999944444 18.347356995949326 15.04434819611385 -168.26054476535691  1.0000000000005564 16.497766823607193 -15.339254871563751 2944.7436928506672  1.0000000000550189 18.198541570946411 14.459678211719906 7.3854665929944892  0.99999999999992684 20.61094435758941 -146.49511254034059 -2382.4672831651733  1.000000000070054 15.6192888719922 99.012845188360842 -230.79869679078971  0.99999999994898148 16.617203857686668 12.541774954380266 2843.7710314634287  1.0000000000320299 18.208505207491235 14.417139750503685 -8.2937882256124809  0.9999999999999698 19.9815983891624 14.072726657027493 -2861.1027751402112  1.0000000000234925 17.127413295762199 16.025337669860765 2832.8307984024459  0.99999999974795206 17.105301224295218 16.042655373801534 -2869.4157997971865  1.0000000002520477 16.529086419804965 14.494433154083405 2824.5432113622824  0.99999999993998601 18.220581007454118 14.416419332991302 -28.294180526608784  1.000000000000077 19.892312371161683 14.286613300440024 -2880.1840983914476  0.99999999991906563 15.689781569610291 93.25754071216582 118.8101673181753  1.0000000000524496 17.194914847845251 -136.72699055476792 2496.7244952577412  0.99999999997597866 18.229627561043213 14.45700781789153 -44.082351558655652  1.0000000000000246 19.963098352731215 -14.439777704595315 -2955.9920336081404  0.99999999998104128 17.076621989915271 16.037400043385066 2797.7510008316267  0.99999999987907406 17.155876958899139 16.030819795553594 -2906.350463067376  1.0000000001209264 16.691109921383692 14.494725085299399 2788.6310447612932  1.0000000000019027 18.241023429942285 14.413904637990255 -64.294177482323477  0.99999999999999722 19.923397511643341 12.782151565873756 -2933.9271924655504  1.000000000003088 16.289276926500673 17.837878341927329 1228.0063973562469  1.0000000000379674 15.84407435313687 14.524203555569928 -334.31734826298174  0.99999999986255794 29.859010023900975 11.083609804479368 -348.65701205932413  1.0000000005164749 -13.801821208424538 24.609266269445559 741.41360398742972  0.99999999885600521 86.41988072499619 -7.8588867869629837 -1865.3294809916858  1.0000000024655546 1909.8843137528859 -553.06154934339156 -23692.364420783993  0.99998994254660267 16.815886488282796 15.226067279030502 -91.662840080261404  1 
17.144225955557371 11.873792084279575 91.704795449150765  1 17.030036144395776 12.080539733142242 80.479183263923858  1.3589721411044531 16.839930512906832 11.613936758957085 11684.028920562634  0.99998281086442875 17.049895099966591 11.57075945799005 83.711703480068437  1.0000000011804278 17.141884959971112 11.55115939162722 -2975.4689391670277  0.99999910007144377 17.168524612952623 12.175789263859196 2203.3933744436122  1.0000000002952074 16.629590841115792 13.331141652812686 -1967.520086214671  0.99999999971740061 17.018226863998976 13.299965000814597 -453.60682877292106  1.0000000001240825 17.925122537233523 10.662489362148406 2913.8620436720394  1.0000000000211424 15.487548356939795 14.758553728414412 -2786.0340638421867  0.99999999997894984 17.888952094578269 12.621503736215402 249.99572275378506  1.0000000000008538 16.440279425753776 12.616616466049289 -154.29985588823513  0.99999999999912925 17.233516184530703 12.572899482138649 -1301.7585016855658  1.0000000000735789 17.16232884696603 12.619004155899614 2937.4591958179649  0.99999999985341204 17.166081861023326 12.619109206447819 -2813.3983560117822  1.0000000001441289 18.009388616357761 10.873435325017031 2879.9187922061556  1.0000000000007598 16.690957491660576 12.735994436193868 27.704175147906156  0.99999999999999878 16.35643311606302 15.279790351142243 -2801.8179997494562  1.0000000000012939 17.635071245587927 12.665172569543236 202.20374581940985  0.99999999999944444 16.701805352166762 12.575134799028383 -168.26259312872051  1.0000000000005564 8.0241924243131297 0.55540004161580492 2944.7332400018759  1.0000000000550189 16.701884440889518 12.768246265058169 7.3836054111648535  0.99999999999992684 -32.426748105626785 -37.409998665900652 -2382.5326776609922  1.000000000070054 42.436456954007589 39.080941212436535 -230.76564756959542  0.99999999994898148 16.19150765495516 9.7036878867708758 2843.7704942630689  1.0000000000320299 16.68736586428172 12.76798260548397 -8.2956796203743526  0.9999999999999698 16.291780705292847 15.119180012113453 -2861.1073463316493  1.0000000000234925 17.162179040794811 12.61745213911713 2832.830830189499  0.99999999974795206 17.166330283752764 12.6206816422429 -2869.4157354862486  1.0000000002520477 16.891500047443859 10.352471994106109 2824.5436469381966  0.99999999993998601 16.685574890607672 12.784998219660487 -28.296089054640525  1.000000000000077 16.492732583445008 15.199308696588425 -2880.1883101959552  0.99999999991906563 40.093937167047784 37.558518426485477 118.84023892452767  1.0000000000524496 -28.041824113058578 -39.859326668440907 2496.6687318882941  0.99999999997597866 16.696884483328919 12.812151685380801 -44.084257325540207  1.0000000000000246 8.0452352202655231 5.6690973281933452 -2956.0067427364238  0.99999999998104128 17.169014341475552 12.617824447645196 2797.7511040367772  0.99999999987907406 17.159547128762725 12.62033637792236 -2906.3504698432839  1.0000000001209264 16.699079915636066 10.387253951691179 2788.631041015557  1.0000000000019027 16.683794832630827 12.815151446888482 -64.296113453551001  0.99999999999999722 16.087055869404882 14.728137162494429 -2933.9319423270658  1.000000000003088 17.438753291832331 12.302466819747803 1228.0078041266615  1.0000000000379674 17.797006969495115 10.55522479797512 -334.31494023082666  0.99999999986255794 11.667678333251974 22.704871169395421 -348.67952703520325  1.0000000005164749 29.530135648886525 -13.72355801724793 741.46719959693758  0.99999999885600521 -10.889608178111779 67.55108467725853 -1865.4498747758573  1.0000000024655546 -756.59226504532228 1576.9105465259952 -23695.667468169802  0.99998994254660267 16.583619432710144 12.542330911761097 -91.66313695453394  1 
16.935763726543346 11.497003499389454 91.704535745368972  1 16.739062267592423 11.79941972005623 80.478821579060451  1.3589721411044531 16.617916707464698 11.308784827014328 11684.028644278331  0.99998281086442875 16.655460050727086 11.311127898042734 83.711213594522349  1.0000000011804278 16.687820506414877 11.313936159902511 -2975.4695029066152  0.99999910007144377 17.263584000954861 11.108491484790811 2203.393488745236  1.0000000002952074 16.120898628212927 13.810481883951741 -1967.5207152936323  0.99999999971740061 16.43430064161079 13.206319290307945 -453.60755304306423  1.0000000001240825 18.18796320128471 9.942401856555465 2913.8623671494884  1.0000000000211424 14.64237432785175 15.072745354968548 -2786.0351106485423  0.99999999997894984 17.915627502218751 12.483677926174362 249.99575536873667  1.0000000000008538 15.726726970293667 12.513452073322298 -154.3007408988442  0.99999999999912925 17.228516413869642 12.252796105073086 -1301.7585089444458  1.0000000000735789 16.817431661404967 12.498199525573868 2937.4587678059825  0.99999999985341204 16.823693393985106 12.498930283629957 -2813.3987809021028  1.0000000001441289 18.272816196530012 10.104493162448746 2879.9191162530801  1.0000000000007598 16.39285736461883 12.539770342688698 27.703804909638993  0.99999999999999878 15.711993824271925 15.432958274475361 -2801.8187982225891  1.0000000000012939 17.549910347949961 12.440247346805139 202.20363948982185  0.99999999999944444 16.103859021165647 12.557123706487648 -168.26333452739448  1.0000000000005564 6.6442616941007273 3.2061539636273957 2944.7315379508423  1.0000000000550189 16.403440536240485 12.569834834271314 7.3832347394187625  0.99999999999992684 -40.764985410236307 -19.769112621171029 -2382.5429569232388  1.000000000070054 45.979996047078878 30.209053378495796 -230.76128370791793  0.99999999994898148 16.065321403373382 9.331130881109063 2843.7703365798429  1.0000000000320299 16.38507552023243 12.576303627741749 -8.2960550386215051  0.9999999999999698 15.646640848606195 15.346216447757053 -2861.1081454276391  1.0000000000234925 16.818142604233355 12.497861039468665 2832.830403256196  0.99999999974795206 16.823138059231326 12.499270369268716 -2869.416161384579  1.0000000002520477 16.887003767419355 9.7737056992355598 2824.5436394463941  0.99999999993998601 16.381091352334224 12.596072440246058 -28.296467182894251  1.000000000000077 15.893829210671335 15.405464375924694 -2880.1890520327847  0.99999999991906563 43.280792656713018 29.313083414547428 118.8441626445138  1.0000000000524496 -35.193921931236297 -24.050145603318857 2496.6599171311282  0.99999999997597866 16.392744420871182 12.620948065966072 -44.08463503550508  1.0000000000000246 6.1120002488442378 8.9894537359733935 -2956.0091285570511  0.99999999998104128 16.822829306370277 12.498251423364138 2797.7506744325055  0.99999999987907406 16.818521034559264 12.498878007585805 -2906.3508930490057  1.0000000001209264 16.637057985080187 9.8142199772354228 2788.6309622168519  1.0000000000019027 16.375809335596319 12.631302149851894 -64.296495906706156  0.99999999999999722 15.420295712644547 15.101837249539154 -2933.9327677434462  1.000000000003088 16.974963689099546 12.099225269514681 1228.0072284134028  1.0000000000379674 18.347957256568357 9.9939971178673197 -334.31425891808328  0.99999999986255794 8.0900366066529052 24.014033286609187 -348.68395866579311  1.0000000005164749 36.07274446478543 -17.614495006430722 741.47529911820106  0.99999999885600521 -25.807712198536848 75.043943103333504 -1865.46834733785  1.0000000024655546 -1191.3119006865504 1799.0025558050402 -23696.198340536648  0.99998994254660267 16.96884859690708 12.050239801714186 -91.662660977584054  1 
16.468460399858515 11.349224811483761 91.703955888391064  1 16.298386392826927 11.715638090063887 80.478274947427792  1.3589721411044531 16.158875327578322 11.285800173673422 11684.028075068067  0.99998281086442875 16.143463079880831 11.310300184019381 83.71057881374837  1.0000000011804278 16.135802809959849 11.328480546454124 -2975.4701872548408  0.99999910007144377 17.225552646374855 10.192774922864883 2203.3934385566417  1.0000000002952074 15.582817205534921 14.339781702948807 -1967.5213806568408  0.99999999971740061 15.637020027796565 13.377182000560975 -453.60854095462042  1.0000000001240825 18.34067913872456 9.3559208045333886 2913.862554550431  1.0000000000211424 13.773112824977998 15.4134943630491 -2786.0361872441113  0.99999999997894984 17.556319278523041 12.540047012056537 249.99531008256872  1.0000000000008538 15.112664567167654 12.574487141058174 -154.30150201585408  0.99999999999912925 16.930906201350822 12.190582328291026 -1301.7588781347938  1.0000000000735789 16.330165781001291 12.556689683793696 2937.4581638924806  0.99999999985341204 16.337450858718771 12.557838765240664 -2813.3993835624856  1.0000000001441289 18.425291649988452 9.4724716288058666 2879.9193031953901  1.0000000000007598 16.028196292910387 12.422936854528604 27.703352412076264  0.99999999999999878 15.029581998460017 15.62422553897197 -2801.819643647696  1.0000000000012939 17.17512409345704 12.470043299135821 202.20317492574949  0.99999999999944444 15.507002080560831 12.643975306152925 -168.26407422732768  1.0000000000005564 5.3028990253732431 5.7668933696447402 2944.7298834179387  1.0000000000550189 16.038441485213646 12.450828037220999 7.3827818156127671  0.99999999999992684 -48.41688866013277 -3.2430204334714889 -2382.5523889631095  1.000000000070054 48.933650160608671 22.199871817348168 -230.75764832700273  0.99999999994898148 15.860421774720013 9.0641960511060891 2843.7700816577089  1.0000000000320299 16.016575137955982 12.463484644793619 -8.2965122828684699  0.9999999999999698 14.965391766370011 15.60538462492735 -2861.1089891855117  1.0000000000234925 16.331750165396137 12.556844044783915 2832.8298004172602  0.99999999974795206 16.336040841572892 12.557680314062889 -2869.4167650964364  1.0000000002520477 16.790068019127286 9.3175707654383508 2824.5435177461727  0.99999999993998601 16.010589677652192 12.485695127906665 -28.296926900249805  1.000000000000077 15.255123581945361 15.645690206328016 -2880.1898431142481  0.99999999991906563 45.941108792931352 21.822604090453602 118.84743606862766  1.0000000000524496 -41.82535704597975 -9.0686226928698321 2496.6517451470345  0.99999999997597866 16.022562915740085 12.508304877881427 -44.085094363436021  1.0000000000000246 4.2541752546786427 12.163049861815876 -2956.0114213720176  0.99999999998104128 16.332347214594716 12.55754282621894 2797.7500665265843  0.99999999987907406 16.335513801951027 12.556967082646175 -2906.3514916935064  1.0000000001209264 16.48591863872004 9.3636187794496912 2788.6307733365302  1.0000000000019027 16.002125802659862 12.525433342169395 -64.296959553995976  0.99999999999999722 14.720051728725528 15.499809245532413 -2933.9336345920074  1.000000000003088 16.339028980216693 12.065658602913231 1228.0064398663981  1.0000000000379674 18.69812272541737 9.8717666396106054 -334.31382518898351  0.99999999986255794 5.0960823752929043 23.854317150993108 -348.68767111334239  1.0000000005164749 40.892341952509533 -17.230798956755976 741.48127574274758  0.99999999885600521 -37.24924016532897 73.671509109478663 -1865.4825371383833  1.0000000024655546 -1526.4491105173586 1770.2244048644084 -23696.614140477261  0.99998994254660267 17.111316395280994 11.68679315552979 -91.662485551170505  1 
15.955139844800154 11.371897691389863 91.703319544625316  1 15.830220732071254 11.75164176653459 80.477694631315742  1.3589721411044531 15.666095346178672 11.39029329478412 11684.027464464094  0.99998281086442875 15.663559358322216 11.420449962678813 83.709984190793762  1.0000000011804278 15.647430739082445 11.44184211200381 -2975.4707923669012  0.99999910007144377 16.978312120149322 9.588530090357553 2203.3931300173022  1.0000000002952074 15.05751197190034 14.808894709554478 -1967.5220303746935  0.99999999971740061 14.906219323844599 13.505274843807889 -453.6094465825131  1.0000000001240825 18.336548464337525 8.9526313153670056 2913.862548088729  1.0000000000211424 12.92679988211845 15.736290688091403 -2786.0372354365327  0.99999999997894984 17.030446811325376 12.614315339589801 249.99465834811249  1.0000000000008538 14.654552518976915 12.641973647950747 -154.30206976293888  0.99999999999912925 16.433801503193965 12.272304207770103 -1301.7594941791344  1.0000000000735789 15.838279879262192 12.627479879000608 2937.4575542855437  0.99999999985341204 15.845391006180259 12.628798823155766 -2813.3999933890113  1.0000000001441289 18.420391152479443 9.0311199860504807 2879.9192956548582  1.0000000000007598 15.597716985149901 12.387420528455809 27.702818582428673  0.99999999999999878 14.339803541190124 15.822736565000854 -2801.8204981817462  1.0000000000012939 16.675429375987214 12.556669010418052 202.20255568766473  0.99999999999944444 15.022722864360402 12.699081236924345 -168.26467445774222  1.0000000000005564 4.0767749444415928 7.990966023502212 2944.7283706412259  1.0000000000550189 15.607685273678973 12.413330359859986 7.38224763608134  0.99999999999992684 -54.782922210219503 10.597778737517126 -2382.5602356841091  1.000000000070054 51.280471836155144 15.494123318474541 -230.75476097551976  0.99999999994898148 15.562826709993047 8.9234522012034585 2843.769712229675  1.0000000000320299 15.582968461106734 12.431025808407094 -8.2970499797054504  0.9999999999999698 14.27855941356337 15.859553544921342 -2861.1098398823492  1.0000000000234925 15.840143049704027 12.627578967361954 2832.8291911577244  0.99999999974795206 15.843696884722462 12.628698344866198 -2869.4173752769843  1.0000000002520477 16.576276709393312 9.0216675246193674 2824.5432517082736  0.99999999993998601 15.57536165200816 12.455110261188034 -28.297466601034184  1.000000000000077 14.603034755763527 15.884499744328371 -2880.1906507801928  0.99999999991906563 48.090696606645125 15.470150297818069 118.85008005610163  1.0000000000524496 -47.442476433508553 3.6861025933506144 2496.6448233335263  0.99999999997597866 15.587627682103866 12.475653967443071 -44.085633708068343  1.0000000000000246 2.594552249301139 14.881394532224517 -2956.0134699618106  0.99999999998104128 15.838955135958443 12.628216645710365 2797.7494550526267  0.99999999987907406 15.844950415635743 12.628046606583103 -2906.3520996650777  1.0000000001209264 16.226227001215673 9.0724831868827529 2788.6304503989104  1.0000000000019027 15.564334352041595 12.498317309736537 -64.297502421411536  0.99999999999999722 14.017489199702 15.871984998853595 -2933.934504404046  1.000000000003088 15.845960572611421 11.828904466685637 1228.005827776017  1.0000000000379674 18.525183686282688 10.567034684777445 -334.3140373055428  0.99999999986255794 3.6765657997534027 21.081875517998586 -348.68944019689326  1.0000000005164749 42.44961586832671 -10.678816987710416 741.48322810729394  0.99999999885600521 -41.919924412520501 59.421742567269476 -1865.4883749651531  1.0000000024655546 -1653.6617139488001 1360.1092309944445 -23696.77413190894  0.99998994254660267 16.874829310781365 11.510244642805185 -91.66277933577777  1 
15.464009057101224 11.44826428479295 91.702710890129737  1 15.360563480595346 11.826124763097887 80.477112593634956  1.3589721411044531 15.1901452520804 11.48464923189111 11684.026874697098  0.99998281086442875 15.221316714400746 11.517436177272465 83.709436216658204  1.0000000011804278 15.21529534896516 11.536023658071628 -2975.4713278196177  0.99999910007144377 16.480305187462456 9.42129644690832 2203.3925120271783  1.0000000002952074 14.585727597085889 15.099018023162474 -1967.5226143319544  0.99999999971740061 14.309116789227193 13.53845650886354 -453.61018676687002  1.0000000001240825 18.148884390045922 8.7588604110439405 2913.8623147799922  1.0000000000211424 12.153387747139359 15.993376230708401 -2786.038193467778  0.99999999997894984 16.481661831426901 12.653329985874825 249.99397808949777  1.0000000000008538 14.282258955348057 12.673749778783622 -154.30253123006602  0.99999999999912925 15.87750516065673 12.373708317184317 -1301.7601835388548  1.0000000000735789 15.378105891378567 12.66287317226246 2937.4569838666062  0.99999999985341204 15.38458373805245 12.664195000637239 -2813.4005645753532  1.0000000001441289 18.231950638426859 8.810120745473327 2879.9190612916054  1.0000000000007598 15.113528887298127 12.422024463980792 27.702218396922284  0.99999999999999878 13.678968910642823 15.991557565567145 -2801.8213169293085  1.0000000000012939 16.158398760480907 12.619589952783704 202.20191487767434  0.99999999999944444 14.617958176868736 12.70717791974551 -168.26517626138605  1.0000000000005564 3.0261905554984372 9.6434099346843052 2944.727073602593  1.0000000000550189 15.123345464313267 12.446326695627713 7.381647257146442  0.99999999999992684 -59.439535444689966 20.351698099194799 -2382.5659766168196  1.000000000070054 52.882071978812327 10.695592376270877 -230.75279122538259  0.99999999994898148 15.172718190281396 8.9118093722928258 2843.7692285311132  1.0000000000320299 15.096655558147978 12.467395130062032 -8.2976527937025164  0.9999999999999698 13.621976124940062 16.066601610547334 -2861.1106532326489  1.0000000000234925 15.379820850894767 12.662708578958465 2832.828620559621  0.99999999974795206 15.383024973480982 12.664363217792646 -2869.4179462999282  1.0000000002520477 16.237871733275529 8.9029496496494076 2824.5428317525766  0.99999999993998601 15.08795658159166 12.492583562495101 -28.298070765439761  1.000000000000077 13.969926146651741 16.081101197249041 -2880.191435065668  0.99999999991906563 49.606552032860606 10.825551332833202 118.85194401233463  1.0000000000524496 -51.68466804565405 12.92403125053513 2496.6395944917444  0.99999999997597866 15.100495437701056 12.511456454008451 -44.086237539772902  1.0000000000000246 1.2336660961289867 16.855457987301602 -2956.0151506470916  0.99999999998104128 15.37894762734741 12.663015045910297 2797.7488848544253  0.99999999987907406 15.383960303570378 12.664048140963715 -2906.3526710922588  1.0000000001209264 15.854596524164474 8.9571293991747236 2788.6299892697771  1.0000000000019027 15.075216993685167 12.537846878901469 -64.298108701911005  0.99999999999999722 13.348296315887181 16.164476113221024 -2933.9353330979925  1.000000000003088 15.574995506758837 11.303290803351494 1228.0054900839996  1.0000000000379674 17.716050160752626 12.177340270393756 -334.31503513057714  0.99999999986255794 4.2829745896877416 15.319992033308527 -348.68870749006885  1.0000000005164749 39.750067966616975 2.3606433603939334 741.47992446338083  0.99999999885600521 -37.655180402900555 31.578970185671231 -1865.4831799101394  1.0000000024655546 -1509.8243101940041 541.00351647398611 -23696.598519667448  0.99998994254660267 16.403874456600033 11.469934192869291 -91.663363363250269  1 
14.333135580144432 11.582260207126513 91.701309268697088  1 14.222219536548982 11.978172529593746 80.475701770175135  1.3589721411044531 14.070301645460678 11.560121026408259 11684.025486567465  0.99998281086442875 14.175397433156542 11.606237268861463 83.708139772125165  1.0000000011804278 14.204264696751508 11.616873829624332 -2975.4725810356158  0.99999910007144377 14.842034259475209 9.978284894752143 2203.3904827671213  1.0000000002952074 13.593423529884847 15.22057312966567 -1967.5238442267264  0.99999999971740061 13.123452537937938 13.517707715302638 -453.61165681701414  1.0000000001240825 17.291636183563529 8.7412000857334071 2913.8612518982754  1.0000000000211424 10.564582803586084 16.355110343042739 -2786.0401620807224  0.99999999997894984 15.236083985410955 12.672560298533101 249.99243387569211  1.0000000000008538 13.419074699108561 12.682903855201749 -154.30360138253772  0.99999999999912925 14.591028524808339 12.523474136260051 -1301.7617780261528  1.0000000000735789 14.324532585098455 12.677157331436415 2937.4556776854665  0.99999999985341204 14.329604450325874 12.67829655243308 -2813.4018725007336  1.0000000001441289 17.374677836329131 8.7553479767400102 2879.9179982573201  1.0000000000007598 13.885955537482277 12.596577413736 27.700697020813045  0.99999999999999878 12.243851325477364 16.233826400895889 -2801.823095394665  1.0000000000012939 14.969611891675417 12.685842837800207 202.20044122976898  0.99999999999944444 13.696207412435403 12.669843416912247 -168.26631917930467  1.0000000000005564 0.94107993270104406 11.878402933070499 2944.7244958829338  1.0000000000550189 13.895878840677886 12.618248246169935 7.3801260046250388  0.99999999999992684 -66.607017951185711 32.238656265252018 -2382.5748234662324  1.000000000070054 54.90820316068843 4.6773395456580698 -230.75029918627857  0.99999999994898148 14.068446246557631 9.1227307776789264 2843.7678601452494  1.0000000000320299 13.866596137848889 12.642888024566735 -8.2991772489406994  0.9999999999999698 12.197643822396358 16.354557475355229 -2861.112418176323  1.0000000000234925 14.325583967770893 12.676401909805717 2832.8273135548238  0.99999999974795206 14.32868296084772 12.679064947786369 -2869.4192534342301  1.0000000002520477 15.177694389657475 8.9835715336005197 2824.541517606971  0.99999999993998601 13.856641582518261 12.668755175925641 -28.299596775107045  1.000000000000077 12.571675863402969 16.356719996341305 -2880.1931677051025  0.99999999991906563 51.641870273455289 4.7427564507458841 118.85444722309795  1.0000000000524496 -58.576723614514002 24.875683531188095 2496.6310893338155  0.99999999997597866 13.869868180534166 12.684938032663956 -44.08776270569485  1.0000000000000246 -1.2535855023253564 19.385975570530185 -2956.0182259621401  0.99999999998104128 14.32739499148286 12.67588463629893 2797.7475811638087  0.99999999987907406 14.326930228796954 12.679586438237418 -2906.3539815454283  1.0000000001209264 14.749915046272957 9.040968337437155 2788.6286199466749  1.0000000000019027 13.841963932112147 12.715335311061448 -64.299637110016249  0.99999999999999722 11.897249199897955 16.563957526695589 -2933.9371308026111  1.000000000003088 15.250326100186763 9.7737187298597092 1228.0050824735706  1.0000000000379674 14.708107394158851 17.008993008039553 -334.31874832972653  0.99999999986255794 9.3330405400118881 -1.6118006801352673 -348.68250271526489  1.0000000005164749 25.446627432213447 39.83159956325877 741.46231562145294  0.99999999885600521 -10.898876628952172 -48.22591575502409 -1865.4502727762001  1.0000000024655546 -671.12562159324261 -1821.7801394461837 -23695.563794874099  0.99998994254660267 15.080217024729256 11.521476396956995 -91.665004273477081  1 
13.270548237663451 11.489548885559802 91.699991556505921  1 13.183719995926142 11.848758718924874 80.474413800417324  1.3589721411044531 12.984409205822416 11.334751897391364 11684.024139511741  0.99998281086442875 13.096900561707223 11.405414135008961 83.706801976331775  1.0000000011804278 13.140176415889936 11.41761305392831 -2975.4739009614864  0.99999910007144377 14.086993749068299 10.184485046005866 2203.389547328175  1.0000000002952074 12.43941611102839 14.740019577935994 -1967.5252765523549  0.99999999971740061 12.357989445467817 13.395322160620573 -453.61260625357818  1.0000000001240825 16.002863357082525 9.1746865662007391 2913.8596554958795  1.0000000000211424 9.788262563078673 15.96198829825542 -2786.0411258636568  0.99999999997894984 14.222138312325532 12.606724065884475 249.99117655908859  1.0000000000008538 12.442998486495107 12.623021211229647 -154.30481172861371  0.99999999999912925 13.581345305101383 12.410154408380375 -1301.7630302142006  1.0000000000735789 13.329576811488643 12.614400639492706 2937.4544439197448  0.99999999985341204 13.334558947321661 12.615336873836336 -2813.4031063721804  1.0000000001441289 16.096394991410335 9.2010068396668885 2879.9164149109997  1.0000000000007598 12.856580923172375 12.611450580899218 27.699420843119075  0.99999999999999878 11.40448138209673 15.87466621963123 -2801.8241372445605  1.0000000000012939 13.956230075520695 12.61315038546482 202.19918458953069  0.99999999999944444 12.719354415194834 12.616890930159862 -168.26753046548643  1.0000000000005564 -0.51207850302000424 9.9776779601883732 2944.7226879364748  1.0000000000550189 12.868186253489043 12.63381384047044 7.3788519146201335  0.99999999999992684 -68.777204650684482 19.373495370234998 -2382.5775567825767  1.000000000070054 54.551918331805268 10.835502877069425 -230.75072047145099  0.99999999994898148 12.970688603940213 9.4155298392189444 2843.7665001083346  1.0000000000320299 12.839488261452225 12.652965931339841 -8.3004506322307599  0.9999999999999698 11.358675865336739 15.95474251202304 -2861.1134596626216  1.0000000000234925 13.330251640234861 12.613679267342148 2832.8260793205095  0.99999999974795206 13.334015380311092 12.61606934996046 -2869.4204868353436  1.0000000002520477 13.993123876764543 9.384246430110414 2824.540050293519  0.99999999993998601 12.830706821916422 12.67606056186804 -28.300868713156515  1.000000000000077 11.700312292292516 15.968173508722835 -2880.1942493237225  0.99999999991906563 51.306048999253662 10.438426228443873 118.85404977730592  1.0000000000524496 -61.014208776258108 13.616830738433512 2496.6280299484938  0.99999999997597866 12.845122497380395 12.693229818987772 -44.089033166245748  1.0000000000000246 -2.3735632808067209 16.785160589220506 -2956.0196231529599  0.99999999998104128 13.334158192649532 12.613153606795338 2797.7463495380657  0.99999999987907406 13.330171284574533 12.616600050422363 -2906.3552175499458  1.0000000001209264 13.593187838802304 9.4300417814455848 2788.6271871196791  1.0000000000019027 12.817854092532523 12.717617629205362 -64.300906802192443  0.99999999999999722 11.018249646266392 16.068536978174848 -2933.9382222360318  1.000000000003088 14.119898667551428 10.774365900596662 1228.0036842839281  1.0000000000379674 14.012689962968569 13.873910637038396 -334.3196209302215  0.99999999986255794 7.0859237615394717 10.073960292798478 -348.6852498822094  1.0000000005164749 26.888578638497243 12.96290484177743 741.46401409439693  0.99999999885600521 -17.286669389177256 7.2663329463633524 -1865.4580080354137  1.0000000024655546 -832.20455984128762 -161.28287168985895 -23695.758829802391  0.99998994254660267 13.821213081069519 11.627502721806843 -91.66656484494294  1 
12.637286650632158 11.306391294346637 91.699205825694605  1 12.552947341707895 11.715452992786597 80.473631320867653  1.3589721411044531 12.339396082613973 11.132267956094939 11684.023339129732  0.99998281086442875 12.409653302086667 11.218631871798365 83.705949301610332  1.0000000011804278 12.432260576566028 11.240790569175013 -2975.4747792276662  0.99999910007144377 13.597038315801273 10.23356605173838 2203.3889400306243  1.0000000002952074 11.81087000256335 14.566921104375471 -1967.5260563941922  0.99999999971740061 11.860891456980784 13.300909804829089 -453.61322288180907  1.0000000001240825 15.214771919105564 9.4501262021912087 2913.8586793360746  1.0000000000211424 9.4042564036968752 15.65075467836075 -2786.0416029988019  0.99999999997894984 13.724740544197005 12.585391918972103 249.99055981046149  1.0000000000008538 11.73236176911265 12.610868729817604 -154.30569282215569  0.99999999999912925 13.150511824101779 12.237168208808894 -1301.7635649420217  1.0000000000735789 12.725030326937912 12.597641811576752 2937.4536943480261  0.99999999985341204 12.730955228686016 12.598609288873607 -2813.4038547860096  1.0000000001441289 15.316061368301698 9.4918540247405829 2879.9154484122287  1.0000000000007598 12.273031853419111 12.589773189564422 27.698697282262945  0.99999999999999878 10.966929249490704 15.616666851566212 -2801.8246805816698  1.0000000000012939 13.436586202437315 12.559103661383997 202.19854015153206  0.99999999999944444 12.032179918588378 12.637008166085486 -168.26838236338133  1.0000000000005564 -1.1558818068593919 8.864515373321991 2944.7218860492699  1.0000000000550189 12.285539307893146 12.612395960117386 7.3781294730860401  0.99999999999992684 -68.791578255835105 11.853455891097056 -2382.5775995630256  1.000000000070054 53.671607898984156 14.4844679285391 -230.75179977627229  0.99999999994898148 12.329618158183308 9.5679396696441241 2843.765705810054  1.0000000000320299 12.257684688660669 12.628245453560018 -8.3011720391062198  0.9999999999999698 10.920932447568831 15.667883184856676 -2861.1140033324073  1.0000000000234925 12.726115176250731 12.597359175644547 2832.8253302574262  0.99999999974795206 12.730020288998647 12.598895341963621 -2869.4212357348124  1.0000000002520477 13.289779543970914 9.6096098889896346 2824.5391790315894  0.99999999993998601 12.249806797506833 12.64956716075868 -28.301589005692222  1.000000000000077 11.238902655716839 15.687868761848703 -2880.1948223118061  0.99999999991906563 50.519131198979103 13.901274556371678 118.85308563985151  1.0000000000524496 -61.395054585542084 6.9016358125299897 2496.6275354903728  0.99999999997597866 12.264787919551573 12.667220720453312 -44.089752756132974  1.0000000000000246 -2.7827561178177578 15.18641807512428 -2956.0201357752635  0.99999999998104128 12.728444493889036 12.59733517828208 2797.745598509799  0.99999999987907406 12.727756932101412 12.598915012970721 -2906.3559644799175  1.0000000001209264 12.912151855929423 9.6502800971527094 2788.6263434979592  1.0000000000019027 12.238364950756113 12.687891375128213 -64.301625356234311  0.99999999999999722 10.558300700332735 15.717652994739991 -2933.9387936477688  1.000000000003088 13.376714586158849 11.405275643080621 1228.0027649811718  1.0000000000379674 13.675417721965227 12.096241295404376 -334.32004501649556  0.99999999986255794 5.687562785177362 16.451898460041853 -348.68696228780846  1.0000000005164749 27.637467098986392 -1.9802191907664473 741.46489269831682  0.99999999885600521 -20.624040181837977 39.287537556683645 -1865.4620388577484  1.0000000024655546 -923.73333903410003 772.20859100829387 -23695.871586264573  0.99998994254660267 13.354635273003986 11.55925260947564 -91.667143538455448  1 
11.907559230392506 11.17343719589714 91.698300662386856  1 11.862476197742687 11.685519157470539 80.472775169746839  1.3589721411044531 11.654135149846573 11.154031746033995 11684.022489595205  0.99998281086442875 11.675378767604071 11.227300225500487 83.705038970815778  1.0000000011804278 11.652272853498753 11.260086168150375 -2975.4757461989443  0.99999910007144377 12.98268456921106 10.253964185128471 2203.3881784271066  1.0000000002952074 11.2343914810832 14.547260710154177 -1967.5267711914134  0.99999999971740061 11.136996092517476 13.377243456356398 -453.61412011312291  1.0000000001240825 14.463072956566585 9.6748646276771701 2913.857748115056  1.0000000000211424 8.9746259428066253 15.368801837183502 -2786.0421365895791  0.99999999997894984 13.136900692353359 12.678050305988585 249.98983130934067  1.0000000000008538 10.929558483327256 12.702269068203401 -154.30668784084679  0.99999999999912925 12.702634271525461 12.158604863795334 -1301.7641204914221  1.0000000000735789 12.029038071296732 12.689592517272617 2937.4528317691252  0.99999999985341204 12.036189696696118 12.690708351286204 -2813.4047158688795  1.0000000001441289 14.57222835050298 9.7324932963919686 2879.9145270003924  1.0000000000007598 11.684354177943337 12.557899253478331 27.697967329075979  0.99999999999999878 10.49924064673794 15.3963209655314 -2801.8252611573494  1.0000000000012939 12.852125681371714 12.621572543921184 202.19781574008627  0.99999999999944444 11.22761330759282 12.758208896375118 -168.26937946950216  1.0000000000005564 -1.7009478515800538 8.3341580169570904 2944.7212085118904  1.0000000000550189 11.697471676695704 12.58018041546115 7.3774002751026453  0.99999999999992684 -68.398410934307066 7.8658177520012185 -2382.5771253463031  1.000000000070054 52.401948135118978 16.602869136153586 -230.75336687970403  0.99999999994898148 11.694751939767986 9.6853489214381074 2843.7649190875281  1.0000000000320299 11.670455151962843 12.59394005088393 -8.301900204949618  0.9999999999999698 10.453949960774807 15.426354175115447 -2861.1145831026256  1.0000000000234925 12.031196315543601 12.689812881418312 2832.8244689992334  0.99999999974795206 12.034199761261153 12.690484169887768 -2869.4220981158228  1.0000000002520477 12.601165848149122 9.7750101532997462 2824.5383258324905  0.99999999993998601 11.66333063439844 12.613849067985143 -28.302316242186656  1.000000000000077 10.752273410067057 15.44948403771275 -2880.1954264298638  0.99999999991906563 49.409425907170437 15.983393518555866 118.85171673311433  1.0000000000524496 -61.470139299766103 3.3422195582141407 2496.6274305772095  0.99999999997597866 11.678690227399155 12.631390988788498 -44.090479523757338  1.0000000000000246 -3.1603296971121444 14.238710751882374 -2956.0206070465706  0.99999999998104128 12.028122180822537 12.690848003807643 2797.7447305570176  0.99999999987907406 12.037336084735442 12.689433512163092 -2906.3568201710527  1.0000000001209264 12.241145903616395 9.8141426621007515 2788.6255121233598  1.0000000000019027 11.653071427503789 12.649586355632255 -64.302351135068605  0.99999999999999722 10.071951688264516 15.433881588044448 -2933.9393975691801  1.000000000003088 12.523173942475735 11.949997221211937 1228.0017085708064  1.0000000000379674 13.214833249181515 11.172927511520728 -334.32061914645396  0.99999999986255794 4.8644827319792547 19.409563085389216 -348.68797282376494  1.0000000005164749 26.899138221513724 -8.4757753127038029 741.46395551218075  0.99999999885600521 -20.647988597626071 54.523173297444607 -1865.4620174621007  1.0000000024655546 -924.73319837447616 1200.8678385240696 -23695.873493317617  0.99998994254660267 13.124154540365904 11.301606003209214 -91.667430145514572  1 
11.251290858024415 11.583872138906004 91.697488377774363  1 11.28226003506758 12.022207069244361 80.472056930513489  1.3589721411044531 11.179967472940152 11.841655996855179 11684.021904040295  0.99998281086442875 11.218109707133074 11.819557526628799 83.704474010671305  1.0000000011804278 11.198859002711945 11.824726197743269 -2975.4763064723466  0.99999910007144377 12.2880610745216 10.27803608341674 2203.3873172982467  1.0000000002952074 10.675896266084633 14.610792054682701 -1967.5274633989818  0.99999999971740061 10.40213116905313 13.438865411891713 -453.61503100615124  1.0000000001240825 13.782693195817405 9.8186208588863444 2913.8569050555466  1.0000000000211424 8.4446649972133496 15.176040880953531 -2786.0427942830074  0.99999999997894984 12.274397390496267 12.773541194342075 249.98876228765653  1.0000000000008538 10.433953991405605 12.774019559107336 -154.30730205720508  0.99999999999912925 11.794445952257224 12.526654075047253 -1301.7652452420155  1.0000000000735789 11.350601804169694 12.773284065574929 2937.451990901855  0.99999999985341204 11.356717181554695 12.774258492868073 -2813.4055579931596  1.0000000001441289 13.898771537285286 9.8864716860821922 2879.9136925539933  1.0000000000007598 11.080102322768511 12.531232368244597 27.697218084176516  0.99999999999999878 9.9612093693640009 15.249412823195614 -2801.8259287006222  1.0000000000012939 12.063363277501049 12.76061762123649 202.1968382872557  0.99999999999944444 10.656736896463395 12.787257335646212 -168.27008715006448  1.0000000000005564 -2.292180209754215 8.4620156170730514 2944.7204759218266  1.0000000000550189 11.09356947160693 12.552600565020073 7.3766514606716234  0.99999999999992684 -68.523779853437219 7.8915097296252092 -2382.5772806942846  1.000000000070054 51.41902063605658 16.714646845064166 -230.75458515038983  0.99999999994898148 11.070361060653363 9.770571543459118 2843.7641452456119  1.0000000000320299 11.066995353040795 12.565723990591167 -8.3026484729934928  0.9999999999999698 9.9177293100455959 15.270819497142814 -2861.115248429433  1.0000000000234925 11.352553114491831 12.77299130150865 2832.8236278886957  0.99999999974795206 11.354909827309715 12.774557370048544 -2869.4229400267454  1.0000000002520477 11.941689622924283 9.8724043455625363 2824.5375085297032  0.99999999993998601 11.060287755365131 12.58474780103605 -28.303063996265248  1.000000000000077 10.204488015193915 15.293225610647138 -2880.1961061005668  0.99999999991906563 48.594225203268891 16.184468119115973 118.85070670896546  1.0000000000524496 -62.007694905531224 3.4307059832243318 2496.6267644064269  0.99999999997597866 11.075916837087888 12.601581963935946 -44.091226946074656  1.0000000000000246 -3.6885993432282893 14.078178501129219 -2956.0212625319282  0.99999999998104128 11.349399449087027 12.774003943175151 2797.7438893520748  0.99999999987907406 11.358116390547757 12.773541967401373 -2906.3576619990486  1.0000000001209264 11.589533448976674 9.9127738187443626 2788.6247045800701  1.0000000000019027 11.050688049521616 12.61886167384513 -64.303098076888759  0.99999999999999722 9.5183925194228092 15.266553970405761 -2933.9400844268048  1.000000000003088 11.816635017298353 12.21735231590363 1228.0008334752167  1.0000000000379674 12.447279527365174 10.985378698052916 -334.32157135988041  0.99999999986255794 5.0342297854416964 19.712456999893302 -348.68776146915184  1.0000000005164749 25.1861162401675 -6.5896271783706251 741.46183818492193  0.99999999885600521 -18.54809942559201 52.395439443465982 -1865.459421562462  1.0000000024655546 -845.69708922164136 1140.4870386892312 -23695.773688868921  0.99998994254660267 12.326838469536602 11.151068781646641 -91.668419164143856  1 
11.210289018224366 12.733363289236189 91.697441358647822  1 11.13334069505826 12.676697131808112 80.471874471427213  1.3589721411044531 11.367968313600672 12.958203487553195 11684.022140929254  0.99998281086442875 11.419849670771089 12.80686974818286 83.704727406528477  1.0000000011804278 11.514075872237635 12.733895064061841 -2975.4759126463487  0.99999910007144377 11.594218271262921 10.326614260741453 2203.3864572301413  1.0000000002952074 10.095659862811489 14.657919302523688 -1967.5281826269263  0.99999999971740061 10.313830079734906 12.760015255269279 -453.61514273560817  1.0000000001240825 13.18559545604761 9.8774119292870264 2913.8561649660019  1.0000000000211424 7.7997332640143648 15.097351065649097 -2786.0435941377932  0.99999999997894984 11.553017252044611 12.463840901675288 249.98786688658677  1.0000000000008538 10.474274607588546 12.458863936151076 -154.30725311327038  0.99999999999912925 10.514194850824481 13.072482236281438 -1301.7668306959583  1.0000000000735789 11.012089824847488 12.461203249862033 2937.4515701756286  0.99999999985341204 11.014569156808564 12.461522426845073 -2813.4059832286312  1.0000000001441289 13.30689259474752 9.9455386401644592 2879.9129589335616  1.0000000000007598 10.458774112704123 12.520412088899784 27.696447720469617  0.99999999999999878 9.3414633503461761 15.181282682436846 -2801.8266972929996  1.0000000000012939 11.364186201259757 12.536597316352122 202.19597069748795  0.99999999999944444 10.669645718855213 12.387712855017114 -168.27007247098575  1.0000000000005564 -3.0674619059739912 9.0576515863168954 2944.7195166983788  1.0000000000550189 10.472476240402139 12.540563000531453 7.3758813842529154  0.99999999999992684 -69.972921217989679 10.81425332033745 -2382.5790676505394  1.000000000070054 51.767685716296384 14.596703839639297 -230.75415990234777  0.99999999994898148 10.460110479093059 9.835549685863537 2843.7633888676264  1.0000000000320299 10.445682905447018 12.554174746784598 -8.3034188195776082  0.9999999999999698 9.3005737912346671 15.206734770013277 -2861.1160137965508  1.0000000000234925 11.010276658273646 12.459449751009585 2832.8232024853628  0.99999999974795206 11.016473275358203 12.463303618099943 -2869.4233606507205  1.0000000002520477 11.318530936808941 9.9166306357102041 2824.5367360797072  0.99999999993998601 10.438991019618678 12.57280922598509 -28.303834324662564  1.000000000000077 9.5849093069223734 15.225622008017449 -2880.1968744830201  0.99999999991906563 49.048021339330354 14.215883018460374 118.85126279431555  1.0000000000524496 -63.657765324020204 6.1872766735936269 2496.6247277860352  0.99999999997597866 10.454911838434032 12.588589978345748 -44.091996916270467  1.0000000000000246 -4.5021858389264429 14.52374516929792 -2956.0222697438212  0.99999999998104128 11.025258069545151 12.457220540229363 2797.7434864325642  0.99999999987907406 11.001563581651471 12.465565778127921 -2906.3581050833968  1.0000000001209264 10.963119883545213 9.9589734224878104 2788.6239280929963  1.0000000000019027 10.429420190235266 12.606218312156326 -64.303868371813621  0.99999999999999722 8.8840667224920526 15.217788699494447 -2933.9408710415059  1.000000000003088 11.877831944468801 11.567459151795489 1228.000907198706  1.0000000000379674 11.156342088704287 11.442471315997423 -334.32317037002349  0.99999999986255794 6.4369291846105474 18.435985091777013 -348.68602658544222  1.0000000005164749 23.64816932291922 0.40785639289811249 741.45995455841717  0.99999999885600521 -16.868254938897582 39.031797276973151 -1865.4573830330205  1.0000000024655546 -730.19891205096485 767.78582463443865 -23695.632509762578  0.99998994254660267 10.399328065524864 11.710132007248951 -91.670807051686012  1 
7.2964451772758121 13.370639820481964 91.692591058524229  1 6.2233299056781695 12.883567178782638 80.465787686654778  1.3589721411044531 4.9874339873507685 11.289861152867479 11684.014223604005  0.99998281086442875 4.675928395455931 12.391286066474823 83.696364858633771  1.0000000011804278 3.9387339066310232 12.956479909537306 -2975.4853038708175  0.99999910007144377 7.9930173772661988 10.817686974215841 2203.3819940829007  1.0000000002952074 6.4044304368672336 14.329530665940903 -1967.5327601535348  0.99999999971740061 3.5198789583086949 16.201167523302534 -453.62355450343529  1.0000000001240825 10.17301076975505 9.7900009765841247 2913.8524296550895  1.0000000000211424 3.4215342094396766 15.312486868527552 -2786.0490215570067  0.99999999997894984 9.8380941232477532 13.978145870170943 249.98574573842029  1.0000000000008538 2.0893627531023076 14.177177168801732 -154.31764309368373  0.99999999999912925 12.956625378844327 5.9655699399618145 -1301.7638261582388  1.0000000000735789 5.9458621730945813 14.075110172571803 2937.4452944211075  0.99999999985341204 5.9774438475727312 14.079932114500721 -2813.4122229644904  1.0000000001441289 10.312809215551487 9.7856682060347975 2879.9092463142811  1.0000000000007598 6.7548192251161705 12.586398795465087 27.691855745945254  0.99999999999999878 5.2859437630202244 15.173179099810378 -2801.831725386096  1.0000000000012939 9.2478953250306652 13.254442002301753 202.19334929355688  0.99999999999944444 2.7289970018920608 14.887959840466669 -168.27990906163356  1.0000000000005564 -9.2841227291432737 13.537509436923617 2944.7118240998516  1.0000000000550189 6.7702581759117351 12.599666343536146 7.3712915402102981  0.99999999999992684 -89.534523199137737 34.541363507555346 -2382.6032415317304  1.000000000070054 53.174062023362204 5.7965466891225113 -230.75244547375027  0.99999999994898148 6.9990413954592237 10.180766677953718 2843.7590989510118  1.0000000000320299 6.7374714397062903 12.61936289734134 -8.3080160740919489  0.9999999999999698 5.2627458528805544 15.281652773532803 -2861.1210196806478  1.0000000000234925 5.9704067229736344 14.086256771683049 2832.8169594548981  0.99999999974795206 5.9534720678149675 14.06860228846554 -2869.429632514918  1.0000000002520477 7.9072932942499525 10.005216588533072 2824.5325070966746  0.99999999993998601 6.7286064845521976 12.637849467627932 -28.308434273862339  1.000000000000077 5.5819045288404796 15.273527469612452 -2880.2018372735429  0.99999999991906563 50.337564433742223 6.1958007471046743 118.85283495305933  1.0000000000524496 -82.444716314311293 28.650814899653273 2496.6015101365324  0.99999999997597866 6.7471387278563215 12.647423090809978 -44.096593648407456  1.0000000000000246 -11.392639050381584 18.820557800457188 -2956.0307983165808  0.99999999998104128 5.8641263240984962 14.104769749506513 2797.73709301499  0.99999999987907406 6.0597437881401977 14.049804350055297 -2906.364226661186  1.0000000001209264 7.4729133113537607 10.05003515240602 2788.619601211245  1.0000000000019027 6.7156069570401966 12.671163312711016 -64.308472572253223  0.99999999999999722 4.7352053398128415 15.487420172874513 -2933.9460139339258  1.000000000003088 5.3067966140336162 12.711807165838181 1227.992764163788  1.0000000000379674 9.9537366157984941 16.862086819082847 -334.32464335557529  0.99999999986255794 -4.4584408883631994 -4.2746898107843645 -348.69961022954465  1.0000000005164749 22.154250516309418 47.835666273700248 741.45826001683986  0.99999999885600521 -23.686593851424817 -58.978782777060005 -1865.466162232382  1.0000000024655546 -1072.7409059260658 -2195.1136725485567 -23696.065169883685  0.99998994254660267 18.835818951214144 15.817477286392885 -91.660333788615134  1 
2.0879793083882441 3.6372796586867606 91.686101251732012  1 9.7701879880930225 8.3600071096613053 80.470170095253494  1.3589721411044531 17.484696493720584 18.45666101789541 11684.029750482274  0.99998281086442875 20.366234043960091 11.341122704731989 83.715814340672821  1.0000000011804278 25.589265317772497 7.5899854444561994 -2975.458479231148  0.99999910007144377 8.7361682327469623 12.596345778688042 2203.3829212120718  1.0000000002952074 0.35751774876255676 8.5658421929258992 -1967.540276162264  0.99999999971740061 19.610809265452644 -1.7308856245864639 -453.60366441251307  1.0000000001240825 9.492237635008749 7.8250541014052759 2913.8515790880133  1.0000000000211424 -3.7974064307903208 19.016267447368108 -2786.0579593482612  0.99999999997894984 -8.4794496724519668 3.9440595264039313 249.9630021832985  1.0000000000008538 33.032932435135947 2.5383248356992723 -154.27931762295569  0.99999999999912925 -33.94710008965793 60.524103566140944 -1301.8217965266017  1.0000000000735789 12.37598732022872 3.254619960283951 2937.453230283269  0.99999999985341204 12.199394971059014 3.2296783950879013 -2813.4045446133605  1.0000000001441289 9.5840488089673421 7.2931978798282922 2879.9083345247809  1.0000000000007598 2.7642954571024556 13.493074077355766 27.686911271334029  0.99999999999999878 -0.81694271136564212 16.767805306993296 -2801.8392865005999  1.0000000000012939 -5.5328399300527504 9.0580094662677642 202.17501002691696  0.99999999999944444 29.832187458791569 -2.4851451484632228 -168.24636390687419  1.0000000000005564 -27.648762805169024 13.734439958321857 2944.6890561115661  1.0000000000550189 2.7890726107593999 13.51149596118883 7.3663586602984967  0.99999999999992684 -184.87626801164515 36.568188957525692 -2382.7214402850082  1.000000000070054 114.90323495814951 -17.192652445862798 -230.6759894396788  0.99999999994898148 4.1335967107740794 10.804019518797375 2843.7555484137879  1.0000000000320299 2.7213351238042764 13.535702699104156 -8.3129922712628108  0.9999999999999698 -0.83725507773501562 17.189851657484812 -2861.1285761842355  1.0000000000234925 12.215483228634108 3.1736865280975799 2832.8246656111651  0.99999999974795206 12.357019518961712 3.311971613166361 -2869.4217287250035  1.0000000002520477 5.7120347030201213 9.9845754548703525 2824.529785333651  0.99999999993998601 2.6990704741362905 13.560740466787873 -28.313427062350272  1.000000000000077 -0.25597842765948803 17.175098815186448 -2880.2090687876548  0.99999999991906563 106.19078475224069 -18.822127334442783 118.92199917222391  1.0000000000524496 -163.05546597016203 33.46228381497717 2496.5015842571529  0.99999999997597866 2.7291864342558667 13.574536629946728 -44.101572061307053  1.0000000000000246 -31.956267438544824 21.73489591376055 -2956.0562835610162  0.99999999998104128 12.958979264174042 3.0429705474410684 2797.7458531281904  0.99999999987907406 11.614065478364594 3.4446799217122819 -2906.3573761381417  1.0000000001209264 4.9181934186437628 9.9114655663804232 2788.6164333660913  1.0000000000019027 2.6645925093619538 13.607248292734685 -64.313491946027909  0.99999999999999722 -1.5992942004243147 17.83808251012686 -2933.9538597178207  1.000000000003088 22.222529086421595 -7.9643324606804642 1228.0136678199369  1.0000000000379674 -1.0216208156857871 19.721034349095209 -334.33824123270227  0.99999999986255794 -1.3529135472969986 10.468713635802656 -348.69571094072057  1.0000000005164749 92.066624822732706 17.621622684744761 741.54483744930656  0.99999999885600521 -188.1279743137861 -40.518359180122964 -1865.6699762604676  1.0000000024655546 -4268.7154773576913 -982.14692398390571 -23700.025961207328  0.99998994254660267 -64.691571076803228 1.2080482856251469 -91.763940219229667  1 
77.311247654549334 -69.001183811240537 91.779122713025473  1 33.076593749062205 -96.776261786394002 80.4987166575186  1.3589721411044531 86.773310538521358 -246.57904895129849 11684.114197287219  0.99998281086442875 38.820260944582792 -221.99612815570117 83.737919424042857  1.0000000011804278 25.040255657182293 -216.82340674915261 -2975.4599201637993  0.99999910007144377 18.156849101010209 15.288494372052273 2203.3946096099758  1.0000000002952074 -8.1665867723305148 -6.3793705771356333 -1967.5508936619199  0.99999999971740061 -85.894248990967611 -65.084731298830263 -453.73468079147347  1.0000000001240825 9.2144110524876073 7.0000809508972583 2913.8512318704938  1.0000000000211424 -9.2555640427887589 23.016046724705244 -2786.0647131132587  0.99999999997894984 -55.149484481798829 -54.125474974207009 249.90494872674643  1.0000000000008538 -30.391073985283839 -10.238283327847469 -154.35799486689046  0.99999999999912925 35.929693051228817 65.430783985176134 -1301.7351530960723  1.0000000000735789 -42.110478383603777 -32.059361365422689 2937.3855749131367  0.99999999985341204 -43.406277061110885 -32.274499923518057 -2813.4736171570112  1.0000000001441289 9.2238284584976533 5.6289494071091477 2879.9078824106732  1.0000000000007598 -0.13573052121625928 15.112683030138866 27.683321171115548  0.99999999999999878 -5.5363606120985507 16.972357234175668 -2801.8451369948107  1.0000000000012939 -76.265532091193165 -54.565729742503166 202.08710506594537  0.99999999999944444 -9.7601125086500939 -10.11522783605211 -168.29547725639361  1.0000000000005564 -58.631096294079818 -22.75008895187344 2944.6505228416859  1.0000000000550189 -0.079897552268962113 15.179403288951219 7.3628072236616768  0.99999999999992684 -352.27762349616575 -177.91427641820803 -2382.9296977615136  1.000000000070054 89.416683510189529 18.073169128925116 -230.70747081404122  0.99999999994898148 2.2873070028990554 13.065218158929564 2843.7532668686463  1.0000000000320299 -0.20129779745964282 15.138416352259705 -8.3166104558182656  0.9999999999999698 -5.6257219365890831 17.409535249145431 -2861.1345122474004  1.0000000000234925 -41.995136441605929 -31.918099106285389 2832.7573452674433  0.99999999974795206 -43.549129284071931 -32.423246578254748 -2869.4911671702466  1.0000000002520477 4.4846533746859567 12.785461544906445 2824.528272915672  0.99999999993998601 -0.23579918156984117 15.154637031988116 -28.317060447377489  1.000000000000077 -4.8639384629705269 17.596705985976342 -2880.2147803496237  0.99999999991906563 66.859727056869957 5.2496819118990681 118.87331605424862  1.0000000000524496 -300.04216054789163 -156.80501005199085 2496.3311155373099  0.99999999997597866 -0.17777089339674748 15.214917816217628 -44.105170686164143  1.0000000000000246 -62.188419317078619 -14.260062852023738 -2956.0938850207276  0.99999999998104128 -42.429520837791635 -31.964101214894928 2797.6770483257078  0.99999999987907406 -43.128526162313008 -32.382230283645725 -2906.4253479035569  1.0000000001209264 3.4286858833711089 12.308788471017353 2788.6145945917328  1.0000000000019027 -0.29074745034573085 15.187603599688188 -64.317150755172378  0.99999999999999722 -6.8644347353526118 17.383625145099277 -2933.9603890105468  1.000000000003088 -79.372708557374054 -83.880969124124192 1227.8874571268284  1.0000000000379674 35.423171833744753 76.452526836298347 -334.29286831609312  0.99999999986255794 -63.889620242061575 -132.38469426585365 -348.77371876414867  1.0000000005164749 289.25628204522451 -447.99884938052406 741.7877696110512  0.99999999885600521 -629.68968249437967 833.09491459539936 -1866.214529013442  1.0000000024655546 -17050.414481137082 15783.872388720605 -23715.816550549553  0.99998994254660267 -36.49067036790629 -232.12213809726751 -91.729751112735599  1 
-6.1398066173615122 36.438796268716395 91.676009232047846  1 0.29697622247091321 29.20048120818349 80.458494296272988  1.3589721411044531 -2.3494863689038747 47.851768717168198 11684.005325281321  0.99998281086442875 0.015788392453912083 46.713018260694696 83.690701083059025  1.0000000011804278 0.69394700535356779 46.539538842753693 -2975.4892131654337  0.99999910007144377 29.380518751732009 14.993459795302135 2203.4085233182686  1.0000000002952074 -14.636294361326744 -21.506283190557866 -1967.5589645776035  0.99999999971740061 21.996463028664099 53.520815530169479 -453.60052366656697  1.0000000001240825 3.0998122298660427 13.114098440590363 2913.8436712213556  1.0000000000211424 -4.8321079375703277 18.554042948651748 -2786.05924367333  0.99999999997894984 10.156397737419271 26.539272277882645 249.98618191685338  1.0000000000008538 6.5012649394974229 23.529370925654248 -154.31214198330133  0.99999999999912925 -7.8194966826008185 -1.7148665866947368 -1301.789609098008  1.0000000000735789 8.2521811687806199 25.021412510575551 2937.4481880690309  0.99999999985341204 8.4019732511259519 25.04423118413472 -2813.4091785823157  1.0000000001441289 3.0923668892251839 11.260081225811236 2879.9002992655805  1.0000000000007598 -0.91556267723405071 15.871442525361591 27.682356847265641  0.99999999999999878 -3.2010486058510801 9.4843780412594327 -2801.842266519754  1.0000000000012939 10.902032876783112 25.901336164892314 202.19544192555469  0.99999999999944444 5.8031974169246023 24.196814053804424 -168.27606658982768  1.0000000000005564 -90.49459194394926 -131.6344806165641 2944.610656793428  1.0000000000550189 -0.79662233149015016 16.052963044063741 7.3619215218970782  0.99999999999992684 -503.43037752166407 -827.70005789037066 -2383.119254918287  1.000000000070054 268.1777198989347 454.71678067586708 -230.48439213719101  0.99999999994898148 0.19163282058495942 18.073292974108458 2843.750685259537  1.0000000000320299 -0.94446266797365286 15.792638884983061 -8.317529666243443  0.9999999999999698 -3.4963235266039825 8.7269717895203609 -2861.1319010253046  1.0000000000234925 8.240233931549243 25.015075105630629 2832.8198089647167  0.99999999974795206 8.4182040464300361 25.051368317680978 -2869.4265393475002  1.0000000002520477 1.3530062583208813 21.942310998179398 2824.5244206617313  0.99999999993998601 -0.96103367024393005 15.747811997461072 -28.317957630173289  1.000000000000077 -3.3082325935494743 9.5339350069509035 -2880.2128783642133  0.99999999991906563 227.75107463918405 418.24694391025622 119.07416129065764  1.0000000000524496 -419.05013902396496 -746.20873607035276 2496.1816121720549  0.99999999997597866 -0.8588218747804014 15.924009093687024 -44.106012705227215  1.0000000000000246 -82.829033921018677 -135.63049254045848 -2956.1198781863873  0.99999999998104128 8.2926812778436645 25.049165172855162 2797.7401426260385  0.99999999987907406 8.3677005907437767 25.017683780226424 -2906.3613311720678  1.0000000001209264 0.94870978577760978 20.701221495817727 2788.6115477364829  1.0000000000019027 -0.99001614520979897 15.672317327876758 -64.318016105320268  0.99999999999999722 -5.5200240084422365 4.8558557648487799 -2933.9587638020412  1.000000000003088 -0.49636904537954929 91.840021950594419 1227.9858320407602  1.0000000000379674 59.701415806518462 -178.50577689764276 -334.26361426884017  0.99999999986255794 -245.47460651838455 724.1444778785318 -348.99600621017203  1.0000000005164749 542.11216215371189 -1438.0113908857597 742.09797612977354  0.99999999885600521 -1187.8015065152722 2840.3625351236451 -1866.8998176067889  1.0000000024655546 -34223.593422229183 90439.710350824855 -23736.864857226654  0.99998994254660267 15.940370442406952 35.707424760307454 -91.663857552279936  1 
-12.69884201525567 17.685435009131176 91.667815054963953  1 -9.7507355421882984 19.556094569027948 80.44600505489349  1.3589721411044531 -12.775416847722125 24.155433212000059 11683.992262883185  0.99998281086442875 -10.179543031221655 23.117026505178639 83.677982520371827  1.0000000011804278 -9.4671509643755325 22.910604385260047 -2975.5018910960066  0.99999910007144377 -24.523447838003623 9.2053060243992011 2203.3416749175226  1.0000000002952074 6.4707760909538905 33.397817255309988 -1967.5326149596619  0.99999999971740061 -12.056652764166525 -0.0032815663630296294 -453.64292001091604  1.0000000001240825 -3.8107594404526242 15.832207745659876 2913.8351124727892  1.0000000000211424 -4.2843281025907771 11.659298947163499 -2786.0585874289459  0.99999999997894984 -4.1508113337590871 13.273238451658768 249.96839979992242  1.0000000000008538 -6.7582713034195105 10.950739374759065 -154.32862313013356  0.99999999999912925 -6.7363090086691289 10.397697667641165 -1301.7882266975  1.0000000000735789 -5.484221411300374 12.107188029737562 2937.4311163142097  0.99999999985341204 -5.4266544664782632 12.115382675798305 -2813.4263679240426  1.0000000001441289 -3.6082990217947617 15.128371309729525 2879.8920045509008  1.0000000000007598 -4.0510255513113931 13.719851589208179 27.678462333356716  0.99999999999999878 -3.4515946339561823 7.7793628976585696 -2801.8425828065106  1.0000000000012939 -2.9550970949243922 13.105943701612521 202.17821938795103  0.99999999999944444 -7.9106252585542149 11.143946345915033 -168.29311253675135  1.0000000000005564 -58.988945281002984 -85.272596486883572 2944.6498716627198  1.0000000000550189 -3.9669203100395478 13.832078367718301 7.3579835891220853  0.99999999999992684 -299.8675672037669 -563.6872450711586 -2382.8659997728105  1.000000000070054 141.15726246711824 297.76566778495481 -230.64239409146523  0.99999999994898148 -4.3779128995063052 16.387119791421011 2843.7450143096789  1.0000000000320299 -4.0446076170209482 13.644980498689952 -8.3213803796628412  0.9999999999999698 -3.6327164443012721 6.9256703751870887 -2861.1320760910912  1.0000000000234925 -5.4867048018563818 12.101505718620066 2832.8027480030887  0.99999999974795206 -5.4232598435090926 12.121351332241932 -2869.4437436983794  1.0000000002520477 -4.3554528671237041 19.684253835298623 2824.5173357689819  0.99999999993998601 -4.0421081402777546 13.601473452199924 -28.321784695469603  1.000000000000077 -3.7790143352838719 7.479085373726206 -2880.2134689006534  0.99999999991906563 120.20624858582913 275.58157105421901 118.94035284099846  1.0000000000524496 -258.55213972141655 -510.40586079504163 2496.3813815369363  0.99999999997597866 -3.9710758794664898 13.712724884511196 -44.109878642673159  1.0000000000000246 -51.957929076472091 -92.802426688322839 -2956.0814618826316  0.99999999998104128 -5.4665601005707236 12.118143284579396 2797.7230391454827  0.99999999987907406 -5.4428973867032138 12.104973652394674 -2906.3784947857157  1.0000000001209264 -4.3853095157481965 18.933925318259615 2788.6049287466731  1.0000000000019027 -4.0394508715515149 13.525303032704121 -64.321803945757523  0.99999999999999722 -5.2940834533997911 3.7502644589247192 -2933.9584873165732  1.000000000003088 -0.91921633034118932 -1.895230624709995 1227.9849966588336  1.0000000000379674 -21.857745138171897 73.525028780254942 -334.36389549844603  0.99999999986255794 65.333426302140936 -211.98359307685948 -348.61377083411469  1.0000000005164749 -183.55681807500886 544.92697133848276 741.20486704561631  0.99999999885600521 381.95955827961433 -961.49978164988863 -1864.9662330724934  1.0000000024655546 10943.926034169757 -31302.733021834465 -23681.267057366476  0.99998994254660267 -7.2367687701244643 24.197020447628635 -91.692630978457331  1 
-8.0459410783533336 11.935074468327214 91.673564678407288  1 -8.3545854551611267 11.596542035203791 80.447709596528782  1.3589721411044531 -8.4260934228405571 11.933780805342527 11683.997593089054  0.99998281086442875 -8.4851362943138451 11.885035990602631 83.680045983224844  1.0000000011804278 -8.5055616716476177 11.870319291062541 -2975.5007361229773  0.99999910007144377 -1.1155031832850735 13.806945725934517 2203.3707111576346  1.0000000002952074 -14.387010400766043 7.4407953268101208 -1967.5585603880904  0.99999999971740061 -6.9213988583131103 15.45038629557677 -453.63650220927701  1.0000000001240825 -6.1328001847096258 10.768600938077412 2913.8322168619925  1.0000000000211424 -14.078481186984277 11.139675722373793 -2786.0707321057203  0.99999999997894984 -8.1379135167372922 12.179925733820518 249.96345297428118  1.0000000000008538 -8.8581870500905282 12.447894038509931 -154.33122170096385  0.99999999999912925 -7.5139292345581792 13.772146755075875 -1301.7891798295516  1.0000000000735789 -8.496713614462033 12.314499221838314 2937.4273826027775  0.99999999985341204 -8.4997261079294582 12.313539220430483 -2813.4301777889491  1.0000000001441289 -5.7256972708958846 11.661716323519709 2879.8893678607383  1.0000000000007598 -10.156250635878834 10.95533885865968 27.670883849608092  0.99999999999999878 -11.121876293365588 15.693195005763956 -2801.8520662024239  1.0000000000012939 -8.1043326014768997 12.398429928744257 202.17183301796999  0.99999999999944444 -8.8874206994956015 12.220112495332978 -168.29432004576464  1.0000000000005564 4.1856378091307862 100.49377898163156 2944.7288126679518  1.0000000000550189 -10.182633175869286 10.85014744906084 7.3502674000499528  0.99999999999992684 62.49687724466196 528.89845455259751 -2382.4131109067907  1.000000000070054 -43.251137848165932 -244.22760215545193 -230.87282409705259  0.99999999994898148 -9.9616788781913073 9.0052827670756113 2843.7380670126599  1.0000000000320299 -10.166763443393751 11.01463346096654 -8.3289794089793148  0.9999999999999698 -10.908333554063173 16.338192794151084 -2861.1410651988244  1.0000000000234925 -8.4956422367625297 12.313939479317842 2832.7990184492946  0.99999999974795206 -8.5008384512330846 12.314055663690379 -2869.4475589134868  1.0000000002520477 -9.6666035671925314 6.2802740974597819 2824.5107064651552  0.99999999993998601 -10.170922375027281 11.048867203370769 -28.329391721913844  1.000000000000077 -10.61476849357272 15.842170784326914 -2880.221916168337  0.99999999991906563 -23.549823475353776 -222.7683729514205 118.76046882797498  1.0000000000524496 23.732914329335483 479.13741776942823 2496.7346452205593  0.99999999997597866 -10.18232287317066 10.945865925351891 -44.117588580886142  1.0000000000000246 -4.1138896632401032 105.25842924634826 -2956.021487276143  0.99999999998104128 -8.4992344482272433 12.299731724290995 2797.7192791634102  0.99999999987907406 -8.4972729805111022 12.328214062997338 -2906.3822802354139  1.0000000001209264 -10.237816966467628 6.9660794507243899 2788.5976331036422  1.0000000000019027 -10.174372017278449 11.108087705174043 -64.329418094392722  0.99999999999999722 -11.330600029940435 18.87647526860048 -2933.965921165096  1.000000000003088 -7.241087028151286 11.088157631331873 1227.9772017822856  1.0000000000379674 -8.678636924576093 6.7768337624863397 -334.34777737251176  0.99999999986255794 -18.610157722873595 27.668452190479865 -348.71704970265353  1.0000000005164749 16.393879222997867 -21.876302302488742 741.4508870564157  0.99999999885600521 -65.912790039985339 58.986579520120671 -1865.518123457716  1.0000000024655546 -1525.8703524850343 1868.9821738731555 -23696.612084263474  0.99998994254660267 -8.8298534525890151 12.824464082933343 -91.694643850397895  1 
-11.275143397027627 11.136464716407559 91.669558435630535  1 -11.247694995634248 11.783169932866217 80.444123314762706  1.3589721411044531 -10.894487714938546 10.982395304971988 11683.994532394849  0.99998281086442875 -11.040401797119664 11.058359373057035 83.67687519979637  1.0000000011804278 -11.079316923464367 11.071660412262556 -2975.5039296516261  0.99999910007144377 -12.079934921277168 12.609678590964108 2203.3571133898754  1.0000000002952074 -10.685086253170953 13.291237844239788 -1967.553951293231  0.99999999971740061 -13.015965520092458 11.906808728628274 -453.64407003865978  1.0000000001240825 -9.3327572970797856 13.845171341583297 2913.8282596897379  1.0000000000211424 -13.596444580802306 12.752548126274712 -2786.0701290686543  0.99999999997894984 -11.156015348958141 12.687628192918378 249.95971278687975  1.0000000000008538 -11.832429206970211 12.800222372442189 -154.33490801578876  0.99999999999912925 -11.610135878799532 12.298085244409162 -1301.7942632004158  1.0000000000735789 -11.495832887957276 12.744307964803884 2937.4236656267308  0.99999999985341204 -11.493005188925586 12.743589464874377 -2813.4338873846864  1.0000000001441289 -9.125073707207676 13.468826632695073 2879.8851592963388  1.0000000000007598 -11.491711216137769 13.292312786713124 27.669235891395836  0.99999999999999878 -11.997803578702253 10.74007413343241 -2801.8531686344782  1.0000000000012939 -11.130608413925343 12.600839609864808 202.16808168259433  0.99999999999944444 -11.847731381053281 12.888991901287241 -168.2979880374094  1.0000000000005564 -50.338302442655319 -21.121694383247583 2944.660809743069  1.0000000000550189 -11.437394651015589 13.328596098087427 7.3487199628423774  0.99999999999992684 -226.26243218393529 -190.53921878495902 -2382.7735049886674  1.000000000070054 95.751031418182322 113.33861092406458 -230.69930124960766  0.99999999994898148 -11.297865890164692 14.762473148889956 2843.7364295024331  1.0000000000320299 -11.498089188784308 13.260156803505831 -8.3306225443187785  0.9999999999999698 -12.057213839418495 10.458486729614565 -2861.1425091210726  1.0000000000234925 -11.495280366181611 12.745339914696567 2832.7953008776062  0.99999999974795206 -11.493437036668677 12.742542816961713 -2869.4512677116113  1.0000000002520477 -11.011971616679705 15.831677815632862 2824.5090701729318  0.99999999993998601 -11.501641917141706 13.241703167634956 -28.331034280549041  1.000000000000077 -12.000184801241851 10.639944122431983 -2880.2236510765019  0.99999999991906563 84.481998917919654 104.97990754426971 118.89549538107904  1.0000000000524496 -203.01732765511395 -169.69746618040153 2496.4513648858638  0.99999999997597866 -11.451755756222903 13.278094229013544 -44.119154693269756  1.0000000000000246 -48.301818349845242 -24.452869628599995 -2956.0767022145806  0.99999999998104128 -11.490634922898661 12.750720586073681 2797.7155719938742  0.99999999987907406 -11.49802592456151 12.737158790933838 -2906.3859993322644  1.0000000001209264 -11.299514977669958 15.580374236008565 2788.5963453458689  1.0000000000019027 -11.50739247580195 13.209283318343619 -64.331063809762682  0.99999999999999722 -13.388337239008239 9.5031086657861934 -2933.9685035245966  1.000000000003088 -10.792507625978816 13.957647796672561 1227.9728082656816  1.0000000000379674 -11.155463154689095 13.362088976038057 -334.35082636797614  0.99999999986255794 -13.023367772214987 12.185892244766587 -348.71017432747379  1.0000000005164749 -6.6487059942460913 6.8609840270298683 741.42241357979628  0.99999999885600521 -20.27619507002872 24.364718979926277 -1865.4616567259384  1.0000000024655546 -269.00540313091687 291.38856533490144 -23695.063101690055  0.99998994254660267 -10.837073766017165 11.123124909536138 -91.697138064782351  1 
-15.227663183625879 11.477538683816672 91.664659201110084  1 -14.986183221872542 11.875898129263655 80.439488614219243  1.3589721411044531 -14.752936366187727 11.499842194795388 11683.989751463963  0.99998281086442875 -14.758622279746673 11.507543236468884 83.672266810352554  1.0000000011804278 -14.760042097791811 11.508202005270427 -2975.5084915693019  0.99999910007144377 -13.41364059558734 13.505709167152812 2203.3554628393376  1.0000000002952074 -16.192523307040599 11.605213280056162 -1967.5607850685149  0.99999999971740061 -15.528367543526535 12.532247827148886 -453.64718285505762  1.0000000001240825 -12.633236937537829 13.827749737832592 2913.8241676743337  1.0000000000211424 -18.521928367858674 10.986329512956454 -2786.076241590124  0.99999999997894984 -14.607204038799837 12.67531889577258 249.95543393166551  1.0000000000008538 -15.246945717298258 12.622371581817925 -154.33914194904114  0.99999999999912925 -15.077729437980118 12.319517200241922 -1301.7985622712099  1.0000000000735789 -14.930287860990886 12.648944641372765 2937.4194072244877  0.99999999985341204 -14.924252295739786 12.648703885235573 -2813.4381417678524  1.0000000001441289 -12.265275028763007 13.872764988762546 2879.8812673860689  1.0000000000007598 -15.615263385626525 12.388897502618658 27.664120479156736  0.99999999999999878 -16.096702237953821 11.282657023174346 -2801.8582486781625  1.0000000000012939 -14.399532242092057 12.689149227606391 202.1640291351211  0.99999999999944444 -15.44381863573971 12.60851923488484 -168.30244742463395  1.0000000000005564 -38.814547876424093 17.548629913830247 2944.6752253522718  1.0000000000550189 -15.583797395361147 12.375031447139637 7.3435760538154211  0.99999999999992684 -144.82135689469789 33.342056399614123 -2382.6717905797695  1.000000000070054 50.217873327557037 1.822710547802884 -230.75612377110858  0.99999999994898148 -15.372432842616044 13.616220496679476 2843.7313740177578  1.0000000000320299 -15.620924500193548 12.374815987859066 -8.3357370078014519  0.9999999999999698 -16.036028740575517 11.294027989470301 -2861.1474393100179  1.0000000000234925 -14.930061270826462 12.648928600818616 2832.7910420735329  0.99999999974795206 -14.924318800646663 12.648722711685405 -2869.4555216435674  1.0000000002520477 -15.286542019058423 13.47144523938692 2824.5037626941589  0.99999999993998601 -15.623497875326748 12.367099673495522 -28.336147494188388  1.000000000000077 -15.949283913599494 11.265003131906518 -2880.2285451261937  0.99999999991906563 50.850971249502706 3.2767036189479177 118.85346179141148  1.0000000000524496 -145.51365231962473 32.784060863333735 2496.5233304751869  0.99999999997597866 -15.589525696619058 12.355671816710181 -44.124287795885301  1.0000000000000246 -40.515156152092551 14.914475272240486 -2956.0669176175343  0.99999999998104128 -14.926499110654419 12.648397305107576 2797.7113118599632  0.99999999987907406 -14.92780152521574 12.649257904825941 -2906.390251905998  1.0000000001209264 -15.69086801553615 13.462981847021121 2788.5908938956686  1.0000000000019027 -15.62653948830712 12.353189816020128 -64.336173603424484  0.99999999999999722 -17.311825737524988 11.301449064094456 -2933.97336191567  1.000000000003088 -13.840337077402051 13.215497487158242 1227.9690270386022  1.0000000000379674 -15.219771434685402 12.684032076850844 -334.35586746052445  0.99999999986255794 -18.349372377938295 10.082747196850992 -348.71678497876769  1.0000000005164749 -6.3742935865313521 14.010639551336395 741.42277851736424  0.99999999885600521 -33.605608759405698 5.933567281862409 -1865.4782459476498  1.0000000024655546 -513.42071184510985 -151.76155397481222 -23695.358990492336  0.99998994254660267 -14.454011624763728 11.512994635016035 -91.701621079596705  1 
-15.689064563858485 11.523827883076258 91.664087305537706  1 -15.432071612516458 11.886317296028952 80.438935832727182  1.3589721411044531 -15.21611170243373 11.556908428072894 11683.989177448144  0.99998281086442875 -15.207882575600907 11.555573772136897 83.671709973177798  1.0000000011804278 -15.205637379503123 11.554513880863846 -2975.5090438676152  0.99999910007144377 -13.728130205189888 13.545796253689218 2203.3550730720835  1.0000000002952074 -16.737017975164193 11.432486373517838 -1967.5614607169659  0.99999999971740061 -15.826047778842538 12.601884135719919 -453.64755169236861  1.0000000001240825 -13.152590828013851 13.775836346662643 2913.8235236124324  1.0000000000211424 -18.892964755954821 10.938219030134073 -2786.0767017733233  0.99999999997894984 -15.026763543583888 12.661343900458725 249.95491371193927  1.0000000000008538 -15.656296682943603 12.596260820393647 -154.33964955233617  0.99999999999912925 -15.471868135869505 12.356922899842292 -1301.7990508060645  1.0000000000735789 -15.344854743251995 12.628880299810032 2937.4188931797112  0.99999999985341204 -15.338590529149084 12.628678128389614 -2813.4386555393917  1.0000000001441289 -12.789903645962378 13.88284879904632 2879.8806169803929  1.0000000000007598 -16.059517608598824 12.338807767644044 27.663569522885545  0.99999999999999878 -16.513501700525353 11.520321460913443 -2801.8587646404335  1.0000000000012939 -14.798862008168459 12.691037403414189 202.16353404899144  0.99999999999944444 -15.873446609808369 12.56612829722512 -168.3029802215211  1.0000000000005564 -36.890386700519258 23.664833645061282 2944.677631244514  1.0000000000550189 -16.031377590678623 12.317473478934859 7.3430209491879728  0.99999999999992684 -132.17529247311444 68.692093423500268 -2382.6559945537715  1.000000000070054 43.301735980968751 -15.807208154032258 -230.76475697103015  0.99999999994898148 -15.839148109637183 13.459077996186565 2843.7307948588191  1.0000000000320299 -16.064794779708262 12.328284691667097 -8.3362874762456016  0.9999999999999698 -16.443610688577824 11.564129356478903 -2861.1479437365847  1.0000000000234925 -15.344635249427181 12.62873406436052 2832.7905280138361  0.99999999974795206 -15.33864952582768 12.628828140866336 -2869.4560353997563  1.0000000002520477 -15.766874685350242 13.147938654814878 2824.5031661000307  0.99999999993998601 -16.067116410588202 12.322584792659015 -28.336697643825481  1.000000000000077 -16.354411167813975 11.500012952108612 -2880.2290466264012  0.99999999991906563 45.06626480383283 -12.945737817069713 118.84623602370392  1.0000000000524496 -135.1926660887458 64.926639643514378 2496.5362331977935  0.99999999997597866 -16.03588740183033 12.303804330708683 -44.124841370923249  1.0000000000000246 -38.873947396435717 21.284857306703522 -2956.0648616969002  0.99999999998104128 -15.341352165684526 12.627257033575981 2797.7107974702503  0.99999999987907406 -15.341852806339018 12.630308848075304 -2906.390765331716  1.0000000001209264 -16.169782571757825 13.198054878087861 2788.5902992622659  1.0000000000019027 -16.069651387481226 12.312071480972261 -64.336723113668384  0.99999999999999722 -17.66637095842416 11.764051423898371 -2933.9737999377558  1.000000000003088 -14.263428117898631 13.023052095162173 1227.9685018839182  1.0000000000379674 -15.695571849075428 12.542914180194924 -334.35645797115262  0.99999999986255794 -18.702032347720579 10.53278232894481 -348.7172201827504  1.0000000005164749 -7.0350933506038507 13.222978892484381 741.42195545686729  0.99999999885600521 -33.672071143001844 7.3014930566314051 -1865.4783212623659  1.0000000024655546 -501.36522788461224 -105.4415192772461 -23695.354081447171  0.99998994254660267 -14.907525032699722 11.568500103825214 -91.702183164986124  1 
-16.118623772343948 11.567165428648066 91.663554878388624  1 -15.861278213263267 11.897160664219463 80.438403734873106  1.3589721411044531 -15.663595839119036 11.581632063234773 11683.988622627778  0.99998281086442875 -15.652550595806023 11.572892398567483 83.671158727635216  1.0000000011804278 -15.649717425753998 11.570394622493987 -2975.5095943925712  0.99999910007144377 -14.227516419466982 13.53129859159335 2203.3544538663123  1.0000000002952074 -17.096455345533894 11.362160879508048 -1967.5619065698625  0.99999999971740061 -16.15208497871448 12.625644572620487 -453.64795583976752  1.0000000001240825 -13.811900923845418 13.694285368363371 2913.8227059161313  1.0000000000211424 -18.97230756107481 11.112974347930525 -2786.0767995556025  0.99999999997894984 -15.459114080239237 12.632796135328705 249.95437758559456  1.0000000000008538 -16.066046531681934 12.572369810131065 -154.34015764299255  0.99999999999912925 -15.840190187248492 12.443833916322909 -1301.7995071655077  1.0000000000735789 -15.765840821711054 12.602672823748795 2937.4183711493347  0.99999999985341204 -15.759689575750876 12.602454580553742 -2813.4391777070796  1.0000000001441289 -13.485131874485806 13.866444822447232 2879.879754976218  1.0000000000007598 -16.425125820549479 12.386897756174228 27.663116398453269  0.99999999999999878 -16.820081834437872 11.937800308155804 -2801.8591433552911  1.0000000000012939 -15.217944894958919 12.680169664432364 202.16301443075088  0.99999999999944444 -16.296736272263104 12.523953759366698 -168.30350515970312  1.0000000000005564 -34.700434088484272 30.565271734571933 2944.6803692693993  1.0000000000550189 -16.400410190271199 12.357537470387248 7.3425635525323694  0.99999999999992684 -118.24253833738847 108.37008628334122 -2382.6385889146859  1.000000000070054 35.706840395190603 -35.62679058570302 -230.77423896853557  0.99999999994898148 -16.260885435028509 13.330277185638311 2843.7302715579381  1.0000000000320299 -16.42964596913944 12.380907337954612 -8.3367396470707966  0.9999999999999698 -16.749344902141605 12.003635424525125 -2861.148321329511  1.0000000000234925 -15.765584850693022 12.602429737169318 2832.7900060305305  0.99999999974795206 -15.759791703449631 12.602700197931352 -2869.456557622756  1.0000000002520477 -16.189058559779049 12.858733936162363 2824.502641713068  0.99999999993998601 -16.431558635872371 12.377698690009513 -28.337149299344883  1.000000000000077 -16.660590633538771 11.898354469472267 -2880.2294249080769  0.99999999991906563 38.005307025305839 -31.326592299483654 118.83742078234742  1.0000000000524496 -122.443478008678 101.19976160415129 2496.5521601400869  0.99999999997597866 -16.403618247227087 12.350789672327714 -44.125297130679414  1.0000000000000246 -36.690055027266659 28.587558634419572 -2956.0621298518467  0.99999999998104128 -15.762745036155255 12.59987780092797 2797.7102749274941  0.99999999987907406 -15.762555257278732 12.605253755377021 -2906.3912869996648  1.0000000001209264 -16.569860624468152 12.994738833538229 2788.5898025562974  1.0000000000019027 -16.433400472106293 12.371303938023072 -64.337173896142502  0.99999999999999722 -17.869344136751071 12.459810250932078 -2933.9740492914602  1.000000000003088 -14.780829195937063 12.705098904601387 1227.9678593400947  1.0000000000379674 -16.106633679087906 12.455067094148781 -334.3569678413939  0.99999999986255794 -18.779995758772206 11.49289745514197 -348.71731388391208  1.0000000005164749 -8.3630354151811233 11.096034149972949 741.42030251048413  0.99999999885600521 -32.155828257059746 11.80697798754222 -1865.4764275495515  1.0000000024655546 -449.47354158674091 20.899595750389384 -23695.284973510832  0.99998994254660267 -15.382087473692991 11.607493058411945 -91.702771401985075  1 
-16.48375205327217 11.606453474775584 91.663102319833584  1 -16.249804066527382 11.911622847763308 80.437922085369692  1.3589721411044531 -16.065445132517631 11.556552261252039 11683.988124031328  0.99998281086442875 -16.072166239920488 11.544533395192818 83.670638390658326  1.0000000011804278 -16.074392903515186 11.541366255351956 -2975.5101210138137  0.99999910007144377 -14.845889461828579 13.504315766267597 2203.353687123491  1.0000000002952074 -17.274301375323894 11.422447725431178 -1967.5621268750019  0.99999999971740061 -16.51082039561949 12.597382403163946 -453.64840069939447  1.0000000001240825 -14.566326533388288 13.612587718064404 2913.821770316637  1.0000000000211424 -18.792144658934582 11.492815609896937 -2786.0765749420621  0.99999999997894984 -15.898930303237208 12.596121098319177 249.9538321767254  1.0000000000008538 -16.464256726630023 12.567015634220823 -154.34065136565602  0.99999999999912925 -16.173693840082649 12.591606371154647 -1301.7999201577366  1.0000000000735789 -16.184521162537628 12.581724600183019 2937.417852001443  0.99999999985341204 -16.179005851344954 12.581399118803636 -2813.4396976535595  1.0000000001441289 -14.300676677571653 13.84668096102153 2879.878743791598  1.0000000000007598 -16.706257093857602 12.538738198200452 27.662768353581605  0.99999999999999878 -17.016049156287902 12.497027931760391 -2801.8593844612274  1.0000000000012939 -15.657972782317403 12.660766574074387 202.1624688167808  0.99999999999944444 -16.695350762755844 12.500515144661186 -168.30399944359596  1.0000000000005564 -32.466937914158727 37.585916607140838 2944.6831616783165  1.0000000000550189 -16.68475970206201 12.501536204959464 7.3422114916347052  0.99999999999992684 -104.29413900364689 148.46206471628449 -2382.621162504804  1.000000000070054 28.079407821882356 -55.671899714045644 -230.78376205405638  0.99999999994898148 -16.624985443686043 13.259582941848564 2843.7298199091369  1.0000000000320299 -16.709716652108185 12.537719263860199 -8.3370863605130374  0.9999999999999698 -16.95232145775714 12.572848201764286 -2861.1485710923448  1.0000000000234925 -16.184187210376411 12.58145954145227 2832.789486976375  0.99999999974795206 -16.17920088695481 12.581662221176016 -2869.4570776816086  1.0000000002520477 -16.542389212273957 12.64888453006888 2824.5022029518959  0.99999999993998601 -16.711098300209457 12.537185632756437 -28.337495345543982  1.000000000000077 -16.867075891167843 12.424673718123426 -2880.2296791664021  0.99999999991906563 30.307567662661231 -50.038659611056381 118.82781495752593  1.0000000000524496 -108.51174086406024 138.02846676043973 2496.569555057757  0.99999999997597866 -16.686674905817533 12.502143240430764 -44.125647564272953  1.0000000000000246 -34.20010149692699 36.103907917389911 -2956.0590178407333  0.99999999998104128 -16.181950947773853 12.577809603720619 2797.7097551020606  0.99999999987907406 -16.181369211371273 12.585309074085405 -2906.3918062975731  1.0000000001209264 -16.883173786392593 12.888418151307903 2788.5894137563728  1.0000000000019027 -16.71211732414719 12.535150220929793 -64.337518907747011  0.99999999999999722 -17.931603452383307 13.321735870643352 -2933.9741236185105  1.000000000003088 -15.383124455501736 12.285285998252307 1227.9671112217086  1.0000000000379674 -16.416713254888485 12.506990108539833 -334.35735213063447  0.99999999986255794 -18.697292752613798 12.6229297395929 -348.71720751262546  1.0000000005164749 -10.022897153930908 8.3476418748818251 741.41823529031399  0.99999999885600521 -29.70529113030037 17.978714263573067 -1865.4733684641258  1.0000000024655546 -376.93534225526224 182.87830320259405 -23695.196122261215  0.99998994254660267 -15.860723769695475 11.609282680884711 -91.703364813314167  1 
-16.747545043814167 11.659171693075034 91.662775442209622  1 -16.571859915501889 11.946342309541196 80.437522913171037  1.3589721411044531 -16.386497548767675 11.499769053105798 11683.987725360432  0.99998281086442875 -16.439049219147734 11.489202625465499 83.670183342573651  1.0000000011804278 -16.45387477041259 11.486234929460833 -2975.5105916937869  0.99999910007144377 -15.501517957631009 13.504558407717457 2203.3528742603721  1.0000000002952074 -17.309194734063887 11.609767527409593 -1967.5621695044299  0.99999999971740061 -16.871278837403253 12.559159036517313 -453.64884772494838  1.0000000001240825 -15.352851057822599 13.558989450500111 2913.8207949890507  1.0000000000211424 -18.432041982827336 12.024951638650816 -2786.0761267074786  0.99999999997894984 -16.32627402205058 12.575063386822203 249.95330228342451  1.0000000000008538 -16.825600439713302 12.611562158944734 -154.34109921556157  0.99999999999912925 -16.467287357151459 12.801837827422951 -1301.8002834642816  1.0000000000735789 -16.57823989555931 12.593598710787377 2937.4173639154192  0.99999999985341204 -16.573927731635628 12.593060269753302 -2813.440187252304  1.0000000001441289 -15.163491919445265 13.847745064487009 2879.8776740700428  1.0000000000007598 -16.912103214233625 12.781558989002866 27.662513949833603  0.99999999999999878 -17.121141190208352 13.144855509852079 -2801.8595126051596  1.0000000000012939 -16.105139565485185 12.65437680536709 202.16191439540114  0.99999999999944444 -17.03794437562436 12.529348128682377 -168.30442409910486  1.0000000000005564 -30.346528085156812 44.215963557151966 2944.6858125849553  1.0000000000550189 -16.893460367942506 12.737208271666908 7.3419535250707311  0.99999999999992684 -91.206525369960104 185.99486845067543 -2382.6048117985756  1.000000000070054 20.901546111575911 -74.408799781857383 -230.79272341562069  0.99999999994898148 -16.929042606305856 13.261769294805024 2843.7294429437006  1.0000000000320299 -16.914325989969164 12.785462292492417 -8.3373392145502745  0.9999999999999698 -17.070042924166067 13.220308419520265 -2861.1487148957508  1.0000000000234925 -16.577809021858464 12.593419460272187 2832.7889990112867  0.99999999974795206 -16.574239460795553 12.593229668126288 -2869.4575674260473  1.0000000002520477 -16.828458408588194 12.539617154055678 2824.5018479205082  0.99999999993998601 -16.91511167000403 12.787535494310596 -28.337747452045523  1.000000000000077 -16.990729117964772 13.03122008159596 -2880.2298304562873  0.99999999991906563 22.595206112102375 -67.625472104121513 118.81819473096826  1.0000000000524496 -94.53484869227502 172.65664701358992 2496.5869986646303  0.99999999997597866 -16.894162365958074 12.74492852683041 -44.125904003092799  1.0000000000000246 -31.634565143881851 43.262945437414714 -2956.0558132989036  0.99999999998104128 -16.576278323017181 12.588740956312604 2797.7092662386094  0.99999999987907406 -16.575714118563223 12.597897212968423 -2906.3922951584241  1.0000000001209264 -17.117526482896267 12.888953401403942 2788.5891232000404  1.0000000000019027 -16.915254791148662 12.789700314156189 -64.337769914344591  0.99999999999999722 -17.887769259238969 14.269793945168674 -2933.9740661333253  1.000000000003088 -16.015642123389981 11.839286602744231 1227.9663255324524  1.0000000000379674 -16.628348655964711 12.719693301846521 -334.35761377170218  0.99999999986255794 -18.543091521185893 13.683170660125596 -348.71701296760358  1.0000000005164749 -11.685099602229307 5.61929739706442 741.41616576399531  0.99999999885600521 -27.009480294870833 24.425351956480206 -1865.4700055146811  1.0000000024655546 -301.67760562235418 342.88832705328434 -23695.099362185414  0.99998994254660267 -16.304829172463826 11.578640871663021 -91.703915520640109  1 
-17.35935527795019 12.230103139417535 91.662018810280102  1 -17.669248614923351 12.449528279763998 80.436164031982244  1.3589721411044531 -17.373210488137673 11.52827991860225 11683.986500405172  0.99998281086442875 -17.77972923018519 11.526136889873605 83.668521279446153  1.0000000011804278 -17.88875462397176 11.523655441202328 -2975.5123705908863  0.99999910007144377 -18.503670108624139 13.762166850452079 2203.3491530321312  1.0000000002952074 -17.023147750109349 13.015108763557658 -1967.5618102056624  0.99999999971740061 -18.194598647350912 12.847626099692995 -453.6504874272967  1.0000000001240825 -18.990522059262744 13.540729602091025 2913.8162849175233  1.0000000000211424 -16.267298989582443 15.013337755454863 -2786.0734329258544  0.99999999997894984 -18.093693695660935 12.811150851268636 249.95111180921646  1.0000000000008538 -18.151147384100419 13.327228003451594 -154.34274026783228  0.99999999999912925 -17.706738864393589 14.022028107575116 -1301.8018161160539  1.0000000000735789 -18.121026891144798 13.07029712754661 2937.4154527807864  0.99999999985341204 -18.123814562275751 13.068421755388966 -2813.4421072791388  1.0000000001441289 -19.189810315945785 14.046217604962163 2879.8726828677159  1.0000000000007598 -17.611291249348639 14.28495598096768 27.661652080767453  0.99999999999999878 -17.316612148645792 16.427757317419854 -2801.8597440565741  1.0000000000012939 -18.078079814332082 12.938009137680005 202.1594692727713  0.99999999999944444 -18.165569785895336 13.191389242210491 -168.30581994425356  1.0000000000005564 -21.206129947423307 72.48022444744899 2944.6972387338583  1.0000000000550189 -17.604290458459527 14.211104344881361 7.3410771241736095  0.99999999999992684 -35.21997902442294 344.20129869989711 -2382.5348741150847  1.000000000070054 -9.5805788774186134 -152.71981323173881 -230.83077532654659  0.99999999994898148 -18.114800818410448 13.640801588590771 2843.7279740885915  1.0000000000320299 -17.60738441964666 14.310417400882066 -8.3381934125269712  0.9999999999999698 -17.340298885439402 16.466142695680574 -2861.1490391897305  1.0000000000234925 -18.120331308677056 13.071074205275274 2832.7870881818667  0.99999999974795206 -18.124447630414277 13.067589234401602 -2869.4594878293642  1.0000000002520477 -17.913772332075997 12.521673145892461 2824.5005022770297  0.99999999993998601 -17.60528239991654 14.323763998222187 -28.338598032406253  1.000000000000077 -17.296672924858179 16.103367629760488 -2880.2301995739017  0.99999999991906563 -11.787515322644531 -141.46234104526235 118.77532167963165  1.0000000000524496 -31.622693899286698 319.22158703880962 2496.6654841353679  0.99999999997597866 -17.599802257992401 14.249405211623513 -44.126773867645838  1.0000000000000246 -19.884566368728198 73.973484315641812 -2956.0411436105364  0.99999999998104128 -18.121774441347252 13.062208600821622 2797.7073516360651  0.99999999987907406 -18.122996084245148 13.076393087103396 -2906.3942118478299  1.0000000001209264 -17.931409988756673 13.379086239868808 2788.5881157680974  1.0000000000019027 -17.601328363700585 14.343922224355023 -64.338615355291338  0.99999999999999722 -17.364374446372601 18.879484570480841 -2933.9734019216635  1.000000000003088 -18.66395303402291 10.259373190740412 1227.9630368955313  1.0000000000379674 -17.371507652467791 14.215798344071121 -334.35853020089093  0.99999999986255794 -17.571761887935828 18.338611602150301 -348.71579317557581  1.0000000005164749 -18.602924903328578 -5.3683676955486375 741.40755234589801  0.99999999885600521 -15.277470398879629 52.10357650109286 -1865.4553678339989  1.0000000024655546 22.676110838512479 1006.4820990549745 -23694.696505842068  0.99998994254660267 -17.919943316358967 11.583819422127355 -91.705917935608667  1 
-14.359971847824854 16.944452673132236 91.665753114968254  1 -16.043831456010292 17.177439880225656 80.438194928944085  1.3589721411044531 -15.199221971477586 18.37262792812956 11683.9892310696  0.99998281086442875 -16.224050650857986 18.051616283370773 83.670471679035586  1.0000000011804278 -16.46004381195009 17.974704119796364 -2975.5105774793274  0.99999910007144377 -19.859024111281425 15.525621378946985 2203.347478528904  1.0000000002952074 -15.597250178769247 16.217378663314488 -1967.560031758786  0.99999999971740061 -13.667610975111156 20.051842120982712 -453.64485090408698  1.0000000001240825 -20.957781183815346 14.972258606112545 2913.8138506317218  1.0000000000211424 -13.752923910593184 18.861478509539271 -2786.0703027973445  0.99999999997894984 -16.473294574696823 17.097602643920926 249.95313499652269  1.0000000000008538 -15.60876728496857 18.523874880738845 -154.33957093052197  0.99999999999912925 -18.721401313700365 15.06651272407845 -1301.8030704724431  1.0000000000735789 -16.043256273189133 17.81180658564039 2937.4180442022944  0.99999999985341204 -16.038473365806336 17.81034660579445 -2813.4395057703637  1.0000000001441289 -21.461247928122827 15.461852394320303 2879.8698714202196  1.0000000000007598 -17.308932318107864 16.93982930434915 27.662035759717018  0.99999999999999878 -16.62903045411765 19.624364631045204 -2801.858880977557  1.0000000000012939 -17.124150534144835 17.115517219922022 202.16066580249162  0.99999999999944444 -14.974173146634723 18.488226303687014 -168.30184561878553  1.0000000000005564 -18.159006769336532 79.760725504137426 2944.7010407444818  1.0000000000550189 -17.30381903688464 16.86214906643162 7.3414584502672913  0.99999999999992684 -17.67155593502455 375.23864426083298 -2382.513014420897  1.000000000070054 -14.171750108856338 -159.78695576396069 -230.83649095427842  0.99999999994898148 -18.148765286195083 15.712982125893356 2843.7279388569227  1.0000000000320299 -17.300509310130803 16.971625311001837 -8.3378041133564835  0.9999999999999698 -16.742016646913054 19.52779215399865 -2861.1482872732031  1.0000000000234925 -16.04625884853521 17.814990853429915 2832.7896752304055  0.99999999974795206 -16.034608872240444 17.80715058277886 -2869.4568809490884  1.0000000002520477 -17.860728839103317 14.800498427247886 2824.5005756068795  0.99999999993998601 -17.296477713486659 16.987784982887248 -28.338206331595547  1.000000000000077 -16.748867903326037 19.135103657961213 -2880.2295103346828  0.99999999991906563 -22.732475840670542 -149.08696185102906 118.7617267199785  1.0000000000524496 -1.9420652067134545 350.41555235454683 2496.7023859580086  0.99999999997597866 -17.297857027159534 16.907478962205786 -44.126390690985474  1.0000000000000246 -13.789123646520364 82.419123240366758 -2956.0335583918627  0.99999999998104128 -16.038546289179013 17.80758685874914 2797.709950580449  0.99999999987907406 -16.042009367712929 17.814436575664054 -2906.3916164871389  1.0000000001209264 -17.62666312438791 15.910442761014657 2788.5885019926118  1.0000000000019027 -17.290273534914672 17.011828500989481 -64.338220851826151  0.99999999999999722 -16.188297336825791 22.555849821528092 -2933.971931614959  1.000000000003088 -15.20117915208654 16.8129163282448 1227.9673518182683  1.0000000000379674 -18.624512044285364 14.277531349822981 -334.36008344844652  0.99999999986255794 -14.539237391974332 27.561458590260511 -348.71200294202902  1.0000000005164749 -18.114857100074715 -1.9365493617624532 741.4081691303661  0.99999999885600521 -15.252409118776843 53.376396653627722 -1865.455333149516  1.0000000024655546 126.42472189088454 1204.7117550244179 -23694.564666872404  0.99998994254660267 -14.254194229737438 16.378599115720288 -91.701357192148308  1 
-18.14709509177651 16.036925190179669 91.661054800719114  1 -17.760443671246247 16.589657508548054 80.436064709830077  1.3589721411044531 -18.504264550653971 15.275452941628119 11683.985104714358  0.99998281086442875 -17.902130300212274 15.43292314734807 83.668382493831416  1.0000000011804278 -17.754706944962397 15.471381645377914 -2975.5121914853903  0.99999910007144377 -17.575164379266479 18.523722726060321 2203.3503200621108  1.0000000002952074 -16.203349219740023 18.364165440693487 -1967.5607761121391  0.99999999971740061 -19.011473190307189 15.765727279760165 -453.65149047958562  1.0000000001240825 -18.990973612010766 17.741268430723487 2913.8162982934073  1.0000000000211424 -15.712038183238434 19.49526667721485 -2786.072729626505  0.99999999997894984 -18.103340371036108 16.988272300951813 249.9511137235796  1.0000000000008538 -18.559456274341716 16.816846570629238 -154.34323492053875  0.99999999999912925 -16.577330014787563 19.240820211030822 -1301.8003986255919  1.0000000000735789 -18.344994346020588 16.90083453215864 2937.4151879923979  0.99999999985341204 -18.318112096827878 16.904277643115101 -2813.4423356101288  1.0000000001441289 -19.216487724778862 18.037027521926802 2879.8726630365618  1.0000000000007598 -17.33034599118912 18.628274670198444 27.66201481504034  0.99999999999999878 -16.937607473512845 19.86221988834351 -2801.8592627607832  1.0000000000012939 -17.801008265448097 17.02373358428968 202.15982636145782  0.99999999999944444 -18.853459440936877 16.777657159896172 -168.30666090406808  1.0000000000005564 -22.432835970404003 62.409523162801904 2944.6956844351544  1.0000000000550189 -17.320608814108368 18.570545338100359 7.3414433045502943  0.99999999999992684 -42.660215769049046 264.25661499452303 -2382.5443639240257  1.000000000070054 -6.437005285286296 -107.39777408168105 -230.82672747125392  0.99999999994898148 -17.800909841947018 18.243150230492272 2843.7283785301925  1.0000000000320299 -17.325507736997352 18.642454671428798 -8.3378295609100146  0.9999999999999698 -17.001939332467146 19.767005274747994 -2861.1486087288972  1.0000000000234925 -18.36951499619866 16.896615081736964 2832.7867920077938  0.99999999974795206 -18.293155966808435 16.908558443513975 -2869.4596843154195  1.0000000002520477 -17.646505675223032 17.746428138129751 2824.5008509789723  0.99999999993998601 -17.323190240842834 18.649298704542701 -28.33823393522356  1.000000000000077 -17.01044275082182 19.527822123594969 -2880.2298333385215  0.99999999991906563 -12.149313111381614 -100.44718871882019 118.77500925495096  1.0000000000524496 -32.020451469730915 249.0704295562569 2496.6647581512993  0.99999999997597866 -17.317547522463038 18.590603496565215 -44.126409516895244  1.0000000000000246 -19.7589717340432 63.150369913632638 -2956.0410238436875  0.99999999998104128 -18.347828802059219 16.892601837490748 2797.7070838996992  0.99999999987907406 -18.314490455857545 16.912635646363647 -2906.3944363455389  1.0000000001209264 -17.541355921058688 18.494558221347376 2788.5886163500791  1.0000000000019027 -17.319614095895538 18.658332678028305 -64.338251763568351  0.99999999999999722 -16.861419110309164 21.90316328309034 -2933.9727683045498  1.000000000003088 -19.850573291682799 13.4577599925129 1227.9615763397155  1.0000000000379674 -15.284191125982016 21.463004795424315 -334.35591833185077  0.99999999986255794 -23.207474678458226 12.068004461057427 -348.72280096914801  1.0000000005164749 -7.4823937135744467 20.165764074831973 741.42142392860183  0.99999999885600521 -36.728852381994756 12.019801908029816 -1865.4820954133024  1.0000000024655546 -686.08724506554609 -344.64656889184249 -23695.583761103688  0.99998994254660267 -17.931000429566833 15.81526145309434 -91.70591760111634  1 
-18.856537891622214 17.346187753510875 91.660179572528932  1 -18.431258551437917 17.543439516136729 80.4352361933922  1.3589721411044531 -19.069725045797394 16.285173139434026 11683.984410563469  0.99998281086442875 -18.502282634525244 16.459102349331577 83.66764182542768  1.0000000011804278 -18.369407229653621 16.500549860695312 -2975.5129500668168  0.99999910007144377 -14.488988542316008 20.84706495850071 2203.3541539551011  1.0000000002952074 -20.285972173223687 17.231017107727546 -1967.5658414623251  0.99999999971740061 -20.777980929350804 16.900171991247042 -453.65367690344732  1.0000000001240825 -13.904220261046921 21.15484637587863 2913.8226162594874  1.0000000000211424 -23.356231334282395 16.132856603703367 -2786.0822181574667  0.99999999997894984 -18.598301158781521 18.24446644048782 249.95050423095955  1.0000000000008538 -19.124989586137865 17.935509376711376 -154.34393235438228  0.99999999999912925 -17.157207135677108 20.070164219627038 -1301.8011147580589  1.0000000000735789 -18.864901275594416 18.089849832835249 2937.4145472454288  0.99999999985341204 -18.858632380380758 18.09004475450562 -2813.4430017092541  1.0000000001441289 -13.248242735623579 21.339507799122799 2879.880073469943  1.0000000000007598 -18.690952949245929 18.611982366978307 27.660327869333411  0.99999999999999878 -19.348330622726316 17.666174960934711 -2801.8622588785656  1.0000000000012939 -18.289963866243504 18.217958515614871 202.15922410658609  0.99999999999944444 -19.423666049256099 17.960678372251678 -168.3073639168617  1.0000000000005564 -26.572019618083623 44.475741535800964 2944.6904931373251  1.0000000000550189 -18.683034222389864 18.568584485056373 7.3397541518717526  0.99999999999992684 -65.531499688214979 153.5790256737921 -2382.5730872712588  1.000000000070054 4.0499947230462467 -50.585235318229245 -230.81353704112217  0.99999999994898148 -18.032665883041975 20.003417936665723 2843.728097041711  1.0000000000320299 -18.698698403088056 18.600355927931311 -8.3395321936584246  0.9999999999999698 -19.178934611744708 17.87396442087589 -2861.1513140603761  1.0000000000234925 -18.885836302724009 18.086230194605314 2832.7861557728552  0.99999999974795206 -18.837415157639704 18.093688464498445 -2869.4603551145437  1.0000000002520477 -18.267567344304268 19.386681413027063 2824.5000864243311  0.99999999993998601 -18.701960254652104 18.594807056320814 -28.33994352642847  1.000000000000077 -19.110219637361755 17.828528379372852 -2880.2324423051627  0.99999999991906563 16.021129894651231 -44.562552406766166 118.81012069940495  1.0000000000524496 -88.405974921509426 143.70603180726854 2496.5945011853069  0.99999999997597866 -18.684884401027492 18.556512743407509 -44.128104865440719  1.0000000000000246 -32.279893262709827 41.384152061829397 -2956.0566197010689  0.99999999998104128 -18.881578659081875 18.082886440180378 2797.706426217962  0.99999999987907406 -18.841237794993134 18.097096496867604 -2906.3950855946068  1.0000000001209264 -18.734412640262324 19.360414595560552 2788.5871400805336  1.0000000000019027 -18.705739345536465 18.585457097125737 -64.33997053493097  0.99999999999999722 -20.383771456803338 18.306943774587648 -2933.9771472650541  1.000000000003088 -18.767597142386546 17.297606862603303 1227.9629317653055  1.0000000000379674 -16.977598506286956 20.539177109352941 -334.35802091454576  0.99999999986255794 -24.764347183447583 11.669264693505689 -348.72473244882315  1.0000000005164749 -4.9997604185631719 26.150187106506028 741.42452163136034  0.99999999885600521 -46.537259799768819 -1.5945890957421864 -1865.4943008212656  1.0000000024655546 -856.98590097376018 -609.04327470846556 -23695.798173547399  0.99998994254660267 -18.765050830541231 17.049178924314504 -91.706947567153335  1 
-17.318754367066791 20.143057387646419 91.662095409976232  1 -18.575494267729422 19.510551313605021 80.435063896654299  1.3589721411044531 -17.756511003435989 20.117914024100568 11683.986061375705  0.99998281086442875 -18.078423231513099 20.039168039459462 83.668179210624373  1.0000000011804278 -18.156231850099552 20.020333088898987 -2975.5126737731325  0.99999910007144377 -24.450024236581061 16.653142873394824 2203.3417899886326  1.0000000002952074 -18.587286576391083 16.9890130483255 -1967.5637359631735  0.99999999971740061 -18.182554019841884 22.434053400007631 -453.65044079834377  1.0000000001240825 -17.071385648407734 21.119670398619295 2913.8186894060605  1.0000000000211424 -19.982912783027952 19.936926594345721 -2786.0780232042571  0.99999999997894984 -18.093161097249119 20.582141399151062 249.95113824834371  1.0000000000008538 -17.889565038439329 20.998228516783108 -154.34239047995368  0.99999999999912925 -18.736033273285432 19.740533991023387 -1301.8030731606921  1.0000000000735789 -17.982154197486821 20.792314543674479 2937.4156503664349  0.99999999985341204 -18.00040022198289 20.788260609175257 -2813.4419284296805  1.0000000001441289 -16.913136299635269 21.494444258351663 2879.8755302298991  1.0000000000007598 -18.545810633023734 20.519984773701673 27.660514150887753  0.99999999999999878 -19.000654400674161 21.453784388503518 -2801.8618152692775  1.0000000000012939 -18.277635980811098 20.544560474813903 202.159247092957  0.99999999999944444 -17.708643223875203 21.0260800037676 -168.30522742321332  1.0000000000005564 -21.969570120079013 70.746141034399542 2944.6962864502775  1.0000000000550189 -18.543339132681275 20.451167019715715 7.3399335955521128  0.99999999999992684 -40.037858583997128 299.69065413018916 -2382.5409951033434  1.000000000070054 -6.9168759775038859 -118.51776334601095 -230.82735932140668  0.99999999994898148 -18.100990929140121 20.610965128467271 2843.7280143434145  1.0000000000320299 -18.551420520214677 20.531037699590168 -8.3393431891355139  0.9999999999999698 -18.956744335749097 21.565856228870683 -2861.1510263504424  1.0000000000234925 -17.988837489648688 20.792696358189335 2832.7872767480972  0.99999999974795206 -17.993303669212487 20.787845102403804 -2869.4592995210437  1.0000000002520477 -18.16697219721323 19.72738514507849 2824.5002122788801  0.99999999993998601 -18.554212407775712 20.537114520945696 -28.33975390065735  1.000000000000077 -18.933274072978712 21.346494503573044 -2880.2322112333263  0.99999999991906563 -2.1087507187000196 -108.75935558023431 118.78743003074759  1.0000000000524496 -48.826056298050545 279.43599894123412 2496.6440232153632  0.99999999997597866 -18.547874713173531 20.470338914579379 -44.127928647539626  1.0000000000000246 -24.699409768470765 70.405686428147504 -2956.0471249050975  0.99999999998104128 -18.007726102069068 20.783557780410852 2797.7075189003576  0.99999999987907406 -17.973945417709341 20.796946381314157 -2906.394001665682  1.0000000001209264 -18.369291510906926 20.259312851659626 2788.587595712585  1.0000000000019027 -18.558459858322497 20.546069276796835 -64.339781428977645  0.99999999999999722 -19.561634490023838 23.408951778616167 -2933.9761110704685  1.000000000003088 -15.585055160567657 22.546226852420467 1227.9668949019874  1.0000000000379674 -24.017718995473505 10.769482321125398 -334.36678159651956  0.99999999986255794 0.81343916419912443 57.397335626233627 -348.69286967763264  1.0000000005164749 -59.199110221834871 -62.413265896979581 741.3570321135129  0.99999999885600521 62.159634397869382 193.71172497393346 -1865.3588919257618  1.0000000024655546 2523.982770649648 5167.654261118706 -23691.577439978457  0.99998994254660267 -17.347980297800554 19.669083870585798 -91.705181973128134  1 
-16.624229196103435 22.160248891950612 91.66296318333184  1 -16.554739619329869 23.349058269670639 80.437581986433813  1.3589721411044531 -17.218597536791012 22.558476067140958 11683.986736180594  0.99998281086442875 -17.796592495982651 22.39709516503687 83.668536452975644  1.0000000011804278 -17.936323043821737 22.356732666522966 -2975.5123933776786  0.99999910007144377 -10.517398188347178 26.239953863780645 2203.3590966204979  1.0000000002952074 -17.137252447419822 26.809423251230189 -1967.5619065787305  0.99999999971740061 -13.872964079349954 22.542316733628006 -453.64509688847875  1.0000000001240825 -24.882254333254746 19.599139074687031 2913.8090003430402  1.0000000000211424 -8.7051220757822119 28.935020388228271 -2786.0640110038739  0.99999999997894984 -17.786701980864258 22.480538644714414 249.95152449962546  1.0000000000008538 -17.276762254216536 23.109298158700099 -154.34162371487508  0.99999999999912925 -18.895505641159598 21.181490346593883 -1301.8032661002453  1.0000000000735789 -17.52448476478375 22.796679938530875 2937.4162244555218  0.99999999985341204 -17.538693616893507 22.793448116825374 -2813.4413493603674  1.0000000001441289 -26.077060017100614 20.15247690194413 2879.8641642845059  1.0000000000007598 -16.689624543148746 24.323793803309645 27.66282809092656  0.99999999999999878 -15.880260661916767 28.714277856986254 -2801.8579224918767  1.0000000000012939 -18.089299828952708 22.485559918413919 202.15948703673101  0.99999999999944444 -16.983242084551474 23.089311951588517 -168.30432121744835  1.0000000000005564 -10.555218751083311 108.08146753258337 2944.7105619329218  1.0000000000550189 -16.694148559434243 24.224725514358479 7.3422387621084262  0.99999999999992684 21.347250770649776 506.89507401121409 -2382.4642016284324  1.000000000070054 -36.947651269969263 -218.53917765350772 -230.86492369203751  0.99999999994898148 -17.562681337001191 21.545138500682278 2843.7286848402791  1.0000000000320299 -16.680466793458237 24.375882287101138 -8.3370108038530919  0.9999999999999698 -16.210730227571919 28.357816750727419 -2861.1475992946407  1.0000000000234925 -17.527502983567057 22.797868939986067 2832.7878553708456  0.99999999974795206 -17.53522697277872 22.792227668135812 -2869.4587249420424  1.0000000002520477 -17.077393536637654 20.878596650412987 2824.5015669702766  0.99999999993998601 -16.677291458332636 24.401760283628857 -28.337414051435282  1.000000000000077 -16.326245225692666 27.849783975792114 -2880.2289574215033  0.99999999991906563 -58.486856417827788 -206.77825072223479 118.71720664112247  1.0000000000524496 63.207421669271739 477.0696897474138 2496.7835792299579  0.99999999997597866 -16.697560454107002 24.295464585216315 -44.125621916783949  1.0000000000000246 -1.3127829078554236 113.80631351536164 -2956.0179857750732  0.99999999998104128 -17.549317308060438 22.783589605098282 2797.7080938708318  0.99999999987907406 -17.51305039218375 22.806433996330558 -2906.3934235676484  1.0000000001209264 -16.350162825531527 22.658766999928694 2788.5901069674401  1.0000000000019027 -16.675150784783892 24.440270253183211 -64.337433561482797  0.99999999999999722 -14.575748112814081 33.118383165297971 -2933.9698973417972  1.000000000003088 -20.831561053375012 14.761016783246705 1227.9603644437425  1.0000000000379674 -10.347297647119653 35.487952484871272 -334.34975094109319  0.99999999986255794 -39.391888359849276 -11.359504553743433 -348.74294447021822  1.0000000005164749 29.155973793328808 94.930723124445123 741.46709702200712  0.99999999885600521 -109.78693200959601 -130.24777963323226 -1865.5731464782891  1.0000000024655546 -2938.3844402845839 -4665.8983818440556 -23698.384207081315  0.99998994254660267 -16.678866394632028 21.686999327016107 -91.704345702573235  1 
-19.43254801423948 23.196857403074045 91.659484852402045  1 -20.095376218732103 21.512623375126566 80.433186179514166  1.3589721411044531 -19.716815622396549 21.662853375447597 11683.983614105518  0.99998281086442875 -18.613773251435031 21.967768596517455 83.66752188469458  1.0000000011804278 -18.340782010618252 22.043679011694312 -2975.512896572407  0.99999910007144377 -43.261326967140462 19.566416210652669 2203.3184746750762  1.0000000002952074 -5.4487773505988777 14.995586272650819 -1967.5474508993718  0.99999999971740061 -34.834633679054519 23.699047860719176 -453.67108330454437  1.0000000001240825 -0.96220302614839559 32.337547604095867 2913.8386992284377  1.0000000000211424 -39.323327063860155 11.37320907697279 -2786.1020303244254  0.99999999997894984 -18.512000668805104 24.404957299902261 249.95063169605854  1.0000000000008538 -19.40675992846041 23.342063261370686 -154.34426377317862  0.99999999999912925 -15.157728420418032 29.160503848190459 -1301.7986057878375  1.0000000000735789 -18.980987180939593 23.870520560685421 2937.4144228749819  0.99999999985341204 -18.938295158204991 23.87612487037763 -2813.4430816313197  1.0000000001441289 1.9092938792566552 31.958456682392246 2879.8989011119766  1.0000000000007598 -20.389866498991662 21.725467064646367 27.658231876432026  0.99999999999999878 -22.505241379926193 14.22378363268556 -2801.8661841896528  1.0000000000012939 -17.887688211880452 24.119341077813406 202.15974246361381  0.99999999999944444 -20.017561833393263 23.635759652553858 -168.3080814219615  1.0000000000005564 -2.492356478349663 -14.293188343512208 2944.7201524100328  1.0000000000550189 -20.428048846356639 21.736811427634748 7.3376011841200297  0.99999999999992684 64.653648281982058 -220.17372362779889 -2382.4129230990202  1.000000000070054 -61.186621958206423 143.92211936083672 -230.89377239662093  0.99999999994898148 -18.088594518975942 27.733196250795856 2843.7280533817302  1.0000000000320299 -20.414323978576938 21.635448704293953 -8.3416491664535144  0.9999999999999698 -21.793206735396314 14.961259923012291 -2861.1545648399538  1.0000000000234925 -19.015413297490017 23.865437311297047 2832.7860144507222  0.99999999974795206 -18.90399146381252 23.881296950076312 -2869.4604185937892  1.0000000002520477 -19.177654771682434 27.755839518685562 2824.4989858546501  0.99999999993998601 -20.423815049318833 21.59069708812126 -28.342068352366159  1.000000000000077 -21.557811022985515 15.569976090158347 -2880.2354844156357  0.99999999991906563 -11.39993878950324 140.54696794377543 118.77673831138073  1.0000000000524496 -31.487309858340154 -201.26431983737811 2496.6639243303553  0.99999999997597866 -20.426322729007317 21.620578961278881 -44.130253744535729  1.0000000000000246 -23.540021840512193 -27.276637384452027 -2956.0460124166721  0.99999999998104128 -18.984641772795992 23.875666092074521 2797.7063172941071  0.99999999987907406 -18.934875131821642 23.871206714259923 -2906.3951821501996  1.0000000001209264 -20.339233207157232 25.740113003418941 2788.5851717206597  1.0000000000019027 -20.433964893499528 21.521070611567847 -64.342103459889543  0.99999999999999722 -23.425573248418932 11.090979433995713 -2933.9809423363477  1.000000000003088 -13.243472698783155 36.114512619008629 1227.9698429410914  1.0000000000379674 -32.38295304681241 0.20081703141830992 -334.37718783642413  0.99999999986255794 23.027922624071671 93.196792878942176 -348.66520954774739  1.0000000005164749 -109.35060375709904 -132.54886103486353 741.29462194292978  0.99999999885600521 164.7102592559238 349.67385652620726 -1865.2312329586709  1.0000000024655546 5665.6860815056198 9896.5085578195649 -23687.672804956972  0.99998994254660267 -19.352644044034463 23.084090953132833 -91.707656042481716  1 
-28.584358497635677 19.865718105199996 91.648127313875889  1 -26.193961159540986 17.901961965514932 80.425613131458363  1.3589721411044531 -27.459686353646607 12.193205822804483 11683.973950938072  0.99998281086442875 -21.734840162289938 13.838801214813449 83.663625385427906  1.0000000011804278 -20.385460593073734 14.241389202463731 -2975.515458592075  0.99999910007144377 72.864925673981787 18.733375425416526 2203.4624586221712  1.0000000002952074 -134.531691523332 14.872945093276563 -1967.7075011927616  0.99999999971740061 21.660311871127927 15.379232762047486 -453.60106202754429  1.0000000001240825 -10.529569518588049 35.129032604516659 2913.8268461574144  1.0000000000211424 -30.92179331685676 23.32585515612341 -2786.0915737258611  0.99999999997894984 -21.736852899557476 22.966745532020962 249.94662878511184  1.0000000000008538 -26.333510366722177 17.851902677125764 -154.35286990149515  0.99999999999912925 -6.884376695380122 42.532115137775484 -1301.7883044218752  1.0000000000735789 -24.124663301279796 20.393430793264979 2937.4080349980636  0.99999999985341204 -23.948352996313108 20.423228138146435 -2813.4493054226614  1.0000000001441289 -8.5251479761367648 35.10950754731364 2879.8859748287077  1.0000000000007598 -20.858233960577351 29.153750470947845 27.657675846303277  0.99999999999999878 -20.443242447996351 25.516508966709555 -2801.8635905320834  1.0000000000012939 -18.496942053719511 23.029072925706359 202.15898354894372  0.99999999999944444 -29.489049739206855 17.830691963796671 -168.3198435788369  1.0000000000005564 -45.077324218921987 -0.25836155714533698 2944.6674014889554  1.0000000000550189 -20.820477770615721 29.176862150928763 7.3371393422791868  0.99999999999992684 -150.09415272620939 -153.18844568460818 -2382.6789470258864  1.000000000070054 37.007175868102408 100.85907777066286 -230.77217372963557  0.99999999994898148 -20.118691794230287 33.045806612876397 2843.7255540130291  1.0000000000320299 -20.853271610705839 29.109821375524344 -8.3421685687394582  0.9999999999999698 -20.053061877890784 26.062967897268695 -2861.1523707409769  1.0000000000234925 -24.223642250682772 20.365333031035359 2832.7795459907015  0.99999999974795206 -23.850739722846633 20.451709973396287 -2869.4665633598788  1.0000000002520477 -21.490932669844799 32.093120264334026 2824.4961321605078  0.99999999993998601 -20.848739970105012 29.088321587837545 -28.342570291992836  1.000000000000077 -20.177507970466213 26.150296045396257 -2880.2337379133892  0.99999999991906563 56.602438811010259 106.23621300537704 118.8609342160736  1.0000000000524496 -189.23921197792046 -157.05509835320754 2496.4684891264601  0.99999999997597866 -20.798864496648701 29.124098428641378 -44.130690720365365  1.0000000000000246 -51.778114413562676 -9.4040563742040479 -2956.0809617636532  0.99999999998104128 -24.087282750120629 20.383450714271302 2797.699978496631  0.99999999987907406 -23.987883440181857 20.43422588000351 -2906.4014574104299  1.0000000001209264 -22.225027569328578 30.924773145047883 2788.5828507648866  1.0000000000019027 -20.838309454123362 29.054524765252452 -64.3425797644407  0.99999999999999722 -22.640739256846256 22.878211967850955 -2933.9799302806232  1.000000000003088 -26.735512661220401 16.903788883173185 1227.9530519750717  1.0000000000379674 -17.362616390401936 28.718126581590944 -334.35847188359367  0.99999999986255794 -26.687342272284077 42.976458327928832 -348.72700978827049  1.0000000005164749 -15.661285661978496 -63.55957012800404 741.41099921269199  0.99999999885600521 -69.4874094066477 210.3101257660629 -1865.5220375459178  1.0000000024655546 -898.40878370651819 4723.2941376006511 -23695.830677309772  0.99998994254660267 -28.162806875612407 20.266867467157311 -91.718588313365657  1 
-34.335052099752076 17.662546780842078 91.640990246359038  1 -28.115049804503577 16.73485109283591 80.423227476323731  1.3589721411044531 -32.214459365301266 6.136595060479765 11683.968026918445  0.99998281086442875 -23.808687318763582 8.5803874756242724 83.661036761172667  1.0000000011804278 -21.822607963648306 9.1755355538426127 -2975.5172575608763  0.99999910007144377 67.064049226698856 24.539941414317859 2203.4552846464021  1.0000000002952074 -122.31611217183506 21.59961568652955 -1967.6923326763606  0.99999999971740061 11.624427096274403 7.4394173508408619 -453.61353146685485  1.0000000001240825 -15.015083860778766 34.909014644341958 2913.8212841248251  1.0000000000211424 -24.871863163677975 28.860301549937414 -2786.0840544786151  0.99999999997894984 -23.874034318609819 21.702866194811783 249.94397491496679  1.0000000000008538 -30.691817351202854 14.272893660176363 -154.35828526604516  0.99999999999912925 -2.4670553544659022 49.568699881329394 -1301.7828045137983  1.0000000000735789 -27.406456186041016 17.964994887555328 2937.4039583217755  0.99999999985341204 -27.163275380855382 18.007848775620101 -2813.4532995008562  1.0000000001441289 -13.746776884216777 35.04957016228115 2879.879500819965  1.0000000000007598 -20.008280928468828 31.846466464695734 27.658738562537099  0.99999999999999878 -18.862050361670299 30.439224652282125 -2801.8616138672114  1.0000000000012939 -19.040761411620345 22.037283565370373 202.15830604060992  0.99999999999944444 -35.399909466495565 13.998982752480918 -168.32718464391513  1.0000000000005564 -52.029977301806163 12.464588119054277 2944.658823686832  1.0000000000550189 -19.955018730493705 31.867209423130607 7.3382212751437299  0.99999999999992684 -187.5053162725433 -82.272103053969843 -2382.7250943542394  1.000000000070054 49.128084525994751 60.009755272099476 -230.75728168443572  0.99999999994898148 -19.956723032897088 34.170165444890038 2843.7257585420616  1.0000000000320299 -19.994978838926805 31.829242687035091 -8.3410954241980306  0.9999999999999698 -18.681967303920125 30.80964101504448 -2861.1506551324255  1.0000000000234925 -27.540224647076553 17.923834951830095 2832.7754260423776  0.99999999974795206 -27.031629399522444 18.049550654125554 -2869.4705151077346  1.0000000002520477 -21.086093225066232 32.996944157707411 2824.496637074511  0.99999999993998601 -19.986995736006115 31.821093569756592 -28.341492823981302  1.000000000000077 -18.890876014656492 30.669939663292897 -2880.2321277184878  0.99999999991906563 53.968426188181951 67.705094602194009 118.85754062880085  1.0000000000524496 -198.25262322257228 -94.169733621033643 2496.4575229867078  0.99999999997597866 -19.932303167309541 31.849634334736368 -44.12960730428636  1.0000000000000246 -52.373474519939847 6.6961739603493848 -2956.081646192617  0.99999999998104128 -27.353394258646063 17.944182447665931 2797.6959208639169  0.99999999987907406 -27.219547706149772 18.030122551001728 -2906.4054718495308  1.0000000001209264 -21.504907426111995 32.406906985228829 2788.5837484459657  1.0000000000019027 -19.972391838848029 31.80795375228751 -64.341497053521195  0.99999999999999722 -20.943633715602807 28.585811260529155 -2933.9778072958261  1.000000000003088 -34.751021677217942 6.1604689295690589 1227.9430785864618  1.0000000000379674 -11.67661060104906 43.075131157990185 -334.35137448439247  0.99999999986255794 -36.949972439395715 12.405519387117566 -348.73983568030252  1.0000000005164749 -4.9359827529604754 -20.724535056045596 741.4244403257054  0.99999999885600521 -82.633533172772673 130.26837177722945 -1865.5386053663244  1.0000000024655546 -1729.7371486939301 1649.8495150643105 -23696.865291879214  0.99998994254660267 -33.735154224184107 18.189011635765091 -91.725503854082547  1 
-37.388939636469068 17.807870358832893 91.637204488810681  1 -28.348113239298844 17.538338974375982 80.422941184767367  1.3589721411044531 -34.523770118857485 4.1259195494458067 11683.965179121029  0.99998281086442875 -25.038033327498503 6.9203148754561008 83.659507093969523  1.0000000011804278 -22.794136107271033 7.5988333826135817 -2975.5184667315893  0.99999910007144377 34.339020497241911 30.177729743781338 2203.4147267549174  1.0000000002952074 -79.956677715380678 28.224180681226329 -1967.6397894538577  0.99999999971740061 -11.047472578046339 3.8697195130770075 -453.64165391456214  1.0000000001240825 -17.114981360695619 34.341260653510332 2913.8186788444686  1.0000000000211424 -20.572440687778236 32.050761835817042 -2786.078713503874  0.99999999997894984 -25.111597908414055 21.742890453455125 249.94244067200071  1.0000000000008538 -32.950256070163235 13.531819920839395 -154.36108772012861  0.99999999999912925 -1.3067824666771573 52.521675933619122 -1301.7813558297476  1.0000000000735789 -29.160810007069951 17.612552396666526 2937.401781318069  0.99999999985341204 -28.905423061818851 17.658937629541811 -2813.4554598301006  1.0000000001441289 -16.447979816264596 34.546009978957585 2879.8761501993299  1.0000000000007598 -18.866977768452323 33.181124446477256 27.660157989391195  0.99999999999999878 -17.780619950876691 33.113318540585865 -2801.8602641697457  1.0000000000012939 -19.575254993966226 22.327752633187863 202.15764428668373  0.99999999999944444 -38.344116289879189 13.016069909728289 -168.33083811007339  1.0000000000005564 -44.825590587648747 20.662628513650827 2944.6677829793698  1.0000000000550189 -18.822972934297368 33.19920885245817 7.3396292158361014  0.99999999999992684 -153.84809208497447 -35.38576965368479 -2382.6832102156218  1.000000000070054 28.375151806732017 35.782587025848834 -230.78309176602954  0.99999999994898148 -19.087269914094499 34.353505317850946 2843.7268371162872  1.0000000000320299 -18.854550775312834 33.180012592068394 -8.3396770287985547  0.9999999999999698 -17.73993013366751 33.340226310956993 -2861.1494787643683  1.0000000000234925 -29.303223785562761 17.566322087979668 2832.7732387740389  0.99999999974795206 -28.765532044004885 17.705749300509861 -2869.4726656531971  1.0000000002520477 -19.792783640956419 33.251111234217333 2824.4982413974572  0.99999999993998601 -18.847642235167683 33.179857891203746 -28.340075734306353  1.000000000000077 -17.913836367366333 33.108855950713156 -2880.230908277008  0.99999999991906563 26.254488650248152 42.713976988457368 118.82309772101964  1.0000000000524496 -150.77478609623097 -48.008956308507813 2496.516539593033  0.99999999997597866 -18.806569033587778 33.201716568754001 -44.128207122099646  1.0000000000000246 -42.702542371132516 17.734969411344391 -2956.0696195603878  0.99999999998104128 -29.109233226136478 17.585235962081374 2797.6937435607088  0.99999999987907406 -28.960654860326564 17.687867879048977 -2906.4076324148818  1.0000000001209264 -19.986053780896054 33.032470156061748 2788.5856335973526  1.0000000000019027 -18.835716767317006 33.179201747669246 -64.340083243113824  0.99999999999999722 -19.244006554625365 31.897270443311172 -2933.9756891125153  1.000000000003088 -39.303006933692757 2.0791132553369471 1227.9374213944168  1.0000000000379674 -8.9283654192515414 50.21075773378967 -334.34794326050167  0.99999999986255794 -37.270563833687774 -4.0550786159166039 -348.74028871017686  1.0000000005164749 -11.709753488324745 7.464005635946239 741.41613775980409  0.99999999885600521 -50.456520548732968 80.501290135503879 -1865.4988815999964  1.0000000024655546 -1293.2713004437326 -194.39106735670578 -23696.335104453618  0.99998994254660267 -36.728834098339753 17.927340134534116 -91.729216305582284  1 
-31.576265225151904 24.739460102725996 91.644434080052832  1 -24.798185707632122 24.155749039811212 80.427364369752326  1.3589721411044531 -29.258465363000877 14.508683873183825 11683.97181383602  0.99998281086442875 -23.025378452231937 16.374998746209609 83.662033767868294  1.0000000011804278 -21.553609651115718 16.827229014407294 -2975.5168959232028  0.99999910007144377 6.4595279115523265 33.481761888942543 2203.3801696679607  1.0000000002952074 -45.510241045253672 32.291153365693383 -1967.5970662864825  0.99999999971740061 -20.412640595740342 14.251165292309061 -453.65323186108662  1.0000000001240825 -17.728595804179523 34.314358134032837 2913.8179181678252  1.0000000000211424 -18.479256889259176 33.835673490753621 -2786.0761126095176  0.99999999997894984 -22.99333486573753 26.239133212342495 249.94508170857355  1.0000000000008538 -28.332964163614179 21.351150881759931 -154.35533707667562  0.99999999999912925 -7.7645466351941588 46.114610839592977 -1301.7893824468892  1.0000000000735789 -25.742233084666346 23.779927278103941 2937.4060379553334  0.99999999985341204 -25.587000171523513 23.808505199369399 -2813.4513230389198  1.0000000001441289 -17.44331746160556 34.526056099314914 2879.8749161302267  1.0000000000007598 -18.109306777645536 34.071434247241378 27.661100311070335  0.99999999999999878 -17.454901083952475 34.580814896479545 -2801.8598553794677  1.0000000000012939 -19.344885916011268 26.871844890178146 202.15794483274303  0.99999999999944444 -31.886418377711625 20.764239526657974 -168.3228059384048  1.0000000000005564 -32.907147614281186 24.191052369890144 2944.6825713394551  1.0000000000550189 -18.084085235401915 34.088838209289207 7.3405482475908039  0.99999999999992684 -94.954629651699847 -16.599366193595493 -2382.6101312262836  1.000000000070054 5.2965132358941132 38.581927007813192 -230.81169558820588  0.99999999994898148 -18.326046955404177 34.603535695512001 2843.7277817356367  1.0000000000320299 -18.101975711613441 34.077306517094378 -8.3387410018828536  0.9999999999999698 -17.476133863831091 34.718535635475014 -2861.1491470851493  1.0000000000234925 -25.831369316209475 23.749373546485725 2832.777562819419  0.99999999974795206 -25.499620346857043 23.839417693351656 -2869.4685952759087  1.0000000002520477 -18.636691254504804 33.670371402206158 2824.4996761545731  0.99999999993998601 -18.098036716243321 34.080579392236025 -28.339143377691919  1.000000000000077 -17.567358709605319 34.478624469399413 -2880.2304741671487  0.99999999991906563 1.9941048191481188 43.381438917729007 118.7930217339689  1.0000000000524496 -89.103666915820668 -26.077011589370137 2496.5930727139789  0.99999999997597866 -18.075795625516562 34.099115068123652 -44.127298124523776  1.0000000000000246 -30.912061127987887 23.140554170476307 -2956.0549839349737  0.99999999998104128 -25.714606957270433 23.760513464657617 2797.6979750573323  0.99999999987907406 -25.617073917553199 23.82895712498831 -2906.4034689434684  1.0000000001209264 -18.708723568376673 33.619221341224566 2788.587219203961  1.0000000000019027 -18.091377584765919 34.085374202698389 -64.339157397690371  0.99999999999999722 -18.221228453864683 33.711672277125132 -2933.9744150363426  1.000000000003088 -33.192596306083736 13.065003886548766 1227.9450335291758  1.0000000000379674 -11.250507422952992 46.132810767817574 -334.35083553820124  0.99999999986255794 -30.066311093625558 6.8203005958826788 -348.7313217376103  1.0000000005164749 -17.302616873134713 21.648688026374494 741.40925302177095  0.99999999885600521 -26.007358328873934 57.39279193061072 -1865.468650865264  1.0000000024655546 -629.33669366379297 -407.62321460272562 -23695.50967654441  0.99998994254660267 -31.040406236145305 23.613676187285321 -91.722144853669889  1 
-16.750987303306623 37.798672174931077 91.662857909403215  1 -17.46073194273492 36.458769629108424 80.43650223309929  1.3589721411044531 -16.738879591409553 36.743634290381969 11683.987481184809  0.99998281086442875 -17.504072349816916 36.523211440259928 83.668945989387609  1.0000000011804278 -17.687567670835797 36.469717480079723 -2975.5120352635763  0.99999910007144377 -9.0372748792274109 35.341697368321135 2203.3609615265768  1.0000000002952074 -27.357575725314749 34.587330931170477 -1967.5745516505863  0.99999999971740061 -11.782139224657211 37.773012314591675 -453.64245427572365  1.0000000001240825 -17.90399415238906 35.099789909641153 2913.8177034521218  1.0000000000211424 -17.921671423934448 35.282917380523294 -2786.0754166442339  0.99999999997894984 -17.325397394779895 35.343739468097176 249.95213894959829  1.0000000000008538 -16.893152723470056 37.285201929569773 -154.34110087720842  0.99999999999912925 -19.959419374086291 32.739257635363316 -1301.8045452080955  1.0000000000735789 -17.099297334908314 36.31720425241344 2937.4167931343613  0.99999999985341204 -17.119042358080062 36.312678651208152 -2813.4407809137056  1.0000000001441289 -17.819008808342595 35.302821105360806 2879.8744529402434  1.0000000000007598 -17.91313768064726 35.191932988814031 27.661347242151628  0.99999999999999878 -17.674170693172595 35.880419199413687 -2801.8601228447296  1.0000000000012939 -17.880117005688799 35.739160699571485 202.15979015393259  0.99999999999944444 -16.349284487782121 36.883118186219036 -168.30348923115196  1.0000000000005564 -23.37855405424903 25.497287592992489 2944.6943893617904  1.0000000000550189 -17.903887901597599 35.210048672180172 7.340775379118857  0.99999999999992684 -46.382808240136534 -13.366782474706795 -2382.5499007214139  1.000000000070054 -2.0144730963008652 61.584237714287838 -230.82068348613763  0.99999999994898148 -18.035595881590055 35.438851456763501 2843.7281446275865  1.0000000000320299 -17.910581091640086 35.19998602933012 -8.3384999829777335  0.9999999999999698 -17.706256400273748 35.971896934572413 -2861.1494281921819  1.0000000000234925 -17.088205720768649 36.320004542533489 2832.7884435498477  0.99999999974795206 -17.129929398225315 36.309832712514044 -2869.4581762307325  1.0000000002520477 -18.094312554316936 34.640535293712652 2824.5003518423268  0.99999999993998601 -17.909245226802447 35.204307420951849 -28.338905582694519  1.000000000000077 -17.728648111273095 35.748031814185651 -2880.2306699303222  0.99999999991906563 -4.1188688285594575 64.415937583216149 118.7855126580065  1.0000000000524496 -42.480247660231583 -19.342646709966147 2496.6508991319183  0.99999999997597866 -17.901561395397508 35.222077632346512 -44.127078380107967  1.0000000000000246 -22.34708503266743 25.49191997734971 -2956.0443574260566  0.99999999998104128 -17.101866230977308 36.320411994849856 2797.7086970351834  0.99999999987907406 -17.116191715104925 36.309350959849283 -2906.3928901956883  1.0000000001209264 -18.114386225643585 34.641345334820109 2788.5879594798253  1.0000000000019027 -17.906978409916274 35.210838701574275 -64.338925042610057  0.99999999999999722 -17.93381149430207 35.140623492427395 -2933.9740539396257  1.000000000003088 -16.285928697010171 37.726795252206983 1227.9660763893646  1.0000000000379674 -18.655562582620686 33.149686225657881 -334.36005938188947  0.99999999986255794 -16.371910960389418 41.235612804205019 -348.71422944994521  1.0000000005164749 -18.531428243584106 27.753632036909522 741.40775062407897  0.99999999885600521 -18.089430381807794 49.791301219202097 -1865.4588611571605  1.0000000024655546 58.190519121675777 591.13726691458021 -23694.654217061048  0.99998994254660267 -16.411029214113952 35.436444732386207 -91.703967972572443  1 
-18.262756631932525 36.713653221623474 91.660980110879038  1 -18.74287469282698 37.651429265233475 80.434916619485733  1.3589721411044531 -21.504343474954442 34.898477917737537 11683.981111527371  0.99998281086442875 -19.651409041030085 35.4380403076932 83.666280185393376  1.0000000011804278 -19.208419019361187 35.56838974734351 -2975.5139363992967  0.99999910007144377 -33.595343924823382 41.220337855713026 2203.3305324356688  1.0000000002952074 -1.4654116453852417 41.094945962318668 -1967.5424274892821  0.99999999971740061 -31.034711215196239 36.462177184638783 -453.66632879901761  1.0000000001240825 -18.529052522071908 40.361611821350508 2913.8169462539231  1.0000000000211424 -18.33106431494598 41.156264890425625 -2786.0759050073912  0.99999999997894984 -20.273258470850944 39.107617680208008 249.94849743154734  1.0000000000008538 -21.101707086555209 38.063657642479939 -154.34631690843301  0.99999999999912925 -13.426337667687992 46.247563201237995 -1301.7964075434811  1.0000000000735789 -20.711536229253642 38.580791443448341 2937.4123368840951  0.99999999985341204 -20.663800759991613 38.590201316847022 -2813.4451826265999  1.0000000001441289 -18.739352656281792 40.543514243309652 2879.8733293189339  1.0000000000007598 -18.428309873846015 40.763426267275932 27.660727019873722  0.99999999999999878 -19.014865417767439 41.560738579594833 -2801.8617660478913  1.0000000000012939 -18.845569289470802 39.417030272317866 202.15860635395393  0.99999999999944444 -22.503333351976575 37.767938618709969 -168.31111709030912  1.0000000000005564 -5.8047459805615409 29.756294607258226 2944.716191771749  1.0000000000550189 -18.449991105095847 40.784004373435536 7.3401168165058586  0.99999999999992684 46.929635227326273 -14.384257599281749 -2382.4342144966408  1.000000000070054 -55.708168878833234 64.028941212391189 -230.88724530645965  0.99999999994898148 -18.239232959405264 40.649599703845332 2843.7279094832611  1.0000000000320299 -18.434908606219199 40.772692541150313 -8.3391315520281033  0.9999999999999698 -18.992853527937044 41.575948853092108 -2861.1510046432927  1.0000000000234925 -20.738628015653511 38.571784856779374 2832.7839311330267  0.99999999974795206 -20.637201066463167 38.599326462774464 -2869.4625229358735  1.0000000002520477 -17.959110485764551 40.129365558341355 2824.5005377283956  0.99999999993998601 -18.438413880444681 40.777535942145477 -28.33954315210633  1.000000000000077 -18.905195032119167 41.407141344451183 -2880.2321098604384  0.99999999991906563 -52.634317939307074 62.482465680999745 118.72535641451543  1.0000000000524496 41.447715096406647 -12.048123578571989 2496.7549778585262  0.99999999997597866 -18.457276530552061 40.795284515649705 -44.127748861793748  1.0000000000000246 -7.6495436793134326 31.492708624873337 -2956.0261158344442  0.99999999998104128 -20.705531138660739 38.5763638680992 2797.7042212770461  0.99999999987907406 -20.670478246485498 38.594951796859931 -2906.3972738754583  1.0000000001209264 -17.913853678129897 40.160192941002812 2788.5882264532402  1.0000000000019027 -18.444236054356015 40.785099832754433 -64.339572637507246  0.99999999999999722 -18.368045227010473 40.94827522686051 -2933.9745730096133  1.000000000003088 -22.989430843980866 36.048329405582841 1227.9577596363949  1.0000000000379674 -16.351858552916838 43.81307585660042 -334.35716772198384  0.99999999986255794 -22.675633218258035 33.58557506052334 -348.72207058799006  1.0000000005164749 -17.329082942944453 37.84691443610604 741.40927549105891  0.99999999885600521 -16.905397381442693 47.724208986733501 -1865.4574015123653  1.0000000024655546 -203.58310463945222 -72.060379356160084 -23694.982992270572  0.99998994254660267 -19.216236370458237 40.929747449300542 -91.707427777745821  1 
-22.990936122896375 44.774057787644068 91.655144506742758  1 -18.309616212374902 51.537720373281864 80.435499749504729  1.3589721411044531 -10.121186761677912 61.13004345163727 11683.996683599069  0.99998281086442875 -14.473139149160184 59.883204771554055 83.672781132582244  1.0000000011804278 -15.510553948604214 59.582134548460068 -2975.5092347629466  0.99999910007144377 3.5565493009217901 47.674924002761038 2203.3766181265091  1.0000000002952074 -44.248615411904581 46.617210702837419 -1967.5954550255412  0.99999999971740061 6.9403702186098153 60.549173323368976 -453.61916565048386  1.0000000001240825 -17.798425554380451 49.202536545256571 2913.8178810341774  1.0000000000211424 -18.658453086621225 48.302474750877693 -2786.0762867871904  0.99999999997894984 -12.443266975448321 51.688607928985348 249.95824455349131  1.0000000000008538 -11.133070659750183 56.834345474781941 -154.33389295429438  0.99999999999912925 -29.623849847194315 35.139195995487903 -1301.816505207722  1.0000000000735789 -11.732188407280898 54.274358565544532 2937.4234770797807  0.99999999985341204 -11.843669526207048 54.250714072913553 -2813.4341516256518  1.0000000001441289 -17.377808686047597 49.302392585533227 2879.8750463856013  1.0000000000007598 -18.234939816639368 48.746600491534906 27.660993259011818  0.99999999999999878 -17.072097490671933 48.75025104416347 -2801.859333734234  1.0000000000012939 -16.029817838704162 51.890780044314276 202.16213582644974  0.99999999999944444 -7.6075959497605901 56.598668016585727 -168.2925838478551  1.0000000000005564 -40.243848819164512 44.808448059094893 2944.6735436844338  1.0000000000550189 -18.195935662544187 48.752358291798359 7.340458244667226  0.99999999999992684 -130.68841118375485 27.23218158386301 -2382.6542887687247  1.000000000070054 50.859411403315697 70.275402773753953 -230.75510114583292  0.99999999994898148 -18.225622238587921 49.254067867356525 2843.7279548733959  1.0000000000320299 -18.220815844171376 48.746319213467338 -8.3388396524647437  0.9999999999999698 -16.928579631312619 48.826177897173636 -2861.1484213859785  1.0000000000234925 -11.66769048487836 54.293652517594175 2832.7952115816693  0.99999999974795206 -11.907015052684972 54.231143396991314 -2869.4516292557805  1.0000000002520477 -19.243080182808775 48.765845722692568 2824.498974451848  0.99999999993998601 -18.213136136684671 48.746322997413252 -28.339237401357561  1.000000000000077 -17.213707539672971 48.720801961645691 -2880.2299884420077  0.99999999991906563 51.811264839634362 73.718029776337076 118.8548861918583  1.0000000000524496 -133.6094155273253 20.87598924687985 2496.5380499517878  0.99999999997597866 -18.176279891530381 48.753829133015884 -44.127374064761511  1.0000000000000246 -38.899209352530029 43.441042790293224 -2956.0648191551741  0.99999999998104128 -11.746213340562662 54.287364023397195 2797.7154278752673  0.99999999987907406 -11.828086040667394 54.236972363298698 -2906.3863056271625  1.0000000001209264 -19.315273976595574 48.69066383389238 2788.5865172321692  1.0000000000019027 -18.200795061964513 48.746091942521474 -64.33924439353963  0.99999999999999722 -18.375184823718204 48.267452620216069 -2933.9745575988359  1.000000000003088 -5.2783474517248932 60.964016786086049 1227.9798010406339  1.0000000000379674 -24.113961401330538 40.001397146355416 -334.36680422414099  0.99999999986255794 -6.6254384859674671 71.826089001503661 -348.70204352210806  1.0000000005164749 -19.003124520283983 38.810781235583853 741.40720122641176  0.99999999885600521 -24.810601218229287 66.489606031829055 -1865.4671359464933  1.0000000024655546 410.91015575523465 1316.0746122599348 -23694.215419870579  0.99998994254660267 -20.846845491461263 40.393124886739791 -91.709450841029195  1 
127.63421652028768 300.23406230753011 91.842743939065485  1 2.4682584323504764 60.317366555825423 80.461291406845902  1.3589721411044531 -113.19219877896377 -134.29642656244837 11683.84608725886  0.99998281086442875 -62.014466757535551 -120.39852057031304 83.613244637870082  1.0000000011804278 -49.870958515079927 -117.06988677370721 -2975.5529690313101  0.99999910007144377 -23.388322549655758 59.016855179703477 2203.3432424241664  1.0000000002952074 10.362289669054197 59.381194483471276 -1967.5276990680993  0.99999999971740061 -263.18446919927743 -108.23825431505162 -453.9546283483599  1.0000000001240825 -14.712439977855164 50.174232320786444 2913.8217099124968  1.0000000000211424 -5.4895667165467437 53.300283523142831 -2786.0599429295539  0.99999999997894984 -146.63429902778446 1.9192358071435613 249.79174584555977  1.0000000000008538 -118.32256226274906 -55.676881653518159 -154.46720055421724  0.99999999999912925 97.50275914033061 198.21725188511152 -1301.6586980368756  1.0000000000735789 -133.07559065669889 -27.035155238538625 2937.2734991434227  0.99999999985341204 -131.86115515747224 -26.745823064745053 -2813.5839402332786  1.0000000001441289 -14.330209715158583 50.096063536818889 2879.8788275790753  1.0000000000007598 -10.044298512837724 51.756988383389334 27.6711580750124  0.99999999999999878 -6.3023462171755522 52.427303711631176 -2801.8459692659744  1.0000000000012939 -86.412957428132259 0.26074618702166746 202.07475012750925  0.99999999999944444 -177.82715177731367 -53.63359926019141 -168.50403597355776  1.0000000000005564 -73.10426130722864 80.364038699719288 2944.6329209137698  1.0000000000550189 -9.9312305020915623 51.718680354680352 7.3507147394256567  0.99999999999992684 -331.64268034347111 211.58007441678967 -2382.9028217446862  1.000000000070054 -93.720238986776593 -185.01067414515964 -230.93519943349779  0.99999999994898148 -10.854207644149534 51.015600674803359 2843.7370998076663  1.0000000000320299 -10.001714889233375 51.765227192210389 -8.3286395236690645  0.9999999999999698 -6.3960469780347395 52.333128976200641 -2861.1353515986234  1.0000000000234925 -133.93057451281805 -27.256314800789667 2832.6436534694244  0.99999999974795206 -131.02044162507602 -26.521255736231872 -2869.5998715242054  1.0000000002520477 -12.87105187412558 51.250954616186021 2824.5068828070512  0.99999999993998601 -9.97992076415402 51.769105685402707 -28.329019760552118  1.000000000000077 -7.13271045122596 52.313959346954597 -2880.2174779607872  0.99999999991906563 -112.61919729371301 -174.987376212268 118.65019763975754  1.0000000000524496 -297.52470990355135 190.24120010931122 2496.3353887044659  0.99999999997597866 -9.8864870246003012 51.733853156206024 -44.1170864211714  1.0000000000000246 -61.205747668731121 78.541956244629063 -2956.0923576452565  0.99999999998104128 -132.9537962145337 -27.173862469200518 2797.5641165231259  0.99999999987907406 -132.00096867762812 -26.598357463528959 -2906.5347996822511  1.0000000001209264 -12.708511462392993 51.700218731560128 2788.5947181066563  1.0000000000019027 -9.9462687519376836 51.774654368253017 -64.329000311756985  0.99999999999999722 -9.4309822458923893 53.955232189298819 -2933.96344971911  1.000000000003088 -253.192167739273 -115.98800926889467 1227.6718435635066  1.0000000000379674 98.079875871897158 161.18752564181327 -334.21490315218108  0.99999999986255794 -200.47782866462862 -221.68380183562607 -348.94336065971817  1.0000000005164749 -59.278298172670652 84.109036765427504 741.35742206857253  0.99999999885600521 107.70089108401211 -8.7542652802178829 -1865.3031053628654  1.0000000024655546 -5700.1721603199676 -11377.223621081426 -23701.839581605531  0.99998994254660267 108.40865411804747 250.45379850399959 -91.548507464096332  1 
-1567.5955240162991 -2839.8167540541481 89.730503733521786  1 -265.70050553286808 -207.11320370302116 80.127904323393423  1.3589721411044531 632.12314861866923 1705.2216292652986 11685.022332053102  0.99998281086442875 218.95294203506748 1599.4510402196668 83.967254441393081  1.0000000011804278 121.02442167472795 1574.3230819276248 -2975.3297297158688  0.99999910007144377 -238.0332598431865 37.417822462529735 2203.0770277390661  1.0000000002952074 329.29809886849148 49.293865264622347 -1967.1322900514813  0.99999999971740061 2235.3823289253492 1480.7788196573777 -450.85166149741485  1.0000000001240825 20.952830369981889 27.805725070150341 2913.8658561781731  1.0000000000211424 23.961073869174633 29.273998514076688 -2786.0235119414779  0.99999999997894984 1312.5291242406697 491.85862818635752 251.60203619789539  1.0000000000008538 1082.912936779278 1027.8662168477078 -152.97386026914856  0.99999999999912925 -855.56212015117228 -1065.2934882037523 -1302.840615469232  1.0000000000735789 1202.3557348431088 761.21694594880341 2938.9235494539039  0.99999999985341204 1192.9125366112507 758.73606914846619 -2811.9307733194933  1.0000000001441289 20.011592993855764 26.068252690068714 2879.9213238175921  1.0000000000007598 22.478218446309103 28.553191790902261 27.711402740372801  0.99999999999999878 20.095970845731614 24.144403788297168 -2801.8133332123989  1.0000000000012939 807.69893610694442 534.32478329889841 203.18452489478528  0.99999999999944444 1581.7503619792569 982.20630709525858 -166.31854095033401  1.0000000000005564 89.033210465792379 99.210722931401747 2944.8340037957064  1.0000000000550189 22.365624179604758 28.425840069154553 7.390679331035285  0.99999999999992684 369.68941264741494 389.25837593243506 -2382.032714149047  1.000000000070054 2198.3187416391938 1312.2786707479975 -228.08854150469068  0.99999999994898148 23.703999778394195 25.506695147338462 2843.7798610989262  1.0000000000320299 22.446416859241022 28.505727721551153 -8.2884872668084704  0.9999999999999698 19.446349031470444 23.504766602189761 -2861.1034063030966  1.0000000000234925 1209.6843994831897 762.9185870556073 2834.3087934507384  0.99999999974795206 1185.7043833123575 757.00573899338542 -2867.9614620456791  1.0000000002520477 24.625062852910574 31.61537630308321 2824.5533053572426  0.99999999993998601 22.428644259565079 28.479933319681344 -28.288916657058685  1.000000000000077 19.729070935621301 25.127927785436601 -2880.184265026101  0.99999999991906563 2204.8726960091158 1290.720387007967 121.52831666651642  1.0000000000524496 360.29282203039907 432.69501024513011 2497.1517601287651  0.99999999997597866 22.323192178558635 28.352626909269826 -44.077230200179578  1.0000000000000246 83.269138135354183 101.27380048456968 -2955.913166684938  0.99999999998104128 1201.7895975415558 762.18901418631606 2799.2301556970424  0.99999999987907406 1193.6258055517105 757.69276390379105 -2904.8972529966663  1.0000000001209264 25.015743510575859 31.841275242299687 2788.6414250274888  1.0000000000019027 22.397822246499988 28.44152219365159 -64.288977291269262  0.99999999999999722 22.731574088938334 30.089061845933667 -2933.923653002953  1.000000000003088 2351.205131673154 1557.9825082787515 1230.9064015823678  1.0000000000379674 -1018.5217353533783 -918.81548581689503 -335.60287367074642  0.99999999986255794 1880.376237029189 2312.4799495112698 -346.35508195366788  1.0000000005164749 -116.8410221470691 109.98723620174111 741.28615779542599  0.99999999885600521 408.03931180959643 -99.919683894991579 -1864.9310813586171  1.0000000024655546 87822.45026818219 80839.0264386708 -23585.576399354522  0.99998994254660267 -1449.7088734442621 -1921.7550747055059 -93.487418702547743  1 
11090.549823929201 20843.02845102924 105.50321080300503  1 2716.892455436709 2375.6597767623975 83.834478827308303  1.3589721411044531 -2150.466138545889 -10093.216214530214 11679.727365865951  0.99998281086442875 287.76990948775421 -9510.9915033326179 84.016021071660987  1.0000000011804278 865.7315543292998 -9373.890522648222 -2974.4832719357723  0.99999910007144377 654.76875765396051 -264.85245682233619 2204.1830806096723  1.0000000002952074 -660.71185044458161 -233.64916897413701 -1968.3607972194714  0.99999999971740061 -13982.269919558148 -9471.6348665565383 -470.9944436118646  1.0000000001240825 133.85368354832033 -8.3233287227736987 2914.005720377339  1.0000000000211424 5.3029360350389698 -70.600379559370197 -2786.0469846464102  0.99999999997894984 -7800.9940887959674 -2711.3799956946996 240.29545902946646  1.0000000000008538 -6375.6650937186523 -6882.2622165885177 -162.25057062612814  0.99999999999912925 5907.7275723072262 6170.1365147881497 -1294.4602114287338  1.0000000000735789 -7115.0105147761269 -4805.7692289157203 2928.6540758254168  0.99999999985341204 -7060.5380747311765 -4789.7777583648785 -2822.2417178398437  1.0000000001441289 138.44178656710369 -13.502238339494859 2880.0680354348365  1.0000000000007598 68.763649902860536 -39.832441038824868 27.768560809609603  0.99999999999999878 38.95729620664661 -75.005153716127637 -2801.7902722024396  1.0000000000012939 -4717.6938370280623 -3353.5789596362133 196.32504749282953  0.99999999999944444 -9422.628887144976 -6220.1108350760587 -179.98957033687907  1.0000000000005564 648.3873475106783 -102.72150402897077 2945.5268298986052  1.0000000000550189 67.73780037336239 -39.936634900638474 7.4467052187235856  0.99999999999992684 3022.20625132652 -605.54061004962114 -2378.7474016117649  1.000000000070054 -15727.097942049568 -9275.6036742060023 -250.34776386914109  0.99999999994898148 85.925511265079138 -29.852006232549364 2843.8568200638338  1.0000000000320299 68.38902676365052 -40.254168207892619 -8.2317554672445485  0.9999999999999698 40.329983535943725 -74.474896655737567 -2861.0778421204332  1.0000000000234925 -7160.0470665506655 -4814.8644181135396 2823.9378440182609  0.99999999974795206 -7016.234593081489 -4780.5051860951335 -2878.1732093836595  1.0000000002520477 95.388082730798203 -10.477570911738601 2824.640904098178  0.99999999993998601 68.200446107665428 -40.469867825517902 -28.232397259975997  1.000000000000077 45.260502219422676 -67.423182941989865 -2880.1529178870519  0.99999999991906563 -15471.313597091381 -9419.5315660842971 99.577627550001651  1.0000000000524496 2552.7479673905809 -279.55432415739216 2499.8676206296691  0.99999999997597866 67.392413269125925 -40.549219365339574 -44.021581701530259  1.0000000000000246 512.16177743664002 -115.87732724696899 -2955.3821445701669  0.99999999998104128 -7113.2306004246939 -4810.5257461480596 2788.8392003088261  0.99999999987907406 -7063.1932500006596 -4784.6012305947688 -2915.0891951410881  1.0000000001209264 92.93399326462891 -17.625280583250571 2788.7254555895547  1.0000000000019027 67.908815975068322 -40.795759364809399 -64.232782200259024  0.99999999999999722 61.220241607418906 -73.217578097782905 -2933.876278676626  1.000000000003088 -14011.804607843362 -9923.91862593101 1210.5809383181111  1.0000000000379674 6077.5775732806915 5958.2218355427467 -326.78213952787422  0.99999999986255794 -10042.935140834605 -14319.431366150584 -361.19297198051447  1.0000000005164749 769.92966899566397 -373.66774822712028 742.38388325748667  0.99999999885600521 -1767.589037054249 513.00234332637376 -1867.6262061331593  1.0000000024655546 -489586.52624351979 -516155.06854720053 -24303.434706582109  0.99998994254660267 10984.585488873226 12802.954588242968 -78.022887535855773  1 
-47753.83455017602 -96397.023411580492 32.156268633002036  1 -13511.659792551804 -14338.00269995808 63.657950870560597  1.3589721411044531 4321.1193482847411 38069.413264870615 11696.57291988211  0.99998281086442875 -5416.63714241859 35900.464363649087 77.092828073119563  1.0000000011804278 -7726.2971635351496 35394.417142403021 -2984.7984735107934  0.99999910007144377 5690.7976298238973 -828.01913624516681 2210.4255166050757  1.0000000002952074 -6652.459541051102 -800.53236686028436 -1975.7918631643347  0.99999999971740061 58312.784420096054 40666.766239201432 -381.19711321214044  1.0000000001240825 34.392282895614819 48.10964754076484 2913.8825842296364  1.0000000000211424 -40.473738676808047 15.167441663781647 -2786.1034438932747  0.99999999997894984 30730.253853541064 9727.1005391511644 288.09333702389694  1.0000000000008538 24206.971230666459 30609.552597460766 -124.19392850772836  0.99999999999912925 -26848.53234065586 -24481.253704031747 -1335.0346014718448  1.0000000000735789 27573.30214259131 20208.086229445704 2971.4501919339714  0.99999999985341204 27358.902591773065 20138.514305969955 -2779.1970622144836  1.0000000001441289 31.025206308121273 44.746369637967305 2879.9349963902628  1.0000000000007598 -3.503943899673839 31.423152465538372 27.679199380679645  0.99999999999999878 -19.707738972375797 15.563782148895612 -2801.8627167366767  1.0000000000012939 17900.652546821817 13947.294480996427 224.40639357036423  0.99999999999944444 36888.977417253656 26305.03063319483 -122.44585663891615  1.0000000000005564 159.49377469021363 -125.84522302094649 2944.9206118267884  1.0000000000550189 -3.8173900510349967 31.577967705527779 7.3582278791093492  0.99999999999992684 853.33599124824173 -874.66311275048429 -2381.4372807786049  1.000000000070054 54500.747621360759 40755.425141274849 -163.11264530830252  0.99999999994898148 -4.400035928598812 36.657734082336042 2843.745058124553  1.0000000000320299 -3.6354105596507522 31.274087624812481 -8.3208145461833851  0.9999999999999698 -20.15835230070557 15.514048902834791 -2861.1525168287258  1.0000000000234925 27758.204564362037 20240.323010949061 2867.1952749248962  0.99999999974795206 27176.983335582729 20105.535628806891 -2835.5793796359881  1.0000000002520477 -1.6363751676491187 36.649164201191759 2824.5207445469177  0.99999999993998601 -3.6985309211318813 31.200239952387975 -28.321300308190711  1.000000000000077 -18.167955916072394 16.568202479952298 -2880.2312822841486  0.99999999991906563 54618.912526425287 40717.254891699631 186.64276553508134  1.0000000000524496 624.14768587260414 -779.98176864864774 2497.4748545262246  0.99999999997597866 -3.913510274281589 31.370094902065023 -44.109748647842189  1.0000000000000246 101.30190238051028 -136.96041747222412 -2955.891647629438  0.99999999998104128 27569.897272060301 20222.72361582267 2832.2281129940334  0.99999999987907406 27365.813555215576 20122.20378699397 -2872.6260612993847  1.0000000001209264 -3.674646932928912 32.361299397311356 2788.6059035247517  1.0000000000019027 -3.7899337155132837 31.087508619346906 -64.321436316809496  0.99999999999999722 -15.67231301016689 4.8625341243117406 -2933.9713405569355  1.000000000003088 53535.507431524806 41822.056529456873 1294.5001533929797  1.0000000000379674 -21172.222436575135 -25019.1819042227 -360.67009631965942  0.99999999986255794 31623.121985413407 59128.051450979685 -309.29055674207649  1.0000000005164749 4878.7204518406843 110.4084878434055 747.47918833008941  0.99999999885600521 -12627.869283682132 -1206.6651417989481 -1881.0956931491846  1.0000000024655546 1257827.4624783585 2193113.3834677576 -22127.927040486491  0.99998994254660267 -50382.263247746283 -54754.015669065848 -154.32792228463452  1 
83581.345661039508 173477.23170332215 195.88712252264889  1 24622.36357841951 28051.24071489277 111.07924843822788  1.3589721411044531 -4919.3317582774307 -63139.200468662137 11665.113266929855  0.99998281086442875 11756.26867986264 -59522.371397759285 98.070729814723776  1.0000000011804278 15712.492260100664 -58681.632746130133 -2956.4746414007973  0.99999910007144377 -15479.775244771865 3234.3428592857108 2184.1887346578228  1.0000000002952074 17620.628830006957 3023.4649575897406 -1945.6825170193656  0.99999999971740061 -101336.70015206808 -70984.32131461025 -579.50060050058232  1.0000000001240825 -579.51573130802262 269.6618229210066 2913.1221501633845  1.0000000000211424 23.24398710337168 555.93112521451883 -2786.022610101551  0.99999999997894984 -52299.725040319005 -15506.644659902964 185.10186615316681  1.0000000000008538 -40546.405620966092 -53940.92610020245 -204.79175754928804  0.99999999999912925 48006.669624180387 42276.990107933831 -1242.322756047512  1.0000000000735789 -46601.239332310877 -34794.425425408161 2879.97367343822  0.99999999985341204 -46235.898743292906 -34671.660969624048 -2871.278494401894  1.0000000001441289 -585.03785188763788 301.07482974994207 2879.1721692167234  1.0000000000007598 -274.3468870036848 414.53207109625896 27.344677658425116  0.99999999999999878 -131.41367836596891 586.80454163766831 -2801.9993206543754  1.0000000000012939 -29992.901423314823 -23783.003398827583 164.94432143185048  0.99999999999944444 -62599.059250055529 -45517.217004480503 -246.0717637277059  1.0000000000005564 -2757.1429982194513 758.82015960309843 2941.307464873958  1.0000000000550189 -269.90935534674179 414.95542615119234 7.0295973794604683  0.99999999999992684 -13013.463879681367 3246.1771063292044 -2398.6157854787507  1.000000000070054 -86154.29256993439 -71259.872403601737 -337.86969985499337  0.99999999994898148 -333.58950344867344 377.44035766959195 2843.3380418337965  1.0000000000320299 -272.71453541459044 416.48030945844408 -8.6531424690562755  0.9999999999999698 -132.98374527052746 587.14333895884192 -2861.2905672422271  1.0000000000234925 -46920.851011792853 -34847.027092022647 2774.6923269385152  0.99999999974795206 -45921.427442834145 -34617.767580489839 -2926.6578323080289  1.0000000002520477 -371.98510690877089 292.18425986886211 2824.0624774867861  0.99999999993998601 -271.89587432466283 417.47594561280636 -28.65253146937372  1.000000000000077 -154.36905737931048 555.46101999004225 -2880.3983424491953  0.99999999991906563 -87314.036701602585 -70624.012162282088 10.302906720512102  1.0000000000524496 -10861.175309294827 1798.9724793427829 2483.2438556991738  0.99999999997597866 -268.43833696823657 417.77058694802878 -44.436426263437149  1.0000000000000246 -2148.0548121153743 829.0147762537041 -2958.6770001691862  0.99999999998104128 -46597.498514537729 -34816.690153707721 2739.3976830292518  0.99999999987907406 -46245.648448775712 -34646.533962481968 -2963.3786710296563  1.0000000001209264 -359.93496594800047 325.94576206667745 2788.1650403927333  1.0000000000019027 -270.63522042401007 418.98201492638441 -64.650985736184666  0.99999999999999722 -220.19051567937868 586.72144806455594 -2934.2230052719879  1.000000000003088 -89863.1307230854 -72496.492575329685 1116.3299013489336  1.0000000000379674 33969.928640782229 43945.560749439137 -292.07399654012517  0.99999999986255794 -48393.803384304796 -101955.98945869488 -409.03290646670644  1.0000000005164749 -14177.448629339338 1076.4826723828808 723.85829300968851  0.99999999885600521 35699.749624449803 2029.0441079069578 -1821.1720218539347  1.0000000024655546 -1657618.7247522969 -3832299.3177046557 -25762.715409333534  0.99998994254660267 90076.323235256204 96259.09931824384 20.309749931463887  1 
-2.7755575615628914e-17 43.374996185302734 91.683644454354535  1 -2.6118301491165869e-17 43.737090848105602 80.45817435820355  1.3589721411044531 -2.8782094688964139e-17 43.374972568723756 11684.008147682176  0.99998281086442875 -2.7755222182920808e-17 43.374996186939249 83.690670443242524  1.0000000011804278 -2.9100180487451759e-17 43.374994881515633 -2975.4900861890906  0.99999910007144377 7.3670187996699199e-15 43.375382486041559 2203.3721923249932  1.0000000002952074 -7.1017779487204932e-15 43.374625219378451 -1967.5406040018379  0.99999999971740061 8.5615444721460155e-15 46.701054738426727 -453.62781724707946  1.0000000001240825 -9.9443872192398887e-15 45.624917996637983 2913.8399360061912  1.0000000000211424 9.8319067575773859e-15 45.625081532261838 -2786.0531629837787  0.99999999997894984 -4.5132313735085225e-17 45.624999810682532 249.97365342780407  1.0000000000008538 -1.0625772403498382e-17 45.625000189112228 -154.32012912191433  0.99999999999912925 4.9806689970218378e-15 45.624999900854206 -1301.7797582423607  1.0000000000735789 -1.008196999684237e-14 45.625000010179569 2937.4380273874895  0.99999999985341204 9.8715341564829297e-15 45.624999989991217 -2813.4195291230617  1.0000000001441289 -1.3602627026576604e-14 45.624999999995204 2879.8965793645016  1.0000000000007598 5.2069873777199068e-18 45.625000000000007 27.683590725347763  0.99999999999999878 -8.5863519972181846e-15 45.624999999982471 -2801.8381778687631  1.0000000000012939 -8.6864752844366103e-16 45.625000000017224 202.18199111210117  0.99999999999944444 8.5518368321649263e-16 45.624999999982791 -168.28319046675986  1.0000000000005564 -7.0298649971858173e-18 45.62499999734333 2944.7234411341833  1.0000000000550189 -6.9389473952560998e-18 45.625000000003531 7.3630073342381417  0.99999999999992684 -6.5738862817798658e-18 45.624999996624588 -2382.4921991096821  1.000000000070054 -3.5406813721821119e-15 45.625000000809173 -230.81823891495534  0.99999999994898148 7.1201511029599861e-15 45.625000001756888 2843.7505391268564  1.0000000000320299 7.372353667330323e-18 45.624999999998323 -8.3162596961759707  0.9999999999999698 -8.959481484580602e-15 45.625000001305395 -2861.1274437619691  1.0000000000234925 -6.3227711756450584e-15 45.625000013839241 2832.8096619408784  0.99999999974795206 6.3472656545264234e-15 45.624999986160773 -2869.4369089019524  1.0000000002520477 -9.2581837382227376e-15 45.625000001631669 2824.5228217905178  0.99999999993998601 2.1686418375953826e-17 45.624999999997904 -28.316666966453159  1.000000000000077 -9.2572907373441152e-15 45.62500000219584 -2880.2086570349902  0.99999999991906563 9.2486455162903525e-15 45.624999999793118 118.79055690936849  1.0000000000524496 -9.19354914724348e-15 45.62499999821847 2496.7037821018371  0.99999999997597866 6.7776999589001263e-18 45.625000000001805 -44.104849349203164  1.0000000000000246 -4.6823836844160373e-15 45.624999998631871 -2956.0165846678974  0.99999999998104128 2.473666658766416e-14 45.624999998419611 2797.7299273004696  0.99999999987907406 -2.4729806765662156e-14 45.625000001580403 -2906.3716348360413  1.0000000001209264 1.7301653286872151e-14 45.624999994541035 2788.6104543104257  1.0000000000019027 -2.429190015065509e-17 45.625000000006999 -64.316689258506969  0.99999999999999722 2.7360498361861811e-14 45.624999992595548 -2933.9517846502108  1.000000000003088 -1.2708862095636222e-14 45.62499999867655 1227.9862940002713  1.0000000000379674 3.4437067740797952e-15 45.625000015728752 -334.33688862054169  0.99999999986255794 -9.5907261674028627e-16 45.624999937858895 -348.69391696171641  1.0000000005164749 -8.6185126467275522e-18 45.625000138212528 741.43078558529101  0.99999999885600521 6.2362909290086036e-17 45.624999702133522 -1865.4364480480967  1.0000000024655546 -1.9633424955006117e-13 45.626202373100917 -23694.728408803487  0.99998994254660267 2.7755575615628914e-17 45.625 -91.683587655694154  1 

0 9
0.15329561320163265 6
0.19862630052744534 6
0.32566204225103945 6
0.34963394252106245 6
0.3836282014926421 6
0.54789190174032021 6
0.56995786065766296 6
0.6536169229934522 6
0.74705441571292253 6
1 9

0 4
0.15081429845326497 1
0.15083162468569852 1
0.15084890112884383 1
0.19040599790138654 1
0.19043079640399799 1
0.22834426112973644 1
0.2646229912503294 1
0.26463994075898145 1
0.3007608781033857 1
0.30101044779210984 1
0.33783434962812431 1
0.374657934036766 1
0.37467488217793948 1
0.4108804983374289 1
0.41089744764691183 1
0.41091439599363327 1
0.44683643510976856 1
0.44712340627127756 1
0.48333175877184992 1
0.48334870688939618 1
0.48336813954585434 1
0.51957382178602285 1
0.55578466963184681 1
0.55580161718006038 1
0.55581856517920791 1
0.59202796255991352 1
0.59204491575997109 1
0.62825424178975808 1
0.62827118970393669 1
0.62828813759824331 1
0.66449782737351137 1
0.70070370964366024 1
0.70072226104429225 1
0.70073920886459096 1
0.73694936861277571 1
0.73696631674583757 1
0.77317658825327729 1
0.77319353600824436 1
0.77321048391803981 1
0.80964444874089814 1
0.84607999253688637 1
0.88245634565609676 1
0.91977168280497423 1
0.9198316877977547 1
1 4

Triangulations 0

TShapes 8
Ve
1e-07
-2.77555756156289e-17 43.3749961853027 91.6836444543545
0 0

0101101
*
Ed
 1e-07 1 1 0
1  1 0 0 1
2  1 1 0 0 1
0

0101000
+8 0 -8 0 *
Ve
1e-07
2.77555756156289e-17 45.625 -91.6835876556942
0 0

0101101
*
Ed
 1e-07 1 1 0
1  2 0 0 1
3  2 3C0 1 0 0 1
0

0101000
+8 0 -6 0 *
Ed
 1e-07 1 1 0
1  3 0 0 1
2  4 1 0 0 1
0

0101000
+6 0 -6 0 *
Wi

0101000
+7 0 +5 0 -4 0 -5 0 *
Fa
0  1e-07 1 0

0101000
+3 0 *
Sh

1101000
+2 0 *

+1 0 