WARNING: ThreadSanitizer: data race (pid=70754)
  Read of size 1 at 0x000104b37788 by thread T7:
    #0 Interface_Static::Standards() Interface_StaticStandards.cxx:24 (occt_1157_stress_before:arm64+0x101340a80)
    #1 XSControl_Controller::XSControl_Controller(char const*, char const*) XSControl_Controller.cxx:69 (occt_1157_stress_before:arm64+0x1013d512c)
    #2 STEPControl_Controller::STEPControl_Controller() STEPControl_Controller.cxx:59 (occt_1157_stress_before:arm64+0x10053f6f4)
    #3 STEPControl_Controller::Init() STEPControl_Controller.cxx:494 (occt_1157_stress_before:arm64+0x1005434f0)
    #4 STEPControl_Writer::STEPControl_Writer() STEPControl_Writer.cxx:38 (occt_1157_stress_before:arm64+0x10054d1d4)
    #5 STEPControl_Writer::STEPControl_Writer() STEPControl_Writer.cxx:37 (occt_1157_stress_before:arm64+0x10054d450)
    #6 runStepWriteIndependent(int, int) occt_1157_stress.cpp:85 (occt_1157_stress_before:arm64+0x100000ad8)
    #7 void* std::__1::__thread_proxy[abi:nqe210106]<std::__1::tuple<std::__1::unique_ptr<std::__1::__thread_struct, std::__1::default_delete<std::__1::__thread_struct>>, void (*)(int, int), int, int>>(void*) thread.h:168 (occt_1157_stress_before:arm64+0x100006494)

  Previous write of size 1 at 0x000104b37788 by thread T2:
    #0 Interface_Static::Standards() Interface_StaticStandards.cxx:29 (occt_1157_stress_before:arm64+0x101340a90)
    #1 XSControl_Controller::XSControl_Controller(char const*, char const*) XSControl_Controller.cxx:69 (occt_1157_stress_before:arm64+0x1013d512c)
    #2 STEPControl_Controller::STEPControl_Controller() STEPControl_Controller.cxx:59 (occt_1157_stress_before:arm64+0x10053f6f4)
    #3 STEPControl_Controller::Init() STEPControl_Controller.cxx:494 (occt_1157_stress_before:arm64+0x1005434f0)
    #4 STEPControl_Writer::STEPControl_Writer() STEPControl_Writer.cxx:38 (occt_1157_stress_before:arm64+0x10054d1d4)
    #5 STEPControl_Writer::STEPControl_Writer() STEPControl_Writer.cxx:37 (occt_1157_stress_before:arm64+0x10054d450)
    #6 runStepWriteIndependent(int, int) occt_1157_stress.cpp:85 (occt_1157_stress_before:arm64+0x100000ad8)
    #7 void* std::__1::__thread_proxy[abi:nqe210106]<std::__1::tuple<std::__1::unique_ptr<std::__1::__thread_struct, std::__1::default_delete<std::__1::__thread_struct>>, void (*)(int, int), int, int>>(void*) thread.h:168 (occt_1157_stress_before:arm64+0x100006494)

  Location is global 'THE_Interface_Static_deja' at 0x000104b37788 (occt_1157_stress_before+0x101cb3788)

  Thread T7 (tid=352297, running) created by main thread at:
    #0 pthread_create <null> (libclang_rt.tsan_osx_dynamic.dylib:arm64e+0x33834)
    #1 std::__1::thread::thread[abi:nqe210106]<void (*&)(int, int), int&, int&, 0>(void (*&)(int, int), int&, int&) thread.h:216 (occt_1157_stress_before:arm64+0x10000635c)
    #2 runOne(char const*, int, int) occt_1157_stress.cpp:343 (occt_1157_stress_before:arm64+0x1000039b0)
    #3 main occt_1157_stress.cpp:380 (occt_1157_stress_before:arm64+0x100002e08)

  Thread T2 (tid=352292, running) created by main thread at:
    #0 pthread_create <null> (libclang_rt.tsan_osx_dynamic.dylib:arm64e+0x33834)
    #1 std::__1::thread::thread[abi:nqe210106]<void (*&)(int, int), int&, int&, 0>(void (*&)(int, int), int&, int&) thread.h:216 (occt_1157_stress_before:arm64+0x10000635c)
    #2 std::__1::thread* std::__1::vector<std::__1::thread, std::__1::allocator<std::__1::thread>>::__emplace_back_slow_path<void (*&)(int, int), int&, int&>(void (*&)(int, int), int&, int&) vector.h:1130 (occt_1157_stress_before:arm64+0x100006118)
    #3 runOne(char const*, int, int) occt_1157_stress.cpp:343 (occt_1157_stress_before:arm64+0x1000039d8)
    #4 main occt_1157_stress.cpp:380 (occt_1157_stress_before:arm64+0x100002e08)

SUMMARY: ThreadSanitizer: data race Interface_StaticStandards.cxx:24 in Interface_Static::Standards()
==================
WARNING: ThreadSanitizer: data race (pid=70754)
  Write of size 8 at 0x000104b37ef8 by thread T2:
    #0 std::__1::conditional<false, opencascade::handle<Standard_Transient>&, bool>::type NCollection_DataMap<TCollection_AsciiString, opencascade::handle<Standard_Transient>, NCollection_DefaultHasher<TCollection_AsciiString>>::emplaceImpl<TCollection_AsciiString, false, false, opencascade::handle<Standard_Transient> const&>(TCollection_AsciiString&&, std::__1::integral_constant<bool, false>, std::__1::integral_constant<bool, false>, opencascade::handle<Standard_Transient> const&) NCollection_DataMap.hxx:814 (occt_1157_stress_before:arm64+0x10083fe18)
    #1 Interface_Static::Init(char const*, char const*, Interface_ParamType, char const*) Interface_Static.cxx:183 (occt_1157_stress_before:arm64+0x10133e614)
    #2 Interface_Static::Init(char const*, char const*, char, char const*) Interface_Static.cxx:275 (occt_1157_stress_before:arm64+0x10133eb34)
    #3 Interface_Static::Standards() Interface_StaticStandards.cxx:33 (occt_1157_stress_before:arm64+0x101340ab8)
    #4 XSControl_Controller::XSControl_Controller(char const*, char const*) XSControl_Controller.cxx:69 (occt_1157_stress_before:arm64+0x1013d512c)
    #5 STEPControl_Controller::STEPControl_Controller() STEPControl_Controller.cxx:59 (occt_1157_stress_before:arm64+0x10053f6f4)
    #6 STEPControl_Controller::Init() STEPControl_Controller.cxx:494 (occt_1157_stress_before:arm64+0x1005434f0)
    #7 STEPControl_Writer::STEPControl_Writer() STEPControl_Writer.cxx:38 (occt_1157_stress_before:arm64+0x10054d1d4)
    #8 STEPControl_Writer::STEPControl_Writer() STEPControl_Writer.cxx:37 (occt_1157_stress_before:arm64+0x10054d450)
    #9 runStepWriteIndependent(int, int) occt_1157_stress.cpp:85 (occt_1157_stress_before:arm64+0x100000ad8)
    #10 void* std::__1::__thread_proxy[abi:nqe210106]<std::__1::tuple<std::__1::unique_ptr<std::__1::__thread_struct, std::__1::default_delete<std::__1::__thread_struct>>, void (*)(int, int), int, int>>(void*) thread.h:168 (occt_1157_stress_before:arm64+0x100006494)

  Previous read of size 8 at 0x000104b37ef8 by thread T3:
    #0 Interface_Static::Static(char const*) Interface_Static.cxx:295 (occt_1157_stress_before:arm64+0x10133e79c)
    #1 XSControl_Controller::TraceStatic(char const*, int) XSControl_Controller.cxx:80 (occt_1157_stress_before:arm64+0x1013d5268)
    #2 XSControl_Controller::XSControl_Controller(char const*, char const*) XSControl_Controller.cxx:70 (occt_1157_stress_before:arm64+0x1013d5140)
    #3 STEPControl_Controller::STEPControl_Controller() STEPControl_Controller.cxx:59 (occt_1157_stress_before:arm64+0x10053f6f4)
    #4 STEPControl_Controller::Init() STEPControl_Controller.cxx:494 (occt_1157_stress_before:arm64+0x1005434f0)
    #5 STEPControl_Writer::STEPControl_Writer() STEPControl_Writer.cxx:38 (occt_1157_stress_before:arm64+0x10054d1d4)
    #6 STEPControl_Writer::STEPControl_Writer() STEPControl_Writer.cxx:37 (occt_1157_stress_before:arm64+0x10054d450)
    #7 runStepWriteIndependent(int, int) occt_1157_stress.cpp:85 (occt_1157_stress_before:arm64+0x100000ad8)
    #8 void* std::__1::__thread_proxy[abi:nqe210106]<std::__1::tuple<std::__1::unique_ptr<std::__1::__thread_struct, std::__1::default_delete<std::__1::__thread_struct>>, void (*)(int, int), int, int>>(void*) thread.h:168 (occt_1157_stress_before:arm64+0x100006494)

  Location is global 'astats' at 0x000104b37ed0 (occt_1157_stress_before+0x101cb3ef8)

  Thread T2 (tid=352292, running) created by main thread at:
    #0 pthread_create <null> (libclang_rt.tsan_osx_dynamic.dylib:arm64e+0x33834)
    #1 std::__1::thread::thread[abi:nqe210106]<void (*&)(int, int), int&, int&, 0>(void (*&)(int, int), int&, int&) thread.h:216 (occt_1157_stress_before:arm64+0x10000635c)
    #2 std::__1::thread* std::__1::vector<std::__1::thread, std::__1::allocator<std::__1::thread>>::__emplace_back_slow_path<void (*&)(int, int), int&, int&>(void (*&)(int, int), int&, int&) vector.h:1130 (occt_1157_stress_before:arm64+0x100006118)
    #3 runOne(char const*, int, int) occt_1157_stress.cpp:343 (occt_1157_stress_before:arm64+0x1000039d8)
    #4 main occt_1157_stress.cpp:380 (occt_1157_stress_before:arm64+0x100002e08)

  Thread T3 (tid=352293, running) created by main thread at:
    #0 pthread_create <null> (libclang_rt.tsan_osx_dynamic.dylib:arm64e+0x33834)
    #1 std::__1::thread::thread[abi:nqe210106]<void (*&)(int, int), int&, int&, 0>(void (*&)(int, int), int&, int&) thread.h:216 (occt_1157_stress_before:arm64+0x10000635c)
    #2 std::__1::thread* std::__1::vector<std::__1::thread, std::__1::allocator<std::__1::thread>>::__emplace_back_slow_path<void (*&)(int, int), int&, int&>(void (*&)(int, int), int&, int&) vector.h:1130 (occt_1157_stress_before:arm64+0x100006118)
    #3 runOne(char const*, int, int) occt_1157_stress.cpp:343 (occt_1157_stress_before:arm64+0x1000039d8)
    #4 main occt_1157_stress.cpp:380 (occt_1157_stress_before:arm64+0x100002e08)

SUMMARY: ThreadSanitizer: data race NCollection_DataMap.hxx:814 in std::__1::conditional<false, opencascade::handle<Standard_Transient>&, bool>::type NCollection_DataMap<TCollection_AsciiString, opencascade::handle<Standard_Transient>, NCollection_DefaultHasher<TCollection_AsciiString>>::emplaceImpl<TCollection_AsciiString, false, false, opencascade::handle<Standard_Transient> const&>(TCollection_AsciiString&&, std::__1::integral_constant<bool, false>, std::__1::integral_constant<bool, false>, opencascade::handle<Standard_Transient> const&)
==================
WARNING: ThreadSanitizer: data race (pid=70754)
  Read of size 8 at 0x000104b37ef0 by thread T3 (mutexes: write M0):
    #0 NCollection_BaseMap::BeginResize(unsigned long, unsigned long&, NCollection_ListNode**&, NCollection_ListNode**&) const NCollection_BaseMap.cxx:30 (occt_1157_stress_before:arm64+0x1008df88c)
    #1 NCollection_DataMap<TCollection_AsciiString, opencascade::handle<Standard_Transient>, NCollection_DefaultHasher<TCollection_AsciiString>>::ReSize(unsigned long) NCollection_DataMap.hxx:365 (occt_1157_stress_before:arm64+0x100840088)
    #2 std::__1::conditional<false, opencascade::handle<Standard_Transient>&, bool>::type NCollection_DataMap<TCollection_AsciiString, opencascade::handle<Standard_Transient>, NCollection_DefaultHasher<TCollection_AsciiString>>::emplaceImpl<TCollection_AsciiString, false, false, opencascade::handle<Standard_Transient> const&>(TCollection_AsciiString&&, std::__1::integral_constant<bool, false>, std::__1::integral_constant<bool, false>, opencascade::handle<Standard_Transient> const&) NCollection_DataMap.hxx:795 (occt_1157_stress_before:arm64+0x10083fcbc)
    #3 Interface_Static::Init(char const*, char const*, Interface_ParamType, char const*) Interface_Static.cxx:183 (occt_1157_stress_before:arm64+0x10133e614)
    #4 Interface_Static::Init(char const*, char const*, char, char const*) Interface_Static.cxx:275 (occt_1157_stress_before:arm64+0x10133eb34)
    #5 STEPControl_Controller::STEPControl_Controller() STEPControl_Controller.cxx:69 (occt_1157_stress_before:arm64+0x10053f76c)
    #6 STEPControl_Controller::Init() STEPControl_Controller.cxx:494 (occt_1157_stress_before:arm64+0x1005434f0)
    #7 STEPControl_Writer::STEPControl_Writer() STEPControl_Writer.cxx:38 (occt_1157_stress_before:arm64+0x10054d1d4)
    #8 STEPControl_Writer::STEPControl_Writer() STEPControl_Writer.cxx:37 (occt_1157_stress_before:arm64+0x10054d450)
    #9 runStepWriteIndependent(int, int) occt_1157_stress.cpp:85 (occt_1157_stress_before:arm64+0x100000ad8)
    #10 void* std::__1::__thread_proxy[abi:nqe210106]<std::__1::tuple<std::__1::unique_ptr<std::__1::__thread_struct, std::__1::default_delete<std::__1::__thread_struct>>, void (*)(int, int), int, int>>(void*) thread.h:168 (occt_1157_stress_before:arm64+0x100006494)

  Previous write of size 8 at 0x000104b37ef0 by thread T2:
    #0 NCollection_BaseMap::EndResize(unsigned long, unsigned long, NCollection_ListNode**, NCollection_ListNode**) NCollection_BaseMap.cxx:68 (occt_1157_stress_before:arm64+0x1008df9f8)
    #1 NCollection_DataMap<TCollection_AsciiString, opencascade::handle<Standard_Transient>, NCollection_DefaultHasher<TCollection_AsciiString>>::ReSize(unsigned long) NCollection_DataMap.hxx:387 (occt_1157_stress_before:arm64+0x1008401f0)
    #2 std::__1::conditional<false, opencascade::handle<Standard_Transient>&, bool>::type NCollection_DataMap<TCollection_AsciiString, opencascade::handle<Standard_Transient>, NCollection_DefaultHasher<TCollection_AsciiString>>::emplaceImpl<TCollection_AsciiString, false, false, opencascade::handle<Standard_Transient> const&>(TCollection_AsciiString&&, std::__1::integral_constant<bool, false>, std::__1::integral_constant<bool, false>, opencascade::handle<Standard_Transient> const&) NCollection_DataMap.hxx:795 (occt_1157_stress_before:arm64+0x10083fcbc)
    #3 Interface_Static::Init(char const*, char const*, Interface_ParamType, char const*) Interface_Static.cxx:183 (occt_1157_stress_before:arm64+0x10133e614)
    #4 Interface_Static::Init(char const*, char const*, char, char const*) Interface_Static.cxx:275 (occt_1157_stress_before:arm64+0x10133eb34)
    #5 Interface_Static::Standards() Interface_StaticStandards.cxx:33 (occt_1157_stress_before:arm64+0x101340ab8)
    #6 XSControl_Controller::XSControl_Controller(char const*, char const*) XSControl_Controller.cxx:69 (occt_1157_stress_before:arm64+0x1013d512c)
    #7 STEPControl_Controller::STEPControl_Controller() STEPControl_Controller.cxx:59 (occt_1157_stress_before:arm64+0x10053f6f4)
    #8 STEPControl_Controller::Init() STEPControl_Controller.cxx:494 (occt_1157_stress_before:arm64+0x1005434f0)
    #9 STEPControl_Writer::STEPControl_Writer() STEPControl_Writer.cxx:38 (occt_1157_stress_before:arm64+0x10054d1d4)
    #10 STEPControl_Writer::STEPControl_Writer() STEPControl_Writer.cxx:37 (occt_1157_stress_before:arm64+0x10054d450)
    #11 runStepWriteIndependent(int, int) occt_1157_stress.cpp:85 (occt_1157_stress_before:arm64+0x100000ad8)
    #12 void* std::__1::__thread_proxy[abi:nqe210106]<std::__1::tuple<std::__1::unique_ptr<std::__1::__thread_struct, std::__1::default_delete<std::__1::__thread_struct>>, void (*)(int, int), int, int>>(void*) thread.h:168 (occt_1157_stress_before:arm64+0x100006494)

  Location is global 'astats' at 0x000104b37ed0 (occt_1157_stress_before+0x101cb3ef0)

  Mutex M0 (0x000104aec788) created at:
    #0 pthread_mutex_lock <null> (libclang_rt.tsan_osx_dynamic.dylib:arm64e+0x356bc)
    #1 std::__1::mutex::lock() <null> (libc++.1.dylib:arm64e+0x300c)
    #2 STEPControl_Controller::Init() STEPControl_Controller.cxx:494 (occt_1157_stress_before:arm64+0x1005434f0)
    #3 STEPControl_Writer::STEPControl_Writer() STEPControl_Writer.cxx:38 (occt_1157_stress_before:arm64+0x10054d1d4)
    #4 STEPControl_Writer::STEPControl_Writer() STEPControl_Writer.cxx:37 (occt_1157_stress_before:arm64+0x10054d450)
    #5 runStepWriteIndependent(int, int) occt_1157_stress.cpp:85 (occt_1157_stress_before:arm64+0x100000ad8)
    #6 void* std::__1::__thread_proxy[abi:nqe210106]<std::__1::tuple<std::__1::unique_ptr<std::__1::__thread_struct, std::__1::default_delete<std::__1::__thread_struct>>, void (*)(int, int), int, int>>(void*) thread.h:168 (occt_1157_stress_before:arm64+0x100006494)

  Thread T3 (tid=352293, running) created by main thread at:
    #0 pthread_create <null> (libclang_rt.tsan_osx_dynamic.dylib:arm64e+0x33834)
    #1 std::__1::thread::thread[abi:nqe210106]<void (*&)(int, int), int&, int&, 0>(void (*&)(int, int), int&, int&) thread.h:216 (occt_1157_stress_before:arm64+0x10000635c)
    #2 std::__1::thread* std::__1::vector<std::__1::thread, std::__1::allocator<std::__1::thread>>::__emplace_back_slow_path<void (*&)(int, int), int&, int&>(void (*&)(int, int), int&, int&) vector.h:1130 (occt_1157_stress_before:arm64+0x100006118)
    #3 runOne(char const*, int, int) occt_1157_stress.cpp:343 (occt_1157_stress_before:arm64+0x1000039d8)
    #4 main occt_1157_stress.cpp:380 (occt_1157_stress_before:arm64+0x100002e08)

  Thread T2 (tid=352292, running) created by main thread at:
    #0 pthread_create <null> (libclang_rt.tsan_osx_dynamic.dylib:arm64e+0x33834)
    #1 std::__1::thread::thread[abi:nqe210106]<void (*&)(int, int), int&, int&, 0>(void (*&)(int, int), int&, int&) thread.h:216 (occt_1157_stress_before:arm64+0x10000635c)
    #2 std::__1::thread* std::__1::vector<std::__1::thread, std::__1::allocator<std::__1::thread>>::__emplace_back_slow_path<void (*&)(int, int), int&, int&>(void (*&)(int, int), int&, int&) vector.h:1130 (occt_1157_stress_before:arm64+0x100006118)
    #3 runOne(char const*, int, int) occt_1157_stress.cpp:343 (occt_1157_stress_before:arm64+0x1000039d8)
    #4 main occt_1157_stress.cpp:380 (occt_1157_stress_before:arm64+0x100002e08)

SUMMARY: ThreadSanitizer: data race NCollection_BaseMap.cxx:30 in NCollection_BaseMap::BeginResize(unsigned long, unsigned long&, NCollection_ListNode**&, NCollection_ListNode**&) const
==================
WARNING: ThreadSanitizer: data race (pid=70754)
  Write of size 8 at 0x000110707cd0 by thread T3 (mutexes: write M0):
    #0 std::__1::conditional<false, opencascade::handle<Standard_Transient>&, bool>::type NCollection_DataMap<TCollection_AsciiString, opencascade::handle<Standard_Transient>, NCollection_DefaultHasher<TCollection_AsciiString>>::emplaceImpl<TCollection_AsciiString, false, false, opencascade::handle<Standard_Transient> const&>(TCollection_AsciiString&&, std::__1::integral_constant<bool, false>, std::__1::integral_constant<bool, false>, opencascade::handle<Standard_Transient> const&) NCollection_DataMap.hxx:810 (occt_1157_stress_before:arm64+0x10083fe04)
    #1 Interface_Static::Init(char const*, char const*, Interface_ParamType, char const*) Interface_Static.cxx:183 (occt_1157_stress_before:arm64+0x10133e614)
    #2 Interface_Static::Init(char const*, char const*, char, char const*) Interface_Static.cxx:275 (occt_1157_stress_before:arm64+0x10133eb34)
    #3 STEPControl_Controller::STEPControl_Controller() STEPControl_Controller.cxx:238 (occt_1157_stress_before:arm64+0x100540734)
    #4 STEPControl_Controller::Init() STEPControl_Controller.cxx:494 (occt_1157_stress_before:arm64+0x1005434f0)
    #5 STEPControl_Writer::STEPControl_Writer() STEPControl_Writer.cxx:38 (occt_1157_stress_before:arm64+0x10054d1d4)
    #6 STEPControl_Writer::STEPControl_Writer() STEPControl_Writer.cxx:37 (occt_1157_stress_before:arm64+0x10054d450)
    #7 runStepWriteIndependent(int, int) occt_1157_stress.cpp:85 (occt_1157_stress_before:arm64+0x100000ad8)
    #8 void* std::__1::__thread_proxy[abi:nqe210106]<std::__1::tuple<std::__1::unique_ptr<std::__1::__thread_struct, std::__1::default_delete<std::__1::__thread_struct>>, void (*)(int, int), int, int>>(void*) thread.h:168 (occt_1157_stress_before:arm64+0x100006494)

  Previous read of size 8 at 0x000110707cd0 by thread T2:
    #0 Interface_Static::Static(char const*) Interface_Static.cxx:295 (occt_1157_stress_before:arm64+0x10133e854)
    #1 XSControl_Controller::TraceStatic(char const*, int) XSControl_Controller.cxx:80 (occt_1157_stress_before:arm64+0x1013d5268)
    #2 XSControl_Controller::XSControl_Controller(char const*, char const*) XSControl_Controller.cxx:71 (occt_1157_stress_before:arm64+0x1013d5154)
    #3 STEPControl_Controller::STEPControl_Controller() STEPControl_Controller.cxx:59 (occt_1157_stress_before:arm64+0x10053f6f4)
    #4 STEPControl_Controller::Init() STEPControl_Controller.cxx:494 (occt_1157_stress_before:arm64+0x1005434f0)
    #5 STEPControl_Writer::STEPControl_Writer() STEPControl_Writer.cxx:38 (occt_1157_stress_before:arm64+0x10054d1d4)
    #6 STEPControl_Writer::STEPControl_Writer() STEPControl_Writer.cxx:37 (occt_1157_stress_before:arm64+0x10054d450)
    #7 runStepWriteIndependent(int, int) occt_1157_stress.cpp:85 (occt_1157_stress_before:arm64+0x100000ad8)
    #8 void* std::__1::__thread_proxy[abi:nqe210106]<std::__1::tuple<std::__1::unique_ptr<std::__1::__thread_struct, std::__1::default_delete<std::__1::__thread_struct>>, void (*)(int, int), int, int>>(void*) thread.h:168 (occt_1157_stress_before:arm64+0x100006494)

  Location is heap block of size 816 at 0x000110707a80 allocated by thread T2:
    #0 calloc <null> (libclang_rt.tsan_osx_dynamic.dylib:arm64e+0x67c40)
    #1 Standard::Allocate(unsigned long) Standard.cxx:386 (occt_1157_stress_before:arm64+0x1008bed34)
    #2 NCollection_BaseMap::BeginResize(unsigned long, unsigned long&, NCollection_ListNode**&, NCollection_ListNode**&) const NCollection_BaseMap.cxx:42 (occt_1157_stress_before:arm64+0x1008df8cc)
    #3 NCollection_DataMap<TCollection_AsciiString, opencascade::handle<Standard_Transient>, NCollection_DefaultHasher<TCollection_AsciiString>>::ReSize(unsigned long) NCollection_DataMap.hxx:365 (occt_1157_stress_before:arm64+0x100840088)
    #4 std::__1::conditional<false, opencascade::handle<Standard_Transient>&, bool>::type NCollection_DataMap<TCollection_AsciiString, opencascade::handle<Standard_Transient>, NCollection_DefaultHasher<TCollection_AsciiString>>::emplaceImpl<TCollection_AsciiString, false, false, opencascade::handle<Standard_Transient> const&>(TCollection_AsciiString&&, std::__1::integral_constant<bool, false>, std::__1::integral_constant<bool, false>, opencascade::handle<Standard_Transient> const&) NCollection_DataMap.hxx:795 (occt_1157_stress_before:arm64+0x10083fcbc)
    #5 Interface_Static::Init(char const*, char const*, Interface_ParamType, char const*) Interface_Static.cxx:183 (occt_1157_stress_before:arm64+0x10133e614)
    #6 Interface_Static::Init(char const*, char const*, char, char const*) Interface_Static.cxx:275 (occt_1157_stress_before:arm64+0x10133eb34)
    #7 Interface_Static::Standards() Interface_StaticStandards.cxx:33 (occt_1157_stress_before:arm64+0x101340ab8)
    #8 XSControl_Controller::XSControl_Controller(char const*, char const*) XSControl_Controller.cxx:69 (occt_1157_stress_before:arm64+0x1013d512c)
    #9 STEPControl_Controller::STEPControl_Controller() STEPControl_Controller.cxx:59 (occt_1157_stress_before:arm64+0x10053f6f4)
    #10 STEPControl_Controller::Init() STEPControl_Controller.cxx:494 (occt_1157_stress_before:arm64+0x1005434f0)
    #11 STEPControl_Writer::STEPControl_Writer() STEPControl_Writer.cxx:38 (occt_1157_stress_before:arm64+0x10054d1d4)
    #12 STEPControl_Writer::STEPControl_Writer() STEPControl_Writer.cxx:37 (occt_1157_stress_before:arm64+0x10054d450)
    #13 runStepWriteIndependent(int, int) occt_1157_stress.cpp:85 (occt_1157_stress_before:arm64+0x100000ad8)
    #14 void* std::__1::__thread_proxy[abi:nqe210106]<std::__1::tuple<std::__1::unique_ptr<std::__1::__thread_struct, std::__1::default_delete<std::__1::__thread_struct>>, void (*)(int, int), int, int>>(void*) thread.h:168 (occt_1157_stress_before:arm64+0x100006494)

  Mutex M0 (0x000104aec788) created at:
    #0 pthread_mutex_lock <null> (libclang_rt.tsan_osx_dynamic.dylib:arm64e+0x356bc)
    #1 std::__1::mutex::lock() <null> (libc++.1.dylib:arm64e+0x300c)
    #2 STEPControl_Controller::Init() STEPControl_Controller.cxx:494 (occt_1157_stress_before:arm64+0x1005434f0)
    #3 STEPControl_Writer::STEPControl_Writer() STEPControl_Writer.cxx:38 (occt_1157_stress_before:arm64+0x10054d1d4)
    #4 STEPControl_Writer::STEPControl_Writer() STEPControl_Writer.cxx:37 (occt_1157_stress_before:arm64+0x10054d450)
    #5 runStepWriteIndependent(int, int) occt_1157_stress.cpp:85 (occt_1157_stress_before:arm64+0x100000ad8)
    #6 void* std::__1::__thread_proxy[abi:nqe210106]<std::__1::tuple<std::__1::unique_ptr<std::__1::__thread_struct, std::__1::default_delete<std::__1::__thread_struct>>, void (*)(int, int), int, int>>(void*) thread.h:168 (occt_1157_stress_before:arm64+0x100006494)

  Thread T3 (tid=352293, running) created by main thread at:
    #0 pthread_create <null> (libclang_rt.tsan_osx_dynamic.dylib:arm64e+0x33834)
    #1 std::__1::thread::thread[abi:nqe210106]<void (*&)(int, int), int&, int&, 0>(void (*&)(int, int), int&, int&) thread.h:216 (occt_1157_stress_before:arm64+0x10000635c)
    #2 std::__1::thread* std::__1::vector<std::__1::thread, std::__1::allocator<std::__1::thread>>::__emplace_back_slow_path<void (*&)(int, int), int&, int&>(void (*&)(int, int), int&, int&) vector.h:1130 (occt_1157_stress_before:arm64+0x100006118)
    #3 runOne(char const*, int, int) occt_1157_stress.cpp:343 (occt_1157_stress_before:arm64+0x1000039d8)
    #4 main occt_1157_stress.cpp:380 (occt_1157_stress_before:arm64+0x100002e08)

  Thread T2 (tid=352292, running) created by main thread at:
    #0 pthread_create <null> (libclang_rt.tsan_osx_dynamic.dylib:arm64e+0x33834)
    #1 std::__1::thread::thread[abi:nqe210106]<void (*&)(int, int), int&, int&, 0>(void (*&)(int, int), int&, int&) thread.h:216 (occt_1157_stress_before:arm64+0x10000635c)
    #2 std::__1::thread* std::__1::vector<std::__1::thread, std::__1::allocator<std::__1::thread>>::__emplace_back_slow_path<void (*&)(int, int), int&, int&>(void (*&)(int, int), int&, int&) vector.h:1130 (occt_1157_stress_before:arm64+0x100006118)
    #3 runOne(char const*, int, int) occt_1157_stress.cpp:343 (occt_1157_stress_before:arm64+0x1000039d8)
    #4 main occt_1157_stress.cpp:380 (occt_1157_stress_before:arm64+0x100002e08)

SUMMARY: ThreadSanitizer: data race NCollection_DataMap.hxx:810 in std::__1::conditional<false, opencascade::handle<Standard_Transient>&, bool>::type NCollection_DataMap<TCollection_AsciiString, opencascade::handle<Standard_Transient>, NCollection_DefaultHasher<TCollection_AsciiString>>::emplaceImpl<TCollection_AsciiString, false, false, opencascade::handle<Standard_Transient> const&>(TCollection_AsciiString&&, std::__1::integral_constant<bool, false>, std::__1::integral_constant<bool, false>, opencascade::handle<Standard_Transient> const&)
==================
WARNING: ThreadSanitizer: data race (pid=70754)
  Write of size 8 at 0x000110707b68 by thread T3 (mutexes: write M0):
    #0 std::__1::conditional<false, opencascade::handle<Standard_Transient>&, bool>::type NCollection_DataMap<TCollection_AsciiString, opencascade::handle<Standard_Transient>, NCollection_DefaultHasher<TCollection_AsciiString>>::emplaceImpl<TCollection_AsciiString, false, false, opencascade::handle<Standard_Transient> const&>(TCollection_AsciiString&&, std::__1::integral_constant<bool, false>, std::__1::integral_constant<bool, false>, opencascade::handle<Standard_Transient> const&) NCollection_DataMap.hxx:810 (occt_1157_stress_before:arm64+0x10083fe04)
    #1 Interface_Static::Init(char const*, char const*, Interface_ParamType, char const*) Interface_Static.cxx:183 (occt_1157_stress_before:arm64+0x10133e614)
    #2 Interface_Static::Init(char const*, char const*, char, char const*) Interface_Static.cxx:275 (occt_1157_stress_before:arm64+0x10133eb34)
    #3 STEPControl_Controller::STEPControl_Controller() STEPControl_Controller.cxx:259 (occt_1157_stress_before:arm64+0x100540974)
    #4 STEPControl_Controller::Init() STEPControl_Controller.cxx:494 (occt_1157_stress_before:arm64+0x1005434f0)
    #5 STEPControl_Writer::STEPControl_Writer() STEPControl_Writer.cxx:38 (occt_1157_stress_before:arm64+0x10054d1d4)
    #6 STEPControl_Writer::STEPControl_Writer() STEPControl_Writer.cxx:37 (occt_1157_stress_before:arm64+0x10054d450)
    #7 runStepWriteIndependent(int, int) occt_1157_stress.cpp:85 (occt_1157_stress_before:arm64+0x100000ad8)
    #8 void* std::__1::__thread_proxy[abi:nqe210106]<std::__1::tuple<std::__1::unique_ptr<std::__1::__thread_struct, std::__1::default_delete<std::__1::__thread_struct>>, void (*)(int, int), int, int>>(void*) thread.h:168 (occt_1157_stress_before:arm64+0x100006494)

  Previous read of size 8 at 0x000110707b68 by thread T2:
    #0 Interface_Static::Static(char const*) Interface_Static.cxx:295 (occt_1157_stress_before:arm64+0x10133e854)
    #1 XSControl_Controller::TraceStatic(char const*, int) XSControl_Controller.cxx:80 (occt_1157_stress_before:arm64+0x1013d5268)
    #2 XSControl_Controller::XSControl_Controller(char const*, char const*) XSControl_Controller.cxx:72 (occt_1157_stress_before:arm64+0x1013d5168)
    #3 STEPControl_Controller::STEPControl_Controller() STEPControl_Controller.cxx:59 (occt_1157_stress_before:arm64+0x10053f6f4)
    #4 STEPControl_Controller::Init() STEPControl_Controller.cxx:494 (occt_1157_stress_before:arm64+0x1005434f0)
    #5 STEPControl_Writer::STEPControl_Writer() STEPControl_Writer.cxx:38 (occt_1157_stress_before:arm64+0x10054d1d4)
    #6 STEPControl_Writer::STEPControl_Writer() STEPControl_Writer.cxx:37 (occt_1157_stress_before:arm64+0x10054d450)
    #7 runStepWriteIndependent(int, int) occt_1157_stress.cpp:85 (occt_1157_stress_before:arm64+0x100000ad8)
    #8 void* std::__1::__thread_proxy[abi:nqe210106]<std::__1::tuple<std::__1::unique_ptr<std::__1::__thread_struct, std::__1::default_delete<std::__1::__thread_struct>>, void (*)(int, int), int, int>>(void*) thread.h:168 (occt_1157_stress_before:arm64+0x100006494)

  Location is heap block of size 816 at 0x000110707a80 allocated by thread T2:
    #0 calloc <null> (libclang_rt.tsan_osx_dynamic.dylib:arm64e+0x67c40)
    #1 Standard::Allocate(unsigned long) Standard.cxx:386 (occt_1157_stress_before:arm64+0x1008bed34)
    #2 NCollection_BaseMap::BeginResize(unsigned long, unsigned long&, NCollection_ListNode**&, NCollection_ListNode**&) const NCollection_BaseMap.cxx:42 (occt_1157_stress_before:arm64+0x1008df8cc)
    #3 NCollection_DataMap<TCollection_AsciiString, opencascade::handle<Standard_Transient>, NCollection_DefaultHasher<TCollection_AsciiString>>::ReSize(unsigned long) NCollection_DataMap.hxx:365 (occt_1157_stress_before:arm64+0x100840088)
    #4 std::__1::conditional<false, opencascade::handle<Standard_Transient>&, bool>::type NCollection_DataMap<TCollection_AsciiString, opencascade::handle<Standard_Transient>, NCollection_DefaultHasher<TCollection_AsciiString>>::emplaceImpl<TCollection_AsciiString, false, false, opencascade::handle<Standard_Transient> const&>(TCollection_AsciiString&&, std::__1::integral_constant<bool, false>, std::__1::integral_constant<bool, false>, opencascade::handle<Standard_Transient> const&) NCollection_DataMap.hxx:795 (occt_1157_stress_before:arm64+0x10083fcbc)
    #5 Interface_Static::Init(char const*, char const*, Interface_ParamType, char const*) Interface_Static.cxx:183 (occt_1157_stress_before:arm64+0x10133e614)
    #6 Interface_Static::Init(char const*, char const*, char, char const*) Interface_Static.cxx:275 (occt_1157_stress_before:arm64+0x10133eb34)
    #7 Interface_Static::Standards() Interface_StaticStandards.cxx:33 (occt_1157_stress_before:arm64+0x101340ab8)
    #8 XSControl_Controller::XSControl_Controller(char const*, char const*) XSControl_Controller.cxx:69 (occt_1157_stress_before:arm64+0x1013d512c)
    #9 STEPControl_Controller::STEPControl_Controller() STEPControl_Controller.cxx:59 (occt_1157_stress_before:arm64+0x10053f6f4)
    #10 STEPControl_Controller::Init() STEPControl_Controller.cxx:494 (occt_1157_stress_before:arm64+0x1005434f0)
    #11 STEPControl_Writer::STEPControl_Writer() STEPControl_Writer.cxx:38 (occt_1157_stress_before:arm64+0x10054d1d4)
    #12 STEPControl_Writer::STEPControl_Writer() STEPControl_Writer.cxx:37 (occt_1157_stress_before:arm64+0x10054d450)
    #13 runStepWriteIndependent(int, int) occt_1157_stress.cpp:85 (occt_1157_stress_before:arm64+0x100000ad8)
    #14 void* std::__1::__thread_proxy[abi:nqe210106]<std::__1::tuple<std::__1::unique_ptr<std::__1::__thread_struct, std::__1::default_delete<std::__1::__thread_struct>>, void (*)(int, int), int, int>>(void*) thread.h:168 (occt_1157_stress_before:arm64+0x100006494)

  Mutex M0 (0x000104aec788) created at:
    #0 pthread_mutex_lock <null> (libclang_rt.tsan_osx_dynamic.dylib:arm64e+0x356bc)
    #1 std::__1::mutex::lock() <null> (libc++.1.dylib:arm64e+0x300c)
    #2 STEPControl_Controller::Init() STEPControl_Controller.cxx:494 (occt_1157_stress_before:arm64+0x1005434f0)
    #3 STEPControl_Writer::STEPControl_Writer() STEPControl_Writer.cxx:38 (occt_1157_stress_before:arm64+0x10054d1d4)
    #4 STEPControl_Writer::STEPControl_Writer() STEPControl_Writer.cxx:37 (occt_1157_stress_before:arm64+0x10054d450)
    #5 runStepWriteIndependent(int, int) occt_1157_stress.cpp:85 (occt_1157_stress_before:arm64+0x100000ad8)
    #6 void* std::__1::__thread_proxy[abi:nqe210106]<std::__1::tuple<std::__1::unique_ptr<std::__1::__thread_struct, std::__1::default_delete<std::__1::__thread_struct>>, void (*)(int, int), int, int>>(void*) thread.h:168 (occt_1157_stress_before:arm64+0x100006494)

  Thread T3 (tid=352293, running) created by main thread at:
    #0 pthread_create <null> (libclang_rt.tsan_osx_dynamic.dylib:arm64e+0x33834)
    #1 std::__1::thread::thread[abi:nqe210106]<void (*&)(int, int), int&, int&, 0>(void (*&)(int, int), int&, int&) thread.h:216 (occt_1157_stress_before:arm64+0x10000635c)
    #2 std::__1::thread* std::__1::vector<std::__1::thread, std::__1::allocator<std::__1::thread>>::__emplace_back_slow_path<void (*&)(int, int), int&, int&>(void (*&)(int, int), int&, int&) vector.h:1130 (occt_1157_stress_before:arm64+0x100006118)
    #3 runOne(char const*, int, int) occt_1157_stress.cpp:343 (occt_1157_stress_before:arm64+0x1000039d8)
    #4 main occt_1157_stress.cpp:380 (occt_1157_stress_before:arm64+0x100002e08)

  Thread T2 (tid=352292, running) created by main thread at:
    #0 pthread_create <null> (libclang_rt.tsan_osx_dynamic.dylib:arm64e+0x33834)
    #1 std::__1::thread::thread[abi:nqe210106]<void (*&)(int, int), int&, int&, 0>(void (*&)(int, int), int&, int&) thread.h:216 (occt_1157_stress_before:arm64+0x10000635c)
    #2 std::__1::thread* std::__1::vector<std::__1::thread, std::__1::allocator<std::__1::thread>>::__emplace_back_slow_path<void (*&)(int, int), int&, int&>(void (*&)(int, int), int&, int&) vector.h:1130 (occt_1157_stress_before:arm64+0x100006118)
    #3 runOne(char const*, int, int) occt_1157_stress.cpp:343 (occt_1157_stress_before:arm64+0x1000039d8)
    #4 main occt_1157_stress.cpp:380 (occt_1157_stress_before:arm64+0x100002e08)

SUMMARY: ThreadSanitizer: data race NCollection_DataMap.hxx:810 in std::__1::conditional<false, opencascade::handle<Standard_Transient>&, bool>::type NCollection_DataMap<TCollection_AsciiString, opencascade::handle<Standard_Transient>, NCollection_DefaultHasher<TCollection_AsciiString>>::emplaceImpl<TCollection_AsciiString, false, false, opencascade::handle<Standard_Transient> const&>(TCollection_AsciiString&&, std::__1::integral_constant<bool, false>, std::__1::integral_constant<bool, false>, opencascade::handle<Standard_Transient> const&)
==================
WARNING: ThreadSanitizer: data race (pid=70754)
  Read of size 8 at 0x000104b37d38 by thread T4:
    #0 XSControl_Controller::Record(char const*) const XSControl_Controller.cxx:109 (occt_1157_stress_before:arm64+0x1013d563c)
    #1 STEPControl_Controller::Init() STEPControl_Controller.cxx:495 (occt_1157_stress_before:arm64+0x100543524)
    #2 STEPControl_Writer::STEPControl_Writer() STEPControl_Writer.cxx:38 (occt_1157_stress_before:arm64+0x10054d1d4)
    #3 STEPControl_Writer::STEPControl_Writer() STEPControl_Writer.cxx:37 (occt_1157_stress_before:arm64+0x10054d450)
    #4 runStepWriteIndependent(int, int) occt_1157_stress.cpp:85 (occt_1157_stress_before:arm64+0x100000ad8)
    #5 void* std::__1::__thread_proxy[abi:nqe210106]<std::__1::tuple<std::__1::unique_ptr<std::__1::__thread_struct, std::__1::default_delete<std::__1::__thread_struct>>, void (*)(int, int), int, int>>(void*) thread.h:168 (occt_1157_stress_before:arm64+0x100006494)

  Previous write of size 8 at 0x000104b37d38 by thread T3:
    #0 std::__1::conditional<false, opencascade::handle<Standard_Transient>&, bool>::type NCollection_DataMap<TCollection_AsciiString, opencascade::handle<Standard_Transient>, NCollection_DefaultHasher<TCollection_AsciiString>>::emplaceImpl<TCollection_AsciiString, false, false, opencascade::handle<Standard_Transient>>(TCollection_AsciiString&&, std::__1::integral_constant<bool, false>, std::__1::integral_constant<bool, false>, opencascade::handle<Standard_Transient>&&) NCollection_DataMap.hxx:814 (occt_1157_stress_before:arm64+0x1013d91bc)
    #1 XSControl_Controller::Record(char const*) const XSControl_Controller.cxx:122 (occt_1157_stress_before:arm64+0x1013d57a4)
    #2 STEPControl_Controller::Init() STEPControl_Controller.cxx:495 (occt_1157_stress_before:arm64+0x100543524)
    #3 STEPControl_Writer::STEPControl_Writer() STEPControl_Writer.cxx:38 (occt_1157_stress_before:arm64+0x10054d1d4)
    #4 STEPControl_Writer::STEPControl_Writer() STEPControl_Writer.cxx:37 (occt_1157_stress_before:arm64+0x10054d450)
    #5 runStepWriteIndependent(int, int) occt_1157_stress.cpp:85 (occt_1157_stress_before:arm64+0x100000ad8)
    #6 void* std::__1::__thread_proxy[abi:nqe210106]<std::__1::tuple<std::__1::unique_ptr<std::__1::__thread_struct, std::__1::default_delete<std::__1::__thread_struct>>, void (*)(int, int), int, int>>(void*) thread.h:168 (occt_1157_stress_before:arm64+0x100006494)

  Location is global 'listad' at 0x000104b37d10 (occt_1157_stress_before+0x101cb3d38)

  Thread T4 (tid=352294, running) created by main thread at:
    #0 pthread_create <null> (libclang_rt.tsan_osx_dynamic.dylib:arm64e+0x33834)
    #1 std::__1::thread::thread[abi:nqe210106]<void (*&)(int, int), int&, int&, 0>(void (*&)(int, int), int&, int&) thread.h:216 (occt_1157_stress_before:arm64+0x10000635c)
    #2 runOne(char const*, int, int) occt_1157_stress.cpp:343 (occt_1157_stress_before:arm64+0x1000039b0)
    #3 main occt_1157_stress.cpp:380 (occt_1157_stress_before:arm64+0x100002e08)

  Thread T3 (tid=352293, running) created by main thread at:
    #0 pthread_create <null> (libclang_rt.tsan_osx_dynamic.dylib:arm64e+0x33834)
    #1 std::__1::thread::thread[abi:nqe210106]<void (*&)(int, int), int&, int&, 0>(void (*&)(int, int), int&, int&) thread.h:216 (occt_1157_stress_before:arm64+0x10000635c)
    #2 std::__1::thread* std::__1::vector<std::__1::thread, std::__1::allocator<std::__1::thread>>::__emplace_back_slow_path<void (*&)(int, int), int&, int&>(void (*&)(int, int), int&, int&) vector.h:1130 (occt_1157_stress_before:arm64+0x100006118)
    #3 runOne(char const*, int, int) occt_1157_stress.cpp:343 (occt_1157_stress_before:arm64+0x1000039d8)
    #4 main occt_1157_stress.cpp:380 (occt_1157_stress_before:arm64+0x100002e08)

SUMMARY: ThreadSanitizer: data race XSControl_Controller.cxx:109 in XSControl_Controller::Record(char const*) const
==================
WARNING: ThreadSanitizer: data race (pid=70754)
  Read of size 8 at 0x000104b37d20 by thread T1:
    #0 XSControl_Controller::Record(char const*) const XSControl_Controller.cxx:109 (occt_1157_stress_before:arm64+0x1013d5658)
    #1 STEPControl_Controller::Init() STEPControl_Controller.cxx:495 (occt_1157_stress_before:arm64+0x100543524)
    #2 STEPControl_Writer::STEPControl_Writer() STEPControl_Writer.cxx:38 (occt_1157_stress_before:arm64+0x10054d1d4)
    #3 STEPControl_Writer::STEPControl_Writer() STEPControl_Writer.cxx:37 (occt_1157_stress_before:arm64+0x10054d450)
    #4 runStepWriteIndependent(int, int) occt_1157_stress.cpp:85 (occt_1157_stress_before:arm64+0x100000ad8)
    #5 void* std::__1::__thread_proxy[abi:nqe210106]<std::__1::tuple<std::__1::unique_ptr<std::__1::__thread_struct, std::__1::default_delete<std::__1::__thread_struct>>, void (*)(int, int), int, int>>(void*) thread.h:168 (occt_1157_stress_before:arm64+0x100006494)

  Previous write of size 8 at 0x000104b37d20 by thread T3:
    #0 NCollection_BaseMap::EndResize(unsigned long, unsigned long, NCollection_ListNode**, NCollection_ListNode**) NCollection_BaseMap.cxx:63 (occt_1157_stress_before:arm64+0x1008df9c8)
    #1 NCollection_DataMap<TCollection_AsciiString, opencascade::handle<Standard_Transient>, NCollection_DefaultHasher<TCollection_AsciiString>>::ReSize(unsigned long) NCollection_DataMap.hxx:387 (occt_1157_stress_before:arm64+0x1008401f0)
    #2 std::__1::conditional<false, opencascade::handle<Standard_Transient>&, bool>::type NCollection_DataMap<TCollection_AsciiString, opencascade::handle<Standard_Transient>, NCollection_DefaultHasher<TCollection_AsciiString>>::emplaceImpl<TCollection_AsciiString, false, false, opencascade::handle<Standard_Transient>>(TCollection_AsciiString&&, std::__1::integral_constant<bool, false>, std::__1::integral_constant<bool, false>, opencascade::handle<Standard_Transient>&&) NCollection_DataMap.hxx:795 (occt_1157_stress_before:arm64+0x1013d9080)
    #3 XSControl_Controller::Record(char const*) const XSControl_Controller.cxx:122 (occt_1157_stress_before:arm64+0x1013d57a4)
    #4 STEPControl_Controller::Init() STEPControl_Controller.cxx:495 (occt_1157_stress_before:arm64+0x100543524)
    #5 STEPControl_Writer::STEPControl_Writer() STEPControl_Writer.cxx:38 (occt_1157_stress_before:arm64+0x10054d1d4)
    #6 STEPControl_Writer::STEPControl_Writer() STEPControl_Writer.cxx:37 (occt_1157_stress_before:arm64+0x10054d450)
    #7 runStepWriteIndependent(int, int) occt_1157_stress.cpp:85 (occt_1157_stress_before:arm64+0x100000ad8)
    #8 void* std::__1::__thread_proxy[abi:nqe210106]<std::__1::tuple<std::__1::unique_ptr<std::__1::__thread_struct, std::__1::default_delete<std::__1::__thread_struct>>, void (*)(int, int), int, int>>(void*) thread.h:168 (occt_1157_stress_before:arm64+0x100006494)

  Location is global 'listad' at 0x000104b37d10 (occt_1157_stress_before+0x101cb3d20)

  Thread T1 (tid=352291, running) created by main thread at:
    #0 pthread_create <null> (libclang_rt.tsan_osx_dynamic.dylib:arm64e+0x33834)
    #1 std::__1::thread::thread[abi:nqe210106]<void (*&)(int, int), int&, int&, 0>(void (*&)(int, int), int&, int&) thread.h:216 (occt_1157_stress_before:arm64+0x10000635c)
    #2 std::__1::thread* std::__1::vector<std::__1::thread, std::__1::allocator<std::__1::thread>>::__emplace_back_slow_path<void (*&)(int, int), int&, int&>(void (*&)(int, int), int&, int&) vector.h:1130 (occt_1157_stress_before:arm64+0x100006118)
    #3 runOne(char const*, int, int) occt_1157_stress.cpp:343 (occt_1157_stress_before:arm64+0x1000039d8)
    #4 main occt_1157_stress.cpp:380 (occt_1157_stress_before:arm64+0x100002e08)

  Thread T3 (tid=352293, running) created by main thread at:
    #0 pthread_create <null> (libclang_rt.tsan_osx_dynamic.dylib:arm64e+0x33834)
    #1 std::__1::thread::thread[abi:nqe210106]<void (*&)(int, int), int&, int&, 0>(void (*&)(int, int), int&, int&) thread.h:216 (occt_1157_stress_before:arm64+0x10000635c)
    #2 std::__1::thread* std::__1::vector<std::__1::thread, std::__1::allocator<std::__1::thread>>::__emplace_back_slow_path<void (*&)(int, int), int&, int&>(void (*&)(int, int), int&, int&) vector.h:1130 (occt_1157_stress_before:arm64+0x100006118)
    #3 runOne(char const*, int, int) occt_1157_stress.cpp:343 (occt_1157_stress_before:arm64+0x1000039d8)
    #4 main occt_1157_stress.cpp:380 (occt_1157_stress_before:arm64+0x100002e08)

SUMMARY: ThreadSanitizer: data race XSControl_Controller.cxx:109 in XSControl_Controller::Record(char const*) const
==================
WARNING: ThreadSanitizer: data race (pid=70754)
  Read of size 8 at 0x000104b37d30 by thread T6:
    #0 XSControl_Controller::Record(char const*) const XSControl_Controller.cxx:109 (occt_1157_stress_before:arm64+0x1013d5664)
    #1 STEPControl_Controller::Init() STEPControl_Controller.cxx:495 (occt_1157_stress_before:arm64+0x100543524)
    #2 STEPControl_Writer::STEPControl_Writer() STEPControl_Writer.cxx:38 (occt_1157_stress_before:arm64+0x10054d1d4)
    #3 STEPControl_Writer::STEPControl_Writer() STEPControl_Writer.cxx:37 (occt_1157_stress_before:arm64+0x10054d450)
    #4 runStepWriteIndependent(int, int) occt_1157_stress.cpp:85 (occt_1157_stress_before:arm64+0x100000ad8)
    #5 void* std::__1::__thread_proxy[abi:nqe210106]<std::__1::tuple<std::__1::unique_ptr<std::__1::__thread_struct, std::__1::default_delete<std::__1::__thread_struct>>, void (*)(int, int), int, int>>(void*) thread.h:168 (occt_1157_stress_before:arm64+0x100006494)

  Previous write of size 8 at 0x000104b37d30 by thread T3:
    #0 NCollection_BaseMap::EndResize(unsigned long, unsigned long, NCollection_ListNode**, NCollection_ListNode**) NCollection_BaseMap.cxx:68 (occt_1157_stress_before:arm64+0x1008df9f8)
    #1 NCollection_DataMap<TCollection_AsciiString, opencascade::handle<Standard_Transient>, NCollection_DefaultHasher<TCollection_AsciiString>>::ReSize(unsigned long) NCollection_DataMap.hxx:387 (occt_1157_stress_before:arm64+0x1008401f0)
    #2 std::__1::conditional<false, opencascade::handle<Standard_Transient>&, bool>::type NCollection_DataMap<TCollection_AsciiString, opencascade::handle<Standard_Transient>, NCollection_DefaultHasher<TCollection_AsciiString>>::emplaceImpl<TCollection_AsciiString, false, false, opencascade::handle<Standard_Transient>>(TCollection_AsciiString&&, std::__1::integral_constant<bool, false>, std::__1::integral_constant<bool, false>, opencascade::handle<Standard_Transient>&&) NCollection_DataMap.hxx:795 (occt_1157_stress_before:arm64+0x1013d9080)
    #3 XSControl_Controller::Record(char const*) const XSControl_Controller.cxx:122 (occt_1157_stress_before:arm64+0x1013d57a4)
    #4 STEPControl_Controller::Init() STEPControl_Controller.cxx:495 (occt_1157_stress_before:arm64+0x100543524)
    #5 STEPControl_Writer::STEPControl_Writer() STEPControl_Writer.cxx:38 (occt_1157_stress_before:arm64+0x10054d1d4)
    #6 STEPControl_Writer::STEPControl_Writer() STEPControl_Writer.cxx:37 (occt_1157_stress_before:arm64+0x10054d450)
    #7 runStepWriteIndependent(int, int) occt_1157_stress.cpp:85 (occt_1157_stress_before:arm64+0x100000ad8)
    #8 void* std::__1::__thread_proxy[abi:nqe210106]<std::__1::tuple<std::__1::unique_ptr<std::__1::__thread_struct, std::__1::default_delete<std::__1::__thread_struct>>, void (*)(int, int), int, int>>(void*) thread.h:168 (occt_1157_stress_before:arm64+0x100006494)

  Location is global 'listad' at 0x000104b37d10 (occt_1157_stress_before+0x101cb3d30)

  Thread T6 (tid=352296, running) created by main thread at:
    #0 pthread_create <null> (libclang_rt.tsan_osx_dynamic.dylib:arm64e+0x33834)
    #1 std::__1::thread::thread[abi:nqe210106]<void (*&)(int, int), int&, int&, 0>(void (*&)(int, int), int&, int&) thread.h:216 (occt_1157_stress_before:arm64+0x10000635c)
    #2 runOne(char const*, int, int) occt_1157_stress.cpp:343 (occt_1157_stress_before:arm64+0x1000039b0)
    #3 main occt_1157_stress.cpp:380 (occt_1157_stress_before:arm64+0x100002e08)

  Thread T3 (tid=352293, running) created by main thread at:
    #0 pthread_create <null> (libclang_rt.tsan_osx_dynamic.dylib:arm64e+0x33834)
    #1 std::__1::thread::thread[abi:nqe210106]<void (*&)(int, int), int&, int&, 0>(void (*&)(int, int), int&, int&) thread.h:216 (occt_1157_stress_before:arm64+0x10000635c)
    #2 std::__1::thread* std::__1::vector<std::__1::thread, std::__1::allocator<std::__1::thread>>::__emplace_back_slow_path<void (*&)(int, int), int&, int&>(void (*&)(int, int), int&, int&) vector.h:1130 (occt_1157_stress_before:arm64+0x100006118)
    #3 runOne(char const*, int, int) occt_1157_stress.cpp:343 (occt_1157_stress_before:arm64+0x1000039d8)
    #4 main occt_1157_stress.cpp:380 (occt_1157_stress_before:arm64+0x100002e08)

SUMMARY: ThreadSanitizer: data race XSControl_Controller.cxx:109 in XSControl_Controller::Record(char const*) const
==================
WARNING: ThreadSanitizer: data race (pid=70754)
  Read of size 8 at 0x00010e817e88 by thread T2:
    #0 XSControl_Controller::Record(char const*) const XSControl_Controller.cxx:112 (occt_1157_stress_before:arm64+0x1013d59d0)
    #1 STEPControl_Controller::Init() STEPControl_Controller.cxx:495 (occt_1157_stress_before:arm64+0x100543524)
    #2 STEPControl_Writer::STEPControl_Writer() STEPControl_Writer.cxx:38 (occt_1157_stress_before:arm64+0x10054d1d4)
    #3 STEPControl_Writer::STEPControl_Writer() STEPControl_Writer.cxx:37 (occt_1157_stress_before:arm64+0x10054d450)
    #4 runStepWriteIndependent(int, int) occt_1157_stress.cpp:85 (occt_1157_stress_before:arm64+0x100000ad8)
    #5 void* std::__1::__thread_proxy[abi:nqe210106]<std::__1::tuple<std::__1::unique_ptr<std::__1::__thread_struct, std::__1::default_delete<std::__1::__thread_struct>>, void (*)(int, int), int, int>>(void*) thread.h:168 (occt_1157_stress_before:arm64+0x100006494)

  Previous write of size 8 at 0x00010e817e88 by thread T3:
    #0 std::__1::conditional<false, opencascade::handle<Standard_Transient>&, bool>::type NCollection_DataMap<TCollection_AsciiString, opencascade::handle<Standard_Transient>, NCollection_DefaultHasher<TCollection_AsciiString>>::emplaceImpl<TCollection_AsciiString, false, false, opencascade::handle<Standard_Transient>>(TCollection_AsciiString&&, std::__1::integral_constant<bool, false>, std::__1::integral_constant<bool, false>, opencascade::handle<Standard_Transient>&&) NCollection_DataMap.hxx:810 (occt_1157_stress_before:arm64+0x1013d9174)
    #1 XSControl_Controller::Record(char const*) const XSControl_Controller.cxx:122 (occt_1157_stress_before:arm64+0x1013d57a4)
    #2 STEPControl_Controller::Init() STEPControl_Controller.cxx:495 (occt_1157_stress_before:arm64+0x100543524)
    #3 STEPControl_Writer::STEPControl_Writer() STEPControl_Writer.cxx:38 (occt_1157_stress_before:arm64+0x10054d1d4)
    #4 STEPControl_Writer::STEPControl_Writer() STEPControl_Writer.cxx:37 (occt_1157_stress_before:arm64+0x10054d450)
    #5 runStepWriteIndependent(int, int) occt_1157_stress.cpp:85 (occt_1157_stress_before:arm64+0x100000ad8)
    #6 void* std::__1::__thread_proxy[abi:nqe210106]<std::__1::tuple<std::__1::unique_ptr<std::__1::__thread_struct, std::__1::default_delete<std::__1::__thread_struct>>, void (*)(int, int), int, int>>(void*) thread.h:168 (occt_1157_stress_before:arm64+0x100006494)

  Location is heap block of size 32 at 0x00010e817e80 allocated by thread T3:
    #0 calloc <null> (libclang_rt.tsan_osx_dynamic.dylib:arm64e+0x67c40)
    #1 Standard::Allocate(unsigned long) Standard.cxx:386 (occt_1157_stress_before:arm64+0x1008bed34)
    #2 NCollection_BaseAllocator::Allocate(unsigned long) NCollection_BaseAllocator.cxx:22 (occt_1157_stress_before:arm64+0x1008de93c)
    #3 std::__1::conditional<false, opencascade::handle<Standard_Transient>&, bool>::type NCollection_DataMap<TCollection_AsciiString, opencascade::handle<Standard_Transient>, NCollection_DefaultHasher<TCollection_AsciiString>>::emplaceImpl<TCollection_AsciiString, false, false, opencascade::handle<Standard_Transient>>(TCollection_AsciiString&&, std::__1::integral_constant<bool, false>, std::__1::integral_constant<bool, false>, opencascade::handle<Standard_Transient>&&) NCollection_DataMap.hxx:810 (occt_1157_stress_before:arm64+0x1013d913c)
    #4 XSControl_Controller::Record(char const*) const XSControl_Controller.cxx:122 (occt_1157_stress_before:arm64+0x1013d57a4)
    #5 STEPControl_Controller::Init() STEPControl_Controller.cxx:495 (occt_1157_stress_before:arm64+0x100543524)
    #6 STEPControl_Writer::STEPControl_Writer() STEPControl_Writer.cxx:38 (occt_1157_stress_before:arm64+0x10054d1d4)
    #7 STEPControl_Writer::STEPControl_Writer() STEPControl_Writer.cxx:37 (occt_1157_stress_before:arm64+0x10054d450)
    #8 runStepWriteIndependent(int, int) occt_1157_stress.cpp:85 (occt_1157_stress_before:arm64+0x100000ad8)
    #9 void* std::__1::__thread_proxy[abi:nqe210106]<std::__1::tuple<std::__1::unique_ptr<std::__1::__thread_struct, std::__1::default_delete<std::__1::__thread_struct>>, void (*)(int, int), int, int>>(void*) thread.h:168 (occt_1157_stress_before:arm64+0x100006494)

  Thread T2 (tid=352292, running) created by main thread at:
    #0 pthread_create <null> (libclang_rt.tsan_osx_dynamic.dylib:arm64e+0x33834)
    #1 std::__1::thread::thread[abi:nqe210106]<void (*&)(int, int), int&, int&, 0>(void (*&)(int, int), int&, int&) thread.h:216 (occt_1157_stress_before:arm64+0x10000635c)
    #2 std::__1::thread* std::__1::vector<std::__1::thread, std::__1::allocator<std::__1::thread>>::__emplace_back_slow_path<void (*&)(int, int), int&, int&>(void (*&)(int, int), int&, int&) vector.h:1130 (occt_1157_stress_before:arm64+0x100006118)
    #3 runOne(char const*, int, int) occt_1157_stress.cpp:343 (occt_1157_stress_before:arm64+0x1000039d8)
    #4 main occt_1157_stress.cpp:380 (occt_1157_stress_before:arm64+0x100002e08)

  Thread T3 (tid=352293, running) created by main thread at:
    #0 pthread_create <null> (libclang_rt.tsan_osx_dynamic.dylib:arm64e+0x33834)
    #1 std::__1::thread::thread[abi:nqe210106]<void (*&)(int, int), int&, int&, 0>(void (*&)(int, int), int&, int&) thread.h:216 (occt_1157_stress_before:arm64+0x10000635c)
    #2 std::__1::thread* std::__1::vector<std::__1::thread, std::__1::allocator<std::__1::thread>>::__emplace_back_slow_path<void (*&)(int, int), int&, int&>(void (*&)(int, int), int&, int&) vector.h:1130 (occt_1157_stress_before:arm64+0x100006118)
    #3 runOne(char const*, int, int) occt_1157_stress.cpp:343 (occt_1157_stress_before:arm64+0x1000039d8)
    #4 main occt_1157_stress.cpp:380 (occt_1157_stress_before:arm64+0x100002e08)

SUMMARY: ThreadSanitizer: data race XSControl_Controller.cxx:112 in XSControl_Controller::Record(char const*) const
==================
WARNING: ThreadSanitizer: data race (pid=70754)
  Read of size 8 at 0x00010e817e70 by thread T6:
    #0 TCollection_AsciiString::IsEqual(char const*, int) const TCollection_AsciiString.cxx:779 (occt_1157_stress_before:arm64+0x1008d0ce4)
    #1 XSControl_Controller::Record(char const*) const XSControl_Controller.cxx:109 (occt_1157_stress_before:arm64+0x1013d5730)
    #2 STEPControl_Controller::Init() STEPControl_Controller.cxx:495 (occt_1157_stress_before:arm64+0x100543538)
    #3 STEPControl_Writer::STEPControl_Writer() STEPControl_Writer.cxx:38 (occt_1157_stress_before:arm64+0x10054d1d4)
    #4 STEPControl_Writer::STEPControl_Writer() STEPControl_Writer.cxx:37 (occt_1157_stress_before:arm64+0x10054d450)
    #5 runStepWriteIndependent(int, int) occt_1157_stress.cpp:85 (occt_1157_stress_before:arm64+0x100000ad8)
    #6 void* std::__1::__thread_proxy[abi:nqe210106]<std::__1::tuple<std::__1::unique_ptr<std::__1::__thread_struct, std::__1::default_delete<std::__1::__thread_struct>>, void (*)(int, int), int, int>>(void*) thread.h:168 (occt_1157_stress_before:arm64+0x100006494)

  Previous write of size 8 at 0x00010e817e70 by thread T3:
    #0 TCollection_AsciiString::TCollection_AsciiString(TCollection_AsciiString&&) TCollection_AsciiString.cxx:175 (occt_1157_stress_before:arm64+0x1008cd880)
    #1 std::__1::conditional<false, opencascade::handle<Standard_Transient>&, bool>::type NCollection_DataMap<TCollection_AsciiString, opencascade::handle<Standard_Transient>, NCollection_DefaultHasher<TCollection_AsciiString>>::emplaceImpl<TCollection_AsciiString, false, false, opencascade::handle<Standard_Transient>>(TCollection_AsciiString&&, std::__1::integral_constant<bool, false>, std::__1::integral_constant<bool, false>, opencascade::handle<Standard_Transient>&&) NCollection_DataMap.hxx:810 (occt_1157_stress_before:arm64+0x1013d9190)
    #2 XSControl_Controller::Record(char const*) const XSControl_Controller.cxx:122 (occt_1157_stress_before:arm64+0x1013d57a4)
    #3 STEPControl_Controller::Init() STEPControl_Controller.cxx:495 (occt_1157_stress_before:arm64+0x100543538)
    #4 STEPControl_Writer::STEPControl_Writer() STEPControl_Writer.cxx:38 (occt_1157_stress_before:arm64+0x10054d1d4)
    #5 STEPControl_Writer::STEPControl_Writer() STEPControl_Writer.cxx:37 (occt_1157_stress_before:arm64+0x10054d450)
    #6 runStepWriteIndependent(int, int) occt_1157_stress.cpp:85 (occt_1157_stress_before:arm64+0x100000ad8)
    #7 void* std::__1::__thread_proxy[abi:nqe210106]<std::__1::tuple<std::__1::unique_ptr<std::__1::__thread_struct, std::__1::default_delete<std::__1::__thread_struct>>, void (*)(int, int), int, int>>(void*) thread.h:168 (occt_1157_stress_before:arm64+0x100006494)

  Location is heap block of size 32 at 0x00010e817e60 allocated by thread T3:
    #0 calloc <null> (libclang_rt.tsan_osx_dynamic.dylib:arm64e+0x67c40)
    #1 Standard::Allocate(unsigned long) Standard.cxx:386 (occt_1157_stress_before:arm64+0x1008bed34)
    #2 NCollection_BaseAllocator::Allocate(unsigned long) NCollection_BaseAllocator.cxx:22 (occt_1157_stress_before:arm64+0x1008de93c)
    #3 std::__1::conditional<false, opencascade::handle<Standard_Transient>&, bool>::type NCollection_DataMap<TCollection_AsciiString, opencascade::handle<Standard_Transient>, NCollection_DefaultHasher<TCollection_AsciiString>>::emplaceImpl<TCollection_AsciiString, false, false, opencascade::handle<Standard_Transient>>(TCollection_AsciiString&&, std::__1::integral_constant<bool, false>, std::__1::integral_constant<bool, false>, opencascade::handle<Standard_Transient>&&) NCollection_DataMap.hxx:810 (occt_1157_stress_before:arm64+0x1013d913c)
    #4 XSControl_Controller::Record(char const*) const XSControl_Controller.cxx:122 (occt_1157_stress_before:arm64+0x1013d57a4)
    #5 STEPControl_Controller::Init() STEPControl_Controller.cxx:495 (occt_1157_stress_before:arm64+0x100543538)
    #6 STEPControl_Writer::STEPControl_Writer() STEPControl_Writer.cxx:38 (occt_1157_stress_before:arm64+0x10054d1d4)
    #7 STEPControl_Writer::STEPControl_Writer() STEPControl_Writer.cxx:37 (occt_1157_stress_before:arm64+0x10054d450)
    #8 runStepWriteIndependent(int, int) occt_1157_stress.cpp:85 (occt_1157_stress_before:arm64+0x100000ad8)
    #9 void* std::__1::__thread_proxy[abi:nqe210106]<std::__1::tuple<std::__1::unique_ptr<std::__1::__thread_struct, std::__1::default_delete<std::__1::__thread_struct>>, void (*)(int, int), int, int>>(void*) thread.h:168 (occt_1157_stress_before:arm64+0x100006494)

  Thread T6 (tid=352296, running) created by main thread at:
    #0 pthread_create <null> (libclang_rt.tsan_osx_dynamic.dylib:arm64e+0x33834)
    #1 std::__1::thread::thread[abi:nqe210106]<void (*&)(int, int), int&, int&, 0>(void (*&)(int, int), int&, int&) thread.h:216 (occt_1157_stress_before:arm64+0x10000635c)
    #2 runOne(char const*, int, int) occt_1157_stress.cpp:343 (occt_1157_stress_before:arm64+0x1000039b0)
    #3 main occt_1157_stress.cpp:380 (occt_1157_stress_before:arm64+0x100002e08)

  Thread T3 (tid=352293, running) created by main thread at:
    #0 pthread_create <null> (libclang_rt.tsan_osx_dynamic.dylib:arm64e+0x33834)
    #1 std::__1::thread::thread[abi:nqe210106]<void (*&)(int, int), int&, int&, 0>(void (*&)(int, int), int&, int&) thread.h:216 (occt_1157_stress_before:arm64+0x10000635c)
    #2 std::__1::thread* std::__1::vector<std::__1::thread, std::__1::allocator<std::__1::thread>>::__emplace_back_slow_path<void (*&)(int, int), int&, int&>(void (*&)(int, int), int&, int&) vector.h:1130 (occt_1157_stress_before:arm64+0x100006118)
    #3 runOne(char const*, int, int) occt_1157_stress.cpp:343 (occt_1157_stress_before:arm64+0x1000039d8)
    #4 main occt_1157_stress.cpp:380 (occt_1157_stress_before:arm64+0x100002e08)

SUMMARY: ThreadSanitizer: data race TCollection_AsciiString.cxx:779 in TCollection_AsciiString::IsEqual(char const*, int) const
==================
WARNING: ThreadSanitizer: data race (pid=70754)
  Read of size 8 at 0x00010e817e68 by thread T2:
    #0 XSControl_Controller::Record(char const*) const XSControl_Controller.cxx:112 (occt_1157_stress_before:arm64+0x1013d59d0)
    #1 STEPControl_Controller::Init() STEPControl_Controller.cxx:495 (occt_1157_stress_before:arm64+0x100543538)
    #2 STEPControl_Writer::STEPControl_Writer() STEPControl_Writer.cxx:38 (occt_1157_stress_before:arm64+0x10054d1d4)
    #3 STEPControl_Writer::STEPControl_Writer() STEPControl_Writer.cxx:37 (occt_1157_stress_before:arm64+0x10054d450)
    #4 runStepWriteIndependent(int, int) occt_1157_stress.cpp:85 (occt_1157_stress_before:arm64+0x100000ad8)
    #5 void* std::__1::__thread_proxy[abi:nqe210106]<std::__1::tuple<std::__1::unique_ptr<std::__1::__thread_struct, std::__1::default_delete<std::__1::__thread_struct>>, void (*)(int, int), int, int>>(void*) thread.h:168 (occt_1157_stress_before:arm64+0x100006494)

  Previous write of size 8 at 0x00010e817e68 by thread T3:
    #0 std::__1::conditional<false, opencascade::handle<Standard_Transient>&, bool>::type NCollection_DataMap<TCollection_AsciiString, opencascade::handle<Standard_Transient>, NCollection_DefaultHasher<TCollection_AsciiString>>::emplaceImpl<TCollection_AsciiString, false, false, opencascade::handle<Standard_Transient>>(TCollection_AsciiString&&, std::__1::integral_constant<bool, false>, std::__1::integral_constant<bool, false>, opencascade::handle<Standard_Transient>&&) NCollection_DataMap.hxx:810 (occt_1157_stress_before:arm64+0x1013d9174)
    #1 XSControl_Controller::Record(char const*) const XSControl_Controller.cxx:122 (occt_1157_stress_before:arm64+0x1013d57a4)
    #2 STEPControl_Controller::Init() STEPControl_Controller.cxx:495 (occt_1157_stress_before:arm64+0x100543538)
    #3 STEPControl_Writer::STEPControl_Writer() STEPControl_Writer.cxx:38 (occt_1157_stress_before:arm64+0x10054d1d4)
    #4 STEPControl_Writer::STEPControl_Writer() STEPControl_Writer.cxx:37 (occt_1157_stress_before:arm64+0x10054d450)
    #5 runStepWriteIndependent(int, int) occt_1157_stress.cpp:85 (occt_1157_stress_before:arm64+0x100000ad8)
    #6 void* std::__1::__thread_proxy[abi:nqe210106]<std::__1::tuple<std::__1::unique_ptr<std::__1::__thread_struct, std::__1::default_delete<std::__1::__thread_struct>>, void (*)(int, int), int, int>>(void*) thread.h:168 (occt_1157_stress_before:arm64+0x100006494)

  Location is heap block of size 32 at 0x00010e817e60 allocated by thread T3:
    #0 calloc <null> (libclang_rt.tsan_osx_dynamic.dylib:arm64e+0x67c40)
    #1 Standard::Allocate(unsigned long) Standard.cxx:386 (occt_1157_stress_before:arm64+0x1008bed34)
    #2 NCollection_BaseAllocator::Allocate(unsigned long) NCollection_BaseAllocator.cxx:22 (occt_1157_stress_before:arm64+0x1008de93c)
    #3 std::__1::conditional<false, opencascade::handle<Standard_Transient>&, bool>::type NCollection_DataMap<TCollection_AsciiString, opencascade::handle<Standard_Transient>, NCollection_DefaultHasher<TCollection_AsciiString>>::emplaceImpl<TCollection_AsciiString, false, false, opencascade::handle<Standard_Transient>>(TCollection_AsciiString&&, std::__1::integral_constant<bool, false>, std::__1::integral_constant<bool, false>, opencascade::handle<Standard_Transient>&&) NCollection_DataMap.hxx:810 (occt_1157_stress_before:arm64+0x1013d913c)
    #4 XSControl_Controller::Record(char const*) const XSControl_Controller.cxx:122 (occt_1157_stress_before:arm64+0x1013d57a4)
    #5 STEPControl_Controller::Init() STEPControl_Controller.cxx:495 (occt_1157_stress_before:arm64+0x100543538)
    #6 STEPControl_Writer::STEPControl_Writer() STEPControl_Writer.cxx:38 (occt_1157_stress_before:arm64+0x10054d1d4)
    #7 STEPControl_Writer::STEPControl_Writer() STEPControl_Writer.cxx:37 (occt_1157_stress_before:arm64+0x10054d450)
    #8 runStepWriteIndependent(int, int) occt_1157_stress.cpp:85 (occt_1157_stress_before:arm64+0x100000ad8)
    #9 void* std::__1::__thread_proxy[abi:nqe210106]<std::__1::tuple<std::__1::unique_ptr<std::__1::__thread_struct, std::__1::default_delete<std::__1::__thread_struct>>, void (*)(int, int), int, int>>(void*) thread.h:168 (occt_1157_stress_before:arm64+0x100006494)

  Thread T2 (tid=352292, running) created by main thread at:
    #0 pthread_create <null> (libclang_rt.tsan_osx_dynamic.dylib:arm64e+0x33834)
    #1 std::__1::thread::thread[abi:nqe210106]<void (*&)(int, int), int&, int&, 0>(void (*&)(int, int), int&, int&) thread.h:216 (occt_1157_stress_before:arm64+0x10000635c)
    #2 std::__1::thread* std::__1::vector<std::__1::thread, std::__1::allocator<std::__1::thread>>::__emplace_back_slow_path<void (*&)(int, int), int&, int&>(void (*&)(int, int), int&, int&) vector.h:1130 (occt_1157_stress_before:arm64+0x100006118)
    #3 runOne(char const*, int, int) occt_1157_stress.cpp:343 (occt_1157_stress_before:arm64+0x1000039d8)
    #4 main occt_1157_stress.cpp:380 (occt_1157_stress_before:arm64+0x100002e08)

  Thread T3 (tid=352293, running) created by main thread at:
    #0 pthread_create <null> (libclang_rt.tsan_osx_dynamic.dylib:arm64e+0x33834)
    #1 std::__1::thread::thread[abi:nqe210106]<void (*&)(int, int), int&, int&, 0>(void (*&)(int, int), int&, int&) thread.h:216 (occt_1157_stress_before:arm64+0x10000635c)
    #2 std::__1::thread* std::__1::vector<std::__1::thread, std::__1::allocator<std::__1::thread>>::__emplace_back_slow_path<void (*&)(int, int), int&, int&>(void (*&)(int, int), int&, int&) vector.h:1130 (occt_1157_stress_before:arm64+0x100006118)
    #3 runOne(char const*, int, int) occt_1157_stress.cpp:343 (occt_1157_stress_before:arm64+0x1000039d8)
    #4 main occt_1157_stress.cpp:380 (occt_1157_stress_before:arm64+0x100002e08)

SUMMARY: ThreadSanitizer: data race XSControl_Controller.cxx:112 in XSControl_Controller::Record(char const*) const
==================
WARNING: ThreadSanitizer: data race (pid=70754)
  Read of size 1 at 0x000104b37e30 by thread T6:
    #0 XSAlgo::Init() XSAlgo.cxx:30 (occt_1157_stress_before:arm64+0x1013f6960)
    #1 STEPControl_Controller::Init() STEPControl_Controller.cxx:496 (occt_1157_stress_before:arm64+0x10054353c)
    #2 STEPControl_Writer::STEPControl_Writer() STEPControl_Writer.cxx:38 (occt_1157_stress_before:arm64+0x10054d1d4)
    #3 STEPControl_Writer::STEPControl_Writer() STEPControl_Writer.cxx:37 (occt_1157_stress_before:arm64+0x10054d450)
    #4 runStepWriteIndependent(int, int) occt_1157_stress.cpp:85 (occt_1157_stress_before:arm64+0x100000ad8)
    #5 void* std::__1::__thread_proxy[abi:nqe210106]<std::__1::tuple<std::__1::unique_ptr<std::__1::__thread_struct, std::__1::default_delete<std::__1::__thread_struct>>, void (*)(int, int), int, int>>(void*) thread.h:168 (occt_1157_stress_before:arm64+0x100006494)

  Previous write of size 1 at 0x000104b37e30 by thread T3:
    #0 XSAlgo::Init() XSAlgo.cxx:34 (occt_1157_stress_before:arm64+0x1013f6970)
    #1 STEPControl_Controller::Init() STEPControl_Controller.cxx:496 (occt_1157_stress_before:arm64+0x10054353c)
    #2 STEPControl_Writer::STEPControl_Writer() STEPControl_Writer.cxx:38 (occt_1157_stress_before:arm64+0x10054d1d4)
    #3 STEPControl_Writer::STEPControl_Writer() STEPControl_Writer.cxx:37 (occt_1157_stress_before:arm64+0x10054d450)
    #4 runStepWriteIndependent(int, int) occt_1157_stress.cpp:85 (occt_1157_stress_before:arm64+0x100000ad8)
    #5 void* std::__1::__thread_proxy[abi:nqe210106]<std::__1::tuple<std::__1::unique_ptr<std::__1::__thread_struct, std::__1::default_delete<std::__1::__thread_struct>>, void (*)(int, int), int, int>>(void*) thread.h:168 (occt_1157_stress_before:arm64+0x100006494)

  Location is global 'XSAlgo::Init()::init' at 0x000104b37e30 (occt_1157_stress_before+0x101cb3e30)

  Thread T6 (tid=352296, running) created by main thread at:
    #0 pthread_create <null> (libclang_rt.tsan_osx_dynamic.dylib:arm64e+0x33834)
    #1 std::__1::thread::thread[abi:nqe210106]<void (*&)(int, int), int&, int&, 0>(void (*&)(int, int), int&, int&) thread.h:216 (occt_1157_stress_before:arm64+0x10000635c)
    #2 runOne(char const*, int, int) occt_1157_stress.cpp:343 (occt_1157_stress_before:arm64+0x1000039b0)
    #3 main occt_1157_stress.cpp:380 (occt_1157_stress_before:arm64+0x100002e08)

  Thread T3 (tid=352293, running) created by main thread at:
    #0 pthread_create <null> (libclang_rt.tsan_osx_dynamic.dylib:arm64e+0x33834)
    #1 std::__1::thread::thread[abi:nqe210106]<void (*&)(int, int), int&, int&, 0>(void (*&)(int, int), int&, int&) thread.h:216 (occt_1157_stress_before:arm64+0x10000635c)
    #2 std::__1::thread* std::__1::vector<std::__1::thread, std::__1::allocator<std::__1::thread>>::__emplace_back_slow_path<void (*&)(int, int), int&, int&>(void (*&)(int, int), int&, int&) vector.h:1130 (occt_1157_stress_before:arm64+0x100006118)
    #3 runOne(char const*, int, int) occt_1157_stress.cpp:343 (occt_1157_stress_before:arm64+0x1000039d8)
    #4 main occt_1157_stress.cpp:380 (occt_1157_stress_before:arm64+0x100002e08)

SUMMARY: ThreadSanitizer: data race XSAlgo.cxx:30 in XSAlgo::Init()
==================
WARNING: ThreadSanitizer: data race (pid=70754)
  Read of size 4 at 0x00010e817e78 by thread T1:
    #0 TCollection_AsciiString::IsEqual(char const*, int) const TCollection_AsciiString.cxx:769 (occt_1157_stress_before:arm64+0x1008d0ccc)
    #1 XSControl_Controller::Record(char const*) const XSControl_Controller.cxx:109 (occt_1157_stress_before:arm64+0x1013d5730)
    #2 STEPControl_Controller::Init() STEPControl_Controller.cxx:495 (occt_1157_stress_before:arm64+0x100543538)
    #3 STEPControl_Writer::STEPControl_Writer() STEPControl_Writer.cxx:38 (occt_1157_stress_before:arm64+0x10054d1d4)
    #4 STEPControl_Writer::STEPControl_Writer() STEPControl_Writer.cxx:37 (occt_1157_stress_before:arm64+0x10054d450)
    #5 runStepWriteIndependent(int, int) occt_1157_stress.cpp:85 (occt_1157_stress_before:arm64+0x100000ad8)
    #6 void* std::__1::__thread_proxy[abi:nqe210106]<std::__1::tuple<std::__1::unique_ptr<std::__1::__thread_struct, std::__1::default_delete<std::__1::__thread_struct>>, void (*)(int, int), int, int>>(void*) thread.h:168 (occt_1157_stress_before:arm64+0x100006494)

  Previous write of size 4 at 0x00010e817e78 by thread T3:
    #0 TCollection_AsciiString::TCollection_AsciiString(TCollection_AsciiString&&) TCollection_AsciiString.cxx:175 (occt_1157_stress_before:arm64+0x1008cd88c)
    #1 std::__1::conditional<false, opencascade::handle<Standard_Transient>&, bool>::type NCollection_DataMap<TCollection_AsciiString, opencascade::handle<Standard_Transient>, NCollection_DefaultHasher<TCollection_AsciiString>>::emplaceImpl<TCollection_AsciiString, false, false, opencascade::handle<Standard_Transient>>(TCollection_AsciiString&&, std::__1::integral_constant<bool, false>, std::__1::integral_constant<bool, false>, opencascade::handle<Standard_Transient>&&) NCollection_DataMap.hxx:810 (occt_1157_stress_before:arm64+0x1013d9190)
    #2 XSControl_Controller::Record(char const*) const XSControl_Controller.cxx:122 (occt_1157_stress_before:arm64+0x1013d57a4)
    #3 STEPControl_Controller::Init() STEPControl_Controller.cxx:495 (occt_1157_stress_before:arm64+0x100543538)
    #4 STEPControl_Writer::STEPControl_Writer() STEPControl_Writer.cxx:38 (occt_1157_stress_before:arm64+0x10054d1d4)
    #5 STEPControl_Writer::STEPControl_Writer() STEPControl_Writer.cxx:37 (occt_1157_stress_before:arm64+0x10054d450)
    #6 runStepWriteIndependent(int, int) occt_1157_stress.cpp:85 (occt_1157_stress_before:arm64+0x100000ad8)
    #7 void* std::__1::__thread_proxy[abi:nqe210106]<std::__1::tuple<std::__1::unique_ptr<std::__1::__thread_struct, std::__1::default_delete<std::__1::__thread_struct>>, void (*)(int, int), int, int>>(void*) thread.h:168 (occt_1157_stress_before:arm64+0x100006494)

  Location is heap block of size 32 at 0x00010e817e60 allocated by thread T3:
    #0 calloc <null> (libclang_rt.tsan_osx_dynamic.dylib:arm64e+0x67c40)
    #1 Standard::Allocate(unsigned long) Standard.cxx:386 (occt_1157_stress_before:arm64+0x1008bed34)
    #2 NCollection_BaseAllocator::Allocate(unsigned long) NCollection_BaseAllocator.cxx:22 (occt_1157_stress_before:arm64+0x1008de93c)
    #3 std::__1::conditional<false, opencascade::handle<Standard_Transient>&, bool>::type NCollection_DataMap<TCollection_AsciiString, opencascade::handle<Standard_Transient>, NCollection_DefaultHasher<TCollection_AsciiString>>::emplaceImpl<TCollection_AsciiString, false, false, opencascade::handle<Standard_Transient>>(TCollection_AsciiString&&, std::__1::integral_constant<bool, false>, std::__1::integral_constant<bool, false>, opencascade::handle<Standard_Transient>&&) NCollection_DataMap.hxx:810 (occt_1157_stress_before:arm64+0x1013d913c)
    #4 XSControl_Controller::Record(char const*) const XSControl_Controller.cxx:122 (occt_1157_stress_before:arm64+0x1013d57a4)
    #5 STEPControl_Controller::Init() STEPControl_Controller.cxx:495 (occt_1157_stress_before:arm64+0x100543538)
    #6 STEPControl_Writer::STEPControl_Writer() STEPControl_Writer.cxx:38 (occt_1157_stress_before:arm64+0x10054d1d4)
    #7 STEPControl_Writer::STEPControl_Writer() STEPControl_Writer.cxx:37 (occt_1157_stress_before:arm64+0x10054d450)
    #8 runStepWriteIndependent(int, int) occt_1157_stress.cpp:85 (occt_1157_stress_before:arm64+0x100000ad8)
    #9 void* std::__1::__thread_proxy[abi:nqe210106]<std::__1::tuple<std::__1::unique_ptr<std::__1::__thread_struct, std::__1::default_delete<std::__1::__thread_struct>>, void (*)(int, int), int, int>>(void*) thread.h:168 (occt_1157_stress_before:arm64+0x100006494)

  Thread T1 (tid=352291, running) created by main thread at:
    #0 pthread_create <null> (libclang_rt.tsan_osx_dynamic.dylib:arm64e+0x33834)
    #1 std::__1::thread::thread[abi:nqe210106]<void (*&)(int, int), int&, int&, 0>(void (*&)(int, int), int&, int&) thread.h:216 (occt_1157_stress_before:arm64+0x10000635c)
    #2 std::__1::thread* std::__1::vector<std::__1::thread, std::__1::allocator<std::__1::thread>>::__emplace_back_slow_path<void (*&)(int, int), int&, int&>(void (*&)(int, int), int&, int&) vector.h:1130 (occt_1157_stress_before:arm64+0x100006118)
    #3 runOne(char const*, int, int) occt_1157_stress.cpp:343 (occt_1157_stress_before:arm64+0x1000039d8)
    #4 main occt_1157_stress.cpp:380 (occt_1157_stress_before:arm64+0x100002e08)

  Thread T3 (tid=352293, running) created by main thread at:
    #0 pthread_create <null> (libclang_rt.tsan_osx_dynamic.dylib:arm64e+0x33834)
    #1 std::__1::thread::thread[abi:nqe210106]<void (*&)(int, int), int&, int&, 0>(void (*&)(int, int), int&, int&) thread.h:216 (occt_1157_stress_before:arm64+0x10000635c)
    #2 std::__1::thread* std::__1::vector<std::__1::thread, std::__1::allocator<std::__1::thread>>::__emplace_back_slow_path<void (*&)(int, int), int&, int&>(void (*&)(int, int), int&, int&) vector.h:1130 (occt_1157_stress_before:arm64+0x100006118)
    #3 runOne(char const*, int, int) occt_1157_stress.cpp:343 (occt_1157_stress_before:arm64+0x1000039d8)
    #4 main occt_1157_stress.cpp:380 (occt_1157_stress_before:arm64+0x100002e08)

SUMMARY: ThreadSanitizer: data race TCollection_AsciiString.cxx:769 in TCollection_AsciiString::IsEqual(char const*, int) const
==================
WARNING: ThreadSanitizer: data race (pid=70754)
  Write of size 1 at 0x000104b2f6c8 by thread T6:
    #0 STEPControl_Controller::Init() STEPControl_Controller.cxx:497 (occt_1157_stress_before:arm64+0x100543544)
    #1 STEPControl_Writer::STEPControl_Writer() STEPControl_Writer.cxx:38 (occt_1157_stress_before:arm64+0x10054d1d4)
    #2 STEPControl_Writer::STEPControl_Writer() STEPControl_Writer.cxx:37 (occt_1157_stress_before:arm64+0x10054d450)
    #3 runStepWriteIndependent(int, int) occt_1157_stress.cpp:85 (occt_1157_stress_before:arm64+0x100000ad8)
    #4 void* std::__1::__thread_proxy[abi:nqe210106]<std::__1::tuple<std::__1::unique_ptr<std::__1::__thread_struct, std::__1::default_delete<std::__1::__thread_struct>>, void (*)(int, int), int, int>>(void*) thread.h:168 (occt_1157_stress_before:arm64+0x100006494)

  Previous read of size 1 at 0x000104b2f6c8 by thread T8:
    #0 STEPControl_Controller::Init() STEPControl_Controller.cxx:492 (occt_1157_stress_before:arm64+0x1005434d8)
    #1 STEPControl_Writer::STEPControl_Writer() STEPControl_Writer.cxx:38 (occt_1157_stress_before:arm64+0x10054d1d4)
    #2 STEPControl_Writer::STEPControl_Writer() STEPControl_Writer.cxx:37 (occt_1157_stress_before:arm64+0x10054d450)
    #3 runStepWriteIndependent(int, int) occt_1157_stress.cpp:85 (occt_1157_stress_before:arm64+0x100000ad8)
    #4 void* std::__1::__thread_proxy[abi:nqe210106]<std::__1::tuple<std::__1::unique_ptr<std::__1::__thread_struct, std::__1::default_delete<std::__1::__thread_struct>>, void (*)(int, int), int, int>>(void*) thread.h:168 (occt_1157_stress_before:arm64+0x100006494)

  Location is global 'STEPControl_Controller::Init()::inic' at 0x000104b2f6c8 (occt_1157_stress_before+0x101cab6c8)

  Thread T6 (tid=352296, running) created by main thread at:
    #0 pthread_create <null> (libclang_rt.tsan_osx_dynamic.dylib:arm64e+0x33834)
    #1 std::__1::thread::thread[abi:nqe210106]<void (*&)(int, int), int&, int&, 0>(void (*&)(int, int), int&, int&) thread.h:216 (occt_1157_stress_before:arm64+0x10000635c)
    #2 runOne(char const*, int, int) occt_1157_stress.cpp:343 (occt_1157_stress_before:arm64+0x1000039b0)
    #3 main occt_1157_stress.cpp:380 (occt_1157_stress_before:arm64+0x100002e08)

  Thread T8 (tid=352298, running) created by main thread at:
    #0 pthread_create <null> (libclang_rt.tsan_osx_dynamic.dylib:arm64e+0x33834)
    #1 std::__1::thread::thread[abi:nqe210106]<void (*&)(int, int), int&, int&, 0>(void (*&)(int, int), int&, int&) thread.h:216 (occt_1157_stress_before:arm64+0x10000635c)
    #2 runOne(char const*, int, int) occt_1157_stress.cpp:343 (occt_1157_stress_before:arm64+0x1000039b0)
    #3 main occt_1157_stress.cpp:380 (occt_1157_stress_before:arm64+0x100002e08)

SUMMARY: ThreadSanitizer: data race STEPControl_Controller.cxx:497 in STEPControl_Controller::Init()
==================
WARNING: ThreadSanitizer: data race (pid=70754)
  Read of size 8 at 0x000110725c78 by thread T4:
    #0 XSControl_Controller::Record(char const*) const XSControl_Controller.cxx:109 (occt_1157_stress_before:arm64+0x1013d5700)
    #1 STEPControl_Controller::Init() STEPControl_Controller.cxx:495 (occt_1157_stress_before:arm64+0x100543538)
    #2 STEPControl_Writer::STEPControl_Writer() STEPControl_Writer.cxx:38 (occt_1157_stress_before:arm64+0x10054d1d4)
    #3 STEPControl_Writer::STEPControl_Writer() STEPControl_Writer.cxx:37 (occt_1157_stress_before:arm64+0x10054d450)
    #4 runStepWriteIndependent(int, int) occt_1157_stress.cpp:85 (occt_1157_stress_before:arm64+0x100000ad8)
    #5 void* std::__1::__thread_proxy[abi:nqe210106]<std::__1::tuple<std::__1::unique_ptr<std::__1::__thread_struct, std::__1::default_delete<std::__1::__thread_struct>>, void (*)(int, int), int, int>>(void*) thread.h:168 (occt_1157_stress_before:arm64+0x100006494)

  Previous write of size 8 at 0x000110725c78 by thread T3:
    #0 std::__1::conditional<false, opencascade::handle<Standard_Transient>&, bool>::type NCollection_DataMap<TCollection_AsciiString, opencascade::handle<Standard_Transient>, NCollection_DefaultHasher<TCollection_AsciiString>>::emplaceImpl<TCollection_AsciiString, false, false, opencascade::handle<Standard_Transient>>(TCollection_AsciiString&&, std::__1::integral_constant<bool, false>, std::__1::integral_constant<bool, false>, opencascade::handle<Standard_Transient>&&) NCollection_DataMap.hxx:810 (occt_1157_stress_before:arm64+0x1013d91a8)
    #1 XSControl_Controller::Record(char const*) const XSControl_Controller.cxx:122 (occt_1157_stress_before:arm64+0x1013d57a4)
    #2 STEPControl_Controller::Init() STEPControl_Controller.cxx:495 (occt_1157_stress_before:arm64+0x100543538)
    #3 STEPControl_Writer::STEPControl_Writer() STEPControl_Writer.cxx:38 (occt_1157_stress_before:arm64+0x10054d1d4)
    #4 STEPControl_Writer::STEPControl_Writer() STEPControl_Writer.cxx:37 (occt_1157_stress_before:arm64+0x10054d450)
    #5 runStepWriteIndependent(int, int) occt_1157_stress.cpp:85 (occt_1157_stress_before:arm64+0x100000ad8)
    #6 void* std::__1::__thread_proxy[abi:nqe210106]<std::__1::tuple<std::__1::unique_ptr<std::__1::__thread_struct, std::__1::default_delete<std::__1::__thread_struct>>, void (*)(int, int), int, int>>(void*) thread.h:168 (occt_1157_stress_before:arm64+0x100006494)

  Location is heap block of size 816 at 0x000110725a00 allocated by thread T3:
    #0 calloc <null> (libclang_rt.tsan_osx_dynamic.dylib:arm64e+0x67c40)
    #1 Standard::Allocate(unsigned long) Standard.cxx:386 (occt_1157_stress_before:arm64+0x1008bed34)
    #2 NCollection_BaseMap::BeginResize(unsigned long, unsigned long&, NCollection_ListNode**&, NCollection_ListNode**&) const NCollection_BaseMap.cxx:42 (occt_1157_stress_before:arm64+0x1008df8cc)
    #3 NCollection_DataMap<TCollection_AsciiString, opencascade::handle<Standard_Transient>, NCollection_DefaultHasher<TCollection_AsciiString>>::ReSize(unsigned long) NCollection_DataMap.hxx:365 (occt_1157_stress_before:arm64+0x100840088)
    #4 std::__1::conditional<false, opencascade::handle<Standard_Transient>&, bool>::type NCollection_DataMap<TCollection_AsciiString, opencascade::handle<Standard_Transient>, NCollection_DefaultHasher<TCollection_AsciiString>>::emplaceImpl<TCollection_AsciiString, false, false, opencascade::handle<Standard_Transient>>(TCollection_AsciiString&&, std::__1::integral_constant<bool, false>, std::__1::integral_constant<bool, false>, opencascade::handle<Standard_Transient>&&) NCollection_DataMap.hxx:795 (occt_1157_stress_before:arm64+0x1013d9080)
    #5 XSControl_Controller::Record(char const*) const XSControl_Controller.cxx:122 (occt_1157_stress_before:arm64+0x1013d57a4)
    #6 STEPControl_Controller::Init() STEPControl_Controller.cxx:495 (occt_1157_stress_before:arm64+0x100543524)
    #7 STEPControl_Writer::STEPControl_Writer() STEPControl_Writer.cxx:38 (occt_1157_stress_before:arm64+0x10054d1d4)
    #8 STEPControl_Writer::STEPControl_Writer() STEPControl_Writer.cxx:37 (occt_1157_stress_before:arm64+0x10054d450)
    #9 runStepWriteIndependent(int, int) occt_1157_stress.cpp:85 (occt_1157_stress_before:arm64+0x100000ad8)
    #10 void* std::__1::__thread_proxy[abi:nqe210106]<std::__1::tuple<std::__1::unique_ptr<std::__1::__thread_struct, std::__1::default_delete<std::__1::__thread_struct>>, void (*)(int, int), int, int>>(void*) thread.h:168 (occt_1157_stress_before:arm64+0x100006494)

  Thread T4 (tid=352294, running) created by main thread at:
    #0 pthread_create <null> (libclang_rt.tsan_osx_dynamic.dylib:arm64e+0x33834)
    #1 std::__1::thread::thread[abi:nqe210106]<void (*&)(int, int), int&, int&, 0>(void (*&)(int, int), int&, int&) thread.h:216 (occt_1157_stress_before:arm64+0x10000635c)
    #2 runOne(char const*, int, int) occt_1157_stress.cpp:343 (occt_1157_stress_before:arm64+0x1000039b0)
    #3 main occt_1157_stress.cpp:380 (occt_1157_stress_before:arm64+0x100002e08)

  Thread T3 (tid=352293, running) created by main thread at:
    #0 pthread_create <null> (libclang_rt.tsan_osx_dynamic.dylib:arm64e+0x33834)
    #1 std::__1::thread::thread[abi:nqe210106]<void (*&)(int, int), int&, int&, 0>(void (*&)(int, int), int&, int&) thread.h:216 (occt_1157_stress_before:arm64+0x10000635c)
    #2 std::__1::thread* std::__1::vector<std::__1::thread, std::__1::allocator<std::__1::thread>>::__emplace_back_slow_path<void (*&)(int, int), int&, int&>(void (*&)(int, int), int&, int&) vector.h:1130 (occt_1157_stress_before:arm64+0x100006118)
    #3 runOne(char const*, int, int) occt_1157_stress.cpp:343 (occt_1157_stress_before:arm64+0x1000039d8)
    #4 main occt_1157_stress.cpp:380 (occt_1157_stress_before:arm64+0x100002e08)

SUMMARY: ThreadSanitizer: data race XSControl_Controller.cxx:109 in XSControl_Controller::Record(char const*) const
==================
WARNING: ThreadSanitizer: data race (pid=70754)
  Read of size 8 at 0x00010e817e90 by thread T7:
    #0 TCollection_AsciiString::IsEqual(char const*, int) const TCollection_AsciiString.cxx:779 (occt_1157_stress_before:arm64+0x1008d0ce4)
    #1 XSControl_Controller::Record(char const*) const XSControl_Controller.cxx:109 (occt_1157_stress_before:arm64+0x1013d5730)
    #2 STEPControl_Controller::Init() STEPControl_Controller.cxx:495 (occt_1157_stress_before:arm64+0x100543524)
    #3 STEPControl_Writer::STEPControl_Writer() STEPControl_Writer.cxx:38 (occt_1157_stress_before:arm64+0x10054d1d4)
    #4 STEPControl_Writer::STEPControl_Writer() STEPControl_Writer.cxx:37 (occt_1157_stress_before:arm64+0x10054d450)
    #5 runStepWriteIndependent(int, int) occt_1157_stress.cpp:85 (occt_1157_stress_before:arm64+0x100000ad8)
    #6 void* std::__1::__thread_proxy[abi:nqe210106]<std::__1::tuple<std::__1::unique_ptr<std::__1::__thread_struct, std::__1::default_delete<std::__1::__thread_struct>>, void (*)(int, int), int, int>>(void*) thread.h:168 (occt_1157_stress_before:arm64+0x100006494)

  Previous write of size 8 at 0x00010e817e90 by thread T3:
    #0 TCollection_AsciiString::TCollection_AsciiString(TCollection_AsciiString&&) TCollection_AsciiString.cxx:175 (occt_1157_stress_before:arm64+0x1008cd880)
    #1 std::__1::conditional<false, opencascade::handle<Standard_Transient>&, bool>::type NCollection_DataMap<TCollection_AsciiString, opencascade::handle<Standard_Transient>, NCollection_DefaultHasher<TCollection_AsciiString>>::emplaceImpl<TCollection_AsciiString, false, false, opencascade::handle<Standard_Transient>>(TCollection_AsciiString&&, std::__1::integral_constant<bool, false>, std::__1::integral_constant<bool, false>, opencascade::handle<Standard_Transient>&&) NCollection_DataMap.hxx:810 (occt_1157_stress_before:arm64+0x1013d9190)
    #2 XSControl_Controller::Record(char const*) const XSControl_Controller.cxx:122 (occt_1157_stress_before:arm64+0x1013d57a4)
    #3 STEPControl_Controller::Init() STEPControl_Controller.cxx:495 (occt_1157_stress_before:arm64+0x100543524)
    #4 STEPControl_Writer::STEPControl_Writer() STEPControl_Writer.cxx:38 (occt_1157_stress_before:arm64+0x10054d1d4)
    #5 STEPControl_Writer::STEPControl_Writer() STEPControl_Writer.cxx:37 (occt_1157_stress_before:arm64+0x10054d450)
    #6 runStepWriteIndependent(int, int) occt_1157_stress.cpp:85 (occt_1157_stress_before:arm64+0x100000ad8)
    #7 void* std::__1::__thread_proxy[abi:nqe210106]<std::__1::tuple<std::__1::unique_ptr<std::__1::__thread_struct, std::__1::default_delete<std::__1::__thread_struct>>, void (*)(int, int), int, int>>(void*) thread.h:168 (occt_1157_stress_before:arm64+0x100006494)

  Location is heap block of size 32 at 0x00010e817e80 allocated by thread T3:
    #0 calloc <null> (libclang_rt.tsan_osx_dynamic.dylib:arm64e+0x67c40)
    #1 Standard::Allocate(unsigned long) Standard.cxx:386 (occt_1157_stress_before:arm64+0x1008bed34)
    #2 NCollection_BaseAllocator::Allocate(unsigned long) NCollection_BaseAllocator.cxx:22 (occt_1157_stress_before:arm64+0x1008de93c)
    #3 std::__1::conditional<false, opencascade::handle<Standard_Transient>&, bool>::type NCollection_DataMap<TCollection_AsciiString, opencascade::handle<Standard_Transient>, NCollection_DefaultHasher<TCollection_AsciiString>>::emplaceImpl<TCollection_AsciiString, false, false, opencascade::handle<Standard_Transient>>(TCollection_AsciiString&&, std::__1::integral_constant<bool, false>, std::__1::integral_constant<bool, false>, opencascade::handle<Standard_Transient>&&) NCollection_DataMap.hxx:810 (occt_1157_stress_before:arm64+0x1013d913c)
    #4 XSControl_Controller::Record(char const*) const XSControl_Controller.cxx:122 (occt_1157_stress_before:arm64+0x1013d57a4)
    #5 STEPControl_Controller::Init() STEPControl_Controller.cxx:495 (occt_1157_stress_before:arm64+0x100543524)
    #6 STEPControl_Writer::STEPControl_Writer() STEPControl_Writer.cxx:38 (occt_1157_stress_before:arm64+0x10054d1d4)
    #7 STEPControl_Writer::STEPControl_Writer() STEPControl_Writer.cxx:37 (occt_1157_stress_before:arm64+0x10054d450)
    #8 runStepWriteIndependent(int, int) occt_1157_stress.cpp:85 (occt_1157_stress_before:arm64+0x100000ad8)
    #9 void* std::__1::__thread_proxy[abi:nqe210106]<std::__1::tuple<std::__1::unique_ptr<std::__1::__thread_struct, std::__1::default_delete<std::__1::__thread_struct>>, void (*)(int, int), int, int>>(void*) thread.h:168 (occt_1157_stress_before:arm64+0x100006494)

  Thread T7 (tid=352297, running) created by main thread at:
    #0 pthread_create <null> (libclang_rt.tsan_osx_dynamic.dylib:arm64e+0x33834)
    #1 std::__1::thread::thread[abi:nqe210106]<void (*&)(int, int), int&, int&, 0>(void (*&)(int, int), int&, int&) thread.h:216 (occt_1157_stress_before:arm64+0x10000635c)
    #2 runOne(char const*, int, int) occt_1157_stress.cpp:343 (occt_1157_stress_before:arm64+0x1000039b0)
    #3 main occt_1157_stress.cpp:380 (occt_1157_stress_before:arm64+0x100002e08)

  Thread T3 (tid=352293, running) created by main thread at:
    #0 pthread_create <null> (libclang_rt.tsan_osx_dynamic.dylib:arm64e+0x33834)
    #1 std::__1::thread::thread[abi:nqe210106]<void (*&)(int, int), int&, int&, 0>(void (*&)(int, int), int&, int&) thread.h:216 (occt_1157_stress_before:arm64+0x10000635c)
    #2 std::__1::thread* std::__1::vector<std::__1::thread, std::__1::allocator<std::__1::thread>>::__emplace_back_slow_path<void (*&)(int, int), int&, int&>(void (*&)(int, int), int&, int&) vector.h:1130 (occt_1157_stress_before:arm64+0x100006118)
    #3 runOne(char const*, int, int) occt_1157_stress.cpp:343 (occt_1157_stress_before:arm64+0x1000039d8)
    #4 main occt_1157_stress.cpp:380 (occt_1157_stress_before:arm64+0x100002e08)

SUMMARY: ThreadSanitizer: data race TCollection_AsciiString.cxx:779 in TCollection_AsciiString::IsEqual(char const*, int) const
==================
WARNING: ThreadSanitizer: data race (pid=70754)
  Read of size 4 at 0x00010e817e98 by thread T8:
    #0 TCollection_AsciiString::IsEqual(char const*, int) const TCollection_AsciiString.cxx:769 (occt_1157_stress_before:arm64+0x1008d0ccc)
    #1 XSControl_Controller::Record(char const*) const XSControl_Controller.cxx:109 (occt_1157_stress_before:arm64+0x1013d5730)
    #2 STEPControl_Controller::Init() STEPControl_Controller.cxx:495 (occt_1157_stress_before:arm64+0x100543524)
    #3 STEPControl_Writer::STEPControl_Writer() STEPControl_Writer.cxx:38 (occt_1157_stress_before:arm64+0x10054d1d4)
    #4 STEPControl_Writer::STEPControl_Writer() STEPControl_Writer.cxx:37 (occt_1157_stress_before:arm64+0x10054d450)
    #5 runStepWriteIndependent(int, int) occt_1157_stress.cpp:85 (occt_1157_stress_before:arm64+0x100000ad8)
    #6 void* std::__1::__thread_proxy[abi:nqe210106]<std::__1::tuple<std::__1::unique_ptr<std::__1::__thread_struct, std::__1::default_delete<std::__1::__thread_struct>>, void (*)(int, int), int, int>>(void*) thread.h:168 (occt_1157_stress_before:arm64+0x100006494)

  Previous write of size 4 at 0x00010e817e98 by thread T3:
    #0 TCollection_AsciiString::TCollection_AsciiString(TCollection_AsciiString&&) TCollection_AsciiString.cxx:175 (occt_1157_stress_before:arm64+0x1008cd88c)
    #1 std::__1::conditional<false, opencascade::handle<Standard_Transient>&, bool>::type NCollection_DataMap<TCollection_AsciiString, opencascade::handle<Standard_Transient>, NCollection_DefaultHasher<TCollection_AsciiString>>::emplaceImpl<TCollection_AsciiString, false, false, opencascade::handle<Standard_Transient>>(TCollection_AsciiString&&, std::__1::integral_constant<bool, false>, std::__1::integral_constant<bool, false>, opencascade::handle<Standard_Transient>&&) NCollection_DataMap.hxx:810 (occt_1157_stress_before:arm64+0x1013d9190)
    #2 XSControl_Controller::Record(char const*) const XSControl_Controller.cxx:122 (occt_1157_stress_before:arm64+0x1013d57a4)
    #3 STEPControl_Controller::Init() STEPControl_Controller.cxx:495 (occt_1157_stress_before:arm64+0x100543524)
    #4 STEPControl_Writer::STEPControl_Writer() STEPControl_Writer.cxx:38 (occt_1157_stress_before:arm64+0x10054d1d4)
    #5 STEPControl_Writer::STEPControl_Writer() STEPControl_Writer.cxx:37 (occt_1157_stress_before:arm64+0x10054d450)
    #6 runStepWriteIndependent(int, int) occt_1157_stress.cpp:85 (occt_1157_stress_before:arm64+0x100000ad8)
    #7 void* std::__1::__thread_proxy[abi:nqe210106]<std::__1::tuple<std::__1::unique_ptr<std::__1::__thread_struct, std::__1::default_delete<std::__1::__thread_struct>>, void (*)(int, int), int, int>>(void*) thread.h:168 (occt_1157_stress_before:arm64+0x100006494)

  Location is heap block of size 32 at 0x00010e817e80 allocated by thread T3:
    #0 calloc <null> (libclang_rt.tsan_osx_dynamic.dylib:arm64e+0x67c40)
    #1 Standard::Allocate(unsigned long) Standard.cxx:386 (occt_1157_stress_before:arm64+0x1008bed34)
    #2 NCollection_BaseAllocator::Allocate(unsigned long) NCollection_BaseAllocator.cxx:22 (occt_1157_stress_before:arm64+0x1008de93c)
    #3 std::__1::conditional<false, opencascade::handle<Standard_Transient>&, bool>::type NCollection_DataMap<TCollection_AsciiString, opencascade::handle<Standard_Transient>, NCollection_DefaultHasher<TCollection_AsciiString>>::emplaceImpl<TCollection_AsciiString, false, false, opencascade::handle<Standard_Transient>>(TCollection_AsciiString&&, std::__1::integral_constant<bool, false>, std::__1::integral_constant<bool, false>, opencascade::handle<Standard_Transient>&&) NCollection_DataMap.hxx:810 (occt_1157_stress_before:arm64+0x1013d913c)
    #4 XSControl_Controller::Record(char const*) const XSControl_Controller.cxx:122 (occt_1157_stress_before:arm64+0x1013d57a4)
    #5 STEPControl_Controller::Init() STEPControl_Controller.cxx:495 (occt_1157_stress_before:arm64+0x100543524)
    #6 STEPControl_Writer::STEPControl_Writer() STEPControl_Writer.cxx:38 (occt_1157_stress_before:arm64+0x10054d1d4)
    #7 STEPControl_Writer::STEPControl_Writer() STEPControl_Writer.cxx:37 (occt_1157_stress_before:arm64+0x10054d450)
    #8 runStepWriteIndependent(int, int) occt_1157_stress.cpp:85 (occt_1157_stress_before:arm64+0x100000ad8)
    #9 void* std::__1::__thread_proxy[abi:nqe210106]<std::__1::tuple<std::__1::unique_ptr<std::__1::__thread_struct, std::__1::default_delete<std::__1::__thread_struct>>, void (*)(int, int), int, int>>(void*) thread.h:168 (occt_1157_stress_before:arm64+0x100006494)

  Thread T8 (tid=352298, running) created by main thread at:
    #0 pthread_create <null> (libclang_rt.tsan_osx_dynamic.dylib:arm64e+0x33834)
    #1 std::__1::thread::thread[abi:nqe210106]<void (*&)(int, int), int&, int&, 0>(void (*&)(int, int), int&, int&) thread.h:216 (occt_1157_stress_before:arm64+0x10000635c)
    #2 runOne(char const*, int, int) occt_1157_stress.cpp:343 (occt_1157_stress_before:arm64+0x1000039b0)
    #3 main occt_1157_stress.cpp:380 (occt_1157_stress_before:arm64+0x100002e08)

  Thread T3 (tid=352293, running) created by main thread at:
    #0 pthread_create <null> (libclang_rt.tsan_osx_dynamic.dylib:arm64e+0x33834)
    #1 std::__1::thread::thread[abi:nqe210106]<void (*&)(int, int), int&, int&, 0>(void (*&)(int, int), int&, int&) thread.h:216 (occt_1157_stress_before:arm64+0x10000635c)
    #2 std::__1::thread* std::__1::vector<std::__1::thread, std::__1::allocator<std::__1::thread>>::__emplace_back_slow_path<void (*&)(int, int), int&, int&>(void (*&)(int, int), int&, int&) vector.h:1130 (occt_1157_stress_before:arm64+0x100006118)
    #3 runOne(char const*, int, int) occt_1157_stress.cpp:343 (occt_1157_stress_before:arm64+0x1000039d8)
    #4 main occt_1157_stress.cpp:380 (occt_1157_stress_before:arm64+0x100002e08)

SUMMARY: ThreadSanitizer: data race TCollection_AsciiString.cxx:769 in TCollection_AsciiString::IsEqual(char const*, int) const
==================
WARNING: ThreadSanitizer: data race (pid=70754)
  Write of size 1 at 0x000104b2f6c8 by thread T4:
    #0 STEPControl_Controller::Init() STEPControl_Controller.cxx:497 (occt_1157_stress_before:arm64+0x100543544)
    #1 STEPControl_Writer::STEPControl_Writer() STEPControl_Writer.cxx:38 (occt_1157_stress_before:arm64+0x10054d1d4)
    #2 STEPControl_Writer::STEPControl_Writer() STEPControl_Writer.cxx:37 (occt_1157_stress_before:arm64+0x10054d450)
    #3 runStepWriteIndependent(int, int) occt_1157_stress.cpp:85 (occt_1157_stress_before:arm64+0x100000ad8)
    #4 void* std::__1::__thread_proxy[abi:nqe210106]<std::__1::tuple<std::__1::unique_ptr<std::__1::__thread_struct, std::__1::default_delete<std::__1::__thread_struct>>, void (*)(int, int), int, int>>(void*) thread.h:168 (occt_1157_stress_before:arm64+0x100006494)

  Previous write of size 1 at 0x000104b2f6c8 by thread T1:
    #0 STEPControl_Controller::Init() STEPControl_Controller.cxx:497 (occt_1157_stress_before:arm64+0x100543544)
    #1 STEPControl_Writer::STEPControl_Writer() STEPControl_Writer.cxx:38 (occt_1157_stress_before:arm64+0x10054d1d4)
    #2 STEPControl_Writer::STEPControl_Writer() STEPControl_Writer.cxx:37 (occt_1157_stress_before:arm64+0x10054d450)
    #3 runStepWriteIndependent(int, int) occt_1157_stress.cpp:85 (occt_1157_stress_before:arm64+0x100000ad8)
    #4 void* std::__1::__thread_proxy[abi:nqe210106]<std::__1::tuple<std::__1::unique_ptr<std::__1::__thread_struct, std::__1::default_delete<std::__1::__thread_struct>>, void (*)(int, int), int, int>>(void*) thread.h:168 (occt_1157_stress_before:arm64+0x100006494)

  Location is global 'STEPControl_Controller::Init()::inic' at 0x000104b2f6c8 (occt_1157_stress_before+0x101cab6c8)

  Thread T4 (tid=352294, running) created by main thread at:
    #0 pthread_create <null> (libclang_rt.tsan_osx_dynamic.dylib:arm64e+0x33834)
    #1 std::__1::thread::thread[abi:nqe210106]<void (*&)(int, int), int&, int&, 0>(void (*&)(int, int), int&, int&) thread.h:216 (occt_1157_stress_before:arm64+0x10000635c)
    #2 runOne(char const*, int, int) occt_1157_stress.cpp:343 (occt_1157_stress_before:arm64+0x1000039b0)
    #3 main occt_1157_stress.cpp:380 (occt_1157_stress_before:arm64+0x100002e08)

  Thread T1 (tid=352291, running) created by main thread at:
    #0 pthread_create <null> (libclang_rt.tsan_osx_dynamic.dylib:arm64e+0x33834)
    #1 std::__1::thread::thread[abi:nqe210106]<void (*&)(int, int), int&, int&, 0>(void (*&)(int, int), int&, int&) thread.h:216 (occt_1157_stress_before:arm64+0x10000635c)
    #2 std::__1::thread* std::__1::vector<std::__1::thread, std::__1::allocator<std::__1::thread>>::__emplace_back_slow_path<void (*&)(int, int), int&, int&>(void (*&)(int, int), int&, int&) vector.h:1130 (occt_1157_stress_before:arm64+0x100006118)
    #3 runOne(char const*, int, int) occt_1157_stress.cpp:343 (occt_1157_stress_before:arm64+0x1000039d8)
    #4 main occt_1157_stress.cpp:380 (occt_1157_stress_before:arm64+0x100002e08)

SUMMARY: ThreadSanitizer: data race STEPControl_Controller.cxx:497 in STEPControl_Controller::Init()
==================
WARNING: ThreadSanitizer: data race (pid=70754)
  Write of size 1 at 0x000104b37ca8 by thread T6:
    #0 IFSelect_WorkSession::IFSelect_WorkSession() IFSelect_WorkSession.cxx:86 (occt_1157_stress_before:arm64+0x1013af984)
    #1 XSControl_WorkSession::XSControl_WorkSession() XSControl_WorkSession.cxx:50 (occt_1157_stress_before:arm64+0x1013f2c14)
    #2 XSControl_WorkSession::XSControl_WorkSession() XSControl_WorkSession.cxx:54 (occt_1157_stress_before:arm64+0x1013f2f60)
    #3 STEPControl_Writer::STEPControl_Writer() STEPControl_Writer.cxx:39 (occt_1157_stress_before:arm64+0x10054d1e4)
    #4 STEPControl_Writer::STEPControl_Writer() STEPControl_Writer.cxx:37 (occt_1157_stress_before:arm64+0x10054d450)
    #5 runStepWriteIndependent(int, int) occt_1157_stress.cpp:85 (occt_1157_stress_before:arm64+0x100000ad8)
    #6 void* std::__1::__thread_proxy[abi:nqe210106]<std::__1::tuple<std::__1::unique_ptr<std::__1::__thread_struct, std::__1::default_delete<std::__1::__thread_struct>>, void (*)(int, int), int, int>>(void*) thread.h:168 (occt_1157_stress_before:arm64+0x100006494)

  Previous write of size 1 at 0x000104b37ca8 by thread T2:
    #0 IFSelect_WorkSession::IFSelect_WorkSession() IFSelect_WorkSession.cxx:86 (occt_1157_stress_before:arm64+0x1013af984)
    #1 XSControl_WorkSession::XSControl_WorkSession() XSControl_WorkSession.cxx:50 (occt_1157_stress_before:arm64+0x1013f2c14)
    #2 XSControl_WorkSession::XSControl_WorkSession() XSControl_WorkSession.cxx:54 (occt_1157_stress_before:arm64+0x1013f2f60)
    #3 STEPControl_Writer::STEPControl_Writer() STEPControl_Writer.cxx:39 (occt_1157_stress_before:arm64+0x10054d1e4)
    #4 STEPControl_Writer::STEPControl_Writer() STEPControl_Writer.cxx:37 (occt_1157_stress_before:arm64+0x10054d450)
    #5 runStepWriteIndependent(int, int) occt_1157_stress.cpp:85 (occt_1157_stress_before:arm64+0x100000ad8)
    #6 void* std::__1::__thread_proxy[abi:nqe210106]<std::__1::tuple<std::__1::unique_ptr<std::__1::__thread_struct, std::__1::default_delete<std::__1::__thread_struct>>, void (*)(int, int), int, int>>(void*) thread.h:168 (occt_1157_stress_before:arm64+0x100006494)

  Location is global 'errhand' at 0x000104b37ca8 (occt_1157_stress_before+0x101cb3ca8)

  Thread T6 (tid=352296, running) created by main thread at:
    #0 pthread_create <null> (libclang_rt.tsan_osx_dynamic.dylib:arm64e+0x33834)
    #1 std::__1::thread::thread[abi:nqe210106]<void (*&)(int, int), int&, int&, 0>(void (*&)(int, int), int&, int&) thread.h:216 (occt_1157_stress_before:arm64+0x10000635c)
    #2 runOne(char const*, int, int) occt_1157_stress.cpp:343 (occt_1157_stress_before:arm64+0x1000039b0)
    #3 main occt_1157_stress.cpp:380 (occt_1157_stress_before:arm64+0x100002e08)

  Thread T2 (tid=352292, running) created by main thread at:
    #0 pthread_create <null> (libclang_rt.tsan_osx_dynamic.dylib:arm64e+0x33834)
    #1 std::__1::thread::thread[abi:nqe210106]<void (*&)(int, int), int&, int&, 0>(void (*&)(int, int), int&, int&) thread.h:216 (occt_1157_stress_before:arm64+0x10000635c)
    #2 std::__1::thread* std::__1::vector<std::__1::thread, std::__1::allocator<std::__1::thread>>::__emplace_back_slow_path<void (*&)(int, int), int&, int&>(void (*&)(int, int), int&, int&) vector.h:1130 (occt_1157_stress_before:arm64+0x100006118)
    #3 runOne(char const*, int, int) occt_1157_stress.cpp:343 (occt_1157_stress_before:arm64+0x1000039d8)
    #4 main occt_1157_stress.cpp:380 (occt_1157_stress_before:arm64+0x100002e08)

SUMMARY: ThreadSanitizer: data race IFSelect_WorkSession.cxx:86 in IFSelect_WorkSession::IFSelect_WorkSession()
==================
WARNING: ThreadSanitizer: data race (pid=70754)
  Read of size 8 at 0x000110725ca8 by thread T5:
    #0 XSControl_Controller::Record(char const*) const XSControl_Controller.cxx:109 (occt_1157_stress_before:arm64+0x1013d5700)
    #1 STEPControl_Controller::Init() STEPControl_Controller.cxx:495 (occt_1157_stress_before:arm64+0x100543524)
    #2 STEPControl_Writer::STEPControl_Writer() STEPControl_Writer.cxx:38 (occt_1157_stress_before:arm64+0x10054d1d4)
    #3 STEPControl_Writer::STEPControl_Writer() STEPControl_Writer.cxx:37 (occt_1157_stress_before:arm64+0x10054d450)
    #4 runStepWriteIndependent(int, int) occt_1157_stress.cpp:85 (occt_1157_stress_before:arm64+0x100000ad8)
    #5 void* std::__1::__thread_proxy[abi:nqe210106]<std::__1::tuple<std::__1::unique_ptr<std::__1::__thread_struct, std::__1::default_delete<std::__1::__thread_struct>>, void (*)(int, int), int, int>>(void*) thread.h:168 (occt_1157_stress_before:arm64+0x100006494)

  Previous write of size 8 at 0x000110725ca8 by thread T3:
    #0 std::__1::conditional<false, opencascade::handle<Standard_Transient>&, bool>::type NCollection_DataMap<TCollection_AsciiString, opencascade::handle<Standard_Transient>, NCollection_DefaultHasher<TCollection_AsciiString>>::emplaceImpl<TCollection_AsciiString, false, false, opencascade::handle<Standard_Transient>>(TCollection_AsciiString&&, std::__1::integral_constant<bool, false>, std::__1::integral_constant<bool, false>, opencascade::handle<Standard_Transient>&&) NCollection_DataMap.hxx:810 (occt_1157_stress_before:arm64+0x1013d91a8)
    #1 XSControl_Controller::Record(char const*) const XSControl_Controller.cxx:122 (occt_1157_stress_before:arm64+0x1013d57a4)
    #2 STEPControl_Controller::Init() STEPControl_Controller.cxx:495 (occt_1157_stress_before:arm64+0x100543524)
    #3 STEPControl_Writer::STEPControl_Writer() STEPControl_Writer.cxx:38 (occt_1157_stress_before:arm64+0x10054d1d4)
    #4 STEPControl_Writer::STEPControl_Writer() STEPControl_Writer.cxx:37 (occt_1157_stress_before:arm64+0x10054d450)
    #5 runStepWriteIndependent(int, int) occt_1157_stress.cpp:85 (occt_1157_stress_before:arm64+0x100000ad8)
    #6 void* std::__1::__thread_proxy[abi:nqe210106]<std::__1::tuple<std::__1::unique_ptr<std::__1::__thread_struct, std::__1::default_delete<std::__1::__thread_struct>>, void (*)(int, int), int, int>>(void*) thread.h:168 (occt_1157_stress_before:arm64+0x100006494)

  Location is heap block of size 816 at 0x000110725a00 allocated by thread T3:
    #0 calloc <null> (libclang_rt.tsan_osx_dynamic.dylib:arm64e+0x67c40)
    #1 Standard::Allocate(unsigned long) Standard.cxx:386 (occt_1157_stress_before:arm64+0x1008bed34)
    #2 NCollection_BaseMap::BeginResize(unsigned long, unsigned long&, NCollection_ListNode**&, NCollection_ListNode**&) const NCollection_BaseMap.cxx:42 (occt_1157_stress_before:arm64+0x1008df8cc)
    #3 NCollection_DataMap<TCollection_AsciiString, opencascade::handle<Standard_Transient>, NCollection_DefaultHasher<TCollection_AsciiString>>::ReSize(unsigned long) NCollection_DataMap.hxx:365 (occt_1157_stress_before:arm64+0x100840088)
    #4 std::__1::conditional<false, opencascade::handle<Standard_Transient>&, bool>::type NCollection_DataMap<TCollection_AsciiString, opencascade::handle<Standard_Transient>, NCollection_DefaultHasher<TCollection_AsciiString>>::emplaceImpl<TCollection_AsciiString, false, false, opencascade::handle<Standard_Transient>>(TCollection_AsciiString&&, std::__1::integral_constant<bool, false>, std::__1::integral_constant<bool, false>, opencascade::handle<Standard_Transient>&&) NCollection_DataMap.hxx:795 (occt_1157_stress_before:arm64+0x1013d9080)
    #5 XSControl_Controller::Record(char const*) const XSControl_Controller.cxx:122 (occt_1157_stress_before:arm64+0x1013d57a4)
    #6 STEPControl_Controller::Init() STEPControl_Controller.cxx:495 (occt_1157_stress_before:arm64+0x100543524)
    #7 STEPControl_Writer::STEPControl_Writer() STEPControl_Writer.cxx:38 (occt_1157_stress_before:arm64+0x10054d1d4)
    #8 STEPControl_Writer::STEPControl_Writer() STEPControl_Writer.cxx:37 (occt_1157_stress_before:arm64+0x10054d450)
    #9 runStepWriteIndependent(int, int) occt_1157_stress.cpp:85 (occt_1157_stress_before:arm64+0x100000ad8)
    #10 void* std::__1::__thread_proxy[abi:nqe210106]<std::__1::tuple<std::__1::unique_ptr<std::__1::__thread_struct, std::__1::default_delete<std::__1::__thread_struct>>, void (*)(int, int), int, int>>(void*) thread.h:168 (occt_1157_stress_before:arm64+0x100006494)

  Thread T5 (tid=352295, running) created by main thread at:
    #0 pthread_create <null> (libclang_rt.tsan_osx_dynamic.dylib:arm64e+0x33834)
    #1 std::__1::thread::thread[abi:nqe210106]<void (*&)(int, int), int&, int&, 0>(void (*&)(int, int), int&, int&) thread.h:216 (occt_1157_stress_before:arm64+0x10000635c)
    #2 std::__1::thread* std::__1::vector<std::__1::thread, std::__1::allocator<std::__1::thread>>::__emplace_back_slow_path<void (*&)(int, int), int&, int&>(void (*&)(int, int), int&, int&) vector.h:1130 (occt_1157_stress_before:arm64+0x100006118)
    #3 runOne(char const*, int, int) occt_1157_stress.cpp:343 (occt_1157_stress_before:arm64+0x1000039d8)
    #4 main occt_1157_stress.cpp:380 (occt_1157_stress_before:arm64+0x100002e08)

  Thread T3 (tid=352293, running) created by main thread at:
    #0 pthread_create <null> (libclang_rt.tsan_osx_dynamic.dylib:arm64e+0x33834)
    #1 std::__1::thread::thread[abi:nqe210106]<void (*&)(int, int), int&, int&, 0>(void (*&)(int, int), int&, int&) thread.h:216 (occt_1157_stress_before:arm64+0x10000635c)
    #2 std::__1::thread* std::__1::vector<std::__1::thread, std::__1::allocator<std::__1::thread>>::__emplace_back_slow_path<void (*&)(int, int), int&, int&>(void (*&)(int, int), int&, int&) vector.h:1130 (occt_1157_stress_before:arm64+0x100006118)
    #3 runOne(char const*, int, int) occt_1157_stress.cpp:343 (occt_1157_stress_before:arm64+0x1000039d8)
    #4 main occt_1157_stress.cpp:380 (occt_1157_stress_before:arm64+0x100002e08)

SUMMARY: ThreadSanitizer: data race XSControl_Controller.cxx:109 in XSControl_Controller::Record(char const*) const
==================
WARNING: ThreadSanitizer: data race (pid=70754)
  Write of size 8 at 0x000110707a88 by thread T3:
    #0 std::__1::conditional<false, opencascade::handle<Standard_Transient>&, bool>::type NCollection_DataMap<TCollection_AsciiString, opencascade::handle<Standard_Transient>, NCollection_DefaultHasher<TCollection_AsciiString>>::emplaceImpl<TCollection_AsciiString, false, false, opencascade::handle<Standard_Transient> const&>(TCollection_AsciiString&&, std::__1::integral_constant<bool, false>, std::__1::integral_constant<bool, false>, opencascade::handle<Standard_Transient> const&) NCollection_DataMap.hxx:810 (occt_1157_stress_before:arm64+0x10083fe04)
    #1 Interface_Static::Init(char const*, char const*, Interface_ParamType, char const*) Interface_Static.cxx:183 (occt_1157_stress_before:arm64+0x10133e614)
    #2 Interface_Static::Init(char const*, char const*, char, char const*) Interface_Static.cxx:275 (occt_1157_stress_before:arm64+0x10133eb34)
    #3 XSAlgo::Init() XSAlgo.cxx:42 (occt_1157_stress_before:arm64+0x1013f6a54)
    #4 STEPControl_Controller::Init() STEPControl_Controller.cxx:496 (occt_1157_stress_before:arm64+0x10054353c)
    #5 STEPControl_Writer::STEPControl_Writer() STEPControl_Writer.cxx:38 (occt_1157_stress_before:arm64+0x10054d1d4)
    #6 STEPControl_Writer::STEPControl_Writer() STEPControl_Writer.cxx:37 (occt_1157_stress_before:arm64+0x10054d450)
    #7 runStepWriteIndependent(int, int) occt_1157_stress.cpp:85 (occt_1157_stress_before:arm64+0x100000ad8)
    #8 void* std::__1::__thread_proxy[abi:nqe210106]<std::__1::tuple<std::__1::unique_ptr<std::__1::__thread_struct, std::__1::default_delete<std::__1::__thread_struct>>, void (*)(int, int), int, int>>(void*) thread.h:168 (occt_1157_stress_before:arm64+0x100006494)

  Previous read of size 8 at 0x000110707a88 by thread T1 (mutexes: write M0):
    #0 Interface_Static::Static(char const*) Interface_Static.cxx:295 (occt_1157_stress_before:arm64+0x10133e854)
    #1 IFSelect_ParamEditor::StaticEditor(opencascade::handle<NCollection_HSequence<opencascade::handle<TCollection_HAsciiString>>> const&, char const*) IFSelect_ParamEditor.cxx:115 (occt_1157_stress_before:arm64+0x10138a1a0)
    #2 XSControl_Controller::Customise(opencascade::handle<XSControl_WorkSession>&) XSControl_Controller.cxx:497 (occt_1157_stress_before:arm64+0x1013d8648)
    #3 STEPControl_Controller::Customise(opencascade::handle<XSControl_WorkSession>&) STEPControl_Controller.cxx:506 (occt_1157_stress_before:arm64+0x1005436a0)
    #4 XSControl_WorkSession::SetController(opencascade::handle<XSControl_Controller> const&) XSControl_WorkSession.cxx:122 (occt_1157_stress_before:arm64+0x1013f3418)
    #5 XSControl_WorkSession::SelectNorm(char const*) XSControl_WorkSession.cxx:102 (occt_1157_stress_before:arm64+0x1013f315c)
    #6 STEPControl_Writer::SetWS(opencascade::handle<XSControl_WorkSession> const&, bool) STEPControl_Writer.cxx:56 (occt_1157_stress_before:arm64+0x10054d38c)
    #7 STEPControl_Writer::STEPControl_Writer() STEPControl_Writer.cxx:39 (occt_1157_stress_before:arm64+0x10054d214)
    #8 STEPControl_Writer::STEPControl_Writer() STEPControl_Writer.cxx:37 (occt_1157_stress_before:arm64+0x10054d450)
    #9 runStepWriteIndependent(int, int) occt_1157_stress.cpp:85 (occt_1157_stress_before:arm64+0x100000ad8)
    #10 void* std::__1::__thread_proxy[abi:nqe210106]<std::__1::tuple<std::__1::unique_ptr<std::__1::__thread_struct, std::__1::default_delete<std::__1::__thread_struct>>, void (*)(int, int), int, int>>(void*) thread.h:168 (occt_1157_stress_before:arm64+0x100006494)

  Location is heap block of size 816 at 0x000110707a80 allocated by thread T2:
    #0 calloc <null> (libclang_rt.tsan_osx_dynamic.dylib:arm64e+0x67c40)
    #1 Standard::Allocate(unsigned long) Standard.cxx:386 (occt_1157_stress_before:arm64+0x1008bed34)
    #2 NCollection_BaseMap::BeginResize(unsigned long, unsigned long&, NCollection_ListNode**&, NCollection_ListNode**&) const NCollection_BaseMap.cxx:42 (occt_1157_stress_before:arm64+0x1008df8cc)
    #3 NCollection_DataMap<TCollection_AsciiString, opencascade::handle<Standard_Transient>, NCollection_DefaultHasher<TCollection_AsciiString>>::ReSize(unsigned long) NCollection_DataMap.hxx:365 (occt_1157_stress_before:arm64+0x100840088)
    #4 std::__1::conditional<false, opencascade::handle<Standard_Transient>&, bool>::type NCollection_DataMap<TCollection_AsciiString, opencascade::handle<Standard_Transient>, NCollection_DefaultHasher<TCollection_AsciiString>>::emplaceImpl<TCollection_AsciiString, false, false, opencascade::handle<Standard_Transient> const&>(TCollection_AsciiString&&, std::__1::integral_constant<bool, false>, std::__1::integral_constant<bool, false>, opencascade::handle<Standard_Transient> const&) NCollection_DataMap.hxx:795 (occt_1157_stress_before:arm64+0x10083fcbc)
    #5 Interface_Static::Init(char const*, char const*, Interface_ParamType, char const*) Interface_Static.cxx:183 (occt_1157_stress_before:arm64+0x10133e614)
    #6 Interface_Static::Init(char const*, char const*, char, char const*) Interface_Static.cxx:275 (occt_1157_stress_before:arm64+0x10133eb34)
    #7 Interface_Static::Standards() Interface_StaticStandards.cxx:33 (occt_1157_stress_before:arm64+0x101340ab8)
    #8 XSControl_Controller::XSControl_Controller(char const*, char const*) XSControl_Controller.cxx:69 (occt_1157_stress_before:arm64+0x1013d512c)
    #9 STEPControl_Controller::STEPControl_Controller() STEPControl_Controller.cxx:59 (occt_1157_stress_before:arm64+0x10053f6f4)
    #10 STEPControl_Controller::Init() STEPControl_Controller.cxx:494 (occt_1157_stress_before:arm64+0x1005434f0)
    #11 STEPControl_Writer::STEPControl_Writer() STEPControl_Writer.cxx:38 (occt_1157_stress_before:arm64+0x10054d1d4)
    #12 STEPControl_Writer::STEPControl_Writer() STEPControl_Writer.cxx:37 (occt_1157_stress_before:arm64+0x10054d450)
    #13 runStepWriteIndependent(int, int) occt_1157_stress.cpp:85 (occt_1157_stress_before:arm64+0x100000ad8)
    #14 void* std::__1::__thread_proxy[abi:nqe210106]<std::__1::tuple<std::__1::unique_ptr<std::__1::__thread_struct, std::__1::default_delete<std::__1::__thread_struct>>, void (*)(int, int), int, int>>(void*) thread.h:168 (occt_1157_stress_before:arm64+0x100006494)

  Mutex M0 (0x000104b2d358) created at:
    #0 pthread_mutex_lock <null> (libclang_rt.tsan_osx_dynamic.dylib:arm64e+0x356bc)
    #1 std::__1::mutex::lock() <null> (libc++.1.dylib:arm64e+0x300c)
    #2 STEPControl_Writer::SetWS(opencascade::handle<XSControl_WorkSession> const&, bool) STEPControl_Writer.cxx:56 (occt_1157_stress_before:arm64+0x10054d38c)
    #3 STEPControl_Writer::STEPControl_Writer() STEPControl_Writer.cxx:39 (occt_1157_stress_before:arm64+0x10054d214)
    #4 STEPControl_Writer::STEPControl_Writer() STEPControl_Writer.cxx:37 (occt_1157_stress_before:arm64+0x10054d450)
    #5 runStepWriteIndependent(int, int) occt_1157_stress.cpp:85 (occt_1157_stress_before:arm64+0x100000ad8)
    #6 void* std::__1::__thread_proxy[abi:nqe210106]<std::__1::tuple<std::__1::unique_ptr<std::__1::__thread_struct, std::__1::default_delete<std::__1::__thread_struct>>, void (*)(int, int), int, int>>(void*) thread.h:168 (occt_1157_stress_before:arm64+0x100006494)

  Thread T3 (tid=352293, running) created by main thread at:
    #0 pthread_create <null> (libclang_rt.tsan_osx_dynamic.dylib:arm64e+0x33834)
    #1 std::__1::thread::thread[abi:nqe210106]<void (*&)(int, int), int&, int&, 0>(void (*&)(int, int), int&, int&) thread.h:216 (occt_1157_stress_before:arm64+0x10000635c)
    #2 std::__1::thread* std::__1::vector<std::__1::thread, std::__1::allocator<std::__1::thread>>::__emplace_back_slow_path<void (*&)(int, int), int&, int&>(void (*&)(int, int), int&, int&) vector.h:1130 (occt_1157_stress_before:arm64+0x100006118)
    #3 runOne(char const*, int, int) occt_1157_stress.cpp:343 (occt_1157_stress_before:arm64+0x1000039d8)
    #4 main occt_1157_stress.cpp:380 (occt_1157_stress_before:arm64+0x100002e08)

  Thread T1 (tid=352291, running) created by main thread at:
    #0 pthread_create <null> (libclang_rt.tsan_osx_dynamic.dylib:arm64e+0x33834)
    #1 std::__1::thread::thread[abi:nqe210106]<void (*&)(int, int), int&, int&, 0>(void (*&)(int, int), int&, int&) thread.h:216 (occt_1157_stress_before:arm64+0x10000635c)
    #2 std::__1::thread* std::__1::vector<std::__1::thread, std::__1::allocator<std::__1::thread>>::__emplace_back_slow_path<void (*&)(int, int), int&, int&>(void (*&)(int, int), int&, int&) vector.h:1130 (occt_1157_stress_before:arm64+0x100006118)
    #3 runOne(char const*, int, int) occt_1157_stress.cpp:343 (occt_1157_stress_before:arm64+0x1000039d8)
    #4 main occt_1157_stress.cpp:380 (occt_1157_stress_before:arm64+0x100002e08)

  Thread T2 (tid=352292, running) created by main thread at:
    #0 pthread_create <null> (libclang_rt.tsan_osx_dynamic.dylib:arm64e+0x33834)
    #1 std::__1::thread::thread[abi:nqe210106]<void (*&)(int, int), int&, int&, 0>(void (*&)(int, int), int&, int&) thread.h:216 (occt_1157_stress_before:arm64+0x10000635c)
    #2 std::__1::thread* std::__1::vector<std::__1::thread, std::__1::allocator<std::__1::thread>>::__emplace_back_slow_path<void (*&)(int, int), int&, int&>(void (*&)(int, int), int&, int&) vector.h:1130 (occt_1157_stress_before:arm64+0x100006118)
    #3 runOne(char const*, int, int) occt_1157_stress.cpp:343 (occt_1157_stress_before:arm64+0x1000039d8)
    #4 main occt_1157_stress.cpp:380 (occt_1157_stress_before:arm64+0x100002e08)

SUMMARY: ThreadSanitizer: data race NCollection_DataMap.hxx:810 in std::__1::conditional<false, opencascade::handle<Standard_Transient>&, bool>::type NCollection_DataMap<TCollection_AsciiString, opencascade::handle<Standard_Transient>, NCollection_DefaultHasher<TCollection_AsciiString>>::emplaceImpl<TCollection_AsciiString, false, false, opencascade::handle<Standard_Transient> const&>(TCollection_AsciiString&&, std::__1::integral_constant<bool, false>, std::__1::integral_constant<bool, false>, opencascade::handle<Standard_Transient> const&)
==================
WARNING: ThreadSanitizer: data race (pid=70754)
  Write of size 4 at 0x00010ed0b9e8 by thread T6:
    #0 STEPControl_ActorWrite::SetGroupMode(int) STEPControl_ActorWrite.cxx:473 (occt_1157_stress_before:arm64+0x10052bd98)
    #1 STEPControl_Writer::Transfer(TopoDS_Shape const&, STEPControl_StepModelType, DESTEP_Parameters const&, bool, Message_ProgressRange const&) STEPControl_Writer.cxx:156 (occt_1157_stress_before:arm64+0x10054e078)
    #2 STEPControl_Writer::Transfer(TopoDS_Shape const&, STEPControl_StepModelType, bool, Message_ProgressRange const&) STEPControl_Writer.cxx:111 (occt_1157_stress_before:arm64+0x10054db44)
    #3 runStepWriteIndependent(int, int) occt_1157_stress.cpp:88 (occt_1157_stress_before:arm64+0x100000b14)
    #4 void* std::__1::__thread_proxy[abi:nqe210106]<std::__1::tuple<std::__1::unique_ptr<std::__1::__thread_struct, std::__1::default_delete<std::__1::__thread_struct>>, void (*)(int, int), int, int>>(void*) thread.h:168 (occt_1157_stress_before:arm64+0x100006494)

  Previous write of size 4 at 0x00010ed0b9e8 by thread T1:
    #0 STEPControl_ActorWrite::SetGroupMode(int) STEPControl_ActorWrite.cxx:473 (occt_1157_stress_before:arm64+0x10052bd98)
    #1 STEPControl_Writer::Transfer(TopoDS_Shape const&, STEPControl_StepModelType, DESTEP_Parameters const&, bool, Message_ProgressRange const&) STEPControl_Writer.cxx:156 (occt_1157_stress_before:arm64+0x10054e078)
    #2 STEPControl_Writer::Transfer(TopoDS_Shape const&, STEPControl_StepModelType, bool, Message_ProgressRange const&) STEPControl_Writer.cxx:111 (occt_1157_stress_before:arm64+0x10054db44)
    #3 runStepWriteIndependent(int, int) occt_1157_stress.cpp:88 (occt_1157_stress_before:arm64+0x100000b14)
    #4 void* std::__1::__thread_proxy[abi:nqe210106]<std::__1::tuple<std::__1::unique_ptr<std::__1::__thread_struct, std::__1::default_delete<std::__1::__thread_struct>>, void (*)(int, int), int, int>>(void*) thread.h:168 (occt_1157_stress_before:arm64+0x100006494)

  Location is heap block of size 440 at 0x00010ed0b980 allocated by thread T3:
    #0 calloc <null> (libclang_rt.tsan_osx_dynamic.dylib:arm64e+0x67c40)
    #1 Standard::Allocate(unsigned long) Standard.cxx:386 (occt_1157_stress_before:arm64+0x1008bed34)
    #2 STEPControl_Controller::STEPControl_Controller() STEPControl_Controller.cxx:345 (occt_1157_stress_before:arm64+0x100541040)
    #3 STEPControl_Controller::Init() STEPControl_Controller.cxx:494 (occt_1157_stress_before:arm64+0x1005434f0)
    #4 STEPControl_Writer::STEPControl_Writer() STEPControl_Writer.cxx:38 (occt_1157_stress_before:arm64+0x10054d1d4)
    #5 STEPControl_Writer::STEPControl_Writer() STEPControl_Writer.cxx:37 (occt_1157_stress_before:arm64+0x10054d450)
    #6 runStepWriteIndependent(int, int) occt_1157_stress.cpp:85 (occt_1157_stress_before:arm64+0x100000ad8)
    #7 void* std::__1::__thread_proxy[abi:nqe210106]<std::__1::tuple<std::__1::unique_ptr<std::__1::__thread_struct, std::__1::default_delete<std::__1::__thread_struct>>, void (*)(int, int), int, int>>(void*) thread.h:168 (occt_1157_stress_before:arm64+0x100006494)

  Thread T6 (tid=352296, running) created by main thread at:
    #0 pthread_create <null> (libclang_rt.tsan_osx_dynamic.dylib:arm64e+0x33834)
    #1 std::__1::thread::thread[abi:nqe210106]<void (*&)(int, int), int&, int&, 0>(void (*&)(int, int), int&, int&) thread.h:216 (occt_1157_stress_before:arm64+0x10000635c)
    #2 runOne(char const*, int, int) occt_1157_stress.cpp:343 (occt_1157_stress_before:arm64+0x1000039b0)
    #3 main occt_1157_stress.cpp:380 (occt_1157_stress_before:arm64+0x100002e08)

  Thread T1 (tid=352291, running) created by main thread at:
    #0 pthread_create <null> (libclang_rt.tsan_osx_dynamic.dylib:arm64e+0x33834)
    #1 std::__1::thread::thread[abi:nqe210106]<void (*&)(int, int), int&, int&, 0>(void (*&)(int, int), int&, int&) thread.h:216 (occt_1157_stress_before:arm64+0x10000635c)
    #2 std::__1::thread* std::__1::vector<std::__1::thread, std::__1::allocator<std::__1::thread>>::__emplace_back_slow_path<void (*&)(int, int), int&, int&>(void (*&)(int, int), int&, int&) vector.h:1130 (occt_1157_stress_before:arm64+0x100006118)
    #3 runOne(char const*, int, int) occt_1157_stress.cpp:343 (occt_1157_stress_before:arm64+0x1000039d8)
    #4 main occt_1157_stress.cpp:380 (occt_1157_stress_before:arm64+0x100002e08)

  Thread T3 (tid=352293, running) created by main thread at:
    #0 pthread_create <null> (libclang_rt.tsan_osx_dynamic.dylib:arm64e+0x33834)
    #1 std::__1::thread::thread[abi:nqe210106]<void (*&)(int, int), int&, int&, 0>(void (*&)(int, int), int&, int&) thread.h:216 (occt_1157_stress_before:arm64+0x10000635c)
    #2 std::__1::thread* std::__1::vector<std::__1::thread, std::__1::allocator<std::__1::thread>>::__emplace_back_slow_path<void (*&)(int, int), int&, int&>(void (*&)(int, int), int&, int&) vector.h:1130 (occt_1157_stress_before:arm64+0x100006118)
    #3 runOne(char const*, int, int) occt_1157_stress.cpp:343 (occt_1157_stress_before:arm64+0x1000039d8)
    #4 main occt_1157_stress.cpp:380 (occt_1157_stress_before:arm64+0x100002e08)

SUMMARY: ThreadSanitizer: data race STEPControl_ActorWrite.cxx:473 in STEPControl_ActorWrite::SetGroupMode(int)
==================
WARNING: ThreadSanitizer: data race (pid=70754)
  Write of size 8 at 0x000110707d08 by thread T3:
    #0 std::__1::conditional<false, opencascade::handle<Standard_Transient>&, bool>::type NCollection_DataMap<TCollection_AsciiString, opencascade::handle<Standard_Transient>, NCollection_DefaultHasher<TCollection_AsciiString>>::emplaceImpl<TCollection_AsciiString, false, false, opencascade::handle<Standard_Transient> const&>(TCollection_AsciiString&&, std::__1::integral_constant<bool, false>, std::__1::integral_constant<bool, false>, opencascade::handle<Standard_Transient> const&) NCollection_DataMap.hxx:810 (occt_1157_stress_before:arm64+0x10083fe04)
    #1 Interface_Static::Init(char const*, char const*, Interface_ParamType, char const*) Interface_Static.cxx:183 (occt_1157_stress_before:arm64+0x10133e614)
    #2 Interface_Static::Init(char const*, char const*, char, char const*) Interface_Static.cxx:275 (occt_1157_stress_before:arm64+0x10133eb34)
    #3 XSAlgo::Init() XSAlgo.cxx:49 (occt_1157_stress_before:arm64+0x1013f6ae4)
    #4 STEPControl_Controller::Init() STEPControl_Controller.cxx:496 (occt_1157_stress_before:arm64+0x10054353c)
    #5 STEPControl_Writer::STEPControl_Writer() STEPControl_Writer.cxx:38 (occt_1157_stress_before:arm64+0x10054d1d4)
    #6 STEPControl_Writer::STEPControl_Writer() STEPControl_Writer.cxx:37 (occt_1157_stress_before:arm64+0x10054d450)
    #7 runStepWriteIndependent(int, int) occt_1157_stress.cpp:85 (occt_1157_stress_before:arm64+0x100000ad8)
    #8 void* std::__1::__thread_proxy[abi:nqe210106]<std::__1::tuple<std::__1::unique_ptr<std::__1::__thread_struct, std::__1::default_delete<std::__1::__thread_struct>>, void (*)(int, int), int, int>>(void*) thread.h:168 (occt_1157_stress_before:arm64+0x100006494)

  Previous read of size 8 at 0x000110707d08 by thread T7 (mutexes: write M0):
    #0 Interface_Static::Items(int, char const*) Interface_Static.cxx:554 (occt_1157_stress_before:arm64+0x10133fefc)
    #1 XSControl_Controller::Customise(opencascade::handle<XSControl_WorkSession>&) XSControl_Controller.cxx:495 (occt_1157_stress_before:arm64+0x1013d8634)
    #2 STEPControl_Controller::Customise(opencascade::handle<XSControl_WorkSession>&) STEPControl_Controller.cxx:506 (occt_1157_stress_before:arm64+0x1005436a0)
    #3 XSControl_WorkSession::SetController(opencascade::handle<XSControl_Controller> const&) XSControl_WorkSession.cxx:122 (occt_1157_stress_before:arm64+0x1013f3418)
    #4 XSControl_WorkSession::SelectNorm(char const*) XSControl_WorkSession.cxx:102 (occt_1157_stress_before:arm64+0x1013f315c)
    #5 STEPControl_Writer::SetWS(opencascade::handle<XSControl_WorkSession> const&, bool) STEPControl_Writer.cxx:56 (occt_1157_stress_before:arm64+0x10054d38c)
    #6 STEPControl_Writer::STEPControl_Writer() STEPControl_Writer.cxx:39 (occt_1157_stress_before:arm64+0x10054d214)
    #7 STEPControl_Writer::STEPControl_Writer() STEPControl_Writer.cxx:37 (occt_1157_stress_before:arm64+0x10054d450)
    #8 runStepWriteIndependent(int, int) occt_1157_stress.cpp:85 (occt_1157_stress_before:arm64+0x100000ad8)
    #9 void* std::__1::__thread_proxy[abi:nqe210106]<std::__1::tuple<std::__1::unique_ptr<std::__1::__thread_struct, std::__1::default_delete<std::__1::__thread_struct>>, void (*)(int, int), int, int>>(void*) thread.h:168 (occt_1157_stress_before:arm64+0x100006494)

  Location is heap block of size 816 at 0x000110707a80 allocated by thread T2:
    #0 calloc <null> (libclang_rt.tsan_osx_dynamic.dylib:arm64e+0x67c40)
    #1 Standard::Allocate(unsigned long) Standard.cxx:386 (occt_1157_stress_before:arm64+0x1008bed34)
    #2 NCollection_BaseMap::BeginResize(unsigned long, unsigned long&, NCollection_ListNode**&, NCollection_ListNode**&) const NCollection_BaseMap.cxx:42 (occt_1157_stress_before:arm64+0x1008df8cc)
    #3 NCollection_DataMap<TCollection_AsciiString, opencascade::handle<Standard_Transient>, NCollection_DefaultHasher<TCollection_AsciiString>>::ReSize(unsigned long) NCollection_DataMap.hxx:365 (occt_1157_stress_before:arm64+0x100840088)
    #4 std::__1::conditional<false, opencascade::handle<Standard_Transient>&, bool>::type NCollection_DataMap<TCollection_AsciiString, opencascade::handle<Standard_Transient>, NCollection_DefaultHasher<TCollection_AsciiString>>::emplaceImpl<TCollection_AsciiString, false, false, opencascade::handle<Standard_Transient> const&>(TCollection_AsciiString&&, std::__1::integral_constant<bool, false>, std::__1::integral_constant<bool, false>, opencascade::handle<Standard_Transient> const&) NCollection_DataMap.hxx:795 (occt_1157_stress_before:arm64+0x10083fcbc)
    #5 Interface_Static::Init(char const*, char const*, Interface_ParamType, char const*) Interface_Static.cxx:183 (occt_1157_stress_before:arm64+0x10133e614)
    #6 Interface_Static::Init(char const*, char const*, char, char const*) Interface_Static.cxx:275 (occt_1157_stress_before:arm64+0x10133eb34)
    #7 Interface_Static::Standards() Interface_StaticStandards.cxx:33 (occt_1157_stress_before:arm64+0x101340ab8)
    #8 XSControl_Controller::XSControl_Controller(char const*, char const*) XSControl_Controller.cxx:69 (occt_1157_stress_before:arm64+0x1013d512c)
    #9 STEPControl_Controller::STEPControl_Controller() STEPControl_Controller.cxx:59 (occt_1157_stress_before:arm64+0x10053f6f4)
    #10 STEPControl_Controller::Init() STEPControl_Controller.cxx:494 (occt_1157_stress_before:arm64+0x1005434f0)
    #11 STEPControl_Writer::STEPControl_Writer() STEPControl_Writer.cxx:38 (occt_1157_stress_before:arm64+0x10054d1d4)
    #12 STEPControl_Writer::STEPControl_Writer() STEPControl_Writer.cxx:37 (occt_1157_stress_before:arm64+0x10054d450)
    #13 runStepWriteIndependent(int, int) occt_1157_stress.cpp:85 (occt_1157_stress_before:arm64+0x100000ad8)
    #14 void* std::__1::__thread_proxy[abi:nqe210106]<std::__1::tuple<std::__1::unique_ptr<std::__1::__thread_struct, std::__1::default_delete<std::__1::__thread_struct>>, void (*)(int, int), int, int>>(void*) thread.h:168 (occt_1157_stress_before:arm64+0x100006494)

  Mutex M0 (0x000104b2d358) created at:
    #0 pthread_mutex_lock <null> (libclang_rt.tsan_osx_dynamic.dylib:arm64e+0x356bc)
    #1 std::__1::mutex::lock() <null> (libc++.1.dylib:arm64e+0x300c)
    #2 STEPControl_Writer::SetWS(opencascade::handle<XSControl_WorkSession> const&, bool) STEPControl_Writer.cxx:56 (occt_1157_stress_before:arm64+0x10054d38c)
    #3 STEPControl_Writer::STEPControl_Writer() STEPControl_Writer.cxx:39 (occt_1157_stress_before:arm64+0x10054d214)
    #4 STEPControl_Writer::STEPControl_Writer() STEPControl_Writer.cxx:37 (occt_1157_stress_before:arm64+0x10054d450)
    #5 runStepWriteIndependent(int, int) occt_1157_stress.cpp:85 (occt_1157_stress_before:arm64+0x100000ad8)
    #6 void* std::__1::__thread_proxy[abi:nqe210106]<std::__1::tuple<std::__1::unique_ptr<std::__1::__thread_struct, std::__1::default_delete<std::__1::__thread_struct>>, void (*)(int, int), int, int>>(void*) thread.h:168 (occt_1157_stress_before:arm64+0x100006494)

  Thread T3 (tid=352293, running) created by main thread at:
    #0 pthread_create <null> (libclang_rt.tsan_osx_dynamic.dylib:arm64e+0x33834)
    #1 std::__1::thread::thread[abi:nqe210106]<void (*&)(int, int), int&, int&, 0>(void (*&)(int, int), int&, int&) thread.h:216 (occt_1157_stress_before:arm64+0x10000635c)
    #2 std::__1::thread* std::__1::vector<std::__1::thread, std::__1::allocator<std::__1::thread>>::__emplace_back_slow_path<void (*&)(int, int), int&, int&>(void (*&)(int, int), int&, int&) vector.h:1130 (occt_1157_stress_before:arm64+0x100006118)
    #3 runOne(char const*, int, int) occt_1157_stress.cpp:343 (occt_1157_stress_before:arm64+0x1000039d8)
    #4 main occt_1157_stress.cpp:380 (occt_1157_stress_before:arm64+0x100002e08)

  Thread T7 (tid=352297, running) created by main thread at:
    #0 pthread_create <null> (libclang_rt.tsan_osx_dynamic.dylib:arm64e+0x33834)
    #1 std::__1::thread::thread[abi:nqe210106]<void (*&)(int, int), int&, int&, 0>(void (*&)(int, int), int&, int&) thread.h:216 (occt_1157_stress_before:arm64+0x10000635c)
    #2 runOne(char const*, int, int) occt_1157_stress.cpp:343 (occt_1157_stress_before:arm64+0x1000039b0)
    #3 main occt_1157_stress.cpp:380 (occt_1157_stress_before:arm64+0x100002e08)

  Thread T2 (tid=352292, running) created by main thread at:
    #0 pthread_create <null> (libclang_rt.tsan_osx_dynamic.dylib:arm64e+0x33834)
    #1 std::__1::thread::thread[abi:nqe210106]<void (*&)(int, int), int&, int&, 0>(void (*&)(int, int), int&, int&) thread.h:216 (occt_1157_stress_before:arm64+0x10000635c)
    #2 std::__1::thread* std::__1::vector<std::__1::thread, std::__1::allocator<std::__1::thread>>::__emplace_back_slow_path<void (*&)(int, int), int&, int&>(void (*&)(int, int), int&, int&) vector.h:1130 (occt_1157_stress_before:arm64+0x100006118)
    #3 runOne(char const*, int, int) occt_1157_stress.cpp:343 (occt_1157_stress_before:arm64+0x1000039d8)
    #4 main occt_1157_stress.cpp:380 (occt_1157_stress_before:arm64+0x100002e08)

SUMMARY: ThreadSanitizer: data race NCollection_DataMap.hxx:810 in std::__1::conditional<false, opencascade::handle<Standard_Transient>&, bool>::type NCollection_DataMap<TCollection_AsciiString, opencascade::handle<Standard_Transient>, NCollection_DefaultHasher<TCollection_AsciiString>>::emplaceImpl<TCollection_AsciiString, false, false, opencascade::handle<Standard_Transient> const&>(TCollection_AsciiString&&, std::__1::integral_constant<bool, false>, std::__1::integral_constant<bool, false>, opencascade::handle<Standard_Transient> const&)
==================
WARNING: ThreadSanitizer: data race (pid=70754)
  Read of size 8 at 0x00010e819e68 by thread T8 (mutexes: write M0):
    #0 Interface_Static::Items(int, char const*) Interface_Static.cxx:556 (occt_1157_stress_before:arm64+0x10133fe60)
    #1 XSControl_Controller::Customise(opencascade::handle<XSControl_WorkSession>&) XSControl_Controller.cxx:495 (occt_1157_stress_before:arm64+0x1013d8634)
    #2 STEPControl_Controller::Customise(opencascade::handle<XSControl_WorkSession>&) STEPControl_Controller.cxx:506 (occt_1157_stress_before:arm64+0x1005436a0)
    #3 XSControl_WorkSession::SetController(opencascade::handle<XSControl_Controller> const&) XSControl_WorkSession.cxx:122 (occt_1157_stress_before:arm64+0x1013f3418)
    #4 XSControl_WorkSession::SelectNorm(char const*) XSControl_WorkSession.cxx:102 (occt_1157_stress_before:arm64+0x1013f315c)
    #5 STEPControl_Writer::SetWS(opencascade::handle<XSControl_WorkSession> const&, bool) STEPControl_Writer.cxx:56 (occt_1157_stress_before:arm64+0x10054d38c)
    #6 STEPControl_Writer::STEPControl_Writer() STEPControl_Writer.cxx:39 (occt_1157_stress_before:arm64+0x10054d214)
    #7 STEPControl_Writer::STEPControl_Writer() STEPControl_Writer.cxx:37 (occt_1157_stress_before:arm64+0x10054d450)
    #8 runStepWriteIndependent(int, int) occt_1157_stress.cpp:85 (occt_1157_stress_before:arm64+0x100000ad8)
    #9 void* std::__1::__thread_proxy[abi:nqe210106]<std::__1::tuple<std::__1::unique_ptr<std::__1::__thread_struct, std::__1::default_delete<std::__1::__thread_struct>>, void (*)(int, int), int, int>>(void*) thread.h:168 (occt_1157_stress_before:arm64+0x100006494)

  Previous write of size 8 at 0x00010e819e68 by thread T3:
    #0 std::__1::conditional<false, opencascade::handle<Standard_Transient>&, bool>::type NCollection_DataMap<TCollection_AsciiString, opencascade::handle<Standard_Transient>, NCollection_DefaultHasher<TCollection_AsciiString>>::emplaceImpl<TCollection_AsciiString, false, false, opencascade::handle<Standard_Transient> const&>(TCollection_AsciiString&&, std::__1::integral_constant<bool, false>, std::__1::integral_constant<bool, false>, opencascade::handle<Standard_Transient> const&) NCollection_DataMap.hxx:810 (occt_1157_stress_before:arm64+0x10083fdc8)
    #1 Interface_Static::Init(char const*, char const*, Interface_ParamType, char const*) Interface_Static.cxx:183 (occt_1157_stress_before:arm64+0x10133e614)
    #2 Interface_Static::Init(char const*, char const*, char, char const*) Interface_Static.cxx:275 (occt_1157_stress_before:arm64+0x10133eb34)
    #3 XSAlgo::Init() XSAlgo.cxx:42 (occt_1157_stress_before:arm64+0x1013f6a54)
    #4 STEPControl_Controller::Init() STEPControl_Controller.cxx:496 (occt_1157_stress_before:arm64+0x10054353c)
    #5 STEPControl_Writer::STEPControl_Writer() STEPControl_Writer.cxx:38 (occt_1157_stress_before:arm64+0x10054d1d4)
    #6 STEPControl_Writer::STEPControl_Writer() STEPControl_Writer.cxx:37 (occt_1157_stress_before:arm64+0x10054d450)
    #7 runStepWriteIndependent(int, int) occt_1157_stress.cpp:85 (occt_1157_stress_before:arm64+0x100000ad8)
    #8 void* std::__1::__thread_proxy[abi:nqe210106]<std::__1::tuple<std::__1::unique_ptr<std::__1::__thread_struct, std::__1::default_delete<std::__1::__thread_struct>>, void (*)(int, int), int, int>>(void*) thread.h:168 (occt_1157_stress_before:arm64+0x100006494)

  Location is heap block of size 32 at 0x00010e819e60 allocated by thread T3:
    #0 calloc <null> (libclang_rt.tsan_osx_dynamic.dylib:arm64e+0x67c40)
    #1 Standard::Allocate(unsigned long) Standard.cxx:386 (occt_1157_stress_before:arm64+0x1008bed34)
    #2 NCollection_BaseAllocator::Allocate(unsigned long) NCollection_BaseAllocator.cxx:22 (occt_1157_stress_before:arm64+0x1008de93c)
    #3 std::__1::conditional<false, opencascade::handle<Standard_Transient>&, bool>::type NCollection_DataMap<TCollection_AsciiString, opencascade::handle<Standard_Transient>, NCollection_DefaultHasher<TCollection_AsciiString>>::emplaceImpl<TCollection_AsciiString, false, false, opencascade::handle<Standard_Transient> const&>(TCollection_AsciiString&&, std::__1::integral_constant<bool, false>, std::__1::integral_constant<bool, false>, opencascade::handle<Standard_Transient> const&) NCollection_DataMap.hxx:810 (occt_1157_stress_before:arm64+0x10083fd88)
    #4 Interface_Static::Init(char const*, char const*, Interface_ParamType, char const*) Interface_Static.cxx:183 (occt_1157_stress_before:arm64+0x10133e614)
    #5 Interface_Static::Init(char const*, char const*, char, char const*) Interface_Static.cxx:275 (occt_1157_stress_before:arm64+0x10133eb34)
    #6 XSAlgo::Init() XSAlgo.cxx:42 (occt_1157_stress_before:arm64+0x1013f6a54)
    #7 STEPControl_Controller::Init() STEPControl_Controller.cxx:496 (occt_1157_stress_before:arm64+0x10054353c)
    #8 STEPControl_Writer::STEPControl_Writer() STEPControl_Writer.cxx:38 (occt_1157_stress_before:arm64+0x10054d1d4)
    #9 STEPControl_Writer::STEPControl_Writer() STEPControl_Writer.cxx:37 (occt_1157_stress_before:arm64+0x10054d450)
    #10 runStepWriteIndependent(int, int) occt_1157_stress.cpp:85 (occt_1157_stress_before:arm64+0x100000ad8)
    #11 void* std::__1::__thread_proxy[abi:nqe210106]<std::__1::tuple<std::__1::unique_ptr<std::__1::__thread_struct, std::__1::default_delete<std::__1::__thread_struct>>, void (*)(int, int), int, int>>(void*) thread.h:168 (occt_1157_stress_before:arm64+0x100006494)

  Mutex M0 (0x000104b2d358) created at:
    #0 pthread_mutex_lock <null> (libclang_rt.tsan_osx_dynamic.dylib:arm64e+0x356bc)
    #1 std::__1::mutex::lock() <null> (libc++.1.dylib:arm64e+0x300c)
    #2 STEPControl_Writer::SetWS(opencascade::handle<XSControl_WorkSession> const&, bool) STEPControl_Writer.cxx:56 (occt_1157_stress_before:arm64+0x10054d38c)
    #3 STEPControl_Writer::STEPControl_Writer() STEPControl_Writer.cxx:39 (occt_1157_stress_before:arm64+0x10054d214)
    #4 STEPControl_Writer::STEPControl_Writer() STEPControl_Writer.cxx:37 (occt_1157_stress_before:arm64+0x10054d450)
    #5 runStepWriteIndependent(int, int) occt_1157_stress.cpp:85 (occt_1157_stress_before:arm64+0x100000ad8)
    #6 void* std::__1::__thread_proxy[abi:nqe210106]<std::__1::tuple<std::__1::unique_ptr<std::__1::__thread_struct, std::__1::default_delete<std::__1::__thread_struct>>, void (*)(int, int), int, int>>(void*) thread.h:168 (occt_1157_stress_before:arm64+0x100006494)

  Thread T8 (tid=352298, running) created by main thread at:
    #0 pthread_create <null> (libclang_rt.tsan_osx_dynamic.dylib:arm64e+0x33834)
    #1 std::__1::thread::thread[abi:nqe210106]<void (*&)(int, int), int&, int&, 0>(void (*&)(int, int), int&, int&) thread.h:216 (occt_1157_stress_before:arm64+0x10000635c)
    #2 runOne(char const*, int, int) occt_1157_stress.cpp:343 (occt_1157_stress_before:arm64+0x1000039b0)
    #3 main occt_1157_stress.cpp:380 (occt_1157_stress_before:arm64+0x100002e08)

  Thread T3 (tid=352293, running) created by main thread at:
    #0 pthread_create <null> (libclang_rt.tsan_osx_dynamic.dylib:arm64e+0x33834)
    #1 std::__1::thread::thread[abi:nqe210106]<void (*&)(int, int), int&, int&, 0>(void (*&)(int, int), int&, int&) thread.h:216 (occt_1157_stress_before:arm64+0x10000635c)
    #2 std::__1::thread* std::__1::vector<std::__1::thread, std::__1::allocator<std::__1::thread>>::__emplace_back_slow_path<void (*&)(int, int), int&, int&>(void (*&)(int, int), int&, int&) vector.h:1130 (occt_1157_stress_before:arm64+0x100006118)
    #3 runOne(char const*, int, int) occt_1157_stress.cpp:343 (occt_1157_stress_before:arm64+0x1000039d8)
    #4 main occt_1157_stress.cpp:380 (occt_1157_stress_before:arm64+0x100002e08)

SUMMARY: ThreadSanitizer: data race Interface_Static.cxx:556 in Interface_Static::Items(int, char const*)
==================
WARNING: ThreadSanitizer: data race (pid=70754)
  Atomic write of size 4 at 0x00010fd14408 by thread T8 (mutexes: write M0):
    #0 Interface_Static::Items(int, char const*) Interface_Static.cxx:556 (occt_1157_stress_before:arm64+0x10133fea0)
    #1 XSControl_Controller::Customise(opencascade::handle<XSControl_WorkSession>&) XSControl_Controller.cxx:495 (occt_1157_stress_before:arm64+0x1013d8634)
    #2 STEPControl_Controller::Customise(opencascade::handle<XSControl_WorkSession>&) STEPControl_Controller.cxx:506 (occt_1157_stress_before:arm64+0x1005436a0)
    #3 XSControl_WorkSession::SetController(opencascade::handle<XSControl_Controller> const&) XSControl_WorkSession.cxx:122 (occt_1157_stress_before:arm64+0x1013f3418)
    #4 XSControl_WorkSession::SelectNorm(char const*) XSControl_WorkSession.cxx:102 (occt_1157_stress_before:arm64+0x1013f315c)
    #5 STEPControl_Writer::SetWS(opencascade::handle<XSControl_WorkSession> const&, bool) STEPControl_Writer.cxx:56 (occt_1157_stress_before:arm64+0x10054d38c)
    #6 STEPControl_Writer::STEPControl_Writer() STEPControl_Writer.cxx:39 (occt_1157_stress_before:arm64+0x10054d214)
    #7 STEPControl_Writer::STEPControl_Writer() STEPControl_Writer.cxx:37 (occt_1157_stress_before:arm64+0x10054d450)
    #8 runStepWriteIndependent(int, int) occt_1157_stress.cpp:85 (occt_1157_stress_before:arm64+0x100000ad8)
    #9 void* std::__1::__thread_proxy[abi:nqe210106]<std::__1::tuple<std::__1::unique_ptr<std::__1::__thread_struct, std::__1::default_delete<std::__1::__thread_struct>>, void (*)(int, int), int, int>>(void*) thread.h:168 (occt_1157_stress_before:arm64+0x100006494)

  Previous write of size 4 at 0x00010fd14408 by thread T3:
    #0 MoniTool_TypedValue::MoniTool_TypedValue(char const*, MoniTool_ValueType, char const*) MoniTool_TypedValue.cxx:70 (occt_1157_stress_before:arm64+0x10140254c)
    #1 Interface_TypedValue::Interface_TypedValue(char const*, Interface_ParamType, char const*) Interface_TypedValue.cxx:33 (occt_1157_stress_before:arm64+0x101341144)
    #2 Interface_Static::Interface_Static(char const*, char const*, Interface_ParamType, char const*) Interface_Static.cxx:39 (occt_1157_stress_before:arm64+0x10133d464)
    #3 Interface_Static::Init(char const*, char const*, Interface_ParamType, char const*) Interface_Static.cxx:180 (occt_1157_stress_before:arm64+0x10133e45c)
    #4 Interface_Static::Init(char const*, char const*, char, char const*) Interface_Static.cxx:275 (occt_1157_stress_before:arm64+0x10133eb34)
    #5 XSAlgo::Init() XSAlgo.cxx:42 (occt_1157_stress_before:arm64+0x1013f6a54)
    #6 STEPControl_Controller::Init() STEPControl_Controller.cxx:496 (occt_1157_stress_before:arm64+0x10054353c)
    #7 STEPControl_Writer::STEPControl_Writer() STEPControl_Writer.cxx:38 (occt_1157_stress_before:arm64+0x10054d1d4)
    #8 STEPControl_Writer::STEPControl_Writer() STEPControl_Writer.cxx:37 (occt_1157_stress_before:arm64+0x10054d450)
    #9 runStepWriteIndependent(int, int) occt_1157_stress.cpp:85 (occt_1157_stress_before:arm64+0x100000ad8)
    #10 void* std::__1::__thread_proxy[abi:nqe210106]<std::__1::tuple<std::__1::unique_ptr<std::__1::__thread_struct, std::__1::default_delete<std::__1::__thread_struct>>, void (*)(int, int), int, int>>(void*) thread.h:168 (occt_1157_stress_before:arm64+0x100006494)

  Location is heap block of size 648 at 0x00010fd14400 allocated by thread T3:
    #0 calloc <null> (libclang_rt.tsan_osx_dynamic.dylib:arm64e+0x67c40)
    #1 Standard::Allocate(unsigned long) Standard.cxx:386 (occt_1157_stress_before:arm64+0x1008bed34)
    #2 Interface_Static::Init(char const*, char const*, Interface_ParamType, char const*) Interface_Static.cxx:180 (occt_1157_stress_before:arm64+0x10133e444)
    #3 Interface_Static::Init(char const*, char const*, char, char const*) Interface_Static.cxx:275 (occt_1157_stress_before:arm64+0x10133eb34)
    #4 XSAlgo::Init() XSAlgo.cxx:42 (occt_1157_stress_before:arm64+0x1013f6a54)
    #5 STEPControl_Controller::Init() STEPControl_Controller.cxx:496 (occt_1157_stress_before:arm64+0x10054353c)
    #6 STEPControl_Writer::STEPControl_Writer() STEPControl_Writer.cxx:38 (occt_1157_stress_before:arm64+0x10054d1d4)
    #7 STEPControl_Writer::STEPControl_Writer() STEPControl_Writer.cxx:37 (occt_1157_stress_before:arm64+0x10054d450)
    #8 runStepWriteIndependent(int, int) occt_1157_stress.cpp:85 (occt_1157_stress_before:arm64+0x100000ad8)
    #9 void* std::__1::__thread_proxy[abi:nqe210106]<std::__1::tuple<std::__1::unique_ptr<std::__1::__thread_struct, std::__1::default_delete<std::__1::__thread_struct>>, void (*)(int, int), int, int>>(void*) thread.h:168 (occt_1157_stress_before:arm64+0x100006494)

  Mutex M0 (0x000104b2d358) created at:
    #0 pthread_mutex_lock <null> (libclang_rt.tsan_osx_dynamic.dylib:arm64e+0x356bc)
    #1 std::__1::mutex::lock() <null> (libc++.1.dylib:arm64e+0x300c)
    #2 STEPControl_Writer::SetWS(opencascade::handle<XSControl_WorkSession> const&, bool) STEPControl_Writer.cxx:56 (occt_1157_stress_before:arm64+0x10054d38c)
    #3 STEPControl_Writer::STEPControl_Writer() STEPControl_Writer.cxx:39 (occt_1157_stress_before:arm64+0x10054d214)
    #4 STEPControl_Writer::STEPControl_Writer() STEPControl_Writer.cxx:37 (occt_1157_stress_before:arm64+0x10054d450)
    #5 runStepWriteIndependent(int, int) occt_1157_stress.cpp:85 (occt_1157_stress_before:arm64+0x100000ad8)
    #6 void* std::__1::__thread_proxy[abi:nqe210106]<std::__1::tuple<std::__1::unique_ptr<std::__1::__thread_struct, std::__1::default_delete<std::__1::__thread_struct>>, void (*)(int, int), int, int>>(void*) thread.h:168 (occt_1157_stress_before:arm64+0x100006494)

  Thread T8 (tid=352298, running) created by main thread at:
    #0 pthread_create <null> (libclang_rt.tsan_osx_dynamic.dylib:arm64e+0x33834)
    #1 std::__1::thread::thread[abi:nqe210106]<void (*&)(int, int), int&, int&, 0>(void (*&)(int, int), int&, int&) thread.h:216 (occt_1157_stress_before:arm64+0x10000635c)
    #2 runOne(char const*, int, int) occt_1157_stress.cpp:343 (occt_1157_stress_before:arm64+0x1000039b0)
    #3 main occt_1157_stress.cpp:380 (occt_1157_stress_before:arm64+0x100002e08)

  Thread T3 (tid=352293, running) created by main thread at:
    #0 pthread_create <null> (libclang_rt.tsan_osx_dynamic.dylib:arm64e+0x33834)
    #1 std::__1::thread::thread[abi:nqe210106]<void (*&)(int, int), int&, int&, 0>(void (*&)(int, int), int&, int&) thread.h:216 (occt_1157_stress_before:arm64+0x10000635c)
    #2 std::__1::thread* std::__1::vector<std::__1::thread, std::__1::allocator<std::__1::thread>>::__emplace_back_slow_path<void (*&)(int, int), int&, int&>(void (*&)(int, int), int&, int&) vector.h:1130 (occt_1157_stress_before:arm64+0x100006118)
    #3 runOne(char const*, int, int) occt_1157_stress.cpp:343 (occt_1157_stress_before:arm64+0x1000039d8)
    #4 main occt_1157_stress.cpp:380 (occt_1157_stress_before:arm64+0x100002e08)

SUMMARY: ThreadSanitizer: data race Interface_Static.cxx:556 in Interface_Static::Items(int, char const*)
==================
WARNING: ThreadSanitizer: data race (pid=70754)
  Read of size 8 at 0x00010fd145a0 by thread T8 (mutexes: write M0):
    #0 Interface_Static::Items(int, char const*) Interface_Static.cxx:579 (occt_1157_stress_before:arm64+0x10133ff10)
    #1 XSControl_Controller::Customise(opencascade::handle<XSControl_WorkSession>&) XSControl_Controller.cxx:495 (occt_1157_stress_before:arm64+0x1013d8634)
    #2 STEPControl_Controller::Customise(opencascade::handle<XSControl_WorkSession>&) STEPControl_Controller.cxx:506 (occt_1157_stress_before:arm64+0x1005436a0)
    #3 XSControl_WorkSession::SetController(opencascade::handle<XSControl_Controller> const&) XSControl_WorkSession.cxx:122 (occt_1157_stress_before:arm64+0x1013f3418)
    #4 XSControl_WorkSession::SelectNorm(char const*) XSControl_WorkSession.cxx:102 (occt_1157_stress_before:arm64+0x1013f315c)
    #5 STEPControl_Writer::SetWS(opencascade::handle<XSControl_WorkSession> const&, bool) STEPControl_Writer.cxx:56 (occt_1157_stress_before:arm64+0x10054d38c)
    #6 STEPControl_Writer::STEPControl_Writer() STEPControl_Writer.cxx:39 (occt_1157_stress_before:arm64+0x10054d214)
    #7 STEPControl_Writer::STEPControl_Writer() STEPControl_Writer.cxx:37 (occt_1157_stress_before:arm64+0x10054d450)
    #8 runStepWriteIndependent(int, int) occt_1157_stress.cpp:85 (occt_1157_stress_before:arm64+0x100000ad8)
    #9 void* std::__1::__thread_proxy[abi:nqe210106]<std::__1::tuple<std::__1::unique_ptr<std::__1::__thread_struct, std::__1::default_delete<std::__1::__thread_struct>>, void (*)(int, int), int, int>>(void*) thread.h:168 (occt_1157_stress_before:arm64+0x100006494)

  Previous write of size 8 at 0x00010fd145a0 by thread T3:
    #0 TCollection_AsciiString::TCollection_AsciiString(char const*, int) TCollection_AsciiString.hxx:1528 (occt_1157_stress_before:arm64+0x1008ccba4)
    #1 TCollection_AsciiString::TCollection_AsciiString(char const*, int) TCollection_AsciiString.cxx:107 (occt_1157_stress_before:arm64+0x1008ccd0c)
    #2 Interface_Static::Interface_Static(char const*, char const*, Interface_ParamType, char const*) Interface_Static.cxx:40 (occt_1157_stress_before:arm64+0x10133d4a0)
    #3 Interface_Static::Init(char const*, char const*, Interface_ParamType, char const*) Interface_Static.cxx:180 (occt_1157_stress_before:arm64+0x10133e45c)
    #4 Interface_Static::Init(char const*, char const*, char, char const*) Interface_Static.cxx:275 (occt_1157_stress_before:arm64+0x10133eb34)
    #5 XSAlgo::Init() XSAlgo.cxx:42 (occt_1157_stress_before:arm64+0x1013f6a54)
    #6 STEPControl_Controller::Init() STEPControl_Controller.cxx:496 (occt_1157_stress_before:arm64+0x10054353c)
    #7 STEPControl_Writer::STEPControl_Writer() STEPControl_Writer.cxx:38 (occt_1157_stress_before:arm64+0x10054d1d4)
    #8 STEPControl_Writer::STEPControl_Writer() STEPControl_Writer.cxx:37 (occt_1157_stress_before:arm64+0x10054d450)
    #9 runStepWriteIndependent(int, int) occt_1157_stress.cpp:85 (occt_1157_stress_before:arm64+0x100000ad8)
    #10 void* std::__1::__thread_proxy[abi:nqe210106]<std::__1::tuple<std::__1::unique_ptr<std::__1::__thread_struct, std::__1::default_delete<std::__1::__thread_struct>>, void (*)(int, int), int, int>>(void*) thread.h:168 (occt_1157_stress_before:arm64+0x100006494)

  Location is heap block of size 648 at 0x00010fd14400 allocated by thread T3:
    #0 calloc <null> (libclang_rt.tsan_osx_dynamic.dylib:arm64e+0x67c40)
    #1 Standard::Allocate(unsigned long) Standard.cxx:386 (occt_1157_stress_before:arm64+0x1008bed34)
    #2 Interface_Static::Init(char const*, char const*, Interface_ParamType, char const*) Interface_Static.cxx:180 (occt_1157_stress_before:arm64+0x10133e444)
    #3 Interface_Static::Init(char const*, char const*, char, char const*) Interface_Static.cxx:275 (occt_1157_stress_before:arm64+0x10133eb34)
    #4 XSAlgo::Init() XSAlgo.cxx:42 (occt_1157_stress_before:arm64+0x1013f6a54)
    #5 STEPControl_Controller::Init() STEPControl_Controller.cxx:496 (occt_1157_stress_before:arm64+0x10054353c)
    #6 STEPControl_Writer::STEPControl_Writer() STEPControl_Writer.cxx:38 (occt_1157_stress_before:arm64+0x10054d1d4)
    #7 STEPControl_Writer::STEPControl_Writer() STEPControl_Writer.cxx:37 (occt_1157_stress_before:arm64+0x10054d450)
    #8 runStepWriteIndependent(int, int) occt_1157_stress.cpp:85 (occt_1157_stress_before:arm64+0x100000ad8)
    #9 void* std::__1::__thread_proxy[abi:nqe210106]<std::__1::tuple<std::__1::unique_ptr<std::__1::__thread_struct, std::__1::default_delete<std::__1::__thread_struct>>, void (*)(int, int), int, int>>(void*) thread.h:168 (occt_1157_stress_before:arm64+0x100006494)

  Mutex M0 (0x000104b2d358) created at:
    #0 pthread_mutex_lock <null> (libclang_rt.tsan_osx_dynamic.dylib:arm64e+0x356bc)
    #1 std::__1::mutex::lock() <null> (libc++.1.dylib:arm64e+0x300c)
    #2 STEPControl_Writer::SetWS(opencascade::handle<XSControl_WorkSession> const&, bool) STEPControl_Writer.cxx:56 (occt_1157_stress_before:arm64+0x10054d38c)
    #3 STEPControl_Writer::STEPControl_Writer() STEPControl_Writer.cxx:39 (occt_1157_stress_before:arm64+0x10054d214)
    #4 STEPControl_Writer::STEPControl_Writer() STEPControl_Writer.cxx:37 (occt_1157_stress_before:arm64+0x10054d450)
    #5 runStepWriteIndependent(int, int) occt_1157_stress.cpp:85 (occt_1157_stress_before:arm64+0x100000ad8)
    #6 void* std::__1::__thread_proxy[abi:nqe210106]<std::__1::tuple<std::__1::unique_ptr<std::__1::__thread_struct, std::__1::default_delete<std::__1::__thread_struct>>, void (*)(int, int), int, int>>(void*) thread.h:168 (occt_1157_stress_before:arm64+0x100006494)

  Thread T8 (tid=352298, running) created by main thread at:
    #0 pthread_create <null> (libclang_rt.tsan_osx_dynamic.dylib:arm64e+0x33834)
    #1 std::__1::thread::thread[abi:nqe210106]<void (*&)(int, int), int&, int&, 0>(void (*&)(int, int), int&, int&) thread.h:216 (occt_1157_stress_before:arm64+0x10000635c)
    #2 runOne(char const*, int, int) occt_1157_stress.cpp:343 (occt_1157_stress_before:arm64+0x1000039b0)
    #3 main occt_1157_stress.cpp:380 (occt_1157_stress_before:arm64+0x100002e08)

  Thread T3 (tid=352293, running) created by main thread at:
    #0 pthread_create <null> (libclang_rt.tsan_osx_dynamic.dylib:arm64e+0x33834)
    #1 std::__1::thread::thread[abi:nqe210106]<void (*&)(int, int), int&, int&, 0>(void (*&)(int, int), int&, int&) thread.h:216 (occt_1157_stress_before:arm64+0x10000635c)
    #2 std::__1::thread* std::__1::vector<std::__1::thread, std::__1::allocator<std::__1::thread>>::__emplace_back_slow_path<void (*&)(int, int), int&, int&>(void (*&)(int, int), int&, int&) vector.h:1130 (occt_1157_stress_before:arm64+0x100006118)
    #3 runOne(char const*, int, int) occt_1157_stress.cpp:343 (occt_1157_stress_before:arm64+0x1000039d8)
    #4 main occt_1157_stress.cpp:380 (occt_1157_stress_before:arm64+0x100002e08)

SUMMARY: ThreadSanitizer: data race Interface_Static.cxx:579 in Interface_Static::Items(int, char const*)
==================
WARNING: ThreadSanitizer: data race (pid=70754)
  Read of size 4 at 0x00010e819e78 by thread T8 (mutexes: write M0):
    #0 TCollection_AsciiString::TCollection_AsciiString(TCollection_AsciiString const&) TCollection_AsciiString.cxx:164 (occt_1157_stress_before:arm64+0x1008cd6e0)
    #1 TCollection_HAsciiString::TCollection_HAsciiString(TCollection_AsciiString const&) TCollection_HAsciiString.cxx:41 (occt_1157_stress_before:arm64+0x1008dac08)
    #2 Interface_Static::Items(int, char const*) Interface_Static.cxx:595 (occt_1157_stress_before:arm64+0x10133ffac)
    #3 XSControl_Controller::Customise(opencascade::handle<XSControl_WorkSession>&) XSControl_Controller.cxx:495 (occt_1157_stress_before:arm64+0x1013d8634)
    #4 STEPControl_Controller::Customise(opencascade::handle<XSControl_WorkSession>&) STEPControl_Controller.cxx:506 (occt_1157_stress_before:arm64+0x1005436a0)
    #5 XSControl_WorkSession::SetController(opencascade::handle<XSControl_Controller> const&) XSControl_WorkSession.cxx:122 (occt_1157_stress_before:arm64+0x1013f3418)
    #6 XSControl_WorkSession::SelectNorm(char const*) XSControl_WorkSession.cxx:102 (occt_1157_stress_before:arm64+0x1013f315c)
    #7 STEPControl_Writer::SetWS(opencascade::handle<XSControl_WorkSession> const&, bool) STEPControl_Writer.cxx:56 (occt_1157_stress_before:arm64+0x10054d38c)
    #8 STEPControl_Writer::STEPControl_Writer() STEPControl_Writer.cxx:39 (occt_1157_stress_before:arm64+0x10054d214)
    #9 STEPControl_Writer::STEPControl_Writer() STEPControl_Writer.cxx:37 (occt_1157_stress_before:arm64+0x10054d450)
    #10 runStepWriteIndependent(int, int) occt_1157_stress.cpp:85 (occt_1157_stress_before:arm64+0x100000ad8)
    #11 void* std::__1::__thread_proxy[abi:nqe210106]<std::__1::tuple<std::__1::unique_ptr<std::__1::__thread_struct, std::__1::default_delete<std::__1::__thread_struct>>, void (*)(int, int), int, int>>(void*) thread.h:168 (occt_1157_stress_before:arm64+0x100006494)

  Previous write of size 4 at 0x00010e819e78 by thread T3:
    #0 TCollection_AsciiString::TCollection_AsciiString(TCollection_AsciiString&&) TCollection_AsciiString.cxx:175 (occt_1157_stress_before:arm64+0x1008cd88c)
    #1 std::__1::conditional<false, opencascade::handle<Standard_Transient>&, bool>::type NCollection_DataMap<TCollection_AsciiString, opencascade::handle<Standard_Transient>, NCollection_DefaultHasher<TCollection_AsciiString>>::emplaceImpl<TCollection_AsciiString, false, false, opencascade::handle<Standard_Transient> const&>(TCollection_AsciiString&&, std::__1::integral_constant<bool, false>, std::__1::integral_constant<bool, false>, opencascade::handle<Standard_Transient> const&) NCollection_DataMap.hxx:810 (occt_1157_stress_before:arm64+0x10083fdec)
    #2 Interface_Static::Init(char const*, char const*, Interface_ParamType, char const*) Interface_Static.cxx:183 (occt_1157_stress_before:arm64+0x10133e614)
    #3 Interface_Static::Init(char const*, char const*, char, char const*) Interface_Static.cxx:275 (occt_1157_stress_before:arm64+0x10133eb34)
    #4 XSAlgo::Init() XSAlgo.cxx:42 (occt_1157_stress_before:arm64+0x1013f6a54)
    #5 STEPControl_Controller::Init() STEPControl_Controller.cxx:496 (occt_1157_stress_before:arm64+0x10054353c)
    #6 STEPControl_Writer::STEPControl_Writer() STEPControl_Writer.cxx:38 (occt_1157_stress_before:arm64+0x10054d1d4)
    #7 STEPControl_Writer::STEPControl_Writer() STEPControl_Writer.cxx:37 (occt_1157_stress_before:arm64+0x10054d450)
    #8 runStepWriteIndependent(int, int) occt_1157_stress.cpp:85 (occt_1157_stress_before:arm64+0x100000ad8)
    #9 void* std::__1::__thread_proxy[abi:nqe210106]<std::__1::tuple<std::__1::unique_ptr<std::__1::__thread_struct, std::__1::default_delete<std::__1::__thread_struct>>, void (*)(int, int), int, int>>(void*) thread.h:168 (occt_1157_stress_before:arm64+0x100006494)

  Location is heap block of size 32 at 0x00010e819e60 allocated by thread T3:
    #0 calloc <null> (libclang_rt.tsan_osx_dynamic.dylib:arm64e+0x67c40)
    #1 Standard::Allocate(unsigned long) Standard.cxx:386 (occt_1157_stress_before:arm64+0x1008bed34)
    #2 NCollection_BaseAllocator::Allocate(unsigned long) NCollection_BaseAllocator.cxx:22 (occt_1157_stress_before:arm64+0x1008de93c)
    #3 std::__1::conditional<false, opencascade::handle<Standard_Transient>&, bool>::type NCollection_DataMap<TCollection_AsciiString, opencascade::handle<Standard_Transient>, NCollection_DefaultHasher<TCollection_AsciiString>>::emplaceImpl<TCollection_AsciiString, false, false, opencascade::handle<Standard_Transient> const&>(TCollection_AsciiString&&, std::__1::integral_constant<bool, false>, std::__1::integral_constant<bool, false>, opencascade::handle<Standard_Transient> const&) NCollection_DataMap.hxx:810 (occt_1157_stress_before:arm64+0x10083fd88)
    #4 Interface_Static::Init(char const*, char const*, Interface_ParamType, char const*) Interface_Static.cxx:183 (occt_1157_stress_before:arm64+0x10133e614)
    #5 Interface_Static::Init(char const*, char const*, char, char const*) Interface_Static.cxx:275 (occt_1157_stress_before:arm64+0x10133eb34)
    #6 XSAlgo::Init() XSAlgo.cxx:42 (occt_1157_stress_before:arm64+0x1013f6a54)
    #7 STEPControl_Controller::Init() STEPControl_Controller.cxx:496 (occt_1157_stress_before:arm64+0x10054353c)
    #8 STEPControl_Writer::STEPControl_Writer() STEPControl_Writer.cxx:38 (occt_1157_stress_before:arm64+0x10054d1d4)
    #9 STEPControl_Writer::STEPControl_Writer() STEPControl_Writer.cxx:37 (occt_1157_stress_before:arm64+0x10054d450)
    #10 runStepWriteIndependent(int, int) occt_1157_stress.cpp:85 (occt_1157_stress_before:arm64+0x100000ad8)
    #11 void* std::__1::__thread_proxy[abi:nqe210106]<std::__1::tuple<std::__1::unique_ptr<std::__1::__thread_struct, std::__1::default_delete<std::__1::__thread_struct>>, void (*)(int, int), int, int>>(void*) thread.h:168 (occt_1157_stress_before:arm64+0x100006494)

  Mutex M0 (0x000104b2d358) created at:
    #0 pthread_mutex_lock <null> (libclang_rt.tsan_osx_dynamic.dylib:arm64e+0x356bc)
    #1 std::__1::mutex::lock() <null> (libc++.1.dylib:arm64e+0x300c)
    #2 STEPControl_Writer::SetWS(opencascade::handle<XSControl_WorkSession> const&, bool) STEPControl_Writer.cxx:56 (occt_1157_stress_before:arm64+0x10054d38c)
    #3 STEPControl_Writer::STEPControl_Writer() STEPControl_Writer.cxx:39 (occt_1157_stress_before:arm64+0x10054d214)
    #4 STEPControl_Writer::STEPControl_Writer() STEPControl_Writer.cxx:37 (occt_1157_stress_before:arm64+0x10054d450)
    #5 runStepWriteIndependent(int, int) occt_1157_stress.cpp:85 (occt_1157_stress_before:arm64+0x100000ad8)
    #6 void* std::__1::__thread_proxy[abi:nqe210106]<std::__1::tuple<std::__1::unique_ptr<std::__1::__thread_struct, std::__1::default_delete<std::__1::__thread_struct>>, void (*)(int, int), int, int>>(void*) thread.h:168 (occt_1157_stress_before:arm64+0x100006494)

  Thread T8 (tid=352298, running) created by main thread at:
    #0 pthread_create <null> (libclang_rt.tsan_osx_dynamic.dylib:arm64e+0x33834)
    #1 std::__1::thread::thread[abi:nqe210106]<void (*&)(int, int), int&, int&, 0>(void (*&)(int, int), int&, int&) thread.h:216 (occt_1157_stress_before:arm64+0x10000635c)
    #2 runOne(char const*, int, int) occt_1157_stress.cpp:343 (occt_1157_stress_before:arm64+0x1000039b0)
    #3 main occt_1157_stress.cpp:380 (occt_1157_stress_before:arm64+0x100002e08)

  Thread T3 (tid=352293, running) created by main thread at:
    #0 pthread_create <null> (libclang_rt.tsan_osx_dynamic.dylib:arm64e+0x33834)
    #1 std::__1::thread::thread[abi:nqe210106]<void (*&)(int, int), int&, int&, 0>(void (*&)(int, int), int&, int&) thread.h:216 (occt_1157_stress_before:arm64+0x10000635c)
    #2 std::__1::thread* std::__1::vector<std::__1::thread, std::__1::allocator<std::__1::thread>>::__emplace_back_slow_path<void (*&)(int, int), int&, int&>(void (*&)(int, int), int&, int&) vector.h:1130 (occt_1157_stress_before:arm64+0x100006118)
    #3 runOne(char const*, int, int) occt_1157_stress.cpp:343 (occt_1157_stress_before:arm64+0x1000039d8)
    #4 main occt_1157_stress.cpp:380 (occt_1157_stress_before:arm64+0x100002e08)

SUMMARY: ThreadSanitizer: data race TCollection_AsciiString.cxx:164 in TCollection_AsciiString::TCollection_AsciiString(TCollection_AsciiString const&)
==================
WARNING: ThreadSanitizer: data race (pid=70754)
  Read of size 8 at 0x00010e819e70 by thread T8 (mutexes: write M0):
    #0 TCollection_AsciiString::TCollection_AsciiString(TCollection_AsciiString const&) TCollection_AsciiString.cxx:164 (occt_1157_stress_before:arm64+0x1008cd74c)
    #1 TCollection_HAsciiString::TCollection_HAsciiString(TCollection_AsciiString const&) TCollection_HAsciiString.cxx:41 (occt_1157_stress_before:arm64+0x1008dac08)
    #2 Interface_Static::Items(int, char const*) Interface_Static.cxx:595 (occt_1157_stress_before:arm64+0x10133ffac)
    #3 XSControl_Controller::Customise(opencascade::handle<XSControl_WorkSession>&) XSControl_Controller.cxx:495 (occt_1157_stress_before:arm64+0x1013d8634)
    #4 STEPControl_Controller::Customise(opencascade::handle<XSControl_WorkSession>&) STEPControl_Controller.cxx:506 (occt_1157_stress_before:arm64+0x1005436a0)
    #5 XSControl_WorkSession::SetController(opencascade::handle<XSControl_Controller> const&) XSControl_WorkSession.cxx:122 (occt_1157_stress_before:arm64+0x1013f3418)
    #6 XSControl_WorkSession::SelectNorm(char const*) XSControl_WorkSession.cxx:102 (occt_1157_stress_before:arm64+0x1013f315c)
    #7 STEPControl_Writer::SetWS(opencascade::handle<XSControl_WorkSession> const&, bool) STEPControl_Writer.cxx:56 (occt_1157_stress_before:arm64+0x10054d38c)
    #8 STEPControl_Writer::STEPControl_Writer() STEPControl_Writer.cxx:39 (occt_1157_stress_before:arm64+0x10054d214)
    #9 STEPControl_Writer::STEPControl_Writer() STEPControl_Writer.cxx:37 (occt_1157_stress_before:arm64+0x10054d450)
    #10 runStepWriteIndependent(int, int) occt_1157_stress.cpp:85 (occt_1157_stress_before:arm64+0x100000ad8)
    #11 void* std::__1::__thread_proxy[abi:nqe210106]<std::__1::tuple<std::__1::unique_ptr<std::__1::__thread_struct, std::__1::default_delete<std::__1::__thread_struct>>, void (*)(int, int), int, int>>(void*) thread.h:168 (occt_1157_stress_before:arm64+0x100006494)

  Previous write of size 8 at 0x00010e819e70 by thread T3:
    #0 TCollection_AsciiString::TCollection_AsciiString(TCollection_AsciiString&&) TCollection_AsciiString.cxx:175 (occt_1157_stress_before:arm64+0x1008cd880)
    #1 std::__1::conditional<false, opencascade::handle<Standard_Transient>&, bool>::type NCollection_DataMap<TCollection_AsciiString, opencascade::handle<Standard_Transient>, NCollection_DefaultHasher<TCollection_AsciiString>>::emplaceImpl<TCollection_AsciiString, false, false, opencascade::handle<Standard_Transient> const&>(TCollection_AsciiString&&, std::__1::integral_constant<bool, false>, std::__1::integral_constant<bool, false>, opencascade::handle<Standard_Transient> const&) NCollection_DataMap.hxx:810 (occt_1157_stress_before:arm64+0x10083fdec)
    #2 Interface_Static::Init(char const*, char const*, Interface_ParamType, char const*) Interface_Static.cxx:183 (occt_1157_stress_before:arm64+0x10133e614)
    #3 Interface_Static::Init(char const*, char const*, char, char const*) Interface_Static.cxx:275 (occt_1157_stress_before:arm64+0x10133eb34)
    #4 XSAlgo::Init() XSAlgo.cxx:42 (occt_1157_stress_before:arm64+0x1013f6a54)
    #5 STEPControl_Controller::Init() STEPControl_Controller.cxx:496 (occt_1157_stress_before:arm64+0x10054353c)
    #6 STEPControl_Writer::STEPControl_Writer() STEPControl_Writer.cxx:38 (occt_1157_stress_before:arm64+0x10054d1d4)
    #7 STEPControl_Writer::STEPControl_Writer() STEPControl_Writer.cxx:37 (occt_1157_stress_before:arm64+0x10054d450)
    #8 runStepWriteIndependent(int, int) occt_1157_stress.cpp:85 (occt_1157_stress_before:arm64+0x100000ad8)
    #9 void* std::__1::__thread_proxy[abi:nqe210106]<std::__1::tuple<std::__1::unique_ptr<std::__1::__thread_struct, std::__1::default_delete<std::__1::__thread_struct>>, void (*)(int, int), int, int>>(void*) thread.h:168 (occt_1157_stress_before:arm64+0x100006494)

  Location is heap block of size 32 at 0x00010e819e60 allocated by thread T3:
    #0 calloc <null> (libclang_rt.tsan_osx_dynamic.dylib:arm64e+0x67c40)
    #1 Standard::Allocate(unsigned long) Standard.cxx:386 (occt_1157_stress_before:arm64+0x1008bed34)
    #2 NCollection_BaseAllocator::Allocate(unsigned long) NCollection_BaseAllocator.cxx:22 (occt_1157_stress_before:arm64+0x1008de93c)
    #3 std::__1::conditional<false, opencascade::handle<Standard_Transient>&, bool>::type NCollection_DataMap<TCollection_AsciiString, opencascade::handle<Standard_Transient>, NCollection_DefaultHasher<TCollection_AsciiString>>::emplaceImpl<TCollection_AsciiString, false, false, opencascade::handle<Standard_Transient> const&>(TCollection_AsciiString&&, std::__1::integral_constant<bool, false>, std::__1::integral_constant<bool, false>, opencascade::handle<Standard_Transient> const&) NCollection_DataMap.hxx:810 (occt_1157_stress_before:arm64+0x10083fd88)
    #4 Interface_Static::Init(char const*, char const*, Interface_ParamType, char const*) Interface_Static.cxx:183 (occt_1157_stress_before:arm64+0x10133e614)
    #5 Interface_Static::Init(char const*, char const*, char, char const*) Interface_Static.cxx:275 (occt_1157_stress_before:arm64+0x10133eb34)
    #6 XSAlgo::Init() XSAlgo.cxx:42 (occt_1157_stress_before:arm64+0x1013f6a54)
    #7 STEPControl_Controller::Init() STEPControl_Controller.cxx:496 (occt_1157_stress_before:arm64+0x10054353c)
    #8 STEPControl_Writer::STEPControl_Writer() STEPControl_Writer.cxx:38 (occt_1157_stress_before:arm64+0x10054d1d4)
    #9 STEPControl_Writer::STEPControl_Writer() STEPControl_Writer.cxx:37 (occt_1157_stress_before:arm64+0x10054d450)
    #10 runStepWriteIndependent(int, int) occt_1157_stress.cpp:85 (occt_1157_stress_before:arm64+0x100000ad8)
    #11 void* std::__1::__thread_proxy[abi:nqe210106]<std::__1::tuple<std::__1::unique_ptr<std::__1::__thread_struct, std::__1::default_delete<std::__1::__thread_struct>>, void (*)(int, int), int, int>>(void*) thread.h:168 (occt_1157_stress_before:arm64+0x100006494)

  Mutex M0 (0x000104b2d358) created at:
    #0 pthread_mutex_lock <null> (libclang_rt.tsan_osx_dynamic.dylib:arm64e+0x356bc)
    #1 std::__1::mutex::lock() <null> (libc++.1.dylib:arm64e+0x300c)
    #2 STEPControl_Writer::SetWS(opencascade::handle<XSControl_WorkSession> const&, bool) STEPControl_Writer.cxx:56 (occt_1157_stress_before:arm64+0x10054d38c)
    #3 STEPControl_Writer::STEPControl_Writer() STEPControl_Writer.cxx:39 (occt_1157_stress_before:arm64+0x10054d214)
    #4 STEPControl_Writer::STEPControl_Writer() STEPControl_Writer.cxx:37 (occt_1157_stress_before:arm64+0x10054d450)
    #5 runStepWriteIndependent(int, int) occt_1157_stress.cpp:85 (occt_1157_stress_before:arm64+0x100000ad8)
    #6 void* std::__1::__thread_proxy[abi:nqe210106]<std::__1::tuple<std::__1::unique_ptr<std::__1::__thread_struct, std::__1::default_delete<std::__1::__thread_struct>>, void (*)(int, int), int, int>>(void*) thread.h:168 (occt_1157_stress_before:arm64+0x100006494)

  Thread T8 (tid=352298, running) created by main thread at:
    #0 pthread_create <null> (libclang_rt.tsan_osx_dynamic.dylib:arm64e+0x33834)
    #1 std::__1::thread::thread[abi:nqe210106]<void (*&)(int, int), int&, int&, 0>(void (*&)(int, int), int&, int&) thread.h:216 (occt_1157_stress_before:arm64+0x10000635c)
    #2 runOne(char const*, int, int) occt_1157_stress.cpp:343 (occt_1157_stress_before:arm64+0x1000039b0)
    #3 main occt_1157_stress.cpp:380 (occt_1157_stress_before:arm64+0x100002e08)

  Thread T3 (tid=352293, running) created by main thread at:
    #0 pthread_create <null> (libclang_rt.tsan_osx_dynamic.dylib:arm64e+0x33834)
    #1 std::__1::thread::thread[abi:nqe210106]<void (*&)(int, int), int&, int&, 0>(void (*&)(int, int), int&, int&) thread.h:216 (occt_1157_stress_before:arm64+0x10000635c)
    #2 std::__1::thread* std::__1::vector<std::__1::thread, std::__1::allocator<std::__1::thread>>::__emplace_back_slow_path<void (*&)(int, int), int&, int&>(void (*&)(int, int), int&, int&) vector.h:1130 (occt_1157_stress_before:arm64+0x100006118)
    #3 runOne(char const*, int, int) occt_1157_stress.cpp:343 (occt_1157_stress_before:arm64+0x1000039d8)
    #4 main occt_1157_stress.cpp:380 (occt_1157_stress_before:arm64+0x100002e08)

SUMMARY: ThreadSanitizer: data race TCollection_AsciiString.cxx:164 in TCollection_AsciiString::TCollection_AsciiString(TCollection_AsciiString const&)
==================
WARNING: ThreadSanitizer: data race (pid=70754)
  Read of size 8 at 0x00010e819e60 by thread T8 (mutexes: write M0):
    #0 Interface_Static::Items(int, char const*) Interface_Static.cxx:554 (occt_1157_stress_before:arm64+0x10133fe50)
    #1 XSControl_Controller::Customise(opencascade::handle<XSControl_WorkSession>&) XSControl_Controller.cxx:495 (occt_1157_stress_before:arm64+0x1013d8634)
    #2 STEPControl_Controller::Customise(opencascade::handle<XSControl_WorkSession>&) STEPControl_Controller.cxx:506 (occt_1157_stress_before:arm64+0x1005436a0)
    #3 XSControl_WorkSession::SetController(opencascade::handle<XSControl_Controller> const&) XSControl_WorkSession.cxx:122 (occt_1157_stress_before:arm64+0x1013f3418)
    #4 XSControl_WorkSession::SelectNorm(char const*) XSControl_WorkSession.cxx:102 (occt_1157_stress_before:arm64+0x1013f315c)
    #5 STEPControl_Writer::SetWS(opencascade::handle<XSControl_WorkSession> const&, bool) STEPControl_Writer.cxx:56 (occt_1157_stress_before:arm64+0x10054d38c)
    #6 STEPControl_Writer::STEPControl_Writer() STEPControl_Writer.cxx:39 (occt_1157_stress_before:arm64+0x10054d214)
    #7 STEPControl_Writer::STEPControl_Writer() STEPControl_Writer.cxx:37 (occt_1157_stress_before:arm64+0x10054d450)
    #8 runStepWriteIndependent(int, int) occt_1157_stress.cpp:85 (occt_1157_stress_before:arm64+0x100000ad8)
    #9 void* std::__1::__thread_proxy[abi:nqe210106]<std::__1::tuple<std::__1::unique_ptr<std::__1::__thread_struct, std::__1::default_delete<std::__1::__thread_struct>>, void (*)(int, int), int, int>>(void*) thread.h:168 (occt_1157_stress_before:arm64+0x100006494)

  Previous write of size 8 at 0x00010e819e60 by thread T3:
    #0 std::__1::conditional<false, opencascade::handle<Standard_Transient>&, bool>::type NCollection_DataMap<TCollection_AsciiString, opencascade::handle<Standard_Transient>, NCollection_DefaultHasher<TCollection_AsciiString>>::emplaceImpl<TCollection_AsciiString, false, false, opencascade::handle<Standard_Transient> const&>(TCollection_AsciiString&&, std::__1::integral_constant<bool, false>, std::__1::integral_constant<bool, false>, opencascade::handle<Standard_Transient> const&) NCollection_DataMap.hxx:810 (occt_1157_stress_before:arm64+0x10083fdb0)
    #1 Interface_Static::Init(char const*, char const*, Interface_ParamType, char const*) Interface_Static.cxx:183 (occt_1157_stress_before:arm64+0x10133e614)
    #2 Interface_Static::Init(char const*, char const*, char, char const*) Interface_Static.cxx:275 (occt_1157_stress_before:arm64+0x10133eb34)
    #3 XSAlgo::Init() XSAlgo.cxx:42 (occt_1157_stress_before:arm64+0x1013f6a54)
    #4 STEPControl_Controller::Init() STEPControl_Controller.cxx:496 (occt_1157_stress_before:arm64+0x10054353c)
    #5 STEPControl_Writer::STEPControl_Writer() STEPControl_Writer.cxx:38 (occt_1157_stress_before:arm64+0x10054d1d4)
    #6 STEPControl_Writer::STEPControl_Writer() STEPControl_Writer.cxx:37 (occt_1157_stress_before:arm64+0x10054d450)
    #7 runStepWriteIndependent(int, int) occt_1157_stress.cpp:85 (occt_1157_stress_before:arm64+0x100000ad8)
    #8 void* std::__1::__thread_proxy[abi:nqe210106]<std::__1::tuple<std::__1::unique_ptr<std::__1::__thread_struct, std::__1::default_delete<std::__1::__thread_struct>>, void (*)(int, int), int, int>>(void*) thread.h:168 (occt_1157_stress_before:arm64+0x100006494)

  Location is heap block of size 32 at 0x00010e819e60 allocated by thread T3:
    #0 calloc <null> (libclang_rt.tsan_osx_dynamic.dylib:arm64e+0x67c40)
    #1 Standard::Allocate(unsigned long) Standard.cxx:386 (occt_1157_stress_before:arm64+0x1008bed34)
    #2 NCollection_BaseAllocator::Allocate(unsigned long) NCollection_BaseAllocator.cxx:22 (occt_1157_stress_before:arm64+0x1008de93c)
    #3 std::__1::conditional<false, opencascade::handle<Standard_Transient>&, bool>::type NCollection_DataMap<TCollection_AsciiString, opencascade::handle<Standard_Transient>, NCollection_DefaultHasher<TCollection_AsciiString>>::emplaceImpl<TCollection_AsciiString, false, false, opencascade::handle<Standard_Transient> const&>(TCollection_AsciiString&&, std::__1::integral_constant<bool, false>, std::__1::integral_constant<bool, false>, opencascade::handle<Standard_Transient> const&) NCollection_DataMap.hxx:810 (occt_1157_stress_before:arm64+0x10083fd88)
    #4 Interface_Static::Init(char const*, char const*, Interface_ParamType, char const*) Interface_Static.cxx:183 (occt_1157_stress_before:arm64+0x10133e614)
    #5 Interface_Static::Init(char const*, char const*, char, char const*) Interface_Static.cxx:275 (occt_1157_stress_before:arm64+0x10133eb34)
    #6 XSAlgo::Init() XSAlgo.cxx:42 (occt_1157_stress_before:arm64+0x1013f6a54)
    #7 STEPControl_Controller::Init() STEPControl_Controller.cxx:496 (occt_1157_stress_before:arm64+0x10054353c)
    #8 STEPControl_Writer::STEPControl_Writer() STEPControl_Writer.cxx:38 (occt_1157_stress_before:arm64+0x10054d1d4)
    #9 STEPControl_Writer::STEPControl_Writer() STEPControl_Writer.cxx:37 (occt_1157_stress_before:arm64+0x10054d450)
    #10 runStepWriteIndependent(int, int) occt_1157_stress.cpp:85 (occt_1157_stress_before:arm64+0x100000ad8)
    #11 void* std::__1::__thread_proxy[abi:nqe210106]<std::__1::tuple<std::__1::unique_ptr<std::__1::__thread_struct, std::__1::default_delete<std::__1::__thread_struct>>, void (*)(int, int), int, int>>(void*) thread.h:168 (occt_1157_stress_before:arm64+0x100006494)

  Mutex M0 (0x000104b2d358) created at:
    #0 pthread_mutex_lock <null> (libclang_rt.tsan_osx_dynamic.dylib:arm64e+0x356bc)
    #1 std::__1::mutex::lock() <null> (libc++.1.dylib:arm64e+0x300c)
    #2 STEPControl_Writer::SetWS(opencascade::handle<XSControl_WorkSession> const&, bool) STEPControl_Writer.cxx:56 (occt_1157_stress_before:arm64+0x10054d38c)
    #3 STEPControl_Writer::STEPControl_Writer() STEPControl_Writer.cxx:39 (occt_1157_stress_before:arm64+0x10054d214)
    #4 STEPControl_Writer::STEPControl_Writer() STEPControl_Writer.cxx:37 (occt_1157_stress_before:arm64+0x10054d450)
    #5 runStepWriteIndependent(int, int) occt_1157_stress.cpp:85 (occt_1157_stress_before:arm64+0x100000ad8)
    #6 void* std::__1::__thread_proxy[abi:nqe210106]<std::__1::tuple<std::__1::unique_ptr<std::__1::__thread_struct, std::__1::default_delete<std::__1::__thread_struct>>, void (*)(int, int), int, int>>(void*) thread.h:168 (occt_1157_stress_before:arm64+0x100006494)

  Thread T8 (tid=352298, running) created by main thread at:
    #0 pthread_create <null> (libclang_rt.tsan_osx_dynamic.dylib:arm64e+0x33834)
    #1 std::__1::thread::thread[abi:nqe210106]<void (*&)(int, int), int&, int&, 0>(void (*&)(int, int), int&, int&) thread.h:216 (occt_1157_stress_before:arm64+0x10000635c)
    #2 runOne(char const*, int, int) occt_1157_stress.cpp:343 (occt_1157_stress_before:arm64+0x1000039b0)
    #3 main occt_1157_stress.cpp:380 (occt_1157_stress_before:arm64+0x100002e08)

  Thread T3 (tid=352293, running) created by main thread at:
    #0 pthread_create <null> (libclang_rt.tsan_osx_dynamic.dylib:arm64e+0x33834)
    #1 std::__1::thread::thread[abi:nqe210106]<void (*&)(int, int), int&, int&, 0>(void (*&)(int, int), int&, int&) thread.h:216 (occt_1157_stress_before:arm64+0x10000635c)
    #2 std::__1::thread* std::__1::vector<std::__1::thread, std::__1::allocator<std::__1::thread>>::__emplace_back_slow_path<void (*&)(int, int), int&, int&>(void (*&)(int, int), int&, int&) vector.h:1130 (occt_1157_stress_before:arm64+0x100006118)
    #3 runOne(char const*, int, int) occt_1157_stress.cpp:343 (occt_1157_stress_before:arm64+0x1000039d8)
    #4 main occt_1157_stress.cpp:380 (occt_1157_stress_before:arm64+0x100002e08)

SUMMARY: ThreadSanitizer: data race Interface_Static.cxx:554 in Interface_Static::Items(int, char const*)
==================
WARNING: ThreadSanitizer: data race (pid=70754)
  Read of size 8 at 0x00010e819da8 by thread T8 (mutexes: write M0):
    #0 Interface_Static::Items(int, char const*) Interface_Static.cxx:556 (occt_1157_stress_before:arm64+0x10133fe60)
    #1 XSControl_Controller::Customise(opencascade::handle<XSControl_WorkSession>&) XSControl_Controller.cxx:495 (occt_1157_stress_before:arm64+0x1013d8634)
    #2 STEPControl_Controller::Customise(opencascade::handle<XSControl_WorkSession>&) STEPControl_Controller.cxx:506 (occt_1157_stress_before:arm64+0x1005436a0)
    #3 XSControl_WorkSession::SetController(opencascade::handle<XSControl_Controller> const&) XSControl_WorkSession.cxx:122 (occt_1157_stress_before:arm64+0x1013f3418)
    #4 XSControl_WorkSession::SelectNorm(char const*) XSControl_WorkSession.cxx:102 (occt_1157_stress_before:arm64+0x1013f315c)
    #5 STEPControl_Writer::SetWS(opencascade::handle<XSControl_WorkSession> const&, bool) STEPControl_Writer.cxx:56 (occt_1157_stress_before:arm64+0x10054d38c)
    #6 STEPControl_Writer::STEPControl_Writer() STEPControl_Writer.cxx:39 (occt_1157_stress_before:arm64+0x10054d214)
    #7 STEPControl_Writer::STEPControl_Writer() STEPControl_Writer.cxx:37 (occt_1157_stress_before:arm64+0x10054d450)
    #8 runStepWriteIndependent(int, int) occt_1157_stress.cpp:85 (occt_1157_stress_before:arm64+0x100000ad8)
    #9 void* std::__1::__thread_proxy[abi:nqe210106]<std::__1::tuple<std::__1::unique_ptr<std::__1::__thread_struct, std::__1::default_delete<std::__1::__thread_struct>>, void (*)(int, int), int, int>>(void*) thread.h:168 (occt_1157_stress_before:arm64+0x100006494)

  Previous write of size 8 at 0x00010e819da8 by thread T3:
    #0 std::__1::conditional<false, opencascade::handle<Standard_Transient>&, bool>::type NCollection_DataMap<TCollection_AsciiString, opencascade::handle<Standard_Transient>, NCollection_DefaultHasher<TCollection_AsciiString>>::emplaceImpl<TCollection_AsciiString, false, false, opencascade::handle<Standard_Transient> const&>(TCollection_AsciiString&&, std::__1::integral_constant<bool, false>, std::__1::integral_constant<bool, false>, opencascade::handle<Standard_Transient> const&) NCollection_DataMap.hxx:810 (occt_1157_stress_before:arm64+0x10083fdc8)
    #1 Interface_Static::Init(char const*, char const*, Interface_ParamType, char const*) Interface_Static.cxx:183 (occt_1157_stress_before:arm64+0x10133e614)
    #2 Interface_Static::Init(char const*, char const*, char, char const*) Interface_Static.cxx:275 (occt_1157_stress_before:arm64+0x10133eb34)
    #3 XSAlgo::Init() XSAlgo.cxx:49 (occt_1157_stress_before:arm64+0x1013f6ae4)
    #4 STEPControl_Controller::Init() STEPControl_Controller.cxx:496 (occt_1157_stress_before:arm64+0x10054353c)
    #5 STEPControl_Writer::STEPControl_Writer() STEPControl_Writer.cxx:38 (occt_1157_stress_before:arm64+0x10054d1d4)
    #6 STEPControl_Writer::STEPControl_Writer() STEPControl_Writer.cxx:37 (occt_1157_stress_before:arm64+0x10054d450)
    #7 runStepWriteIndependent(int, int) occt_1157_stress.cpp:85 (occt_1157_stress_before:arm64+0x100000ad8)
    #8 void* std::__1::__thread_proxy[abi:nqe210106]<std::__1::tuple<std::__1::unique_ptr<std::__1::__thread_struct, std::__1::default_delete<std::__1::__thread_struct>>, void (*)(int, int), int, int>>(void*) thread.h:168 (occt_1157_stress_before:arm64+0x100006494)

  Location is heap block of size 32 at 0x00010e819da0 allocated by thread T3:
    #0 calloc <null> (libclang_rt.tsan_osx_dynamic.dylib:arm64e+0x67c40)
    #1 Standard::Allocate(unsigned long) Standard.cxx:386 (occt_1157_stress_before:arm64+0x1008bed34)
    #2 NCollection_BaseAllocator::Allocate(unsigned long) NCollection_BaseAllocator.cxx:22 (occt_1157_stress_before:arm64+0x1008de93c)
    #3 std::__1::conditional<false, opencascade::handle<Standard_Transient>&, bool>::type NCollection_DataMap<TCollection_AsciiString, opencascade::handle<Standard_Transient>, NCollection_DefaultHasher<TCollection_AsciiString>>::emplaceImpl<TCollection_AsciiString, false, false, opencascade::handle<Standard_Transient> const&>(TCollection_AsciiString&&, std::__1::integral_constant<bool, false>, std::__1::integral_constant<bool, false>, opencascade::handle<Standard_Transient> const&) NCollection_DataMap.hxx:810 (occt_1157_stress_before:arm64+0x10083fd88)
    #4 Interface_Static::Init(char const*, char const*, Interface_ParamType, char const*) Interface_Static.cxx:183 (occt_1157_stress_before:arm64+0x10133e614)
    #5 Interface_Static::Init(char const*, char const*, char, char const*) Interface_Static.cxx:275 (occt_1157_stress_before:arm64+0x10133eb34)
    #6 XSAlgo::Init() XSAlgo.cxx:49 (occt_1157_stress_before:arm64+0x1013f6ae4)
    #7 STEPControl_Controller::Init() STEPControl_Controller.cxx:496 (occt_1157_stress_before:arm64+0x10054353c)
    #8 STEPControl_Writer::STEPControl_Writer() STEPControl_Writer.cxx:38 (occt_1157_stress_before:arm64+0x10054d1d4)
    #9 STEPControl_Writer::STEPControl_Writer() STEPControl_Writer.cxx:37 (occt_1157_stress_before:arm64+0x10054d450)
    #10 runStepWriteIndependent(int, int) occt_1157_stress.cpp:85 (occt_1157_stress_before:arm64+0x100000ad8)
    #11 void* std::__1::__thread_proxy[abi:nqe210106]<std::__1::tuple<std::__1::unique_ptr<std::__1::__thread_struct, std::__1::default_delete<std::__1::__thread_struct>>, void (*)(int, int), int, int>>(void*) thread.h:168 (occt_1157_stress_before:arm64+0x100006494)

  Mutex M0 (0x000104b2d358) created at:
    #0 pthread_mutex_lock <null> (libclang_rt.tsan_osx_dynamic.dylib:arm64e+0x356bc)
    #1 std::__1::mutex::lock() <null> (libc++.1.dylib:arm64e+0x300c)
    #2 STEPControl_Writer::SetWS(opencascade::handle<XSControl_WorkSession> const&, bool) STEPControl_Writer.cxx:56 (occt_1157_stress_before:arm64+0x10054d38c)
    #3 STEPControl_Writer::STEPControl_Writer() STEPControl_Writer.cxx:39 (occt_1157_stress_before:arm64+0x10054d214)
    #4 STEPControl_Writer::STEPControl_Writer() STEPControl_Writer.cxx:37 (occt_1157_stress_before:arm64+0x10054d450)
    #5 runStepWriteIndependent(int, int) occt_1157_stress.cpp:85 (occt_1157_stress_before:arm64+0x100000ad8)
    #6 void* std::__1::__thread_proxy[abi:nqe210106]<std::__1::tuple<std::__1::unique_ptr<std::__1::__thread_struct, std::__1::default_delete<std::__1::__thread_struct>>, void (*)(int, int), int, int>>(void*) thread.h:168 (occt_1157_stress_before:arm64+0x100006494)

  Thread T8 (tid=352298, running) created by main thread at:
    #0 pthread_create <null> (libclang_rt.tsan_osx_dynamic.dylib:arm64e+0x33834)
    #1 std::__1::thread::thread[abi:nqe210106]<void (*&)(int, int), int&, int&, 0>(void (*&)(int, int), int&, int&) thread.h:216 (occt_1157_stress_before:arm64+0x10000635c)
    #2 runOne(char const*, int, int) occt_1157_stress.cpp:343 (occt_1157_stress_before:arm64+0x1000039b0)
    #3 main occt_1157_stress.cpp:380 (occt_1157_stress_before:arm64+0x100002e08)

  Thread T3 (tid=352293, running) created by main thread at:
    #0 pthread_create <null> (libclang_rt.tsan_osx_dynamic.dylib:arm64e+0x33834)
    #1 std::__1::thread::thread[abi:nqe210106]<void (*&)(int, int), int&, int&, 0>(void (*&)(int, int), int&, int&) thread.h:216 (occt_1157_stress_before:arm64+0x10000635c)
    #2 std::__1::thread* std::__1::vector<std::__1::thread, std::__1::allocator<std::__1::thread>>::__emplace_back_slow_path<void (*&)(int, int), int&, int&>(void (*&)(int, int), int&, int&) vector.h:1130 (occt_1157_stress_before:arm64+0x100006118)
    #3 runOne(char const*, int, int) occt_1157_stress.cpp:343 (occt_1157_stress_before:arm64+0x1000039d8)
    #4 main occt_1157_stress.cpp:380 (occt_1157_stress_before:arm64+0x100002e08)

SUMMARY: ThreadSanitizer: data race Interface_Static.cxx:556 in Interface_Static::Items(int, char const*)
==================
WARNING: ThreadSanitizer: data race (pid=70754)
  Atomic write of size 4 at 0x00010fd14108 by thread T8 (mutexes: write M0):
    #0 Interface_Static::Items(int, char const*) Interface_Static.cxx:556 (occt_1157_stress_before:arm64+0x10133fea0)
    #1 XSControl_Controller::Customise(opencascade::handle<XSControl_WorkSession>&) XSControl_Controller.cxx:495 (occt_1157_stress_before:arm64+0x1013d8634)
    #2 STEPControl_Controller::Customise(opencascade::handle<XSControl_WorkSession>&) STEPControl_Controller.cxx:506 (occt_1157_stress_before:arm64+0x1005436a0)
    #3 XSControl_WorkSession::SetController(opencascade::handle<XSControl_Controller> const&) XSControl_WorkSession.cxx:122 (occt_1157_stress_before:arm64+0x1013f3418)
    #4 XSControl_WorkSession::SelectNorm(char const*) XSControl_WorkSession.cxx:102 (occt_1157_stress_before:arm64+0x1013f315c)
    #5 STEPControl_Writer::SetWS(opencascade::handle<XSControl_WorkSession> const&, bool) STEPControl_Writer.cxx:56 (occt_1157_stress_before:arm64+0x10054d38c)
    #6 STEPControl_Writer::STEPControl_Writer() STEPControl_Writer.cxx:39 (occt_1157_stress_before:arm64+0x10054d214)
    #7 STEPControl_Writer::STEPControl_Writer() STEPControl_Writer.cxx:37 (occt_1157_stress_before:arm64+0x10054d450)
    #8 runStepWriteIndependent(int, int) occt_1157_stress.cpp:85 (occt_1157_stress_before:arm64+0x100000ad8)
    #9 void* std::__1::__thread_proxy[abi:nqe210106]<std::__1::tuple<std::__1::unique_ptr<std::__1::__thread_struct, std::__1::default_delete<std::__1::__thread_struct>>, void (*)(int, int), int, int>>(void*) thread.h:168 (occt_1157_stress_before:arm64+0x100006494)

  Previous write of size 4 at 0x00010fd14108 by thread T3:
    #0 MoniTool_TypedValue::MoniTool_TypedValue(char const*, MoniTool_ValueType, char const*) MoniTool_TypedValue.cxx:70 (occt_1157_stress_before:arm64+0x10140254c)
    #1 Interface_TypedValue::Interface_TypedValue(char const*, Interface_ParamType, char const*) Interface_TypedValue.cxx:33 (occt_1157_stress_before:arm64+0x101341144)
    #2 Interface_Static::Interface_Static(char const*, char const*, Interface_ParamType, char const*) Interface_Static.cxx:39 (occt_1157_stress_before:arm64+0x10133d464)
    #3 Interface_Static::Init(char const*, char const*, Interface_ParamType, char const*) Interface_Static.cxx:180 (occt_1157_stress_before:arm64+0x10133e45c)
    #4 Interface_Static::Init(char const*, char const*, char, char const*) Interface_Static.cxx:275 (occt_1157_stress_before:arm64+0x10133eb34)
    #5 XSAlgo::Init() XSAlgo.cxx:49 (occt_1157_stress_before:arm64+0x1013f6ae4)
    #6 STEPControl_Controller::Init() STEPControl_Controller.cxx:496 (occt_1157_stress_before:arm64+0x10054353c)
    #7 STEPControl_Writer::STEPControl_Writer() STEPControl_Writer.cxx:38 (occt_1157_stress_before:arm64+0x10054d1d4)
    #8 STEPControl_Writer::STEPControl_Writer() STEPControl_Writer.cxx:37 (occt_1157_stress_before:arm64+0x10054d450)
    #9 runStepWriteIndependent(int, int) occt_1157_stress.cpp:85 (occt_1157_stress_before:arm64+0x100000ad8)
    #10 void* std::__1::__thread_proxy[abi:nqe210106]<std::__1::tuple<std::__1::unique_ptr<std::__1::__thread_struct, std::__1::default_delete<std::__1::__thread_struct>>, void (*)(int, int), int, int>>(void*) thread.h:168 (occt_1157_stress_before:arm64+0x100006494)

  Location is heap block of size 648 at 0x00010fd14100 allocated by thread T3:
    #0 calloc <null> (libclang_rt.tsan_osx_dynamic.dylib:arm64e+0x67c40)
    #1 Standard::Allocate(unsigned long) Standard.cxx:386 (occt_1157_stress_before:arm64+0x1008bed34)
    #2 Interface_Static::Init(char const*, char const*, Interface_ParamType, char const*) Interface_Static.cxx:180 (occt_1157_stress_before:arm64+0x10133e444)
    #3 Interface_Static::Init(char const*, char const*, char, char const*) Interface_Static.cxx:275 (occt_1157_stress_before:arm64+0x10133eb34)
    #4 XSAlgo::Init() XSAlgo.cxx:49 (occt_1157_stress_before:arm64+0x1013f6ae4)
    #5 STEPControl_Controller::Init() STEPControl_Controller.cxx:496 (occt_1157_stress_before:arm64+0x10054353c)
    #6 STEPControl_Writer::STEPControl_Writer() STEPControl_Writer.cxx:38 (occt_1157_stress_before:arm64+0x10054d1d4)
    #7 STEPControl_Writer::STEPControl_Writer() STEPControl_Writer.cxx:37 (occt_1157_stress_before:arm64+0x10054d450)
    #8 runStepWriteIndependent(int, int) occt_1157_stress.cpp:85 (occt_1157_stress_before:arm64+0x100000ad8)
    #9 void* std::__1::__thread_proxy[abi:nqe210106]<std::__1::tuple<std::__1::unique_ptr<std::__1::__thread_struct, std::__1::default_delete<std::__1::__thread_struct>>, void (*)(int, int), int, int>>(void*) thread.h:168 (occt_1157_stress_before:arm64+0x100006494)

  Mutex M0 (0x000104b2d358) created at:
    #0 pthread_mutex_lock <null> (libclang_rt.tsan_osx_dynamic.dylib:arm64e+0x356bc)
    #1 std::__1::mutex::lock() <null> (libc++.1.dylib:arm64e+0x300c)
    #2 STEPControl_Writer::SetWS(opencascade::handle<XSControl_WorkSession> const&, bool) STEPControl_Writer.cxx:56 (occt_1157_stress_before:arm64+0x10054d38c)
    #3 STEPControl_Writer::STEPControl_Writer() STEPControl_Writer.cxx:39 (occt_1157_stress_before:arm64+0x10054d214)
    #4 STEPControl_Writer::STEPControl_Writer() STEPControl_Writer.cxx:37 (occt_1157_stress_before:arm64+0x10054d450)
    #5 runStepWriteIndependent(int, int) occt_1157_stress.cpp:85 (occt_1157_stress_before:arm64+0x100000ad8)
    #6 void* std::__1::__thread_proxy[abi:nqe210106]<std::__1::tuple<std::__1::unique_ptr<std::__1::__thread_struct, std::__1::default_delete<std::__1::__thread_struct>>, void (*)(int, int), int, int>>(void*) thread.h:168 (occt_1157_stress_before:arm64+0x100006494)

  Thread T8 (tid=352298, running) created by main thread at:
    #0 pthread_create <null> (libclang_rt.tsan_osx_dynamic.dylib:arm64e+0x33834)
    #1 std::__1::thread::thread[abi:nqe210106]<void (*&)(int, int), int&, int&, 0>(void (*&)(int, int), int&, int&) thread.h:216 (occt_1157_stress_before:arm64+0x10000635c)
    #2 runOne(char const*, int, int) occt_1157_stress.cpp:343 (occt_1157_stress_before:arm64+0x1000039b0)
    #3 main occt_1157_stress.cpp:380 (occt_1157_stress_before:arm64+0x100002e08)

  Thread T3 (tid=352293, running) created by main thread at:
    #0 pthread_create <null> (libclang_rt.tsan_osx_dynamic.dylib:arm64e+0x33834)
    #1 std::__1::thread::thread[abi:nqe210106]<void (*&)(int, int), int&, int&, 0>(void (*&)(int, int), int&, int&) thread.h:216 (occt_1157_stress_before:arm64+0x10000635c)
    #2 std::__1::thread* std::__1::vector<std::__1::thread, std::__1::allocator<std::__1::thread>>::__emplace_back_slow_path<void (*&)(int, int), int&, int&>(void (*&)(int, int), int&, int&) vector.h:1130 (occt_1157_stress_before:arm64+0x100006118)
    #3 runOne(char const*, int, int) occt_1157_stress.cpp:343 (occt_1157_stress_before:arm64+0x1000039d8)
    #4 main occt_1157_stress.cpp:380 (occt_1157_stress_before:arm64+0x100002e08)

SUMMARY: ThreadSanitizer: data race Interface_Static.cxx:556 in Interface_Static::Items(int, char const*)
==================
WARNING: ThreadSanitizer: data race (pid=70754)
  Read of size 8 at 0x00010fd142a0 by thread T8 (mutexes: write M0):
    #0 Interface_Static::Items(int, char const*) Interface_Static.cxx:579 (occt_1157_stress_before:arm64+0x10133ff10)
    #1 XSControl_Controller::Customise(opencascade::handle<XSControl_WorkSession>&) XSControl_Controller.cxx:495 (occt_1157_stress_before:arm64+0x1013d8634)
    #2 STEPControl_Controller::Customise(opencascade::handle<XSControl_WorkSession>&) STEPControl_Controller.cxx:506 (occt_1157_stress_before:arm64+0x1005436a0)
    #3 XSControl_WorkSession::SetController(opencascade::handle<XSControl_Controller> const&) XSControl_WorkSession.cxx:122 (occt_1157_stress_before:arm64+0x1013f3418)
    #4 XSControl_WorkSession::SelectNorm(char const*) XSControl_WorkSession.cxx:102 (occt_1157_stress_before:arm64+0x1013f315c)
    #5 STEPControl_Writer::SetWS(opencascade::handle<XSControl_WorkSession> const&, bool) STEPControl_Writer.cxx:56 (occt_1157_stress_before:arm64+0x10054d38c)
    #6 STEPControl_Writer::STEPControl_Writer() STEPControl_Writer.cxx:39 (occt_1157_stress_before:arm64+0x10054d214)
    #7 STEPControl_Writer::STEPControl_Writer() STEPControl_Writer.cxx:37 (occt_1157_stress_before:arm64+0x10054d450)
    #8 runStepWriteIndependent(int, int) occt_1157_stress.cpp:85 (occt_1157_stress_before:arm64+0x100000ad8)
    #9 void* std::__1::__thread_proxy[abi:nqe210106]<std::__1::tuple<std::__1::unique_ptr<std::__1::__thread_struct, std::__1::default_delete<std::__1::__thread_struct>>, void (*)(int, int), int, int>>(void*) thread.h:168 (occt_1157_stress_before:arm64+0x100006494)

  Previous write of size 8 at 0x00010fd142a0 by thread T3:
    #0 TCollection_AsciiString::TCollection_AsciiString(char const*, int) TCollection_AsciiString.hxx:1528 (occt_1157_stress_before:arm64+0x1008ccba4)
    #1 TCollection_AsciiString::TCollection_AsciiString(char const*, int) TCollection_AsciiString.cxx:107 (occt_1157_stress_before:arm64+0x1008ccd0c)
    #2 Interface_Static::Interface_Static(char const*, char const*, Interface_ParamType, char const*) Interface_Static.cxx:40 (occt_1157_stress_before:arm64+0x10133d4a0)
    #3 Interface_Static::Init(char const*, char const*, Interface_ParamType, char const*) Interface_Static.cxx:180 (occt_1157_stress_before:arm64+0x10133e45c)
    #4 Interface_Static::Init(char const*, char const*, char, char const*) Interface_Static.cxx:275 (occt_1157_stress_before:arm64+0x10133eb34)
    #5 XSAlgo::Init() XSAlgo.cxx:49 (occt_1157_stress_before:arm64+0x1013f6ae4)
    #6 STEPControl_Controller::Init() STEPControl_Controller.cxx:496 (occt_1157_stress_before:arm64+0x10054353c)
    #7 STEPControl_Writer::STEPControl_Writer() STEPControl_Writer.cxx:38 (occt_1157_stress_before:arm64+0x10054d1d4)
    #8 STEPControl_Writer::STEPControl_Writer() STEPControl_Writer.cxx:37 (occt_1157_stress_before:arm64+0x10054d450)
    #9 runStepWriteIndependent(int, int) occt_1157_stress.cpp:85 (occt_1157_stress_before:arm64+0x100000ad8)
    #10 void* std::__1::__thread_proxy[abi:nqe210106]<std::__1::tuple<std::__1::unique_ptr<std::__1::__thread_struct, std::__1::default_delete<std::__1::__thread_struct>>, void (*)(int, int), int, int>>(void*) thread.h:168 (occt_1157_stress_before:arm64+0x100006494)

  Location is heap block of size 648 at 0x00010fd14100 allocated by thread T3:
    #0 calloc <null> (libclang_rt.tsan_osx_dynamic.dylib:arm64e+0x67c40)
    #1 Standard::Allocate(unsigned long) Standard.cxx:386 (occt_1157_stress_before:arm64+0x1008bed34)
    #2 Interface_Static::Init(char const*, char const*, Interface_ParamType, char const*) Interface_Static.cxx:180 (occt_1157_stress_before:arm64+0x10133e444)
    #3 Interface_Static::Init(char const*, char const*, char, char const*) Interface_Static.cxx:275 (occt_1157_stress_before:arm64+0x10133eb34)
    #4 XSAlgo::Init() XSAlgo.cxx:49 (occt_1157_stress_before:arm64+0x1013f6ae4)
    #5 STEPControl_Controller::Init() STEPControl_Controller.cxx:496 (occt_1157_stress_before:arm64+0x10054353c)
    #6 STEPControl_Writer::STEPControl_Writer() STEPControl_Writer.cxx:38 (occt_1157_stress_before:arm64+0x10054d1d4)
    #7 STEPControl_Writer::STEPControl_Writer() STEPControl_Writer.cxx:37 (occt_1157_stress_before:arm64+0x10054d450)
    #8 runStepWriteIndependent(int, int) occt_1157_stress.cpp:85 (occt_1157_stress_before:arm64+0x100000ad8)
    #9 void* std::__1::__thread_proxy[abi:nqe210106]<std::__1::tuple<std::__1::unique_ptr<std::__1::__thread_struct, std::__1::default_delete<std::__1::__thread_struct>>, void (*)(int, int), int, int>>(void*) thread.h:168 (occt_1157_stress_before:arm64+0x100006494)

  Mutex M0 (0x000104b2d358) created at:
    #0 pthread_mutex_lock <null> (libclang_rt.tsan_osx_dynamic.dylib:arm64e+0x356bc)
    #1 std::__1::mutex::lock() <null> (libc++.1.dylib:arm64e+0x300c)
    #2 STEPControl_Writer::SetWS(opencascade::handle<XSControl_WorkSession> const&, bool) STEPControl_Writer.cxx:56 (occt_1157_stress_before:arm64+0x10054d38c)
    #3 STEPControl_Writer::STEPControl_Writer() STEPControl_Writer.cxx:39 (occt_1157_stress_before:arm64+0x10054d214)
    #4 STEPControl_Writer::STEPControl_Writer() STEPControl_Writer.cxx:37 (occt_1157_stress_before:arm64+0x10054d450)
    #5 runStepWriteIndependent(int, int) occt_1157_stress.cpp:85 (occt_1157_stress_before:arm64+0x100000ad8)
    #6 void* std::__1::__thread_proxy[abi:nqe210106]<std::__1::tuple<std::__1::unique_ptr<std::__1::__thread_struct, std::__1::default_delete<std::__1::__thread_struct>>, void (*)(int, int), int, int>>(void*) thread.h:168 (occt_1157_stress_before:arm64+0x100006494)

  Thread T8 (tid=352298, running) created by main thread at:
    #0 pthread_create <null> (libclang_rt.tsan_osx_dynamic.dylib:arm64e+0x33834)
    #1 std::__1::thread::thread[abi:nqe210106]<void (*&)(int, int), int&, int&, 0>(void (*&)(int, int), int&, int&) thread.h:216 (occt_1157_stress_before:arm64+0x10000635c)
    #2 runOne(char const*, int, int) occt_1157_stress.cpp:343 (occt_1157_stress_before:arm64+0x1000039b0)
    #3 main occt_1157_stress.cpp:380 (occt_1157_stress_before:arm64+0x100002e08)

  Thread T3 (tid=352293, running) created by main thread at:
    #0 pthread_create <null> (libclang_rt.tsan_osx_dynamic.dylib:arm64e+0x33834)
    #1 std::__1::thread::thread[abi:nqe210106]<void (*&)(int, int), int&, int&, 0>(void (*&)(int, int), int&, int&) thread.h:216 (occt_1157_stress_before:arm64+0x10000635c)
    #2 std::__1::thread* std::__1::vector<std::__1::thread, std::__1::allocator<std::__1::thread>>::__emplace_back_slow_path<void (*&)(int, int), int&, int&>(void (*&)(int, int), int&, int&) vector.h:1130 (occt_1157_stress_before:arm64+0x100006118)
    #3 runOne(char const*, int, int) occt_1157_stress.cpp:343 (occt_1157_stress_before:arm64+0x1000039d8)
    #4 main occt_1157_stress.cpp:380 (occt_1157_stress_before:arm64+0x100002e08)

SUMMARY: ThreadSanitizer: data race Interface_Static.cxx:579 in Interface_Static::Items(int, char const*)
==================
WARNING: ThreadSanitizer: data race (pid=70754)
  Read of size 4 at 0x00010e819db8 by thread T8 (mutexes: write M0):
    #0 TCollection_AsciiString::TCollection_AsciiString(TCollection_AsciiString const&) TCollection_AsciiString.cxx:164 (occt_1157_stress_before:arm64+0x1008cd6e0)
    #1 TCollection_HAsciiString::TCollection_HAsciiString(TCollection_AsciiString const&) TCollection_HAsciiString.cxx:41 (occt_1157_stress_before:arm64+0x1008dac08)
    #2 Interface_Static::Items(int, char const*) Interface_Static.cxx:595 (occt_1157_stress_before:arm64+0x10133ffac)
    #3 XSControl_Controller::Customise(opencascade::handle<XSControl_WorkSession>&) XSControl_Controller.cxx:495 (occt_1157_stress_before:arm64+0x1013d8634)
    #4 STEPControl_Controller::Customise(opencascade::handle<XSControl_WorkSession>&) STEPControl_Controller.cxx:506 (occt_1157_stress_before:arm64+0x1005436a0)
    #5 XSControl_WorkSession::SetController(opencascade::handle<XSControl_Controller> const&) XSControl_WorkSession.cxx:122 (occt_1157_stress_before:arm64+0x1013f3418)
    #6 XSControl_WorkSession::SelectNorm(char const*) XSControl_WorkSession.cxx:102 (occt_1157_stress_before:arm64+0x1013f315c)
    #7 STEPControl_Writer::SetWS(opencascade::handle<XSControl_WorkSession> const&, bool) STEPControl_Writer.cxx:56 (occt_1157_stress_before:arm64+0x10054d38c)
    #8 STEPControl_Writer::STEPControl_Writer() STEPControl_Writer.cxx:39 (occt_1157_stress_before:arm64+0x10054d214)
    #9 STEPControl_Writer::STEPControl_Writer() STEPControl_Writer.cxx:37 (occt_1157_stress_before:arm64+0x10054d450)
    #10 runStepWriteIndependent(int, int) occt_1157_stress.cpp:85 (occt_1157_stress_before:arm64+0x100000ad8)
    #11 void* std::__1::__thread_proxy[abi:nqe210106]<std::__1::tuple<std::__1::unique_ptr<std::__1::__thread_struct, std::__1::default_delete<std::__1::__thread_struct>>, void (*)(int, int), int, int>>(void*) thread.h:168 (occt_1157_stress_before:arm64+0x100006494)

  Previous write of size 4 at 0x00010e819db8 by thread T3:
    #0 TCollection_AsciiString::TCollection_AsciiString(TCollection_AsciiString&&) TCollection_AsciiString.cxx:175 (occt_1157_stress_before:arm64+0x1008cd88c)
    #1 std::__1::conditional<false, opencascade::handle<Standard_Transient>&, bool>::type NCollection_DataMap<TCollection_AsciiString, opencascade::handle<Standard_Transient>, NCollection_DefaultHasher<TCollection_AsciiString>>::emplaceImpl<TCollection_AsciiString, false, false, opencascade::handle<Standard_Transient> const&>(TCollection_AsciiString&&, std::__1::integral_constant<bool, false>, std::__1::integral_constant<bool, false>, opencascade::handle<Standard_Transient> const&) NCollection_DataMap.hxx:810 (occt_1157_stress_before:arm64+0x10083fdec)
    #2 Interface_Static::Init(char const*, char const*, Interface_ParamType, char const*) Interface_Static.cxx:183 (occt_1157_stress_before:arm64+0x10133e614)
    #3 Interface_Static::Init(char const*, char const*, char, char const*) Interface_Static.cxx:275 (occt_1157_stress_before:arm64+0x10133eb34)
    #4 XSAlgo::Init() XSAlgo.cxx:49 (occt_1157_stress_before:arm64+0x1013f6ae4)
    #5 STEPControl_Controller::Init() STEPControl_Controller.cxx:496 (occt_1157_stress_before:arm64+0x10054353c)
    #6 STEPControl_Writer::STEPControl_Writer() STEPControl_Writer.cxx:38 (occt_1157_stress_before:arm64+0x10054d1d4)
    #7 STEPControl_Writer::STEPControl_Writer() STEPControl_Writer.cxx:37 (occt_1157_stress_before:arm64+0x10054d450)
    #8 runStepWriteIndependent(int, int) occt_1157_stress.cpp:85 (occt_1157_stress_before:arm64+0x100000ad8)
    #9 void* std::__1::__thread_proxy[abi:nqe210106]<std::__1::tuple<std::__1::unique_ptr<std::__1::__thread_struct, std::__1::default_delete<std::__1::__thread_struct>>, void (*)(int, int), int, int>>(void*) thread.h:168 (occt_1157_stress_before:arm64+0x100006494)

  Location is heap block of size 32 at 0x00010e819da0 allocated by thread T3:
    #0 calloc <null> (libclang_rt.tsan_osx_dynamic.dylib:arm64e+0x67c40)
    #1 Standard::Allocate(unsigned long) Standard.cxx:386 (occt_1157_stress_before:arm64+0x1008bed34)
    #2 NCollection_BaseAllocator::Allocate(unsigned long) NCollection_BaseAllocator.cxx:22 (occt_1157_stress_before:arm64+0x1008de93c)
    #3 std::__1::conditional<false, opencascade::handle<Standard_Transient>&, bool>::type NCollection_DataMap<TCollection_AsciiString, opencascade::handle<Standard_Transient>, NCollection_DefaultHasher<TCollection_AsciiString>>::emplaceImpl<TCollection_AsciiString, false, false, opencascade::handle<Standard_Transient> const&>(TCollection_AsciiString&&, std::__1::integral_constant<bool, false>, std::__1::integral_constant<bool, false>, opencascade::handle<Standard_Transient> const&) NCollection_DataMap.hxx:810 (occt_1157_stress_before:arm64+0x10083fd88)
    #4 Interface_Static::Init(char const*, char const*, Interface_ParamType, char const*) Interface_Static.cxx:183 (occt_1157_stress_before:arm64+0x10133e614)
    #5 Interface_Static::Init(char const*, char const*, char, char const*) Interface_Static.cxx:275 (occt_1157_stress_before:arm64+0x10133eb34)
    #6 XSAlgo::Init() XSAlgo.cxx:49 (occt_1157_stress_before:arm64+0x1013f6ae4)
    #7 STEPControl_Controller::Init() STEPControl_Controller.cxx:496 (occt_1157_stress_before:arm64+0x10054353c)
    #8 STEPControl_Writer::STEPControl_Writer() STEPControl_Writer.cxx:38 (occt_1157_stress_before:arm64+0x10054d1d4)
    #9 STEPControl_Writer::STEPControl_Writer() STEPControl_Writer.cxx:37 (occt_1157_stress_before:arm64+0x10054d450)
    #10 runStepWriteIndependent(int, int) occt_1157_stress.cpp:85 (occt_1157_stress_before:arm64+0x100000ad8)
    #11 void* std::__1::__thread_proxy[abi:nqe210106]<std::__1::tuple<std::__1::unique_ptr<std::__1::__thread_struct, std::__1::default_delete<std::__1::__thread_struct>>, void (*)(int, int), int, int>>(void*) thread.h:168 (occt_1157_stress_before:arm64+0x100006494)

  Mutex M0 (0x000104b2d358) created at:
    #0 pthread_mutex_lock <null> (libclang_rt.tsan_osx_dynamic.dylib:arm64e+0x356bc)
    #1 std::__1::mutex::lock() <null> (libc++.1.dylib:arm64e+0x300c)
    #2 STEPControl_Writer::SetWS(opencascade::handle<XSControl_WorkSession> const&, bool) STEPControl_Writer.cxx:56 (occt_1157_stress_before:arm64+0x10054d38c)
    #3 STEPControl_Writer::STEPControl_Writer() STEPControl_Writer.cxx:39 (occt_1157_stress_before:arm64+0x10054d214)
    #4 STEPControl_Writer::STEPControl_Writer() STEPControl_Writer.cxx:37 (occt_1157_stress_before:arm64+0x10054d450)
    #5 runStepWriteIndependent(int, int) occt_1157_stress.cpp:85 (occt_1157_stress_before:arm64+0x100000ad8)
    #6 void* std::__1::__thread_proxy[abi:nqe210106]<std::__1::tuple<std::__1::unique_ptr<std::__1::__thread_struct, std::__1::default_delete<std::__1::__thread_struct>>, void (*)(int, int), int, int>>(void*) thread.h:168 (occt_1157_stress_before:arm64+0x100006494)

  Thread T8 (tid=352298, running) created by main thread at:
    #0 pthread_create <null> (libclang_rt.tsan_osx_dynamic.dylib:arm64e+0x33834)
    #1 std::__1::thread::thread[abi:nqe210106]<void (*&)(int, int), int&, int&, 0>(void (*&)(int, int), int&, int&) thread.h:216 (occt_1157_stress_before:arm64+0x10000635c)
    #2 runOne(char const*, int, int) occt_1157_stress.cpp:343 (occt_1157_stress_before:arm64+0x1000039b0)
    #3 main occt_1157_stress.cpp:380 (occt_1157_stress_before:arm64+0x100002e08)

  Thread T3 (tid=352293, running) created by main thread at:
    #0 pthread_create <null> (libclang_rt.tsan_osx_dynamic.dylib:arm64e+0x33834)
    #1 std::__1::thread::thread[abi:nqe210106]<void (*&)(int, int), int&, int&, 0>(void (*&)(int, int), int&, int&) thread.h:216 (occt_1157_stress_before:arm64+0x10000635c)
    #2 std::__1::thread* std::__1::vector<std::__1::thread, std::__1::allocator<std::__1::thread>>::__emplace_back_slow_path<void (*&)(int, int), int&, int&>(void (*&)(int, int), int&, int&) vector.h:1130 (occt_1157_stress_before:arm64+0x100006118)
    #3 runOne(char const*, int, int) occt_1157_stress.cpp:343 (occt_1157_stress_before:arm64+0x1000039d8)
    #4 main occt_1157_stress.cpp:380 (occt_1157_stress_before:arm64+0x100002e08)

SUMMARY: ThreadSanitizer: data race TCollection_AsciiString.cxx:164 in TCollection_AsciiString::TCollection_AsciiString(TCollection_AsciiString const&)
==================
WARNING: ThreadSanitizer: data race (pid=70754)
  Read of size 8 at 0x00010e819db0 by thread T8 (mutexes: write M0):
    #0 TCollection_AsciiString::TCollection_AsciiString(TCollection_AsciiString const&) TCollection_AsciiString.cxx:164 (occt_1157_stress_before:arm64+0x1008cd74c)
    #1 TCollection_HAsciiString::TCollection_HAsciiString(TCollection_AsciiString const&) TCollection_HAsciiString.cxx:41 (occt_1157_stress_before:arm64+0x1008dac08)
    #2 Interface_Static::Items(int, char const*) Interface_Static.cxx:595 (occt_1157_stress_before:arm64+0x10133ffac)
    #3 XSControl_Controller::Customise(opencascade::handle<XSControl_WorkSession>&) XSControl_Controller.cxx:495 (occt_1157_stress_before:arm64+0x1013d8634)
    #4 STEPControl_Controller::Customise(opencascade::handle<XSControl_WorkSession>&) STEPControl_Controller.cxx:506 (occt_1157_stress_before:arm64+0x1005436a0)
    #5 XSControl_WorkSession::SetController(opencascade::handle<XSControl_Controller> const&) XSControl_WorkSession.cxx:122 (occt_1157_stress_before:arm64+0x1013f3418)
    #6 XSControl_WorkSession::SelectNorm(char const*) XSControl_WorkSession.cxx:102 (occt_1157_stress_before:arm64+0x1013f315c)
    #7 STEPControl_Writer::SetWS(opencascade::handle<XSControl_WorkSession> const&, bool) STEPControl_Writer.cxx:56 (occt_1157_stress_before:arm64+0x10054d38c)
    #8 STEPControl_Writer::STEPControl_Writer() STEPControl_Writer.cxx:39 (occt_1157_stress_before:arm64+0x10054d214)
    #9 STEPControl_Writer::STEPControl_Writer() STEPControl_Writer.cxx:37 (occt_1157_stress_before:arm64+0x10054d450)
    #10 runStepWriteIndependent(int, int) occt_1157_stress.cpp:85 (occt_1157_stress_before:arm64+0x100000ad8)
    #11 void* std::__1::__thread_proxy[abi:nqe210106]<std::__1::tuple<std::__1::unique_ptr<std::__1::__thread_struct, std::__1::default_delete<std::__1::__thread_struct>>, void (*)(int, int), int, int>>(void*) thread.h:168 (occt_1157_stress_before:arm64+0x100006494)

  Previous write of size 8 at 0x00010e819db0 by thread T3:
    #0 TCollection_AsciiString::TCollection_AsciiString(TCollection_AsciiString&&) TCollection_AsciiString.cxx:175 (occt_1157_stress_before:arm64+0x1008cd880)
    #1 std::__1::conditional<false, opencascade::handle<Standard_Transient>&, bool>::type NCollection_DataMap<TCollection_AsciiString, opencascade::handle<Standard_Transient>, NCollection_DefaultHasher<TCollection_AsciiString>>::emplaceImpl<TCollection_AsciiString, false, false, opencascade::handle<Standard_Transient> const&>(TCollection_AsciiString&&, std::__1::integral_constant<bool, false>, std::__1::integral_constant<bool, false>, opencascade::handle<Standard_Transient> const&) NCollection_DataMap.hxx:810 (occt_1157_stress_before:arm64+0x10083fdec)
    #2 Interface_Static::Init(char const*, char const*, Interface_ParamType, char const*) Interface_Static.cxx:183 (occt_1157_stress_before:arm64+0x10133e614)
    #3 Interface_Static::Init(char const*, char const*, char, char const*) Interface_Static.cxx:275 (occt_1157_stress_before:arm64+0x10133eb34)
    #4 XSAlgo::Init() XSAlgo.cxx:49 (occt_1157_stress_before:arm64+0x1013f6ae4)
    #5 STEPControl_Controller::Init() STEPControl_Controller.cxx:496 (occt_1157_stress_before:arm64+0x10054353c)
    #6 STEPControl_Writer::STEPControl_Writer() STEPControl_Writer.cxx:38 (occt_1157_stress_before:arm64+0x10054d1d4)
    #7 STEPControl_Writer::STEPControl_Writer() STEPControl_Writer.cxx:37 (occt_1157_stress_before:arm64+0x10054d450)
    #8 runStepWriteIndependent(int, int) occt_1157_stress.cpp:85 (occt_1157_stress_before:arm64+0x100000ad8)
    #9 void* std::__1::__thread_proxy[abi:nqe210106]<std::__1::tuple<std::__1::unique_ptr<std::__1::__thread_struct, std::__1::default_delete<std::__1::__thread_struct>>, void (*)(int, int), int, int>>(void*) thread.h:168 (occt_1157_stress_before:arm64+0x100006494)

  Location is heap block of size 32 at 0x00010e819da0 allocated by thread T3:
    #0 calloc <null> (libclang_rt.tsan_osx_dynamic.dylib:arm64e+0x67c40)
    #1 Standard::Allocate(unsigned long) Standard.cxx:386 (occt_1157_stress_before:arm64+0x1008bed34)
    #2 NCollection_BaseAllocator::Allocate(unsigned long) NCollection_BaseAllocator.cxx:22 (occt_1157_stress_before:arm64+0x1008de93c)
    #3 std::__1::conditional<false, opencascade::handle<Standard_Transient>&, bool>::type NCollection_DataMap<TCollection_AsciiString, opencascade::handle<Standard_Transient>, NCollection_DefaultHasher<TCollection_AsciiString>>::emplaceImpl<TCollection_AsciiString, false, false, opencascade::handle<Standard_Transient> const&>(TCollection_AsciiString&&, std::__1::integral_constant<bool, false>, std::__1::integral_constant<bool, false>, opencascade::handle<Standard_Transient> const&) NCollection_DataMap.hxx:810 (occt_1157_stress_before:arm64+0x10083fd88)
    #4 Interface_Static::Init(char const*, char const*, Interface_ParamType, char const*) Interface_Static.cxx:183 (occt_1157_stress_before:arm64+0x10133e614)
    #5 Interface_Static::Init(char const*, char const*, char, char const*) Interface_Static.cxx:275 (occt_1157_stress_before:arm64+0x10133eb34)
    #6 XSAlgo::Init() XSAlgo.cxx:49 (occt_1157_stress_before:arm64+0x1013f6ae4)
    #7 STEPControl_Controller::Init() STEPControl_Controller.cxx:496 (occt_1157_stress_before:arm64+0x10054353c)
    #8 STEPControl_Writer::STEPControl_Writer() STEPControl_Writer.cxx:38 (occt_1157_stress_before:arm64+0x10054d1d4)
    #9 STEPControl_Writer::STEPControl_Writer() STEPControl_Writer.cxx:37 (occt_1157_stress_before:arm64+0x10054d450)
    #10 runStepWriteIndependent(int, int) occt_1157_stress.cpp:85 (occt_1157_stress_before:arm64+0x100000ad8)
    #11 void* std::__1::__thread_proxy[abi:nqe210106]<std::__1::tuple<std::__1::unique_ptr<std::__1::__thread_struct, std::__1::default_delete<std::__1::__thread_struct>>, void (*)(int, int), int, int>>(void*) thread.h:168 (occt_1157_stress_before:arm64+0x100006494)

  Mutex M0 (0x000104b2d358) created at:
    #0 pthread_mutex_lock <null> (libclang_rt.tsan_osx_dynamic.dylib:arm64e+0x356bc)
    #1 std::__1::mutex::lock() <null> (libc++.1.dylib:arm64e+0x300c)
    #2 STEPControl_Writer::SetWS(opencascade::handle<XSControl_WorkSession> const&, bool) STEPControl_Writer.cxx:56 (occt_1157_stress_before:arm64+0x10054d38c)
    #3 STEPControl_Writer::STEPControl_Writer() STEPControl_Writer.cxx:39 (occt_1157_stress_before:arm64+0x10054d214)
    #4 STEPControl_Writer::STEPControl_Writer() STEPControl_Writer.cxx:37 (occt_1157_stress_before:arm64+0x10054d450)
    #5 runStepWriteIndependent(int, int) occt_1157_stress.cpp:85 (occt_1157_stress_before:arm64+0x100000ad8)
    #6 void* std::__1::__thread_proxy[abi:nqe210106]<std::__1::tuple<std::__1::unique_ptr<std::__1::__thread_struct, std::__1::default_delete<std::__1::__thread_struct>>, void (*)(int, int), int, int>>(void*) thread.h:168 (occt_1157_stress_before:arm64+0x100006494)

  Thread T8 (tid=352298, running) created by main thread at:
    #0 pthread_create <null> (libclang_rt.tsan_osx_dynamic.dylib:arm64e+0x33834)
    #1 std::__1::thread::thread[abi:nqe210106]<void (*&)(int, int), int&, int&, 0>(void (*&)(int, int), int&, int&) thread.h:216 (occt_1157_stress_before:arm64+0x10000635c)
    #2 runOne(char const*, int, int) occt_1157_stress.cpp:343 (occt_1157_stress_before:arm64+0x1000039b0)
    #3 main occt_1157_stress.cpp:380 (occt_1157_stress_before:arm64+0x100002e08)

  Thread T3 (tid=352293, running) created by main thread at:
    #0 pthread_create <null> (libclang_rt.tsan_osx_dynamic.dylib:arm64e+0x33834)
    #1 std::__1::thread::thread[abi:nqe210106]<void (*&)(int, int), int&, int&, 0>(void (*&)(int, int), int&, int&) thread.h:216 (occt_1157_stress_before:arm64+0x10000635c)
    #2 std::__1::thread* std::__1::vector<std::__1::thread, std::__1::allocator<std::__1::thread>>::__emplace_back_slow_path<void (*&)(int, int), int&, int&>(void (*&)(int, int), int&, int&) vector.h:1130 (occt_1157_stress_before:arm64+0x100006118)
    #3 runOne(char const*, int, int) occt_1157_stress.cpp:343 (occt_1157_stress_before:arm64+0x1000039d8)
    #4 main occt_1157_stress.cpp:380 (occt_1157_stress_before:arm64+0x100002e08)

SUMMARY: ThreadSanitizer: data race TCollection_AsciiString.cxx:164 in TCollection_AsciiString::TCollection_AsciiString(TCollection_AsciiString const&)
==================
WARNING: ThreadSanitizer: data race (pid=70754)
  Read of size 8 at 0x00010e819da0 by thread T8 (mutexes: write M0):
    #0 Interface_Static::Items(int, char const*) Interface_Static.cxx:554 (occt_1157_stress_before:arm64+0x10133fe50)
    #1 XSControl_Controller::Customise(opencascade::handle<XSControl_WorkSession>&) XSControl_Controller.cxx:495 (occt_1157_stress_before:arm64+0x1013d8634)
    #2 STEPControl_Controller::Customise(opencascade::handle<XSControl_WorkSession>&) STEPControl_Controller.cxx:506 (occt_1157_stress_before:arm64+0x1005436a0)
    #3 XSControl_WorkSession::SetController(opencascade::handle<XSControl_Controller> const&) XSControl_WorkSession.cxx:122 (occt_1157_stress_before:arm64+0x1013f3418)
    #4 XSControl_WorkSession::SelectNorm(char const*) XSControl_WorkSession.cxx:102 (occt_1157_stress_before:arm64+0x1013f315c)
    #5 STEPControl_Writer::SetWS(opencascade::handle<XSControl_WorkSession> const&, bool) STEPControl_Writer.cxx:56 (occt_1157_stress_before:arm64+0x10054d38c)
    #6 STEPControl_Writer::STEPControl_Writer() STEPControl_Writer.cxx:39 (occt_1157_stress_before:arm64+0x10054d214)
    #7 STEPControl_Writer::STEPControl_Writer() STEPControl_Writer.cxx:37 (occt_1157_stress_before:arm64+0x10054d450)
    #8 runStepWriteIndependent(int, int) occt_1157_stress.cpp:85 (occt_1157_stress_before:arm64+0x100000ad8)
    #9 void* std::__1::__thread_proxy[abi:nqe210106]<std::__1::tuple<std::__1::unique_ptr<std::__1::__thread_struct, std::__1::default_delete<std::__1::__thread_struct>>, void (*)(int, int), int, int>>(void*) thread.h:168 (occt_1157_stress_before:arm64+0x100006494)

  Previous write of size 8 at 0x00010e819da0 by thread T3:
    #0 std::__1::conditional<false, opencascade::handle<Standard_Transient>&, bool>::type NCollection_DataMap<TCollection_AsciiString, opencascade::handle<Standard_Transient>, NCollection_DefaultHasher<TCollection_AsciiString>>::emplaceImpl<TCollection_AsciiString, false, false, opencascade::handle<Standard_Transient> const&>(TCollection_AsciiString&&, std::__1::integral_constant<bool, false>, std::__1::integral_constant<bool, false>, opencascade::handle<Standard_Transient> const&) NCollection_DataMap.hxx:810 (occt_1157_stress_before:arm64+0x10083fdb0)
    #1 Interface_Static::Init(char const*, char const*, Interface_ParamType, char const*) Interface_Static.cxx:183 (occt_1157_stress_before:arm64+0x10133e614)
    #2 Interface_Static::Init(char const*, char const*, char, char const*) Interface_Static.cxx:275 (occt_1157_stress_before:arm64+0x10133eb34)
    #3 XSAlgo::Init() XSAlgo.cxx:49 (occt_1157_stress_before:arm64+0x1013f6ae4)
    #4 STEPControl_Controller::Init() STEPControl_Controller.cxx:496 (occt_1157_stress_before:arm64+0x10054353c)
    #5 STEPControl_Writer::STEPControl_Writer() STEPControl_Writer.cxx:38 (occt_1157_stress_before:arm64+0x10054d1d4)
    #6 STEPControl_Writer::STEPControl_Writer() STEPControl_Writer.cxx:37 (occt_1157_stress_before:arm64+0x10054d450)
    #7 runStepWriteIndependent(int, int) occt_1157_stress.cpp:85 (occt_1157_stress_before:arm64+0x100000ad8)
    #8 void* std::__1::__thread_proxy[abi:nqe210106]<std::__1::tuple<std::__1::unique_ptr<std::__1::__thread_struct, std::__1::default_delete<std::__1::__thread_struct>>, void (*)(int, int), int, int>>(void*) thread.h:168 (occt_1157_stress_before:arm64+0x100006494)

  Location is heap block of size 32 at 0x00010e819da0 allocated by thread T3:
    #0 calloc <null> (libclang_rt.tsan_osx_dynamic.dylib:arm64e+0x67c40)
    #1 Standard::Allocate(unsigned long) Standard.cxx:386 (occt_1157_stress_before:arm64+0x1008bed34)
    #2 NCollection_BaseAllocator::Allocate(unsigned long) NCollection_BaseAllocator.cxx:22 (occt_1157_stress_before:arm64+0x1008de93c)
    #3 std::__1::conditional<false, opencascade::handle<Standard_Transient>&, bool>::type NCollection_DataMap<TCollection_AsciiString, opencascade::handle<Standard_Transient>, NCollection_DefaultHasher<TCollection_AsciiString>>::emplaceImpl<TCollection_AsciiString, false, false, opencascade::handle<Standard_Transient> const&>(TCollection_AsciiString&&, std::__1::integral_constant<bool, false>, std::__1::integral_constant<bool, false>, opencascade::handle<Standard_Transient> const&) NCollection_DataMap.hxx:810 (occt_1157_stress_before:arm64+0x10083fd88)
    #4 Interface_Static::Init(char const*, char const*, Interface_ParamType, char const*) Interface_Static.cxx:183 (occt_1157_stress_before:arm64+0x10133e614)
    #5 Interface_Static::Init(char const*, char const*, char, char const*) Interface_Static.cxx:275 (occt_1157_stress_before:arm64+0x10133eb34)
    #6 XSAlgo::Init() XSAlgo.cxx:49 (occt_1157_stress_before:arm64+0x1013f6ae4)
    #7 STEPControl_Controller::Init() STEPControl_Controller.cxx:496 (occt_1157_stress_before:arm64+0x10054353c)
    #8 STEPControl_Writer::STEPControl_Writer() STEPControl_Writer.cxx:38 (occt_1157_stress_before:arm64+0x10054d1d4)
    #9 STEPControl_Writer::STEPControl_Writer() STEPControl_Writer.cxx:37 (occt_1157_stress_before:arm64+0x10054d450)
    #10 runStepWriteIndependent(int, int) occt_1157_stress.cpp:85 (occt_1157_stress_before:arm64+0x100000ad8)
    #11 void* std::__1::__thread_proxy[abi:nqe210106]<std::__1::tuple<std::__1::unique_ptr<std::__1::__thread_struct, std::__1::default_delete<std::__1::__thread_struct>>, void (*)(int, int), int, int>>(void*) thread.h:168 (occt_1157_stress_before:arm64+0x100006494)

  Mutex M0 (0x000104b2d358) created at:
    #0 pthread_mutex_lock <null> (libclang_rt.tsan_osx_dynamic.dylib:arm64e+0x356bc)
    #1 std::__1::mutex::lock() <null> (libc++.1.dylib:arm64e+0x300c)
    #2 STEPControl_Writer::SetWS(opencascade::handle<XSControl_WorkSession> const&, bool) STEPControl_Writer.cxx:56 (occt_1157_stress_before:arm64+0x10054d38c)
    #3 STEPControl_Writer::STEPControl_Writer() STEPControl_Writer.cxx:39 (occt_1157_stress_before:arm64+0x10054d214)
    #4 STEPControl_Writer::STEPControl_Writer() STEPControl_Writer.cxx:37 (occt_1157_stress_before:arm64+0x10054d450)
    #5 runStepWriteIndependent(int, int) occt_1157_stress.cpp:85 (occt_1157_stress_before:arm64+0x100000ad8)
    #6 void* std::__1::__thread_proxy[abi:nqe210106]<std::__1::tuple<std::__1::unique_ptr<std::__1::__thread_struct, std::__1::default_delete<std::__1::__thread_struct>>, void (*)(int, int), int, int>>(void*) thread.h:168 (occt_1157_stress_before:arm64+0x100006494)

  Thread T8 (tid=352298, running) created by main thread at:
    #0 pthread_create <null> (libclang_rt.tsan_osx_dynamic.dylib:arm64e+0x33834)
    #1 std::__1::thread::thread[abi:nqe210106]<void (*&)(int, int), int&, int&, 0>(void (*&)(int, int), int&, int&) thread.h:216 (occt_1157_stress_before:arm64+0x10000635c)
    #2 runOne(char const*, int, int) occt_1157_stress.cpp:343 (occt_1157_stress_before:arm64+0x1000039b0)
    #3 main occt_1157_stress.cpp:380 (occt_1157_stress_before:arm64+0x100002e08)

  Thread T3 (tid=352293, running) created by main thread at:
    #0 pthread_create <null> (libclang_rt.tsan_osx_dynamic.dylib:arm64e+0x33834)
    #1 std::__1::thread::thread[abi:nqe210106]<void (*&)(int, int), int&, int&, 0>(void (*&)(int, int), int&, int&) thread.h:216 (occt_1157_stress_before:arm64+0x10000635c)
    #2 std::__1::thread* std::__1::vector<std::__1::thread, std::__1::allocator<std::__1::thread>>::__emplace_back_slow_path<void (*&)(int, int), int&, int&>(void (*&)(int, int), int&, int&) vector.h:1130 (occt_1157_stress_before:arm64+0x100006118)
    #3 runOne(char const*, int, int) occt_1157_stress.cpp:343 (occt_1157_stress_before:arm64+0x1000039d8)
    #4 main occt_1157_stress.cpp:380 (occt_1157_stress_before:arm64+0x100002e08)

SUMMARY: ThreadSanitizer: data race Interface_Static.cxx:554 in Interface_Static::Items(int, char const*)
==================
WARNING: ThreadSanitizer: data race (pid=70754)
  Read of size 8 at 0x00010fd14410 by thread T8 (mutexes: write M0):
    #0 MoniTool_TypedValue::Name() const MoniTool_TypedValue.cxx:188 (occt_1157_stress_before:arm64+0x1014035c4)
    #1 IFSelect_Editor::SetValue(int, opencascade::handle<Interface_TypedValue> const&, char const*, IFSelect_EditValue) IFSelect_Editor.cxx:70 (occt_1157_stress_before:arm64+0x10137dba0)
    #2 IFSelect_ParamEditor::StaticEditor(opencascade::handle<NCollection_HSequence<opencascade::handle<TCollection_HAsciiString>>> const&, char const*) IFSelect_ParamEditor.cxx:118 (occt_1157_stress_before:arm64+0x10138a1f0)
    #3 XSControl_Controller::Customise(opencascade::handle<XSControl_WorkSession>&) XSControl_Controller.cxx:497 (occt_1157_stress_before:arm64+0x1013d8648)
    #4 STEPControl_Controller::Customise(opencascade::handle<XSControl_WorkSession>&) STEPControl_Controller.cxx:506 (occt_1157_stress_before:arm64+0x1005436a0)
    #5 XSControl_WorkSession::SetController(opencascade::handle<XSControl_Controller> const&) XSControl_WorkSession.cxx:122 (occt_1157_stress_before:arm64+0x1013f3418)
    #6 XSControl_WorkSession::SelectNorm(char const*) XSControl_WorkSession.cxx:102 (occt_1157_stress_before:arm64+0x1013f315c)
    #7 STEPControl_Writer::SetWS(opencascade::handle<XSControl_WorkSession> const&, bool) STEPControl_Writer.cxx:56 (occt_1157_stress_before:arm64+0x10054d38c)
    #8 STEPControl_Writer::STEPControl_Writer() STEPControl_Writer.cxx:39 (occt_1157_stress_before:arm64+0x10054d214)
    #9 STEPControl_Writer::STEPControl_Writer() STEPControl_Writer.cxx:37 (occt_1157_stress_before:arm64+0x10054d450)
    #10 runStepWriteIndependent(int, int) occt_1157_stress.cpp:85 (occt_1157_stress_before:arm64+0x100000ad8)
    #11 void* std::__1::__thread_proxy[abi:nqe210106]<std::__1::tuple<std::__1::unique_ptr<std::__1::__thread_struct, std::__1::default_delete<std::__1::__thread_struct>>, void (*)(int, int), int, int>>(void*) thread.h:168 (occt_1157_stress_before:arm64+0x100006494)

  Previous write of size 8 at 0x00010fd14410 by thread T3:
    #0 TCollection_AsciiString::TCollection_AsciiString(char const*, int) TCollection_AsciiString.hxx:1528 (occt_1157_stress_before:arm64+0x1008ccba4)
    #1 TCollection_AsciiString::TCollection_AsciiString(char const*, int) TCollection_AsciiString.cxx:107 (occt_1157_stress_before:arm64+0x1008ccd0c)
    #2 MoniTool_TypedValue::MoniTool_TypedValue(char const*, MoniTool_ValueType, char const*) MoniTool_TypedValue.cxx:73 (occt_1157_stress_before:arm64+0x10140258c)
    #3 Interface_TypedValue::Interface_TypedValue(char const*, Interface_ParamType, char const*) Interface_TypedValue.cxx:33 (occt_1157_stress_before:arm64+0x101341144)
    #4 Interface_Static::Interface_Static(char const*, char const*, Interface_ParamType, char const*) Interface_Static.cxx:39 (occt_1157_stress_before:arm64+0x10133d464)
    #5 Interface_Static::Init(char const*, char const*, Interface_ParamType, char const*) Interface_Static.cxx:180 (occt_1157_stress_before:arm64+0x10133e45c)
    #6 Interface_Static::Init(char const*, char const*, char, char const*) Interface_Static.cxx:275 (occt_1157_stress_before:arm64+0x10133eb34)
    #7 XSAlgo::Init() XSAlgo.cxx:42 (occt_1157_stress_before:arm64+0x1013f6a54)
    #8 STEPControl_Controller::Init() STEPControl_Controller.cxx:496 (occt_1157_stress_before:arm64+0x10054353c)
    #9 STEPControl_Writer::STEPControl_Writer() STEPControl_Writer.cxx:38 (occt_1157_stress_before:arm64+0x10054d1d4)
    #10 STEPControl_Writer::STEPControl_Writer() STEPControl_Writer.cxx:37 (occt_1157_stress_before:arm64+0x10054d450)
    #11 runStepWriteIndependent(int, int) occt_1157_stress.cpp:85 (occt_1157_stress_before:arm64+0x100000ad8)
    #12 void* std::__1::__thread_proxy[abi:nqe210106]<std::__1::tuple<std::__1::unique_ptr<std::__1::__thread_struct, std::__1::default_delete<std::__1::__thread_struct>>, void (*)(int, int), int, int>>(void*) thread.h:168 (occt_1157_stress_before:arm64+0x100006494)

  Location is heap block of size 648 at 0x00010fd14400 allocated by thread T3:
    #0 calloc <null> (libclang_rt.tsan_osx_dynamic.dylib:arm64e+0x67c40)
    #1 Standard::Allocate(unsigned long) Standard.cxx:386 (occt_1157_stress_before:arm64+0x1008bed34)
    #2 Interface_Static::Init(char const*, char const*, Interface_ParamType, char const*) Interface_Static.cxx:180 (occt_1157_stress_before:arm64+0x10133e444)
    #3 Interface_Static::Init(char const*, char const*, char, char const*) Interface_Static.cxx:275 (occt_1157_stress_before:arm64+0x10133eb34)
    #4 XSAlgo::Init() XSAlgo.cxx:42 (occt_1157_stress_before:arm64+0x1013f6a54)
    #5 STEPControl_Controller::Init() STEPControl_Controller.cxx:496 (occt_1157_stress_before:arm64+0x10054353c)
    #6 STEPControl_Writer::STEPControl_Writer() STEPControl_Writer.cxx:38 (occt_1157_stress_before:arm64+0x10054d1d4)
    #7 STEPControl_Writer::STEPControl_Writer() STEPControl_Writer.cxx:37 (occt_1157_stress_before:arm64+0x10054d450)
    #8 runStepWriteIndependent(int, int) occt_1157_stress.cpp:85 (occt_1157_stress_before:arm64+0x100000ad8)
    #9 void* std::__1::__thread_proxy[abi:nqe210106]<std::__1::tuple<std::__1::unique_ptr<std::__1::__thread_struct, std::__1::default_delete<std::__1::__thread_struct>>, void (*)(int, int), int, int>>(void*) thread.h:168 (occt_1157_stress_before:arm64+0x100006494)

  Mutex M0 (0x000104b2d358) created at:
    #0 pthread_mutex_lock <null> (libclang_rt.tsan_osx_dynamic.dylib:arm64e+0x356bc)
    #1 std::__1::mutex::lock() <null> (libc++.1.dylib:arm64e+0x300c)
    #2 STEPControl_Writer::SetWS(opencascade::handle<XSControl_WorkSession> const&, bool) STEPControl_Writer.cxx:56 (occt_1157_stress_before:arm64+0x10054d38c)
    #3 STEPControl_Writer::STEPControl_Writer() STEPControl_Writer.cxx:39 (occt_1157_stress_before:arm64+0x10054d214)
    #4 STEPControl_Writer::STEPControl_Writer() STEPControl_Writer.cxx:37 (occt_1157_stress_before:arm64+0x10054d450)
    #5 runStepWriteIndependent(int, int) occt_1157_stress.cpp:85 (occt_1157_stress_before:arm64+0x100000ad8)
    #6 void* std::__1::__thread_proxy[abi:nqe210106]<std::__1::tuple<std::__1::unique_ptr<std::__1::__thread_struct, std::__1::default_delete<std::__1::__thread_struct>>, void (*)(int, int), int, int>>(void*) thread.h:168 (occt_1157_stress_before:arm64+0x100006494)

  Thread T8 (tid=352298, running) created by main thread at:
    #0 pthread_create <null> (libclang_rt.tsan_osx_dynamic.dylib:arm64e+0x33834)
    #1 std::__1::thread::thread[abi:nqe210106]<void (*&)(int, int), int&, int&, 0>(void (*&)(int, int), int&, int&) thread.h:216 (occt_1157_stress_before:arm64+0x10000635c)
    #2 runOne(char const*, int, int) occt_1157_stress.cpp:343 (occt_1157_stress_before:arm64+0x1000039b0)
    #3 main occt_1157_stress.cpp:380 (occt_1157_stress_before:arm64+0x100002e08)

  Thread T3 (tid=352293, running) created by main thread at:
    #0 pthread_create <null> (libclang_rt.tsan_osx_dynamic.dylib:arm64e+0x33834)
    #1 std::__1::thread::thread[abi:nqe210106]<void (*&)(int, int), int&, int&, 0>(void (*&)(int, int), int&, int&) thread.h:216 (occt_1157_stress_before:arm64+0x10000635c)
    #2 std::__1::thread* std::__1::vector<std::__1::thread, std::__1::allocator<std::__1::thread>>::__emplace_back_slow_path<void (*&)(int, int), int&, int&>(void (*&)(int, int), int&, int&) vector.h:1130 (occt_1157_stress_before:arm64+0x100006118)
    #3 runOne(char const*, int, int) occt_1157_stress.cpp:343 (occt_1157_stress_before:arm64+0x1000039d8)
    #4 main occt_1157_stress.cpp:380 (occt_1157_stress_before:arm64+0x100002e08)

SUMMARY: ThreadSanitizer: data race MoniTool_TypedValue.cxx:188 in MoniTool_TypedValue::Name() const
==================
WARNING: ThreadSanitizer: data race (pid=70754)
  Read of size 8 at 0x00010fd14430 by thread T8 (mutexes: write M0):
    #0 MoniTool_TypedValue::Label() const MoniTool_TypedValue.cxx:433 (occt_1157_stress_before:arm64+0x101403ca0)
    #1 IFSelect_Editor::SetValue(int, opencascade::handle<Interface_TypedValue> const&, char const*, IFSelect_EditValue) IFSelect_Editor.cxx:75 (occt_1157_stress_before:arm64+0x10137dbd8)
    #2 IFSelect_ParamEditor::StaticEditor(opencascade::handle<NCollection_HSequence<opencascade::handle<TCollection_HAsciiString>>> const&, char const*) IFSelect_ParamEditor.cxx:118 (occt_1157_stress_before:arm64+0x10138a1f0)
    #3 XSControl_Controller::Customise(opencascade::handle<XSControl_WorkSession>&) XSControl_Controller.cxx:497 (occt_1157_stress_before:arm64+0x1013d8648)
    #4 STEPControl_Controller::Customise(opencascade::handle<XSControl_WorkSession>&) STEPControl_Controller.cxx:506 (occt_1157_stress_before:arm64+0x1005436a0)
    #5 XSControl_WorkSession::SetController(opencascade::handle<XSControl_Controller> const&) XSControl_WorkSession.cxx:122 (occt_1157_stress_before:arm64+0x1013f3418)
    #6 XSControl_WorkSession::SelectNorm(char const*) XSControl_WorkSession.cxx:102 (occt_1157_stress_before:arm64+0x1013f315c)
    #7 STEPControl_Writer::SetWS(opencascade::handle<XSControl_WorkSession> const&, bool) STEPControl_Writer.cxx:56 (occt_1157_stress_before:arm64+0x10054d38c)
    #8 STEPControl_Writer::STEPControl_Writer() STEPControl_Writer.cxx:39 (occt_1157_stress_before:arm64+0x10054d214)
    #9 STEPControl_Writer::STEPControl_Writer() STEPControl_Writer.cxx:37 (occt_1157_stress_before:arm64+0x10054d450)
    #10 runStepWriteIndependent(int, int) occt_1157_stress.cpp:85 (occt_1157_stress_before:arm64+0x100000ad8)
    #11 void* std::__1::__thread_proxy[abi:nqe210106]<std::__1::tuple<std::__1::unique_ptr<std::__1::__thread_struct, std::__1::default_delete<std::__1::__thread_struct>>, void (*)(int, int), int, int>>(void*) thread.h:168 (occt_1157_stress_before:arm64+0x100006494)

  Previous write of size 8 at 0x00010fd14430 by thread T3:
    #0 TCollection_AsciiString::TCollection_AsciiString() TCollection_AsciiString.cxx:98 (occt_1157_stress_before:arm64+0x1008ccb58)
    #1 MoniTool_TypedValue::MoniTool_TypedValue(char const*, MoniTool_ValueType, char const*) MoniTool_TypedValue.cxx:70 (occt_1157_stress_before:arm64+0x10140259c)
    #2 Interface_TypedValue::Interface_TypedValue(char const*, Interface_ParamType, char const*) Interface_TypedValue.cxx:33 (occt_1157_stress_before:arm64+0x101341144)
    #3 Interface_Static::Interface_Static(char const*, char const*, Interface_ParamType, char const*) Interface_Static.cxx:39 (occt_1157_stress_before:arm64+0x10133d464)
    #4 Interface_Static::Init(char const*, char const*, Interface_ParamType, char const*) Interface_Static.cxx:180 (occt_1157_stress_before:arm64+0x10133e45c)
    #5 Interface_Static::Init(char const*, char const*, char, char const*) Interface_Static.cxx:275 (occt_1157_stress_before:arm64+0x10133eb34)
    #6 XSAlgo::Init() XSAlgo.cxx:42 (occt_1157_stress_before:arm64+0x1013f6a54)
    #7 STEPControl_Controller::Init() STEPControl_Controller.cxx:496 (occt_1157_stress_before:arm64+0x10054353c)
    #8 STEPControl_Writer::STEPControl_Writer() STEPControl_Writer.cxx:38 (occt_1157_stress_before:arm64+0x10054d1d4)
    #9 STEPControl_Writer::STEPControl_Writer() STEPControl_Writer.cxx:37 (occt_1157_stress_before:arm64+0x10054d450)
    #10 runStepWriteIndependent(int, int) occt_1157_stress.cpp:85 (occt_1157_stress_before:arm64+0x100000ad8)
    #11 void* std::__1::__thread_proxy[abi:nqe210106]<std::__1::tuple<std::__1::unique_ptr<std::__1::__thread_struct, std::__1::default_delete<std::__1::__thread_struct>>, void (*)(int, int), int, int>>(void*) thread.h:168 (occt_1157_stress_before:arm64+0x100006494)

  Location is heap block of size 648 at 0x00010fd14400 allocated by thread T3:
    #0 calloc <null> (libclang_rt.tsan_osx_dynamic.dylib:arm64e+0x67c40)
    #1 Standard::Allocate(unsigned long) Standard.cxx:386 (occt_1157_stress_before:arm64+0x1008bed34)
    #2 Interface_Static::Init(char const*, char const*, Interface_ParamType, char const*) Interface_Static.cxx:180 (occt_1157_stress_before:arm64+0x10133e444)
    #3 Interface_Static::Init(char const*, char const*, char, char const*) Interface_Static.cxx:275 (occt_1157_stress_before:arm64+0x10133eb34)
    #4 XSAlgo::Init() XSAlgo.cxx:42 (occt_1157_stress_before:arm64+0x1013f6a54)
    #5 STEPControl_Controller::Init() STEPControl_Controller.cxx:496 (occt_1157_stress_before:arm64+0x10054353c)
    #6 STEPControl_Writer::STEPControl_Writer() STEPControl_Writer.cxx:38 (occt_1157_stress_before:arm64+0x10054d1d4)
    #7 STEPControl_Writer::STEPControl_Writer() STEPControl_Writer.cxx:37 (occt_1157_stress_before:arm64+0x10054d450)
    #8 runStepWriteIndependent(int, int) occt_1157_stress.cpp:85 (occt_1157_stress_before:arm64+0x100000ad8)
    #9 void* std::__1::__thread_proxy[abi:nqe210106]<std::__1::tuple<std::__1::unique_ptr<std::__1::__thread_struct, std::__1::default_delete<std::__1::__thread_struct>>, void (*)(int, int), int, int>>(void*) thread.h:168 (occt_1157_stress_before:arm64+0x100006494)

  Mutex M0 (0x000104b2d358) created at:
    #0 pthread_mutex_lock <null> (libclang_rt.tsan_osx_dynamic.dylib:arm64e+0x356bc)
    #1 std::__1::mutex::lock() <null> (libc++.1.dylib:arm64e+0x300c)
    #2 STEPControl_Writer::SetWS(opencascade::handle<XSControl_WorkSession> const&, bool) STEPControl_Writer.cxx:56 (occt_1157_stress_before:arm64+0x10054d38c)
    #3 STEPControl_Writer::STEPControl_Writer() STEPControl_Writer.cxx:39 (occt_1157_stress_before:arm64+0x10054d214)
    #4 STEPControl_Writer::STEPControl_Writer() STEPControl_Writer.cxx:37 (occt_1157_stress_before:arm64+0x10054d450)
    #5 runStepWriteIndependent(int, int) occt_1157_stress.cpp:85 (occt_1157_stress_before:arm64+0x100000ad8)
    #6 void* std::__1::__thread_proxy[abi:nqe210106]<std::__1::tuple<std::__1::unique_ptr<std::__1::__thread_struct, std::__1::default_delete<std::__1::__thread_struct>>, void (*)(int, int), int, int>>(void*) thread.h:168 (occt_1157_stress_before:arm64+0x100006494)

  Thread T8 (tid=352298, running) created by main thread at:
    #0 pthread_create <null> (libclang_rt.tsan_osx_dynamic.dylib:arm64e+0x33834)
    #1 std::__1::thread::thread[abi:nqe210106]<void (*&)(int, int), int&, int&, 0>(void (*&)(int, int), int&, int&) thread.h:216 (occt_1157_stress_before:arm64+0x10000635c)
    #2 runOne(char const*, int, int) occt_1157_stress.cpp:343 (occt_1157_stress_before:arm64+0x1000039b0)
    #3 main occt_1157_stress.cpp:380 (occt_1157_stress_before:arm64+0x100002e08)

  Thread T3 (tid=352293, running) created by main thread at:
    #0 pthread_create <null> (libclang_rt.tsan_osx_dynamic.dylib:arm64e+0x33834)
    #1 std::__1::thread::thread[abi:nqe210106]<void (*&)(int, int), int&, int&, 0>(void (*&)(int, int), int&, int&) thread.h:216 (occt_1157_stress_before:arm64+0x10000635c)
    #2 std::__1::thread* std::__1::vector<std::__1::thread, std::__1::allocator<std::__1::thread>>::__emplace_back_slow_path<void (*&)(int, int), int&, int&>(void (*&)(int, int), int&, int&) vector.h:1130 (occt_1157_stress_before:arm64+0x100006118)
    #3 runOne(char const*, int, int) occt_1157_stress.cpp:343 (occt_1157_stress_before:arm64+0x1000039d8)
    #4 main occt_1157_stress.cpp:380 (occt_1157_stress_before:arm64+0x100002e08)

SUMMARY: ThreadSanitizer: data race MoniTool_TypedValue.cxx:433 in MoniTool_TypedValue::Label() const
==================
WARNING: ThreadSanitizer: data race (pid=70754)
  Read of size 8 at 0x00010fd14110 by thread T8 (mutexes: write M0):
    #0 MoniTool_TypedValue::Name() const MoniTool_TypedValue.cxx:188 (occt_1157_stress_before:arm64+0x1014035c4)
    #1 IFSelect_Editor::SetValue(int, opencascade::handle<Interface_TypedValue> const&, char const*, IFSelect_EditValue) IFSelect_Editor.cxx:70 (occt_1157_stress_before:arm64+0x10137dba0)
    #2 IFSelect_ParamEditor::StaticEditor(opencascade::handle<NCollection_HSequence<opencascade::handle<TCollection_HAsciiString>>> const&, char const*) IFSelect_ParamEditor.cxx:118 (occt_1157_stress_before:arm64+0x10138a1f0)
    #3 XSControl_Controller::Customise(opencascade::handle<XSControl_WorkSession>&) XSControl_Controller.cxx:497 (occt_1157_stress_before:arm64+0x1013d8648)
    #4 STEPControl_Controller::Customise(opencascade::handle<XSControl_WorkSession>&) STEPControl_Controller.cxx:506 (occt_1157_stress_before:arm64+0x1005436a0)
    #5 XSControl_WorkSession::SetController(opencascade::handle<XSControl_Controller> const&) XSControl_WorkSession.cxx:122 (occt_1157_stress_before:arm64+0x1013f3418)
    #6 XSControl_WorkSession::SelectNorm(char const*) XSControl_WorkSession.cxx:102 (occt_1157_stress_before:arm64+0x1013f315c)
    #7 STEPControl_Writer::SetWS(opencascade::handle<XSControl_WorkSession> const&, bool) STEPControl_Writer.cxx:56 (occt_1157_stress_before:arm64+0x10054d38c)
    #8 STEPControl_Writer::STEPControl_Writer() STEPControl_Writer.cxx:39 (occt_1157_stress_before:arm64+0x10054d214)
    #9 STEPControl_Writer::STEPControl_Writer() STEPControl_Writer.cxx:37 (occt_1157_stress_before:arm64+0x10054d450)
    #10 runStepWriteIndependent(int, int) occt_1157_stress.cpp:85 (occt_1157_stress_before:arm64+0x100000ad8)
    #11 void* std::__1::__thread_proxy[abi:nqe210106]<std::__1::tuple<std::__1::unique_ptr<std::__1::__thread_struct, std::__1::default_delete<std::__1::__thread_struct>>, void (*)(int, int), int, int>>(void*) thread.h:168 (occt_1157_stress_before:arm64+0x100006494)

  Previous write of size 8 at 0x00010fd14110 by thread T3:
    #0 TCollection_AsciiString::TCollection_AsciiString(char const*, int) TCollection_AsciiString.hxx:1528 (occt_1157_stress_before:arm64+0x1008ccba4)
    #1 TCollection_AsciiString::TCollection_AsciiString(char const*, int) TCollection_AsciiString.cxx:107 (occt_1157_stress_before:arm64+0x1008ccd0c)
    #2 MoniTool_TypedValue::MoniTool_TypedValue(char const*, MoniTool_ValueType, char const*) MoniTool_TypedValue.cxx:73 (occt_1157_stress_before:arm64+0x10140258c)
    #3 Interface_TypedValue::Interface_TypedValue(char const*, Interface_ParamType, char const*) Interface_TypedValue.cxx:33 (occt_1157_stress_before:arm64+0x101341144)
    #4 Interface_Static::Interface_Static(char const*, char const*, Interface_ParamType, char const*) Interface_Static.cxx:39 (occt_1157_stress_before:arm64+0x10133d464)
    #5 Interface_Static::Init(char const*, char const*, Interface_ParamType, char const*) Interface_Static.cxx:180 (occt_1157_stress_before:arm64+0x10133e45c)
    #6 Interface_Static::Init(char const*, char const*, char, char const*) Interface_Static.cxx:275 (occt_1157_stress_before:arm64+0x10133eb34)
    #7 XSAlgo::Init() XSAlgo.cxx:49 (occt_1157_stress_before:arm64+0x1013f6ae4)
    #8 STEPControl_Controller::Init() STEPControl_Controller.cxx:496 (occt_1157_stress_before:arm64+0x10054353c)
    #9 STEPControl_Writer::STEPControl_Writer() STEPControl_Writer.cxx:38 (occt_1157_stress_before:arm64+0x10054d1d4)
    #10 STEPControl_Writer::STEPControl_Writer() STEPControl_Writer.cxx:37 (occt_1157_stress_before:arm64+0x10054d450)
    #11 runStepWriteIndependent(int, int) occt_1157_stress.cpp:85 (occt_1157_stress_before:arm64+0x100000ad8)
    #12 void* std::__1::__thread_proxy[abi:nqe210106]<std::__1::tuple<std::__1::unique_ptr<std::__1::__thread_struct, std::__1::default_delete<std::__1::__thread_struct>>, void (*)(int, int), int, int>>(void*) thread.h:168 (occt_1157_stress_before:arm64+0x100006494)

  Location is heap block of size 648 at 0x00010fd14100 allocated by thread T3:
    #0 calloc <null> (libclang_rt.tsan_osx_dynamic.dylib:arm64e+0x67c40)
    #1 Standard::Allocate(unsigned long) Standard.cxx:386 (occt_1157_stress_before:arm64+0x1008bed34)
    #2 Interface_Static::Init(char const*, char const*, Interface_ParamType, char const*) Interface_Static.cxx:180 (occt_1157_stress_before:arm64+0x10133e444)
    #3 Interface_Static::Init(char const*, char const*, char, char const*) Interface_Static.cxx:275 (occt_1157_stress_before:arm64+0x10133eb34)
    #4 XSAlgo::Init() XSAlgo.cxx:49 (occt_1157_stress_before:arm64+0x1013f6ae4)
    #5 STEPControl_Controller::Init() STEPControl_Controller.cxx:496 (occt_1157_stress_before:arm64+0x10054353c)
    #6 STEPControl_Writer::STEPControl_Writer() STEPControl_Writer.cxx:38 (occt_1157_stress_before:arm64+0x10054d1d4)
    #7 STEPControl_Writer::STEPControl_Writer() STEPControl_Writer.cxx:37 (occt_1157_stress_before:arm64+0x10054d450)
    #8 runStepWriteIndependent(int, int) occt_1157_stress.cpp:85 (occt_1157_stress_before:arm64+0x100000ad8)
    #9 void* std::__1::__thread_proxy[abi:nqe210106]<std::__1::tuple<std::__1::unique_ptr<std::__1::__thread_struct, std::__1::default_delete<std::__1::__thread_struct>>, void (*)(int, int), int, int>>(void*) thread.h:168 (occt_1157_stress_before:arm64+0x100006494)

  Mutex M0 (0x000104b2d358) created at:
    #0 pthread_mutex_lock <null> (libclang_rt.tsan_osx_dynamic.dylib:arm64e+0x356bc)
    #1 std::__1::mutex::lock() <null> (libc++.1.dylib:arm64e+0x300c)
    #2 STEPControl_Writer::SetWS(opencascade::handle<XSControl_WorkSession> const&, bool) STEPControl_Writer.cxx:56 (occt_1157_stress_before:arm64+0x10054d38c)
    #3 STEPControl_Writer::STEPControl_Writer() STEPControl_Writer.cxx:39 (occt_1157_stress_before:arm64+0x10054d214)
    #4 STEPControl_Writer::STEPControl_Writer() STEPControl_Writer.cxx:37 (occt_1157_stress_before:arm64+0x10054d450)
    #5 runStepWriteIndependent(int, int) occt_1157_stress.cpp:85 (occt_1157_stress_before:arm64+0x100000ad8)
    #6 void* std::__1::__thread_proxy[abi:nqe210106]<std::__1::tuple<std::__1::unique_ptr<std::__1::__thread_struct, std::__1::default_delete<std::__1::__thread_struct>>, void (*)(int, int), int, int>>(void*) thread.h:168 (occt_1157_stress_before:arm64+0x100006494)

  Thread T8 (tid=352298, running) created by main thread at:
    #0 pthread_create <null> (libclang_rt.tsan_osx_dynamic.dylib:arm64e+0x33834)
    #1 std::__1::thread::thread[abi:nqe210106]<void (*&)(int, int), int&, int&, 0>(void (*&)(int, int), int&, int&) thread.h:216 (occt_1157_stress_before:arm64+0x10000635c)
    #2 runOne(char const*, int, int) occt_1157_stress.cpp:343 (occt_1157_stress_before:arm64+0x1000039b0)
    #3 main occt_1157_stress.cpp:380 (occt_1157_stress_before:arm64+0x100002e08)

  Thread T3 (tid=352293, running) created by main thread at:
    #0 pthread_create <null> (libclang_rt.tsan_osx_dynamic.dylib:arm64e+0x33834)
    #1 std::__1::thread::thread[abi:nqe210106]<void (*&)(int, int), int&, int&, 0>(void (*&)(int, int), int&, int&) thread.h:216 (occt_1157_stress_before:arm64+0x10000635c)
    #2 std::__1::thread* std::__1::vector<std::__1::thread, std::__1::allocator<std::__1::thread>>::__emplace_back_slow_path<void (*&)(int, int), int&, int&>(void (*&)(int, int), int&, int&) vector.h:1130 (occt_1157_stress_before:arm64+0x100006118)
    #3 runOne(char const*, int, int) occt_1157_stress.cpp:343 (occt_1157_stress_before:arm64+0x1000039d8)
    #4 main occt_1157_stress.cpp:380 (occt_1157_stress_before:arm64+0x100002e08)

SUMMARY: ThreadSanitizer: data race MoniTool_TypedValue.cxx:188 in MoniTool_TypedValue::Name() const
==================
WARNING: ThreadSanitizer: data race (pid=70754)
  Read of size 8 at 0x00010fd14130 by thread T8 (mutexes: write M0):
    #0 MoniTool_TypedValue::Label() const MoniTool_TypedValue.cxx:433 (occt_1157_stress_before:arm64+0x101403ca0)
    #1 IFSelect_Editor::SetValue(int, opencascade::handle<Interface_TypedValue> const&, char const*, IFSelect_EditValue) IFSelect_Editor.cxx:75 (occt_1157_stress_before:arm64+0x10137dbd8)
    #2 IFSelect_ParamEditor::StaticEditor(opencascade::handle<NCollection_HSequence<opencascade::handle<TCollection_HAsciiString>>> const&, char const*) IFSelect_ParamEditor.cxx:118 (occt_1157_stress_before:arm64+0x10138a1f0)
    #3 XSControl_Controller::Customise(opencascade::handle<XSControl_WorkSession>&) XSControl_Controller.cxx:497 (occt_1157_stress_before:arm64+0x1013d8648)
    #4 STEPControl_Controller::Customise(opencascade::handle<XSControl_WorkSession>&) STEPControl_Controller.cxx:506 (occt_1157_stress_before:arm64+0x1005436a0)
    #5 XSControl_WorkSession::SetController(opencascade::handle<XSControl_Controller> const&) XSControl_WorkSession.cxx:122 (occt_1157_stress_before:arm64+0x1013f3418)
    #6 XSControl_WorkSession::SelectNorm(char const*) XSControl_WorkSession.cxx:102 (occt_1157_stress_before:arm64+0x1013f315c)
    #7 STEPControl_Writer::SetWS(opencascade::handle<XSControl_WorkSession> const&, bool) STEPControl_Writer.cxx:56 (occt_1157_stress_before:arm64+0x10054d38c)
    #8 STEPControl_Writer::STEPControl_Writer() STEPControl_Writer.cxx:39 (occt_1157_stress_before:arm64+0x10054d214)
    #9 STEPControl_Writer::STEPControl_Writer() STEPControl_Writer.cxx:37 (occt_1157_stress_before:arm64+0x10054d450)
    #10 runStepWriteIndependent(int, int) occt_1157_stress.cpp:85 (occt_1157_stress_before:arm64+0x100000ad8)
    #11 void* std::__1::__thread_proxy[abi:nqe210106]<std::__1::tuple<std::__1::unique_ptr<std::__1::__thread_struct, std::__1::default_delete<std::__1::__thread_struct>>, void (*)(int, int), int, int>>(void*) thread.h:168 (occt_1157_stress_before:arm64+0x100006494)

  Previous write of size 8 at 0x00010fd14130 by thread T3:
    #0 TCollection_AsciiString::TCollection_AsciiString() TCollection_AsciiString.cxx:98 (occt_1157_stress_before:arm64+0x1008ccb58)
    #1 MoniTool_TypedValue::MoniTool_TypedValue(char const*, MoniTool_ValueType, char const*) MoniTool_TypedValue.cxx:70 (occt_1157_stress_before:arm64+0x10140259c)
    #2 Interface_TypedValue::Interface_TypedValue(char const*, Interface_ParamType, char const*) Interface_TypedValue.cxx:33 (occt_1157_stress_before:arm64+0x101341144)
 

[... truncated: 91 total race warnings in the full run, this file keeps a representative sample. Total race count and SIGABRT exit were captured directly from the untruncated run and are quoted in README.md. ...]
