WARNING: ThreadSanitizer: data race (pid=73656)
  Write of size 1 at 0x000102147ca8 by thread T3:
    #0 IFSelect_WorkSession::IFSelect_WorkSession() IFSelect_WorkSession.cxx:86 (occt_1157_stress_before2:arm64+0x1013af9b4)
    #1 XSControl_WorkSession::XSControl_WorkSession() XSControl_WorkSession.cxx:50 (occt_1157_stress_before2:arm64+0x1013f2c44)
    #2 XSControl_WorkSession::XSControl_WorkSession() XSControl_WorkSession.cxx:54 (occt_1157_stress_before2:arm64+0x1013f2f90)
    #3 STEPControl_Writer::STEPControl_Writer() STEPControl_Writer.cxx:39 (occt_1157_stress_before2:arm64+0x10054d214)
    #4 STEPControl_Writer::STEPControl_Writer() STEPControl_Writer.cxx:37 (occt_1157_stress_before2:arm64+0x10054d480)
    #5 runStepWriteIndependent(int, int) occt_1157_stress.cpp:85 (occt_1157_stress_before2:arm64+0x100000ad8)
    #6 void* std::__1::__thread_proxy[abi:nqe210106]<std::__1::tuple<std::__1::unique_ptr<std::__1::__thread_struct, std::__1::default_delete<std::__1::__thread_struct>>, void (*)(int, int), int, int>>(void*) thread.h:168 (occt_1157_stress_before2:arm64+0x1000064c4)

  Previous write of size 1 at 0x000102147ca8 by thread T1:
    #0 IFSelect_WorkSession::IFSelect_WorkSession() IFSelect_WorkSession.cxx:86 (occt_1157_stress_before2:arm64+0x1013af9b4)
    #1 XSControl_WorkSession::XSControl_WorkSession() XSControl_WorkSession.cxx:50 (occt_1157_stress_before2:arm64+0x1013f2c44)
    #2 XSControl_WorkSession::XSControl_WorkSession() XSControl_WorkSession.cxx:54 (occt_1157_stress_before2:arm64+0x1013f2f90)
    #3 STEPControl_Writer::STEPControl_Writer() STEPControl_Writer.cxx:39 (occt_1157_stress_before2:arm64+0x10054d214)
    #4 STEPControl_Writer::STEPControl_Writer() STEPControl_Writer.cxx:37 (occt_1157_stress_before2:arm64+0x10054d480)
    #5 runStepWriteIndependent(int, int) occt_1157_stress.cpp:85 (occt_1157_stress_before2:arm64+0x100000ad8)
    #6 void* std::__1::__thread_proxy[abi:nqe210106]<std::__1::tuple<std::__1::unique_ptr<std::__1::__thread_struct, std::__1::default_delete<std::__1::__thread_struct>>, void (*)(int, int), int, int>>(void*) thread.h:168 (occt_1157_stress_before2:arm64+0x1000064c4)

  Location is global 'errhand' at 0x000102147ca8 (occt_1157_stress_before2+0x101cb3ca8)

  Thread T3 (tid=367299, running) created by main thread at:
    #0 pthread_create <null> (libclang_rt.tsan_osx_dynamic.dylib:arm64e+0x33834)
    #1 std::__1::thread::thread[abi:nqe210106]<void (*&)(int, int), int&, int&, 0>(void (*&)(int, int), int&, int&) thread.h:216 (occt_1157_stress_before2:arm64+0x10000638c)
    #2 std::__1::thread* std::__1::vector<std::__1::thread, std::__1::allocator<std::__1::thread>>::__emplace_back_slow_path<void (*&)(int, int), int&, int&>(void (*&)(int, int), int&, int&) vector.h:1130 (occt_1157_stress_before2:arm64+0x100006148)
    #3 runOne(char const*, int, int) occt_1157_stress.cpp:359 (occt_1157_stress_before2:arm64+0x100003a08)
    #4 main occt_1157_stress.cpp:396 (occt_1157_stress_before2:arm64+0x100002e08)

  Thread T1 (tid=367297, running) created by main thread at:
    #0 pthread_create <null> (libclang_rt.tsan_osx_dynamic.dylib:arm64e+0x33834)
    #1 std::__1::thread::thread[abi:nqe210106]<void (*&)(int, int), int&, int&, 0>(void (*&)(int, int), int&, int&) thread.h:216 (occt_1157_stress_before2:arm64+0x10000638c)
    #2 std::__1::thread* std::__1::vector<std::__1::thread, std::__1::allocator<std::__1::thread>>::__emplace_back_slow_path<void (*&)(int, int), int&, int&>(void (*&)(int, int), int&, int&) vector.h:1130 (occt_1157_stress_before2:arm64+0x100006148)
    #3 runOne(char const*, int, int) occt_1157_stress.cpp:359 (occt_1157_stress_before2:arm64+0x100003a08)
    #4 main occt_1157_stress.cpp:396 (occt_1157_stress_before2:arm64+0x100002e08)

SUMMARY: ThreadSanitizer: data race IFSelect_WorkSession.cxx:86 in IFSelect_WorkSession::IFSelect_WorkSession()
==================
WARNING: ThreadSanitizer: data race (pid=73656)
  Write of size 4 at 0x00010c4034e8 by thread T8:
    #0 STEPControl_ActorWrite::SetGroupMode(int) STEPControl_ActorWrite.cxx:473 (occt_1157_stress_before2:arm64+0x10052bdc8)
    #1 STEPControl_Writer::Transfer(TopoDS_Shape const&, STEPControl_StepModelType, DESTEP_Parameters const&, bool, Message_ProgressRange const&) STEPControl_Writer.cxx:156 (occt_1157_stress_before2:arm64+0x10054e0a8)
    #2 STEPControl_Writer::Transfer(TopoDS_Shape const&, STEPControl_StepModelType, bool, Message_ProgressRange const&) STEPControl_Writer.cxx:111 (occt_1157_stress_before2:arm64+0x10054db74)
    #3 runStepWriteIndependent(int, int) occt_1157_stress.cpp:88 (occt_1157_stress_before2:arm64+0x100000b14)
    #4 void* std::__1::__thread_proxy[abi:nqe210106]<std::__1::tuple<std::__1::unique_ptr<std::__1::__thread_struct, std::__1::default_delete<std::__1::__thread_struct>>, void (*)(int, int), int, int>>(void*) thread.h:168 (occt_1157_stress_before2:arm64+0x1000064c4)

  Previous write of size 4 at 0x00010c4034e8 by thread T4:
    #0 STEPControl_ActorWrite::SetGroupMode(int) STEPControl_ActorWrite.cxx:473 (occt_1157_stress_before2:arm64+0x10052bdc8)
    #1 STEPControl_Writer::Transfer(TopoDS_Shape const&, STEPControl_StepModelType, DESTEP_Parameters const&, bool, Message_ProgressRange const&) STEPControl_Writer.cxx:156 (occt_1157_stress_before2:arm64+0x10054e0a8)
    #2 STEPControl_Writer::Transfer(TopoDS_Shape const&, STEPControl_StepModelType, bool, Message_ProgressRange const&) STEPControl_Writer.cxx:111 (occt_1157_stress_before2:arm64+0x10054db74)
    #3 runStepWriteIndependent(int, int) occt_1157_stress.cpp:88 (occt_1157_stress_before2:arm64+0x100000b14)
    #4 void* std::__1::__thread_proxy[abi:nqe210106]<std::__1::tuple<std::__1::unique_ptr<std::__1::__thread_struct, std::__1::default_delete<std::__1::__thread_struct>>, void (*)(int, int), int, int>>(void*) thread.h:168 (occt_1157_stress_before2:arm64+0x1000064c4)

  Location is heap block of size 440 at 0x00010c403480 allocated by main thread:
    #0 calloc <null> (libclang_rt.tsan_osx_dynamic.dylib:arm64e+0x67c40)
    #1 Standard::Allocate(unsigned long) Standard.cxx:386 (occt_1157_stress_before2:arm64+0x1008bed64)
    #2 STEPControl_Controller::STEPControl_Controller() STEPControl_Controller.cxx:345 (occt_1157_stress_before2:arm64+0x100541070)
    #3 STEPControl_Controller::Init() STEPControl_Controller.cxx:494 (occt_1157_stress_before2:arm64+0x100543520)
    #4 STEPControl_Writer::STEPControl_Writer() STEPControl_Writer.cxx:38 (occt_1157_stress_before2:arm64+0x10054d204)
    #5 STEPControl_Writer::STEPControl_Writer() STEPControl_Writer.cxx:37 (occt_1157_stress_before2:arm64+0x10054d480)
    #6 runStepWriteIndependent(int, int) occt_1157_stress.cpp:85 (occt_1157_stress_before2:arm64+0x100000ad8)
    #7 runOne(char const*, int, int) occt_1157_stress.cpp:349 (occt_1157_stress_before2:arm64+0x10000384c)
    #8 main occt_1157_stress.cpp:396 (occt_1157_stress_before2:arm64+0x100002e08)

  Thread T8 (tid=367304, running) created by main thread at:
    #0 pthread_create <null> (libclang_rt.tsan_osx_dynamic.dylib:arm64e+0x33834)
    #1 std::__1::thread::thread[abi:nqe210106]<void (*&)(int, int), int&, int&, 0>(void (*&)(int, int), int&, int&) thread.h:216 (occt_1157_stress_before2:arm64+0x10000638c)
    #2 runOne(char const*, int, int) occt_1157_stress.cpp:359 (occt_1157_stress_before2:arm64+0x1000039e0)
    #3 main occt_1157_stress.cpp:396 (occt_1157_stress_before2:arm64+0x100002e08)

  Thread T4 (tid=367300, running) created by main thread at:
    #0 pthread_create <null> (libclang_rt.tsan_osx_dynamic.dylib:arm64e+0x33834)
    #1 std::__1::thread::thread[abi:nqe210106]<void (*&)(int, int), int&, int&, 0>(void (*&)(int, int), int&, int&) thread.h:216 (occt_1157_stress_before2:arm64+0x10000638c)
    #2 runOne(char const*, int, int) occt_1157_stress.cpp:359 (occt_1157_stress_before2:arm64+0x1000039e0)
    #3 main occt_1157_stress.cpp:396 (occt_1157_stress_before2:arm64+0x100002e08)

SUMMARY: ThreadSanitizer: data race STEPControl_ActorWrite.cxx:473 in STEPControl_ActorWrite::SetGroupMode(int)
==================
WARNING: ThreadSanitizer: data race (pid=73656)
  Write of size 4 at 0x00010c4034e8 by thread T4 (mutexes: write M0):
    #0 STEPControl_ActorWrite::SetGroupMode(int) STEPControl_ActorWrite.cxx:473 (occt_1157_stress_before2:arm64+0x10052bdc8)
    #1 STEPControl_Controller::TransferWriteShape(TopoDS_Shape const&, opencascade::handle<Transfer_FinderProcess> const&, opencascade::handle<Interface_InterfaceModel> const&, int, Message_ProgressRange const&) const STEPControl_Controller.cxx:469 (occt_1157_stress_before2:arm64+0x100542e8c)
    #2 XSControl_TransferWriter::TransferWriteShape(opencascade::handle<Interface_InterfaceModel> const&, TopoDS_Shape const&, Message_ProgressRange const&) XSControl_TransferWriter.cxx:179 (occt_1157_stress_before2:arm64+0x1013e9ee8)
    #3 XSControl_WorkSession::TransferWriteShape(TopoDS_Shape const&, bool, Message_ProgressRange const&) XSControl_WorkSession.cxx:562 (occt_1157_stress_before2:arm64+0x1013f59f8)
    #4 STEPControl_Writer::Transfer(TopoDS_Shape const&, STEPControl_StepModelType, DESTEP_Parameters const&, bool, Message_ProgressRange const&) STEPControl_Writer.cxx:159 (occt_1157_stress_before2:arm64+0x10054e110)
    #5 STEPControl_Writer::Transfer(TopoDS_Shape const&, STEPControl_StepModelType, bool, Message_ProgressRange const&) STEPControl_Writer.cxx:111 (occt_1157_stress_before2:arm64+0x10054db74)
    #6 runStepWriteIndependent(int, int) occt_1157_stress.cpp:88 (occt_1157_stress_before2:arm64+0x100000b14)
    #7 void* std::__1::__thread_proxy[abi:nqe210106]<std::__1::tuple<std::__1::unique_ptr<std::__1::__thread_struct, std::__1::default_delete<std::__1::__thread_struct>>, void (*)(int, int), int, int>>(void*) thread.h:168 (occt_1157_stress_before2:arm64+0x1000064c4)

  Previous write of size 4 at 0x00010c4034e8 by thread T2:
    #0 STEPControl_ActorWrite::SetGroupMode(int) STEPControl_ActorWrite.cxx:473 (occt_1157_stress_before2:arm64+0x10052bdc8)
    #1 STEPControl_Writer::Transfer(TopoDS_Shape const&, STEPControl_StepModelType, DESTEP_Parameters const&, bool, Message_ProgressRange const&) STEPControl_Writer.cxx:156 (occt_1157_stress_before2:arm64+0x10054e0a8)
    #2 STEPControl_Writer::Transfer(TopoDS_Shape const&, STEPControl_StepModelType, bool, Message_ProgressRange const&) STEPControl_Writer.cxx:111 (occt_1157_stress_before2:arm64+0x10054db74)
    #3 runStepWriteIndependent(int, int) occt_1157_stress.cpp:88 (occt_1157_stress_before2:arm64+0x100000b14)
    #4 void* std::__1::__thread_proxy[abi:nqe210106]<std::__1::tuple<std::__1::unique_ptr<std::__1::__thread_struct, std::__1::default_delete<std::__1::__thread_struct>>, void (*)(int, int), int, int>>(void*) thread.h:168 (occt_1157_stress_before2:arm64+0x1000064c4)

  Location is heap block of size 440 at 0x00010c403480 allocated by main thread:
    #0 calloc <null> (libclang_rt.tsan_osx_dynamic.dylib:arm64e+0x67c40)
    #1 Standard::Allocate(unsigned long) Standard.cxx:386 (occt_1157_stress_before2:arm64+0x1008bed64)
    #2 STEPControl_Controller::STEPControl_Controller() STEPControl_Controller.cxx:345 (occt_1157_stress_before2:arm64+0x100541070)
    #3 STEPControl_Controller::Init() STEPControl_Controller.cxx:494 (occt_1157_stress_before2:arm64+0x100543520)
    #4 STEPControl_Writer::STEPControl_Writer() STEPControl_Writer.cxx:38 (occt_1157_stress_before2:arm64+0x10054d204)
    #5 STEPControl_Writer::STEPControl_Writer() STEPControl_Writer.cxx:37 (occt_1157_stress_before2:arm64+0x10054d480)
    #6 runStepWriteIndependent(int, int) occt_1157_stress.cpp:85 (occt_1157_stress_before2:arm64+0x100000ad8)
    #7 runOne(char const*, int, int) occt_1157_stress.cpp:349 (occt_1157_stress_before2:arm64+0x10000384c)
    #8 main occt_1157_stress.cpp:396 (occt_1157_stress_before2:arm64+0x100002e08)

  Mutex M0 (0x00010213d358) created at:
    #0 pthread_mutex_lock <null> (libclang_rt.tsan_osx_dynamic.dylib:arm64e+0x356bc)
    #1 std::__1::mutex::lock() <null> (libc++.1.dylib:arm64e+0x300c)
    #2 STEPControl_Writer::SetWS(opencascade::handle<XSControl_WorkSession> const&, bool) STEPControl_Writer.cxx:56 (occt_1157_stress_before2:arm64+0x10054d3bc)
    #3 STEPControl_Writer::STEPControl_Writer() STEPControl_Writer.cxx:39 (occt_1157_stress_before2:arm64+0x10054d244)
    #4 STEPControl_Writer::STEPControl_Writer() STEPControl_Writer.cxx:37 (occt_1157_stress_before2:arm64+0x10054d480)
    #5 runStepWriteIndependent(int, int) occt_1157_stress.cpp:85 (occt_1157_stress_before2:arm64+0x100000ad8)
    #6 runOne(char const*, int, int) occt_1157_stress.cpp:349 (occt_1157_stress_before2:arm64+0x10000384c)
    #7 main occt_1157_stress.cpp:396 (occt_1157_stress_before2:arm64+0x100002e08)

  Thread T4 (tid=367300, running) created by main thread at:
    #0 pthread_create <null> (libclang_rt.tsan_osx_dynamic.dylib:arm64e+0x33834)
    #1 std::__1::thread::thread[abi:nqe210106]<void (*&)(int, int), int&, int&, 0>(void (*&)(int, int), int&, int&) thread.h:216 (occt_1157_stress_before2:arm64+0x10000638c)
    #2 runOne(char const*, int, int) occt_1157_stress.cpp:359 (occt_1157_stress_before2:arm64+0x1000039e0)
    #3 main occt_1157_stress.cpp:396 (occt_1157_stress_before2:arm64+0x100002e08)

  Thread T2 (tid=367298, running) created by main thread at:
    #0 pthread_create <null> (libclang_rt.tsan_osx_dynamic.dylib:arm64e+0x33834)
    #1 std::__1::thread::thread[abi:nqe210106]<void (*&)(int, int), int&, int&, 0>(void (*&)(int, int), int&, int&) thread.h:216 (occt_1157_stress_before2:arm64+0x10000638c)
    #2 std::__1::thread* std::__1::vector<std::__1::thread, std::__1::allocator<std::__1::thread>>::__emplace_back_slow_path<void (*&)(int, int), int&, int&>(void (*&)(int, int), int&, int&) vector.h:1130 (occt_1157_stress_before2:arm64+0x100006148)
    #3 runOne(char const*, int, int) occt_1157_stress.cpp:359 (occt_1157_stress_before2:arm64+0x100003a08)
    #4 main occt_1157_stress.cpp:396 (occt_1157_stress_before2:arm64+0x100002e08)

SUMMARY: ThreadSanitizer: data race STEPControl_ActorWrite.cxx:473 in STEPControl_ActorWrite::SetGroupMode(int)
==================
WARNING: ThreadSanitizer: data race (pid=73656)
  Read of size 8 at 0x0001fab5d950 by thread T2 (mutexes: write M0):
    #0 std::__1::ostreambuf_iterator<char, std::__1::char_traits<char>> std::__1::__pad_and_output[abi:nqe210106]<char, std::__1::char_traits<char>>(std::__1::ostreambuf_iterator<char, std::__1::char_traits<char>>, char const*, char const*, char const*, std::__1::ios_base&, char) pad_and_output.h:54 (occt_1157_stress_before2:arm64+0x10001fdc4)
    #1 std::__1::basic_ostream<char, std::__1::char_traits<char>>& std::__1::__put_character_sequence[abi:nqe210106]<char, std::__1::char_traits<char>>(std::__1::basic_ostream<char, std::__1::char_traits<char>>&, char const*, unsigned long) put_character_sequence.h:37 (occt_1157_stress_before2:arm64+0x10001fca8)
    #2 Message_PrinterOStream::send(TCollection_AsciiString const&, Message_Gravity) const Message_PrinterOStream.cxx:155 (occt_1157_stress_before2:arm64+0x1008ef56c)
    #3 Message_Printer::SendStringStream(std::__1::basic_stringstream<char, std::__1::char_traits<char>, std::__1::allocator<char>> const&, Message_Gravity) const Message_Printer.cxx:70 (occt_1157_stress_before2:arm64+0x1008eeb70)
    #4 Message_Messenger::Send(std::__1::basic_stringstream<char, std::__1::char_traits<char>, std::__1::allocator<char>> const&, Message_Gravity) const Message_Messenger.cxx:128 (occt_1157_stress_before2:arm64+0x1008ea8a4)
    #5 Message_Messenger::StreamBuffer::Flush(bool) Message_Messenger.hxx:75 (occt_1157_stress_before2:arm64+0x1000eb57c)
    #6 Message_Messenger::StreamBuffer::~StreamBuffer() Message_Messenger.hxx:65 (occt_1157_stress_before2:arm64+0x1000eb3c0)
    #7 XSControl_TransferWriter::PrintStats(int, int) const XSControl_TransferWriter.cxx:62 (occt_1157_stress_before2:arm64+0x1013e9430)
    #8 XSControl_TransferWriter::TransferWriteShape(opencascade::handle<Interface_InterfaceModel> const&, TopoDS_Shape const&, Message_ProgressRange const&) XSControl_TransferWriter.cxx:176 (occt_1157_stress_before2:arm64+0x1013e9e20)
    #9 XSControl_WorkSession::TransferWriteShape(TopoDS_Shape const&, bool, Message_ProgressRange const&) XSControl_WorkSession.cxx:562 (occt_1157_stress_before2:arm64+0x1013f59f8)
    #10 STEPControl_Writer::Transfer(TopoDS_Shape const&, STEPControl_StepModelType, DESTEP_Parameters const&, bool, Message_ProgressRange const&) STEPControl_Writer.cxx:159 (occt_1157_stress_before2:arm64+0x10054e110)
    #11 STEPControl_Writer::Transfer(TopoDS_Shape const&, STEPControl_StepModelType, bool, Message_ProgressRange const&) STEPControl_Writer.cxx:111 (occt_1157_stress_before2:arm64+0x10054db74)
    #12 runStepWriteIndependent(int, int) occt_1157_stress.cpp:88 (occt_1157_stress_before2:arm64+0x100000b14)
    #13 void* std::__1::__thread_proxy[abi:nqe210106]<std::__1::tuple<std::__1::unique_ptr<std::__1::__thread_struct, std::__1::default_delete<std::__1::__thread_struct>>, void (*)(int, int), int, int>>(void*) thread.h:168 (occt_1157_stress_before2:arm64+0x1000064c4)

  Previous write of size 8 at 0x0001fab5d950 by thread T4:
    #0 std::__1::ostreambuf_iterator<char, std::__1::char_traits<char>> std::__1::__pad_and_output[abi:nqe210106]<char, std::__1::char_traits<char>>(std::__1::ostreambuf_iterator<char, std::__1::char_traits<char>>, char const*, char const*, char const*, std::__1::ios_base&, char) pad_and_output.h:80 (occt_1157_stress_before2:arm64+0x10001ff54)
    #1 std::__1::basic_ostream<char, std::__1::char_traits<char>>& std::__1::__put_character_sequence[abi:nqe210106]<char, std::__1::char_traits<char>>(std::__1::basic_ostream<char, std::__1::char_traits<char>>&, char const*, unsigned long) put_character_sequence.h:37 (occt_1157_stress_before2:arm64+0x10001fca8)
    #2 Message_PrinterOStream::send(TCollection_AsciiString const&, Message_Gravity) const Message_PrinterOStream.cxx:163 (occt_1157_stress_before2:arm64+0x1008ef5bc)
    #3 Message_Printer::SendStringStream(std::__1::basic_stringstream<char, std::__1::char_traits<char>, std::__1::allocator<char>> const&, Message_Gravity) const Message_Printer.cxx:70 (occt_1157_stress_before2:arm64+0x1008eeb70)
    #4 Message_Messenger::Send(std::__1::basic_stringstream<char, std::__1::char_traits<char>, std::__1::allocator<char>> const&, Message_Gravity) const Message_Messenger.cxx:128 (occt_1157_stress_before2:arm64+0x1008ea8a4)
    #5 Message_Messenger::StreamBuffer::Flush(bool) Message_Messenger.hxx:75 (occt_1157_stress_before2:arm64+0x1000eb57c)
    #6 Message_Messenger::StreamBuffer::~StreamBuffer() Message_Messenger.hxx:65 (occt_1157_stress_before2:arm64+0x1000eb3c0)
    #7 IFSelect_ModelCopier::SendAll(char const*, Interface_Graph const&, opencascade::handle<IFSelect_WorkLibrary> const&, opencascade::handle<Interface_Protocol> const&) IFSelect_ModelCopier.cxx:313 (occt_1157_stress_before2:arm64+0x1013855b0)
    #8 IFSelect_WorkSession::SendAll(char const*, bool) IFSelect_WorkSession.cxx:2602 (occt_1157_stress_before2:arm64+0x1013bf620)
    #9 STEPControl_Writer::Write(char const*) STEPControl_Writer.cxx:173 (occt_1157_stress_before2:arm64+0x10054e558)
    #10 runStepWriteIndependent(int, int) occt_1157_stress.cpp:97 (occt_1157_stress_before2:arm64+0x100000fa8)
    #11 void* std::__1::__thread_proxy[abi:nqe210106]<std::__1::tuple<std::__1::unique_ptr<std::__1::__thread_struct, std::__1::default_delete<std::__1::__thread_struct>>, void (*)(int, int), int, int>>(void*) thread.h:168 (occt_1157_stress_before2:arm64+0x1000064c4)

  Location is global 'std::__1::cout' at 0x0001fab5d930 (libc++.1.dylib+0x6cb3a950)

  Mutex M0 (0x00010213d358) created at:
    #0 pthread_mutex_lock <null> (libclang_rt.tsan_osx_dynamic.dylib:arm64e+0x356bc)
    #1 std::__1::mutex::lock() <null> (libc++.1.dylib:arm64e+0x300c)
    #2 STEPControl_Writer::SetWS(opencascade::handle<XSControl_WorkSession> const&, bool) STEPControl_Writer.cxx:56 (occt_1157_stress_before2:arm64+0x10054d3bc)
    #3 STEPControl_Writer::STEPControl_Writer() STEPControl_Writer.cxx:39 (occt_1157_stress_before2:arm64+0x10054d244)
    #4 STEPControl_Writer::STEPControl_Writer() STEPControl_Writer.cxx:37 (occt_1157_stress_before2:arm64+0x10054d480)
    #5 runStepWriteIndependent(int, int) occt_1157_stress.cpp:85 (occt_1157_stress_before2:arm64+0x100000ad8)
    #6 runOne(char const*, int, int) occt_1157_stress.cpp:349 (occt_1157_stress_before2:arm64+0x10000384c)
    #7 main occt_1157_stress.cpp:396 (occt_1157_stress_before2:arm64+0x100002e08)

  Thread T2 (tid=367298, running) created by main thread at:
    #0 pthread_create <null> (libclang_rt.tsan_osx_dynamic.dylib:arm64e+0x33834)
    #1 std::__1::thread::thread[abi:nqe210106]<void (*&)(int, int), int&, int&, 0>(void (*&)(int, int), int&, int&) thread.h:216 (occt_1157_stress_before2:arm64+0x10000638c)
    #2 std::__1::thread* std::__1::vector<std::__1::thread, std::__1::allocator<std::__1::thread>>::__emplace_back_slow_path<void (*&)(int, int), int&, int&>(void (*&)(int, int), int&, int&) vector.h:1130 (occt_1157_stress_before2:arm64+0x100006148)
    #3 runOne(char const*, int, int) occt_1157_stress.cpp:359 (occt_1157_stress_before2:arm64+0x100003a08)
    #4 main occt_1157_stress.cpp:396 (occt_1157_stress_before2:arm64+0x100002e08)

  Thread T4 (tid=367300, running) created by main thread at:
    #0 pthread_create <null> (libclang_rt.tsan_osx_dynamic.dylib:arm64e+0x33834)
    #1 std::__1::thread::thread[abi:nqe210106]<void (*&)(int, int), int&, int&, 0>(void (*&)(int, int), int&, int&) thread.h:216 (occt_1157_stress_before2:arm64+0x10000638c)
    #2 runOne(char const*, int, int) occt_1157_stress.cpp:359 (occt_1157_stress_before2:arm64+0x1000039e0)
    #3 main occt_1157_stress.cpp:396 (occt_1157_stress_before2:arm64+0x100002e08)

SUMMARY: ThreadSanitizer: data race pad_and_output.h:54 in std::__1::ostreambuf_iterator<char, std::__1::char_traits<char>> std::__1::__pad_and_output[abi:nqe210106]<char, std::__1::char_traits<char>>(std::__1::ostreambuf_iterator<char, std::__1::char_traits<char>>, char const*, char const*, char const*, std::__1::ios_base&, char)
==================
WARNING: ThreadSanitizer: data race (pid=73656)
  Write of size 8 at 0x0001fab5d950 by thread T2 (mutexes: write M0):
    #0 std::__1::ostreambuf_iterator<char, std::__1::char_traits<char>> std::__1::__pad_and_output[abi:nqe210106]<char, std::__1::char_traits<char>>(std::__1::ostreambuf_iterator<char, std::__1::char_traits<char>>, char const*, char const*, char const*, std::__1::ios_base&, char) pad_and_output.h:80 (occt_1157_stress_before2:arm64+0x10001ff54)
    #1 std::__1::basic_ostream<char, std::__1::char_traits<char>>& std::__1::__put_character_sequence[abi:nqe210106]<char, std::__1::char_traits<char>>(std::__1::basic_ostream<char, std::__1::char_traits<char>>&, char const*, unsigned long) put_character_sequence.h:37 (occt_1157_stress_before2:arm64+0x10001fca8)
    #2 Message_PrinterOStream::send(TCollection_AsciiString const&, Message_Gravity) const Message_PrinterOStream.cxx:155 (occt_1157_stress_before2:arm64+0x1008ef56c)
    #3 Message_Printer::SendStringStream(std::__1::basic_stringstream<char, std::__1::char_traits<char>, std::__1::allocator<char>> const&, Message_Gravity) const Message_Printer.cxx:70 (occt_1157_stress_before2:arm64+0x1008eeb70)
    #4 Message_Messenger::Send(std::__1::basic_stringstream<char, std::__1::char_traits<char>, std::__1::allocator<char>> const&, Message_Gravity) const Message_Messenger.cxx:128 (occt_1157_stress_before2:arm64+0x1008ea8a4)
    #5 Message_Messenger::StreamBuffer::Flush(bool) Message_Messenger.hxx:75 (occt_1157_stress_before2:arm64+0x1000eb57c)
    #6 Message_Messenger::StreamBuffer::~StreamBuffer() Message_Messenger.hxx:65 (occt_1157_stress_before2:arm64+0x1000eb3c0)
    #7 XSControl_TransferWriter::PrintStats(int, int) const XSControl_TransferWriter.cxx:62 (occt_1157_stress_before2:arm64+0x1013e9430)
    #8 XSControl_TransferWriter::TransferWriteShape(opencascade::handle<Interface_InterfaceModel> const&, TopoDS_Shape const&, Message_ProgressRange const&) XSControl_TransferWriter.cxx:176 (occt_1157_stress_before2:arm64+0x1013e9e20)
    #9 XSControl_WorkSession::TransferWriteShape(TopoDS_Shape const&, bool, Message_ProgressRange const&) XSControl_WorkSession.cxx:562 (occt_1157_stress_before2:arm64+0x1013f59f8)
    #10 STEPControl_Writer::Transfer(TopoDS_Shape const&, STEPControl_StepModelType, DESTEP_Parameters const&, bool, Message_ProgressRange const&) STEPControl_Writer.cxx:159 (occt_1157_stress_before2:arm64+0x10054e110)
    #11 STEPControl_Writer::Transfer(TopoDS_Shape const&, STEPControl_StepModelType, bool, Message_ProgressRange const&) STEPControl_Writer.cxx:111 (occt_1157_stress_before2:arm64+0x10054db74)
    #12 runStepWriteIndependent(int, int) occt_1157_stress.cpp:88 (occt_1157_stress_before2:arm64+0x100000b14)
    #13 void* std::__1::__thread_proxy[abi:nqe210106]<std::__1::tuple<std::__1::unique_ptr<std::__1::__thread_struct, std::__1::default_delete<std::__1::__thread_struct>>, void (*)(int, int), int, int>>(void*) thread.h:168 (occt_1157_stress_before2:arm64+0x1000064c4)

  Previous write of size 8 at 0x0001fab5d950 by thread T4:
    #0 std::__1::ostreambuf_iterator<char, std::__1::char_traits<char>> std::__1::__pad_and_output[abi:nqe210106]<char, std::__1::char_traits<char>>(std::__1::ostreambuf_iterator<char, std::__1::char_traits<char>>, char const*, char const*, char const*, std::__1::ios_base&, char) pad_and_output.h:80 (occt_1157_stress_before2:arm64+0x10001ff54)
    #1 std::__1::basic_ostream<char, std::__1::char_traits<char>>& std::__1::__put_character_sequence[abi:nqe210106]<char, std::__1::char_traits<char>>(std::__1::basic_ostream<char, std::__1::char_traits<char>>&, char const*, unsigned long) put_character_sequence.h:37 (occt_1157_stress_before2:arm64+0x10001fca8)
    #2 Message_PrinterOStream::send(TCollection_AsciiString const&, Message_Gravity) const Message_PrinterOStream.cxx:163 (occt_1157_stress_before2:arm64+0x1008ef5bc)
    #3 Message_Printer::SendStringStream(std::__1::basic_stringstream<char, std::__1::char_traits<char>, std::__1::allocator<char>> const&, Message_Gravity) const Message_Printer.cxx:70 (occt_1157_stress_before2:arm64+0x1008eeb70)
    #4 Message_Messenger::Send(std::__1::basic_stringstream<char, std::__1::char_traits<char>, std::__1::allocator<char>> const&, Message_Gravity) const Message_Messenger.cxx:128 (occt_1157_stress_before2:arm64+0x1008ea8a4)
    #5 Message_Messenger::StreamBuffer::Flush(bool) Message_Messenger.hxx:75 (occt_1157_stress_before2:arm64+0x1000eb57c)
    #6 Message_Messenger::StreamBuffer::~StreamBuffer() Message_Messenger.hxx:65 (occt_1157_stress_before2:arm64+0x1000eb3c0)
    #7 StepSelect_WorkLibrary::WriteFile(IFSelect_ContextWrite&) const StepSelect_WorkLibrary.cxx:150 (occt_1157_stress_before2:arm64+0x100828148)
    #8 IFSelect_ModelCopier::SendAll(char const*, Interface_Graph const&, opencascade::handle<IFSelect_WorkLibrary> const&, opencascade::handle<Interface_Protocol> const&) IFSelect_ModelCopier.cxx:343 (occt_1157_stress_before2:arm64+0x101385720)
    #9 IFSelect_WorkSession::SendAll(char const*, bool) IFSelect_WorkSession.cxx:2602 (occt_1157_stress_before2:arm64+0x1013bf620)
    #10 STEPControl_Writer::Write(char const*) STEPControl_Writer.cxx:173 (occt_1157_stress_before2:arm64+0x10054e558)
    #11 runStepWriteIndependent(int, int) occt_1157_stress.cpp:97 (occt_1157_stress_before2:arm64+0x100000fa8)
    #12 void* std::__1::__thread_proxy[abi:nqe210106]<std::__1::tuple<std::__1::unique_ptr<std::__1::__thread_struct, std::__1::default_delete<std::__1::__thread_struct>>, void (*)(int, int), int, int>>(void*) thread.h:168 (occt_1157_stress_before2:arm64+0x1000064c4)

  Location is global 'std::__1::cout' at 0x0001fab5d930 (libc++.1.dylib+0x6cb3a950)

  Mutex M0 (0x00010213d358) created at:
    #0 pthread_mutex_lock <null> (libclang_rt.tsan_osx_dynamic.dylib:arm64e+0x356bc)
    #1 std::__1::mutex::lock() <null> (libc++.1.dylib:arm64e+0x300c)
    #2 STEPControl_Writer::SetWS(opencascade::handle<XSControl_WorkSession> const&, bool) STEPControl_Writer.cxx:56 (occt_1157_stress_before2:arm64+0x10054d3bc)
    #3 STEPControl_Writer::STEPControl_Writer() STEPControl_Writer.cxx:39 (occt_1157_stress_before2:arm64+0x10054d244)
    #4 STEPControl_Writer::STEPControl_Writer() STEPControl_Writer.cxx:37 (occt_1157_stress_before2:arm64+0x10054d480)
    #5 runStepWriteIndependent(int, int) occt_1157_stress.cpp:85 (occt_1157_stress_before2:arm64+0x100000ad8)
    #6 runOne(char const*, int, int) occt_1157_stress.cpp:349 (occt_1157_stress_before2:arm64+0x10000384c)
    #7 main occt_1157_stress.cpp:396 (occt_1157_stress_before2:arm64+0x100002e08)

  Thread T2 (tid=367298, running) created by main thread at:
    #0 pthread_create <null> (libclang_rt.tsan_osx_dynamic.dylib:arm64e+0x33834)
    #1 std::__1::thread::thread[abi:nqe210106]<void (*&)(int, int), int&, int&, 0>(void (*&)(int, int), int&, int&) thread.h:216 (occt_1157_stress_before2:arm64+0x10000638c)
    #2 std::__1::thread* std::__1::vector<std::__1::thread, std::__1::allocator<std::__1::thread>>::__emplace_back_slow_path<void (*&)(int, int), int&, int&>(void (*&)(int, int), int&, int&) vector.h:1130 (occt_1157_stress_before2:arm64+0x100006148)
    #3 runOne(char const*, int, int) occt_1157_stress.cpp:359 (occt_1157_stress_before2:arm64+0x100003a08)
    #4 main occt_1157_stress.cpp:396 (occt_1157_stress_before2:arm64+0x100002e08)

  Thread T4 (tid=367300, running) created by main thread at:
    #0 pthread_create <null> (libclang_rt.tsan_osx_dynamic.dylib:arm64e+0x33834)
    #1 std::__1::thread::thread[abi:nqe210106]<void (*&)(int, int), int&, int&, 0>(void (*&)(int, int), int&, int&) thread.h:216 (occt_1157_stress_before2:arm64+0x10000638c)
    #2 runOne(char const*, int, int) occt_1157_stress.cpp:359 (occt_1157_stress_before2:arm64+0x1000039e0)
    #3 main occt_1157_stress.cpp:396 (occt_1157_stress_before2:arm64+0x100002e08)

SUMMARY: ThreadSanitizer: data race pad_and_output.h:80 in std::__1::ostreambuf_iterator<char, std::__1::char_traits<char>> std::__1::__pad_and_output[abi:nqe210106]<char, std::__1::char_traits<char>>(std::__1::ostreambuf_iterator<char, std::__1::char_traits<char>>, char const*, char const*, char const*, std::__1::ios_base&, char)
==================
WARNING: ThreadSanitizer: data race (pid=73656)
  Write of size 1 at 0x000102147ca8 by thread T2:
    #0 IFSelect_WorkSession::SendAll(char const*, bool) IFSelect_WorkSession.cxx:2597 (occt_1157_stress_before2:arm64+0x1013bf5bc)
    #1 STEPControl_Writer::Write(char const*) STEPControl_Writer.cxx:173 (occt_1157_stress_before2:arm64+0x10054e558)
    #2 runStepWriteIndependent(int, int) occt_1157_stress.cpp:97 (occt_1157_stress_before2:arm64+0x100000fa8)
    #3 void* std::__1::__thread_proxy[abi:nqe210106]<std::__1::tuple<std::__1::unique_ptr<std::__1::__thread_struct, std::__1::default_delete<std::__1::__thread_struct>>, void (*)(int, int), int, int>>(void*) thread.h:168 (occt_1157_stress_before2:arm64+0x1000064c4)

  Previous write of size 1 at 0x000102147ca8 by thread T4:
    #0 IFSelect_WorkSession::IFSelect_WorkSession() IFSelect_WorkSession.cxx:86 (occt_1157_stress_before2:arm64+0x1013af9b4)
    #1 XSControl_WorkSession::XSControl_WorkSession() XSControl_WorkSession.cxx:50 (occt_1157_stress_before2:arm64+0x1013f2c44)
    #2 XSControl_WorkSession::XSControl_WorkSession() XSControl_WorkSession.cxx:54 (occt_1157_stress_before2:arm64+0x1013f2f90)
    #3 STEPControl_Writer::STEPControl_Writer() STEPControl_Writer.cxx:39 (occt_1157_stress_before2:arm64+0x10054d214)
    #4 STEPControl_Writer::STEPControl_Writer() STEPControl_Writer.cxx:37 (occt_1157_stress_before2:arm64+0x10054d480)
    #5 runStepWriteIndependent(int, int) occt_1157_stress.cpp:85 (occt_1157_stress_before2:arm64+0x100000ad8)
    #6 void* std::__1::__thread_proxy[abi:nqe210106]<std::__1::tuple<std::__1::unique_ptr<std::__1::__thread_struct, std::__1::default_delete<std::__1::__thread_struct>>, void (*)(int, int), int, int>>(void*) thread.h:168 (occt_1157_stress_before2:arm64+0x1000064c4)

  Location is global 'errhand' at 0x000102147ca8 (occt_1157_stress_before2+0x101cb3ca8)

  Thread T2 (tid=367298, running) created by main thread at:
    #0 pthread_create <null> (libclang_rt.tsan_osx_dynamic.dylib:arm64e+0x33834)
    #1 std::__1::thread::thread[abi:nqe210106]<void (*&)(int, int), int&, int&, 0>(void (*&)(int, int), int&, int&) thread.h:216 (occt_1157_stress_before2:arm64+0x10000638c)
    #2 std::__1::thread* std::__1::vector<std::__1::thread, std::__1::allocator<std::__1::thread>>::__emplace_back_slow_path<void (*&)(int, int), int&, int&>(void (*&)(int, int), int&, int&) vector.h:1130 (occt_1157_stress_before2:arm64+0x100006148)
    #3 runOne(char const*, int, int) occt_1157_stress.cpp:359 (occt_1157_stress_before2:arm64+0x100003a08)
    #4 main occt_1157_stress.cpp:396 (occt_1157_stress_before2:arm64+0x100002e08)

  Thread T4 (tid=367300, running) created by main thread at:
    #0 pthread_create <null> (libclang_rt.tsan_osx_dynamic.dylib:arm64e+0x33834)
    #1 std::__1::thread::thread[abi:nqe210106]<void (*&)(int, int), int&, int&, 0>(void (*&)(int, int), int&, int&) thread.h:216 (occt_1157_stress_before2:arm64+0x10000638c)
    #2 runOne(char const*, int, int) occt_1157_stress.cpp:359 (occt_1157_stress_before2:arm64+0x1000039e0)
    #3 main occt_1157_stress.cpp:396 (occt_1157_stress_before2:arm64+0x100002e08)

SUMMARY: ThreadSanitizer: data race IFSelect_WorkSession.cxx:2597 in IFSelect_WorkSession::SendAll(char const*, bool)
==================
WARNING: ThreadSanitizer: data race (pid=73656)
  Write of size 8 at 0x0001fab5d950 by thread T8 (mutexes: write M0):
    #0 std::__1::ostreambuf_iterator<char, std::__1::char_traits<char>> std::__1::__pad_and_output[abi:nqe210106]<char, std::__1::char_traits<char>>(std::__1::ostreambuf_iterator<char, std::__1::char_traits<char>>, char const*, char const*, char const*, std::__1::ios_base&, char) pad_and_output.h:80 (occt_1157_stress_before2:arm64+0x10001ff54)
    #1 std::__1::basic_ostream<char, std::__1::char_traits<char>>& std::__1::__put_character_sequence[abi:nqe210106]<char, std::__1::char_traits<char>>(std::__1::basic_ostream<char, std::__1::char_traits<char>>&, char const*, unsigned long) put_character_sequence.h:37 (occt_1157_stress_before2:arm64+0x10001fca8)
    #2 Message_PrinterOStream::send(TCollection_AsciiString const&, Message_Gravity) const Message_PrinterOStream.cxx:155 (occt_1157_stress_before2:arm64+0x1008ef56c)
    #3 Message_Printer::SendStringStream(std::__1::basic_stringstream<char, std::__1::char_traits<char>, std::__1::allocator<char>> const&, Message_Gravity) const Message_Printer.cxx:70 (occt_1157_stress_before2:arm64+0x1008eeb70)
    #4 Message_Messenger::Send(std::__1::basic_stringstream<char, std::__1::char_traits<char>, std::__1::allocator<char>> const&, Message_Gravity) const Message_Messenger.cxx:128 (occt_1157_stress_before2:arm64+0x1008ea8a4)
    #5 Message_Messenger::StreamBuffer::Flush(bool) Message_Messenger.hxx:75 (occt_1157_stress_before2:arm64+0x1000eb57c)
    #6 Message_Messenger::StreamBuffer::~StreamBuffer() Message_Messenger.hxx:65 (occt_1157_stress_before2:arm64+0x1000eb3c0)
    #7 XSControl_TransferWriter::TransferWriteShape(opencascade::handle<Interface_InterfaceModel> const&, TopoDS_Shape const&, Message_ProgressRange const&) XSControl_TransferWriter.cxx:193 (occt_1157_stress_before2:arm64+0x1013e9f30)
    #8 XSControl_WorkSession::TransferWriteShape(TopoDS_Shape const&, bool, Message_ProgressRange const&) XSControl_WorkSession.cxx:562 (occt_1157_stress_before2:arm64+0x1013f59f8)
    #9 STEPControl_Writer::Transfer(TopoDS_Shape const&, STEPControl_StepModelType, DESTEP_Parameters const&, bool, Message_ProgressRange const&) STEPControl_Writer.cxx:159 (occt_1157_stress_before2:arm64+0x10054e110)
    #10 STEPControl_Writer::Transfer(TopoDS_Shape const&, STEPControl_StepModelType, bool, Message_ProgressRange const&) STEPControl_Writer.cxx:111 (occt_1157_stress_before2:arm64+0x10054db74)
    #11 runStepWriteIndependent(int, int) occt_1157_stress.cpp:88 (occt_1157_stress_before2:arm64+0x100000b14)
    #12 void* std::__1::__thread_proxy[abi:nqe210106]<std::__1::tuple<std::__1::unique_ptr<std::__1::__thread_struct, std::__1::default_delete<std::__1::__thread_struct>>, void (*)(int, int), int, int>>(void*) thread.h:168 (occt_1157_stress_before2:arm64+0x1000064c4)

  Previous write of size 8 at 0x0001fab5d950 by thread T2:
    #0 std::__1::ostreambuf_iterator<char, std::__1::char_traits<char>> std::__1::__pad_and_output[abi:nqe210106]<char, std::__1::char_traits<char>>(std::__1::ostreambuf_iterator<char, std::__1::char_traits<char>>, char const*, char const*, char const*, std::__1::ios_base&, char) pad_and_output.h:80 (occt_1157_stress_before2:arm64+0x10001ff54)
    #1 std::__1::basic_ostream<char, std::__1::char_traits<char>>& std::__1::__put_character_sequence[abi:nqe210106]<char, std::__1::char_traits<char>>(std::__1::basic_ostream<char, std::__1::char_traits<char>>&, char const*, unsigned long) put_character_sequence.h:37 (occt_1157_stress_before2:arm64+0x10001fca8)
    #2 Message_PrinterOStream::send(TCollection_AsciiString const&, Message_Gravity) const Message_PrinterOStream.cxx:163 (occt_1157_stress_before2:arm64+0x1008ef5bc)
    #3 Message_Printer::SendStringStream(std::__1::basic_stringstream<char, std::__1::char_traits<char>, std::__1::allocator<char>> const&, Message_Gravity) const Message_Printer.cxx:70 (occt_1157_stress_before2:arm64+0x1008eeb70)
    #4 Message_Messenger::Send(std::__1::basic_stringstream<char, std::__1::char_traits<char>, std::__1::allocator<char>> const&, Message_Gravity) const Message_Messenger.cxx:128 (occt_1157_stress_before2:arm64+0x1008ea8a4)
    #5 Message_Messenger::StreamBuffer::Flush(bool) Message_Messenger.hxx:75 (occt_1157_stress_before2:arm64+0x1000eb57c)
    #6 Message_Messenger::StreamBuffer::~StreamBuffer() Message_Messenger.hxx:65 (occt_1157_stress_before2:arm64+0x1000eb3c0)
    #7 IFSelect_ModelCopier::SendAll(char const*, Interface_Graph const&, opencascade::handle<IFSelect_WorkLibrary> const&, opencascade::handle<Interface_Protocol> const&) IFSelect_ModelCopier.cxx:313 (occt_1157_stress_before2:arm64+0x1013855b0)
    #8 IFSelect_WorkSession::SendAll(char const*, bool) IFSelect_WorkSession.cxx:2602 (occt_1157_stress_before2:arm64+0x1013bf620)
    #9 STEPControl_Writer::Write(char const*) STEPControl_Writer.cxx:173 (occt_1157_stress_before2:arm64+0x10054e558)
    #10 runStepWriteIndependent(int, int) occt_1157_stress.cpp:97 (occt_1157_stress_before2:arm64+0x100000fa8)
    #11 void* std::__1::__thread_proxy[abi:nqe210106]<std::__1::tuple<std::__1::unique_ptr<std::__1::__thread_struct, std::__1::default_delete<std::__1::__thread_struct>>, void (*)(int, int), int, int>>(void*) thread.h:168 (occt_1157_stress_before2:arm64+0x1000064c4)

  Location is global 'std::__1::cout' at 0x0001fab5d930 (libc++.1.dylib+0x6cb3a950)

  Mutex M0 (0x00010213d358) created at:
    #0 pthread_mutex_lock <null> (libclang_rt.tsan_osx_dynamic.dylib:arm64e+0x356bc)
    #1 std::__1::mutex::lock() <null> (libc++.1.dylib:arm64e+0x300c)
    #2 STEPControl_Writer::SetWS(opencascade::handle<XSControl_WorkSession> const&, bool) STEPControl_Writer.cxx:56 (occt_1157_stress_before2:arm64+0x10054d3bc)
    #3 STEPControl_Writer::STEPControl_Writer() STEPControl_Writer.cxx:39 (occt_1157_stress_before2:arm64+0x10054d244)
    #4 STEPControl_Writer::STEPControl_Writer() STEPControl_Writer.cxx:37 (occt_1157_stress_before2:arm64+0x10054d480)
    #5 runStepWriteIndependent(int, int) occt_1157_stress.cpp:85 (occt_1157_stress_before2:arm64+0x100000ad8)
    #6 runOne(char const*, int, int) occt_1157_stress.cpp:349 (occt_1157_stress_before2:arm64+0x10000384c)
    #7 main occt_1157_stress.cpp:396 (occt_1157_stress_before2:arm64+0x100002e08)

  Thread T8 (tid=367304, running) created by main thread at:
    #0 pthread_create <null> (libclang_rt.tsan_osx_dynamic.dylib:arm64e+0x33834)
    #1 std::__1::thread::thread[abi:nqe210106]<void (*&)(int, int), int&, int&, 0>(void (*&)(int, int), int&, int&) thread.h:216 (occt_1157_stress_before2:arm64+0x10000638c)
    #2 runOne(char const*, int, int) occt_1157_stress.cpp:359 (occt_1157_stress_before2:arm64+0x1000039e0)
    #3 main occt_1157_stress.cpp:396 (occt_1157_stress_before2:arm64+0x100002e08)

  Thread T2 (tid=367298, running) created by main thread at:
    #0 pthread_create <null> (libclang_rt.tsan_osx_dynamic.dylib:arm64e+0x33834)
    #1 std::__1::thread::thread[abi:nqe210106]<void (*&)(int, int), int&, int&, 0>(void (*&)(int, int), int&, int&) thread.h:216 (occt_1157_stress_before2:arm64+0x10000638c)
    #2 std::__1::thread* std::__1::vector<std::__1::thread, std::__1::allocator<std::__1::thread>>::__emplace_back_slow_path<void (*&)(int, int), int&, int&>(void (*&)(int, int), int&, int&) vector.h:1130 (occt_1157_stress_before2:arm64+0x100006148)
    #3 runOne(char const*, int, int) occt_1157_stress.cpp:359 (occt_1157_stress_before2:arm64+0x100003a08)
    #4 main occt_1157_stress.cpp:396 (occt_1157_stress_before2:arm64+0x100002e08)

SUMMARY: ThreadSanitizer: data race pad_and_output.h:80 in std::__1::ostreambuf_iterator<char, std::__1::char_traits<char>> std::__1::__pad_and_output[abi:nqe210106]<char, std::__1::char_traits<char>>(std::__1::ostreambuf_iterator<char, std::__1::char_traits<char>>, char const*, char const*, char const*, std::__1::ios_base&, char)
==================
WARNING: ThreadSanitizer: data race (pid=73656)
  Write of size 8 at 0x0001fab5d950 by thread T8 (mutexes: write M0):
    #0 std::__1::ostreambuf_iterator<char, std::__1::char_traits<char>> std::__1::__pad_and_output[abi:nqe210106]<char, std::__1::char_traits<char>>(std::__1::ostreambuf_iterator<char, std::__1::char_traits<char>>, char const*, char const*, char const*, std::__1::ios_base&, char) pad_and_output.h:80 (occt_1157_stress_before2:arm64+0x10001ff54)
    #1 std::__1::basic_ostream<char, std::__1::char_traits<char>>& std::__1::__put_character_sequence[abi:nqe210106]<char, std::__1::char_traits<char>>(std::__1::basic_ostream<char, std::__1::char_traits<char>>&, char const*, unsigned long) put_character_sequence.h:37 (occt_1157_stress_before2:arm64+0x10001fca8)
    #2 operator<<(std::__1::basic_ostream<char, std::__1::char_traits<char>>&, TCollection_AsciiString const&) TCollection_AsciiString.cxx:1100 (occt_1157_stress_before2:arm64+0x1008d1c30)
    #3 Message_PrinterOStream::send(TCollection_AsciiString const&, Message_Gravity) const Message_PrinterOStream.cxx:156 (occt_1157_stress_before2:arm64+0x1008ef578)
    #4 Message_Printer::SendStringStream(std::__1::basic_stringstream<char, std::__1::char_traits<char>, std::__1::allocator<char>> const&, Message_Gravity) const Message_Printer.cxx:70 (occt_1157_stress_before2:arm64+0x1008eeb70)
    #5 Message_Messenger::Send(std::__1::basic_stringstream<char, std::__1::char_traits<char>, std::__1::allocator<char>> const&, Message_Gravity) const Message_Messenger.cxx:128 (occt_1157_stress_before2:arm64+0x1008ea8a4)
    #6 Message_Messenger::StreamBuffer::Flush(bool) Message_Messenger.hxx:75 (occt_1157_stress_before2:arm64+0x1000eb57c)
    #7 Message_Messenger::StreamBuffer::~StreamBuffer() Message_Messenger.hxx:65 (occt_1157_stress_before2:arm64+0x1000eb3c0)
    #8 XSControl_TransferWriter::TransferWriteShape(opencascade::handle<Interface_InterfaceModel> const&, TopoDS_Shape const&, Message_ProgressRange const&) XSControl_TransferWriter.cxx:193 (occt_1157_stress_before2:arm64+0x1013e9f30)
    #9 XSControl_WorkSession::TransferWriteShape(TopoDS_Shape const&, bool, Message_ProgressRange const&) XSControl_WorkSession.cxx:562 (occt_1157_stress_before2:arm64+0x1013f59f8)
    #10 STEPControl_Writer::Transfer(TopoDS_Shape const&, STEPControl_StepModelType, DESTEP_Parameters const&, bool, Message_ProgressRange const&) STEPControl_Writer.cxx:159 (occt_1157_stress_before2:arm64+0x10054e110)
    #11 STEPControl_Writer::Transfer(TopoDS_Shape const&, STEPControl_StepModelType, bool, Message_ProgressRange const&) STEPControl_Writer.cxx:111 (occt_1157_stress_before2:arm64+0x10054db74)
    #12 runStepWriteIndependent(int, int) occt_1157_stress.cpp:88 (occt_1157_stress_before2:arm64+0x100000b14)
    #13 void* std::__1::__thread_proxy[abi:nqe210106]<std::__1::tuple<std::__1::unique_ptr<std::__1::__thread_struct, std::__1::default_delete<std::__1::__thread_struct>>, void (*)(int, int), int, int>>(void*) thread.h:168 (occt_1157_stress_before2:arm64+0x1000064c4)

  Previous write of size 8 at 0x0001fab5d950 by thread T2:
    #0 std::__1::ostreambuf_iterator<char, std::__1::char_traits<char>> std::__1::__pad_and_output[abi:nqe210106]<char, std::__1::char_traits<char>>(std::__1::ostreambuf_iterator<char, std::__1::char_traits<char>>, char const*, char const*, char const*, std::__1::ios_base&, char) pad_and_output.h:80 (occt_1157_stress_before2:arm64+0x10001ff54)
    #1 std::__1::basic_ostream<char, std::__1::char_traits<char>>& std::__1::__put_character_sequence[abi:nqe210106]<char, std::__1::char_traits<char>>(std::__1::basic_ostream<char, std::__1::char_traits<char>>&, char const*, unsigned long) put_character_sequence.h:37 (occt_1157_stress_before2:arm64+0x10001fca8)
    #2 Message_PrinterOStream::send(TCollection_AsciiString const&, Message_Gravity) const Message_PrinterOStream.cxx:163 (occt_1157_stress_before2:arm64+0x1008ef5bc)
    #3 Message_Printer::SendStringStream(std::__1::basic_stringstream<char, std::__1::char_traits<char>, std::__1::allocator<char>> const&, Message_Gravity) const Message_Printer.cxx:70 (occt_1157_stress_before2:arm64+0x1008eeb70)
    #4 Message_Messenger::Send(std::__1::basic_stringstream<char, std::__1::char_traits<char>, std::__1::allocator<char>> const&, Message_Gravity) const Message_Messenger.cxx:128 (occt_1157_stress_before2:arm64+0x1008ea8a4)
    #5 Message_Messenger::StreamBuffer::Flush(bool) Message_Messenger.hxx:75 (occt_1157_stress_before2:arm64+0x1000eb57c)
    #6 Message_Messenger::StreamBuffer::~StreamBuffer() Message_Messenger.hxx:65 (occt_1157_stress_before2:arm64+0x1000eb3c0)
    #7 StepSelect_WorkLibrary::WriteFile(IFSelect_ContextWrite&) const StepSelect_WorkLibrary.cxx:150 (occt_1157_stress_before2:arm64+0x100828148)
    #8 IFSelect_ModelCopier::SendAll(char const*, Interface_Graph const&, opencascade::handle<IFSelect_WorkLibrary> const&, opencascade::handle<Interface_Protocol> const&) IFSelect_ModelCopier.cxx:343 (occt_1157_stress_before2:arm64+0x101385720)
    #9 IFSelect_WorkSession::SendAll(char const*, bool) IFSelect_WorkSession.cxx:2602 (occt_1157_stress_before2:arm64+0x1013bf620)
    #10 STEPControl_Writer::Write(char const*) STEPControl_Writer.cxx:173 (occt_1157_stress_before2:arm64+0x10054e558)
    #11 runStepWriteIndependent(int, int) occt_1157_stress.cpp:97 (occt_1157_stress_before2:arm64+0x100000fa8)
    #12 void* std::__1::__thread_proxy[abi:nqe210106]<std::__1::tuple<std::__1::unique_ptr<std::__1::__thread_struct, std::__1::default_delete<std::__1::__thread_struct>>, void (*)(int, int), int, int>>(void*) thread.h:168 (occt_1157_stress_before2:arm64+0x1000064c4)

  Location is global 'std::__1::cout' at 0x0001fab5d930 (libc++.1.dylib+0x6cb3a950)

  Mutex M0 (0x00010213d358) created at:
    #0 pthread_mutex_lock <null> (libclang_rt.tsan_osx_dynamic.dylib:arm64e+0x356bc)
    #1 std::__1::mutex::lock() <null> (libc++.1.dylib:arm64e+0x300c)
    #2 STEPControl_Writer::SetWS(opencascade::handle<XSControl_WorkSession> const&, bool) STEPControl_Writer.cxx:56 (occt_1157_stress_before2:arm64+0x10054d3bc)
    #3 STEPControl_Writer::STEPControl_Writer() STEPControl_Writer.cxx:39 (occt_1157_stress_before2:arm64+0x10054d244)
    #4 STEPControl_Writer::STEPControl_Writer() STEPControl_Writer.cxx:37 (occt_1157_stress_before2:arm64+0x10054d480)
    #5 runStepWriteIndependent(int, int) occt_1157_stress.cpp:85 (occt_1157_stress_before2:arm64+0x100000ad8)
    #6 runOne(char const*, int, int) occt_1157_stress.cpp:349 (occt_1157_stress_before2:arm64+0x10000384c)
    #7 main occt_1157_stress.cpp:396 (occt_1157_stress_before2:arm64+0x100002e08)

  Thread T8 (tid=367304, running) created by main thread at:
    #0 pthread_create <null> (libclang_rt.tsan_osx_dynamic.dylib:arm64e+0x33834)
    #1 std::__1::thread::thread[abi:nqe210106]<void (*&)(int, int), int&, int&, 0>(void (*&)(int, int), int&, int&) thread.h:216 (occt_1157_stress_before2:arm64+0x10000638c)
    #2 runOne(char const*, int, int) occt_1157_stress.cpp:359 (occt_1157_stress_before2:arm64+0x1000039e0)
    #3 main occt_1157_stress.cpp:396 (occt_1157_stress_before2:arm64+0x100002e08)

  Thread T2 (tid=367298, running) created by main thread at:
    #0 pthread_create <null> (libclang_rt.tsan_osx_dynamic.dylib:arm64e+0x33834)
    #1 std::__1::thread::thread[abi:nqe210106]<void (*&)(int, int), int&, int&, 0>(void (*&)(int, int), int&, int&) thread.h:216 (occt_1157_stress_before2:arm64+0x10000638c)
    #2 std::__1::thread* std::__1::vector<std::__1::thread, std::__1::allocator<std::__1::thread>>::__emplace_back_slow_path<void (*&)(int, int), int&, int&>(void (*&)(int, int), int&, int&) vector.h:1130 (occt_1157_stress_before2:arm64+0x100006148)
    #3 runOne(char const*, int, int) occt_1157_stress.cpp:359 (occt_1157_stress_before2:arm64+0x100003a08)
    #4 main occt_1157_stress.cpp:396 (occt_1157_stress_before2:arm64+0x100002e08)

SUMMARY: ThreadSanitizer: data race pad_and_output.h:80 in std::__1::ostreambuf_iterator<char, std::__1::char_traits<char>> std::__1::__pad_and_output[abi:nqe210106]<char, std::__1::char_traits<char>>(std::__1::ostreambuf_iterator<char, std::__1::char_traits<char>>, char const*, char const*, char const*, std::__1::ios_base&, char)
==================
WARNING: ThreadSanitizer: data race (pid=73656)
  Write of size 8 at 0x0001fab5d950 by thread T8:
    #0 std::__1::ostreambuf_iterator<char, std::__1::char_traits<char>> std::__1::__pad_and_output[abi:nqe210106]<char, std::__1::char_traits<char>>(std::__1::ostreambuf_iterator<char, std::__1::char_traits<char>>, char const*, char const*, char const*, std::__1::ios_base&, char) pad_and_output.h:80 (occt_1157_stress_before2:arm64+0x10001ff54)
    #1 std::__1::basic_ostream<char, std::__1::char_traits<char>>& std::__1::__put_character_sequence[abi:nqe210106]<char, std::__1::char_traits<char>>(std::__1::basic_ostream<char, std::__1::char_traits<char>>&, char const*, unsigned long) put_character_sequence.h:37 (occt_1157_stress_before2:arm64+0x10001fca8)
    #2 Message_PrinterOStream::send(TCollection_AsciiString const&, Message_Gravity) const Message_PrinterOStream.cxx:155 (occt_1157_stress_before2:arm64+0x1008ef56c)
    #3 Message_Printer::SendStringStream(std::__1::basic_stringstream<char, std::__1::char_traits<char>, std::__1::allocator<char>> const&, Message_Gravity) const Message_Printer.cxx:70 (occt_1157_stress_before2:arm64+0x1008eeb70)
    #4 Message_Messenger::Send(std::__1::basic_stringstream<char, std::__1::char_traits<char>, std::__1::allocator<char>> const&, Message_Gravity) const Message_Messenger.cxx:128 (occt_1157_stress_before2:arm64+0x1008ea8a4)
    #5 Message_Messenger::StreamBuffer::Flush(bool) Message_Messenger.hxx:75 (occt_1157_stress_before2:arm64+0x1000eb57c)
    #6 Message_Messenger::StreamBuffer::~StreamBuffer() Message_Messenger.hxx:65 (occt_1157_stress_before2:arm64+0x1000eb3c0)
    #7 IFSelect_ModelCopier::SendAll(char const*, Interface_Graph const&, opencascade::handle<IFSelect_WorkLibrary> const&, opencascade::handle<Interface_Protocol> const&) IFSelect_ModelCopier.cxx:313 (occt_1157_stress_before2:arm64+0x1013855b0)
    #8 IFSelect_WorkSession::SendAll(char const*, bool) IFSelect_WorkSession.cxx:2602 (occt_1157_stress_before2:arm64+0x1013bf620)
    #9 STEPControl_Writer::Write(char const*) STEPControl_Writer.cxx:173 (occt_1157_stress_before2:arm64+0x10054e558)
    #10 runStepWriteIndependent(int, int) occt_1157_stress.cpp:97 (occt_1157_stress_before2:arm64+0x100000fa8)
    #11 void* std::__1::__thread_proxy[abi:nqe210106]<std::__1::tuple<std::__1::unique_ptr<std::__1::__thread_struct, std::__1::default_delete<std::__1::__thread_struct>>, void (*)(int, int), int, int>>(void*) thread.h:168 (occt_1157_stress_before2:arm64+0x1000064c4)

  Previous write of size 8 at 0x0001fab5d950 by thread T6 (mutexes: write M0):
    #0 std::__1::ostreambuf_iterator<char, std::__1::char_traits<char>> std::__1::__pad_and_output[abi:nqe210106]<char, std::__1::char_traits<char>>(std::__1::ostreambuf_iterator<char, std::__1::char_traits<char>>, char const*, char const*, char const*, std::__1::ios_base&, char) pad_and_output.h:80 (occt_1157_stress_before2:arm64+0x10001ff54)
    #1 std::__1::basic_ostream<char, std::__1::char_traits<char>>& std::__1::__put_character_sequence[abi:nqe210106]<char, std::__1::char_traits<char>>(std::__1::basic_ostream<char, std::__1::char_traits<char>>&, char const*, unsigned long) put_character_sequence.h:37 (occt_1157_stress_before2:arm64+0x10001fca8)
    #2 Message_PrinterOStream::send(TCollection_AsciiString const&, Message_Gravity) const Message_PrinterOStream.cxx:163 (occt_1157_stress_before2:arm64+0x1008ef5bc)
    #3 Message_Printer::SendStringStream(std::__1::basic_stringstream<char, std::__1::char_traits<char>, std::__1::allocator<char>> const&, Message_Gravity) const Message_Printer.cxx:70 (occt_1157_stress_before2:arm64+0x1008eeb70)
    #4 Message_Messenger::Send(std::__1::basic_stringstream<char, std::__1::char_traits<char>, std::__1::allocator<char>> const&, Message_Gravity) const Message_Messenger.cxx:128 (occt_1157_stress_before2:arm64+0x1008ea8a4)
    #5 Message_Messenger::StreamBuffer::Flush(bool) Message_Messenger.hxx:75 (occt_1157_stress_before2:arm64+0x1000eb57c)
    #6 Message_Messenger::StreamBuffer::~StreamBuffer() Message_Messenger.hxx:65 (occt_1157_stress_before2:arm64+0x1000eb3c0)
    #7 XSControl_TransferWriter::PrintStats(int, int) const XSControl_TransferWriter.cxx:62 (occt_1157_stress_before2:arm64+0x1013e9430)
    #8 XSControl_TransferWriter::TransferWriteShape(opencascade::handle<Interface_InterfaceModel> const&, TopoDS_Shape const&, Message_ProgressRange const&) XSControl_TransferWriter.cxx:176 (occt_1157_stress_before2:arm64+0x1013e9e20)
    #9 XSControl_WorkSession::TransferWriteShape(TopoDS_Shape const&, bool, Message_ProgressRange const&) XSControl_WorkSession.cxx:562 (occt_1157_stress_before2:arm64+0x1013f59f8)
    #10 STEPControl_Writer::Transfer(TopoDS_Shape const&, STEPControl_StepModelType, DESTEP_Parameters const&, bool, Message_ProgressRange const&) STEPControl_Writer.cxx:159 (occt_1157_stress_before2:arm64+0x10054e110)
    #11 STEPControl_Writer::Transfer(TopoDS_Shape const&, STEPControl_StepModelType, bool, Message_ProgressRange const&) STEPControl_Writer.cxx:111 (occt_1157_stress_before2:arm64+0x10054db74)
    #12 runStepWriteIndependent(int, int) occt_1157_stress.cpp:88 (occt_1157_stress_before2:arm64+0x100000b14)
    #13 void* std::__1::__thread_proxy[abi:nqe210106]<std::__1::tuple<std::__1::unique_ptr<std::__1::__thread_struct, std::__1::default_delete<std::__1::__thread_struct>>, void (*)(int, int), int, int>>(void*) thread.h:168 (occt_1157_stress_before2:arm64+0x1000064c4)

  Location is global 'std::__1::cout' at 0x0001fab5d930 (libc++.1.dylib+0x6cb3a950)

  Mutex M0 (0x00010213d358) created at:
    #0 pthread_mutex_lock <null> (libclang_rt.tsan_osx_dynamic.dylib:arm64e+0x356bc)
    #1 std::__1::mutex::lock() <null> (libc++.1.dylib:arm64e+0x300c)
    #2 STEPControl_Writer::SetWS(opencascade::handle<XSControl_WorkSession> const&, bool) STEPControl_Writer.cxx:56 (occt_1157_stress_before2:arm64+0x10054d3bc)
    #3 STEPControl_Writer::STEPControl_Writer() STEPControl_Writer.cxx:39 (occt_1157_stress_before2:arm64+0x10054d244)
    #4 STEPControl_Writer::STEPControl_Writer() STEPControl_Writer.cxx:37 (occt_1157_stress_before2:arm64+0x10054d480)
    #5 runStepWriteIndependent(int, int) occt_1157_stress.cpp:85 (occt_1157_stress_before2:arm64+0x100000ad8)
    #6 runOne(char const*, int, int) occt_1157_stress.cpp:349 (occt_1157_stress_before2:arm64+0x10000384c)
    #7 main occt_1157_stress.cpp:396 (occt_1157_stress_before2:arm64+0x100002e08)

  Thread T8 (tid=367304, running) created by main thread at:
    #0 pthread_create <null> (libclang_rt.tsan_osx_dynamic.dylib:arm64e+0x33834)
    #1 std::__1::thread::thread[abi:nqe210106]<void (*&)(int, int), int&, int&, 0>(void (*&)(int, int), int&, int&) thread.h:216 (occt_1157_stress_before2:arm64+0x10000638c)
    #2 runOne(char const*, int, int) occt_1157_stress.cpp:359 (occt_1157_stress_before2:arm64+0x1000039e0)
    #3 main occt_1157_stress.cpp:396 (occt_1157_stress_before2:arm64+0x100002e08)

  Thread T6 (tid=367302, running) created by main thread at:
    #0 pthread_create <null> (libclang_rt.tsan_osx_dynamic.dylib:arm64e+0x33834)
    #1 std::__1::thread::thread[abi:nqe210106]<void (*&)(int, int), int&, int&, 0>(void (*&)(int, int), int&, int&) thread.h:216 (occt_1157_stress_before2:arm64+0x10000638c)
    #2 runOne(char const*, int, int) occt_1157_stress.cpp:359 (occt_1157_stress_before2:arm64+0x1000039e0)
    #3 main occt_1157_stress.cpp:396 (occt_1157_stress_before2:arm64+0x100002e08)

SUMMARY: ThreadSanitizer: data race pad_and_output.h:80 in std::__1::ostreambuf_iterator<char, std::__1::char_traits<char>> std::__1::__pad_and_output[abi:nqe210106]<char, std::__1::char_traits<char>>(std::__1::ostreambuf_iterator<char, std::__1::char_traits<char>>, char const*, char const*, char const*, std::__1::ios_base&, char)
==================
WARNING: ThreadSanitizer: data race (pid=73656)
  Write of size 8 at 0x0001fab5d950 by thread T6:
    #0 std::__1::ostreambuf_iterator<char, std::__1::char_traits<char>> std::__1::__pad_and_output[abi:nqe210106]<char, std::__1::char_traits<char>>(std::__1::ostreambuf_iterator<char, std::__1::char_traits<char>>, char const*, char const*, char const*, std::__1::ios_base&, char) pad_and_output.h:80 (occt_1157_stress_before2:arm64+0x10001ff54)
    #1 std::__1::basic_ostream<char, std::__1::char_traits<char>>& std::__1::__put_character_sequence[abi:nqe210106]<char, std::__1::char_traits<char>>(std::__1::basic_ostream<char, std::__1::char_traits<char>>&, char const*, unsigned long) put_character_sequence.h:37 (occt_1157_stress_before2:arm64+0x10001fca8)
    #2 Message_PrinterOStream::send(TCollection_AsciiString const&, Message_Gravity) const Message_PrinterOStream.cxx:155 (occt_1157_stress_before2:arm64+0x1008ef56c)
    #3 Message_Printer::SendStringStream(std::__1::basic_stringstream<char, std::__1::char_traits<char>, std::__1::allocator<char>> const&, Message_Gravity) const Message_Printer.cxx:70 (occt_1157_stress_before2:arm64+0x1008eeb70)
    #4 Message_Messenger::Send(std::__1::basic_stringstream<char, std::__1::char_traits<char>, std::__1::allocator<char>> const&, Message_Gravity) const Message_Messenger.cxx:128 (occt_1157_stress_before2:arm64+0x1008ea8a4)
    #5 Message_Messenger::StreamBuffer::Flush(bool) Message_Messenger.hxx:75 (occt_1157_stress_before2:arm64+0x1000eb57c)
    #6 Message_Messenger::StreamBuffer::~StreamBuffer() Message_Messenger.hxx:65 (occt_1157_stress_before2:arm64+0x1000eb3c0)
    #7 IFSelect_ModelCopier::SendAll(char const*, Interface_Graph const&, opencascade::handle<IFSelect_WorkLibrary> const&, opencascade::handle<Interface_Protocol> const&) IFSelect_ModelCopier.cxx:313 (occt_1157_stress_before2:arm64+0x1013855b0)
    #8 IFSelect_WorkSession::SendAll(char const*, bool) IFSelect_WorkSession.cxx:2618 (occt_1157_stress_before2:arm64+0x1013bf714)
    #9 STEPControl_Writer::Write(char const*) STEPControl_Writer.cxx:173 (occt_1157_stress_before2:arm64+0x10054e558)
    #10 runStepWriteIndependent(int, int) occt_1157_stress.cpp:97 (occt_1157_stress_before2:arm64+0x100000fa8)
    #11 void* std::__1::__thread_proxy[abi:nqe210106]<std::__1::tuple<std::__1::unique_ptr<std::__1::__thread_struct, std::__1::default_delete<std::__1::__thread_struct>>, void (*)(int, int), int, int>>(void*) thread.h:168 (occt_1157_stress_before2:arm64+0x1000064c4)

  Previous write of size 8 at 0x0001fab5d950 by thread T1 (mutexes: write M0):
    #0 std::__1::ostreambuf_iterator<char, std::__1::char_traits<char>> std::__1::__pad_and_output[abi:nqe210106]<char, std::__1::char_traits<char>>(std::__1::ostreambuf_iterator<char, std::__1::char_traits<char>>, char const*, char const*, char const*, std::__1::ios_base&, char) pad_and_output.h:80 (occt_1157_stress_before2:arm64+0x10001ff54)
    #1 std::__1::basic_ostream<char, std::__1::char_traits<char>>& std::__1::__put_character_sequence[abi:nqe210106]<char, std::__1::char_traits<char>>(std::__1::basic_ostream<char, std::__1::char_traits<char>>&, char const*, unsigned long) put_character_sequence.h:37 (occt_1157_stress_before2:arm64+0x10001fca8)
    #2 Message_PrinterOStream::send(TCollection_AsciiString const&, Message_Gravity) const Message_PrinterOStream.cxx:163 (occt_1157_stress_before2:arm64+0x1008ef5bc)
    #3 Message_Printer::SendStringStream(std::__1::basic_stringstream<char, std::__1::char_traits<char>, std::__1::allocator<char>> const&, Message_Gravity) const Message_Printer.cxx:70 (occt_1157_stress_before2:arm64+0x1008eeb70)
    #4 Message_Messenger::Send(std::__1::basic_stringstream<char, std::__1::char_traits<char>, std::__1::allocator<char>> const&, Message_Gravity) const Message_Messenger.cxx:128 (occt_1157_stress_before2:arm64+0x1008ea8a4)
    #5 Message_Messenger::StreamBuffer::Flush(bool) Message_Messenger.hxx:75 (occt_1157_stress_before2:arm64+0x1000eb57c)
    #6 Message_Messenger::StreamBuffer::~StreamBuffer() Message_Messenger.hxx:65 (occt_1157_stress_before2:arm64+0x1000eb3c0)
    #7 XSControl_TransferWriter::PrintStats(int, int) const XSControl_TransferWriter.cxx:62 (occt_1157_stress_before2:arm64+0x1013e9430)
    #8 XSControl_TransferWriter::TransferWriteShape(opencascade::handle<Interface_InterfaceModel> const&, TopoDS_Shape const&, Message_ProgressRange const&) XSControl_TransferWriter.cxx:176 (occt_1157_stress_before2:arm64+0x1013e9e20)
    #9 XSControl_WorkSession::TransferWriteShape(TopoDS_Shape const&, bool, Message_ProgressRange const&) XSControl_WorkSession.cxx:562 (occt_1157_stress_before2:arm64+0x1013f59f8)
    #10 STEPControl_Writer::Transfer(TopoDS_Shape const&, STEPControl_StepModelType, DESTEP_Parameters const&, bool, Message_ProgressRange const&) STEPControl_Writer.cxx:159 (occt_1157_stress_before2:arm64+0x10054e110)
    #11 STEPControl_Writer::Transfer(TopoDS_Shape const&, STEPControl_StepModelType, bool, Message_ProgressRange const&) STEPControl_Writer.cxx:111 (occt_1157_stress_before2:arm64+0x10054db74)
    #12 runStepWriteIndependent(int, int) occt_1157_stress.cpp:88 (occt_1157_stress_before2:arm64+0x100000b14)
    #13 void* std::__1::__thread_proxy[abi:nqe210106]<std::__1::tuple<std::__1::unique_ptr<std::__1::__thread_struct, std::__1::default_delete<std::__1::__thread_struct>>, void (*)(int, int), int, int>>(void*) thread.h:168 (occt_1157_stress_before2:arm64+0x1000064c4)

  Location is global 'std::__1::cout' at 0x0001fab5d930 (libc++.1.dylib+0x6cb3a950)

  Mutex M0 (0x00010213d358) created at:
    #0 pthread_mutex_lock <null> (libclang_rt.tsan_osx_dynamic.dylib:arm64e+0x356bc)
    #1 std::__1::mutex::lock() <null> (libc++.1.dylib:arm64e+0x300c)
    #2 STEPControl_Writer::SetWS(opencascade::handle<XSControl_WorkSession> const&, bool) STEPControl_Writer.cxx:56 (occt_1157_stress_before2:arm64+0x10054d3bc)
    #3 STEPControl_Writer::STEPControl_Writer() STEPControl_Writer.cxx:39 (occt_1157_stress_before2:arm64+0x10054d244)
    #4 STEPControl_Writer::STEPControl_Writer() STEPControl_Writer.cxx:37 (occt_1157_stress_before2:arm64+0x10054d480)
    #5 runStepWriteIndependent(int, int) occt_1157_stress.cpp:85 (occt_1157_stress_before2:arm64+0x100000ad8)
    #6 runOne(char const*, int, int) occt_1157_stress.cpp:349 (occt_1157_stress_before2:arm64+0x10000384c)
    #7 main occt_1157_stress.cpp:396 (occt_1157_stress_before2:arm64+0x100002e08)

  Thread T6 (tid=367302, running) created by main thread at:
    #0 pthread_create <null> (libclang_rt.tsan_osx_dynamic.dylib:arm64e+0x33834)
    #1 std::__1::thread::thread[abi:nqe210106]<void (*&)(int, int), int&, int&, 0>(void (*&)(int, int), int&, int&) thread.h:216 (occt_1157_stress_before2:arm64+0x10000638c)
    #2 runOne(char const*, int, int) occt_1157_stress.cpp:359 (occt_1157_stress_before2:arm64+0x1000039e0)
    #3 main occt_1157_stress.cpp:396 (occt_1157_stress_before2:arm64+0x100002e08)

  Thread T1 (tid=367297, running) created by main thread at:
    #0 pthread_create <null> (libclang_rt.tsan_osx_dynamic.dylib:arm64e+0x33834)
    #1 std::__1::thread::thread[abi:nqe210106]<void (*&)(int, int), int&, int&, 0>(void (*&)(int, int), int&, int&) thread.h:216 (occt_1157_stress_before2:arm64+0x10000638c)
    #2 std::__1::thread* std::__1::vector<std::__1::thread, std::__1::allocator<std::__1::thread>>::__emplace_back_slow_path<void (*&)(int, int), int&, int&>(void (*&)(int, int), int&, int&) vector.h:1130 (occt_1157_stress_before2:arm64+0x100006148)
    #3 runOne(char const*, int, int) occt_1157_stress.cpp:359 (occt_1157_stress_before2:arm64+0x100003a08)
    #4 main occt_1157_stress.cpp:396 (occt_1157_stress_before2:arm64+0x100002e08)

SUMMARY: ThreadSanitizer: data race pad_and_output.h:80 in std::__1::ostreambuf_iterator<char, std::__1::char_traits<char>> std::__1::__pad_and_output[abi:nqe210106]<char, std::__1::char_traits<char>>(std::__1::ostreambuf_iterator<char, std::__1::char_traits<char>>, char const*, char const*, char const*, std::__1::ios_base&, char)
==================
WARNING: ThreadSanitizer: data race (pid=73656)
  Write of size 8 at 0x0001fab5d950 by thread T8:
    #0 std::__1::ostreambuf_iterator<char, std::__1::char_traits<char>> std::__1::__pad_and_output[abi:nqe210106]<char, std::__1::char_traits<char>>(std::__1::ostreambuf_iterator<char, std::__1::char_traits<char>>, char const*, char const*, char const*, std::__1::ios_base&, char) pad_and_output.h:80 (occt_1157_stress_before2:arm64+0x10001ff54)
    #1 std::__1::basic_ostream<char, std::__1::char_traits<char>>& std::__1::__put_character_sequence[abi:nqe210106]<char, std::__1::char_traits<char>>(std::__1::basic_ostream<char, std::__1::char_traits<char>>&, char const*, unsigned long) put_character_sequence.h:37 (occt_1157_stress_before2:arm64+0x10001fca8)
    #2 Message_PrinterOStream::send(TCollection_AsciiString const&, Message_Gravity) const Message_PrinterOStream.cxx:155 (occt_1157_stress_before2:arm64+0x1008ef56c)
    #3 Message_Printer::SendStringStream(std::__1::basic_stringstream<char, std::__1::char_traits<char>, std::__1::allocator<char>> const&, Message_Gravity) const Message_Printer.cxx:70 (occt_1157_stress_before2:arm64+0x1008eeb70)
    #4 Message_Messenger::Send(std::__1::basic_stringstream<char, std::__1::char_traits<char>, std::__1::allocator<char>> const&, Message_Gravity) const Message_Messenger.cxx:128 (occt_1157_stress_before2:arm64+0x1008ea8a4)
    #5 Message_Messenger::StreamBuffer::Flush(bool) Message_Messenger.hxx:75 (occt_1157_stress_before2:arm64+0x1000eb57c)
    #6 Message_Messenger::StreamBuffer::~StreamBuffer() Message_Messenger.hxx:65 (occt_1157_stress_before2:arm64+0x1000eb3c0)
    #7 StepSelect_WorkLibrary::WriteFile(IFSelect_ContextWrite&) const StepSelect_WorkLibrary.cxx:150 (occt_1157_stress_before2:arm64+0x100828148)
    #8 IFSelect_ModelCopier::SendAll(char const*, Interface_Graph const&, opencascade::handle<IFSelect_WorkLibrary> const&, opencascade::handle<Interface_Protocol> const&) IFSelect_ModelCopier.cxx:343 (occt_1157_stress_before2:arm64+0x101385720)
    #9 IFSelect_WorkSession::SendAll(char const*, bool) IFSelect_WorkSession.cxx:2602 (occt_1157_stress_before2:arm64+0x1013bf620)
    #10 STEPControl_Writer::Write(char const*) STEPControl_Writer.cxx:173 (occt_1157_stress_before2:arm64+0x10054e558)
    #11 runStepWriteIndependent(int, int) occt_1157_stress.cpp:97 (occt_1157_stress_before2:arm64+0x100000fa8)
    #12 void* std::__1::__thread_proxy[abi:nqe210106]<std::__1::tuple<std::__1::unique_ptr<std::__1::__thread_struct, std::__1::default_delete<std::__1::__thread_struct>>, void (*)(int, int), int, int>>(void*) thread.h:168 (occt_1157_stress_before2:arm64+0x1000064c4)

  Previous write of size 8 at 0x0001fab5d950 by thread T1 (mutexes: write M0):
    #0 std::__1::ostreambuf_iterator<char, std::__1::char_traits<char>> std::__1::__pad_and_output[abi:nqe210106]<char, std::__1::char_traits<char>>(std::__1::ostreambuf_iterator<char, std::__1::char_traits<char>>, char const*, char const*, char const*, std::__1::ios_base&, char) pad_and_output.h:80 (occt_1157_stress_before2:arm64+0x10001ff54)
    #1 std::__1::basic_ostream<char, std::__1::char_traits<char>>& std::__1::__put_character_sequence[abi:nqe210106]<char, std::__1::char_traits<char>>(std::__1::basic_ostream<char, std::__1::char_traits<char>>&, char const*, unsigned long) put_character_sequence.h:37 (occt_1157_stress_before2:arm64+0x10001fca8)
    #2 Message_PrinterOStream::send(TCollection_AsciiString const&, Message_Gravity) const Message_PrinterOStream.cxx:163 (occt_1157_stress_before2:arm64+0x1008ef5bc)
    #3 Message_Printer::SendStringStream(std::__1::basic_stringstream<char, std::__1::char_traits<char>, std::__1::allocator<char>> const&, Message_Gravity) const Message_Printer.cxx:70 (occt_1157_stress_before2:arm64+0x1008eeb70)
    #4 Message_Messenger::Send(std::__1::basic_stringstream<char, std::__1::char_traits<char>, std::__1::allocator<char>> const&, Message_Gravity) const Message_Messenger.cxx:128 (occt_1157_stress_before2:arm64+0x1008ea8a4)
    #5 Message_Messenger::StreamBuffer::Flush(bool) Message_Messenger.hxx:75 (occt_1157_stress_before2:arm64+0x1000eb57c)
    #6 Message_Messenger::StreamBuffer::~StreamBuffer() Message_Messenger.hxx:65 (occt_1157_stress_before2:arm64+0x1000eb3c0)
    #7 XSControl_TransferWriter::TransferWriteShape(opencascade::handle<Interface_InterfaceModel> const&, TopoDS_Shape const&, Message_ProgressRange const&) XSControl_TransferWriter.cxx:193 (occt_1157_stress_before2:arm64+0x1013e9f30)
    #8 XSControl_WorkSession::TransferWriteShape(TopoDS_Shape const&, bool, Message_ProgressRange const&) XSControl_WorkSession.cxx:562 (occt_1157_stress_before2:arm64+0x1013f59f8)
    #9 STEPControl_Writer::Transfer(TopoDS_Shape const&, STEPControl_StepModelType, DESTEP_Parameters const&, bool, Message_ProgressRange const&) STEPControl_Writer.cxx:159 (occt_1157_stress_before2:arm64+0x10054e110)
    #10 STEPControl_Writer::Transfer(TopoDS_Shape const&, STEPControl_StepModelType, bool, Message_ProgressRange const&) STEPControl_Writer.cxx:111 (occt_1157_stress_before2:arm64+0x10054db74)
    #11 runStepWriteIndependent(int, int) occt_1157_stress.cpp:88 (occt_1157_stress_before2:arm64+0x100000b14)
    #12 void* std::__1::__thread_proxy[abi:nqe210106]<std::__1::tuple<std::__1::unique_ptr<std::__1::__thread_struct, std::__1::default_delete<std::__1::__thread_struct>>, void (*)(int, int), int, int>>(void*) thread.h:168 (occt_1157_stress_before2:arm64+0x1000064c4)

  Location is global 'std::__1::cout' at 0x0001fab5d930 (libc++.1.dylib+0x6cb3a950)

  Mutex M0 (0x00010213d358) created at:
    #0 pthread_mutex_lock <null> (libclang_rt.tsan_osx_dynamic.dylib:arm64e+0x356bc)
    #1 std::__1::mutex::lock() <null> (libc++.1.dylib:arm64e+0x300c)
    #2 STEPControl_Writer::SetWS(opencascade::handle<XSControl_WorkSession> const&, bool) STEPControl_Writer.cxx:56 (occt_1157_stress_before2:arm64+0x10054d3bc)
    #3 STEPControl_Writer::STEPControl_Writer() STEPControl_Writer.cxx:39 (occt_1157_stress_before2:arm64+0x10054d244)
    #4 STEPControl_Writer::STEPControl_Writer() STEPControl_Writer.cxx:37 (occt_1157_stress_before2:arm64+0x10054d480)
    #5 runStepWriteIndependent(int, int) occt_1157_stress.cpp:85 (occt_1157_stress_before2:arm64+0x100000ad8)
    #6 runOne(char const*, int, int) occt_1157_stress.cpp:349 (occt_1157_stress_before2:arm64+0x10000384c)
    #7 main occt_1157_stress.cpp:396 (occt_1157_stress_before2:arm64+0x100002e08)

  Thread T8 (tid=367304, running) created by main thread at:
    #0 pthread_create <null> (libclang_rt.tsan_osx_dynamic.dylib:arm64e+0x33834)
    #1 std::__1::thread::thread[abi:nqe210106]<void (*&)(int, int), int&, int&, 0>(void (*&)(int, int), int&, int&) thread.h:216 (occt_1157_stress_before2:arm64+0x10000638c)
    #2 runOne(char const*, int, int) occt_1157_stress.cpp:359 (occt_1157_stress_before2:arm64+0x1000039e0)
    #3 main occt_1157_stress.cpp:396 (occt_1157_stress_before2:arm64+0x100002e08)

  Thread T1 (tid=367297, running) created by main thread at:
    #0 pthread_create <null> (libclang_rt.tsan_osx_dynamic.dylib:arm64e+0x33834)
    #1 std::__1::thread::thread[abi:nqe210106]<void (*&)(int, int), int&, int&, 0>(void (*&)(int, int), int&, int&) thread.h:216 (occt_1157_stress_before2:arm64+0x10000638c)
    #2 std::__1::thread* std::__1::vector<std::__1::thread, std::__1::allocator<std::__1::thread>>::__emplace_back_slow_path<void (*&)(int, int), int&, int&>(void (*&)(int, int), int&, int&) vector.h:1130 (occt_1157_stress_before2:arm64+0x100006148)
    #3 runOne(char const*, int, int) occt_1157_stress.cpp:359 (occt_1157_stress_before2:arm64+0x100003a08)
    #4 main occt_1157_stress.cpp:396 (occt_1157_stress_before2:arm64+0x100002e08)

SUMMARY: ThreadSanitizer: data race pad_and_output.h:80 in std::__1::ostreambuf_iterator<char, std::__1::char_traits<char>> std::__1::__pad_and_output[abi:nqe210106]<char, std::__1::char_traits<char>>(std::__1::ostreambuf_iterator<char, std::__1::char_traits<char>>, char const*, char const*, char const*, std::__1::ios_base&, char)
==================
WARNING: ThreadSanitizer: data race (pid=73656)
  Write of size 8 at 0x0001fab5d950 by thread T5 (mutexes: write M0):
    #0 std::__1::ostreambuf_iterator<char, std::__1::char_traits<char>> std::__1::__pad_and_output[abi:nqe210106]<char, std::__1::char_traits<char>>(std::__1::ostreambuf_iterator<char, std::__1::char_traits<char>>, char const*, char const*, char const*, std::__1::ios_base&, char) pad_and_output.h:80 (occt_1157_stress_before2:arm64+0x10001ff54)
    #1 std::__1::basic_ostream<char, std::__1::char_traits<char>>& std::__1::__put_character_sequence[abi:nqe210106]<char, std::__1::char_traits<char>>(std::__1::basic_ostream<char, std::__1::char_traits<char>>&, char const*, unsigned long) put_character_sequence.h:37 (occt_1157_stress_before2:arm64+0x10001fca8)
    #2 Message_PrinterOStream::send(TCollection_AsciiString const&, Message_Gravity) const Message_PrinterOStream.cxx:155 (occt_1157_stress_before2:arm64+0x1008ef56c)
    #3 Message_Printer::SendStringStream(std::__1::basic_stringstream<char, std::__1::char_traits<char>, std::__1::allocator<char>> const&, Message_Gravity) const Message_Printer.cxx:70 (occt_1157_stress_before2:arm64+0x1008eeb70)
    #4 Message_Messenger::Send(std::__1::basic_stringstream<char, std::__1::char_traits<char>, std::__1::allocator<char>> const&, Message_Gravity) const Message_Messenger.cxx:128 (occt_1157_stress_before2:arm64+0x1008ea8a4)
    #5 Message_Messenger::StreamBuffer::Flush(bool) Message_Messenger.hxx:75 (occt_1157_stress_before2:arm64+0x1000eb57c)
    #6 Message_Messenger::StreamBuffer::~StreamBuffer() Message_Messenger.hxx:65 (occt_1157_stress_before2:arm64+0x1000eb3c0)
    #7 XSControl_TransferWriter::TransferWriteShape(opencascade::handle<Interface_InterfaceModel> const&, TopoDS_Shape const&, Message_ProgressRange const&) XSControl_TransferWriter.cxx:193 (occt_1157_stress_before2:arm64+0x1013e9f30)
    #8 XSControl_WorkSession::TransferWriteShape(TopoDS_Shape const&, bool, Message_ProgressRange const&) XSControl_WorkSession.cxx:562 (occt_1157_stress_before2:arm64+0x1013f59f8)
    #9 STEPControl_Writer::Transfer(TopoDS_Shape const&, STEPControl_StepModelType, DESTEP_Parameters const&, bool, Message_ProgressRange const&) STEPControl_Writer.cxx:159 (occt_1157_stress_before2:arm64+0x10054e110)
    #10 STEPControl_Writer::Transfer(TopoDS_Shape const&, STEPControl_StepModelType, bool, Message_ProgressRange const&) STEPControl_Writer.cxx:111 (occt_1157_stress_before2:arm64+0x10054db74)
    #11 runStepWriteIndependent(int, int) occt_1157_stress.cpp:88 (occt_1157_stress_before2:arm64+0x100000b14)
    #12 void* std::__1::__thread_proxy[abi:nqe210106]<std::__1::tuple<std::__1::unique_ptr<std::__1::__thread_struct, std::__1::default_delete<std::__1::__thread_struct>>, void (*)(int, int), int, int>>(void*) thread.h:168 (occt_1157_stress_before2:arm64+0x1000064c4)

  Previous write of size 8 at 0x0001fab5d950 by thread T1:
    #0 std::__1::ostreambuf_iterator<char, std::__1::char_traits<char>> std::__1::__pad_and_output[abi:nqe210106]<char, std::__1::char_traits<char>>(std::__1::ostreambuf_iterator<char, std::__1::char_traits<char>>, char const*, char const*, char const*, std::__1::ios_base&, char) pad_and_output.h:80 (occt_1157_stress_before2:arm64+0x10001ff54)
    #1 std::__1::basic_ostream<char, std::__1::char_traits<char>>& std::__1::__put_character_sequence[abi:nqe210106]<char, std::__1::char_traits<char>>(std::__1::basic_ostream<char, std::__1::char_traits<char>>&, char const*, unsigned long) put_character_sequence.h:37 (occt_1157_stress_before2:arm64+0x10001fca8)
    #2 Message_PrinterOStream::send(TCollection_AsciiString const&, Message_Gravity) const Message_PrinterOStream.cxx:163 (occt_1157_stress_before2:arm64+0x1008ef5bc)
    #3 Message_Printer::SendStringStream(std::__1::basic_stringstream<char, std::__1::char_traits<char>, std::__1::allocator<char>> const&, Message_Gravity) const Message_Printer.cxx:70 (occt_1157_stress_before2:arm64+0x1008eeb70)
    #4 Message_Messenger::Send(std::__1::basic_stringstream<char, std::__1::char_traits<char>, std::__1::allocator<char>> const&, Message_Gravity) const Message_Messenger.cxx:128 (occt_1157_stress_before2:arm64+0x1008ea8a4)
    #5 Message_Messenger::StreamBuffer::Flush(bool) Message_Messenger.hxx:75 (occt_1157_stress_before2:arm64+0x1000eb57c)
    #6 Message_Messenger::StreamBuffer::~StreamBuffer() Message_Messenger.hxx:65 (occt_1157_stress_before2:arm64+0x1000eb3c0)
    #7 StepSelect_WorkLibrary::WriteFile(IFSelect_ContextWrite&) const StepSelect_WorkLibrary.cxx:150 (occt_1157_stress_before2:arm64+0x100828148)
    #8 IFSelect_ModelCopier::SendAll(char const*, Interface_Graph const&, opencascade::handle<IFSelect_WorkLibrary> const&, opencascade::handle<Interface_Protocol> const&) IFSelect_ModelCopier.cxx:343 (occt_1157_stress_before2:arm64+0x101385720)
    #9 IFSelect_WorkSession::SendAll(char const*, bool) IFSelect_WorkSession.cxx:2618 (occt_1157_stress_before2:arm64+0x1013bf714)
    #10 STEPControl_Writer::Write(char const*) STEPControl_Writer.cxx:173 (occt_1157_stress_before2:arm64+0x10054e558)
    #11 runStepWriteIndependent(int, int) occt_1157_stress.cpp:97 (occt_1157_stress_before2:arm64+0x100000fa8)
    #12 void* std::__1::__thread_proxy[abi:nqe210106]<std::__1::tuple<std::__1::unique_ptr<std::__1::__thread_struct, std::__1::default_delete<std::__1::__thread_struct>>, void (*)(int, int), int, int>>(void*) thread.h:168 (occt_1157_stress_before2:arm64+0x1000064c4)

  Location is global 'std::__1::cout' at 0x0001fab5d930 (libc++.1.dylib+0x6cb3a950)

  Mutex M0 (0x00010213d358) created at:
    #0 pthread_mutex_lock <null> (libclang_rt.tsan_osx_dynamic.dylib:arm64e+0x356bc)
    #1 std::__1::mutex::lock() <null> (libc++.1.dylib:arm64e+0x300c)
    #2 STEPControl_Writer::SetWS(opencascade::handle<XSControl_WorkSession> const&, bool) STEPControl_Writer.cxx:56 (occt_1157_stress_before2:arm64+0x10054d3bc)
    #3 STEPControl_Writer::STEPControl_Writer() STEPControl_Writer.cxx:39 (occt_1157_stress_before2:arm64+0x10054d244)
    #4 STEPControl_Writer::STEPControl_Writer() STEPControl_Writer.cxx:37 (occt_1157_stress_before2:arm64+0x10054d480)
    #5 runStepWriteIndependent(int, int) occt_1157_stress.cpp:85 (occt_1157_stress_before2:arm64+0x100000ad8)
    #6 runOne(char const*, int, int) occt_1157_stress.cpp:349 (occt_1157_stress_before2:arm64+0x10000384c)
    #7 main occt_1157_stress.cpp:396 (occt_1157_stress_before2:arm64+0x100002e08)

  Thread T5 (tid=367301, running) created by main thread at:
    #0 pthread_create <null> (libclang_rt.tsan_osx_dynamic.dylib:arm64e+0x33834)
    #1 std::__1::thread::thread[abi:nqe210106]<void (*&)(int, int), int&, int&, 0>(void (*&)(int, int), int&, int&) thread.h:216 (occt_1157_stress_before2:arm64+0x10000638c)
    #2 std::__1::thread* std::__1::vector<std::__1::thread, std::__1::allocator<std::__1::thread>>::__emplace_back_slow_path<void (*&)(int, int), int&, int&>(void (*&)(int, int), int&, int&) vector.h:1130 (occt_1157_stress_before2:arm64+0x100006148)
    #3 runOne(char const*, int, int) occt_1157_stress.cpp:359 (occt_1157_stress_before2:arm64+0x100003a08)
    #4 main occt_1157_stress.cpp:396 (occt_1157_stress_before2:arm64+0x100002e08)

  Thread T1 (tid=367297, running) created by main thread at:
    #0 pthread_create <null> (libclang_rt.tsan_osx_dynamic.dylib:arm64e+0x33834)
    #1 std::__1::thread::thread[abi:nqe210106]<void (*&)(int, int), int&, int&, 0>(void (*&)(int, int), int&, int&) thread.h:216 (occt_1157_stress_before2:arm64+0x10000638c)
    #2 std::__1::thread* std::__1::vector<std::__1::thread, std::__1::allocator<std::__1::thread>>::__emplace_back_slow_path<void (*&)(int, int), int&, int&>(void (*&)(int, int), int&, int&) vector.h:1130 (occt_1157_stress_before2:arm64+0x100006148)
    #3 runOne(char const*, int, int) occt_1157_stress.cpp:359 (occt_1157_stress_before2:arm64+0x100003a08)
    #4 main occt_1157_stress.cpp:396 (occt_1157_stress_before2:arm64+0x100002e08)

SUMMARY: ThreadSanitizer: data race pad_and_output.h:80 in std::__1::ostreambuf_iterator<char, std::__1::char_traits<char>> std::__1::__pad_and_output[abi:nqe210106]<char, std::__1::char_traits<char>>(std::__1::ostreambuf_iterator<char, std::__1::char_traits<char>>, char const*, char const*, char const*, std::__1::ios_base&, char)
==================
WARNING: ThreadSanitizer: data race (pid=73656)
  Write of size 8 at 0x0001fab5d950 by thread T7 (mutexes: write M0):
    #0 std::__1::ostreambuf_iterator<char, std::__1::char_traits<char>> std::__1::__pad_and_output[abi:nqe210106]<char, std::__1::char_traits<char>>(std::__1::ostreambuf_iterator<char, std::__1::char_traits<char>>, char const*, char const*, char const*, std::__1::ios_base&, char) pad_and_output.h:80 (occt_1157_stress_before2:arm64+0x10001ff54)
    #1 std::__1::basic_ostream<char, std::__1::char_traits<char>>& std::__1::__put_character_sequence[abi:nqe210106]<char, std::__1::char_traits<char>>(std::__1::basic_ostream<char, std::__1::char_traits<char>>&, char const*, unsigned long) put_character_sequence.h:37 (occt_1157_stress_before2:arm64+0x10001fca8)
    #2 Message_PrinterOStream::send(TCollection_AsciiString const&, Message_Gravity) const Message_PrinterOStream.cxx:155 (occt_1157_stress_before2:arm64+0x1008ef56c)
    #3 Message_Printer::SendStringStream(std::__1::basic_stringstream<char, std::__1::char_traits<char>, std::__1::allocator<char>> const&, Message_Gravity) const Message_Printer.cxx:70 (occt_1157_stress_before2:arm64+0x1008eeb70)
    #4 Message_Messenger::Send(std::__1::basic_stringstream<char, std::__1::char_traits<char>, std::__1::allocator<char>> const&, Message_Gravity) const Message_Messenger.cxx:128 (occt_1157_stress_before2:arm64+0x1008ea8a4)
    #5 Message_Messenger::StreamBuffer::Flush(bool) Message_Messenger.hxx:75 (occt_1157_stress_before2:arm64+0x1000eb57c)
    #6 Message_Messenger::StreamBuffer::~StreamBuffer() Message_Messenger.hxx:65 (occt_1157_stress_before2:arm64+0x1000eb3c0)
    #7 XSControl_TransferWriter::PrintStats(int, int) const XSControl_TransferWriter.cxx:62 (occt_1157_stress_before2:arm64+0x1013e9430)
    #8 XSControl_TransferWriter::TransferWriteShape(opencascade::handle<Interface_InterfaceModel> const&, TopoDS_Shape const&, Message_ProgressRange const&) XSControl_TransferWriter.cxx:176 (occt_1157_stress_before2:arm64+0x1013e9e20)
    #9 XSControl_WorkSession::TransferWriteShape(TopoDS_Shape const&, bool, Message_ProgressRange const&) XSControl_WorkSession.cxx:562 (occt_1157_stress_before2:arm64+0x1013f59f8)
    #10 STEPControl_Writer::Transfer(TopoDS_Shape const&, STEPControl_StepModelType, DESTEP_Parameters const&, bool, Message_ProgressRange const&) STEPControl_Writer.cxx:159 (occt_1157_stress_before2:arm64+0x10054e110)
    #11 STEPControl_Writer::Transfer(TopoDS_Shape const&, STEPControl_StepModelType, bool, Message_ProgressRange const&) STEPControl_Writer.cxx:111 (occt_1157_stress_before2:arm64+0x10054db74)
    #12 runStepWriteIndependent(int, int) occt_1157_stress.cpp:88 (occt_1157_stress_before2:arm64+0x100000b14)
    #13 void* std::__1::__thread_proxy[abi:nqe210106]<std::__1::tuple<std::__1::unique_ptr<std::__1::__thread_struct, std::__1::default_delete<std::__1::__thread_struct>>, void (*)(int, int), int, int>>(void*) thread.h:168 (occt_1157_stress_before2:arm64+0x1000064c4)

  Previous write of size 8 at 0x0001fab5d950 by thread T5:
    #0 std::__1::ostreambuf_iterator<char, std::__1::char_traits<char>> std::__1::__pad_and_output[abi:nqe210106]<char, std::__1::char_traits<char>>(std::__1::ostreambuf_iterator<char, std::__1::char_traits<char>>, char const*, char const*, char const*, std::__1::ios_base&, char) pad_and_output.h:80 (occt_1157_stress_before2:arm64+0x10001ff54)
    #1 std::__1::basic_ostream<char, std::__1::char_traits<char>>& std::__1::__put_character_sequence[abi:nqe210106]<char, std::__1::char_traits<char>>(std::__1::basic_ostream<char, std::__1::char_traits<char>>&, char const*, unsigned long) put_character_sequence.h:37 (occt_1157_stress_before2:arm64+0x10001fca8)
    #2 Message_PrinterOStream::send(TCollection_AsciiString const&, Message_Gravity) const Message_PrinterOStream.cxx:163 (occt_1157_stress_before2:arm64+0x1008ef5bc)
    #3 Message_Printer::SendStringStream(std::__1::basic_stringstream<char, std::__1::char_traits<char>, std::__1::allocator<char>> const&, Message_Gravity) const Message_Printer.cxx:70 (occt_1157_stress_before2:arm64+0x1008eeb70)
    #4 Message_Messenger::Send(std::__1::basic_stringstream<char, std::__1::char_traits<char>, std::__1::allocator<char>> const&, Message_Gravity) const Message_Messenger.cxx:128 (occt_1157_stress_before2:arm64+0x1008ea8a4)
    #5 Message_Messenger::StreamBuffer::Flush(bool) Message_Messenger.hxx:75 (occt_1157_stress_before2:arm64+0x1000eb57c)
    #6 Message_Messenger::StreamBuffer::~StreamBuffer() Message_Messenger.hxx:65 (occt_1157_stress_before2:arm64+0x1000eb3c0)
    #7 IFSelect_ModelCopier::SendAll(char const*, Interface_Graph const&, opencascade::handle<IFSelect_WorkLibrary> const&, opencascade::handle<Interface_Protocol> const&) IFSelect_ModelCopier.cxx:313 (occt_1157_stress_before2:arm64+0x1013855b0)
    #8 IFSelect_WorkSession::SendAll(char const*, bool) IFSelect_WorkSession.cxx:2602 (occt_1157_stress_before2:arm64+0x1013bf620)
    #9 STEPControl_Writer::Write(char const*) STEPControl_Writer.cxx:173 (occt_1157_stress_before2:arm64+0x10054e558)
    #10 runStepWriteIndependent(int, int) occt_1157_stress.cpp:97 (occt_1157_stress_before2:arm64+0x100000fa8)
    #11 void* std::__1::__thread_proxy[abi:nqe210106]<std::__1::tuple<std::__1::unique_ptr<std::__1::__thread_struct, std::__1::default_delete<std::__1::__thread_struct>>, void (*)(int, int), int, int>>(void*) thread.h:168 (occt_1157_stress_before2:arm64+0x1000064c4)

  Location is global 'std::__1::cout' at 0x0001fab5d930 (libc++.1.dylib+0x6cb3a950)

  Mutex M0 (0x00010213d358) created at:
    #0 pthread_mutex_lock <null> (libclang_rt.tsan_osx_dynamic.dylib:arm64e+0x356bc)
    #1 std::__1::mutex::lock() <null> (libc++.1.dylib:arm64e+0x300c)
    #2 STEPControl_Writer::SetWS(opencascade::handle<XSControl_WorkSession> const&, bool) STEPControl_Writer.cxx:56 (occt_1157_stress_before2:arm64+0x10054d3bc)
    #3 STEPControl_Writer::STEPControl_Writer() STEPControl_Writer.cxx:39 (occt_1157_stress_before2:arm64+0x10054d244)
    #4 STEPControl_Writer::STEPControl_Writer() STEPControl_Writer.cxx:37 (occt_1157_stress_before2:arm64+0x10054d480)
    #5 runStepWriteIndependent(int, int) occt_1157_stress.cpp:85 (occt_1157_stress_before2:arm64+0x100000ad8)
    #6 runOne(char const*, int, int) occt_1157_stress.cpp:349 (occt_1157_stress_before2:arm64+0x10000384c)
    #7 main occt_1157_stress.cpp:396 (occt_1157_stress_before2:arm64+0x100002e08)

  Thread T7 (tid=367303, running) created by main thread at:
    #0 pthread_create <null> (libclang_rt.tsan_osx_dynamic.dylib:arm64e+0x33834)
    #1 std::__1::thread::thread[abi:nqe210106]<void (*&)(int, int), int&, int&, 0>(void (*&)(int, int), int&, int&) thread.h:216 (occt_1157_stress_before2:arm64+0x10000638c)
    #2 runOne(char const*, int, int) occt_1157_stress.cpp:359 (occt_1157_stress_before2:arm64+0x1000039e0)
    #3 main occt_1157_stress.cpp:396 (occt_1157_stress_before2:arm64+0x100002e08)

  Thread T5 (tid=367301, running) created by main thread at:
    #0 pthread_create <null> (libclang_rt.tsan_osx_dynamic.dylib:arm64e+0x33834)
    #1 std::__1::thread::thread[abi:nqe210106]<void (*&)(int, int), int&, int&, 0>(void (*&)(int, int), int&, int&) thread.h:216 (occt_1157_stress_before2:arm64+0x10000638c)
    #2 std::__1::thread* std::__1::vector<std::__1::thread, std::__1::allocator<std::__1::thread>>::__emplace_back_slow_path<void (*&)(int, int), int&, int&>(void (*&)(int, int), int&, int&) vector.h:1130 (occt_1157_stress_before2:arm64+0x100006148)
    #3 runOne(char const*, int, int) occt_1157_stress.cpp:359 (occt_1157_stress_before2:arm64+0x100003a08)
    #4 main occt_1157_stress.cpp:396 (occt_1157_stress_before2:arm64+0x100002e08)

SUMMARY: ThreadSanitizer: data race pad_and_output.h:80 in std::__1::ostreambuf_iterator<char, std::__1::char_traits<char>> std::__1::__pad_and_output[abi:nqe210106]<char, std::__1::char_traits<char>>(std::__1::ostreambuf_iterator<char, std::__1::char_traits<char>>, char const*, char const*, char const*, std::__1::ios_base&, char)
==================
WARNING: ThreadSanitizer: data race (pid=73656)
  Write of size 8 at 0x0001fab5d950 by thread T7 (mutexes: write M0):
    #0 std::__1::ostreambuf_iterator<char, std::__1::char_traits<char>> std::__1::__pad_and_output[abi:nqe210106]<char, std::__1::char_traits<char>>(std::__1::ostreambuf_iterator<char, std::__1::char_traits<char>>, char const*, char const*, char const*, std::__1::ios_base&, char) pad_and_output.h:80 (occt_1157_stress_before2:arm64+0x10001ff54)
    #1 std::__1::basic_ostream<char, std::__1::char_traits<char>>& std::__1::__put_character_sequence[abi:nqe210106]<char, std::__1::char_traits<char>>(std::__1::basic_ostream<char, std::__1::char_traits<char>>&, char const*, unsigned long) put_character_sequence.h:37 (occt_1157_stress_before2:arm64+0x10001fca8)
    #2 operator<<(std::__1::basic_ostream<char, std::__1::char_traits<char>>&, TCollection_AsciiString const&) TCollection_AsciiString.cxx:1100 (occt_1157_stress_before2:arm64+0x1008d1c30)
    #3 Message_PrinterOStream::send(TCollection_AsciiString const&, Message_Gravity) const Message_PrinterOStream.cxx:156 (occt_1157_stress_before2:arm64+0x1008ef578)
    #4 Message_Printer::SendStringStream(std::__1::basic_stringstream<char, std::__1::char_traits<char>, std::__1::allocator<char>> const&, Message_Gravity) const Message_Printer.cxx:70 (occt_1157_stress_before2:arm64+0x1008eeb70)
    #5 Message_Messenger::Send(std::__1::basic_stringstream<char, std::__1::char_traits<char>, std::__1::allocator<char>> const&, Message_Gravity) const Message_Messenger.cxx:128 (occt_1157_stress_before2:arm64+0x1008ea8a4)
    #6 Message_Messenger::StreamBuffer::Flush(bool) Message_Messenger.hxx:75 (occt_1157_stress_before2:arm64+0x1000eb57c)
    #7 Message_Messenger::StreamBuffer::~StreamBuffer() Message_Messenger.hxx:65 (occt_1157_stress_before2:arm64+0x1000eb3c0)
    #8 XSControl_TransferWriter::PrintStats(int, int) const XSControl_TransferWriter.cxx:62 (occt_1157_stress_before2:arm64+0x1013e9430)
    #9 XSControl_TransferWriter::TransferWriteShape(opencascade::handle<Interface_InterfaceModel> const&, TopoDS_Shape const&, Message_ProgressRange const&) XSControl_TransferWriter.cxx:176 (occt_1157_stress_before2:arm64+0x1013e9e20)
    #10 XSControl_WorkSession::TransferWriteShape(TopoDS_Shape const&, bool, Message_ProgressRange const&) XSControl_WorkSession.cxx:562 (occt_1157_stress_before2:arm64+0x1013f59f8)
    #11 STEPControl_Writer::Transfer(TopoDS_Shape const&, STEPControl_StepModelType, DESTEP_Parameters const&, bool, Message_ProgressRange const&) STEPControl_Writer.cxx:159 (occt_1157_stress_before2:arm64+0x10054e110)
    #12 STEPControl_Writer::Transfer(TopoDS_Shape const&, STEPControl_StepModelType, bool, Message_ProgressRange const&) STEPControl_Writer.cxx:111 (occt_1157_stress_before2:arm64+0x10054db74)
    #13 runStepWriteIndependent(int, int) occt_1157_stress.cpp:88 (occt_1157_stress_before2:arm64+0x100000b14)
    #14 void* std::__1::__thread_proxy[abi:nqe210106]<std::__1::tuple<std::__1::unique_ptr<std::__1::__thread_struct, std::__1::default_delete<std::__1::__thread_struct>>, void (*)(int, int), int, int>>(void*) thread.h:168 (occt_1157_stress_before2:arm64+0x1000064c4)

  Previous write of size 8 at 0x0001fab5d950 by thread T5:
    #0 std::__1::ostreambuf_iterator<char, std::__1::char_traits<char>> std::__1::__pad_and_output[abi:nqe210106]<char, std::__1::char_traits<char>>(std::__1::ostreambuf_iterator<char, std::__1::char_traits<char>>, char const*, char const*, char const*, std::__1::ios_base&, char) pad_and_output.h:80 (occt_1157_stress_before2:arm64+0x10001ff54)
    #1 std::__1::basic_ostream<char, std::__1::char_traits<char>>& std::__1::__put_character_sequence[abi:nqe210106]<char, std::__1::char_traits<char>>(std::__1::basic_ostream<char, std::__1::char_traits<char>>&, char const*, unsigned long) put_character_sequence.h:37 (occt_1157_stress_before2:arm64+0x10001fca8)
    #2 Message_PrinterOStream::send(TCollection_AsciiString const&, Message_Gravity) const Message_PrinterOStream.cxx:163 (occt_1157_stress_before2:arm64+0x1008ef5bc)
    #3 Message_Printer::SendStringStream(std::__1::basic_stringstream<char, std::__1::char_traits<char>, std::__1::allocator<char>> const&, Message_Gravity) const Message_Printer.cxx:70 (occt_1157_stress_before2:arm64+0x1008eeb70)
    #4 Message_Messenger::Send(std::__1::basic_stringstream<char, std::__1::char_traits<char>, std::__1::allocator<char>> const&, Message_Gravity) const Message_Messenger.cxx:128 (occt_1157_stress_before2:arm64+0x1008ea8a4)
    #5 Message_Messenger::StreamBuffer::Flush(bool) Message_Messenger.hxx:75 (occt_1157_stress_before2:arm64+0x1000eb57c)
    #6 Message_Messenger::StreamBuffer::~StreamBuffer() Message_Messenger.hxx:65 (occt_1157_stress_before2:arm64+0x1000eb3c0)
    #7 StepSelect_WorkLibrary::WriteFile(IFSelect_ContextWrite&) const StepSelect_WorkLibrary.cxx:150 (occt_1157_stress_before2:arm64+0x100828148)
    #8 IFSelect_ModelCopier::SendAll(char const*, Interface_Graph const&, opencascade::handle<IFSelect_WorkLibrary> const&, opencascade::handle<Interface_Protocol> const&) IFSelect_ModelCopier.cxx:343 (occt_1157_stress_before2:arm64+0x101385720)
    #9 IFSelect_WorkSession::SendAll(char const*, bool) IFSelect_WorkSession.cxx:2602 (occt_1157_stress_before2:arm64+0x1013bf620)
    #10 STEPControl_Writer::Write(char const*) STEPControl_Writer.cxx:173 (occt_1157_stress_before2:arm64+0x10054e558)
    #11 runStepWriteIndependent(int, int) occt_1157_stress.cpp:97 (occt_1157_stress_before2:arm64+0x100000fa8)
    #12 void* std::__1::__thread_proxy[abi:nqe210106]<std::__1::tuple<std::__1::unique_ptr<std::__1::__thread_struct, std::__1::default_delete<std::__1::__thread_struct>>, void (*)(int, int), int, int>>(void*) thread.h:168 (occt_1157_stress_before2:arm64+0x1000064c4)

  Location is global 'std::__1::cout' at 0x0001fab5d930 (libc++.1.dylib+0x6cb3a950)

  Mutex M0 (0x00010213d358) created at:
    #0 pthread_mutex_lock <null> (libclang_rt.tsan_osx_dynamic.dylib:arm64e+0x356bc)
    #1 std::__1::mutex::lock() <null> (libc++.1.dylib:arm64e+0x300c)
    #2 STEPControl_Writer::SetWS(opencascade::handle<XSControl_WorkSession> const&, bool) STEPControl_Writer.cxx:56 (occt_1157_stress_before2:arm64+0x10054d3bc)
    #3 STEPControl_Writer::STEPControl_Writer() STEPControl_Writer.cxx:39 (occt_1157_stress_before2:arm64+0x10054d244)
    #4 STEPControl_Writer::STEPControl_Writer() STEPControl_Writer.cxx:37 (occt_1157_stress_before2:arm64+0x10054d480)
    #5 runStepWriteIndependent(int, int) occt_1157_stress.cpp:85 (occt_1157_stress_before2:arm64+0x100000ad8)
    #6 runOne(char const*, int, int) occt_1157_stress.cpp:349 (occt_1157_stress_before2:arm64+0x10000384c)
    #7 main occt_1157_stress.cpp:396 (occt_1157_stress_before2:arm64+0x100002e08)

  Thread T7 (tid=367303, running) created by main thread at:
    #0 pthread_create <null> (libclang_rt.tsan_osx_dynamic.dylib:arm64e+0x33834)
    #1 std::__1::thread::thread[abi:nqe210106]<void (*&)(int, int), int&, int&, 0>(void (*&)(int, int), int&, int&) thread.h:216 (occt_1157_stress_before2:arm64+0x10000638c)
    #2 runOne(char const*, int, int) occt_1157_stress.cpp:359 (occt_1157_stress_before2:arm64+0x1000039e0)
    #3 main occt_1157_stress.cpp:396 (occt_1157_stress_before2:arm64+0x100002e08)

  Thread T5 (tid=367301, running) created by main thread at:
    #0 pthread_create <null> (libclang_rt.tsan_osx_dynamic.dylib:arm64e+0x33834)
    #1 std::__1::thread::thread[abi:nqe210106]<void (*&)(int, int), int&, int&, 0>(void (*&)(int, int), int&, int&) thread.h:216 (occt_1157_stress_before2:arm64+0x10000638c)
    #2 std::__1::thread* std::__1::vector<std::__1::thread, std::__1::allocator<std::__1::thread>>::__emplace_back_slow_path<void (*&)(int, int), int&, int&>(void (*&)(int, int), int&, int&) vector.h:1130 (occt_1157_stress_before2:arm64+0x100006148)
    #3 runOne(char const*, int, int) occt_1157_stress.cpp:359 (occt_1157_stress_before2:arm64+0x100003a08)
    #4 main occt_1157_stress.cpp:396 (occt_1157_stress_before2:arm64+0x100002e08)

SUMMARY: ThreadSanitizer: data race pad_and_output.h:80 in std::__1::ostreambuf_iterator<char, std::__1::char_traits<char>> std::__1::__pad_and_output[abi:nqe210106]<char, std::__1::char_traits<char>>(std::__1::ostreambuf_iterator<char, std::__1::char_traits<char>>, char const*, char const*, char const*, std::__1::ios_base&, char)
==================
WARNING: ThreadSanitizer: data race (pid=73656)
  Write of size 8 at 0x0001fab5d950 by thread T6 (mutexes: write M0):
    #0 std::__1::ostreambuf_iterator<char, std::__1::char_traits<char>> std::__1::__pad_and_output[abi:nqe210106]<char, std::__1::char_traits<char>>(std::__1::ostreambuf_iterator<char, std::__1::char_traits<char>>, char const*, char const*, char const*, std::__1::ios_base&, char) pad_and_output.h:80 (occt_1157_stress_before2:arm64+0x10001ff54)
    #1 std::__1::basic_ostream<char, std::__1::char_traits<char>>& std::__1::__put_character_sequence[abi:nqe210106]<char, std::__1::char_traits<char>>(std::__1::basic_ostream<char, std::__1::char_traits<char>>&, char const*, unsigned long) put_character_sequence.h:37 (occt_1157_stress_before2:arm64+0x10001fca8)
    #2 Message_PrinterOStream::send(TCollection_AsciiString const&, Message_Gravity) const Message_PrinterOStream.cxx:155 (occt_1157_stress_before2:arm64+0x1008ef56c)
    #3 Message_Printer::SendStringStream(std::__1::basic_stringstream<char, std::__1::char_traits<char>, std::__1::allocator<char>> const&, Message_Gravity) const Message_Printer.cxx:70 (occt_1157_stress_before2:arm64+0x1008eeb70)
    #4 Message_Messenger::Send(std::__1::basic_stringstream<char, std::__1::char_traits<char>, std::__1::allocator<char>> const&, Message_Gravity) const Message_Messenger.cxx:128 (occt_1157_stress_before2:arm64+0x1008ea8a4)
    #5 Message_Messenger::StreamBuffer::Flush(bool) Message_Messenger.hxx:75 (occt_1157_stress_before2:arm64+0x1000eb57c)
    #6 Message_Messenger::StreamBuffer::~StreamBuffer() Message_Messenger.hxx:65 (occt_1157_stress_before2:arm64+0x1000eb3c0)
    #7 XSControl_TransferWriter::TransferWriteShape(opencascade::handle<Interface_InterfaceModel> const&, TopoDS_Shape const&, Message_ProgressRange const&) XSControl_TransferWriter.cxx:193 (occt_1157_stress_before2:arm64+0x1013e9f30)
    #8 XSControl_WorkSession::TransferWriteShape(TopoDS_Shape const&, bool, Message_ProgressRange const&) XSControl_WorkSession.cxx:562 (occt_1157_stress_before2:arm64+0x1013f59f8)
    #9 STEPControl_Writer::Transfer(TopoDS_Shape const&, STEPControl_StepModelType, DESTEP_Parameters const&, bool, Message_ProgressRange const&) STEPControl_Writer.cxx:159 (occt_1157_stress_before2:arm64+0x10054e110)
    #10 STEPControl_Writer::Transfer(TopoDS_Shape const&, STEPControl_StepModelType, bool, Message_ProgressRange const&) STEPControl_Writer.cxx:111 (occt_1157_stress_before2:arm64+0x10054db74)
    #11 runStepWriteIndependent(int, int) occt_1157_stress.cpp:88 (occt_1157_stress_before2:arm64+0x100000b14)
    #12 void* std::__1::__thread_proxy[abi:nqe210106]<std::__1::tuple<std::__1::unique_ptr<std::__1::__thread_struct, std::__1::default_delete<std::__1::__thread_struct>>, void (*)(int, int), int, int>>(void*) thread.h:168 (occt_1157_stress_before2:arm64+0x1000064c4)

  Previous write of size 8 at 0x0001fab5d950 by thread T3:
    #0 std::__1::ostreambuf_iterator<char, std::__1::char_traits<char>> std::__1::__pad_and_output[abi:nqe210106]<char, std::__1::char_traits<char>>(std::__1::ostreambuf_iterator<char, std::__1::char_traits<char>>, char const*, char const*, char const*, std::__1::ios_base&, char) pad_and_output.h:80 (occt_1157_stress_before2:arm64+0x10001ff54)
    #1 std::__1::basic_ostream<char, std::__1::char_traits<char>>& std::__1::__put_character_sequence[abi:nqe210106]<char, std::__1::char_traits<char>>(std::__1::basic_ostream<char, std::__1::char_traits<char>>&, char const*, unsigned long) put_character_sequence.h:37 (occt_1157_stress_before2:arm64+0x10001fca8)
    #2 Message_PrinterOStream::send(TCollection_AsciiString const&, Message_Gravity) const Message_PrinterOStream.cxx:163 (occt_1157_stress_before2:arm64+0x1008ef5bc)
    #3 Message_Printer::SendStringStream(std::__1::basic_stringstream<char, std::__1::char_traits<char>, std::__1::allocator<char>> const&, Message_Gravity) const Message_Printer.cxx:70 (occt_1157_stress_before2:arm64+0x1008eeb70)
    #4 Message_Messenger::Send(std::__1::basic_stringstream<char, std::__1::char_traits<char>, std::__1::allocator<char>> const&, Message_Gravity) const Message_Messenger.cxx:128 (occt_1157_stress_before2:arm64+0x1008ea8a4)
    #5 Message_Messenger::StreamBuffer::Flush(bool) Message_Messenger.hxx:75 (occt_1157_stress_before2:arm64+0x1000eb57c)
    #6 Message_Messenger::StreamBuffer::~StreamBuffer() Message_Messenger.hxx:65 (occt_1157_stress_before2:arm64+0x1000eb3c0)
    #7 StepSelect_WorkLibrary::WriteFile(IFSelect_ContextWrite&) const StepSelect_WorkLibrary.cxx:150 (occt_1157_stress_before2:arm64+0x100828148)
    #8 IFSelect_ModelCopier::SendAll(char const*, Interface_Graph const&, opencascade::handle<IFSelect_WorkLibrary> const&, opencascade::handle<Interface_Protocol> const&) IFSelect_ModelCopier.cxx:343 (occt_1157_stress_before2:arm64+0x101385720)
    #9 IFSelect_WorkSession::SendAll(char const*, bool) IFSelect_WorkSession.cxx:2602 (occt_1157_stress_before2:arm64+0x1013bf620)
    #10 STEPControl_Writer::Write(char const*) STEPControl_Writer.cxx:173 (occt_1157_stress_before2:arm64+0x10054e558)
    #11 runStepWriteIndependent(int, int) occt_1157_stress.cpp:97 (occt_1157_stress_before2:arm64+0x100000fa8)
    #12 void* std::__1::__thread_proxy[abi:nqe210106]<std::__1::tuple<std::__1::unique_ptr<std::__1::__thread_struct, std::__1::default_delete<std::__1::__thread_struct>>, void (*)(int, int), int, int>>(void*) thread.h:168 (occt_1157_stress_before2:arm64+0x1000064c4)

  Location is global 'std::__1::cout' at 0x0001fab5d930 (libc++.1.dylib+0x6cb3a950)

  Mutex M0 (0x00010213d358) created at:
    #0 pthread_mutex_lock <null> (libclang_rt.tsan_osx_dynamic.dylib:arm64e+0x356bc)
    #1 std::__1::mutex::lock() <null> (libc++.1.dylib:arm64e+0x300c)
    #2 STEPControl_Writer::SetWS(opencascade::handle<XSControl_WorkSession> const&, bool) STEPControl_Writer.cxx:56 (occt_1157_stress_before2:arm64+0x10054d3bc)
    #3 STEPControl_Writer::STEPControl_Writer() STEPControl_Writer.cxx:39 (occt_1157_stress_before2:arm64+0x10054d244)
    #4 STEPControl_Writer::STEPControl_Writer() STEPControl_Writer.cxx:37 (occt_1157_stress_before2:arm64+0x10054d480)
    #5 runStepWriteIndependent(int, int) occt_1157_stress.cpp:85 (occt_1157_stress_before2:arm64+0x100000ad8)
    #6 runOne(char const*, int, int) occt_1157_stress.cpp:349 (occt_1157_stress_before2:arm64+0x10000384c)
    #7 main occt_1157_stress.cpp:396 (occt_1157_stress_before2:arm64+0x100002e08)

  Thread T6 (tid=367302, running) created by main thread at:
    #0 pthread_create <null> (libclang_rt.tsan_osx_dynamic.dylib:arm64e+0x33834)
    #1 std::__1::thread::thread[abi:nqe210106]<void (*&)(int, int), int&, int&, 0>(void (*&)(int, int), int&, int&) thread.h:216 (occt_1157_stress_before2:arm64+0x10000638c)
    #2 runOne(char const*, int, int) occt_1157_stress.cpp:359 (occt_1157_stress_before2:arm64+0x1000039e0)
    #3 main occt_1157_stress.cpp:396 (occt_1157_stress_before2:arm64+0x100002e08)

  Thread T3 (tid=367299, running) created by main thread at:
    #0 pthread_create <null> (libclang_rt.tsan_osx_dynamic.dylib:arm64e+0x33834)
    #1 std::__1::thread::thread[abi:nqe210106]<void (*&)(int, int), int&, int&, 0>(void (*&)(int, int), int&, int&) thread.h:216 (occt_1157_stress_before2:arm64+0x10000638c)
    #2 std::__1::thread* std::__1::vector<std::__1::thread, std::__1::allocator<std::__1::thread>>::__emplace_back_slow_path<void (*&)(int, int), int&, int&>(void (*&)(int, int), int&, int&) vector.h:1130 (occt_1157_stress_before2:arm64+0x100006148)
    #3 runOne(char const*, int, int) occt_1157_stress.cpp:359 (occt_1157_stress_before2:arm64+0x100003a08)
    #4 main occt_1157_stress.cpp:396 (occt_1157_stress_before2:arm64+0x100002e08)

SUMMARY: ThreadSanitizer: data race pad_and_output.h:80 in std::__1::ostreambuf_iterator<char, std::__1::char_traits<char>> std::__1::__pad_and_output[abi:nqe210106]<char, std::__1::char_traits<char>>(std::__1::ostreambuf_iterator<char, std::__1::char_traits<char>>, char const*, char const*, char const*, std::__1::ios_base&, char)
==================
WARNING: ThreadSanitizer: data race (pid=73656)
  Write of size 8 at 0x0001fab5d950 by thread T3 (mutexes: write M0):
    #0 std::__1::ostreambuf_iterator<char, std::__1::char_traits<char>> std::__1::__pad_and_output[abi:nqe210106]<char, std::__1::char_traits<char>>(std::__1::ostreambuf_iterator<char, std::__1::char_traits<char>>, char const*, char const*, char const*, std::__1::ios_base&, char) pad_and_output.h:80 (occt_1157_stress_before2:arm64+0x10001ff54)
    #1 std::__1::basic_ostream<char, std::__1::char_traits<char>>& std::__1::__put_character_sequence[abi:nqe210106]<char, std::__1::char_traits<char>>(std::__1::basic_ostream<char, std::__1::char_traits<char>>&, char const*, unsigned long) put_character_sequence.h:37 (occt_1157_stress_before2:arm64+0x10001fca8)
    #2 Message_PrinterOStream::send(TCollection_AsciiString const&, Message_Gravity) const Message_PrinterOStream.cxx:155 (occt_1157_stress_before2:arm64+0x1008ef56c)
    #3 Message_Printer::SendStringStream(std::__1::basic_stringstream<char, std::__1::char_traits<char>, std::__1::allocator<char>> const&, Message_Gravity) const Message_Printer.cxx:70 (occt_1157_stress_before2:arm64+0x1008eeb70)
    #4 Message_Messenger::Send(std::__1::basic_stringstream<char, std::__1::char_traits<char>, std::__1::allocator<char>> const&, Message_Gravity) const Message_Messenger.cxx:128 (occt_1157_stress_before2:arm64+0x1008ea8a4)
    #5 Message_Messenger::StreamBuffer::Flush(bool) Message_Messenger.hxx:75 (occt_1157_stress_before2:arm64+0x1000eb57c)
    #6 Message_Messenger::StreamBuffer::~StreamBuffer() Message_Messenger.hxx:65 (occt_1157_stress_before2:arm64+0x1000eb3c0)
    #7 XSControl_TransferWriter::PrintStats(int, int) const XSControl_TransferWriter.cxx:62 (occt_1157_stress_before2:arm64+0x1013e9430)
    #8 XSControl_TransferWriter::TransferWriteShape(opencascade::handle<Interface_InterfaceModel> const&, TopoDS_Shape const&, Message_ProgressRange const&) XSControl_TransferWriter.cxx:176 (occt_1157_stress_before2:arm64+0x1013e9e20)
    #9 XSControl_WorkSession::TransferWriteShape(TopoDS_Shape const&, bool, Message_ProgressRange const&) XSControl_WorkSession.cxx:562 (occt_1157_stress_before2:arm64+0x1013f59f8)
    #10 STEPControl_Writer::Transfer(TopoDS_Shape const&, STEPControl_StepModelType, DESTEP_Parameters const&, bool, Message_ProgressRange const&) STEPControl_Writer.cxx:159 (occt_1157_stress_before2:arm64+0x10054e110)
    #11 STEPControl_Writer::Transfer(TopoDS_Shape const&, STEPControl_StepModelType, bool, Message_ProgressRange const&) STEPControl_Writer.cxx:111 (occt_1157_stress_before2:arm64+0x10054db74)
    #12 runStepWriteIndependent(int, int) occt_1157_stress.cpp:88 (occt_1157_stress_before2:arm64+0x100000b14)
    #13 void* std::__1::__thread_proxy[abi:nqe210106]<std::__1::tuple<std::__1::unique_ptr<std::__1::__thread_struct, std::__1::default_delete<std::__1::__thread_struct>>, void (*)(int, int), int, int>>(void*) thread.h:168 (occt_1157_stress_before2:arm64+0x1000064c4)

  Previous write of size 8 at 0x0001fab5d950 by thread T2:
    #0 std::__1::ostreambuf_iterator<char, std::__1::char_traits<char>> std::__1::__pad_and_output[abi:nqe210106]<char, std::__1::char_traits<char>>(std::__1::ostreambuf_iterator<char, std::__1::char_traits<char>>, char const*, char const*, char const*, std::__1::ios_base&, char) pad_and_output.h:80 (occt_1157_stress_before2:arm64+0x10001ff54)
    #1 std::__1::basic_ostream<char, std::__1::char_traits<char>>& std::__1::__put_character_sequence[abi:nqe210106]<char, std::__1::char_traits<char>>(std::__1::basic_ostream<char, std::__1::char_traits<char>>&, char const*, unsigned long) put_character_sequence.h:37 (occt_1157_stress_before2:arm64+0x10001fca8)
    #2 Message_PrinterOStream::send(TCollection_AsciiString const&, Message_Gravity) const Message_PrinterOStream.cxx:163 (occt_1157_stress_before2:arm64+0x1008ef5bc)
    #3 Message_Printer::SendStringStream(std::__1::basic_stringstream<char, std::__1::char_traits<char>, std::__1::allocator<char>> const&, Message_Gravity) const Message_Printer.cxx:70 (occt_1157_stress_before2:arm64+0x1008eeb70)
    #4 Message_Messenger::Send(std::__1::basic_stringstream<char, std::__1::char_traits<char>, std::__1::allocator<char>> const&, Message_Gravity) const Message_Messenger.cxx:128 (occt_1157_stress_before2:arm64+0x1008ea8a4)
    #5 Message_Messenger::StreamBuffer::Flush(bool) Message_Messenger.hxx:75 (occt_1157_stress_before2:arm64+0x1000eb57c)
    #6 Message_Messenger::StreamBuffer::~StreamBuffer() Message_Messenger.hxx:65 (occt_1157_stress_before2:arm64+0x1000eb3c0)
    #7 IFSelect_ModelCopier::SendAll(char const*, Interface_Graph const&, opencascade::handle<IFSelect_WorkLibrary> const&, opencascade::handle<Interface_Protocol> const&) IFSelect_ModelCopier.cxx:313 (occt_1157_stress_before2:arm64+0x1013855b0)
    #8 IFSelect_WorkSession::SendAll(char const*, bool) IFSelect_WorkSession.cxx:2618 (occt_1157_stress_before2:arm64+0x1013bf714)
    #9 STEPControl_Writer::Write(char const*) STEPControl_Writer.cxx:173 (occt_1157_stress_before2:arm64+0x10054e558)
    #10 runStepWriteIndependent(int, int) occt_1157_stress.cpp:97 (occt_1157_stress_before2:arm64+0x100000fa8)
    #11 void* std::__1::__thread_proxy[abi:nqe210106]<std::__1::tuple<std::__1::unique_ptr<std::__1::__thread_struct, std::__1::default_delete<std::__1::__thread_struct>>, void (*)(int, int), int, int>>(void*) thread.h:168 (occt_1157_stress_before2:arm64+0x1000064c4)

  Location is global 'std::__1::cout' at 0x0001fab5d930 (libc++.1.dylib+0x6cb3a950)

  Mutex M0 (0x00010213d358) created at:
    #0 pthread_mutex_lock <null> (libclang_rt.tsan_osx_dynamic.dylib:arm64e+0x356bc)
    #1 std::__1::mutex::lock() <null> (libc++.1.dylib:arm64e+0x300c)
    #2 STEPControl_Writer::SetWS(opencascade::handle<XSControl_WorkSession> const&, bool) STEPControl_Writer.cxx:56 (occt_1157_stress_before2:arm64+0x10054d3bc)
    #3 STEPControl_Writer::STEPControl_Writer() STEPControl_Writer.cxx:39 (occt_1157_stress_before2:arm64+0x10054d244)
    #4 STEPControl_Writer::STEPControl_Writer() STEPControl_Writer.cxx:37 (occt_1157_stress_before2:arm64+0x10054d480)
    #5 runStepWriteIndependent(int, int) occt_1157_stress.cpp:85 (occt_1157_stress_before2:arm64+0x100000ad8)
    #6 runOne(char const*, int, int) occt_1157_stress.cpp:349 (occt_1157_stress_before2:arm64+0x10000384c)
    #7 main occt_1157_stress.cpp:396 (occt_1157_stress_before2:arm64+0x100002e08)

  Thread T3 (tid=367299, running) created by main thread at:
    #0 pthread_create <null> (libclang_rt.tsan_osx_dynamic.dylib:arm64e+0x33834)
    #1 std::__1::thread::thread[abi:nqe210106]<void (*&)(int, int), int&, int&, 0>(void (*&)(int, int), int&, int&) thread.h:216 (occt_1157_stress_before2:arm64+0x10000638c)
    #2 std::__1::thread* std::__1::vector<std::__1::thread, std::__1::allocator<std::__1::thread>>::__emplace_back_slow_path<void (*&)(int, int), int&, int&>(void (*&)(int, int), int&, int&) vector.h:1130 (occt_1157_stress_before2:arm64+0x100006148)
    #3 runOne(char const*, int, int) occt_1157_stress.cpp:359 (occt_1157_stress_before2:arm64+0x100003a08)
    #4 main occt_1157_stress.cpp:396 (occt_1157_stress_before2:arm64+0x100002e08)

  Thread T2 (tid=367298, running) created by main thread at:
    #0 pthread_create <null> (libclang_rt.tsan_osx_dynamic.dylib:arm64e+0x33834)
    #1 std::__1::thread::thread[abi:nqe210106]<void (*&)(int, int), int&, int&, 0>(void (*&)(int, int), int&, int&) thread.h:216 (occt_1157_stress_before2:arm64+0x10000638c)
    #2 std::__1::thread* std::__1::vector<std::__1::thread, std::__1::allocator<std::__1::thread>>::__emplace_back_slow_path<void (*&)(int, int), int&, int&>(void (*&)(int, int), int&, int&) vector.h:1130 (occt_1157_stress_before2:arm64+0x100006148)
    #3 runOne(char const*, int, int) occt_1157_stress.cpp:359 (occt_1157_stress_before2:arm64+0x100003a08)
    #4 main occt_1157_stress.cpp:396 (occt_1157_stress_before2:arm64+0x100002e08)

SUMMARY: ThreadSanitizer: data race pad_and_output.h:80 in std::__1::ostreambuf_iterator<char, std::__1::char_traits<char>> std::__1::__pad_and_output[abi:nqe210106]<char, std::__1::char_traits<char>>(std::__1::ostreambuf_iterator<char, std::__1::char_traits<char>>, char const*, char const*, char const*, std::__1::ios_base&, char)
==================
WARNING: ThreadSanitizer: data race (pid=73656)
  Write of size 8 at 0x0001fab5d950 by thread T3 (mutexes: write M0):
    #0 std::__1::ostreambuf_iterator<char, std::__1::char_traits<char>> std::__1::__pad_and_output[abi:nqe210106]<char, std::__1::char_traits<char>>(std::__1::ostreambuf_iterator<char, std::__1::char_traits<char>>, char const*, char const*, char const*, std::__1::ios_base&, char) pad_and_output.h:80 (occt_1157_stress_before2:arm64+0x10001ff54)
    #1 std::__1::basic_ostream<char, std::__1::char_traits<char>>& std::__1::__put_character_sequence[abi:nqe210106]<char, std::__1::char_traits<char>>(std::__1::basic_ostream<char, std::__1::char_traits<char>>&, char const*, unsigned long) put_character_sequence.h:37 (occt_1157_stress_before2:arm64+0x10001fca8)
    #2 operator<<(std::__1::basic_ostream<char, std::__1::char_traits<char>>&, TCollection_AsciiString const&) TCollection_AsciiString.cxx:1100 (occt_1157_stress_before2:arm64+0x1008d1c30)
    #3 Message_PrinterOStream::send(TCollection_AsciiString const&, Message_Gravity) const Message_PrinterOStream.cxx:156 (occt_1157_stress_before2:arm64+0x1008ef578)
    #4 Message_Printer::SendStringStream(std::__1::basic_stringstream<char, std::__1::char_traits<char>, std::__1::allocator<char>> const&, Message_Gravity) const Message_Printer.cxx:70 (occt_1157_stress_before2:arm64+0x1008eeb70)
    #5 Message_Messenger::Send(std::__1::basic_stringstream<char, std::__1::char_traits<char>, std::__1::allocator<char>> const&, Message_Gravity) const Message_Messenger.cxx:128 (occt_1157_stress_before2:arm64+0x1008ea8a4)
    #6 Message_Messenger::StreamBuffer::Flush(bool) Message_Messenger.hxx:75 (occt_1157_stress_before2:arm64+0x1000eb57c)
    #7 Message_Messenger::StreamBuffer::~StreamBuffer() Message_Messenger.hxx:65 (occt_1157_stress_before2:arm64+0x1000eb3c0)
    #8 XSControl_TransferWriter::PrintStats(int, int) const XSControl_TransferWriter.cxx:62 (occt_1157_stress_before2:arm64+0x1013e9430)
    #9 XSControl_TransferWriter::TransferWriteShape(opencascade::handle<Interface_InterfaceModel> const&, TopoDS_Shape const&, Message_ProgressRange const&) XSControl_TransferWriter.cxx:176 (occt_1157_stress_before2:arm64+0x1013e9e20)
    #10 XSControl_WorkSession::TransferWriteShape(TopoDS_Shape const&, bool, Message_ProgressRange const&) XSControl_WorkSession.cxx:562 (occt_1157_stress_before2:arm64+0x1013f59f8)
    #11 STEPControl_Writer::Transfer(TopoDS_Shape const&, STEPControl_StepModelType, DESTEP_Parameters const&, bool, Message_ProgressRange const&) STEPControl_Writer.cxx:159 (occt_1157_stress_before2:arm64+0x10054e110)
    #12 STEPControl_Writer::Transfer(TopoDS_Shape const&, STEPControl_StepModelType, bool, Message_ProgressRange const&) STEPControl_Writer.cxx:111 (occt_1157_stress_before2:arm64+0x10054db74)
    #13 runStepWriteIndependent(int, int) occt_1157_stress.cpp:88 (occt_1157_stress_before2:arm64+0x100000b14)
    #14 void* std::__1::__thread_proxy[abi:nqe210106]<std::__1::tuple<std::__1::unique_ptr<std::__1::__thread_struct, std::__1::default_delete<std::__1::__thread_struct>>, void (*)(int, int), int, int>>(void*) thread.h:168 (occt_1157_stress_before2:arm64+0x1000064c4)

  Previous write of size 8 at 0x0001fab5d950 by thread T2:
    #0 std::__1::ostreambuf_iterator<char, std::__1::char_traits<char>> std::__1::__pad_and_output[abi:nqe210106]<char, std::__1::char_traits<char>>(std::__1::ostreambuf_iterator<char, std::__1::char_traits<char>>, char const*, char const*, char const*, std::__1::ios_base&, char) pad_and_output.h:80 (occt_1157_stress_before2:arm64+0x10001ff54)
    #1 std::__1::basic_ostream<char, std::__1::char_traits<char>>& std::__1::__put_character_sequence[abi:nqe210106]<char, std::__1::char_traits<char>>(std::__1::basic_ostream<char, std::__1::char_traits<char>>&, char const*, unsigned long) put_character_sequence.h:37 (occt_1157_stress_before2:arm64+0x10001fca8)
    #2 Message_PrinterOStream::send(TCollection_AsciiString const&, Message_Gravity) const Message_PrinterOStream.cxx:163 (occt_1157_stress_before2:arm64+0x1008ef5bc)
    #3 Message_Printer::SendStringStream(std::__1::basic_stringstream<char, std::__1::char_traits<char>, std::__1::allocator<char>> const&, Message_Gravity) const Message_Printer.cxx:70 (occt_1157_stress_before2:arm64+0x1008eeb70)
    #4 Message_Messenger::Send(std::__1::basic_stringstream<char, std::__1::char_traits<char>, std::__1::allocator<char>> const&, Message_Gravity) const Message_Messenger.cxx:128 (occt_1157_stress_before2:arm64+0x1008ea8a4)
    #5 Message_Messenger::StreamBuffer::Flush(bool) Message_Messenger.hxx:75 (occt_1157_stress_before2:arm64+0x1000eb57c)
    #6 Message_Messenger::StreamBuffer::~StreamBuffer() Message_Messenger.hxx:65 (occt_1157_stress_before2:arm64+0x1000eb3c0)
    #7 StepSelect_WorkLibrary::WriteFile(IFSelect_ContextWrite&) const StepSelect_WorkLibrary.cxx:150 (occt_1157_stress_before2:arm64+0x100828148)
    #8 IFSelect_ModelCopier::SendAll(char const*, Interface_Graph const&, opencascade::handle<IFSelect_WorkLibrary> const&, opencascade::handle<Interface_Protocol> const&) IFSelect_ModelCopier.cxx:343 (occt_1157_stress_before2:arm64+0x101385720)
    #9 IFSelect_WorkSession::SendAll(char const*, bool) IFSelect_WorkSession.cxx:2618 (occt_1157_stress_before2:arm64+0x1013bf714)
    #10 STEPControl_Writer::Write(char const*) STEPControl_Writer.cxx:173 (occt_1157_stress_before2:arm64+0x10054e558)
    #11 runStepWriteIndependent(int, int) occt_1157_stress.cpp:97 (occt_1157_stress_before2:arm64+0x100000fa8)
    #12 void* std::__1::__thread_proxy[abi:nqe210106]<std::__1::tuple<std::__1::unique_ptr<std::__1::__thread_struct, std::__1::default_delete<std::__1::__thread_struct>>, void (*)(int, int), int, int>>(void*) thread.h:168 (occt_1157_stress_before2:arm64+0x1000064c4)

  Location is global 'std::__1::cout' at 0x0001fab5d930 (libc++.1.dylib+0x6cb3a950)

  Mutex M0 (0x00010213d358) created at:
    #0 pthread_mutex_lock <null> (libclang_rt.tsan_osx_dynamic.dylib:arm64e+0x356bc)
    #1 std::__1::mutex::lock() <null> (libc++.1.dylib:arm64e+0x300c)
    #2 STEPControl_Writer::SetWS(opencascade::handle<XSControl_WorkSession> const&, bool) STEPControl_Writer.cxx:56 (occt_1157_stress_before2:arm64+0x10054d3bc)
    #3 STEPControl_Writer::STEPControl_Writer() STEPControl_Writer.cxx:39 (occt_1157_stress_before2:arm64+0x10054d244)
    #4 STEPControl_Writer::STEPControl_Writer() STEPControl_Writer.cxx:37 (occt_1157_stress_before2:arm64+0x10054d480)
    #5 runStepWriteIndependent(int, int) occt_1157_stress.cpp:85 (occt_1157_stress_before2:arm64+0x100000ad8)
    #6 runOne(char const*, int, int) occt_1157_stress.cpp:349 (occt_1157_stress_before2:arm64+0x10000384c)
    #7 main occt_1157_stress.cpp:396 (occt_1157_stress_before2:arm64+0x100002e08)

  Thread T3 (tid=367299, running) created by main thread at:
    #0 pthread_create <null> (libclang_rt.tsan_osx_dynamic.dylib:arm64e+0x33834)
    #1 std::__1::thread::thread[abi:nqe210106]<void (*&)(int, int), int&, int&, 0>(void (*&)(int, int), int&, int&) thread.h:216 (occt_1157_stress_before2:arm64+0x10000638c)
    #2 std::__1::thread* std::__1::vector<std::__1::thread, std::__1::allocator<std::__1::thread>>::__emplace_back_slow_path<void (*&)(int, int), int&, int&>(void (*&)(int, int), int&, int&) vector.h:1130 (occt_1157_stress_before2:arm64+0x100006148)
    #3 runOne(char const*, int, int) occt_1157_stress.cpp:359 (occt_1157_stress_before2:arm64+0x100003a08)
    #4 main occt_1157_stress.cpp:396 (occt_1157_stress_before2:arm64+0x100002e08)

  Thread T2 (tid=367298, running) created by main thread at:
    #0 pthread_create <null> (libclang_rt.tsan_osx_dynamic.dylib:arm64e+0x33834)
    #1 std::__1::thread::thread[abi:nqe210106]<void (*&)(int, int), int&, int&, 0>(void (*&)(int, int), int&, int&) thread.h:216 (occt_1157_stress_before2:arm64+0x10000638c)
    #2 std::__1::thread* std::__1::vector<std::__1::thread, std::__1::allocator<std::__1::thread>>::__emplace_back_slow_path<void (*&)(int, int), int&, int&>(void (*&)(int, int), int&, int&) vector.h:1130 (occt_1157_stress_before2:arm64+0x100006148)
    #3 runOne(char const*, int, int) occt_1157_stress.cpp:359 (occt_1157_stress_before2:arm64+0x100003a08)
    #4 main occt_1157_stress.cpp:396 (occt_1157_stress_before2:arm64+0x100002e08)

SUMMARY: ThreadSanitizer: data race pad_and_output.h:80 in std::__1::ostreambuf_iterator<char, std::__1::char_traits<char>> std::__1::__pad_and_output[abi:nqe210106]<char, std::__1::char_traits<char>>(std::__1::ostreambuf_iterator<char, std::__1::char_traits<char>>, char const*, char const*, char const*, std::__1::ios_base&, char)
==================
WARNING: ThreadSanitizer: data race (pid=73656)
  Read of size 8 at 0x0001fab5d950 by thread T3 (mutexes: write M0):
    #0 std::__1::ostreambuf_iterator<char, std::__1::char_traits<char>> std::__1::__pad_and_output[abi:nqe210106]<char, std::__1::char_traits<char>>(std::__1::ostreambuf_iterator<char, std::__1::char_traits<char>>, char const*, char const*, char const*, std::__1::ios_base&, char) pad_and_output.h:54 (occt_1157_stress_before2:arm64+0x10001fdc4)
    #1 std::__1::basic_ostream<char, std::__1::char_traits<char>>& std::__1::__put_character_sequence[abi:nqe210106]<char, std::__1::char_traits<char>>(std::__1::basic_ostream<char, std::__1::char_traits<char>>&, char const*, unsigned long) put_character_sequence.h:37 (occt_1157_stress_before2:arm64+0x10001fca8)
    #2 Message_PrinterOStream::send(TCollection_AsciiString const&, Message_Gravity) const Message_PrinterOStream.cxx:155 (occt_1157_stress_before2:arm64+0x1008ef56c)
    #3 Message_Printer::SendStringStream(std::__1::basic_stringstream<char, std::__1::char_traits<char>, std::__1::allocator<char>> const&, Message_Gravity) const Message_Printer.cxx:70 (occt_1157_stress_before2:arm64+0x1008eeb70)
    #4 Message_Messenger::Send(std::__1::basic_stringstream<char, std::__1::char_traits<char>, std::__1::allocator<char>> const&, Message_Gravity) const Message_Messenger.cxx:128 (occt_1157_stress_before2:arm64+0x1008ea8a4)
    #5 Message_Messenger::StreamBuffer::Flush(bool) Message_Messenger.hxx:75 (occt_1157_stress_before2:arm64+0x1000eb57c)
    #6 Message_Messenger::StreamBuffer::~StreamBuffer() Message_Messenger.hxx:65 (occt_1157_stress_before2:arm64+0x1000eb3c0)
    #7 XSControl_TransferWriter::TransferWriteShape(opencascade::handle<Interface_InterfaceModel> const&, TopoDS_Shape const&, Message_ProgressRange const&) XSControl_TransferWriter.cxx:193 (occt_1157_stress_before2:arm64+0x1013e9f30)
    #8 XSControl_WorkSession::TransferWriteShape(TopoDS_Shape const&, bool, Message_ProgressRange const&) XSControl_WorkSession.cxx:562 (occt_1157_stress_before2:arm64+0x1013f59f8)
    #9 STEPControl_Writer::Transfer(TopoDS_Shape const&, STEPControl_StepModelType, DESTEP_Parameters const&, bool, Message_ProgressRange const&) STEPControl_Writer.cxx:159 (occt_1157_stress_before2:arm64+0x10054e110)
    #10 STEPControl_Writer::Transfer(TopoDS_Shape const&, STEPControl_StepModelType, bool, Message_ProgressRange const&) STEPControl_Writer.cxx:111 (occt_1157_stress_before2:arm64+0x10054db74)
    #11 runStepWriteIndependent(int, int) occt_1157_stress.cpp:88 (occt_1157_stress_before2:arm64+0x100000b14)
    #12 void* std::__1::__thread_proxy[abi:nqe210106]<std::__1::tuple<std::__1::unique_ptr<std::__1::__thread_struct, std::__1::default_delete<std::__1::__thread_struct>>, void (*)(int, int), int, int>>(void*) thread.h:168 (occt_1157_stress_before2:arm64+0x1000064c4)

  Previous write of size 8 at 0x0001fab5d950 by thread T5:
    #0 std::__1::ostreambuf_iterator<char, std::__1::char_traits<char>> std::__1::__pad_and_output[abi:nqe210106]<char, std::__1::char_traits<char>>(std::__1::ostreambuf_iterator<char, std::__1::char_traits<char>>, char const*, char const*, char const*, std::__1::ios_base&, char) pad_and_output.h:80 (occt_1157_stress_before2:arm64+0x10001ff54)
    #1 std::__1::basic_ostream<char, std::__1::char_traits<char>>& std::__1::__put_character_sequence[abi:nqe210106]<char, std::__1::char_traits<char>>(std::__1::basic_ostream<char, std::__1::char_traits<char>>&, char const*, unsigned long) put_character_sequence.h:37 (occt_1157_stress_before2:arm64+0x10001fca8)
    #2 Message_PrinterOStream::send(TCollection_AsciiString const&, Message_Gravity) const Message_PrinterOStream.cxx:163 (occt_1157_stress_before2:arm64+0x1008ef5bc)
    #3 Message_Printer::SendStringStream(std::__1::basic_stringstream<char, std::__1::char_traits<char>, std::__1::allocator<char>> const&, Message_Gravity) const Message_Printer.cxx:70 (occt_1157_stress_before2:arm64+0x1008eeb70)
    #4 Message_Messenger::Send(std::__1::basic_stringstream<char, std::__1::char_traits<char>, std::__1::allocator<char>> const&, Message_Gravity) const Message_Messenger.cxx:128 (occt_1157_stress_before2:arm64+0x1008ea8a4)
    #5 Message_Messenger::StreamBuffer::Flush(bool) Message_Messenger.hxx:75 (occt_1157_stress_before2:arm64+0x1000eb57c)
    #6 Message_Messenger::StreamBuffer::~StreamBuffer() Message_Messenger.hxx:65 (occt_1157_stress_before2:arm64+0x1000eb3c0)
    #7 StepSelect_WorkLibrary::WriteFile(IFSelect_ContextWrite&) const StepSelect_WorkLibrary.cxx:150 (occt_1157_stress_before2:arm64+0x100828148)
    #8 IFSelect_ModelCopier::SendAll(char const*, Interface_Graph const&, opencascade::handle<IFSelect_WorkLibrary> const&, opencascade::handle<Interface_Protocol> const&) IFSelect_ModelCopier.cxx:343 (occt_1157_stress_before2:arm64+0x101385720)
    #9 IFSelect_WorkSession::SendAll(char const*, bool) IFSelect_WorkSession.cxx:2602 (occt_1157_stress_before2:arm64+0x1013bf620)
    #10 STEPControl_Writer::Write(char const*) STEPControl_Writer.cxx:173 (occt_1157_stress_before2:arm64+0x10054e558)
    #11 runStepWriteIndependent(int, int) occt_1157_stress.cpp:97 (occt_1157_stress_before2:arm64+0x100000fa8)
    #12 void* std::__1::__thread_proxy[abi:nqe210106]<std::__1::tuple<std::__1::unique_ptr<std::__1::__thread_struct, std::__1::default_delete<std::__1::__thread_struct>>, void (*)(int, int), int, int>>(void*) thread.h:168 (occt_1157_stress_before2:arm64+0x1000064c4)

  Location is global 'std::__1::cout' at 0x0001fab5d930 (libc++.1.dylib+0x6cb3a950)

  Mutex M0 (0x00010213d358) created at:
    #0 pthread_mutex_lock <null> (libclang_rt.tsan_osx_dynamic.dylib:arm64e+0x356bc)
    #1 std::__1::mutex::lock() <null> (libc++.1.dylib:arm64e+0x300c)
    #2 STEPControl_Writer::SetWS(opencascade::handle<XSControl_WorkSession> const&, bool) STEPControl_Writer.cxx:56 (occt_1157_stress_before2:arm64+0x10054d3bc)
    #3 STEPControl_Writer::STEPControl_Writer() STEPControl_Writer.cxx:39 (occt_1157_stress_before2:arm64+0x10054d244)
    #4 STEPControl_Writer::STEPControl_Writer() STEPControl_Writer.cxx:37 (occt_1157_stress_before2:arm64+0x10054d480)
    #5 runStepWriteIndependent(int, int) occt_1157_stress.cpp:85 (occt_1157_stress_before2:arm64+0x100000ad8)
    #6 runOne(char const*, int, int) occt_1157_stress.cpp:349 (occt_1157_stress_before2:arm64+0x10000384c)
    #7 main occt_1157_stress.cpp:396 (occt_1157_stress_before2:arm64+0x100002e08)

  Thread T3 (tid=367299, running) created by main thread at:
    #0 pthread_create <null> (libclang_rt.tsan_osx_dynamic.dylib:arm64e+0x33834)
    #1 std::__1::thread::thread[abi:nqe210106]<void (*&)(int, int), int&, int&, 0>(void (*&)(int, int), int&, int&) thread.h:216 (occt_1157_stress_before2:arm64+0x10000638c)
    #2 std::__1::thread* std::__1::vector<std::__1::thread, std::__1::allocator<std::__1::thread>>::__emplace_back_slow_path<void (*&)(int, int), int&, int&>(void (*&)(int, int), int&, int&) vector.h:1130 (occt_1157_stress_before2:arm64+0x100006148)
    #3 runOne(char const*, int, int) occt_1157_stress.cpp:359 (occt_1157_stress_before2:arm64+0x100003a08)
    #4 main occt_1157_stress.cpp:396 (occt_1157_stress_before2:arm64+0x100002e08)

  Thread T5 (tid=367301, running) created by main thread at:
    #0 pthread_create <null> (libclang_rt.tsan_osx_dynamic.dylib:arm64e+0x33834)
    #1 std::__1::thread::thread[abi:nqe210106]<void (*&)(int, int), int&, int&, 0>(void (*&)(int, int), int&, int&) thread.h:216 (occt_1157_stress_before2:arm64+0x10000638c)
    #2 std::__1::thread* std::__1::vector<std::__1::thread, std::__1::allocator<std::__1::thread>>::__emplace_back_slow_path<void (*&)(int, int), int&, int&>(void (*&)(int, int), int&, int&) vector.h:1130 (occt_1157_stress_before2:arm64+0x100006148)
    #3 runOne(char const*, int, int) occt_1157_stress.cpp:359 (occt_1157_stress_before2:arm64+0x100003a08)
    #4 main occt_1157_stress.cpp:396 (occt_1157_stress_before2:arm64+0x100002e08)

SUMMARY: ThreadSanitizer: data race pad_and_output.h:54 in std::__1::ostreambuf_iterator<char, std::__1::char_traits<char>> std::__1::__pad_and_output[abi:nqe210106]<char, std::__1::char_traits<char>>(std::__1::ostreambuf_iterator<char, std::__1::char_traits<char>>, char const*, char const*, char const*, std::__1::ios_base&, char)
==================
WARNING: ThreadSanitizer: data race (pid=73656)
  Read of size 1 at 0x000102147ca8 by thread T1:
    #0 IFSelect_WorkSession::SendAll(char const*, bool) IFSelect_WorkSession.cxx:2595 (occt_1157_stress_before2:arm64+0x1013bf5a8)
    #1 STEPControl_Writer::Write(char const*) STEPControl_Writer.cxx:173 (occt_1157_stress_before2:arm64+0x10054e558)
    #2 runStepWriteIndependent(int, int) occt_1157_stress.cpp:97 (occt_1157_stress_before2:arm64+0x100000fa8)
    #3 void* std::__1::__thread_proxy[abi:nqe210106]<std::__1::tuple<std::__1::unique_ptr<std::__1::__thread_struct, std::__1::default_delete<std::__1::__thread_struct>>, void (*)(int, int), int, int>>(void*) thread.h:168 (occt_1157_stress_before2:arm64+0x1000064c4)

  Previous write of size 1 at 0x000102147ca8 by thread T2:
    #0 IFSelect_WorkSession::IFSelect_WorkSession() IFSelect_WorkSession.cxx:86 (occt_1157_stress_before2:arm64+0x1013af9b4)
    #1 XSControl_WorkSession::XSControl_WorkSession() XSControl_WorkSession.cxx:50 (occt_1157_stress_before2:arm64+0x1013f2c44)
    #2 XSControl_WorkSession::XSControl_WorkSession() XSControl_WorkSession.cxx:54 (occt_1157_stress_before2:arm64+0x1013f2f90)
    #3 STEPControl_Writer::STEPControl_Writer() STEPControl_Writer.cxx:39 (occt_1157_stress_before2:arm64+0x10054d214)
    #4 STEPControl_Writer::STEPControl_Writer() STEPControl_Writer.cxx:37 (occt_1157_stress_before2:arm64+0x10054d480)
    #5 runStepWriteIndependent(int, int) occt_1157_stress.cpp:85 (occt_1157_stress_before2:arm64+0x100000ad8)
    #6 void* std::__1::__thread_proxy[abi:nqe210106]<std::__1::tuple<std::__1::unique_ptr<std::__1::__thread_struct, std::__1::default_delete<std::__1::__thread_struct>>, void (*)(int, int), int, int>>(void*) thread.h:168 (occt_1157_stress_before2:arm64+0x1000064c4)

  Location is global 'errhand' at 0x000102147ca8 (occt_1157_stress_before2+0x101cb3ca8)

  Thread T1 (tid=367297, running) created by main thread at:
    #0 pthread_create <null> (libclang_rt.tsan_osx_dynamic.dylib:arm64e+0x33834)
    #1 std::__1::thread::thread[abi:nqe210106]<void (*&)(int, int), int&, int&, 0>(void (*&)(int, int), int&, int&) thread.h:216 (occt_1157_stress_before2:arm64+0x10000638c)
    #2 std::__1::thread* std::__1::vector<std::__1::thread, std::__1::allocator<std::__1::thread>>::__emplace_back_slow_path<void (*&)(int, int), int&, int&>(void (*&)(int, int), int&, int&) vector.h:1130 (occt_1157_stress_before2:arm64+0x100006148)
    #3 runOne(char const*, int, int) occt_1157_stress.cpp:359 (occt_1157_stress_before2:arm64+0x100003a08)
    #4 main occt_1157_stress.cpp:396 (occt_1157_stress_before2:arm64+0x100002e08)

  Thread T2 (tid=367298, running) created by main thread at:
    #0 pthread_create <null> (libclang_rt.tsan_osx_dynamic.dylib:arm64e+0x33834)
    #1 std::__1::thread::thread[abi:nqe210106]<void (*&)(int, int), int&, int&, 0>(void (*&)(int, int), int&, int&) thread.h:216 (occt_1157_stress_before2:arm64+0x10000638c)
    #2 std::__1::thread* std::__1::vector<std::__1::thread, std::__1::allocator<std::__1::thread>>::__emplace_back_slow_path<void (*&)(int, int), int&, int&>(void (*&)(int, int), int&, int&) vector.h:1130 (occt_1157_stress_before2:arm64+0x100006148)
    #3 runOne(char const*, int, int) occt_1157_stress.cpp:359 (occt_1157_stress_before2:arm64+0x100003a08)
    #4 main occt_1157_stress.cpp:396 (occt_1157_stress_before2:arm64+0x100002e08)

SUMMARY: ThreadSanitizer: data race IFSelect_WorkSession.cxx:2595 in IFSelect_WorkSession::SendAll(char const*, bool)
==================
WARNING: ThreadSanitizer: data race (pid=73656)
  Write of size 8 at 0x0001fab5d950 by thread T1:
    #0 std::__1::ostreambuf_iterator<char, std::__1::char_traits<char>> std::__1::__pad_and_output[abi:nqe210106]<char, std::__1::char_traits<char>>(std::__1::ostreambuf_iterator<char, std::__1::char_traits<char>>, char const*, char const*, char const*, std::__1::ios_base&, char) pad_and_output.h:80 (occt_1157_stress_before2:arm64+0x10001ff54)
    #1 std::__1::basic_ostream<char, std::__1::char_traits<char>>& std::__1::__put_character_sequence[abi:nqe210106]<char, std::__1::char_traits<char>>(std::__1::basic_ostream<char, std::__1::char_traits<char>>&, char const*, unsigned long) put_character_sequence.h:37 (occt_1157_stress_before2:arm64+0x10001fca8)
    #2 Message_PrinterOStream::send(TCollection_AsciiString const&, Message_Gravity) const Message_PrinterOStream.cxx:155 (occt_1157_stress_before2:arm64+0x1008ef56c)
    #3 Message_Printer::SendStringStream(std::__1::basic_stringstream<char, std::__1::char_traits<char>, std::__1::allocator<char>> const&, Message_Gravity) const Message_Printer.cxx:70 (occt_1157_stress_before2:arm64+0x1008eeb70)
    #4 Message_Messenger::Send(std::__1::basic_stringstream<char, std::__1::char_traits<char>, std::__1::allocator<char>> const&, Message_Gravity) const Message_Messenger.cxx:128 (occt_1157_stress_before2:arm64+0x1008ea8a4)
    #5 Message_Messenger::StreamBuffer::Flush(bool) Message_Messenger.hxx:75 (occt_1157_stress_before2:arm64+0x1000eb57c)
    #6 Message_Messenger::StreamBuffer::~StreamBuffer() Message_Messenger.hxx:65 (occt_1157_stress_before2:arm64+0x1000eb3c0)
    #7 IFSelect_ModelCopier::SendAll(char const*, Interface_Graph const&, opencascade::handle<IFSelect_WorkLibrary> const&, opencascade::handle<Interface_Protocol> const&) IFSelect_ModelCopier.cxx:313 (occt_1157_stress_before2:arm64+0x1013855b0)
    #8 IFSelect_WorkSession::SendAll(char const*, bool) IFSelect_WorkSession.cxx:2602 (occt_1157_stress_before2:arm64+0x1013bf620)
    #9 STEPControl_Writer::Write(char const*) STEPControl_Writer.cxx:173 (occt_1157_stress_before2:arm64+0x10054e558)
    #10 runStepWriteIndependent(int, int) occt_1157_stress.cpp:97 (occt_1157_stress_before2:arm64+0x100000fa8)
    #11 void* std::__1::__thread_proxy[abi:nqe210106]<std::__1::tuple<std::__1::unique_ptr<std::__1::__thread_struct, std::__1::default_delete<std::__1::__thread_struct>>, void (*)(int, int), int, int>>(void*) thread.h:168 (occt_1157_stress_before2:arm64+0x1000064c4)

  Previous write of size 8 at 0x0001fab5d950 by thread T6 (mutexes: write M0):
    #0 std::__1::ostreambuf_iterator<char, std::__1::char_traits<char>> std::__1::__pad_and_output[abi:nqe210106]<char, std::__1::char_traits<char>>(std::__1::ostreambuf_iterator<char, std::__1::char_traits<char>>, char const*, char const*, char const*, std::__1::ios_base&, char) pad_and_output.h:80 (occt_1157_stress_before2:arm64+0x10001ff54)
    #1 std::__1::basic_ostream<char, std::__1::char_traits<char>>& std::__1::__put_character_sequence[abi:nqe210106]<char, std::__1::char_traits<char>>(std::__1::basic_ostream<char, std::__1::char_traits<char>>&, char const*, unsigned long) put_character_sequence.h:37 (occt_1157_stress_before2:arm64+0x10001fca8)
    #2 Message_PrinterOStream::send(TCollection_AsciiString const&, Message_Gravity) const Message_PrinterOStream.cxx:163 (occt_1157_stress_before2:arm64+0x1008ef5bc)
    #3 Message_Printer::SendStringStream(std::__1::basic_stringstream<char, std::__1::char_traits<char>, std::__1::allocator<char>> const&, Message_Gravity) const Message_Printer.cxx:70 (occt_1157_stress_before2:arm64+0x1008eeb70)
    #4 Message_Messenger::Send(std::__1::basic_stringstream<char, std::__1::char_traits<char>, std::__1::allocator<char>> const&, Message_Gravity) const Message_Messenger.cxx:128 (occt_1157_stress_before2:arm64+0x1008ea8a4)
    #5 Message_Messenger::StreamBuffer::Flush(bool) Message_Messenger.hxx:75 (occt_1157_stress_before2:arm64+0x1000eb57c)
    #6 Message_Messenger::StreamBuffer::~StreamBuffer() Message_Messenger.hxx:65 (occt_1157_stress_before2:arm64+0x1000eb3c0)
    #7 XSControl_TransferWriter::TransferWriteShape(opencascade::handle<Interface_InterfaceModel> const&, TopoDS_Shape const&, Message_ProgressRange const&) XSControl_TransferWriter.cxx:193 (occt_1157_stress_before2:arm64+0x1013e9f30)
    #8 XSControl_WorkSession::TransferWriteShape(TopoDS_Shape const&, bool, Message_ProgressRange const&) XSControl_WorkSession.cxx:562 (occt_1157_stress_before2:arm64+0x1013f59f8)
    #9 STEPControl_Writer::Transfer(TopoDS_Shape const&, STEPControl_StepModelType, DESTEP_Parameters const&, bool, Message_ProgressRange const&) STEPControl_Writer.cxx:159 (occt_1157_stress_before2:arm64+0x10054e110)
    #10 STEPControl_Writer::Transfer(TopoDS_Shape const&, STEPControl_StepModelType, bool, Message_ProgressRange const&) STEPControl_Writer.cxx:111 (occt_1157_stress_before2:arm64+0x10054db74)
    #11 runStepWriteIndependent(int, int) occt_1157_stress.cpp:88 (occt_1157_stress_before2:arm64+0x100000b14)
    #12 void* std::__1::__thread_proxy[abi:nqe210106]<std::__1::tuple<std::__1::unique_ptr<std::__1::__thread_struct, std::__1::default_delete<std::__1::__thread_struct>>, void (*)(int, int), int, int>>(void*) thread.h:168 (occt_1157_stress_before2:arm64+0x1000064c4)

  Location is global 'std::__1::cout' at 0x0001fab5d930 (libc++.1.dylib+0x6cb3a950)

  Mutex M0 (0x00010213d358) created at:
    #0 pthread_mutex_lock <null> (libclang_rt.tsan_osx_dynamic.dylib:arm64e+0x356bc)
    #1 std::__1::mutex::lock() <null> (libc++.1.dylib:arm64e+0x300c)
    #2 STEPControl_Writer::SetWS(opencascade::handle<XSControl_WorkSession> const&, bool) STEPControl_Writer.cxx:56 (occt_1157_stress_before2:arm64+0x10054d3bc)
    #3 STEPControl_Writer::STEPControl_Writer() STEPControl_Writer.cxx:39 (occt_1157_stress_before2:arm64+0x10054d244)
    #4 STEPControl_Writer::STEPControl_Writer() STEPControl_Writer.cxx:37 (occt_1157_stress_before2:arm64+0x10054d480)
    #5 runStepWriteIndependent(int, int) occt_1157_stress.cpp:85 (occt_1157_stress_before2:arm64+0x100000ad8)
    #6 runOne(char const*, int, int) occt_1157_stress.cpp:349 (occt_1157_stress_before2:arm64+0x10000384c)
    #7 main occt_1157_stress.cpp:396 (occt_1157_stress_before2:arm64+0x100002e08)

  Thread T1 (tid=367297, running) created by main thread at:
    #0 pthread_create <null> (libclang_rt.tsan_osx_dynamic.dylib:arm64e+0x33834)
    #1 std::__1::thread::thread[abi:nqe210106]<void (*&)(int, int), int&, int&, 0>(void (*&)(int, int), int&, int&) thread.h:216 (occt_1157_stress_before2:arm64+0x10000638c)
    #2 std::__1::thread* std::__1::vector<std::__1::thread, std::__1::allocator<std::__1::thread>>::__emplace_back_slow_path<void (*&)(int, int), int&, int&>(void (*&)(int, int), int&, int&) vector.h:1130 (occt_1157_stress_before2:arm64+0x100006148)
    #3 runOne(char const*, int, int) occt_1157_stress.cpp:359 (occt_1157_stress_before2:arm64+0x100003a08)
    #4 main occt_1157_stress.cpp:396 (occt_1157_stress_before2:arm64+0x100002e08)

  Thread T6 (tid=367302, running) created by main thread at:
    #0 pthread_create <null> (libclang_rt.tsan_osx_dynamic.dylib:arm64e+0x33834)
    #1 std::__1::thread::thread[abi:nqe210106]<void (*&)(int, int), int&, int&, 0>(void (*&)(int, int), int&, int&) thread.h:216 (occt_1157_stress_before2:arm64+0x10000638c)
    #2 runOne(char const*, int, int) occt_1157_stress.cpp:359 (occt_1157_stress_before2:arm64+0x1000039e0)
    #3 main occt_1157_stress.cpp:396 (occt_1157_stress_before2:arm64+0x100002e08)

SUMMARY: ThreadSanitizer: data race pad_and_output.h:80 in std::__1::ostreambuf_iterator<char, std::__1::char_traits<char>> std::__1::__pad_and_output[abi:nqe210106]<char, std::__1::char_traits<char>>(std::__1::ostreambuf_iterator<char, std::__1::char_traits<char>>, char const*, char const*, char const*, std::__1::ios_base&, char)
==================
WARNING: ThreadSanitizer: data race (pid=73656)
  Write of size 8 at 0x0001fab5d950 by thread T6:
    #0 std::__1::ostreambuf_iterator<char, std::__1::char_traits<char>> std::__1::__pad_and_output[abi:nqe210106]<char, std::__1::char_traits<char>>(std::__1::ostreambuf_iterator<char, std::__1::char_traits<char>>, char const*, char const*, char const*, std::__1::ios_base&, char) pad_and_output.h:80 (occt_1157_stress_before2:arm64+0x10001ff54)
    #1 std::__1::basic_ostream<char, std::__1::char_traits<char>>& std::__1::__put_character_sequence[abi:nqe210106]<char, std::__1::char_traits<char>>(std::__1::basic_ostream<char, std::__1::char_traits<char>>&, char const*, unsigned long) put_character_sequence.h:37 (occt_1157_stress_before2:arm64+0x10001fca8)
    #2 Message_PrinterOStream::send(TCollection_AsciiString const&, Message_Gravity) const Message_PrinterOStream.cxx:155 (occt_1157_stress_before2:arm64+0x1008ef56c)
    #3 Message_Printer::SendStringStream(std::__1::basic_stringstream<char, std::__1::char_traits<char>, std::__1::allocator<char>> const&, Message_Gravity) const Message_Printer.cxx:70 (occt_1157_stress_before2:arm64+0x1008eeb70)
    #4 Message_Messenger::Send(std::__1::basic_stringstream<char, std::__1::char_traits<char>, std::__1::allocator<char>> const&, Message_Gravity) const Message_Messenger.cxx:128 (occt_1157_stress_before2:arm64+0x1008ea8a4)
    #5 Message_Messenger::StreamBuffer::Flush(bool) Message_Messenger.hxx:75 (occt_1157_stress_before2:arm64+0x1000eb57c)
    #6 Message_Messenger::StreamBuffer::~StreamBuffer() Message_Messenger.hxx:65 (occt_1157_stress_before2:arm64+0x1000eb3c0)
    #7 StepSelect_WorkLibrary::WriteFile(IFSelect_ContextWrite&) const StepSelect_WorkLibrary.cxx:150 (occt_1157_stress_before2:arm64+0x100828148)
    #8 IFSelect_ModelCopier::SendAll(char const*, Interface_Graph const&, opencascade::handle<IFSelect_WorkLibrary> const&, opencascade::handle<Interface_Protocol> const&) IFSelect_ModelCopier.cxx:343 (occt_1157_stress_before2:arm64+0x101385720)
    #9 IFSelect_WorkSession::SendAll(char const*, bool) IFSelect_WorkSession.cxx:2618 (occt_1157_stress_before2:arm64+0x1013bf714)
    #10 STEPControl_Writer::Write(char const*) STEPControl_Writer.cxx:173 (occt_1157_stress_before2:arm64+0x10054e558)
    #11 runStepWriteIndependent(int, int) occt_1157_stress.cpp:97 (occt_1157_stress_before2:arm64+0x100000fa8)
    #12 void* std::__1::__thread_proxy[abi:nqe210106]<std::__1::tuple<std::__1::unique_ptr<std::__1::__thread_struct, std::__1::default_delete<std::__1::__thread_struct>>, void (*)(int, int), int, int>>(void*) thread.h:168 (occt_1157_stress_before2:arm64+0x1000064c4)

  Previous write of size 8 at 0x0001fab5d950 by thread T7 (mutexes: write M0):
    #0 std::__1::ostreambuf_iterator<char, std::__1::char_traits<char>> std::__1::__pad_and_output[abi:nqe210106]<char, std::__1::char_traits<char>>(std::__1::ostreambuf_iterator<char, std::__1::char_traits<char>>, char const*, char const*, char const*, std::__1::ios_base&, char) pad_and_output.h:80 (occt_1157_stress_before2:arm64+0x10001ff54)
    #1 std::__1::basic_ostream<char, std::__1::char_traits<char>>& std::__1::__put_character_sequence[abi:nqe210106]<char, std::__1::char_traits<char>>(std::__1::basic_ostream<char, std::__1::char_traits<char>>&, char const*, unsigned long) put_character_sequence.h:37 (occt_1157_stress_before2:arm64+0x10001fca8)
    #2 Message_PrinterOStream::send(TCollection_AsciiString const&, Message_Gravity) const Message_PrinterOStream.cxx:163 (occt_1157_stress_before2:arm64+0x1008ef5bc)
    #3 Message_Printer::SendStringStream(std::__1::basic_stringstream<char, std::__1::char_traits<char>, std::__1::allocator<char>> const&, Message_Gravity) const Message_Printer.cxx:70 (occt_1157_stress_before2:arm64+0x1008eeb70)
    #4 Message_Messenger::Send(std::__1::basic_stringstream<char, std::__1::char_traits<char>, std::__1::allocator<char>> const&, Message_Gravity) const Message_Messenger.cxx:128 (occt_1157_stress_before2:arm64+0x1008ea8a4)
    #5 Message_Messenger::StreamBuffer::Flush(bool) Message_Messenger.hxx:75 (occt_1157_stress_before2:arm64+0x1000eb57c)
    #6 Message_Messenger::StreamBuffer::~StreamBuffer() Message_Messenger.hxx:65 (occt_1157_stress_before2:arm64+0x1000eb3c0)
    #7 XSControl_TransferWriter::TransferWriteShape(opencascade::handle<Interface_InterfaceModel> const&, TopoDS_Shape const&, Message_ProgressRange const&) XSControl_TransferWriter.cxx:193 (occt_1157_stress_before2:arm64+0x1013e9f30)
    #8 XSControl_WorkSession::TransferWriteShape(TopoDS_Shape const&, bool, Message_ProgressRange const&) XSControl_WorkSession.cxx:562 (occt_1157_stress_before2:arm64+0x1013f59f8)
    #9 STEPControl_Writer::Transfer(TopoDS_Shape const&, STEPControl_StepModelType, DESTEP_Parameters const&, bool, Message_ProgressRange const&) STEPControl_Writer.cxx:159 (occt_1157_stress_before2:arm64+0x10054e110)
    #10 STEPControl_Writer::Transfer(TopoDS_Shape const&, STEPControl_StepModelType, bool, Message_ProgressRange const&) STEPControl_Writer.cxx:111 (occt_1157_stress_before2:arm64+0x10054db74)
    #11 runStepWriteIndependent(int, int) occt_1157_stress.cpp:88 (occt_1157_stress_before2:arm64+0x100000b14)
    #12 void* std::__1::__thread_proxy[abi:nqe210106]<std::__1::tuple<std::__1::unique_ptr<std::__1::__thread_struct, std::__1::default_delete<std::__1::__thread_struct>>, void (*)(int, int), int, int>>(void*) thread.h:168 (occt_1157_stress_before2:arm64+0x1000064c4)

  Location is global 'std::__1::cout' at 0x0001fab5d930 (libc++.1.dylib+0x6cb3a950)

  Mutex M0 (0x00010213d358) created at:
    #0 pthread_mutex_lock <null> (libclang_rt.tsan_osx_dynamic.dylib:arm64e+0x356bc)
    #1 std::__1::mutex::lock() <null> (libc++.1.dylib:arm64e+0x300c)
    #2 STEPControl_Writer::SetWS(opencascade::handle<XSControl_WorkSession> const&, bool) STEPControl_Writer.cxx:56 (occt_1157_stress_before2:arm64+0x10054d3bc)
    #3 STEPControl_Writer::STEPControl_Writer() STEPControl_Writer.cxx:39 (occt_1157_stress_before2:arm64+0x10054d244)
    #4 STEPControl_Writer::STEPControl_Writer() STEPControl_Writer.cxx:37 (occt_1157_stress_before2:arm64+0x10054d480)
    #5 runStepWriteIndependent(int, int) occt_1157_stress.cpp:85 (occt_1157_stress_before2:arm64+0x100000ad8)
    #6 runOne(char const*, int, int) occt_1157_stress.cpp:349 (occt_1157_stress_before2:arm64+0x10000384c)
    #7 main occt_1157_stress.cpp:396 (occt_1157_stress_before2:arm64+0x100002e08)

  Thread T6 (tid=367302, running) created by main thread at:
    #0 pthread_create <null> (libclang_rt.tsan_osx_dynamic.dylib:arm64e+0x33834)
    #1 std::__1::thread::thread[abi:nqe210106]<void (*&)(int, int), int&, int&, 0>(void (*&)(int, int), int&, int&) thread.h:216 (occt_1157_stress_before2:arm64+0x10000638c)
    #2 runOne(char const*, int, int) occt_1157_stress.cpp:359 (occt_1157_stress_before2:arm64+0x1000039e0)
    #3 main occt_1157_stress.cpp:396 (occt_1157_stress_before2:arm64+0x100002e08)

  Thread T7 (tid=367303, running) created by main thread at:
    #0 pthread_create <null> (libclang_rt.tsan_osx_dynamic.dylib:arm64e+0x33834)
    #1 std::__1::thread::thread[abi:nqe210106]<void (*&)(int, int), int&, int&, 0>(void (*&)(int, int), int&, int&) thread.h:216 (occt_1157_stress_before2:arm64+0x10000638c)
    #2 runOne(char const*, int, int) occt_1157_stress.cpp:359 (occt_1157_stress_before2:arm64+0x1000039e0)
    #3 main occt_1157_stress.cpp:396 (occt_1157_stress_before2:arm64+0x100002e08)

SUMMARY: ThreadSanitizer: data race pad_and_output.h:80 in std::__1::ostreambuf_iterator<char, std::__1::char_traits<char>> std::__1::__pad_and_output[abi:nqe210106]<char, std::__1::char_traits<char>>(std::__1::ostreambuf_iterator<char, std::__1::char_traits<char>>, char const*, char const*, char const*, std::__1::ios_base&, char)
==================
WARNING: ThreadSanitizer: data race (pid=73656)
  Write of size 8 at 0x0001fab5d950 by thread T7:
    #0 std::__1::ostreambuf_iterator<char, std::__1::char_traits<char>> std::__1::__pad_and_output[abi:nqe210106]<char, std::__1::char_traits<char>>(std::__1::ostreambuf_iterator<char, std::__1::char_traits<char>>, char const*, char const*, char const*, std::__1::ios_base&, char) pad_and_output.h:80 (occt_1157_stress_before2:arm64+0x10001ff54)
    #1 std::__1::basic_ostream<char, std::__1::char_traits<char>>& std::__1::__put_character_sequence[abi:nqe210106]<char, std::__1::char_traits<char>>(std::__1::basic_ostream<char, std::__1::char_traits<char>>&, char const*, unsigned long) put_character_sequence.h:37 (occt_1157_stress_before2:arm64+0x10001fca8)
    #2 Message_PrinterOStream::send(TCollection_AsciiString const&, Message_Gravity) const Message_PrinterOStream.cxx:155 (occt_1157_stress_before2:arm64+0x1008ef56c)
    #3 Message_Printer::SendStringStream(std::__1::basic_stringstream<char, std::__1::char_traits<char>, std::__1::allocator<char>> const&, Message_Gravity) const Message_Printer.cxx:70 (occt_1157_stress_before2:arm64+0x1008eeb70)
    #4 Message_Messenger::Send(std::__1::basic_stringstream<char, std::__1::char_traits<char>, std::__1::allocator<char>> const&, Message_Gravity) const Message_Messenger.cxx:128 (occt_1157_stress_before2:arm64+0x1008ea8a4)
    #5 Message_Messenger::StreamBuffer::Flush(bool) Message_Messenger.hxx:75 (occt_1157_stress_before2:arm64+0x1000eb57c)
    #6 Message_Messenger::StreamBuffer::~StreamBuffer() Message_Messenger.hxx:65 (occt_1157_stress_before2:arm64+0x1000eb3c0)
    #7 StepSelect_WorkLibrary::WriteFile(IFSelect_ContextWrite&) const StepSelect_WorkLibrary.cxx:150 (occt_1157_stress_before2:arm64+0x100828148)
    #8 IFSelect_ModelCopier::SendAll(char const*, Interface_Graph const&, opencascade::handle<IFSelect_WorkLibrary> const&, opencascade::handle<Interface_Protocol> const&) IFSelect_ModelCopier.cxx:343 (occt_1157_stress_before2:arm64+0x101385720)
    #9 IFSelect_WorkSession::SendAll(char const*, bool) IFSelect_WorkSession.cxx:2618 (occt_1157_stress_before2:arm64+0x1013bf714)
    #10 STEPControl_Writer::Write(char const*) STEPControl_Writer.cxx:173 (occt_1157_stress_before2:arm64+0x10054e558)
    #11 runStepWriteIndependent(int, int) occt_1157_stress.cpp:97 (occt_1157_stress_before2:arm64+0x100000fa8)
    #12 void* std::__1::__thread_proxy[abi:nqe210106]<std::__1::tuple<std::__1::unique_ptr<std::__1::__thread_struct, std::__1::default_delete<std::__1::__thread_struct>>, void (*)(int, int), int, int>>(void*) thread.h:168 (occt_1157_stress_before2:arm64+0x1000064c4)

  Previous write of size 8 at 0x0001fab5d950 by thread T1:
    #0 std::__1::ostreambuf_iterator<char, std::__1::char_traits<char>> std::__1::__pad_and_output[abi:nqe210106]<char, std::__1::char_traits<char>>(std::__1::ostreambuf_iterator<char, std::__1::char_traits<char>>, char const*, char const*, char const*, std::__1::ios_base&, char) pad_and_output.h:80 (occt_1157_stress_before2:arm64+0x10001ff54)
    #1 std::__1::basic_ostream<char, std::__1::char_traits<char>>& std::__1::__put_character_sequence[abi:nqe210106]<char, std::__1::char_traits<char>>(std::__1::basic_ostream<char, std::__1::char_traits<char>>&, char const*, unsigned long) put_character_sequence.h:37 (occt_1157_stress_before2:arm64+0x10001fca8)
    #2 Message_PrinterOStream::send(TCollection_AsciiString const&, Message_Gravity) const Message_PrinterOStream.cxx:163 (occt_1157_stress_before2:arm64+0x1008ef5bc)
    #3 Message_Printer::SendStringStream(std::__1::basic_stringstream<char, std::__1::char_traits<char>, std::__1::allocator<char>> const&, Message_Gravity) const Message_Printer.cxx:70 (occt_1157_stress_before2:arm64+0x1008eeb70)
    #4 Message_Messenger::Send(std::__1::basic_stringstream<char, std::__1::char_traits<char>, std::__1::allocator<char>> const&, Message_Gravity) const Message_Messenger.cxx:128 (occt_1157_stress_before2:arm64+0x1008ea8a4)
    #5 Message_Messenger::StreamBuffer::Flush(bool) Message_Messenger.hxx:75 (occt_1157_stress_before2:arm64+0x1000eb57c)
    #6 Message_Messenger::StreamBuffer::~StreamBuffer() Message_Messenger.hxx:65 (occt_1157_stress_before2:arm64+0x1000eb3c0)
    #7 StepSelect_WorkLibrary::WriteFile(IFSelect_ContextWrite&) const StepSelect_WorkLibrary.cxx:150 (occt_1157_stress_before2:arm64+0x100828148)
    #8 IFSelect_ModelCopier::SendAll(char const*, Interface_Graph const&, opencascade::handle<IFSelect_WorkLibrary> const&, opencascade::handle<Interface_Protocol> const&) IFSelect_ModelCopier.cxx:343 (occt_1157_stress_before2:arm64+0x101385720)
    #9 IFSelect_WorkSession::SendAll(char const*, bool) IFSelect_WorkSession.cxx:2602 (occt_1157_stress_before2:arm64+0x1013bf620)
    #10 STEPControl_Writer::Write(char const*) STEPControl_Writer.cxx:173 (occt_1157_stress_before2:arm64+0x10054e558)
    #11 runStepWriteIndependent(int, int) occt_1157_stress.cpp:97 (occt_1157_stress_before2:arm64+0x100000fa8)
    #12 void* std::__1::__thread_proxy[abi:nqe210106]<std::__1::tuple<std::__1::unique_ptr<std::__1::__thread_struct, std::__1::default_delete<std::__1::__thread_struct>>, void (*)(int, int), int, int>>(void*) thread.h:168 (occt_1157_stress_before2:arm64+0x1000064c4)

  Location is global 'std::__1::cout' at 0x0001fab5d930 (libc++.1.dylib+0x6cb3a950)

  Thread T7 (tid=367303, running) created by main thread at:
    #0 pthread_create <null> (libclang_rt.tsan_osx_dynamic.dylib:arm64e+0x33834)
    #1 std::__1::thread::thread[abi:nqe210106]<void (*&)(int, int), int&, int&, 0>(void (*&)(int, int), int&, int&) thread.h:216 (occt_1157_stress_before2:arm64+0x10000638c)
    #2 runOne(char const*, int, int) occt_1157_stress.cpp:359 (occt_1157_stress_before2:arm64+0x1000039e0)
    #3 main occt_1157_stress.cpp:396 (occt_1157_stress_before2:arm64+0x100002e08)

  Thread T1 (tid=367297, running) created by main thread at:
    #0 pthread_create <null> (libclang_rt.tsan_osx_dynamic.dylib:arm64e+0x33834)
    #1 std::__1::thread::thread[abi:nqe210106]<void (*&)(int, int), int&, int&, 0>(void (*&)(int, int), int&, int&) thread.h:216 (occt_1157_stress_before2:arm64+0x10000638c)
    #2 std::__1::thread* std::__1::vector<std::__1::thread, std::__1::allocator<std::__1::thread>>::__emplace_back_slow_path<void (*&)(int, int), int&, int&>(void (*&)(int, int), int&, int&) vector.h:1130 (occt_1157_stress_before2:arm64+0x100006148)
    #3 runOne(char const*, int, int) occt_1157_stress.cpp:359 (occt_1157_stress_before2:arm64+0x100003a08)
    #4 main occt_1157_stress.cpp:396 (occt_1157_stress_before2:arm64+0x100002e08)

SUMMARY: ThreadSanitizer: data race pad_and_output.h:80 in std::__1::ostreambuf_iterator<char, std::__1::char_traits<char>> std::__1::__pad_and_output[abi:nqe210106]<char, std::__1::char_traits<char>>(std::__1::ostreambuf_iterator<char, std::__1::char_traits<char>>, char const*, char const*, char const*, std::__1::ios_base&, char)
==================
WARNING: ThreadSanitizer: data race (pid=73656)
  Write of size 8 at 0x0001fab5d950 by thread T7:
    #0 std::__1::ostreambuf_iterator<char, std::__1::char_traits<char>> std::__1::__pad_and_output[abi:nqe210106]<char, std::__1::char_traits<char>>(std::__1::ostreambuf_iterator<char, std::__1::char_traits<char>>, char const*, char const*, char const*, std::__1::ios_base&, char) pad_and_output.h:80 (occt_1157_stress_before2:arm64+0x10001ff54)
    #1 std::__1::basic_ostream<char, std::__1::char_traits<char>>& std::__1::__put_character_sequence[abi:nqe210106]<char, std::__1::char_traits<char>>(std::__1::basic_ostream<char, std::__1::char_traits<char>>&, char const*, unsigned long) put_character_sequence.h:37 (occt_1157_stress_before2:arm64+0x10001fca8)
    #2 operator<<(std::__1::basic_ostream<char, std::__1::char_traits<char>>&, TCollection_AsciiString const&) TCollection_AsciiString.cxx:1100 (occt_1157_stress_before2:arm64+0x1008d1c30)
    #3 Message_PrinterOStream::send(TCollection_AsciiString const&, Message_Gravity) const Message_PrinterOStream.cxx:156 (occt_1157_stress_before2:arm64+0x1008ef578)
    #4 Message_Printer::SendStringStream(std::__1::basic_stringstream<char, std::__1::char_traits<char>, std::__1::allocator<char>> const&, Message_Gravity) const Message_Printer.cxx:70 (occt_1157_stress_before2:arm64+0x1008eeb70)
    #5 Message_Messenger::Send(std::__1::basic_stringstream<char, std::__1::char_traits<char>, std::__1::allocator<char>> const&, Message_Gravity) const Message_Messenger.cxx:128 (occt_1157_stress_before2:arm64+0x1008ea8a4)
    #6 Message_Messenger::StreamBuffer::Flush(bool) Message_Messenger.hxx:75 (occt_1157_stress_before2:arm64+0x1000eb57c)
    #7 Message_Messenger::StreamBuffer::~StreamBuffer() Message_Messenger.hxx:65 (occt_1157_stress_before2:arm64+0x1000eb3c0)
    #8 StepSelect_WorkLibrary::WriteFile(IFSelect_ContextWrite&) const StepSelect_WorkLibrary.cxx:150 (occt_1157_stress_before2:arm64+0x100828148)
    #9 IFSelect_ModelCopier::SendAll(char const*, Interface_Graph const&, opencascade::handle<IFSelect_WorkLibrary> const&, opencascade::handle<Interface_Protocol> const&) IFSelect_ModelCopier.cxx:343 (occt_1157_stress_before2:arm64+0x101385720)
    #10 IFSelect_WorkSession::SendAll(char const*, bool) IFSelect_WorkSession.cxx:2618 (occt_1157_stress_before2:arm64+0x1013bf714)
    #11 STEPControl_Writer::Write(char const*) STEPControl_Writer.cxx:173 (occt_1157_stress_before2:arm64+0x10054e558)
    #12 runStepWriteIndependent(int, int) occt_1157_stress.cpp:97 (occt_1157_stress_before2:arm64+0x100000fa8)
    #13 void* std::__1::__thread_proxy[abi:nqe210106]<std::__1::tuple<std::__1::unique_ptr<std::__1::__thread_struct, std::__1::default_delete<std::__1::__thread_struct>>, void (*)(int, int), int, int>>(void*) thread.h:168 (occt_1157_stress_before2:arm64+0x1000064c4)

  Previous write of size 8 at 0x0001fab5d950 by thread T3 (mutexes: write M0):
    #0 std::__1::ostreambuf_iterator<char, std::__1::char_traits<char>> std::__1::__pad_and_output[abi:nqe210106]<char, std::__1::char_traits<char>>(std::__1::ostreambuf_iterator<char, std::__1::char_traits<char>>, char const*, char const*, char const*, std::__1::ios_base&, char) pad_and_output.h:80 (occt_1157_stress_before2:arm64+0x10001ff54)
    #1 std::__1::basic_ostream<char, std::__1::char_traits<char>>& std::__1::__put_character_sequence[abi:nqe210106]<char, std::__1::char_traits<char>>(std::__1::basic_ostream<char, std::__1::char_traits<char>>&, char const*, unsigned long) put_character_sequence.h:37 (occt_1157_stress_before2:arm64+0x10001fca8)
    #2 Message_PrinterOStream::send(TCollection_AsciiString const&, Message_Gravity) const Message_PrinterOStream.cxx:163 (occt_1157_stress_before2:arm64+0x1008ef5bc)
    #3 Message_Printer::SendStringStream(std::__1::basic_stringstream<char, std::__1::char_traits<char>, std::__1::allocator<char>> const&, Message_Gravity) const Message_Printer.cxx:70 (occt_1157_stress_before2:arm64+0x1008eeb70)
    #4 Message_Messenger::Send(std::__1::basic_stringstream<char, std::__1::char_traits<char>, std::__1::allocator<char>> const&, Message_Gravity) const Message_Messenger.cxx:128 (occt_1157_stress_before2:arm64+0x1008ea8a4)
    #5 Message_Messenger::StreamBuffer::Flush(bool) Message_Messenger.hxx:75 (occt_1157_stress_before2:arm64+0x1000eb57c)
    #6 Message_Messenger::StreamBuffer::~StreamBuffer() Message_Messenger.hxx:65 (occt_1157_stress_before2:arm64+0x1000eb3c0)
    #7 XSControl_TransferWriter::TransferWriteShape(opencascade::handle<Interface_InterfaceModel> const&, TopoDS_Shape const&, Message_ProgressRange const&) XSControl_TransferWriter.cxx:193 (occt_1157_stress_before2:arm64+0x1013e9f30)
    #8 XSControl_WorkSession::TransferWriteShape(TopoDS_Shape const&, bool, Message_ProgressRange const&) XSControl_WorkSession.cxx:562 (occt_1157_stress_before2:arm64+0x1013f59f8)
    #9 STEPControl_Writer::Transfer(TopoDS_Shape const&, STEPControl_StepModelType, DESTEP_Parameters const&, bool, Message_ProgressRange const&) STEPControl_Writer.cxx:159 (occt_1157_stress_before2:arm64+0x10054e110)
    #10 STEPControl_Writer::Transfer(TopoDS_Shape const&, STEPControl_StepModelType, bool, Message_ProgressRange const&) STEPControl_Writer.cxx:111 (occt_1157_stress_before2:arm64+0x10054db74)
    #11 runStepWriteIndependent(int, int) occt_1157_stress.cpp:88 (occt_1157_stress_before2:arm64+0x100000b14)
    #12 void* std::__1::__thread_proxy[abi:nqe210106]<std::__1::tuple<std::__1::unique_ptr<std::__1::__thread_struct, std::__1::default_delete<std::__1::__thread_struct>>, void (*)(int, int), int, int>>(void*) thread.h:168 (occt_1157_stress_before2:arm64+0x1000064c4)

  Location is global 'std::__1::cout' at 0x0001fab5d930 (libc++.1.dylib+0x6cb3a950)

  Mutex M0 (0x00010213d358) created at:
    #0 pthread_mutex_lock <null> (libclang_rt.tsan_osx_dynamic.dylib:arm64e+0x356bc)
    #1 std::__1::mutex::lock() <null> (libc++.1.dylib:arm64e+0x300c)
    #2 STEPControl_Writer::SetWS(opencascade::handle<XSControl_WorkSession> const&, bool) STEPControl_Writer.cxx:56 (occt_1157_stress_before2:arm64+0x10054d3bc)
    #3 STEPControl_Writer::STEPControl_Writer() STEPControl_Writer.cxx:39 (occt_1157_stress_before2:arm64+0x10054d244)
    #4 STEPControl_Writer::STEPControl_Writer() STEPControl_Writer.cxx:37 (occt_1157_stress_before2:arm64+0x10054d480)
    #5 runStepWriteIndependent(int, int) occt_1157_stress.cpp:85 (occt_1157_stress_before2:arm64+0x100000ad8)
    #6 runOne(char const*, int, int) occt_1157_stress.cpp:349 (occt_1157_stress_before2:arm64+0x10000384c)
    #7 main occt_1157_stress.cpp:396 (occt_1157_stress_before2:arm64+0x100002e08)

  Thread T7 (tid=367303, running) created by main thread at:
    #0 pthread_create <null> (libclang_rt.tsan_osx_dynamic.dylib:arm64e+0x33834)
    #1 std::__1::thread::thread[abi:nqe210106]<void (*&)(int, int), int&, int&, 0>(void (*&)(int, int), int&, int&) thread.h:216 (occt_1157_stress_before2:arm64+0x10000638c)
    #2 runOne(char const*, int, int) occt_1157_stress.cpp:359 (occt_1157_stress_before2:arm64+0x1000039e0)
    #3 main occt_1157_stress.cpp:396 (occt_1157_stress_before2:arm64+0x100002e08)

  Thread T3 (tid=367299, running) created by main thread at:
    #0 pthread_create <null> (libclang_rt.tsan_osx_dynamic.dylib:arm64e+0x33834)
    #1 std::__1::thread::thread[abi:nqe210106]<void (*&)(int, int), int&, int&, 0>(void (*&)(int, int), int&, int&) thread.h:216 (occt_1157_stress_before2:arm64+0x10000638c)
    #2 std::__1::thread* std::__1::vector<std::__1::thread, std::__1::allocator<std::__1::thread>>::__emplace_back_slow_path<void (*&)(int, int), int&, int&>(void (*&)(int, int), int&, int&) vector.h:1130 (occt_1157_stress_before2:arm64+0x100006148)
    #3 runOne(char const*, int, int) occt_1157_stress.cpp:359 (occt_1157_stress_before2:arm64+0x100003a08)
    #4 main occt_1157_stress.cpp:396 (occt_1157_stress_before2:arm64+0x100002e08)

SUMMARY: ThreadSanitizer: data race pad_and_output.h:80 in std::__1::ostreambuf_iterator<char, std::__1::char_traits<char>> std::__1::__pad_and_output[abi:nqe210106]<char, std::__1::char_traits<char>>(std::__1::ostreambuf_iterator<char, std::__1::char_traits<char>>, char const*, char const*, char const*, std::__1::ios_base&, char)
==================
WARNING: ThreadSanitizer: data race (pid=73656)
  Write of size 8 at 0x0001fab5d950 by thread T2 (mutexes: write M0):
    #0 std::__1::ostreambuf_iterator<char, std::__1::char_traits<char>> std::__1::__pad_and_output[abi:nqe210106]<char, std::__1::char_traits<char>>(std::__1::ostreambuf_iterator<char, std::__1::char_traits<char>>, char const*, char const*, char const*, std::__1::ios_base&, char) pad_and_output.h:80 (occt_1157_stress_before2:arm64+0x10001ff54)
    #1 std::__1::basic_ostream<char, std::__1::char_traits<char>>& std::__1::__put_character_sequence[abi:nqe210106]<char, std::__1::char_traits<char>>(std::__1::basic_ostream<char, std::__1::char_traits<char>>&, char const*, unsigned long) put_character_sequence.h:37 (occt_1157_stress_before2:arm64+0x10001fca8)
    #2 operator<<(std::__1::basic_ostream<char, std::__1::char_traits<char>>&, TCollection_AsciiString const&) TCollection_AsciiString.cxx:1100 (occt_1157_stress_before2:arm64+0x1008d1c30)
    #3 Message_PrinterOStream::send(TCollection_AsciiString const&, Message_Gravity) const Message_PrinterOStream.cxx:156 (occt_1157_stress_before2:arm64+0x1008ef578)
    #4 Message_Printer::SendStringStream(std::__1::basic_stringstream<char, std::__1::char_traits<char>, std::__1::allocator<char>> const&, Message_Gravity) const Message_Printer.cxx:70 (occt_1157_stress_before2:arm64+0x1008eeb70)
    #5 Message_Messenger::Send(std::__1::basic_stringstream<char, std::__1::char_traits<char>, std::__1::allocator<char>> const&, Message_Gravity) const Message_Messenger.cxx:128 (occt_1157_stress_before2:arm64+0x1008ea8a4)
    #6 Message_Messenger::StreamBuffer::Flush(bool) Message_Messenger.hxx:75 (occt_1157_stress_before2:arm64+0x1000eb57c)
    #7 Message_Messenger::StreamBuffer::~StreamBuffer() Message_Messenger.hxx:65 (occt_1157_stress_before2:arm64+0x1000eb3c0)
    #8 XSControl_TransferWriter::PrintStats(int, int) const XSControl_TransferWriter.cxx:62 (occt_1157_stress_before2:arm64+0x1013e9430)
    #9 XSControl_TransferWriter::TransferWriteShape(opencascade::handle<Interface_InterfaceModel> const&, TopoDS_Shape const&, Message_ProgressRange const&) XSControl_TransferWriter.cxx:176 (occt_1157_stress_before2:arm64+0x1013e9e20)
    #10 XSControl_WorkSession::TransferWriteShape(TopoDS_Shape const&, bool, Message_ProgressRange const&) XSControl_WorkSession.cxx:562 (occt_1157_stress_before2:arm64+0x1013f59f8)
    #11 STEPControl_Writer::Transfer(TopoDS_Shape const&, STEPControl_StepModelType, DESTEP_Parameters const&, bool, Message_ProgressRange const&) STEPControl_Writer.cxx:159 (occt_1157_stress_before2:arm64+0x10054e110)
    #12 STEPControl_Writer::Transfer(TopoDS_Shape const&, STEPControl_StepModelType, bool, Message_ProgressRange const&) STEPControl_Writer.cxx:111 (occt_1157_stress_before2:arm64+0x10054db74)
    #13 runStepWriteIndependent(int, int) occt_1157_stress.cpp:88 (occt_1157_stress_before2:arm64+0x100000b14)
    #14 void* std::__1::__thread_proxy[abi:nqe210106]<std::__1::tuple<std::__1::unique_ptr<std::__1::__thread_struct, std::__1::default_delete<std::__1::__thread_struct>>, void (*)(int, int), int, int>>(void*) thread.h:168 (occt_1157_stress_before2:arm64+0x1000064c4)

  Previous write of size 8 at 0x0001fab5d950 by thread T3:
    #0 std::__1::ostreambuf_iterator<char, std::__1::char_traits<char>> std::__1::__pad_and_output[abi:nqe210106]<char, std::__1::char_traits<char>>(std::__1::ostreambuf_iterator<char, std::__1::char_traits<char>>, char const*, char const*, char const*, std::__1::ios_base&, char) pad_and_output.h:80 (occt_1157_stress_before2:arm64+0x10001ff54)
    #1 std::__1::basic_ostream<char, std::__1::char_traits<char>>& std::__1::__put_character_sequence[abi:nqe210106]<char, std::__1::char_traits<char>>(std::__1::basic_ostream<char, std::__1::char_traits<char>>&, char const*, unsigned long) put_character_sequence.h:37 (occt_1157_stress_before2:arm64+0x10001fca8)
    #2 Message_PrinterOStream::send(TCollection_AsciiString const&, Message_Gravity) const Message_PrinterOStream.cxx:163 (occt_1157_stress_before2:arm64+0x1008ef5bc)
    #3 Message_Printer::SendStringStream(std::__1::basic_stringstream<char, std::__1::char_traits<char>, std::__1::allocator<char>> const&, Message_Gravity) const Message_Printer.cxx:70 (occt_1157_stress_before2:arm64+0x1008eeb70)
    #4 Message_Messenger::Send(std::__1::basic_stringstream<char, std::__1::char_traits<char>, std::__1::allocator<char>> const&, Message_Gravity) const Message_Messenger.cxx:128 (occt_1157_stress_before2:arm64+0x1008ea8a4)
    #5 Message_Messenger::StreamBuffer::Flush(bool) Message_Messenger.hxx:75 (occt_1157_stress_before2:arm64+0x1000eb57c)
    #6 Message_Messenger::StreamBuffer::~StreamBuffer() Message_Messenger.hxx:65 (occt_1157_stress_before2:arm64+0x1000eb3c0)
    #7 IFSelect_ModelCopier::SendAll(char const*, Interface_Graph const&, opencascade::handle<IFSelect_WorkLibrary> const&, opencascade::handle<Interface_Protocol> const&) IFSelect_ModelCopier.cxx:313 (occt_1157_stress_before2:arm64+0x1013855b0)
    #8 IFSelect_WorkSession::SendAll(char const*, bool) IFSelect_WorkSession.cxx:2618 (occt_1157_stress_before2:arm64+0x1013bf714)
    #9 STEPControl_Writer::Write(char const*) STEPControl_Writer.cxx:173 (occt_1157_stress_before2:arm64+0x10054e558)
    #10 runStepWriteIndependent(int, int) occt_1157_stress.cpp:97 (occt_1157_stress_before2:arm64+0x100000fa8)
    #11 void* std::__1::__thread_proxy[abi:nqe210106]<std::__1::tuple<std::__1::unique_ptr<std::__1::__thread_struct, std::__1::default_delete<std::__1::__thread_struct>>, void (*)(int, int), int, int>>(void*) thread.h:168 (occt_1157_stress_before2:arm64+0x1000064c4)

  Location is global 'std::__1::cout' at 0x0001fab5d930 (libc++.1.dylib+0x6cb3a950)

  Mutex M0 (0x00010213d358) created at:
    #0 pthread_mutex_lock <null> (libclang_rt.tsan_osx_dynamic.dylib:arm64e+0x356bc)
    #1 std::__1::mutex::lock() <null> (libc++.1.dylib:arm64e+0x300c)
    #2 STEPControl_Writer::SetWS(opencascade::handle<XSControl_WorkSession> const&, bool) STEPControl_Writer.cxx:56 (occt_1157_stress_before2:arm64+0x10054d3bc)
    #3 STEPControl_Writer::STEPControl_Writer() STEPControl_Writer.cxx:39 (occt_1157_stress_before2:arm64+0x10054d244)
    #4 STEPControl_Writer::STEPControl_Writer() STEPControl_Writer.cxx:37 (occt_1157_stress_before2:arm64+0x10054d480)
    #5 runStepWriteIndependent(int, int) occt_1157_stress.cpp:85 (occt_1157_stress_before2:arm64+0x100000ad8)
    #6 runOne(char const*, int, int) occt_1157_stress.cpp:349 (occt_1157_stress_before2:arm64+0x10000384c)
    #7 main occt_1157_stress.cpp:396 (occt_1157_stress_before2:arm64+0x100002e08)

  Thread T2 (tid=367298, running) created by main thread at:
    #0 pthread_create <null> (libclang_rt.tsan_osx_dynamic.dylib:arm64e+0x33834)
    #1 std::__1::thread::thread[abi:nqe210106]<void (*&)(int, int), int&, int&, 0>(void (*&)(int, int), int&, int&) thread.h:216 (occt_1157_stress_before2:arm64+0x10000638c)
    #2 std::__1::thread* std::__1::vector<std::__1::thread, std::__1::allocator<std::__1::thread>>::__emplace_back_slow_path<void (*&)(int, int), int&, int&>(void (*&)(int, int), int&, int&) vector.h:1130 (occt_1157_stress_before2:arm64+0x100006148)
    #3 runOne(char const*, int, int) occt_1157_stress.cpp:359 (occt_1157_stress_before2:arm64+0x100003a08)
    #4 main occt_1157_stress.cpp:396 (occt_1157_stress_before2:arm64+0x100002e08)

  Thread T3 (tid=367299, running) created by main thread at:
    #0 pthread_create <null> (libclang_rt.tsan_osx_dynamic.dylib:arm64e+0x33834)
    #1 std::__1::thread::thread[abi:nqe210106]<void (*&)(int, int), int&, int&, 0>(void (*&)(int, int), int&, int&) thread.h:216 (occt_1157_stress_before2:arm64+0x10000638c)
    #2 std::__1::thread* std::__1::vector<std::__1::thread, std::__1::allocator<std::__1::thread>>::__emplace_back_slow_path<void (*&)(int, int), int&, int&>(void (*&)(int, int), int&, int&) vector.h:1130 (occt_1157_stress_before2:arm64+0x100006148)
    #3 runOne(char const*, int, int) occt_1157_stress.cpp:359 (occt_1157_stress_before2:arm64+0x100003a08)
    #4 main occt_1157_stress.cpp:396 (occt_1157_stress_before2:arm64+0x100002e08)

SUMMARY: ThreadSanitizer: data race pad_and_output.h:80 in std::__1::ostreambuf_iterator<char, std::__1::char_traits<char>> std::__1::__pad_and_output[abi:nqe210106]<char, std::__1::char_traits<char>>(std::__1::ostreambuf_iterator<char, std::__1::char_traits<char>>, char const*, char const*, char const*, std::__1::ios_base&, char)
==================
WARNING: ThreadSanitizer: data race (pid=73656)
  Write of size 8 at 0x0001fab5d950 by thread T3:
    #0 std::__1::ostreambuf_iterator<char, std::__1::char_traits<char>> std::__1::__pad_and_output[abi:nqe210106]<char, std::__1::char_traits<char>>(std::__1::ostreambuf_iterator<char, std::__1::char_traits<char>>, char const*, char const*, char const*, std::__1::ios_base&, char) pad_and_output.h:80 (occt_1157_stress_before2:arm64+0x10001ff54)
    #1 std::__1::basic_ostream<char, std::__1::char_traits<char>>& std::__1::__put_character_sequence[abi:nqe210106]<char, std::__1::char_traits<char>>(std::__1::basic_ostream<char, std::__1::char_traits<char>>&, char const*, unsigned long) put_character_sequence.h:37 (occt_1157_stress_before2:arm64+0x10001fca8)
    #2 Message_PrinterOStream::send(TCollection_AsciiString const&, Message_Gravity) const Message_PrinterOStream.cxx:155 (occt_1157_stress_before2:arm64+0x1008ef56c)
    #3 Message_Printer::SendStringStream(std::__1::basic_stringstream<char, std::__1::char_traits<char>, std::__1::allocator<char>> const&, Message_Gravity) const Message_Printer.cxx:70 (occt_1157_stress_before2:arm64+0x1008eeb70)
    #4 Message_Messenger::Send(std::__1::basic_stringstream<char, std::__1::char_traits<char>, std::__1::allocator<char>> const&, Message_Gravity) const Message_Messenger.cxx:128 (occt_1157_stress_before2:arm64+0x1008ea8a4)
    #5 Message_Messenger::StreamBuffer::Flush(bool) Message_Messenger.hxx:75 (occt_1157_stress_before2:arm64+0x1000eb57c)
    #6 Message_Messenger::StreamBuffer::~StreamBuffer() Message_Messenger.hxx:65 (occt_1157_stress_before2:arm64+0x1000eb3c0)
    #7 StepSelect_WorkLibrary::WriteFile(IFSelect_ContextWrite&) const StepSelect_WorkLibrary.cxx:150 (occt_1157_stress_before2:arm64+0x100828148)
    #8 IFSelect_ModelCopier::SendAll(char const*, Interface_Graph const&, opencascade::handle<IFSelect_WorkLibrary> const&, opencascade::handle<Interface_Protocol> const&) IFSelect_ModelCopier.cxx:343 (occt_1157_stress_before2:arm64+0x101385720)
    #9 IFSelect_WorkSession::SendAll(char const*, bool) IFSelect_WorkSession.cxx:2618 (occt_1157_stress_before2:arm64+0x1013bf714)
    #10 STEPControl_Writer::Write(char const*) STEPControl_Writer.cxx:173 (occt_1157_stress_before2:arm64+0x10054e558)
    #11 runStepWriteIndependent(int, int) occt_1157_stress.cpp:97 (occt_1157_stress_before2:arm64+0x100000fa8)
    #12 void* std::__1::__thread_proxy[abi:nqe210106]<std::__1::tuple<std::__1::unique_ptr<std::__1::__thread_struct, std::__1::default_delete<std::__1::__thread_struct>>, void (*)(int, int), int, int>>(void*) thread.h:168 (occt_1157_stress_before2:arm64+0x1000064c4)

  Previous write of size 8 at 0x0001fab5d950 by thread T7:
    #0 std::__1::ostreambuf_iterator<char, std::__1::char_traits<char>> std::__1::__pad_and_output[abi:nqe210106]<char, std::__1::char_traits<char>>(std::__1::ostreambuf_iterator<char, std::__1::char_traits<char>>, char const*, char const*, char const*, std::__1::ios_base&, char) pad_and_output.h:80 (occt_1157_stress_before2:arm64+0x10001ff54)
    #1 std::__1::basic_ostream<char, std::__1::char_traits<char>>& std::__1::__put_character_sequence[abi:nqe210106]<char, std::__1::char_traits<char>>(std::__1::basic_ostream<char, std::__1::char_traits<char>>&, char const*, unsigned long) put_character_sequence.h:37 (occt_1157_stress_before2:arm64+0x10001fca8)
    #2 Message_PrinterOStream::send(TCollection_AsciiString const&, Message_Gravity) const Message_PrinterOStream.cxx:163 (occt_1157_stress_before2:arm64+0x1008ef5bc)
    #3 Message_Printer::SendStringStream(std::__1::basic_stringstream<char, std::__1::char_traits<char>, std::__1::allocator<char>> const&, Message_Gravity) const Message_Printer.cxx:70 (occt_1157_stress_before2:arm64+0x1008eeb70)
    #4 Message_Messenger::Send(std::__1::basic_stringstream<char, std::__1::char_traits<char>, std::__1::allocator<char>> const&, Message_Gravity) const Message_Messenger.cxx:128 (occt_1157_stress_before2:arm64+0x1008ea8a4)
    #5 Message_Messenger::StreamBuffer::Flush(bool) Message_Messenger.hxx:75 (occt_1157_stress_before2:arm64+0x1000eb57c)
    #6 Message_Messenger::StreamBuffer::~StreamBuffer() Message_Messenger.hxx:65 (occt_1157_stress_before2:arm64+0x1000eb3c0)
    #7 StepSelect_WorkLibrary::WriteFile(IFSelect_ContextWrite&) const StepSelect_WorkLibrary.cxx:150 (occt_1157_stress_before2:arm64+0x100828148)
    #8 IFSelect_ModelCopier::SendAll(char const*, Interface_Graph const&, opencascade::handle<IFSelect_WorkLibrary> const&, opencascade::handle<Interface_Protocol> const&) IFSelect_ModelCopier.cxx:343 (occt_1157_stress_before2:arm64+0x101385720)
    #9 IFSelect_WorkSession::SendAll(char const*, bool) IFSelect_WorkSession.cxx:2618 (occt_1157_stress_before2:arm64+0x1013bf714)
    #10 STEPControl_Writer::Write(char const*) STEPControl_Writer.cxx:173 (occt_1157_stress_before2:arm64+0x10054e558)
    #11 runStepWriteIndependent(int, int) occt_1157_stress.cpp:97 (occt_1157_stress_before2:arm64+0x100000fa8)
    #12 void* std::__1::__thread_proxy[abi:nqe210106]<std::__1::tuple<std::__1::unique_ptr<std::__1::__thread_struct, std::__1::default_delete<std::__1::__thread_struct>>, void (*)(int, int), int, int>>(void*) thread.h:168 (occt_1157_stress_before2:arm64+0x1000064c4)

  Location is global 'std::__1::cout' at 0x0001fab5d930 (libc++.1.dylib+0x6cb3a950)

  Thread T3 (tid=367299, running) created by main thread at:
    #0 pthread_create <null> (libclang_rt.tsan_osx_dynamic.dylib:arm64e+0x33834)
    #1 std::__1::thread::thread[abi:nqe210106]<void (*&)(int, int), int&, int&, 0>(void (*&)(int, int), int&, int&) thread.h:216 (occt_1157_stress_before2:arm64+0x10000638c)
    #2 std::__1::thread* std::__1::vector<std::__1::thread, std::__1::allocator<std::__1::thread>>::__emplace_back_slow_path<void (*&)(int, int), int&, int&>(void (*&)(int, int), int&, int&) vector.h:1130 (occt_1157_stress_before2:arm64+0x100006148)
    #3 runOne(char const*, int, int) occt_1157_stress.cpp:359 (occt_1157_stress_before2:arm64+0x100003a08)
    #4 main occt_1157_stress.cpp:396 (occt_1157_stress_before2:arm64+0x100002e08)

  Thread T7 (tid=367303, running) created by main thread at:
    #0 pthread_create <null> (libclang_rt.tsan_osx_dynamic.dylib:arm64e+0x33834)
    #1 std::__1::thread::thread[abi:nqe210106]<void (*&)(int, int), int&, int&, 0>(void (*&)(int, int), int&, int&) thread.h:216 (occt_1157_stress_before2:arm64+0x10000638c)
    #2 runOne(char const*, int, int) occt_1157_stress.cpp:359 (occt_1157_stress_before2:arm64+0x1000039e0)
    #3 main occt_1157_stress.cpp:396 (occt_1157_stress_before2:arm64+0x100002e08)

SUMMARY: ThreadSanitizer: data race pad_and_output.h:80 in std::__1::ostreambuf_iterator<char, std::__1::char_traits<char>> std::__1::__pad_and_output[abi:nqe210106]<char, std::__1::char_traits<char>>(std::__1::ostreambuf_iterator<char, std::__1::char_traits<char>>, char const*, char const*, char const*, std::__1::ios_base&, char)
==================
WARNING: ThreadSanitizer: data race (pid=73656)
  Write of size 8 at 0x0001fab5d950 by thread T3:
    #0 std::__1::ostreambuf_iterator<char, std::__1::char_traits<char>> std::__1::__pad_and_output[abi:nqe210106]<char, std::__1::char_traits<char>>(std::__1::ostreambuf_iterator<char, std::__1::char_traits<char>>, char const*, char const*, char const*, std::__1::ios_base&, char) pad_and_output.h:80 (occt_1157_stress_before2:arm64+0x10001ff54)
    #1 std::__1::basic_ostream<char, std::__1::char_traits<char>>& std::__1::__put_character_sequence[abi:nqe210106]<char, std::__1::char_traits<char>>(std::__1::basic_ostream<char, std::__1::char_traits<char>>&, char const*, unsigned long) put_character_sequence.h:37 (occt_1157_stress_before2:arm64+0x10001fca8)
    #2 operator<<(std::__1::basic_ostream<char, std::__1::char_traits<char>>&, TCollection_AsciiString const&) TCollection_AsciiString.cxx:1100 (occt_1157_stress_before2:arm64+0x1008d1c30)
    #3 Message_PrinterOStream::send(TCollection_AsciiString const&, Message_Gravity) const Message_PrinterOStream.cxx:156 (occt_1157_stress_before2:arm64+0x1008ef578)
    #4 Message_Printer::SendStringStream(std::__1::basic_stringstream<char, std::__1::char_traits<char>, std::__1::allocator<char>> const&, Message_Gravity) const Message_Printer.cxx:70 (occt_1157_stress_before2:arm64+0x1008eeb70)
    #5 Message_Messenger::Send(std::__1::basic_stringstream<char, std::__1::char_traits<char>, std::__1::allocator<char>> const&, Message_Gravity) const Message_Messenger.cxx:128 (occt_1157_stress_before2:arm64+0x1008ea8a4)
    #6 Message_Messenger::StreamBuffer::Flush(bool) Message_Messenger.hxx:75 (occt_1157_stress_before2:arm64+0x1000eb57c)
    #7 Message_Messenger::StreamBuffer::~StreamBuffer() Message_Messenger.hxx:65 (occt_1157_stress_before2:arm64+0x1000eb3c0)
    #8 StepSelect_WorkLibrary::WriteFile(IFSelect_ContextWrite&) const StepSelect_WorkLibrary.cxx:150 (occt_1157_stress_before2:arm64+0x100828148)
    #9 IFSelect_ModelCopier::SendAll(char const*, Interface_Graph const&, opencascade::handle<IFSelect_WorkLibrary> const&, opencascade::handle<Interface_Protocol> const&) IFSelect_ModelCopier.cxx:343 (occt_1157_stress_before2:arm64+0x101385720)
    #10 IFSelect_WorkSession::SendAll(char const*, bool) IFSelect_WorkSession.cxx:2618 (occt_1157_stress_before2:arm64+0x1013bf714)
    #11 STEPControl_Writer::Write(char const*) STEPControl_Writer.cxx:173 (occt_1157_stress_before2:arm64+0x10054e558)
    #12 runStepWriteIndependent(int, int) occt_1157_stress.cpp:97 (occt_1157_stress_before2:arm64+0x100000fa8)
    #13 void* std::__1::__thread_proxy[abi:nqe210106]<std::__1::tuple<std::__1::unique_ptr<std::__1::__thread_struct, std::__1::default_delete<std::__1::__thread_struct>>, void (*)(int, int), int, int>>(void*) thread.h:168 (occt_1157_stress_before2:arm64+0x1000064c4)

  Previous write of size 8 at 0x0001fab5d950 by thread T1 (mutexes: write M0):
    #0 std::__1::ostreambuf_iterator<char, std::__1::char_traits<char>> std::__1::__pad_and_output[abi:nqe210106]<char, std::__1::char_traits<char>>(std::__1::ostreambuf_iterator<char, std::__1::char_traits<char>>, char const*, char const*, char const*, std::__1::ios_base&, char) pad_and_output.h:80 (occt_1157_stress_before2:arm64+0x10001ff54)
    #1 std::__1::basic_ostream<char, std::__1::char_traits<char>>& std::__1::__put_character_sequence[abi:nqe210106]<char, std::__1::char_traits<char>>(std::__1::basic_ostream<char, std::__1::char_traits<char>>&, char const*, unsigned long) put_character_sequence.h:37 (occt_1157_stress_before2:arm64+0x10001fca8)
    #2 Message_PrinterOStream::send(TCollection_AsciiString const&, Message_Gravity) const Message_PrinterOStream.cxx:163 (occt_1157_stress_before2:arm64+0x1008ef5bc)
    #3 Message_Printer::SendStringStream(std::__1::basic_stringstream<char, std::__1::char_traits<char>, std::__1::allocator<char>> const&, Message_Gravity) const Message_Printer.cxx:70 (occt_1157_stress_before2:arm64+0x1008eeb70)
    #4 Message_Messenger::Send(std::__1::basic_stringstream<char, std::__1::char_traits<char>, std::__1::allocator<char>> const&, Message_Gravity) const Message_Messenger.cxx:128 (occt_1157_stress_before2:arm64+0x1008ea8a4)
    #5 Message_Messenger::StreamBuffer::Flush(bool) Message_Messenger.hxx:75 (occt_1157_stress_before2:arm64+0x1000eb57c)
    #6 Message_Messenger::StreamBuffer::~StreamBuffer() Message_Messenger.hxx:65 (occt_1157_stress_before2:arm64+0x1000eb3c0)
    #7 XSControl_TransferWriter::PrintStats(int, int) const XSControl_TransferWriter.cxx:62 (occt_1157_stress_before2:arm64+0x1013e9430)
    #8 XSControl_TransferWriter::TransferWriteShape(opencascade::handle<Interface_InterfaceModel> const&, TopoDS_Shape const&, Message_ProgressRange const&) XSControl_TransferWriter.cxx:176 (occt_1157_stress_before2:arm64+0x1013e9e20)
    #9 XSControl_WorkSession::TransferWriteShape(TopoDS_Shape const&, bool, Message_ProgressRange const&) XSControl_WorkSession.cxx:562 (occt_1157_stress_before2:arm64+0x1013f59f8)
    #10 STEPControl_Writer::Transfer(TopoDS_Shape const&, STEPControl_StepModelType, DESTEP_Parameters const&, bool, Message_ProgressRange const&) STEPControl_Writer.cxx:159 (occt_1157_stress_before2:arm64+0x10054e110)
    #11 STEPControl_Writer::Transfer(TopoDS_Shape const&, STEPControl_StepModelType, bool, Message_ProgressRange const&) STEPControl_Writer.cxx:111 (occt_1157_stress_before2:arm64+0x10054db74)
    #12 runStepWriteIndependent(int, int) occt_1157_stress.cpp:88 (occt_1157_stress_before2:arm64+0x100000b14)
    #13 void* std::__1::__thread_proxy[abi:nqe210106]<std::__1::tuple<std::__1::unique_ptr<std::__1::__thread_struct, std::__1::default_delete<std::__1::__thread_struct>>, void (*)(int, int), int, int>>(void*) thread.h:168 (occt_1157_stress_before2:arm64+0x1000064c4)

  Location is global 'std::__1::cout' at 0x0001fab5d930 (libc++.1.dylib+0x6cb3a950)

  Mutex M0 (0x00010213d358) created at:
    #0 pthread_mutex_lock <null> (libclang_rt.tsan_osx_dynamic.dylib:arm64e+0x356bc)
    #1 std::__1::mutex::lock() <null> (libc++.1.dylib:arm64e+0x300c)
    #2 STEPControl_Writer::SetWS(opencascade::handle<XSControl_WorkSession> const&, bool) STEPControl_Writer.cxx:56 (occt_1157_stress_before2:arm64+0x10054d3bc)
    #3 STEPControl_Writer::STEPControl_Writer() STEPControl_Writer.cxx:39 (occt_1157_stress_before2:arm64+0x10054d244)
    #4 STEPControl_Writer::STEPControl_Writer() STEPControl_Writer.cxx:37 (occt_1157_stress_before2:arm64+0x10054d480)
    #5 runStepWriteIndependent(int, int) occt_1157_stress.cpp:85 (occt_1157_stress_before2:arm64+0x100000ad8)
    #6 runOne(char const*, int, int) occt_1157_stress.cpp:349 (occt_1157_stress_before2:arm64+0x10000384c)
    #7 main occt_1157_stress.cpp:396 (occt_1157_stress_before2:arm64+0x100002e08)

  Thread T3 (tid=367299, running) created by main thread at:
    #0 pthread_create <null> (libclang_rt.tsan_osx_dynamic.dylib:arm64e+0x33834)
    #1 std::__1::thread::thread[abi:nqe210106]<void (*&)(int, int), int&, int&, 0>(void (*&)(int, int), int&, int&) thread.h:216 (occt_1157_stress_before2:arm64+0x10000638c)
    #2 std::__1::thread* std::__1::vector<std::__1::thread, std::__1::allocator<std::__1::thread>>::__emplace_back_slow_path<void (*&)(int, int), int&, int&>(void (*&)(int, int), int&, int&) vector.h:1130 (occt_1157_stress_before2:arm64+0x100006148)
    #3 runOne(char const*, int, int) occt_1157_stress.cpp:359 (occt_1157_stress_before2:arm64+0x100003a08)
    #4 main occt_1157_stress.cpp:396 (occt_1157_stress_before2:arm64+0x100002e08)

  Thread T1 (tid=367297, running) created by main thread at:
    #0 pthread_create <null> (libclang_rt.tsan_osx_dynamic.dylib:arm64e+0x33834)
    #1 std::__1::thread::thread[abi:nqe210106]<void (*&)(int, int), int&, int&, 0>(void (*&)(int, int), int&, int&) thread.h:216 (occt_1157_stress_before2:arm64+0x10000638c)
    #2 std::__1::thread* std::__1::vector<std::__1::thread, std::__1::allocator<std::__1::thread>>::__emplace_back_slow_path<void (*&)(int, int), int&, int&>(void (*&)(int, int), int&, int&) vector.h:1130 (occt_1157_stress_before2:arm64+0x100006148)
    #3 runOne(char const*, int, int) occt_1157_stress.cpp:359 (occt_1157_stress_before2:arm64+0x100003a08)
    #4 main occt_1157_stress.cpp:396 (occt_1157_stress_before2:arm64+0x100002e08)

SUMMARY: ThreadSanitizer: data race pad_and_output.h:80 in std::__1::ostreambuf_iterator<char, std::__1::char_traits<char>> std::__1::__pad_and_output[abi:nqe210106]<char, std::__1::char_traits<char>>(std::__1::ostreambuf_iterator<char, std::__1::char_traits<char>>, char const*, char const*, char const*, std::__1::ios_base&, char)
==================
WARNING: ThreadSanitizer: data race (pid=73656)
  Write of size 8 at 0x0001fab5d950 by thread T3:
    #0 std::__1::ostreambuf_iterator<char, std::__1::char_traits<char>> std::__1::__pad_and_output[abi:nqe210106]<char, std::__1::char_traits<char>>(std::__1::ostreambuf_iterator<char, std::__1::char_traits<char>>, char const*, char const*, char const*, std::__1::ios_base&, char) pad_and_output.h:80 (occt_1157_stress_before2:arm64+0x10001ff54)
    #1 std::__1::basic_ostream<char, std::__1::char_traits<char>>& std::__1::__put_character_sequence[abi:nqe210106]<char, std::__1::char_traits<char>>(std::__1::basic_ostream<char, std::__1::char_traits<char>>&, char const*, unsigned long) put_character_sequence.h:37 (occt_1157_stress_before2:arm64+0x10001fca8)
    #2 Message_PrinterOStream::send(TCollection_AsciiString const&, Message_Gravity) const Message_PrinterOStream.cxx:157 (occt_1157_stress_before2:arm64+0x1008ef58c)
    #3 Message_Printer::SendStringStream(std::__1::basic_stringstream<char, std::__1::char_traits<char>, std::__1::allocator<char>> const&, Message_Gravity) const Message_Printer.cxx:70 (occt_1157_stress_before2:arm64+0x1008eeb70)
    #4 Message_Messenger::Send(std::__1::basic_stringstream<char, std::__1::char_traits<char>, std::__1::allocator<char>> const&, Message_Gravity) const Message_Messenger.cxx:128 (occt_1157_stress_before2:arm64+0x1008ea8a4)
    #5 Message_Messenger::StreamBuffer::Flush(bool) Message_Messenger.hxx:75 (occt_1157_stress_before2:arm64+0x1000eb57c)
    #6 Message_Messenger::StreamBuffer::~StreamBuffer() Message_Messenger.hxx:65 (occt_1157_stress_before2:arm64+0x1000eb3c0)
    #7 StepSelect_WorkLibrary::WriteFile(IFSelect_ContextWrite&) const StepSelect_WorkLibrary.cxx:150 (occt_1157_stress_before2:arm64+0x100828148)
    #8 IFSelect_ModelCopier::SendAll(char const*, Interface_Graph const&, opencascade::handle<IFSelect_WorkLibrary> const&, opencascade::handle<Interface_Protocol> const&) IFSelect_ModelCopier.cxx:343 (occt_1157_stress_before2:arm64+0x101385720)
    #9 IFSelect_WorkSession::SendAll(char const*, bool) IFSelect_WorkSession.cxx:2618 (occt_1157_stress_before2:arm64+0x1013bf714)
    #10 STEPControl_Writer::Write(char const*) STEPControl_Writer.cxx:173 (occt_1157_stress_before2:arm64+0x10054e558)
    #11 runStepWriteIndependent(int, int) occt_1157_stress.cpp:97 (occt_1157_stress_before2:arm64+0x100000fa8)
    #12 void* std::__1::__thread_proxy[abi:nqe210106]<std::__1::tuple<std::__1::unique_ptr<std::__1::__thread_struct, std::__1::default_delete<std::__1::__thread_struct>>, void (*)(int, int), int, int>>(void*) thread.h:168 (occt_1157_stress_before2:arm64+0x1000064c4)

  Previous write of size 8 at 0x0001fab5d950 by thread T1:
    #0 std::__1::ostreambuf_iterator<char, std::__1::char_traits<char>> std::__1::__pad_and_output[abi:nqe210106]<char, std::__1::char_traits<char>>(std::__1::ostreambuf_iterator<char, std::__1::char_traits<char>>, char const*, char const*, char const*, std::__1::ios_base&, char) pad_and_output.h:80 (occt_1157_stress_before2:arm64+0x10001ff54)
    #1 std::__1::basic_ostream<char, std::__1::char_traits<char>>& std::__1::__put_character_sequence[abi:nqe210106]<char, std::__1::char_traits<char>>(std::__1::basic_ostream<char, std::__1::char_traits<char>>&, char const*, unsigned long) put_character_sequence.h:37 (occt_1157_stress_before2:arm64+0x10001fca8)
    #2 Message_PrinterOStream::send(TCollection_AsciiString const&, Message_Gravity) const Message_PrinterOStream.cxx:163 (occt_1157_stress_before2:arm64+0x1008ef5bc)
    #3 Message_Printer::SendStringStream(std::__1::basic_stringstream<char, std::__1::char_traits<char>, std::__1::allocator<char>> const&, Message_Gravity) const Message_Printer.cxx:70 (occt_1157_stress_before2:arm64+0x1008eeb70)
    #4 Message_Messenger::Send(std::__1::basic_stringstream<char, std::__1::char_traits<char>, std::__1::allocator<char>> const&, Message_Gravity) const Message_Messenger.cxx:128 (occt_1157_stress_before2:arm64+0x1008ea8a4)
    #5 Message_Messenger::StreamBuffer::Flush(bool) Message_Messenger.hxx:75 (occt_1157_stress_before2:arm64+0x1000eb57c)
    #6 Message_Messenger::StreamBuffer::~StreamBuffer() Message_Messenger.hxx:65 (occt_1157_stress_before2:arm64+0x1000eb3c0)
    #7 IFSelect_ModelCopier::SendAll(char const*, Interface_Graph const&, opencascade::handle<IFSelect_WorkLibrary> const&, opencascade::handle<Interface_Protocol> const&) IFSelect_ModelCopier.cxx:313 (occt_1157_stress_before2:arm64+0x1013855b0)
    #8 IFSelect_WorkSession::SendAll(char const*, bool) IFSelect_WorkSession.cxx:2618 (occt_1157_stress_before2:arm64+0x1013bf714)
    #9 STEPControl_Writer::Write(char const*) STEPControl_Writer.cxx:173 (occt_1157_stress_before2:arm64+0x10054e558)
    #10 runStepWriteIndependent(int, int) occt_1157_stress.cpp:97 (occt_1157_stress_before2:arm64+0x100000fa8)
    #11 void* std::__1::__thread_proxy[abi:nqe210106]<std::__1::tuple<std::__1::unique_ptr<std::__1::__thread_struct, std::__1::default_delete<std::__1::__thread_struct>>, void (*)(int, int), int, int>>(void*) thread.h:168 (occt_1157_stress_before2:arm64+0x1000064c4)

  Location is global 'std::__1::cout' at 0x0001fab5d930 (libc++.1.dylib+0x6cb3a950)

  Thread T3 (tid=367299, running) created by main thread at:
    #0 pthread_create <null> (libclang_rt.tsan_osx_dynamic.dylib:arm64e+0x33834)
    #1 std::__1::thread::thread[abi:nqe210106]<void (*&)(int, int), int&, int&, 0>(void (*&)(int, int), int&, int&) thread.h:216 (occt_1157_stress_before2:arm64+0x10000638c)
    #2 std::__1::thread* std::__1::vector<std::__1::thread, std::__1::allocator<std::__1::thread>>::__emplace_back_slow_path<void (*&)(int, int), int&, int&>(void (*&)(int, int), int&, int&) vector.h:1130 (occt_1157_stress_before2:arm64+0x100006148)
    #3 runOne(char const*, int, int) occt_1157_stress.cpp:359 (occt_1157_stress_before2:arm64+0x100003a08)
    #4 main occt_1157_stress.cpp:396 (occt_1157_stress_before2:arm64+0x100002e08)

  Thread T1 (tid=367297, running) created by main thread at:
    #0 pthread_create <null> (libclang_rt.tsan_osx_dynamic.dylib:arm64e+0x33834)
    #1 std::__1::thread::thread[abi:nqe210106]<void (*&)(int, int), int&, int&, 0>(void (*&)(int, int), int&, int&) thread.h:216 (occt_1157_stress_before2:arm64+0x10000638c)
    #2 std::__1::thread* std::__1::vector<std::__1::thread, std::__1::allocator<std::__1::thread>>::__emplace_back_slow_path<void (*&)(int, int), int&, int&>(void (*&)(int, int), int&, int&) vector.h:1130 (occt_1157_stress_before2:arm64+0x100006148)
    #3 runOne(char const*, int, int) occt_1157_stress.cpp:359 (occt_1157_stress_before2:arm64+0x100003a08)
    #4 main occt_1157_stress.cpp:396 (occt_1157_stress_before2:arm64+0x100002e08)

SUMMARY: ThreadSanitizer: data race pad_and_output.h:80 in std::__1::ostreambuf_iterator<char, std::__1::char_traits<char>> std::__1::__pad_and_output[abi:nqe210106]<char, std::__1::char_traits<char>>(std::__1::ostreambuf_iterator<char, std::__1::char_traits<char>>, char const*, char const*, char const*, std::__1::ios_base&, char)
==================
WARNING: ThreadSanitizer: data race (pid=73656)
  Write of size 8 at 0x0001fab5d950 by thread T3:
    #0 std::__1::ostreambuf_iterator<char, std::__1::char_traits<char>> std::__1::__pad_and_output[abi:nqe210106]<char, std::__1::char_traits<char>>(std::__1::ostreambuf_iterator<char, std::__1::char_traits<char>>, char const*, char const*, char const*, std::__1::ios_base&, char) pad_and_output.h:80 (occt_1157_stress_before2:arm64+0x10001ff54)
    #1 std::__1::basic_ostream<char, std::__1::char_traits<char>>& std::__1::__put_character_sequence[abi:nqe210106]<char, std::__1::char_traits<char>>(std::__1::basic_ostream<char, std::__1::char_traits<char>>&, char const*, unsigned long) put_character_sequence.h:37 (occt_1157_stress_before2:arm64+0x10001fca8)
    #2 Message_PrinterOStream::send(TCollection_AsciiString const&, Message_Gravity) const Message_PrinterOStream.cxx:163 (occt_1157_stress_before2:arm64+0x1008ef5bc)
    #3 Message_Printer::SendStringStream(std::__1::basic_stringstream<char, std::__1::char_traits<char>, std::__1::allocator<char>> const&, Message_Gravity) const Message_Printer.cxx:70 (occt_1157_stress_before2:arm64+0x1008eeb70)
    #4 Message_Messenger::Send(std::__1::basic_stringstream<char, std::__1::char_traits<char>, std::__1::allocator<char>> const&, Message_Gravity) const Message_Messenger.cxx:128 (occt_1157_stress_before2:arm64+0x1008ea8a4)
    #5 Message_Messenger::StreamBuffer::Flush(bool) Message_Messenger.hxx:75 (occt_1157_stress_before2:arm64+0x1000eb57c)
    #6 Message_Messenger::StreamBuffer::~StreamBuffer() Message_Messenger.hxx:65 (occt_1157_stress_before2:arm64+0x1000eb3c0)
    #7 StepSelect_WorkLibrary::WriteFile(IFSelect_ContextWrite&) const StepSelect_WorkLibrary.cxx:150 (occt_1157_stress_before2:arm64+0x100828148)
    #8 IFSelect_ModelCopier::SendAll(char const*, Interface_Graph const&, opencascade::handle<IFSelect_WorkLibrary> const&, opencascade::handle<Interface_Protocol> const&) IFSelect_ModelCopier.cxx:343 (occt_1157_stress_before2:arm64+0x101385720)
    #9 IFSelect_WorkSession::SendAll(char const*, bool) IFSelect_WorkSession.cxx:2618 (occt_1157_stress_before2:arm64+0x1013bf714)
    #10 STEPControl_Writer::Write(char const*) STEPControl_Writer.cxx:173 (occt_1157_stress_before2:arm64+0x10054e558)
    #11 runStepWriteIndependent(int, int) occt_1157_stress.cpp:97 (occt_1157_stress_before2:arm64+0x100000fa8)
    #12 void* std::__1::__thread_proxy[abi:nqe210106]<std::__1::tuple<std::__1::unique_ptr<std::__1::__thread_struct, std::__1::default_delete<std::__1::__thread_struct>>, void (*)(int, int), int, int>>(void*) thread.h:168 (occt_1157_stress_before2:arm64+0x1000064c4)

  Previous write of size 8 at 0x0001fab5d950 by thread T1 (mutexes: write M0):
    #0 std::__1::ostreambuf_iterator<char, std::__1::char_traits<char>> std::__1::__pad_and_output[abi:nqe210106]<char, std::__1::char_traits<char>>(std::__1::ostreambuf_iterator<char, std::__1::char_traits<char>>, char const*, char const*, char const*, std::__1::ios_base&, char) pad_and_output.h:80 (occt_1157_stress_before2:arm64+0x10001ff54)
    #1 std::__1::basic_ostream<char, std::__1::char_traits<char>>& std::__1::__put_character_sequence[abi:nqe210106]<char, std::__1::char_traits<char>>(std::__1::basic_ostream<char, std::__1::char_traits<char>>&, char const*, unsigned long) put_character_sequence.h:37 (occt_1157_stress_before2:arm64+0x10001fca8)
    #2 Message_PrinterOStream::send(TCollection_AsciiString const&, Message_Gravity) const Message_PrinterOStream.cxx:163 (occt_1157_stress_before2:arm64+0x1008ef5bc)
    #3 Message_Printer::SendStringStream(std::__1::basic_stringstream<char, std::__1::char_traits<char>, std::__1::allocator<char>> const&, Message_Gravity) const Message_Printer.cxx:70 (occt_1157_stress_before2:arm64+0x1008eeb70)
    #4 Message_Messenger::Send(std::__1::basic_stringstream<char, std::__1::char_traits<char>, std::__1::allocator<char>> const&, Message_Gravity) const Message_Messenger.cxx:128 (occt_1157_stress_before2:arm64+0x1008ea8a4)
    #5 Message_Messenger::StreamBuffer::Flush(bool) Message_Messenger.hxx:75 (occt_1157_stress_before2:arm64+0x1000eb57c)
    #6 Message_Messenger::StreamBuffer::~StreamBuffer() Message_Messenger.hxx:65 (occt_1157_stress_before2:arm64+0x1000eb3c0)
    #7 XSControl_TransferWriter::PrintStats(int, int) const XSControl_TransferWriter.cxx:62 (occt_1157_stress_before2:arm64+0x1013e9430)
    #8 XSControl_TransferWriter::TransferWriteShape(opencascade::handle<Interface_InterfaceModel> const&, TopoDS_Shape const&, Message_ProgressRange const&) XSControl_TransferWriter.cxx:176 (occt_1157_stress_before2:arm64+0x1013e9e20)
    #9 XSControl_WorkSession::TransferWriteShape(TopoDS_Shape const&, bool, Message_ProgressRange const&) XSControl_WorkSession.cxx:562 (occt_1157_stress_before2:arm64+0x1013f59f8)
    #10 STEPControl_Writer::Transfer(TopoDS_Shape const&, STEPControl_StepModelType, DESTEP_Parameters const&, bool, Message_ProgressRange const&) STEPControl_Writer.cxx:159 (occt_1157_stress_before2:arm64+0x10054e110)
    #11 STEPControl_Writer::Transfer(TopoDS_Shape const&, STEPControl_StepModelType, bool, Message_ProgressRange const&) STEPControl_Writer.cxx:111 (occt_1157_stress_before2:arm64+0x10054db74)
    #12 runStepWriteIndependent(int, int) occt_1157_stress.cpp:88 (occt_1157_stress_before2:arm64+0x100000b14)
    #13 void* std::__1::__thread_proxy[abi:nqe210106]<std::__1::tuple<std::__1::unique_ptr<std::__1::__thread_struct, std::__1::default_delete<std::__1::__thread_struct>>, void (*)(int, int), int, int>>(void*) thread.h:168 (occt_1157_stress_before2:arm64+0x1000064c4)

  Location is global 'std::__1::cout' at 0x0001fab5d930 (libc++.1.dylib+0x6cb3a950)

  Mutex M0 (0x00010213d358) created at:
    #0 pthread_mutex_lock <null> (libclang_rt.tsan_osx_dynamic.dylib:arm64e+0x356bc)
    #1 std::__1::mutex::lock() <null> (libc++.1.dylib:arm64e+0x300c)
    #2 STEPControl_Writer::SetWS(opencascade::handle<XSControl_WorkSession> const&, bool) STEPControl_Writer.cxx:56 (occt_1157_stress_before2:arm64+0x10054d3bc)
    #3 STEPControl_Writer::STEPControl_Writer() STEPControl_Writer.cxx:39 (occt_1157_stress_before2:arm64+0x10054d244)
    #4 STEPControl_Writer::STEPControl_Writer() STEPControl_Writer.cxx:37 (occt_1157_stress_before2:arm64+0x10054d480)
    #5 runStepWriteIndependent(int, int) occt_1157_stress.cpp:85 (occt_1157_stress_before2:arm64+0x100000ad8)
    #6 runOne(char const*, int, int) occt_1157_stress.cpp:349 (occt_1157_stress_before2:arm64+0x10000384c)
    #7 main occt_1157_stress.cpp:396 (occt_1157_stress_before2:arm64+0x100002e08)

  Thread T3 (tid=367299, running) created by main thread at:
    #0 pthread_create <null> (libclang_rt.tsan_osx_dynamic.dylib:arm64e+0x33834)
    #1 std::__1::thread::thread[abi:nqe210106]<void (*&)(int, int), int&, int&, 0>(void (*&)(int, int), int&, int&) thread.h:216 (occt_1157_stress_before2:arm64+0x10000638c)
    #2 std::__1::thread* std::__1::vector<std::__1::thread, std::__1::allocator<std::__1::thread>>::__emplace_back_slow_path<void (*&)(int, int), int&, int&>(void (*&)(int, int), int&, int&) vector.h:1130 (occt_1157_stress_before2:arm64+0x100006148)
    #3 runOne(char const*, int, int) occt_1157_stress.cpp:359 (occt_1157_stress_before2:arm64+0x100003a08)
    #4 main occt_1157_stress.cpp:396 (occt_1157_stress_before2:arm64+0x100002e08)

  Thread T1 (tid=367297, running) created by main thread at:
    #0 pthread_create <null> (libclang_rt.tsan_osx_dynamic.dylib:arm64e+0x33834)
    #1 std::__1::thread::thread[abi:nqe210106]<void (*&)(int, int), int&, int&, 0>(void (*&)(int, int), int&, int&) thread.h:216 (occt_1157_stress_before2:arm64+0x10000638c)
    #2 std::__1::thread* std::__1::vector<std::__1::thread, std::__1::allocator<std::__1::thread>>::__emplace_back_slow_path<void (*&)(int, int), int&, int&>(void (*&)(int, int), int&, int&) vector.h:1130 (occt_1157_stress_before2:arm64+0x100006148)
    #3 runOne(char const*, int, int) occt_1157_stress.cpp:359 (occt_1157_stress_before2:arm64+0x100003a08)
    #4 main occt_1157_stress.cpp:396 (occt_1157_stress_before2:arm64+0x100002e08)

SUMMARY: ThreadSanitizer: data race pad_and_output.h:80 in std::__1::ostreambuf_iterator<char, std::__1::char_traits<char>> std::__1::__pad_and_output[abi:nqe210106]<char, std::__1::char_traits<char>>(std::__1::ostreambuf_iterator<char, std::__1::char_traits<char>>, char const*, char const*, char const*, std::__1::ios_base&, char)
==================
ThreadSanitizer: reported 28 warnings
