WARNING: ThreadSanitizer: data race (pid=71706)
  Read of size 1 at 0x000105cf77d8 by thread T7:
    #0 Interface_Static::Standards() Interface_StaticStandards.cxx:24 (occt_1157_stress_after:arm64+0x1013418fc)
    #1 XSControl_Controller::XSControl_Controller(char const*, char const*) XSControl_Controller.cxx:69 (occt_1157_stress_after:arm64+0x1013d5fa8)
    #2 IGESControl_Controller::IGESControl_Controller(bool) IGESControl_Controller.cxx:72 (occt_1157_stress_after:arm64+0x10037fe20)
    #3 IGESControl_Controller::Init() IGESControl_Controller.cxx:364 (occt_1157_stress_after:arm64+0x1003853b0)
    #4 IGESControl_Writer::IGESControl_Writer(char const*, int) IGESControl_Writer.cxx:73 (occt_1157_stress_after:arm64+0x100390398)
    #5 IGESControl_Writer::IGESControl_Writer(char const*, int) IGESControl_Writer.cxx:72 (occt_1157_stress_after:arm64+0x100390560)
    #6 runIgesWriteIndependent(int, int) occt_1157_stress.cpp:160 (occt_1157_stress_after:arm64+0x100001b64)
    #7 void* std::__1::__thread_proxy[abi:nqe210106]<std::__1::tuple<std::__1::unique_ptr<std::__1::__thread_struct, std::__1::default_delete<std::__1::__thread_struct>>, void (*)(int, int), int, int>>(void*) thread.h:168 (occt_1157_stress_after:arm64+0x100006494)

  Previous write of size 1 at 0x000105cf77d8 by thread T4:
    #0 Interface_Static::Standards() Interface_StaticStandards.cxx:29 (occt_1157_stress_after:arm64+0x10134190c)
    #1 XSControl_Controller::XSControl_Controller(char const*, char const*) XSControl_Controller.cxx:69 (occt_1157_stress_after:arm64+0x1013d5fa8)
    #2 IGESControl_Controller::IGESControl_Controller(bool) IGESControl_Controller.cxx:72 (occt_1157_stress_after:arm64+0x10037fe20)
    #3 IGESControl_Controller::Init() IGESControl_Controller.cxx:364 (occt_1157_stress_after:arm64+0x1003853b0)
    #4 IGESControl_Writer::IGESControl_Writer(char const*, int) IGESControl_Writer.cxx:73 (occt_1157_stress_after:arm64+0x100390398)
    #5 IGESControl_Writer::IGESControl_Writer(char const*, int) IGESControl_Writer.cxx:72 (occt_1157_stress_after:arm64+0x100390560)
    #6 runIgesWriteIndependent(int, int) occt_1157_stress.cpp:160 (occt_1157_stress_after:arm64+0x100001b64)
    #7 void* std::__1::__thread_proxy[abi:nqe210106]<std::__1::tuple<std::__1::unique_ptr<std::__1::__thread_struct, std::__1::default_delete<std::__1::__thread_struct>>, void (*)(int, int), int, int>>(void*) thread.h:168 (occt_1157_stress_after:arm64+0x100006494)

  Location is global 'THE_Interface_Static_deja' at 0x000105cf77d8 (occt_1157_stress_after+0x101cb37d8)

  Thread T7 (tid=361113, running) created by main thread at:
    #0 pthread_create <null> (libclang_rt.tsan_osx_dynamic.dylib:arm64e+0x33834)
    #1 std::__1::thread::thread[abi:nqe210106]<void (*&)(int, int), int&, int&, 0>(void (*&)(int, int), int&, int&) thread.h:216 (occt_1157_stress_after:arm64+0x10000635c)
    #2 runOne(char const*, int, int) occt_1157_stress.cpp:343 (occt_1157_stress_after:arm64+0x1000039b0)
    #3 main occt_1157_stress.cpp:380 (occt_1157_stress_after:arm64+0x100002e08)

  Thread T4 (tid=361109, running) created by main thread at:
    #0 pthread_create <null> (libclang_rt.tsan_osx_dynamic.dylib:arm64e+0x33834)
    #1 std::__1::thread::thread[abi:nqe210106]<void (*&)(int, int), int&, int&, 0>(void (*&)(int, int), int&, int&) thread.h:216 (occt_1157_stress_after:arm64+0x10000635c)
    #2 runOne(char const*, int, int) occt_1157_stress.cpp:343 (occt_1157_stress_after:arm64+0x1000039b0)
    #3 main occt_1157_stress.cpp:380 (occt_1157_stress_after:arm64+0x100002e08)

SUMMARY: ThreadSanitizer: data race Interface_StaticStandards.cxx:24 in Interface_Static::Standards()
==================
WARNING: ThreadSanitizer: data race (pid=71706)
  Write of size 1 at 0x000105cef321 by thread T4:
    #0 IGESControl_Controller::Init() IGESControl_Controller.cxx:369 (occt_1157_stress_after:arm64+0x100385494)
    #1 IGESControl_Writer::IGESControl_Writer(char const*, int) IGESControl_Writer.cxx:73 (occt_1157_stress_after:arm64+0x100390398)
    #2 IGESControl_Writer::IGESControl_Writer(char const*, int) IGESControl_Writer.cxx:72 (occt_1157_stress_after:arm64+0x100390560)
    #3 runIgesWriteIndependent(int, int) occt_1157_stress.cpp:160 (occt_1157_stress_after:arm64+0x100001b64)
    #4 void* std::__1::__thread_proxy[abi:nqe210106]<std::__1::tuple<std::__1::unique_ptr<std::__1::__thread_struct, std::__1::default_delete<std::__1::__thread_struct>>, void (*)(int, int), int, int>>(void*) thread.h:168 (occt_1157_stress_after:arm64+0x100006494)

  Previous read of size 1 at 0x000105cef321 by thread T7:
    #0 IGESControl_Controller::Init() IGESControl_Controller.cxx:362 (occt_1157_stress_after:arm64+0x100385394)
    #1 IGESControl_Writer::IGESControl_Writer(char const*, int) IGESControl_Writer.cxx:73 (occt_1157_stress_after:arm64+0x100390398)
    #2 IGESControl_Writer::IGESControl_Writer(char const*, int) IGESControl_Writer.cxx:72 (occt_1157_stress_after:arm64+0x100390560)
    #3 runIgesWriteIndependent(int, int) occt_1157_stress.cpp:160 (occt_1157_stress_after:arm64+0x100001b64)
    #4 void* std::__1::__thread_proxy[abi:nqe210106]<std::__1::tuple<std::__1::unique_ptr<std::__1::__thread_struct, std::__1::default_delete<std::__1::__thread_struct>>, void (*)(int, int), int, int>>(void*) thread.h:168 (occt_1157_stress_after:arm64+0x100006494)

  Location is global 'IGESControl_Controller::Init()::inic' at 0x000105cef321 (occt_1157_stress_after+0x101cab321)

  Thread T4 (tid=361109, running) created by main thread at:
    #0 pthread_create <null> (libclang_rt.tsan_osx_dynamic.dylib:arm64e+0x33834)
    #1 std::__1::thread::thread[abi:nqe210106]<void (*&)(int, int), int&, int&, 0>(void (*&)(int, int), int&, int&) thread.h:216 (occt_1157_stress_after:arm64+0x10000635c)
    #2 runOne(char const*, int, int) occt_1157_stress.cpp:343 (occt_1157_stress_after:arm64+0x1000039b0)
    #3 main occt_1157_stress.cpp:380 (occt_1157_stress_after:arm64+0x100002e08)

  Thread T7 (tid=361113, running) created by main thread at:
    #0 pthread_create <null> (libclang_rt.tsan_osx_dynamic.dylib:arm64e+0x33834)
    #1 std::__1::thread::thread[abi:nqe210106]<void (*&)(int, int), int&, int&, 0>(void (*&)(int, int), int&, int&) thread.h:216 (occt_1157_stress_after:arm64+0x10000635c)
    #2 runOne(char const*, int, int) occt_1157_stress.cpp:343 (occt_1157_stress_after:arm64+0x1000039b0)
    #3 main occt_1157_stress.cpp:380 (occt_1157_stress_after:arm64+0x100002e08)

SUMMARY: ThreadSanitizer: data race IGESControl_Controller.cxx:369 in IGESControl_Controller::Init()
==================
WARNING: ThreadSanitizer: data race (pid=71706)
  Read of size 1 at 0x000105cef2a8 by thread T6:
    #0 IGESToBRep::Init() IGESToBRep.cxx:73 (occt_1157_stress_after:arm64+0x1002f3794)
    #1 IGESControl_Controller::Init() IGESControl_Controller.cxx:367 (occt_1157_stress_after:arm64+0x100385400)
    #2 IGESControl_Writer::IGESControl_Writer(char const*, int) IGESControl_Writer.cxx:73 (occt_1157_stress_after:arm64+0x100390398)
    #3 IGESControl_Writer::IGESControl_Writer(char const*, int) IGESControl_Writer.cxx:72 (occt_1157_stress_after:arm64+0x100390560)
    #4 runIgesWriteIndependent(int, int) occt_1157_stress.cpp:160 (occt_1157_stress_after:arm64+0x100001b64)
    #5 void* std::__1::__thread_proxy[abi:nqe210106]<std::__1::tuple<std::__1::unique_ptr<std::__1::__thread_struct, std::__1::default_delete<std::__1::__thread_struct>>, void (*)(int, int), int, int>>(void*) thread.h:168 (occt_1157_stress_after:arm64+0x100006494)

  Previous write of size 1 at 0x000105cef2a8 by thread T4:
    #0 IGESToBRep::Init() IGESToBRep.cxx:77 (occt_1157_stress_after:arm64+0x1002f37a4)
    #1 IGESControl_Controller::Init() IGESControl_Controller.cxx:367 (occt_1157_stress_after:arm64+0x100385400)
    #2 IGESControl_Writer::IGESControl_Writer(char const*, int) IGESControl_Writer.cxx:73 (occt_1157_stress_after:arm64+0x100390398)
    #3 IGESControl_Writer::IGESControl_Writer(char const*, int) IGESControl_Writer.cxx:72 (occt_1157_stress_after:arm64+0x100390560)
    #4 runIgesWriteIndependent(int, int) occt_1157_stress.cpp:160 (occt_1157_stress_after:arm64+0x100001b64)
    #5 void* std::__1::__thread_proxy[abi:nqe210106]<std::__1::tuple<std::__1::unique_ptr<std::__1::__thread_struct, std::__1::default_delete<std::__1::__thread_struct>>, void (*)(int, int), int, int>>(void*) thread.h:168 (occt_1157_stress_after:arm64+0x100006494)

  Location is global 'IGESToBRep::Init()::init' at 0x000105cef2a8 (occt_1157_stress_after+0x101cab2a8)

  Thread T6 (tid=361111, running) created by main thread at:
    #0 pthread_create <null> (libclang_rt.tsan_osx_dynamic.dylib:arm64e+0x33834)
    #1 std::__1::thread::thread[abi:nqe210106]<void (*&)(int, int), int&, int&, 0>(void (*&)(int, int), int&, int&) thread.h:216 (occt_1157_stress_after:arm64+0x10000635c)
    #2 runOne(char const*, int, int) occt_1157_stress.cpp:343 (occt_1157_stress_after:arm64+0x1000039b0)
    #3 main occt_1157_stress.cpp:380 (occt_1157_stress_after:arm64+0x100002e08)

  Thread T4 (tid=361109, running) created by main thread at:
    #0 pthread_create <null> (libclang_rt.tsan_osx_dynamic.dylib:arm64e+0x33834)
    #1 std::__1::thread::thread[abi:nqe210106]<void (*&)(int, int), int&, int&, 0>(void (*&)(int, int), int&, int&) thread.h:216 (occt_1157_stress_after:arm64+0x10000635c)
    #2 runOne(char const*, int, int) occt_1157_stress.cpp:343 (occt_1157_stress_after:arm64+0x1000039b0)
    #3 main occt_1157_stress.cpp:380 (occt_1157_stress_after:arm64+0x100002e08)

SUMMARY: ThreadSanitizer: data race IGESToBRep.cxx:73 in IGESToBRep::Init()
==================
WARNING: ThreadSanitizer: data race (pid=71706)
  Atomic write of size 4 at 0x00010fb0ede8 by thread T2:
    #0 IGESToBRep::SetAlgoContainer(opencascade::handle<IGESToBRep_AlgoContainer> const&) IGESToBRep.cxx:86 (occt_1157_stress_after:arm64+0x1002f38d4)
    #1 IGESControl_Controller::Init() IGESControl_Controller.cxx:368 (occt_1157_stress_after:arm64+0x100385438)
    #2 IGESControl_Writer::IGESControl_Writer(char const*, int) IGESControl_Writer.cxx:73 (occt_1157_stress_after:arm64+0x100390398)
    #3 IGESControl_Writer::IGESControl_Writer(char const*, int) IGESControl_Writer.cxx:72 (occt_1157_stress_after:arm64+0x100390560)
    #4 runIgesWriteIndependent(int, int) occt_1157_stress.cpp:160 (occt_1157_stress_after:arm64+0x100001b64)
    #5 void* std::__1::__thread_proxy[abi:nqe210106]<std::__1::tuple<std::__1::unique_ptr<std::__1::__thread_struct, std::__1::default_delete<std::__1::__thread_struct>>, void (*)(int, int), int, int>>(void*) thread.h:168 (occt_1157_stress_after:arm64+0x100006494)

  Previous write of size 4 at 0x00010fb0ede8 by thread T7:
    #0 IGESToBRep_AlgoContainer::IGESToBRep_AlgoContainer() IGESToBRep_AlgoContainer.cxx:24 (occt_1157_stress_after:arm64+0x1002f82d8)
    #1 IGESControl_AlgoContainer::IGESControl_AlgoContainer() IGESControl_AlgoContainer.cxx:24 (occt_1157_stress_after:arm64+0x10037f8c4)
    #2 IGESControl_AlgoContainer::IGESControl_AlgoContainer() IGESControl_AlgoContainer.cxx:26 (occt_1157_stress_after:arm64+0x10037fb0c)
    #3 IGESControl_Controller::Init() IGESControl_Controller.cxx:368 (occt_1157_stress_after:arm64+0x100385410)
    #4 IGESControl_Writer::IGESControl_Writer(char const*, int) IGESControl_Writer.cxx:73 (occt_1157_stress_after:arm64+0x100390398)
    #5 IGESControl_Writer::IGESControl_Writer(char const*, int) IGESControl_Writer.cxx:72 (occt_1157_stress_after:arm64+0x100390560)
    #6 runIgesWriteIndependent(int, int) occt_1157_stress.cpp:160 (occt_1157_stress_after:arm64+0x100001b64)
    #7 void* std::__1::__thread_proxy[abi:nqe210106]<std::__1::tuple<std::__1::unique_ptr<std::__1::__thread_struct, std::__1::default_delete<std::__1::__thread_struct>>, void (*)(int, int), int, int>>(void*) thread.h:168 (occt_1157_stress_after:arm64+0x100006494)

  Location is heap block of size 24 at 0x00010fb0ede0 allocated by thread T7:
    #0 calloc <null> (libclang_rt.tsan_osx_dynamic.dylib:arm64e+0x67c40)
    #1 Standard::Allocate(unsigned long) Standard.cxx:386 (occt_1157_stress_after:arm64+0x1008c3310)
    #2 IGESControl_Controller::Init() IGESControl_Controller.cxx:368 (occt_1157_stress_after:arm64+0x100385408)
    #3 IGESControl_Writer::IGESControl_Writer(char const*, int) IGESControl_Writer.cxx:73 (occt_1157_stress_after:arm64+0x100390398)
    #4 IGESControl_Writer::IGESControl_Writer(char const*, int) IGESControl_Writer.cxx:72 (occt_1157_stress_after:arm64+0x100390560)
    #5 runIgesWriteIndependent(int, int) occt_1157_stress.cpp:160 (occt_1157_stress_after:arm64+0x100001b64)
    #6 void* std::__1::__thread_proxy[abi:nqe210106]<std::__1::tuple<std::__1::unique_ptr<std::__1::__thread_struct, std::__1::default_delete<std::__1::__thread_struct>>, void (*)(int, int), int, int>>(void*) thread.h:168 (occt_1157_stress_after:arm64+0x100006494)

  Thread T2 (tid=361107, running) created by main thread at:
    #0 pthread_create <null> (libclang_rt.tsan_osx_dynamic.dylib:arm64e+0x33834)
    #1 std::__1::thread::thread[abi:nqe210106]<void (*&)(int, int), int&, int&, 0>(void (*&)(int, int), int&, int&) thread.h:216 (occt_1157_stress_after:arm64+0x10000635c)
    #2 std::__1::thread* std::__1::vector<std::__1::thread, std::__1::allocator<std::__1::thread>>::__emplace_back_slow_path<void (*&)(int, int), int&, int&>(void (*&)(int, int), int&, int&) vector.h:1130 (occt_1157_stress_after:arm64+0x100006118)
    #3 runOne(char const*, int, int) occt_1157_stress.cpp:343 (occt_1157_stress_after:arm64+0x1000039d8)
    #4 main occt_1157_stress.cpp:380 (occt_1157_stress_after:arm64+0x100002e08)

  Thread T7 (tid=361113, running) created by main thread at:
    #0 pthread_create <null> (libclang_rt.tsan_osx_dynamic.dylib:arm64e+0x33834)
    #1 std::__1::thread::thread[abi:nqe210106]<void (*&)(int, int), int&, int&, 0>(void (*&)(int, int), int&, int&) thread.h:216 (occt_1157_stress_after:arm64+0x10000635c)
    #2 runOne(char const*, int, int) occt_1157_stress.cpp:343 (occt_1157_stress_after:arm64+0x1000039b0)
    #3 main occt_1157_stress.cpp:380 (occt_1157_stress_after:arm64+0x100002e08)

SUMMARY: ThreadSanitizer: data race IGESToBRep.cxx:86 in IGESToBRep::SetAlgoContainer(opencascade::handle<IGESToBRep_AlgoContainer> const&)
==================
WARNING: ThreadSanitizer: data race on vptr (ctor/dtor vs virtual call) (pid=71706)
  Read of size 8 at 0x00010fb0ede0 by thread T6:
    #0 IGESToBRep::SetAlgoContainer(opencascade::handle<IGESToBRep_AlgoContainer> const&) IGESToBRep.cxx:86 (occt_1157_stress_after:arm64+0x1002f38f8)
    #1 IGESControl_Controller::Init() IGESControl_Controller.cxx:368 (occt_1157_stress_after:arm64+0x100385438)
    #2 IGESControl_Writer::IGESControl_Writer(char const*, int) IGESControl_Writer.cxx:73 (occt_1157_stress_after:arm64+0x100390398)
    #3 IGESControl_Writer::IGESControl_Writer(char const*, int) IGESControl_Writer.cxx:72 (occt_1157_stress_after:arm64+0x100390560)
    #4 runIgesWriteIndependent(int, int) occt_1157_stress.cpp:160 (occt_1157_stress_after:arm64+0x100001b64)
    #5 void* std::__1::__thread_proxy[abi:nqe210106]<std::__1::tuple<std::__1::unique_ptr<std::__1::__thread_struct, std::__1::default_delete<std::__1::__thread_struct>>, void (*)(int, int), int, int>>(void*) thread.h:168 (occt_1157_stress_after:arm64+0x100006494)

  Previous write of size 8 at 0x00010fb0ede0 by thread T7:
    #0 IGESToBRep_AlgoContainer::IGESToBRep_AlgoContainer() IGESToBRep_AlgoContainer.cxx:25 (occt_1157_stress_after:arm64+0x1002f82f0)
    #1 IGESControl_AlgoContainer::IGESControl_AlgoContainer() IGESControl_AlgoContainer.cxx:24 (occt_1157_stress_after:arm64+0x10037f8c4)
    #2 IGESControl_AlgoContainer::IGESControl_AlgoContainer() IGESControl_AlgoContainer.cxx:26 (occt_1157_stress_after:arm64+0x10037fb0c)
    #3 IGESControl_Controller::Init() IGESControl_Controller.cxx:368 (occt_1157_stress_after:arm64+0x100385410)
    #4 IGESControl_Writer::IGESControl_Writer(char const*, int) IGESControl_Writer.cxx:73 (occt_1157_stress_after:arm64+0x100390398)
    #5 IGESControl_Writer::IGESControl_Writer(char const*, int) IGESControl_Writer.cxx:72 (occt_1157_stress_after:arm64+0x100390560)
    #6 runIgesWriteIndependent(int, int) occt_1157_stress.cpp:160 (occt_1157_stress_after:arm64+0x100001b64)
    #7 void* std::__1::__thread_proxy[abi:nqe210106]<std::__1::tuple<std::__1::unique_ptr<std::__1::__thread_struct, std::__1::default_delete<std::__1::__thread_struct>>, void (*)(int, int), int, int>>(void*) thread.h:168 (occt_1157_stress_after:arm64+0x100006494)

  Location is heap block of size 24 at 0x00010fb0ede0 allocated by thread T7:
    #0 calloc <null> (libclang_rt.tsan_osx_dynamic.dylib:arm64e+0x67c40)
    #1 Standard::Allocate(unsigned long) Standard.cxx:386 (occt_1157_stress_after:arm64+0x1008c3310)
    #2 IGESControl_Controller::Init() IGESControl_Controller.cxx:368 (occt_1157_stress_after:arm64+0x100385408)
    #3 IGESControl_Writer::IGESControl_Writer(char const*, int) IGESControl_Writer.cxx:73 (occt_1157_stress_after:arm64+0x100390398)
    #4 IGESControl_Writer::IGESControl_Writer(char const*, int) IGESControl_Writer.cxx:72 (occt_1157_stress_after:arm64+0x100390560)
    #5 runIgesWriteIndependent(int, int) occt_1157_stress.cpp:160 (occt_1157_stress_after:arm64+0x100001b64)
    #6 void* std::__1::__thread_proxy[abi:nqe210106]<std::__1::tuple<std::__1::unique_ptr<std::__1::__thread_struct, std::__1::default_delete<std::__1::__thread_struct>>, void (*)(int, int), int, int>>(void*) thread.h:168 (occt_1157_stress_after:arm64+0x100006494)

  Thread T6 (tid=361111, running) created by main thread at:
    #0 pthread_create <null> (libclang_rt.tsan_osx_dynamic.dylib:arm64e+0x33834)
    #1 std::__1::thread::thread[abi:nqe210106]<void (*&)(int, int), int&, int&, 0>(void (*&)(int, int), int&, int&) thread.h:216 (occt_1157_stress_after:arm64+0x10000635c)
    #2 runOne(char const*, int, int) occt_1157_stress.cpp:343 (occt_1157_stress_after:arm64+0x1000039b0)
    #3 main occt_1157_stress.cpp:380 (occt_1157_stress_after:arm64+0x100002e08)

  Thread T7 (tid=361113, running) created by main thread at:
    #0 pthread_create <null> (libclang_rt.tsan_osx_dynamic.dylib:arm64e+0x33834)
    #1 std::__1::thread::thread[abi:nqe210106]<void (*&)(int, int), int&, int&, 0>(void (*&)(int, int), int&, int&) thread.h:216 (occt_1157_stress_after:arm64+0x10000635c)
    #2 runOne(char const*, int, int) occt_1157_stress.cpp:343 (occt_1157_stress_after:arm64+0x1000039b0)
    #3 main occt_1157_stress.cpp:380 (occt_1157_stress_after:arm64+0x100002e08)

SUMMARY: ThreadSanitizer: data race on vptr (ctor/dtor vs virtual call) IGESToBRep.cxx:86 in IGESToBRep::SetAlgoContainer(opencascade::handle<IGESToBRep_AlgoContainer> const&)
==================
WARNING: ThreadSanitizer: data race (pid=71706)
  Read of size 8 at 0x000105cef2a0 by thread T1:
    #0 IGESToBRep::SetAlgoContainer(opencascade::handle<IGESToBRep_AlgoContainer> const&) IGESToBRep.cxx:86 (occt_1157_stress_after:arm64+0x1002f38b4)
    #1 IGESControl_Controller::Init() IGESControl_Controller.cxx:368 (occt_1157_stress_after:arm64+0x100385438)
    #2 IGESControl_Writer::IGESControl_Writer(char const*, int) IGESControl_Writer.cxx:73 (occt_1157_stress_after:arm64+0x100390398)
    #3 IGESControl_Writer::IGESControl_Writer(char const*, int) IGESControl_Writer.cxx:72 (occt_1157_stress_after:arm64+0x100390560)
    #4 runIgesWriteIndependent(int, int) occt_1157_stress.cpp:160 (occt_1157_stress_after:arm64+0x100001b64)
    #5 void* std::__1::__thread_proxy[abi:nqe210106]<std::__1::tuple<std::__1::unique_ptr<std::__1::__thread_struct, std::__1::default_delete<std::__1::__thread_struct>>, void (*)(int, int), int, int>>(void*) thread.h:168 (occt_1157_stress_after:arm64+0x100006494)

  Previous write of size 8 at 0x000105cef2a0 by thread T4:
    #0 IGESToBRep::SetAlgoContainer(opencascade::handle<IGESToBRep_AlgoContainer> const&) IGESToBRep.cxx:86 (occt_1157_stress_after:arm64+0x1002f3910)
    #1 IGESControl_Controller::Init() IGESControl_Controller.cxx:368 (occt_1157_stress_after:arm64+0x100385438)
    #2 IGESControl_Writer::IGESControl_Writer(char const*, int) IGESControl_Writer.cxx:73 (occt_1157_stress_after:arm64+0x100390398)
    #3 IGESControl_Writer::IGESControl_Writer(char const*, int) IGESControl_Writer.cxx:72 (occt_1157_stress_after:arm64+0x100390560)
    #4 runIgesWriteIndependent(int, int) occt_1157_stress.cpp:160 (occt_1157_stress_after:arm64+0x100001b64)
    #5 void* std::__1::__thread_proxy[abi:nqe210106]<std::__1::tuple<std::__1::unique_ptr<std::__1::__thread_struct, std::__1::default_delete<std::__1::__thread_struct>>, void (*)(int, int), int, int>>(void*) thread.h:168 (occt_1157_stress_after:arm64+0x100006494)

  Location is global 'theContainer' at 0x000105cef2a0 (occt_1157_stress_after+0x101cab2a0)

  Thread T1 (tid=361106, running) created by main thread at:
    #0 pthread_create <null> (libclang_rt.tsan_osx_dynamic.dylib:arm64e+0x33834)
    #1 std::__1::thread::thread[abi:nqe210106]<void (*&)(int, int), int&, int&, 0>(void (*&)(int, int), int&, int&) thread.h:216 (occt_1157_stress_after:arm64+0x10000635c)
    #2 std::__1::thread* std::__1::vector<std::__1::thread, std::__1::allocator<std::__1::thread>>::__emplace_back_slow_path<void (*&)(int, int), int&, int&>(void (*&)(int, int), int&, int&) vector.h:1130 (occt_1157_stress_after:arm64+0x100006118)
    #3 runOne(char const*, int, int) occt_1157_stress.cpp:343 (occt_1157_stress_after:arm64+0x1000039d8)
    #4 main occt_1157_stress.cpp:380 (occt_1157_stress_after:arm64+0x100002e08)

  Thread T4 (tid=361109, running) created by main thread at:
    #0 pthread_create <null> (libclang_rt.tsan_osx_dynamic.dylib:arm64e+0x33834)
    #1 std::__1::thread::thread[abi:nqe210106]<void (*&)(int, int), int&, int&, 0>(void (*&)(int, int), int&, int&) thread.h:216 (occt_1157_stress_after:arm64+0x10000635c)
    #2 runOne(char const*, int, int) occt_1157_stress.cpp:343 (occt_1157_stress_after:arm64+0x1000039b0)
    #3 main occt_1157_stress.cpp:380 (occt_1157_stress_after:arm64+0x100002e08)

SUMMARY: ThreadSanitizer: data race IGESToBRep.cxx:86 in IGESToBRep::SetAlgoContainer(opencascade::handle<IGESToBRep_AlgoContainer> const&)
==================
WARNING: ThreadSanitizer: data race (pid=71706)
  Write of size 8 at 0x000105cef2a0 by thread T2:
    #0 IGESToBRep::SetAlgoContainer(opencascade::handle<IGESToBRep_AlgoContainer> const&) IGESToBRep.cxx:86 (occt_1157_stress_after:arm64+0x1002f3910)
    #1 IGESControl_Controller::Init() IGESControl_Controller.cxx:368 (occt_1157_stress_after:arm64+0x100385438)
    #2 IGESControl_Writer::IGESControl_Writer(char const*, int) IGESControl_Writer.cxx:73 (occt_1157_stress_after:arm64+0x100390398)
    #3 IGESControl_Writer::IGESControl_Writer(char const*, int) IGESControl_Writer.cxx:72 (occt_1157_stress_after:arm64+0x100390560)
    #4 runIgesWriteIndependent(int, int) occt_1157_stress.cpp:160 (occt_1157_stress_after:arm64+0x100001b64)
    #5 void* std::__1::__thread_proxy[abi:nqe210106]<std::__1::tuple<std::__1::unique_ptr<std::__1::__thread_struct, std::__1::default_delete<std::__1::__thread_struct>>, void (*)(int, int), int, int>>(void*) thread.h:168 (occt_1157_stress_after:arm64+0x100006494)

  Previous write of size 8 at 0x000105cef2a0 by thread T7:
    #0 IGESToBRep::SetAlgoContainer(opencascade::handle<IGESToBRep_AlgoContainer> const&) IGESToBRep.cxx:86 (occt_1157_stress_after:arm64+0x1002f3910)
    #1 IGESControl_Controller::Init() IGESControl_Controller.cxx:368 (occt_1157_stress_after:arm64+0x100385438)
    #2 IGESControl_Writer::IGESControl_Writer(char const*, int) IGESControl_Writer.cxx:73 (occt_1157_stress_after:arm64+0x100390398)
    #3 IGESControl_Writer::IGESControl_Writer(char const*, int) IGESControl_Writer.cxx:72 (occt_1157_stress_after:arm64+0x100390560)
    #4 runIgesWriteIndependent(int, int) occt_1157_stress.cpp:160 (occt_1157_stress_after:arm64+0x100001b64)
    #5 void* std::__1::__thread_proxy[abi:nqe210106]<std::__1::tuple<std::__1::unique_ptr<std::__1::__thread_struct, std::__1::default_delete<std::__1::__thread_struct>>, void (*)(int, int), int, int>>(void*) thread.h:168 (occt_1157_stress_after:arm64+0x100006494)

  Location is global 'theContainer' at 0x000105cef2a0 (occt_1157_stress_after+0x101cab2a0)

  Thread T2 (tid=361107, running) created by main thread at:
    #0 pthread_create <null> (libclang_rt.tsan_osx_dynamic.dylib:arm64e+0x33834)
    #1 std::__1::thread::thread[abi:nqe210106]<void (*&)(int, int), int&, int&, 0>(void (*&)(int, int), int&, int&) thread.h:216 (occt_1157_stress_after:arm64+0x10000635c)
    #2 std::__1::thread* std::__1::vector<std::__1::thread, std::__1::allocator<std::__1::thread>>::__emplace_back_slow_path<void (*&)(int, int), int&, int&>(void (*&)(int, int), int&, int&) vector.h:1130 (occt_1157_stress_after:arm64+0x100006118)
    #3 runOne(char const*, int, int) occt_1157_stress.cpp:343 (occt_1157_stress_after:arm64+0x1000039d8)
    #4 main occt_1157_stress.cpp:380 (occt_1157_stress_after:arm64+0x100002e08)

  Thread T7 (tid=361113, running) created by main thread at:
    #0 pthread_create <null> (libclang_rt.tsan_osx_dynamic.dylib:arm64e+0x33834)
    #1 std::__1::thread::thread[abi:nqe210106]<void (*&)(int, int), int&, int&, 0>(void (*&)(int, int), int&, int&) thread.h:216 (occt_1157_stress_after:arm64+0x10000635c)
    #2 runOne(char const*, int, int) occt_1157_stress.cpp:343 (occt_1157_stress_after:arm64+0x1000039b0)
    #3 main occt_1157_stress.cpp:380 (occt_1157_stress_after:arm64+0x100002e08)

SUMMARY: ThreadSanitizer: data race IGESToBRep.cxx:86 in IGESToBRep::SetAlgoContainer(opencascade::handle<IGESToBRep_AlgoContainer> const&)
==================
WARNING: ThreadSanitizer: data race (pid=71706)
  Read of size 8 at 0x00010fb0f590 by thread T1:
    #0 IGESControl_AlgoContainer::~IGESControl_AlgoContainer() IGESControl_AlgoContainer.hxx:24 (occt_1157_stress_after:arm64+0x10037fc18)
    #1 Standard_Transient::Delete() const Standard_Transient.hxx:134 (occt_1157_stress_after:arm64+0x10000ad08)
    #2 IGESToBRep::SetAlgoContainer(opencascade::handle<IGESToBRep_AlgoContainer> const&) IGESToBRep.cxx:86 (occt_1157_stress_after:arm64+0x1002f3908)
    #3 IGESControl_Controller::Init() IGESControl_Controller.cxx:368 (occt_1157_stress_after:arm64+0x100385438)
    #4 IGESControl_Writer::IGESControl_Writer(char const*, int) IGESControl_Writer.cxx:73 (occt_1157_stress_after:arm64+0x100390398)
    #5 IGESControl_Writer::IGESControl_Writer(char const*, int) IGESControl_Writer.cxx:72 (occt_1157_stress_after:arm64+0x100390560)
    #6 runIgesWriteIndependent(int, int) occt_1157_stress.cpp:160 (occt_1157_stress_after:arm64+0x100001b64)
    #7 void* std::__1::__thread_proxy[abi:nqe210106]<std::__1::tuple<std::__1::unique_ptr<std::__1::__thread_struct, std::__1::default_delete<std::__1::__thread_struct>>, void (*)(int, int), int, int>>(void*) thread.h:168 (occt_1157_stress_after:arm64+0x100006494)

  Previous write of size 8 at 0x00010fb0f590 by thread T8:
    #0 IGESControl_AlgoContainer::IGESControl_AlgoContainer() IGESControl_AlgoContainer.cxx:27 (occt_1157_stress_after:arm64+0x10037f970)
    #1 IGESControl_AlgoContainer::IGESControl_AlgoContainer() IGESControl_AlgoContainer.cxx:26 (occt_1157_stress_after:arm64+0x10037fb0c)
    #2 IGESControl_Controller::Init() IGESControl_Controller.cxx:368 (occt_1157_stress_after:arm64+0x100385410)
    #3 IGESControl_Writer::IGESControl_Writer(char const*, int) IGESControl_Writer.cxx:73 (occt_1157_stress_after:arm64+0x100390398)
    #4 IGESControl_Writer::IGESControl_Writer(char const*, int) IGESControl_Writer.cxx:72 (occt_1157_stress_after:arm64+0x100390560)
    #5 runIgesWriteIndependent(int, int) occt_1157_stress.cpp:160 (occt_1157_stress_after:arm64+0x100001b64)
    #6 void* std::__1::__thread_proxy[abi:nqe210106]<std::__1::tuple<std::__1::unique_ptr<std::__1::__thread_struct, std::__1::default_delete<std::__1::__thread_struct>>, void (*)(int, int), int, int>>(void*) thread.h:168 (occt_1157_stress_after:arm64+0x100006494)

  Location is heap block of size 24 at 0x00010fb0f580 allocated by thread T8:
    #0 calloc <null> (libclang_rt.tsan_osx_dynamic.dylib:arm64e+0x67c40)
    #1 Standard::Allocate(unsigned long) Standard.cxx:386 (occt_1157_stress_after:arm64+0x1008c3310)
    #2 IGESControl_Controller::Init() IGESControl_Controller.cxx:368 (occt_1157_stress_after:arm64+0x100385408)
    #3 IGESControl_Writer::IGESControl_Writer(char const*, int) IGESControl_Writer.cxx:73 (occt_1157_stress_after:arm64+0x100390398)
    #4 IGESControl_Writer::IGESControl_Writer(char const*, int) IGESControl_Writer.cxx:72 (occt_1157_stress_after:arm64+0x100390560)
    #5 runIgesWriteIndependent(int, int) occt_1157_stress.cpp:160 (occt_1157_stress_after:arm64+0x100001b64)
    #6 void* std::__1::__thread_proxy[abi:nqe210106]<std::__1::tuple<std::__1::unique_ptr<std::__1::__thread_struct, std::__1::default_delete<std::__1::__thread_struct>>, void (*)(int, int), int, int>>(void*) thread.h:168 (occt_1157_stress_after:arm64+0x100006494)

  Thread T1 (tid=361106, running) created by main thread at:
    #0 pthread_create <null> (libclang_rt.tsan_osx_dynamic.dylib:arm64e+0x33834)
    #1 std::__1::thread::thread[abi:nqe210106]<void (*&)(int, int), int&, int&, 0>(void (*&)(int, int), int&, int&) thread.h:216 (occt_1157_stress_after:arm64+0x10000635c)
    #2 std::__1::thread* std::__1::vector<std::__1::thread, std::__1::allocator<std::__1::thread>>::__emplace_back_slow_path<void (*&)(int, int), int&, int&>(void (*&)(int, int), int&, int&) vector.h:1130 (occt_1157_stress_after:arm64+0x100006118)
    #3 runOne(char const*, int, int) occt_1157_stress.cpp:343 (occt_1157_stress_after:arm64+0x1000039d8)
    #4 main occt_1157_stress.cpp:380 (occt_1157_stress_after:arm64+0x100002e08)

  Thread T8 (tid=361114, running) created by main thread at:
    #0 pthread_create <null> (libclang_rt.tsan_osx_dynamic.dylib:arm64e+0x33834)
    #1 std::__1::thread::thread[abi:nqe210106]<void (*&)(int, int), int&, int&, 0>(void (*&)(int, int), int&, int&) thread.h:216 (occt_1157_stress_after:arm64+0x10000635c)
    #2 runOne(char const*, int, int) occt_1157_stress.cpp:343 (occt_1157_stress_after:arm64+0x1000039b0)
    #3 main occt_1157_stress.cpp:380 (occt_1157_stress_after:arm64+0x100002e08)

SUMMARY: ThreadSanitizer: data race IGESControl_AlgoContainer.hxx:24 in IGESControl_AlgoContainer::~IGESControl_AlgoContainer()
==================
WARNING: ThreadSanitizer: data race (pid=71706)
  Atomic write of size 4 at 0x00010fc010b8 by thread T6:
    #0 IGESControl_AlgoContainer::~IGESControl_AlgoContainer() IGESControl_AlgoContainer.hxx:24 (occt_1157_stress_after:arm64+0x10037fc30)
    #1 Standard_Transient::Delete() const Standard_Transient.hxx:134 (occt_1157_stress_after:arm64+0x10000ad08)
    #2 IGESToBRep::SetAlgoContainer(opencascade::handle<IGESToBRep_AlgoContainer> const&) IGESToBRep.cxx:86 (occt_1157_stress_after:arm64+0x1002f3908)
    #3 IGESControl_Controller::Init() IGESControl_Controller.cxx:368 (occt_1157_stress_after:arm64+0x100385438)
    #4 IGESControl_Writer::IGESControl_Writer(char const*, int) IGESControl_Writer.cxx:73 (occt_1157_stress_after:arm64+0x100390398)
    #5 IGESControl_Writer::IGESControl_Writer(char const*, int) IGESControl_Writer.cxx:72 (occt_1157_stress_after:arm64+0x100390560)
    #6 runIgesWriteIndependent(int, int) occt_1157_stress.cpp:160 (occt_1157_stress_after:arm64+0x100001b64)
    #7 void* std::__1::__thread_proxy[abi:nqe210106]<std::__1::tuple<std::__1::unique_ptr<std::__1::__thread_struct, std::__1::default_delete<std::__1::__thread_struct>>, void (*)(int, int), int, int>>(void*) thread.h:168 (occt_1157_stress_after:arm64+0x100006494)

  Previous write of size 4 at 0x00010fc010b8 by thread T7:
    #0 IGESToBRep_ToolContainer::IGESToBRep_ToolContainer() IGESToBRep_ToolContainer.cxx:24 (occt_1157_stress_after:arm64+0x100323e58)
    #1 IGESControl_ToolContainer::IGESControl_ToolContainer() IGESControl_ToolContainer.cxx:25 (occt_1157_stress_after:arm64+0x10038fd84)
    #2 IGESControl_AlgoContainer::IGESControl_AlgoContainer() IGESControl_AlgoContainer.cxx:27 (occt_1157_stress_after:arm64+0x10037f8ec)
    #3 IGESControl_AlgoContainer::IGESControl_AlgoContainer() IGESControl_AlgoContainer.cxx:26 (occt_1157_stress_after:arm64+0x10037fb0c)
    #4 IGESControl_Controller::Init() IGESControl_Controller.cxx:368 (occt_1157_stress_after:arm64+0x100385410)
    #5 IGESControl_Writer::IGESControl_Writer(char const*, int) IGESControl_Writer.cxx:73 (occt_1157_stress_after:arm64+0x100390398)
    #6 IGESControl_Writer::IGESControl_Writer(char const*, int) IGESControl_Writer.cxx:72 (occt_1157_stress_after:arm64+0x100390560)
    #7 runIgesWriteIndependent(int, int) occt_1157_stress.cpp:160 (occt_1157_stress_after:arm64+0x100001b64)
    #8 void* std::__1::__thread_proxy[abi:nqe210106]<std::__1::tuple<std::__1::unique_ptr<std::__1::__thread_struct, std::__1::default_delete<std::__1::__thread_struct>>, void (*)(int, int), int, int>>(void*) thread.h:168 (occt_1157_stress_after:arm64+0x100006494)

  Location is heap block of size 16 at 0x00010fc010b0 allocated by thread T7:
    #0 calloc <null> (libclang_rt.tsan_osx_dynamic.dylib:arm64e+0x67c40)
    #1 Standard::Allocate(unsigned long) Standard.cxx:386 (occt_1157_stress_after:arm64+0x1008c3310)
    #2 IGESControl_AlgoContainer::IGESControl_AlgoContainer() IGESControl_AlgoContainer.cxx:27 (occt_1157_stress_after:arm64+0x10037f8e4)
    #3 IGESControl_AlgoContainer::IGESControl_AlgoContainer() IGESControl_AlgoContainer.cxx:26 (occt_1157_stress_after:arm64+0x10037fb0c)
    #4 IGESControl_Controller::Init() IGESControl_Controller.cxx:368 (occt_1157_stress_after:arm64+0x100385410)
    #5 IGESControl_Writer::IGESControl_Writer(char const*, int) IGESControl_Writer.cxx:73 (occt_1157_stress_after:arm64+0x100390398)
    #6 IGESControl_Writer::IGESControl_Writer(char const*, int) IGESControl_Writer.cxx:72 (occt_1157_stress_after:arm64+0x100390560)
    #7 runIgesWriteIndependent(int, int) occt_1157_stress.cpp:160 (occt_1157_stress_after:arm64+0x100001b64)
    #8 void* std::__1::__thread_proxy[abi:nqe210106]<std::__1::tuple<std::__1::unique_ptr<std::__1::__thread_struct, std::__1::default_delete<std::__1::__thread_struct>>, void (*)(int, int), int, int>>(void*) thread.h:168 (occt_1157_stress_after:arm64+0x100006494)

  Thread T6 (tid=361111, running) created by main thread at:
    #0 pthread_create <null> (libclang_rt.tsan_osx_dynamic.dylib:arm64e+0x33834)
    #1 std::__1::thread::thread[abi:nqe210106]<void (*&)(int, int), int&, int&, 0>(void (*&)(int, int), int&, int&) thread.h:216 (occt_1157_stress_after:arm64+0x10000635c)
    #2 runOne(char const*, int, int) occt_1157_stress.cpp:343 (occt_1157_stress_after:arm64+0x1000039b0)
    #3 main occt_1157_stress.cpp:380 (occt_1157_stress_after:arm64+0x100002e08)

  Thread T7 (tid=361113, running) created by main thread at:
    #0 pthread_create <null> (libclang_rt.tsan_osx_dynamic.dylib:arm64e+0x33834)
    #1 std::__1::thread::thread[abi:nqe210106]<void (*&)(int, int), int&, int&, 0>(void (*&)(int, int), int&, int&) thread.h:216 (occt_1157_stress_after:arm64+0x10000635c)
    #2 runOne(char const*, int, int) occt_1157_stress.cpp:343 (occt_1157_stress_after:arm64+0x1000039b0)
    #3 main occt_1157_stress.cpp:380 (occt_1157_stress_after:arm64+0x100002e08)

SUMMARY: ThreadSanitizer: data race IGESControl_AlgoContainer.hxx:24 in IGESControl_AlgoContainer::~IGESControl_AlgoContainer()
==================
WARNING: ThreadSanitizer: data race (pid=71706)
  Write of size 1 at 0x000105cef321 by thread T8:
    #0 IGESControl_Controller::Init() IGESControl_Controller.cxx:369 (occt_1157_stress_after:arm64+0x100385494)
    #1 IGESControl_Writer::IGESControl_Writer(char const*, int) IGESControl_Writer.cxx:73 (occt_1157_stress_after:arm64+0x100390398)
    #2 IGESControl_Writer::IGESControl_Writer(char const*, int) IGESControl_Writer.cxx:72 (occt_1157_stress_after:arm64+0x100390560)
    #3 runIgesWriteIndependent(int, int) occt_1157_stress.cpp:160 (occt_1157_stress_after:arm64+0x100001b64)
    #4 void* std::__1::__thread_proxy[abi:nqe210106]<std::__1::tuple<std::__1::unique_ptr<std::__1::__thread_struct, std::__1::default_delete<std::__1::__thread_struct>>, void (*)(int, int), int, int>>(void*) thread.h:168 (occt_1157_stress_after:arm64+0x100006494)

  Previous write of size 1 at 0x000105cef321 by thread T7:
    #0 IGESControl_Controller::Init() IGESControl_Controller.cxx:369 (occt_1157_stress_after:arm64+0x100385494)
    #1 IGESControl_Writer::IGESControl_Writer(char const*, int) IGESControl_Writer.cxx:73 (occt_1157_stress_after:arm64+0x100390398)
    #2 IGESControl_Writer::IGESControl_Writer(char const*, int) IGESControl_Writer.cxx:72 (occt_1157_stress_after:arm64+0x100390560)
    #3 runIgesWriteIndependent(int, int) occt_1157_stress.cpp:160 (occt_1157_stress_after:arm64+0x100001b64)
    #4 void* std::__1::__thread_proxy[abi:nqe210106]<std::__1::tuple<std::__1::unique_ptr<std::__1::__thread_struct, std::__1::default_delete<std::__1::__thread_struct>>, void (*)(int, int), int, int>>(void*) thread.h:168 (occt_1157_stress_after:arm64+0x100006494)

  Location is global 'IGESControl_Controller::Init()::inic' at 0x000105cef321 (occt_1157_stress_after+0x101cab321)

  Thread T8 (tid=361114, running) created by main thread at:
    #0 pthread_create <null> (libclang_rt.tsan_osx_dynamic.dylib:arm64e+0x33834)
    #1 std::__1::thread::thread[abi:nqe210106]<void (*&)(int, int), int&, int&, 0>(void (*&)(int, int), int&, int&) thread.h:216 (occt_1157_stress_after:arm64+0x10000635c)
    #2 runOne(char const*, int, int) occt_1157_stress.cpp:343 (occt_1157_stress_after:arm64+0x1000039b0)
    #3 main occt_1157_stress.cpp:380 (occt_1157_stress_after:arm64+0x100002e08)

  Thread T7 (tid=361113, running) created by main thread at:
    #0 pthread_create <null> (libclang_rt.tsan_osx_dynamic.dylib:arm64e+0x33834)
    #1 std::__1::thread::thread[abi:nqe210106]<void (*&)(int, int), int&, int&, 0>(void (*&)(int, int), int&, int&) thread.h:216 (occt_1157_stress_after:arm64+0x10000635c)
    #2 runOne(char const*, int, int) occt_1157_stress.cpp:343 (occt_1157_stress_after:arm64+0x1000039b0)
    #3 main occt_1157_stress.cpp:380 (occt_1157_stress_after:arm64+0x100002e08)

SUMMARY: ThreadSanitizer: data race IGESControl_Controller.cxx:369 in IGESControl_Controller::Init()
==================
WARNING: ThreadSanitizer: data race (pid=71706)
  Read of size 8 at 0x00010fb0a648 by thread T2:
    #0 Interface_InterfaceModel::Template(char const*) Interface_InterfaceModel.cxx:1115 (occt_1157_stress_after:arm64+0x10132f128)
    #1 IGESData_BasicEditor::Init(opencascade::handle<IGESData_Protocol> const&) IGESData_BasicEditor.cxx:53 (occt_1157_stress_after:arm64+0x1000c7108)
    #2 IGESControl_Writer::IGESControl_Writer(char const*, int) IGESControl_Writer.cxx:74 (occt_1157_stress_after:arm64+0x1003903ac)
    #3 IGESControl_Writer::IGESControl_Writer(char const*, int) IGESControl_Writer.cxx:72 (occt_1157_stress_after:arm64+0x100390560)
    #4 runIgesWriteIndependent(int, int) occt_1157_stress.cpp:160 (occt_1157_stress_after:arm64+0x100001b64)
    #5 void* std::__1::__thread_proxy[abi:nqe210106]<std::__1::tuple<std::__1::unique_ptr<std::__1::__thread_struct, std::__1::default_delete<std::__1::__thread_struct>>, void (*)(int, int), int, int>>(void*) thread.h:168 (occt_1157_stress_after:arm64+0x100006494)

  Previous write of size 8 at 0x00010fb0a648 by thread T8:
    #0 std::__1::conditional<false, opencascade::handle<Standard_Transient>&, bool>::type NCollection_DataMap<TCollection_AsciiString, opencascade::handle<Standard_Transient>, NCollection_DefaultHasher<TCollection_AsciiString>>::emplaceImpl<TCollection_AsciiString, false, false, opencascade::handle<Standard_Transient> const&>(TCollection_AsciiString&&, std::__1::integral_constant<bool, false>, std::__1::integral_constant<bool, false>, opencascade::handle<Standard_Transient> const&) NCollection_DataMap.hxx:802 (occt_1157_stress_after:arm64+0x10000c3d8)
    #1 Interface_InterfaceModel::SetTemplate(char const*, opencascade::handle<Interface_InterfaceModel> const&) Interface_InterfaceModel.cxx:1126 (occt_1157_stress_after:arm64+0x10132f3a4)
    #2 IGESData::Init() IGESData.cxx:289 (occt_1157_stress_after:arm64+0x1000c6614)
    #3 IGESBasic::Init() IGESBasic.cxx:31 (occt_1157_stress_after:arm64+0x100108e28)
    #4 IGESGeom::Init() IGESGeom.cxx:32 (occt_1157_stress_after:arm64+0x100145e7c)
    #5 IGESSolid::Init() IGESSolid.cxx:32 (occt_1157_stress_after:arm64+0x10021d518)
    #6 IGESControl_Controller::IGESControl_Controller(bool) IGESControl_Controller.cxx:79 (occt_1157_stress_after:arm64+0x10037fe60)
    #7 IGESControl_Controller::Init() IGESControl_Controller.cxx:364 (occt_1157_stress_after:arm64+0x1003853b0)
    #8 IGESControl_Writer::IGESControl_Writer(char const*, int) IGESControl_Writer.cxx:73 (occt_1157_stress_after:arm64+0x100390398)
    #9 IGESControl_Writer::IGESControl_Writer(char const*, int) IGESControl_Writer.cxx:72 (occt_1157_stress_after:arm64+0x100390560)
    #10 runIgesWriteIndependent(int, int) occt_1157_stress.cpp:160 (occt_1157_stress_after:arm64+0x100001b64)
    #11 void* std::__1::__thread_proxy[abi:nqe210106]<std::__1::tuple<std::__1::unique_ptr<std::__1::__thread_struct, std::__1::default_delete<std::__1::__thread_struct>>, void (*)(int, int), int, int>>(void*) thread.h:168 (occt_1157_stress_after:arm64+0x100006494)

  Location is heap block of size 32 at 0x00010fb0a640 allocated by thread T1:
    #0 calloc <null> (libclang_rt.tsan_osx_dynamic.dylib:arm64e+0x67c40)
    #1 Standard::Allocate(unsigned long) Standard.cxx:386 (occt_1157_stress_after:arm64+0x1008c3310)
    #2 NCollection_BaseAllocator::Allocate(unsigned long) NCollection_BaseAllocator.cxx:22 (occt_1157_stress_after:arm64+0x1008e2f18)
    #3 std::__1::conditional<false, opencascade::handle<Standard_Transient>&, bool>::type NCollection_DataMap<TCollection_AsciiString, opencascade::handle<Standard_Transient>, NCollection_DefaultHasher<TCollection_AsciiString>>::emplaceImpl<TCollection_AsciiString, false, false, opencascade::handle<Standard_Transient> const&>(TCollection_AsciiString&&, std::__1::integral_constant<bool, false>, std::__1::integral_constant<bool, false>, opencascade::handle<Standard_Transient> const&) NCollection_DataMap.hxx:810 (occt_1157_stress_after:arm64+0x10000c450)
    #4 Interface_InterfaceModel::SetTemplate(char const*, opencascade::handle<Interface_InterfaceModel> const&) Interface_InterfaceModel.cxx:1126 (occt_1157_stress_after:arm64+0x10132f3a4)
    #5 IGESData::Init() IGESData.cxx:289 (occt_1157_stress_after:arm64+0x1000c6614)
    #6 IGESBasic::Init() IGESBasic.cxx:31 (occt_1157_stress_after:arm64+0x100108e28)
    #7 IGESGeom::Init() IGESGeom.cxx:32 (occt_1157_stress_after:arm64+0x100145e7c)
    #8 IGESSolid::Init() IGESSolid.cxx:32 (occt_1157_stress_after:arm64+0x10021d518)
    #9 IGESControl_Controller::IGESControl_Controller(bool) IGESControl_Controller.cxx:79 (occt_1157_stress_after:arm64+0x10037fe60)
    #10 IGESControl_Controller::Init() IGESControl_Controller.cxx:364 (occt_1157_stress_after:arm64+0x1003853b0)
    #11 IGESControl_Writer::IGESControl_Writer(char const*, int) IGESControl_Writer.cxx:73 (occt_1157_stress_after:arm64+0x100390398)
    #12 IGESControl_Writer::IGESControl_Writer(char const*, int) IGESControl_Writer.cxx:72 (occt_1157_stress_after:arm64+0x100390560)
    #13 runIgesWriteIndependent(int, int) occt_1157_stress.cpp:160 (occt_1157_stress_after:arm64+0x100001b64)
    #14 void* std::__1::__thread_proxy[abi:nqe210106]<std::__1::tuple<std::__1::unique_ptr<std::__1::__thread_struct, std::__1::default_delete<std::__1::__thread_struct>>, void (*)(int, int), int, int>>(void*) thread.h:168 (occt_1157_stress_after:arm64+0x100006494)

  Thread T2 (tid=361107, running) created by main thread at:
    #0 pthread_create <null> (libclang_rt.tsan_osx_dynamic.dylib:arm64e+0x33834)
    #1 std::__1::thread::thread[abi:nqe210106]<void (*&)(int, int), int&, int&, 0>(void (*&)(int, int), int&, int&) thread.h:216 (occt_1157_stress_after:arm64+0x10000635c)
    #2 std::__1::thread* std::__1::vector<std::__1::thread, std::__1::allocator<std::__1::thread>>::__emplace_back_slow_path<void (*&)(int, int), int&, int&>(void (*&)(int, int), int&, int&) vector.h:1130 (occt_1157_stress_after:arm64+0x100006118)
    #3 runOne(char const*, int, int) occt_1157_stress.cpp:343 (occt_1157_stress_after:arm64+0x1000039d8)
    #4 main occt_1157_stress.cpp:380 (occt_1157_stress_after:arm64+0x100002e08)

  Thread T8 (tid=361114, running) created by main thread at:
    #0 pthread_create <null> (libclang_rt.tsan_osx_dynamic.dylib:arm64e+0x33834)
    #1 std::__1::thread::thread[abi:nqe210106]<void (*&)(int, int), int&, int&, 0>(void (*&)(int, int), int&, int&) thread.h:216 (occt_1157_stress_after:arm64+0x10000635c)
    #2 runOne(char const*, int, int) occt_1157_stress.cpp:343 (occt_1157_stress_after:arm64+0x1000039b0)
    #3 main occt_1157_stress.cpp:380 (occt_1157_stress_after:arm64+0x100002e08)

  Thread T1 (tid=361106, running) created by main thread at:
    #0 pthread_create <null> (libclang_rt.tsan_osx_dynamic.dylib:arm64e+0x33834)
    #1 std::__1::thread::thread[abi:nqe210106]<void (*&)(int, int), int&, int&, 0>(void (*&)(int, int), int&, int&) thread.h:216 (occt_1157_stress_after:arm64+0x10000635c)
    #2 std::__1::thread* std::__1::vector<std::__1::thread, std::__1::allocator<std::__1::thread>>::__emplace_back_slow_path<void (*&)(int, int), int&, int&>(void (*&)(int, int), int&, int&) vector.h:1130 (occt_1157_stress_after:arm64+0x100006118)
    #3 runOne(char const*, int, int) occt_1157_stress.cpp:343 (occt_1157_stress_after:arm64+0x1000039d8)
    #4 main occt_1157_stress.cpp:380 (occt_1157_stress_after:arm64+0x100002e08)

SUMMARY: ThreadSanitizer: data race Interface_InterfaceModel.cxx:1115 in Interface_InterfaceModel::Template(char const*)
==================
WARNING: ThreadSanitizer: data race on vptr (ctor/dtor vs virtual call) (pid=71706)
  Read of size 8 at 0x00010fc010b0 by thread T6:
    #0 IGESControl_AlgoContainer::~IGESControl_AlgoContainer() IGESControl_AlgoContainer.hxx:24 (occt_1157_stress_after:arm64+0x10037fc54)
    #1 Standard_Transient::Delete() const Standard_Transient.hxx:134 (occt_1157_stress_after:arm64+0x10000ad08)
    #2 IGESToBRep::SetAlgoContainer(opencascade::handle<IGESToBRep_AlgoContainer> const&) IGESToBRep.cxx:86 (occt_1157_stress_after:arm64+0x1002f3908)
    #3 IGESControl_Controller::Init() IGESControl_Controller.cxx:368 (occt_1157_stress_after:arm64+0x100385438)
    #4 IGESControl_Writer::IGESControl_Writer(char const*, int) IGESControl_Writer.cxx:73 (occt_1157_stress_after:arm64+0x100390398)
    #5 IGESControl_Writer::IGESControl_Writer(char const*, int) IGESControl_Writer.cxx:72 (occt_1157_stress_after:arm64+0x100390560)
    #6 runIgesWriteIndependent(int, int) occt_1157_stress.cpp:160 (occt_1157_stress_after:arm64+0x100001b64)
    #7 void* std::__1::__thread_proxy[abi:nqe210106]<std::__1::tuple<std::__1::unique_ptr<std::__1::__thread_struct, std::__1::default_delete<std::__1::__thread_struct>>, void (*)(int, int), int, int>>(void*) thread.h:168 (occt_1157_stress_after:arm64+0x100006494)

  Previous write of size 8 at 0x00010fc010b0 by thread T7:
    #0 IGESToBRep_ToolContainer::IGESToBRep_ToolContainer() IGESToBRep_ToolContainer.cxx:24 (occt_1157_stress_after:arm64+0x100323e70)
    #1 IGESControl_ToolContainer::IGESControl_ToolContainer() IGESControl_ToolContainer.cxx:25 (occt_1157_stress_after:arm64+0x10038fd84)
    #2 IGESControl_AlgoContainer::IGESControl_AlgoContainer() IGESControl_AlgoContainer.cxx:27 (occt_1157_stress_after:arm64+0x10037f8ec)
    #3 IGESControl_AlgoContainer::IGESControl_AlgoContainer() IGESControl_AlgoContainer.cxx:26 (occt_1157_stress_after:arm64+0x10037fb0c)
    #4 IGESControl_Controller::Init() IGESControl_Controller.cxx:368 (occt_1157_stress_after:arm64+0x100385410)
    #5 IGESControl_Writer::IGESControl_Writer(char const*, int) IGESControl_Writer.cxx:73 (occt_1157_stress_after:arm64+0x100390398)
    #6 IGESControl_Writer::IGESControl_Writer(char const*, int) IGESControl_Writer.cxx:72 (occt_1157_stress_after:arm64+0x100390560)
    #7 runIgesWriteIndependent(int, int) occt_1157_stress.cpp:160 (occt_1157_stress_after:arm64+0x100001b64)
    #8 void* std::__1::__thread_proxy[abi:nqe210106]<std::__1::tuple<std::__1::unique_ptr<std::__1::__thread_struct, std::__1::default_delete<std::__1::__thread_struct>>, void (*)(int, int), int, int>>(void*) thread.h:168 (occt_1157_stress_after:arm64+0x100006494)

  Location is heap block of size 16 at 0x00010fc010b0 allocated by thread T7:
    #0 calloc <null> (libclang_rt.tsan_osx_dynamic.dylib:arm64e+0x67c40)
    #1 Standard::Allocate(unsigned long) Standard.cxx:386 (occt_1157_stress_after:arm64+0x1008c3310)
    #2 IGESControl_AlgoContainer::IGESControl_AlgoContainer() IGESControl_AlgoContainer.cxx:27 (occt_1157_stress_after:arm64+0x10037f8e4)
    #3 IGESControl_AlgoContainer::IGESControl_AlgoContainer() IGESControl_AlgoContainer.cxx:26 (occt_1157_stress_after:arm64+0x10037fb0c)
    #4 IGESControl_Controller::Init() IGESControl_Controller.cxx:368 (occt_1157_stress_after:arm64+0x100385410)
    #5 IGESControl_Writer::IGESControl_Writer(char const*, int) IGESControl_Writer.cxx:73 (occt_1157_stress_after:arm64+0x100390398)
    #6 IGESControl_Writer::IGESControl_Writer(char const*, int) IGESControl_Writer.cxx:72 (occt_1157_stress_after:arm64+0x100390560)
    #7 runIgesWriteIndependent(int, int) occt_1157_stress.cpp:160 (occt_1157_stress_after:arm64+0x100001b64)
    #8 void* std::__1::__thread_proxy[abi:nqe210106]<std::__1::tuple<std::__1::unique_ptr<std::__1::__thread_struct, std::__1::default_delete<std::__1::__thread_struct>>, void (*)(int, int), int, int>>(void*) thread.h:168 (occt_1157_stress_after:arm64+0x100006494)

  Thread T6 (tid=361111, running) created by main thread at:
    #0 pthread_create <null> (libclang_rt.tsan_osx_dynamic.dylib:arm64e+0x33834)
    #1 std::__1::thread::thread[abi:nqe210106]<void (*&)(int, int), int&, int&, 0>(void (*&)(int, int), int&, int&) thread.h:216 (occt_1157_stress_after:arm64+0x10000635c)
    #2 runOne(char const*, int, int) occt_1157_stress.cpp:343 (occt_1157_stress_after:arm64+0x1000039b0)
    #3 main occt_1157_stress.cpp:380 (occt_1157_stress_after:arm64+0x100002e08)

  Thread T7 (tid=361113, running) created by main thread at:
    #0 pthread_create <null> (libclang_rt.tsan_osx_dynamic.dylib:arm64e+0x33834)
    #1 std::__1::thread::thread[abi:nqe210106]<void (*&)(int, int), int&, int&, 0>(void (*&)(int, int), int&, int&) thread.h:216 (occt_1157_stress_after:arm64+0x10000635c)
    #2 runOne(char const*, int, int) occt_1157_stress.cpp:343 (occt_1157_stress_after:arm64+0x1000039b0)
    #3 main occt_1157_stress.cpp:380 (occt_1157_stress_after:arm64+0x100002e08)

SUMMARY: ThreadSanitizer: data race on vptr (ctor/dtor vs virtual call) IGESControl_AlgoContainer.hxx:24 in IGESControl_AlgoContainer::~IGESControl_AlgoContainer()
==================
WARNING: ThreadSanitizer: data race on vptr (ctor/dtor vs virtual call) (pid=71706)
  Read of size 8 at 0x00011001f640 by thread T7:
    #0 Interface_InterfaceModel::Template(char const*) Interface_InterfaceModel.cxx:1116 (occt_1157_stress_after:arm64+0x10132f1d0)
    #1 IGESData_BasicEditor::Init(opencascade::handle<IGESData_Protocol> const&) IGESData_BasicEditor.cxx:53 (occt_1157_stress_after:arm64+0x1000c7108)
    #2 IGESControl_Writer::IGESControl_Writer(char const*, int) IGESControl_Writer.cxx:74 (occt_1157_stress_after:arm64+0x1003903ac)
    #3 IGESControl_Writer::IGESControl_Writer(char const*, int) IGESControl_Writer.cxx:72 (occt_1157_stress_after:arm64+0x100390560)
    #4 runIgesWriteIndependent(int, int) occt_1157_stress.cpp:160 (occt_1157_stress_after:arm64+0x100001b64)
    #5 void* std::__1::__thread_proxy[abi:nqe210106]<std::__1::tuple<std::__1::unique_ptr<std::__1::__thread_struct, std::__1::default_delete<std::__1::__thread_struct>>, void (*)(int, int), int, int>>(void*) thread.h:168 (occt_1157_stress_after:arm64+0x100006494)

  Previous write of size 8 at 0x00011001f640 by thread T8:
    #0 Interface_InterfaceModel::Interface_InterfaceModel() Interface_InterfaceModel.cxx:62 (occt_1157_stress_after:arm64+0x101328f58)
    #1 IGESData_IGESModel::IGESData_IGESModel() IGESData_IGESModel.cxx:42 (occt_1157_stress_after:arm64+0x1000df888)
    #2 IGESData_IGESModel::IGESData_IGESModel() IGESData_IGESModel.cxx:43 (occt_1157_stress_after:arm64+0x1000dfe04)
    #3 IGESData::Init() IGESData.cxx:287 (occt_1157_stress_after:arm64+0x1000c65d8)
    #4 IGESBasic::Init() IGESBasic.cxx:31 (occt_1157_stress_after:arm64+0x100108e28)
    #5 IGESGeom::Init() IGESGeom.cxx:32 (occt_1157_stress_after:arm64+0x100145e7c)
    #6 IGESSolid::Init() IGESSolid.cxx:32 (occt_1157_stress_after:arm64+0x10021d518)
    #7 IGESControl_Controller::IGESControl_Controller(bool) IGESControl_Controller.cxx:79 (occt_1157_stress_after:arm64+0x10037fe60)
    #8 IGESControl_Controller::Init() IGESControl_Controller.cxx:364 (occt_1157_stress_after:arm64+0x1003853b0)
    #9 IGESControl_Writer::IGESControl_Writer(char const*, int) IGESControl_Writer.cxx:73 (occt_1157_stress_after:arm64+0x100390398)
    #10 IGESControl_Writer::IGESControl_Writer(char const*, int) IGESControl_Writer.cxx:72 (occt_1157_stress_after:arm64+0x100390560)
    #11 runIgesWriteIndependent(int, int) occt_1157_stress.cpp:160 (occt_1157_stress_after:arm64+0x100001b64)
    #12 void* std::__1::__thread_proxy[abi:nqe210106]<std::__1::tuple<std::__1::unique_ptr<std::__1::__thread_struct, std::__1::default_delete<std::__1::__thread_struct>>, void (*)(int, int), int, int>>(void*) thread.h:168 (occt_1157_stress_after:arm64+0x100006494)

  Location is heap block of size 424 at 0x00011001f640 allocated by thread T8:
    #0 calloc <null> (libclang_rt.tsan_osx_dynamic.dylib:arm64e+0x67c40)
    #1 Standard::Allocate(unsigned long) Standard.cxx:386 (occt_1157_stress_after:arm64+0x1008c3310)
    #2 IGESData::Init() IGESData.cxx:287 (occt_1157_stress_after:arm64+0x1000c65d0)
    #3 IGESBasic::Init() IGESBasic.cxx:31 (occt_1157_stress_after:arm64+0x100108e28)
    #4 IGESGeom::Init() IGESGeom.cxx:32 (occt_1157_stress_after:arm64+0x100145e7c)
    #5 IGESSolid::Init() IGESSolid.cxx:32 (occt_1157_stress_after:arm64+0x10021d518)
    #6 IGESControl_Controller::IGESControl_Controller(bool) IGESControl_Controller.cxx:79 (occt_1157_stress_after:arm64+0x10037fe60)
    #7 IGESControl_Controller::Init() IGESControl_Controller.cxx:364 (occt_1157_stress_after:arm64+0x1003853b0)
    #8 IGESControl_Writer::IGESControl_Writer(char const*, int) IGESControl_Writer.cxx:73 (occt_1157_stress_after:arm64+0x100390398)
    #9 IGESControl_Writer::IGESControl_Writer(char const*, int) IGESControl_Writer.cxx:72 (occt_1157_stress_after:arm64+0x100390560)
    #10 runIgesWriteIndependent(int, int) occt_1157_stress.cpp:160 (occt_1157_stress_after:arm64+0x100001b64)
    #11 void* std::__1::__thread_proxy[abi:nqe210106]<std::__1::tuple<std::__1::unique_ptr<std::__1::__thread_struct, std::__1::default_delete<std::__1::__thread_struct>>, void (*)(int, int), int, int>>(void*) thread.h:168 (occt_1157_stress_after:arm64+0x100006494)

  Thread T7 (tid=361113, running) created by main thread at:
    #0 pthread_create <null> (libclang_rt.tsan_osx_dynamic.dylib:arm64e+0x33834)
    #1 std::__1::thread::thread[abi:nqe210106]<void (*&)(int, int), int&, int&, 0>(void (*&)(int, int), int&, int&) thread.h:216 (occt_1157_stress_after:arm64+0x10000635c)
    #2 runOne(char const*, int, int) occt_1157_stress.cpp:343 (occt_1157_stress_after:arm64+0x1000039b0)
    #3 main occt_1157_stress.cpp:380 (occt_1157_stress_after:arm64+0x100002e08)

  Thread T8 (tid=361114, running) created by main thread at:
    #0 pthread_create <null> (libclang_rt.tsan_osx_dynamic.dylib:arm64e+0x33834)
    #1 std::__1::thread::thread[abi:nqe210106]<void (*&)(int, int), int&, int&, 0>(void (*&)(int, int), int&, int&) thread.h:216 (occt_1157_stress_after:arm64+0x10000635c)
    #2 runOne(char const*, int, int) occt_1157_stress.cpp:343 (occt_1157_stress_after:arm64+0x1000039b0)
    #3 main occt_1157_stress.cpp:380 (occt_1157_stress_after:arm64+0x100002e08)

SUMMARY: ThreadSanitizer: data race on vptr (ctor/dtor vs virtual call) Interface_InterfaceModel.cxx:1116 in Interface_InterfaceModel::Template(char const*)
==================
WARNING: ThreadSanitizer: data race (pid=71706)
  Atomic write of size 4 at 0x00011001f648 by thread T2:
    #0 Interface_InterfaceModel::Template(char const*) Interface_InterfaceModel.cxx:1115 (occt_1157_stress_after:arm64+0x10132f160)
    #1 IGESData_BasicEditor::Init(opencascade::handle<IGESData_Protocol> const&) IGESData_BasicEditor.cxx:53 (occt_1157_stress_after:arm64+0x1000c7108)
    #2 IGESControl_Writer::IGESControl_Writer(char const*, int) IGESControl_Writer.cxx:74 (occt_1157_stress_after:arm64+0x1003903ac)
    #3 IGESControl_Writer::IGESControl_Writer(char const*, int) IGESControl_Writer.cxx:72 (occt_1157_stress_after:arm64+0x100390560)
    #4 runIgesWriteIndependent(int, int) occt_1157_stress.cpp:160 (occt_1157_stress_after:arm64+0x100001b64)
    #5 void* std::__1::__thread_proxy[abi:nqe210106]<std::__1::tuple<std::__1::unique_ptr<std::__1::__thread_struct, std::__1::default_delete<std::__1::__thread_struct>>, void (*)(int, int), int, int>>(void*) thread.h:168 (occt_1157_stress_after:arm64+0x100006494)

  Previous write of size 4 at 0x00011001f648 by thread T8:
    #0 Interface_InterfaceModel::Interface_InterfaceModel() Interface_InterfaceModel.cxx:59 (occt_1157_stress_after:arm64+0x101328f40)
    #1 IGESData_IGESModel::IGESData_IGESModel() IGESData_IGESModel.cxx:42 (occt_1157_stress_after:arm64+0x1000df888)
    #2 IGESData_IGESModel::IGESData_IGESModel() IGESData_IGESModel.cxx:43 (occt_1157_stress_after:arm64+0x1000dfe04)
    #3 IGESData::Init() IGESData.cxx:287 (occt_1157_stress_after:arm64+0x1000c65d8)
    #4 IGESBasic::Init() IGESBasic.cxx:31 (occt_1157_stress_after:arm64+0x100108e28)
    #5 IGESGeom::Init() IGESGeom.cxx:32 (occt_1157_stress_after:arm64+0x100145e7c)
    #6 IGESSolid::Init() IGESSolid.cxx:32 (occt_1157_stress_after:arm64+0x10021d518)
    #7 IGESControl_Controller::IGESControl_Controller(bool) IGESControl_Controller.cxx:79 (occt_1157_stress_after:arm64+0x10037fe60)
    #8 IGESControl_Controller::Init() IGESControl_Controller.cxx:364 (occt_1157_stress_after:arm64+0x1003853b0)
    #9 IGESControl_Writer::IGESControl_Writer(char const*, int) IGESControl_Writer.cxx:73 (occt_1157_stress_after:arm64+0x100390398)
    #10 IGESControl_Writer::IGESControl_Writer(char const*, int) IGESControl_Writer.cxx:72 (occt_1157_stress_after:arm64+0x100390560)
    #11 runIgesWriteIndependent(int, int) occt_1157_stress.cpp:160 (occt_1157_stress_after:arm64+0x100001b64)
    #12 void* std::__1::__thread_proxy[abi:nqe210106]<std::__1::tuple<std::__1::unique_ptr<std::__1::__thread_struct, std::__1::default_delete<std::__1::__thread_struct>>, void (*)(int, int), int, int>>(void*) thread.h:168 (occt_1157_stress_after:arm64+0x100006494)

  Location is heap block of size 424 at 0x00011001f640 allocated by thread T8:
    #0 calloc <null> (libclang_rt.tsan_osx_dynamic.dylib:arm64e+0x67c40)
    #1 Standard::Allocate(unsigned long) Standard.cxx:386 (occt_1157_stress_after:arm64+0x1008c3310)
    #2 IGESData::Init() IGESData.cxx:287 (occt_1157_stress_after:arm64+0x1000c65d0)
    #3 IGESBasic::Init() IGESBasic.cxx:31 (occt_1157_stress_after:arm64+0x100108e28)
    #4 IGESGeom::Init() IGESGeom.cxx:32 (occt_1157_stress_after:arm64+0x100145e7c)
    #5 IGESSolid::Init() IGESSolid.cxx:32 (occt_1157_stress_after:arm64+0x10021d518)
    #6 IGESControl_Controller::IGESControl_Controller(bool) IGESControl_Controller.cxx:79 (occt_1157_stress_after:arm64+0x10037fe60)
    #7 IGESControl_Controller::Init() IGESControl_Controller.cxx:364 (occt_1157_stress_after:arm64+0x1003853b0)
    #8 IGESControl_Writer::IGESControl_Writer(char const*, int) IGESControl_Writer.cxx:73 (occt_1157_stress_after:arm64+0x100390398)
    #9 IGESControl_Writer::IGESControl_Writer(char const*, int) IGESControl_Writer.cxx:72 (occt_1157_stress_after:arm64+0x100390560)
    #10 runIgesWriteIndependent(int, int) occt_1157_stress.cpp:160 (occt_1157_stress_after:arm64+0x100001b64)
    #11 void* std::__1::__thread_proxy[abi:nqe210106]<std::__1::tuple<std::__1::unique_ptr<std::__1::__thread_struct, std::__1::default_delete<std::__1::__thread_struct>>, void (*)(int, int), int, int>>(void*) thread.h:168 (occt_1157_stress_after:arm64+0x100006494)

  Thread T2 (tid=361107, running) created by main thread at:
    #0 pthread_create <null> (libclang_rt.tsan_osx_dynamic.dylib:arm64e+0x33834)
    #1 std::__1::thread::thread[abi:nqe210106]<void (*&)(int, int), int&, int&, 0>(void (*&)(int, int), int&, int&) thread.h:216 (occt_1157_stress_after:arm64+0x10000635c)
    #2 std::__1::thread* std::__1::vector<std::__1::thread, std::__1::allocator<std::__1::thread>>::__emplace_back_slow_path<void (*&)(int, int), int&, int&>(void (*&)(int, int), int&, int&) vector.h:1130 (occt_1157_stress_after:arm64+0x100006118)
    #3 runOne(char const*, int, int) occt_1157_stress.cpp:343 (occt_1157_stress_after:arm64+0x1000039d8)
    #4 main occt_1157_stress.cpp:380 (occt_1157_stress_after:arm64+0x100002e08)

  Thread T8 (tid=361114, running) created by main thread at:
    #0 pthread_create <null> (libclang_rt.tsan_osx_dynamic.dylib:arm64e+0x33834)
    #1 std::__1::thread::thread[abi:nqe210106]<void (*&)(int, int), int&, int&, 0>(void (*&)(int, int), int&, int&) thread.h:216 (occt_1157_stress_after:arm64+0x10000635c)
    #2 runOne(char const*, int, int) occt_1157_stress.cpp:343 (occt_1157_stress_after:arm64+0x1000039b0)
    #3 main occt_1157_stress.cpp:380 (occt_1157_stress_after:arm64+0x100002e08)

SUMMARY: ThreadSanitizer: data race Interface_InterfaceModel.cxx:1115 in Interface_InterfaceModel::Template(char const*)
==================
WARNING: ThreadSanitizer: data race (pid=71706)
  Read of size 8 at 0x00011001f730 by thread T3:
    #0 IGESData_GlobalSection::operator=(IGESData_GlobalSection const&) IGESData_GlobalSection.hxx:39 (occt_1157_stress_after:arm64+0x1000dffd0)
    #1 IGESData_IGESModel::GetFromAnother(opencascade::handle<Interface_InterfaceModel> const&) IGESData_IGESModel.cxx:352 (occt_1157_stress_after:arm64+0x1000e2890)
    #2 Interface_InterfaceModel::Template(char const*) Interface_InterfaceModel.cxx:1117 (occt_1157_stress_after:arm64+0x10132f274)
    #3 IGESData_BasicEditor::Init(opencascade::handle<IGESData_Protocol> const&) IGESData_BasicEditor.cxx:53 (occt_1157_stress_after:arm64+0x1000c7108)
    #4 IGESControl_Writer::IGESControl_Writer(char const*, int) IGESControl_Writer.cxx:74 (occt_1157_stress_after:arm64+0x1003903ac)
    #5 IGESControl_Writer::IGESControl_Writer(char const*, int) IGESControl_Writer.cxx:72 (occt_1157_stress_after:arm64+0x100390560)
    #6 runIgesWriteIndependent(int, int) occt_1157_stress.cpp:160 (occt_1157_stress_after:arm64+0x100001b64)
    #7 void* std::__1::__thread_proxy[abi:nqe210106]<std::__1::tuple<std::__1::unique_ptr<std::__1::__thread_struct, std::__1::default_delete<std::__1::__thread_struct>>, void (*)(int, int), int, int>>(void*) thread.h:168 (occt_1157_stress_after:arm64+0x100006494)

  Previous write of size 8 at 0x00011001f730 by thread T8:
    #0 IGESData_GlobalSection::operator=(IGESData_GlobalSection const&) IGESData_GlobalSection.hxx:39 (occt_1157_stress_after:arm64+0x1000e0038)
    #1 IGESData_IGESModel::SetGlobalSection(IGESData_GlobalSection const&) IGESData_IGESModel.cxx:278 (occt_1157_stress_after:arm64+0x1000e2398)
    #2 IGESData::Init() IGESData.cxx:288 (occt_1157_stress_after:arm64+0x1000c6604)
    #3 IGESBasic::Init() IGESBasic.cxx:31 (occt_1157_stress_after:arm64+0x100108e28)
    #4 IGESGeom::Init() IGESGeom.cxx:32 (occt_1157_stress_after:arm64+0x100145e7c)
    #5 IGESSolid::Init() IGESSolid.cxx:32 (occt_1157_stress_after:arm64+0x10021d518)
    #6 IGESControl_Controller::IGESControl_Controller(bool) IGESControl_Controller.cxx:79 (occt_1157_stress_after:arm64+0x10037fe60)
    #7 IGESControl_Controller::Init() IGESControl_Controller.cxx:364 (occt_1157_stress_after:arm64+0x1003853b0)
    #8 IGESControl_Writer::IGESControl_Writer(char const*, int) IGESControl_Writer.cxx:73 (occt_1157_stress_after:arm64+0x100390398)
    #9 IGESControl_Writer::IGESControl_Writer(char const*, int) IGESControl_Writer.cxx:72 (occt_1157_stress_after:arm64+0x100390560)
    #10 runIgesWriteIndependent(int, int) occt_1157_stress.cpp:160 (occt_1157_stress_after:arm64+0x100001b64)
    #11 void* std::__1::__thread_proxy[abi:nqe210106]<std::__1::tuple<std::__1::unique_ptr<std::__1::__thread_struct, std::__1::default_delete<std::__1::__thread_struct>>, void (*)(int, int), int, int>>(void*) thread.h:168 (occt_1157_stress_after:arm64+0x100006494)

  Location is heap block of size 424 at 0x00011001f640 allocated by thread T8:
    #0 calloc <null> (libclang_rt.tsan_osx_dynamic.dylib:arm64e+0x67c40)
    #1 Standard::Allocate(unsigned long) Standard.cxx:386 (occt_1157_stress_after:arm64+0x1008c3310)
    #2 IGESData::Init() IGESData.cxx:287 (occt_1157_stress_after:arm64+0x1000c65d0)
    #3 IGESBasic::Init() IGESBasic.cxx:31 (occt_1157_stress_after:arm64+0x100108e28)
    #4 IGESGeom::Init() IGESGeom.cxx:32 (occt_1157_stress_after:arm64+0x100145e7c)
    #5 IGESSolid::Init() IGESSolid.cxx:32 (occt_1157_stress_after:arm64+0x10021d518)
    #6 IGESControl_Controller::IGESControl_Controller(bool) IGESControl_Controller.cxx:79 (occt_1157_stress_after:arm64+0x10037fe60)
    #7 IGESControl_Controller::Init() IGESControl_Controller.cxx:364 (occt_1157_stress_after:arm64+0x1003853b0)
    #8 IGESControl_Writer::IGESControl_Writer(char const*, int) IGESControl_Writer.cxx:73 (occt_1157_stress_after:arm64+0x100390398)
    #9 IGESControl_Writer::IGESControl_Writer(char const*, int) IGESControl_Writer.cxx:72 (occt_1157_stress_after:arm64+0x100390560)
    #10 runIgesWriteIndependent(int, int) occt_1157_stress.cpp:160 (occt_1157_stress_after:arm64+0x100001b64)
    #11 void* std::__1::__thread_proxy[abi:nqe210106]<std::__1::tuple<std::__1::unique_ptr<std::__1::__thread_struct, std::__1::default_delete<std::__1::__thread_struct>>, void (*)(int, int), int, int>>(void*) thread.h:168 (occt_1157_stress_after:arm64+0x100006494)

  Thread T3 (tid=361108, running) created by main thread at:
    #0 pthread_create <null> (libclang_rt.tsan_osx_dynamic.dylib:arm64e+0x33834)
    #1 std::__1::thread::thread[abi:nqe210106]<void (*&)(int, int), int&, int&, 0>(void (*&)(int, int), int&, int&) thread.h:216 (occt_1157_stress_after:arm64+0x10000635c)
    #2 std::__1::thread* std::__1::vector<std::__1::thread, std::__1::allocator<std::__1::thread>>::__emplace_back_slow_path<void (*&)(int, int), int&, int&>(void (*&)(int, int), int&, int&) vector.h:1130 (occt_1157_stress_after:arm64+0x100006118)
    #3 runOne(char const*, int, int) occt_1157_stress.cpp:343 (occt_1157_stress_after:arm64+0x1000039d8)
    #4 main occt_1157_stress.cpp:380 (occt_1157_stress_after:arm64+0x100002e08)

  Thread T8 (tid=361114, running) created by main thread at:
    #0 pthread_create <null> (libclang_rt.tsan_osx_dynamic.dylib:arm64e+0x33834)
    #1 std::__1::thread::thread[abi:nqe210106]<void (*&)(int, int), int&, int&, 0>(void (*&)(int, int), int&, int&) thread.h:216 (occt_1157_stress_after:arm64+0x10000635c)
    #2 runOne(char const*, int, int) occt_1157_stress.cpp:343 (occt_1157_stress_after:arm64+0x1000039b0)
    #3 main occt_1157_stress.cpp:380 (occt_1157_stress_after:arm64+0x100002e08)

SUMMARY: ThreadSanitizer: data race IGESData_GlobalSection.hxx:39 in IGESData_GlobalSection::operator=(IGESData_GlobalSection const&)
==================
WARNING: ThreadSanitizer: data race (pid=71706)
  Atomic write of size 4 at 0x00010fb07248 by thread T2:
    #0 IGESData_GlobalSection::operator=(IGESData_GlobalSection const&) IGESData_GlobalSection.hxx:39 (occt_1157_stress_after:arm64+0x1000e0160)
    #1 IGESData_IGESModel::GetFromAnother(opencascade::handle<Interface_InterfaceModel> const&) IGESData_IGESModel.cxx:352 (occt_1157_stress_after:arm64+0x1000e2890)
    #2 Interface_InterfaceModel::Template(char const*) Interface_InterfaceModel.cxx:1117 (occt_1157_stress_after:arm64+0x10132f274)
    #3 IGESData_BasicEditor::Init(opencascade::handle<IGESData_Protocol> const&) IGESData_BasicEditor.cxx:53 (occt_1157_stress_after:arm64+0x1000c7108)
    #4 IGESControl_Writer::IGESControl_Writer(char const*, int) IGESControl_Writer.cxx:74 (occt_1157_stress_after:arm64+0x1003903ac)
    #5 IGESControl_Writer::IGESControl_Writer(char const*, int) IGESControl_Writer.cxx:72 (occt_1157_stress_after:arm64+0x100390560)
    #6 runIgesWriteIndependent(int, int) occt_1157_stress.cpp:160 (occt_1157_stress_after:arm64+0x100001b64)
    #7 void* std::__1::__thread_proxy[abi:nqe210106]<std::__1::tuple<std::__1::unique_ptr<std::__1::__thread_struct, std::__1::default_delete<std::__1::__thread_struct>>, void (*)(int, int), int, int>>(void*) thread.h:168 (occt_1157_stress_after:arm64+0x100006494)

  Previous write of size 4 at 0x00010fb07248 by thread T8:
    #0 TCollection_HAsciiString::TCollection_HAsciiString(char const*) TCollection_HAsciiString.cxx:34 (occt_1157_stress_after:arm64+0x1008df0b4)
    #1 IGESData_GlobalSection::TranslatedFromHollerith(opencascade::handle<TCollection_HAsciiString> const&) const IGESData_GlobalSection.cxx:123 (occt_1157_stress_after:arm64+0x1000d5ff8)
    #2 IGESData_GlobalSection::SetSystemId(opencascade::handle<TCollection_HAsciiString> const&) IGESData_GlobalSection.cxx:921 (occt_1157_stress_after:arm64+0x1000d96dc)
    #3 IGESData::Init() IGESData.cxx:254 (occt_1157_stress_after:arm64+0x1000c60a0)
    #4 IGESBasic::Init() IGESBasic.cxx:31 (occt_1157_stress_after:arm64+0x100108e28)
    #5 IGESGeom::Init() IGESGeom.cxx:32 (occt_1157_stress_after:arm64+0x100145e7c)
    #6 IGESSolid::Init() IGESSolid.cxx:32 (occt_1157_stress_after:arm64+0x10021d518)
    #7 IGESControl_Controller::IGESControl_Controller(bool) IGESControl_Controller.cxx:79 (occt_1157_stress_after:arm64+0x10037fe60)
    #8 IGESControl_Controller::Init() IGESControl_Controller.cxx:364 (occt_1157_stress_after:arm64+0x1003853b0)
    #9 IGESControl_Writer::IGESControl_Writer(char const*, int) IGESControl_Writer.cxx:73 (occt_1157_stress_after:arm64+0x100390398)
    #10 IGESControl_Writer::IGESControl_Writer(char const*, int) IGESControl_Writer.cxx:72 (occt_1157_stress_after:arm64+0x100390560)
    #11 runIgesWriteIndependent(int, int) occt_1157_stress.cpp:160 (occt_1157_stress_after:arm64+0x100001b64)
    #12 void* std::__1::__thread_proxy[abi:nqe210106]<std::__1::tuple<std::__1::unique_ptr<std::__1::__thread_struct, std::__1::default_delete<std::__1::__thread_struct>>, void (*)(int, int), int, int>>(void*) thread.h:168 (occt_1157_stress_after:arm64+0x100006494)

  Location is heap block of size 32 at 0x00010fb07240 allocated by thread T8:
    #0 calloc <null> (libclang_rt.tsan_osx_dynamic.dylib:arm64e+0x67c40)
    #1 Standard::Allocate(unsigned long) Standard.cxx:386 (occt_1157_stress_after:arm64+0x1008c3310)
    #2 IGESData_GlobalSection::TranslatedFromHollerith(opencascade::handle<TCollection_HAsciiString> const&) const IGESData_GlobalSection.cxx:123 (occt_1157_stress_after:arm64+0x1000d5fd4)
    #3 IGESData_GlobalSection::SetSystemId(opencascade::handle<TCollection_HAsciiString> const&) IGESData_GlobalSection.cxx:921 (occt_1157_stress_after:arm64+0x1000d96dc)
    #4 IGESData::Init() IGESData.cxx:254 (occt_1157_stress_after:arm64+0x1000c60a0)
    #5 IGESBasic::Init() IGESBasic.cxx:31 (occt_1157_stress_after:arm64+0x100108e28)
    #6 IGESGeom::Init() IGESGeom.cxx:32 (occt_1157_stress_after:arm64+0x100145e7c)
    #7 IGESSolid::Init() IGESSolid.cxx:32 (occt_1157_stress_after:arm64+0x10021d518)
    #8 IGESControl_Controller::IGESControl_Controller(bool) IGESControl_Controller.cxx:79 (occt_1157_stress_after:arm64+0x10037fe60)
    #9 IGESControl_Controller::Init() IGESControl_Controller.cxx:364 (occt_1157_stress_after:arm64+0x1003853b0)
    #10 IGESControl_Writer::IGESControl_Writer(char const*, int) IGESControl_Writer.cxx:73 (occt_1157_stress_after:arm64+0x100390398)
    #11 IGESControl_Writer::IGESControl_Writer(char const*, int) IGESControl_Writer.cxx:72 (occt_1157_stress_after:arm64+0x100390560)
    #12 runIgesWriteIndependent(int, int) occt_1157_stress.cpp:160 (occt_1157_stress_after:arm64+0x100001b64)
    #13 void* std::__1::__thread_proxy[abi:nqe210106]<std::__1::tuple<std::__1::unique_ptr<std::__1::__thread_struct, std::__1::default_delete<std::__1::__thread_struct>>, void (*)(int, int), int, int>>(void*) thread.h:168 (occt_1157_stress_after:arm64+0x100006494)

  Thread T2 (tid=361107, running) created by main thread at:
    #0 pthread_create <null> (libclang_rt.tsan_osx_dynamic.dylib:arm64e+0x33834)
    #1 std::__1::thread::thread[abi:nqe210106]<void (*&)(int, int), int&, int&, 0>(void (*&)(int, int), int&, int&) thread.h:216 (occt_1157_stress_after:arm64+0x10000635c)
    #2 std::__1::thread* std::__1::vector<std::__1::thread, std::__1::allocator<std::__1::thread>>::__emplace_back_slow_path<void (*&)(int, int), int&, int&>(void (*&)(int, int), int&, int&) vector.h:1130 (occt_1157_stress_after:arm64+0x100006118)
    #3 runOne(char const*, int, int) occt_1157_stress.cpp:343 (occt_1157_stress_after:arm64+0x1000039d8)
    #4 main occt_1157_stress.cpp:380 (occt_1157_stress_after:arm64+0x100002e08)

  Thread T8 (tid=361114, running) created by main thread at:
    #0 pthread_create <null> (libclang_rt.tsan_osx_dynamic.dylib:arm64e+0x33834)
    #1 std::__1::thread::thread[abi:nqe210106]<void (*&)(int, int), int&, int&, 0>(void (*&)(int, int), int&, int&) thread.h:216 (occt_1157_stress_after:arm64+0x10000635c)
    #2 runOne(char const*, int, int) occt_1157_stress.cpp:343 (occt_1157_stress_after:arm64+0x1000039b0)
    #3 main occt_1157_stress.cpp:380 (occt_1157_stress_after:arm64+0x100002e08)

SUMMARY: ThreadSanitizer: data race IGESData_GlobalSection.hxx:39 in IGESData_GlobalSection::operator=(IGESData_GlobalSection const&)
==================
WARNING: ThreadSanitizer: data race (pid=71706)
  Read of size 8 at 0x00011001f738 by thread T4:
    #0 IGESData_GlobalSection::operator=(IGESData_GlobalSection const&) IGESData_GlobalSection.hxx:39 (occt_1157_stress_after:arm64+0x1000e0058)
    #1 IGESData_IGESModel::GetFromAnother(opencascade::handle<Interface_InterfaceModel> const&) IGESData_IGESModel.cxx:352 (occt_1157_stress_after:arm64+0x1000e2890)
    #2 Interface_InterfaceModel::Template(char const*) Interface_InterfaceModel.cxx:1117 (occt_1157_stress_after:arm64+0x10132f274)
    #3 IGESData_BasicEditor::Init(opencascade::handle<IGESData_Protocol> const&) IGESData_BasicEditor.cxx:53 (occt_1157_stress_after:arm64+0x1000c7108)
    #4 IGESControl_Writer::IGESControl_Writer(char const*, int) IGESControl_Writer.cxx:74 (occt_1157_stress_after:arm64+0x1003903ac)
    #5 IGESControl_Writer::IGESControl_Writer(char const*, int) IGESControl_Writer.cxx:72 (occt_1157_stress_after:arm64+0x100390560)
    #6 runIgesWriteIndependent(int, int) occt_1157_stress.cpp:160 (occt_1157_stress_after:arm64+0x100001b64)
    #7 void* std::__1::__thread_proxy[abi:nqe210106]<std::__1::tuple<std::__1::unique_ptr<std::__1::__thread_struct, std::__1::default_delete<std::__1::__thread_struct>>, void (*)(int, int), int, int>>(void*) thread.h:168 (occt_1157_stress_after:arm64+0x100006494)

  Previous write of size 8 at 0x00011001f738 by thread T8:
    #0 IGESData_GlobalSection::operator=(IGESData_GlobalSection const&) IGESData_GlobalSection.hxx:39 (occt_1157_stress_after:arm64+0x1000e00c0)
    #1 IGESData_IGESModel::SetGlobalSection(IGESData_GlobalSection const&) IGESData_IGESModel.cxx:278 (occt_1157_stress_after:arm64+0x1000e2398)
    #2 IGESData::Init() IGESData.cxx:288 (occt_1157_stress_after:arm64+0x1000c6604)
    #3 IGESBasic::Init() IGESBasic.cxx:31 (occt_1157_stress_after:arm64+0x100108e28)
    #4 IGESGeom::Init() IGESGeom.cxx:32 (occt_1157_stress_after:arm64+0x100145e7c)
    #5 IGESSolid::Init() IGESSolid.cxx:32 (occt_1157_stress_after:arm64+0x10021d518)
    #6 IGESControl_Controller::IGESControl_Controller(bool) IGESControl_Controller.cxx:79 (occt_1157_stress_after:arm64+0x10037fe60)
    #7 IGESControl_Controller::Init() IGESControl_Controller.cxx:364 (occt_1157_stress_after:arm64+0x1003853b0)
    #8 IGESControl_Writer::IGESControl_Writer(char const*, int) IGESControl_Writer.cxx:73 (occt_1157_stress_after:arm64+0x100390398)
    #9 IGESControl_Writer::IGESControl_Writer(char const*, int) IGESControl_Writer.cxx:72 (occt_1157_stress_after:arm64+0x100390560)
    #10 runIgesWriteIndependent(int, int) occt_1157_stress.cpp:160 (occt_1157_stress_after:arm64+0x100001b64)
    #11 void* std::__1::__thread_proxy[abi:nqe210106]<std::__1::tuple<std::__1::unique_ptr<std::__1::__thread_struct, std::__1::default_delete<std::__1::__thread_struct>>, void (*)(int, int), int, int>>(void*) thread.h:168 (occt_1157_stress_after:arm64+0x100006494)

  Location is heap block of size 424 at 0x00011001f640 allocated by thread T8:
    #0 calloc <null> (libclang_rt.tsan_osx_dynamic.dylib:arm64e+0x67c40)
    #1 Standard::Allocate(unsigned long) Standard.cxx:386 (occt_1157_stress_after:arm64+0x1008c3310)
    #2 IGESData::Init() IGESData.cxx:287 (occt_1157_stress_after:arm64+0x1000c65d0)
    #3 IGESBasic::Init() IGESBasic.cxx:31 (occt_1157_stress_after:arm64+0x100108e28)
    #4 IGESGeom::Init() IGESGeom.cxx:32 (occt_1157_stress_after:arm64+0x100145e7c)
    #5 IGESSolid::Init() IGESSolid.cxx:32 (occt_1157_stress_after:arm64+0x10021d518)
    #6 IGESControl_Controller::IGESControl_Controller(bool) IGESControl_Controller.cxx:79 (occt_1157_stress_after:arm64+0x10037fe60)
    #7 IGESControl_Controller::Init() IGESControl_Controller.cxx:364 (occt_1157_stress_after:arm64+0x1003853b0)
    #8 IGESControl_Writer::IGESControl_Writer(char const*, int) IGESControl_Writer.cxx:73 (occt_1157_stress_after:arm64+0x100390398)
    #9 IGESControl_Writer::IGESControl_Writer(char const*, int) IGESControl_Writer.cxx:72 (occt_1157_stress_after:arm64+0x100390560)
    #10 runIgesWriteIndependent(int, int) occt_1157_stress.cpp:160 (occt_1157_stress_after:arm64+0x100001b64)
    #11 void* std::__1::__thread_proxy[abi:nqe210106]<std::__1::tuple<std::__1::unique_ptr<std::__1::__thread_struct, std::__1::default_delete<std::__1::__thread_struct>>, void (*)(int, int), int, int>>(void*) thread.h:168 (occt_1157_stress_after:arm64+0x100006494)

  Thread T4 (tid=361109, running) created by main thread at:
    #0 pthread_create <null> (libclang_rt.tsan_osx_dynamic.dylib:arm64e+0x33834)
    #1 std::__1::thread::thread[abi:nqe210106]<void (*&)(int, int), int&, int&, 0>(void (*&)(int, int), int&, int&) thread.h:216 (occt_1157_stress_after:arm64+0x10000635c)
    #2 runOne(char const*, int, int) occt_1157_stress.cpp:343 (occt_1157_stress_after:arm64+0x1000039b0)
    #3 main occt_1157_stress.cpp:380 (occt_1157_stress_after:arm64+0x100002e08)

  Thread T8 (tid=361114, running) created by main thread at:
    #0 pthread_create <null> (libclang_rt.tsan_osx_dynamic.dylib:arm64e+0x33834)
    #1 std::__1::thread::thread[abi:nqe210106]<void (*&)(int, int), int&, int&, 0>(void (*&)(int, int), int&, int&) thread.h:216 (occt_1157_stress_after:arm64+0x10000635c)
    #2 runOne(char const*, int, int) occt_1157_stress.cpp:343 (occt_1157_stress_after:arm64+0x1000039b0)
    #3 main occt_1157_stress.cpp:380 (occt_1157_stress_after:arm64+0x100002e08)

SUMMARY: ThreadSanitizer: data race IGESData_GlobalSection.hxx:39 in IGESData_GlobalSection::operator=(IGESData_GlobalSection const&)
==================
WARNING: ThreadSanitizer: data race (pid=71706)
  Atomic write of size 4 at 0x00010fb070a8 by thread T5:
    #0 IGESData_GlobalSection::operator=(IGESData_GlobalSection const&) IGESData_GlobalSection.hxx:39 (occt_1157_stress_after:arm64+0x1000e0050)
    #1 IGESData_IGESModel::GetFromAnother(opencascade::handle<Interface_InterfaceModel> const&) IGESData_IGESModel.cxx:352 (occt_1157_stress_after:arm64+0x1000e2890)
    #2 Interface_InterfaceModel::Template(char const*) Interface_InterfaceModel.cxx:1117 (occt_1157_stress_after:arm64+0x10132f274)
    #3 IGESData_BasicEditor::Init(opencascade::handle<IGESData_Protocol> const&) IGESData_BasicEditor.cxx:53 (occt_1157_stress_after:arm64+0x1000c7108)
    #4 IGESControl_Writer::IGESControl_Writer(char const*, int) IGESControl_Writer.cxx:74 (occt_1157_stress_after:arm64+0x1003903ac)
    #5 IGESControl_Writer::IGESControl_Writer(char const*, int) IGESControl_Writer.cxx:72 (occt_1157_stress_after:arm64+0x100390560)
    #6 runIgesWriteIndependent(int, int) occt_1157_stress.cpp:160 (occt_1157_stress_after:arm64+0x100001b64)
    #7 void* std::__1::__thread_proxy[abi:nqe210106]<std::__1::tuple<std::__1::unique_ptr<std::__1::__thread_struct, std::__1::default_delete<std::__1::__thread_struct>>, void (*)(int, int), int, int>>(void*) thread.h:168 (occt_1157_stress_after:arm64+0x100006494)

  Previous write of size 4 at 0x00010fb070a8 by thread T8:
    #0 TCollection_HAsciiString::TCollection_HAsciiString(char const*) TCollection_HAsciiString.cxx:34 (occt_1157_stress_after:arm64+0x1008df0b4)
    #1 IGESData_GlobalSection::TranslatedFromHollerith(opencascade::handle<TCollection_HAsciiString> const&) const IGESData_GlobalSection.cxx:123 (occt_1157_stress_after:arm64+0x1000d5ff8)
    #2 IGESData_GlobalSection::SetSendName(opencascade::handle<TCollection_HAsciiString> const&) IGESData_GlobalSection.cxx:911 (occt_1157_stress_after:arm64+0x1000d9554)
    #3 IGESData::Init() IGESData.cxx:251 (occt_1157_stress_after:arm64+0x1000c5f70)
    #4 IGESBasic::Init() IGESBasic.cxx:31 (occt_1157_stress_after:arm64+0x100108e28)
    #5 IGESGeom::Init() IGESGeom.cxx:32 (occt_1157_stress_after:arm64+0x100145e7c)
    #6 IGESSolid::Init() IGESSolid.cxx:32 (occt_1157_stress_after:arm64+0x10021d518)
    #7 IGESControl_Controller::IGESControl_Controller(bool) IGESControl_Controller.cxx:79 (occt_1157_stress_after:arm64+0x10037fe60)
    #8 IGESControl_Controller::Init() IGESControl_Controller.cxx:364 (occt_1157_stress_after:arm64+0x1003853b0)
    #9 IGESControl_Writer::IGESControl_Writer(char const*, int) IGESControl_Writer.cxx:73 (occt_1157_stress_after:arm64+0x100390398)
    #10 IGESControl_Writer::IGESControl_Writer(char const*, int) IGESControl_Writer.cxx:72 (occt_1157_stress_after:arm64+0x100390560)
    #11 runIgesWriteIndependent(int, int) occt_1157_stress.cpp:160 (occt_1157_stress_after:arm64+0x100001b64)
    #12 void* std::__1::__thread_proxy[abi:nqe210106]<std::__1::tuple<std::__1::unique_ptr<std::__1::__thread_struct, std::__1::default_delete<std::__1::__thread_struct>>, void (*)(int, int), int, int>>(void*) thread.h:168 (occt_1157_stress_after:arm64+0x100006494)

  Location is heap block of size 32 at 0x00010fb070a0 allocated by thread T8:
    #0 calloc <null> (libclang_rt.tsan_osx_dynamic.dylib:arm64e+0x67c40)
    #1 Standard::Allocate(unsigned long) Standard.cxx:386 (occt_1157_stress_after:arm64+0x1008c3310)
    #2 IGESData_GlobalSection::TranslatedFromHollerith(opencascade::handle<TCollection_HAsciiString> const&) const IGESData_GlobalSection.cxx:123 (occt_1157_stress_after:arm64+0x1000d5fd4)
    #3 IGESData_GlobalSection::SetSendName(opencascade::handle<TCollection_HAsciiString> const&) IGESData_GlobalSection.cxx:911 (occt_1157_stress_after:arm64+0x1000d9554)
    #4 IGESData::Init() IGESData.cxx:251 (occt_1157_stress_after:arm64+0x1000c5f70)
    #5 IGESBasic::Init() IGESBasic.cxx:31 (occt_1157_stress_after:arm64+0x100108e28)
    #6 IGESGeom::Init() IGESGeom.cxx:32 (occt_1157_stress_after:arm64+0x100145e7c)
    #7 IGESSolid::Init() IGESSolid.cxx:32 (occt_1157_stress_after:arm64+0x10021d518)
    #8 IGESControl_Controller::IGESControl_Controller(bool) IGESControl_Controller.cxx:79 (occt_1157_stress_after:arm64+0x10037fe60)
    #9 IGESControl_Controller::Init() IGESControl_Controller.cxx:364 (occt_1157_stress_after:arm64+0x1003853b0)
    #10 IGESControl_Writer::IGESControl_Writer(char const*, int) IGESControl_Writer.cxx:73 (occt_1157_stress_after:arm64+0x100390398)
    #11 IGESControl_Writer::IGESControl_Writer(char const*, int) IGESControl_Writer.cxx:72 (occt_1157_stress_after:arm64+0x100390560)
    #12 runIgesWriteIndependent(int, int) occt_1157_stress.cpp:160 (occt_1157_stress_after:arm64+0x100001b64)
    #13 void* std::__1::__thread_proxy[abi:nqe210106]<std::__1::tuple<std::__1::unique_ptr<std::__1::__thread_struct, std::__1::default_delete<std::__1::__thread_struct>>, void (*)(int, int), int, int>>(void*) thread.h:168 (occt_1157_stress_after:arm64+0x100006494)

  Thread T5 (tid=361110, running) created by main thread at:
    #0 pthread_create <null> (libclang_rt.tsan_osx_dynamic.dylib:arm64e+0x33834)
    #1 std::__1::thread::thread[abi:nqe210106]<void (*&)(int, int), int&, int&, 0>(void (*&)(int, int), int&, int&) thread.h:216 (occt_1157_stress_after:arm64+0x10000635c)
    #2 std::__1::thread* std::__1::vector<std::__1::thread, std::__1::allocator<std::__1::thread>>::__emplace_back_slow_path<void (*&)(int, int), int&, int&>(void (*&)(int, int), int&, int&) vector.h:1130 (occt_1157_stress_after:arm64+0x100006118)
    #3 runOne(char const*, int, int) occt_1157_stress.cpp:343 (occt_1157_stress_after:arm64+0x1000039d8)
    #4 main occt_1157_stress.cpp:380 (occt_1157_stress_after:arm64+0x100002e08)

  Thread T8 (tid=361114, running) created by main thread at:
    #0 pthread_create <null> (libclang_rt.tsan_osx_dynamic.dylib:arm64e+0x33834)
    #1 std::__1::thread::thread[abi:nqe210106]<void (*&)(int, int), int&, int&, 0>(void (*&)(int, int), int&, int&) thread.h:216 (occt_1157_stress_after:arm64+0x10000635c)
    #2 runOne(char const*, int, int) occt_1157_stress.cpp:343 (occt_1157_stress_after:arm64+0x1000039b0)
    #3 main occt_1157_stress.cpp:380 (occt_1157_stress_after:arm64+0x100002e08)

SUMMARY: ThreadSanitizer: data race IGESData_GlobalSection.hxx:39 in IGESData_GlobalSection::operator=(IGESData_GlobalSection const&)
==================
WARNING: ThreadSanitizer: data race (pid=71706)
  Read of size 8 at 0x00011001f740 by thread T6:
    #0 IGESData_GlobalSection::operator=(IGESData_GlobalSection const&) IGESData_GlobalSection.hxx:39 (occt_1157_stress_after:arm64+0x1000e00e0)
    #1 IGESData_IGESModel::GetFromAnother(opencascade::handle<Interface_InterfaceModel> const&) IGESData_IGESModel.cxx:352 (occt_1157_stress_after:arm64+0x1000e2890)
    #2 Interface_InterfaceModel::Template(char const*) Interface_InterfaceModel.cxx:1117 (occt_1157_stress_after:arm64+0x10132f274)
    #3 IGESData_BasicEditor::Init(opencascade::handle<IGESData_Protocol> const&) IGESData_BasicEditor.cxx:53 (occt_1157_stress_after:arm64+0x1000c7108)
    #4 IGESControl_Writer::IGESControl_Writer(char const*, int) IGESControl_Writer.cxx:74 (occt_1157_stress_after:arm64+0x1003903ac)
    #5 IGESControl_Writer::IGESControl_Writer(char const*, int) IGESControl_Writer.cxx:72 (occt_1157_stress_after:arm64+0x100390560)
    #6 runIgesWriteIndependent(int, int) occt_1157_stress.cpp:160 (occt_1157_stress_after:arm64+0x100001b64)
    #7 void* std::__1::__thread_proxy[abi:nqe210106]<std::__1::tuple<std::__1::unique_ptr<std::__1::__thread_struct, std::__1::default_delete<std::__1::__thread_struct>>, void (*)(int, int), int, int>>(void*) thread.h:168 (occt_1157_stress_after:arm64+0x100006494)

  Previous write of size 8 at 0x00011001f740 by thread T8:
    #0 IGESData_GlobalSection::operator=(IGESData_GlobalSection const&) IGESData_GlobalSection.hxx:39 (occt_1157_stress_after:arm64+0x1000e0148)
    #1 IGESData_IGESModel::SetGlobalSection(IGESData_GlobalSection const&) IGESData_IGESModel.cxx:278 (occt_1157_stress_after:arm64+0x1000e2398)
    #2 IGESData::Init() IGESData.cxx:288 (occt_1157_stress_after:arm64+0x1000c6604)
    #3 IGESBasic::Init() IGESBasic.cxx:31 (occt_1157_stress_after:arm64+0x100108e28)
    #4 IGESGeom::Init() IGESGeom.cxx:32 (occt_1157_stress_after:arm64+0x100145e7c)
    #5 IGESSolid::Init() IGESSolid.cxx:32 (occt_1157_stress_after:arm64+0x10021d518)
    #6 IGESControl_Controller::IGESControl_Controller(bool) IGESControl_Controller.cxx:79 (occt_1157_stress_after:arm64+0x10037fe60)
    #7 IGESControl_Controller::Init() IGESControl_Controller.cxx:364 (occt_1157_stress_after:arm64+0x1003853b0)
    #8 IGESControl_Writer::IGESControl_Writer(char const*, int) IGESControl_Writer.cxx:73 (occt_1157_stress_after:arm64+0x100390398)
    #9 IGESControl_Writer::IGESControl_Writer(char const*, int) IGESControl_Writer.cxx:72 (occt_1157_stress_after:arm64+0x100390560)
    #10 runIgesWriteIndependent(int, int) occt_1157_stress.cpp:160 (occt_1157_stress_after:arm64+0x100001b64)
    #11 void* std::__1::__thread_proxy[abi:nqe210106]<std::__1::tuple<std::__1::unique_ptr<std::__1::__thread_struct, std::__1::default_delete<std::__1::__thread_struct>>, void (*)(int, int), int, int>>(void*) thread.h:168 (occt_1157_stress_after:arm64+0x100006494)

  Location is heap block of size 424 at 0x00011001f640 allocated by thread T8:
    #0 calloc <null> (libclang_rt.tsan_osx_dynamic.dylib:arm64e+0x67c40)
    #1 Standard::Allocate(unsigned long) Standard.cxx:386 (occt_1157_stress_after:arm64+0x1008c3310)
    #2 IGESData::Init() IGESData.cxx:287 (occt_1157_stress_after:arm64+0x1000c65d0)
    #3 IGESBasic::Init() IGESBasic.cxx:31 (occt_1157_stress_after:arm64+0x100108e28)
    #4 IGESGeom::Init() IGESGeom.cxx:32 (occt_1157_stress_after:arm64+0x100145e7c)
    #5 IGESSolid::Init() IGESSolid.cxx:32 (occt_1157_stress_after:arm64+0x10021d518)
    #6 IGESControl_Controller::IGESControl_Controller(bool) IGESControl_Controller.cxx:79 (occt_1157_stress_after:arm64+0x10037fe60)
    #7 IGESControl_Controller::Init() IGESControl_Controller.cxx:364 (occt_1157_stress_after:arm64+0x1003853b0)
    #8 IGESControl_Writer::IGESControl_Writer(char const*, int) IGESControl_Writer.cxx:73 (occt_1157_stress_after:arm64+0x100390398)
    #9 IGESControl_Writer::IGESControl_Writer(char const*, int) IGESControl_Writer.cxx:72 (occt_1157_stress_after:arm64+0x100390560)
    #10 runIgesWriteIndependent(int, int) occt_1157_stress.cpp:160 (occt_1157_stress_after:arm64+0x100001b64)
    #11 void* std::__1::__thread_proxy[abi:nqe210106]<std::__1::tuple<std::__1::unique_ptr<std::__1::__thread_struct, std::__1::default_delete<std::__1::__thread_struct>>, void (*)(int, int), int, int>>(void*) thread.h:168 (occt_1157_stress_after:arm64+0x100006494)

  Thread T6 (tid=361111, running) created by main thread at:
    #0 pthread_create <null> (libclang_rt.tsan_osx_dynamic.dylib:arm64e+0x33834)
    #1 std::__1::thread::thread[abi:nqe210106]<void (*&)(int, int), int&, int&, 0>(void (*&)(int, int), int&, int&) thread.h:216 (occt_1157_stress_after:arm64+0x10000635c)
    #2 runOne(char const*, int, int) occt_1157_stress.cpp:343 (occt_1157_stress_after:arm64+0x1000039b0)
    #3 main occt_1157_stress.cpp:380 (occt_1157_stress_after:arm64+0x100002e08)

  Thread T8 (tid=361114, running) created by main thread at:
    #0 pthread_create <null> (libclang_rt.tsan_osx_dynamic.dylib:arm64e+0x33834)
    #1 std::__1::thread::thread[abi:nqe210106]<void (*&)(int, int), int&, int&, 0>(void (*&)(int, int), int&, int&) thread.h:216 (occt_1157_stress_after:arm64+0x10000635c)
    #2 runOne(char const*, int, int) occt_1157_stress.cpp:343 (occt_1157_stress_after:arm64+0x1000039b0)
    #3 main occt_1157_stress.cpp:380 (occt_1157_stress_after:arm64+0x100002e08)

SUMMARY: ThreadSanitizer: data race IGESData_GlobalSection.hxx:39 in IGESData_GlobalSection::operator=(IGESData_GlobalSection const&)
==================
WARNING: ThreadSanitizer: data race (pid=71706)
  Read of size 2 at 0x00011001f728 by thread T1:
    #0 IGESData_GlobalSection::operator=(IGESData_GlobalSection const&) IGESData_GlobalSection.hxx:39 (occt_1157_stress_after:arm64+0x1000dffb8)
    #1 IGESData_IGESModel::GetFromAnother(opencascade::handle<Interface_InterfaceModel> const&) IGESData_IGESModel.cxx:352 (occt_1157_stress_after:arm64+0x1000e2890)
    #2 Interface_InterfaceModel::Template(char const*) Interface_InterfaceModel.cxx:1117 (occt_1157_stress_after:arm64+0x10132f274)
    #3 IGESData_BasicEditor::Init(opencascade::handle<IGESData_Protocol> const&) IGESData_BasicEditor.cxx:53 (occt_1157_stress_after:arm64+0x1000c7108)
    #4 IGESControl_Writer::IGESControl_Writer(char const*, int) IGESControl_Writer.cxx:74 (occt_1157_stress_after:arm64+0x1003903ac)
    #5 IGESControl_Writer::IGESControl_Writer(char const*, int) IGESControl_Writer.cxx:72 (occt_1157_stress_after:arm64+0x100390560)
    #6 runIgesWriteIndependent(int, int) occt_1157_stress.cpp:160 (occt_1157_stress_after:arm64+0x100001b64)
    #7 void* std::__1::__thread_proxy[abi:nqe210106]<std::__1::tuple<std::__1::unique_ptr<std::__1::__thread_struct, std::__1::default_delete<std::__1::__thread_struct>>, void (*)(int, int), int, int>>(void*) thread.h:168 (occt_1157_stress_after:arm64+0x100006494)

  Previous write of size 1 at 0x00011001f728 by thread T8:
    #0 IGESData_GlobalSection::operator=(IGESData_GlobalSection const&) IGESData_GlobalSection.hxx:39 (occt_1157_stress_after:arm64+0x1000dffc4)
    #1 IGESData_IGESModel::SetGlobalSection(IGESData_GlobalSection const&) IGESData_IGESModel.cxx:278 (occt_1157_stress_after:arm64+0x1000e2398)
    #2 IGESData::Init() IGESData.cxx:288 (occt_1157_stress_after:arm64+0x1000c6604)
    #3 IGESBasic::Init() IGESBasic.cxx:31 (occt_1157_stress_after:arm64+0x100108e28)
    #4 IGESGeom::Init() IGESGeom.cxx:32 (occt_1157_stress_after:arm64+0x100145e7c)
    #5 IGESSolid::Init() IGESSolid.cxx:32 (occt_1157_stress_after:arm64+0x10021d518)
    #6 IGESControl_Controller::IGESControl_Controller(bool) IGESControl_Controller.cxx:79 (occt_1157_stress_after:arm64+0x10037fe60)
    #7 IGESControl_Controller::Init() IGESControl_Controller.cxx:364 (occt_1157_stress_after:arm64+0x1003853b0)
    #8 IGESControl_Writer::IGESControl_Writer(char const*, int) IGESControl_Writer.cxx:73 (occt_1157_stress_after:arm64+0x100390398)
    #9 IGESControl_Writer::IGESControl_Writer(char const*, int) IGESControl_Writer.cxx:72 (occt_1157_stress_after:arm64+0x100390560)
    #10 runIgesWriteIndependent(int, int) occt_1157_stress.cpp:160 (occt_1157_stress_after:arm64+0x100001b64)
    #11 void* std::__1::__thread_proxy[abi:nqe210106]<std::__1::tuple<std::__1::unique_ptr<std::__1::__thread_struct, std::__1::default_delete<std::__1::__thread_struct>>, void (*)(int, int), int, int>>(void*) thread.h:168 (occt_1157_stress_after:arm64+0x100006494)

  Location is heap block of size 424 at 0x00011001f640 allocated by thread T8:
    #0 calloc <null> (libclang_rt.tsan_osx_dynamic.dylib:arm64e+0x67c40)
    #1 Standard::Allocate(unsigned long) Standard.cxx:386 (occt_1157_stress_after:arm64+0x1008c3310)
    #2 IGESData::Init() IGESData.cxx:287 (occt_1157_stress_after:arm64+0x1000c65d0)
    #3 IGESBasic::Init() IGESBasic.cxx:31 (occt_1157_stress_after:arm64+0x100108e28)
    #4 IGESGeom::Init() IGESGeom.cxx:32 (occt_1157_stress_after:arm64+0x100145e7c)
    #5 IGESSolid::Init() IGESSolid.cxx:32 (occt_1157_stress_after:arm64+0x10021d518)
    #6 IGESControl_Controller::IGESControl_Controller(bool) IGESControl_Controller.cxx:79 (occt_1157_stress_after:arm64+0x10037fe60)
    #7 IGESControl_Controller::Init() IGESControl_Controller.cxx:364 (occt_1157_stress_after:arm64+0x1003853b0)
    #8 IGESControl_Writer::IGESControl_Writer(char const*, int) IGESControl_Writer.cxx:73 (occt_1157_stress_after:arm64+0x100390398)
    #9 IGESControl_Writer::IGESControl_Writer(char const*, int) IGESControl_Writer.cxx:72 (occt_1157_stress_after:arm64+0x100390560)
    #10 runIgesWriteIndependent(int, int) occt_1157_stress.cpp:160 (occt_1157_stress_after:arm64+0x100001b64)
    #11 void* std::__1::__thread_proxy[abi:nqe210106]<std::__1::tuple<std::__1::unique_ptr<std::__1::__thread_struct, std::__1::default_delete<std::__1::__thread_struct>>, void (*)(int, int), int, int>>(void*) thread.h:168 (occt_1157_stress_after:arm64+0x100006494)

  Thread T1 (tid=361106, running) created by main thread at:
    #0 pthread_create <null> (libclang_rt.tsan_osx_dynamic.dylib:arm64e+0x33834)
    #1 std::__1::thread::thread[abi:nqe210106]<void (*&)(int, int), int&, int&, 0>(void (*&)(int, int), int&, int&) thread.h:216 (occt_1157_stress_after:arm64+0x10000635c)
    #2 std::__1::thread* std::__1::vector<std::__1::thread, std::__1::allocator<std::__1::thread>>::__emplace_back_slow_path<void (*&)(int, int), int&, int&>(void (*&)(int, int), int&, int&) vector.h:1130 (occt_1157_stress_after:arm64+0x100006118)
    #3 runOne(char const*, int, int) occt_1157_stress.cpp:343 (occt_1157_stress_after:arm64+0x1000039d8)
    #4 main occt_1157_stress.cpp:380 (occt_1157_stress_after:arm64+0x100002e08)

  Thread T8 (tid=361114, running) created by main thread at:
    #0 pthread_create <null> (libclang_rt.tsan_osx_dynamic.dylib:arm64e+0x33834)
    #1 std::__1::thread::thread[abi:nqe210106]<void (*&)(int, int), int&, int&, 0>(void (*&)(int, int), int&, int&) thread.h:216 (occt_1157_stress_after:arm64+0x10000635c)
    #2 runOne(char const*, int, int) occt_1157_stress.cpp:343 (occt_1157_stress_after:arm64+0x1000039b0)
    #3 main occt_1157_stress.cpp:380 (occt_1157_stress_after:arm64+0x100002e08)

SUMMARY: ThreadSanitizer: data race IGESData_GlobalSection.hxx:39 in IGESData_GlobalSection::operator=(IGESData_GlobalSection const&)
==================
WARNING: ThreadSanitizer: data race (pid=71706)
  Atomic write of size 4 at 0x00010fb06fa8 by thread T7:
    #0 IGESData_GlobalSection::operator=(IGESData_GlobalSection const&) IGESData_GlobalSection.hxx:39 (occt_1157_stress_after:arm64+0x1000e00d8)
    #1 IGESData_IGESModel::GetFromAnother(opencascade::handle<Interface_InterfaceModel> const&) IGESData_IGESModel.cxx:352 (occt_1157_stress_after:arm64+0x1000e2890)
    #2 Interface_InterfaceModel::Template(char const*) Interface_InterfaceModel.cxx:1117 (occt_1157_stress_after:arm64+0x10132f274)
    #3 IGESData_BasicEditor::Init(opencascade::handle<IGESData_Protocol> const&) IGESData_BasicEditor.cxx:53 (occt_1157_stress_after:arm64+0x1000c7108)
    #4 IGESControl_Writer::IGESControl_Writer(char const*, int) IGESControl_Writer.cxx:74 (occt_1157_stress_after:arm64+0x1003903ac)
    #5 IGESControl_Writer::IGESControl_Writer(char const*, int) IGESControl_Writer.cxx:72 (occt_1157_stress_after:arm64+0x100390560)
    #6 runIgesWriteIndependent(int, int) occt_1157_stress.cpp:160 (occt_1157_stress_after:arm64+0x100001b64)
    #7 void* std::__1::__thread_proxy[abi:nqe210106]<std::__1::tuple<std::__1::unique_ptr<std::__1::__thread_struct, std::__1::default_delete<std::__1::__thread_struct>>, void (*)(int, int), int, int>>(void*) thread.h:168 (occt_1157_stress_after:arm64+0x100006494)

  Previous write of size 4 at 0x00010fb06fa8 by thread T8:
    #0 TCollection_HAsciiString::TCollection_HAsciiString(char const*) TCollection_HAsciiString.cxx:34 (occt_1157_stress_after:arm64+0x1008df0b4)
    #1 IGESData_GlobalSection::TranslatedFromHollerith(opencascade::handle<TCollection_HAsciiString> const&) const IGESData_GlobalSection.cxx:123 (occt_1157_stress_after:arm64+0x1000d5ff8)
    #2 IGESData_GlobalSection::SetFileName(opencascade::handle<TCollection_HAsciiString> const&) IGESData_GlobalSection.cxx:916 (occt_1157_stress_after:arm64+0x1000d9618)
    #3 IGESData::Init() IGESData.cxx:252 (occt_1157_stress_after:arm64+0x1000c6008)
    #4 IGESBasic::Init() IGESBasic.cxx:31 (occt_1157_stress_after:arm64+0x100108e28)
    #5 IGESGeom::Init() IGESGeom.cxx:32 (occt_1157_stress_after:arm64+0x100145e7c)
    #6 IGESSolid::Init() IGESSolid.cxx:32 (occt_1157_stress_after:arm64+0x10021d518)
    #7 IGESControl_Controller::IGESControl_Controller(bool) IGESControl_Controller.cxx:79 (occt_1157_stress_after:arm64+0x10037fe60)
    #8 IGESControl_Controller::Init() IGESControl_Controller.cxx:364 (occt_1157_stress_after:arm64+0x1003853b0)
    #9 IGESControl_Writer::IGESControl_Writer(char const*, int) IGESControl_Writer.cxx:73 (occt_1157_stress_after:arm64+0x100390398)
    #10 IGESControl_Writer::IGESControl_Writer(char const*, int) IGESControl_Writer.cxx:72 (occt_1157_stress_after:arm64+0x100390560)
    #11 runIgesWriteIndependent(int, int) occt_1157_stress.cpp:160 (occt_1157_stress_after:arm64+0x100001b64)
    #12 void* std::__1::__thread_proxy[abi:nqe210106]<std::__1::tuple<std::__1::unique_ptr<std::__1::__thread_struct, std::__1::default_delete<std::__1::__thread_struct>>, void (*)(int, int), int, int>>(void*) thread.h:168 (occt_1157_stress_after:arm64+0x100006494)

  Location is heap block of size 32 at 0x00010fb06fa0 allocated by thread T8:
    #0 calloc <null> (libclang_rt.tsan_osx_dynamic.dylib:arm64e+0x67c40)
    #1 Standard::Allocate(unsigned long) Standard.cxx:386 (occt_1157_stress_after:arm64+0x1008c3310)
    #2 IGESData_GlobalSection::TranslatedFromHollerith(opencascade::handle<TCollection_HAsciiString> const&) const IGESData_GlobalSection.cxx:123 (occt_1157_stress_after:arm64+0x1000d5fd4)
    #3 IGESData_GlobalSection::SetFileName(opencascade::handle<TCollection_HAsciiString> const&) IGESData_GlobalSection.cxx:916 (occt_1157_stress_after:arm64+0x1000d9618)
    #4 IGESData::Init() IGESData.cxx:252 (occt_1157_stress_after:arm64+0x1000c6008)
    #5 IGESBasic::Init() IGESBasic.cxx:31 (occt_1157_stress_after:arm64+0x100108e28)
    #6 IGESGeom::Init() IGESGeom.cxx:32 (occt_1157_stress_after:arm64+0x100145e7c)
    #7 IGESSolid::Init() IGESSolid.cxx:32 (occt_1157_stress_after:arm64+0x10021d518)
    #8 IGESControl_Controller::IGESControl_Controller(bool) IGESControl_Controller.cxx:79 (occt_1157_stress_after:arm64+0x10037fe60)
    #9 IGESControl_Controller::Init() IGESControl_Controller.cxx:364 (occt_1157_stress_after:arm64+0x1003853b0)
    #10 IGESControl_Writer::IGESControl_Writer(char const*, int) IGESControl_Writer.cxx:73 (occt_1157_stress_after:arm64+0x100390398)
    #11 IGESControl_Writer::IGESControl_Writer(char const*, int) IGESControl_Writer.cxx:72 (occt_1157_stress_after:arm64+0x100390560)
    #12 runIgesWriteIndependent(int, int) occt_1157_stress.cpp:160 (occt_1157_stress_after:arm64+0x100001b64)
    #13 void* std::__1::__thread_proxy[abi:nqe210106]<std::__1::tuple<std::__1::unique_ptr<std::__1::__thread_struct, std::__1::default_delete<std::__1::__thread_struct>>, void (*)(int, int), int, int>>(void*) thread.h:168 (occt_1157_stress_after:arm64+0x100006494)

  Thread T7 (tid=361113, running) created by main thread at:
    #0 pthread_create <null> (libclang_rt.tsan_osx_dynamic.dylib:arm64e+0x33834)
    #1 std::__1::thread::thread[abi:nqe210106]<void (*&)(int, int), int&, int&, 0>(void (*&)(int, int), int&, int&) thread.h:216 (occt_1157_stress_after:arm64+0x10000635c)
    #2 runOne(char const*, int, int) occt_1157_stress.cpp:343 (occt_1157_stress_after:arm64+0x1000039b0)
    #3 main occt_1157_stress.cpp:380 (occt_1157_stress_after:arm64+0x100002e08)

  Thread T8 (tid=361114, running) created by main thread at:
    #0 pthread_create <null> (libclang_rt.tsan_osx_dynamic.dylib:arm64e+0x33834)
    #1 std::__1::thread::thread[abi:nqe210106]<void (*&)(int, int), int&, int&, 0>(void (*&)(int, int), int&, int&) thread.h:216 (occt_1157_stress_after:arm64+0x10000635c)
    #2 runOne(char const*, int, int) occt_1157_stress.cpp:343 (occt_1157_stress_after:arm64+0x1000039b0)
    #3 main occt_1157_stress.cpp:380 (occt_1157_stress_after:arm64+0x100002e08)

SUMMARY: ThreadSanitizer: data race IGESData_GlobalSection.hxx:39 in IGESData_GlobalSection::operator=(IGESData_GlobalSection const&)
==================
WARNING: ThreadSanitizer: data race (pid=71706)
  Read of size 8 at 0x00011001f788 by thread T6:
    #0 IGESData_GlobalSection::operator=(IGESData_GlobalSection const&) IGESData_GlobalSection.hxx:39 (occt_1157_stress_after:arm64+0x1000e0298)
    #1 IGESData_IGESModel::GetFromAnother(opencascade::handle<Interface_InterfaceModel> const&) IGESData_IGESModel.cxx:352 (occt_1157_stress_after:arm64+0x1000e2890)
    #2 Interface_InterfaceModel::Template(char const*) Interface_InterfaceModel.cxx:1117 (occt_1157_stress_after:arm64+0x10132f274)
    #3 IGESData_BasicEditor::Init(opencascade::handle<IGESData_Protocol> const&) IGESData_BasicEditor.cxx:53 (occt_1157_stress_after:arm64+0x1000c7108)
    #4 IGESControl_Writer::IGESControl_Writer(char const*, int) IGESControl_Writer.cxx:74 (occt_1157_stress_after:arm64+0x1003903ac)
    #5 IGESControl_Writer::IGESControl_Writer(char const*, int) IGESControl_Writer.cxx:72 (occt_1157_stress_after:arm64+0x100390560)
    #6 runIgesWriteIndependent(int, int) occt_1157_stress.cpp:160 (occt_1157_stress_after:arm64+0x100001b64)
    #7 void* std::__1::__thread_proxy[abi:nqe210106]<std::__1::tuple<std::__1::unique_ptr<std::__1::__thread_struct, std::__1::default_delete<std::__1::__thread_struct>>, void (*)(int, int), int, int>>(void*) thread.h:168 (occt_1157_stress_after:arm64+0x100006494)

  Previous write of size 8 at 0x00011001f788 by thread T8:
    #0 IGESData_GlobalSection::IGESData_GlobalSection() IGESData_GlobalSection.cxx:92 (occt_1157_stress_after:arm64+0x1000d5dcc)
    #1 IGESData_IGESModel::IGESData_IGESModel() IGESData_IGESModel.cxx:42 (occt_1157_stress_after:arm64+0x1000df8b4)
    #2 IGESData_IGESModel::IGESData_IGESModel() IGESData_IGESModel.cxx:43 (occt_1157_stress_after:arm64+0x1000dfe04)
    #3 IGESData::Init() IGESData.cxx:287 (occt_1157_stress_after:arm64+0x1000c65d8)
    #4 IGESBasic::Init() IGESBasic.cxx:31 (occt_1157_stress_after:arm64+0x100108e28)
    #5 IGESGeom::Init() IGESGeom.cxx:32 (occt_1157_stress_after:arm64+0x100145e7c)
    #6 IGESSolid::Init() IGESSolid.cxx:32 (occt_1157_stress_after:arm64+0x10021d518)
    #7 IGESControl_Controller::IGESControl_Controller(bool) IGESControl_Controller.cxx:79 (occt_1157_stress_after:arm64+0x10037fe60)
    #8 IGESControl_Controller::Init() IGESControl_Controller.cxx:364 (occt_1157_stress_after:arm64+0x1003853b0)
    #9 IGESControl_Writer::IGESControl_Writer(char const*, int) IGESControl_Writer.cxx:73 (occt_1157_stress_after:arm64+0x100390398)
    #10 IGESControl_Writer::IGESControl_Writer(char const*, int) IGESControl_Writer.cxx:72 (occt_1157_stress_after:arm64+0x100390560)
    #11 runIgesWriteIndependent(int, int) occt_1157_stress.cpp:160 (occt_1157_stress_after:arm64+0x100001b64)
    #12 void* std::__1::__thread_proxy[abi:nqe210106]<std::__1::tuple<std::__1::unique_ptr<std::__1::__thread_struct, std::__1::default_delete<std::__1::__thread_struct>>, void (*)(int, int), int, int>>(void*) thread.h:168 (occt_1157_stress_after:arm64+0x100006494)

  Location is heap block of size 424 at 0x00011001f640 allocated by thread T8:
    #0 calloc <null> (libclang_rt.tsan_osx_dynamic.dylib:arm64e+0x67c40)
    #1 Standard::Allocate(unsigned long) Standard.cxx:386 (occt_1157_stress_after:arm64+0x1008c3310)
    #2 IGESData::Init() IGESData.cxx:287 (occt_1157_stress_after:arm64+0x1000c65d0)
    #3 IGESBasic::Init() IGESBasic.cxx:31 (occt_1157_stress_after:arm64+0x100108e28)
    #4 IGESGeom::Init() IGESGeom.cxx:32 (occt_1157_stress_after:arm64+0x100145e7c)
    #5 IGESSolid::Init() IGESSolid.cxx:32 (occt_1157_stress_after:arm64+0x10021d518)
    #6 IGESControl_Controller::IGESControl_Controller(bool) IGESControl_Controller.cxx:79 (occt_1157_stress_after:arm64+0x10037fe60)
    #7 IGESControl_Controller::Init() IGESControl_Controller.cxx:364 (occt_1157_stress_after:arm64+0x1003853b0)
    #8 IGESControl_Writer::IGESControl_Writer(char const*, int) IGESControl_Writer.cxx:73 (occt_1157_stress_after:arm64+0x100390398)
    #9 IGESControl_Writer::IGESControl_Writer(char const*, int) IGESControl_Writer.cxx:72 (occt_1157_stress_after:arm64+0x100390560)
    #10 runIgesWriteIndependent(int, int) occt_1157_stress.cpp:160 (occt_1157_stress_after:arm64+0x100001b64)
    #11 void* std::__1::__thread_proxy[abi:nqe210106]<std::__1::tuple<std::__1::unique_ptr<std::__1::__thread_struct, std::__1::default_delete<std::__1::__thread_struct>>, void (*)(int, int), int, int>>(void*) thread.h:168 (occt_1157_stress_after:arm64+0x100006494)

  Thread T6 (tid=361111, running) created by main thread at:
    #0 pthread_create <null> (libclang_rt.tsan_osx_dynamic.dylib:arm64e+0x33834)
    #1 std::__1::thread::thread[abi:nqe210106]<void (*&)(int, int), int&, int&, 0>(void (*&)(int, int), int&, int&) thread.h:216 (occt_1157_stress_after:arm64+0x10000635c)
    #2 runOne(char const*, int, int) occt_1157_stress.cpp:343 (occt_1157_stress_after:arm64+0x1000039b0)
    #3 main occt_1157_stress.cpp:380 (occt_1157_stress_after:arm64+0x100002e08)

  Thread T8 (tid=361114, running) created by main thread at:
    #0 pthread_create <null> (libclang_rt.tsan_osx_dynamic.dylib:arm64e+0x33834)
    #1 std::__1::thread::thread[abi:nqe210106]<void (*&)(int, int), int&, int&, 0>(void (*&)(int, int), int&, int&) thread.h:216 (occt_1157_stress_after:arm64+0x10000635c)
    #2 runOne(char const*, int, int) occt_1157_stress.cpp:343 (occt_1157_stress_after:arm64+0x1000039b0)
    #3 main occt_1157_stress.cpp:380 (occt_1157_stress_after:arm64+0x100002e08)

SUMMARY: ThreadSanitizer: data race IGESData_GlobalSection.hxx:39 in IGESData_GlobalSection::operator=(IGESData_GlobalSection const&)
==================
WARNING: ThreadSanitizer: data race (pid=71706)
  Atomic write of size 4 at 0x00010fb06f68 by thread T1:
    #0 IGESData_GlobalSection::operator=(IGESData_GlobalSection const&) IGESData_GlobalSection.hxx:39 (occt_1157_stress_after:arm64+0x1000e0318)
    #1 IGESData_IGESModel::GetFromAnother(opencascade::handle<Interface_InterfaceModel> const&) IGESData_IGESModel.cxx:352 (occt_1157_stress_after:arm64+0x1000e2890)
    #2 Interface_InterfaceModel::Template(char const*) Interface_InterfaceModel.cxx:1117 (occt_1157_stress_after:arm64+0x10132f274)
    #3 IGESData_BasicEditor::Init(opencascade::handle<IGESData_Protocol> const&) IGESData_BasicEditor.cxx:53 (occt_1157_stress_after:arm64+0x1000c7108)
    #4 IGESControl_Writer::IGESControl_Writer(char const*, int) IGESControl_Writer.cxx:74 (occt_1157_stress_after:arm64+0x1003903ac)
    #5 IGESControl_Writer::IGESControl_Writer(char const*, int) IGESControl_Writer.cxx:72 (occt_1157_stress_after:arm64+0x100390560)
    #6 runIgesWriteIndependent(int, int) occt_1157_stress.cpp:160 (occt_1157_stress_after:arm64+0x100001b64)
    #7 void* std::__1::__thread_proxy[abi:nqe210106]<std::__1::tuple<std::__1::unique_ptr<std::__1::__thread_struct, std::__1::default_delete<std::__1::__thread_struct>>, void (*)(int, int), int, int>>(void*) thread.h:168 (occt_1157_stress_after:arm64+0x100006494)

  Previous write of size 4 at 0x00010fb06f68 by thread T8:
    #0 TCollection_HAsciiString::TCollection_HAsciiString(char const*) TCollection_HAsciiString.cxx:34 (occt_1157_stress_after:arm64+0x1008df0b4)
    #1 IGESData_GlobalSection::TranslatedFromHollerith(opencascade::handle<TCollection_HAsciiString> const&) const IGESData_GlobalSection.cxx:123 (occt_1157_stress_after:arm64+0x1000d5ff8)
    #2 IGESData_GlobalSection::SetUnitName(opencascade::handle<TCollection_HAsciiString> const&) IGESData_GlobalSection.cxx:976 (occt_1157_stress_after:arm64+0x1000d9af8)
    #3 IGESData::Init() IGESData.cxx:266 (occt_1157_stress_after:arm64+0x1000c6294)
    #4 IGESBasic::Init() IGESBasic.cxx:31 (occt_1157_stress_after:arm64+0x100108e28)
    #5 IGESGeom::Init() IGESGeom.cxx:32 (occt_1157_stress_after:arm64+0x100145e7c)
    #6 IGESSolid::Init() IGESSolid.cxx:32 (occt_1157_stress_after:arm64+0x10021d518)
    #7 IGESControl_Controller::IGESControl_Controller(bool) IGESControl_Controller.cxx:79 (occt_1157_stress_after:arm64+0x10037fe60)
    #8 IGESControl_Controller::Init() IGESControl_Controller.cxx:364 (occt_1157_stress_after:arm64+0x1003853b0)
    #9 IGESControl_Writer::IGESControl_Writer(char const*, int) IGESControl_Writer.cxx:73 (occt_1157_stress_after:arm64+0x100390398)
    #10 IGESControl_Writer::IGESControl_Writer(char const*, int) IGESControl_Writer.cxx:72 (occt_1157_stress_after:arm64+0x100390560)
    #11 runIgesWriteIndependent(int, int) occt_1157_stress.cpp:160 (occt_1157_stress_after:arm64+0x100001b64)
    #12 void* std::__1::__thread_proxy[abi:nqe210106]<std::__1::tuple<std::__1::unique_ptr<std::__1::__thread_struct, std::__1::default_delete<std::__1::__thread_struct>>, void (*)(int, int), int, int>>(void*) thread.h:168 (occt_1157_stress_after:arm64+0x100006494)

  Location is heap block of size 32 at 0x00010fb06f60 allocated by thread T8:
    #0 calloc <null> (libclang_rt.tsan_osx_dynamic.dylib:arm64e+0x67c40)
    #1 Standard::Allocate(unsigned long) Standard.cxx:386 (occt_1157_stress_after:arm64+0x1008c3310)
    #2 IGESData_GlobalSection::TranslatedFromHollerith(opencascade::handle<TCollection_HAsciiString> const&) const IGESData_GlobalSection.cxx:123 (occt_1157_stress_after:arm64+0x1000d5fd4)
    #3 IGESData_GlobalSection::SetUnitName(opencascade::handle<TCollection_HAsciiString> const&) IGESData_GlobalSection.cxx:976 (occt_1157_stress_after:arm64+0x1000d9af8)
    #4 IGESData::Init() IGESData.cxx:266 (occt_1157_stress_after:arm64+0x1000c6294)
    #5 IGESBasic::Init() IGESBasic.cxx:31 (occt_1157_stress_after:arm64+0x100108e28)
    #6 IGESGeom::Init() IGESGeom.cxx:32 (occt_1157_stress_after:arm64+0x100145e7c)
    #7 IGESSolid::Init() IGESSolid.cxx:32 (occt_1157_stress_after:arm64+0x10021d518)
    #8 IGESControl_Controller::IGESControl_Controller(bool) IGESControl_Controller.cxx:79 (occt_1157_stress_after:arm64+0x10037fe60)
    #9 IGESControl_Controller::Init() IGESControl_Controller.cxx:364 (occt_1157_stress_after:arm64+0x1003853b0)
    #10 IGESControl_Writer::IGESControl_Writer(char const*, int) IGESControl_Writer.cxx:73 (occt_1157_stress_after:arm64+0x100390398)
    #11 IGESControl_Writer::IGESControl_Writer(char const*, int) IGESControl_Writer.cxx:72 (occt_1157_stress_after:arm64+0x100390560)
    #12 runIgesWriteIndependent(int, int) occt_1157_stress.cpp:160 (occt_1157_stress_after:arm64+0x100001b64)
    #13 void* std::__1::__thread_proxy[abi:nqe210106]<std::__1::tuple<std::__1::unique_ptr<std::__1::__thread_struct, std::__1::default_delete<std::__1::__thread_struct>>, void (*)(int, int), int, int>>(void*) thread.h:168 (occt_1157_stress_after:arm64+0x100006494)

  Thread T1 (tid=361106, running) created by main thread at:
    #0 pthread_create <null> (libclang_rt.tsan_osx_dynamic.dylib:arm64e+0x33834)
    #1 std::__1::thread::thread[abi:nqe210106]<void (*&)(int, int), int&, int&, 0>(void (*&)(int, int), int&, int&) thread.h:216 (occt_1157_stress_after:arm64+0x10000635c)
    #2 std::__1::thread* std::__1::vector<std::__1::thread, std::__1::allocator<std::__1::thread>>::__emplace_back_slow_path<void (*&)(int, int), int&, int&>(void (*&)(int, int), int&, int&) vector.h:1130 (occt_1157_stress_after:arm64+0x100006118)
    #3 runOne(char const*, int, int) occt_1157_stress.cpp:343 (occt_1157_stress_after:arm64+0x1000039d8)
    #4 main occt_1157_stress.cpp:380 (occt_1157_stress_after:arm64+0x100002e08)

  Thread T8 (tid=361114, running) created by main thread at:
    #0 pthread_create <null> (libclang_rt.tsan_osx_dynamic.dylib:arm64e+0x33834)
    #1 std::__1::thread::thread[abi:nqe210106]<void (*&)(int, int), int&, int&, 0>(void (*&)(int, int), int&, int&) thread.h:216 (occt_1157_stress_after:arm64+0x10000635c)
    #2 runOne(char const*, int, int) occt_1157_stress.cpp:343 (occt_1157_stress_after:arm64+0x1000039b0)
    #3 main occt_1157_stress.cpp:380 (occt_1157_stress_after:arm64+0x100002e08)

SUMMARY: ThreadSanitizer: data race IGESData_GlobalSection.hxx:39 in IGESData_GlobalSection::operator=(IGESData_GlobalSection const&)
==================
WARNING: ThreadSanitizer: data race (pid=71706)
  Read of size 8 at 0x00011001f7a0 by thread T7:
    #0 IGESData_GlobalSection::operator=(IGESData_GlobalSection const&) IGESData_GlobalSection.hxx:39 (occt_1157_stress_after:arm64+0x1000e0330)
    #1 IGESData_IGESModel::GetFromAnother(opencascade::handle<Interface_InterfaceModel> const&) IGESData_IGESModel.cxx:352 (occt_1157_stress_after:arm64+0x1000e2890)
    #2 Interface_InterfaceModel::Template(char const*) Interface_InterfaceModel.cxx:1117 (occt_1157_stress_after:arm64+0x10132f274)
    #3 IGESData_BasicEditor::Init(opencascade::handle<IGESData_Protocol> const&) IGESData_BasicEditor.cxx:53 (occt_1157_stress_after:arm64+0x1000c7108)
    #4 IGESControl_Writer::IGESControl_Writer(char const*, int) IGESControl_Writer.cxx:74 (occt_1157_stress_after:arm64+0x1003903ac)
    #5 IGESControl_Writer::IGESControl_Writer(char const*, int) IGESControl_Writer.cxx:72 (occt_1157_stress_after:arm64+0x100390560)
    #6 runIgesWriteIndependent(int, int) occt_1157_stress.cpp:160 (occt_1157_stress_after:arm64+0x100001b64)
    #7 void* std::__1::__thread_proxy[abi:nqe210106]<std::__1::tuple<std::__1::unique_ptr<std::__1::__thread_struct, std::__1::default_delete<std::__1::__thread_struct>>, void (*)(int, int), int, int>>(void*) thread.h:168 (occt_1157_stress_after:arm64+0x100006494)

  Previous write of size 8 at 0x00011001f7a0 by thread T8:
    #0 IGESData_GlobalSection::operator=(IGESData_GlobalSection const&) IGESData_GlobalSection.hxx:39 (occt_1157_stress_after:arm64+0x1000e0398)
    #1 IGESData_IGESModel::SetGlobalSection(IGESData_GlobalSection const&) IGESData_IGESModel.cxx:278 (occt_1157_stress_after:arm64+0x1000e2398)
    #2 IGESData::Init() IGESData.cxx:288 (occt_1157_stress_after:arm64+0x1000c6604)
    #3 IGESBasic::Init() IGESBasic.cxx:31 (occt_1157_stress_after:arm64+0x100108e28)
    #4 IGESGeom::Init() IGESGeom.cxx:32 (occt_1157_stress_after:arm64+0x100145e7c)
    #5 IGESSolid::Init() IGESSolid.cxx:32 (occt_1157_stress_after:arm64+0x10021d518)
    #6 IGESControl_Controller::IGESControl_Controller(bool) IGESControl_Controller.cxx:79 (occt_1157_stress_after:arm64+0x10037fe60)
    #7 IGESControl_Controller::Init() IGESControl_Controller.cxx:364 (occt_1157_stress_after:arm64+0x1003853b0)
    #8 IGESControl_Writer::IGESControl_Writer(char const*, int) IGESControl_Writer.cxx:73 (occt_1157_stress_after:arm64+0x100390398)
    #9 IGESControl_Writer::IGESControl_Writer(char const*, int) IGESControl_Writer.cxx:72 (occt_1157_stress_after:arm64+0x100390560)
    #10 runIgesWriteIndependent(int, int) occt_1157_stress.cpp:160 (occt_1157_stress_after:arm64+0x100001b64)
    #11 void* std::__1::__thread_proxy[abi:nqe210106]<std::__1::tuple<std::__1::unique_ptr<std::__1::__thread_struct, std::__1::default_delete<std::__1::__thread_struct>>, void (*)(int, int), int, int>>(void*) thread.h:168 (occt_1157_stress_after:arm64+0x100006494)

  Location is heap block of size 424 at 0x00011001f640 allocated by thread T8:
    #0 calloc <null> (libclang_rt.tsan_osx_dynamic.dylib:arm64e+0x67c40)
    #1 Standard::Allocate(unsigned long) Standard.cxx:386 (occt_1157_stress_after:arm64+0x1008c3310)
    #2 IGESData::Init() IGESData.cxx:287 (occt_1157_stress_after:arm64+0x1000c65d0)
    #3 IGESBasic::Init() IGESBasic.cxx:31 (occt_1157_stress_after:arm64+0x100108e28)
    #4 IGESGeom::Init() IGESGeom.cxx:32 (occt_1157_stress_after:arm64+0x100145e7c)
    #5 IGESSolid::Init() IGESSolid.cxx:32 (occt_1157_stress_after:arm64+0x10021d518)
    #6 IGESControl_Controller::IGESControl_Controller(bool) IGESControl_Controller.cxx:79 (occt_1157_stress_after:arm64+0x10037fe60)
    #7 IGESControl_Controller::Init() IGESControl_Controller.cxx:364 (occt_1157_stress_after:arm64+0x1003853b0)
    #8 IGESControl_Writer::IGESControl_Writer(char const*, int) IGESControl_Writer.cxx:73 (occt_1157_stress_after:arm64+0x100390398)
    #9 IGESControl_Writer::IGESControl_Writer(char const*, int) IGESControl_Writer.cxx:72 (occt_1157_stress_after:arm64+0x100390560)
    #10 runIgesWriteIndependent(int, int) occt_1157_stress.cpp:160 (occt_1157_stress_after:arm64+0x100001b64)
    #11 void* std::__1::__thread_proxy[abi:nqe210106]<std::__1::tuple<std::__1::unique_ptr<std::__1::__thread_struct, std::__1::default_delete<std::__1::__thread_struct>>, void (*)(int, int), int, int>>(void*) thread.h:168 (occt_1157_stress_after:arm64+0x100006494)

  Thread T7 (tid=361113, running) created by main thread at:
    #0 pthread_create <null> (libclang_rt.tsan_osx_dynamic.dylib:arm64e+0x33834)
    #1 std::__1::thread::thread[abi:nqe210106]<void (*&)(int, int), int&, int&, 0>(void (*&)(int, int), int&, int&) thread.h:216 (occt_1157_stress_after:arm64+0x10000635c)
    #2 runOne(char const*, int, int) occt_1157_stress.cpp:343 (occt_1157_stress_after:arm64+0x1000039b0)
    #3 main occt_1157_stress.cpp:380 (occt_1157_stress_after:arm64+0x100002e08)

  Thread T8 (tid=361114, running) created by main thread at:
    #0 pthread_create <null> (libclang_rt.tsan_osx_dynamic.dylib:arm64e+0x33834)
    #1 std::__1::thread::thread[abi:nqe210106]<void (*&)(int, int), int&, int&, 0>(void (*&)(int, int), int&, int&) thread.h:216 (occt_1157_stress_after:arm64+0x10000635c)
    #2 runOne(char const*, int, int) occt_1157_stress.cpp:343 (occt_1157_stress_after:arm64+0x1000039b0)
    #3 main occt_1157_stress.cpp:380 (occt_1157_stress_after:arm64+0x100002e08)

SUMMARY: ThreadSanitizer: data race IGESData_GlobalSection.hxx:39 in IGESData_GlobalSection::operator=(IGESData_GlobalSection const&)
==================
WARNING: ThreadSanitizer: data race (pid=71706)
  Atomic write of size 4 at 0x00010fb06f88 by thread T6:
    #0 IGESData_GlobalSection::operator=(IGESData_GlobalSection const&) IGESData_GlobalSection.hxx:39 (occt_1157_stress_after:arm64+0x1000e03b0)
    #1 IGESData_IGESModel::GetFromAnother(opencascade::handle<Interface_InterfaceModel> const&) IGESData_IGESModel.cxx:352 (occt_1157_stress_after:arm64+0x1000e2890)
    #2 Interface_InterfaceModel::Template(char const*) Interface_InterfaceModel.cxx:1117 (occt_1157_stress_after:arm64+0x10132f274)
    #3 IGESData_BasicEditor::Init(opencascade::handle<IGESData_Protocol> const&) IGESData_BasicEditor.cxx:53 (occt_1157_stress_after:arm64+0x1000c7108)
    #4 IGESControl_Writer::IGESControl_Writer(char const*, int) IGESControl_Writer.cxx:74 (occt_1157_stress_after:arm64+0x1003903ac)
    #5 IGESControl_Writer::IGESControl_Writer(char const*, int) IGESControl_Writer.cxx:72 (occt_1157_stress_after:arm64+0x100390560)
    #6 runIgesWriteIndependent(int, int) occt_1157_stress.cpp:160 (occt_1157_stress_after:arm64+0x100001b64)
    #7 void* std::__1::__thread_proxy[abi:nqe210106]<std::__1::tuple<std::__1::unique_ptr<std::__1::__thread_struct, std::__1::default_delete<std::__1::__thread_struct>>, void (*)(int, int), int, int>>(void*) thread.h:168 (occt_1157_stress_after:arm64+0x100006494)

  Previous write of size 4 at 0x00010fb06f88 by thread T8:
    #0 TCollection_HAsciiString::TCollection_HAsciiString(char const*) TCollection_HAsciiString.cxx:34 (occt_1157_stress_after:arm64+0x1008df0b4)
    #1 IGESData_GlobalSection::TranslatedFromHollerith(opencascade::handle<TCollection_HAsciiString> const&) const IGESData_GlobalSection.cxx:123 (occt_1157_stress_after:arm64+0x1000d5ff8)
    #2 IGESData_GlobalSection::SetDate(opencascade::handle<TCollection_HAsciiString> const&) IGESData_GlobalSection.cxx:991 (occt_1157_stress_after:arm64+0x1000d9c34)
    #3 IGESData::Init() IGESData.cxx:269 (occt_1157_stress_after:arm64+0x1000c631c)
    #4 IGESBasic::Init() IGESBasic.cxx:31 (occt_1157_stress_after:arm64+0x100108e28)
    #5 IGESGeom::Init() IGESGeom.cxx:32 (occt_1157_stress_after:arm64+0x100145e7c)
    #6 IGESSolid::Init() IGESSolid.cxx:32 (occt_1157_stress_after:arm64+0x10021d518)
    #7 IGESControl_Controller::IGESControl_Controller(bool) IGESControl_Controller.cxx:79 (occt_1157_stress_after:arm64+0x10037fe60)
    #8 IGESControl_Controller::Init() IGESControl_Controller.cxx:364 (occt_1157_stress_after:arm64+0x1003853b0)
    #9 IGESControl_Writer::IGESControl_Writer(char const*, int) IGESControl_Writer.cxx:73 (occt_1157_stress_after:arm64+0x100390398)
    #10 IGESControl_Writer::IGESControl_Writer(char const*, int) IGESControl_Writer.cxx:72 (occt_1157_stress_after:arm64+0x100390560)
    #11 runIgesWriteIndependent(int, int) occt_1157_stress.cpp:160 (occt_1157_stress_after:arm64+0x100001b64)
    #12 void* std::__1::__thread_proxy[abi:nqe210106]<std::__1::tuple<std::__1::unique_ptr<std::__1::__thread_struct, std::__1::default_delete<std::__1::__thread_struct>>, void (*)(int, int), int, int>>(void*) thread.h:168 (occt_1157_stress_after:arm64+0x100006494)

  Location is heap block of size 32 at 0x00010fb06f80 allocated by thread T8:
    #0 calloc <null> (libclang_rt.tsan_osx_dynamic.dylib:arm64e+0x67c40)
    #1 Standard::Allocate(unsigned long) Standard.cxx:386 (occt_1157_stress_after:arm64+0x1008c3310)
    #2 IGESData_GlobalSection::TranslatedFromHollerith(opencascade::handle<TCollection_HAsciiString> const&) const IGESData_GlobalSection.cxx:123 (occt_1157_stress_after:arm64+0x1000d5fd4)
    #3 IGESData_GlobalSection::SetDate(opencascade::handle<TCollection_HAsciiString> const&) IGESData_GlobalSection.cxx:991 (occt_1157_stress_after:arm64+0x1000d9c34)
    #4 IGESData::Init() IGESData.cxx:269 (occt_1157_stress_after:arm64+0x1000c631c)
    #5 IGESBasic::Init() IGESBasic.cxx:31 (occt_1157_stress_after:arm64+0x100108e28)
    #6 IGESGeom::Init() IGESGeom.cxx:32 (occt_1157_stress_after:arm64+0x100145e7c)
    #7 IGESSolid::Init() IGESSolid.cxx:32 (occt_1157_stress_after:arm64+0x10021d518)
    #8 IGESControl_Controller::IGESControl_Controller(bool) IGESControl_Controller.cxx:79 (occt_1157_stress_after:arm64+0x10037fe60)
    #9 IGESControl_Controller::Init() IGESControl_Controller.cxx:364 (occt_1157_stress_after:arm64+0x1003853b0)
    #10 IGESControl_Writer::IGESControl_Writer(char const*, int) IGESControl_Writer.cxx:73 (occt_1157_stress_after:arm64+0x100390398)
    #11 IGESControl_Writer::IGESControl_Writer(char const*, int) IGESControl_Writer.cxx:72 (occt_1157_stress_after:arm64+0x100390560)
    #12 runIgesWriteIndependent(int, int) occt_1157_stress.cpp:160 (occt_1157_stress_after:arm64+0x100001b64)
    #13 void* std::__1::__thread_proxy[abi:nqe210106]<std::__1::tuple<std::__1::unique_ptr<std::__1::__thread_struct, std::__1::default_delete<std::__1::__thread_struct>>, void (*)(int, int), int, int>>(void*) thread.h:168 (occt_1157_stress_after:arm64+0x100006494)

  Thread T6 (tid=361111, running) created by main thread at:
    #0 pthread_create <null> (libclang_rt.tsan_osx_dynamic.dylib:arm64e+0x33834)
    #1 std::__1::thread::thread[abi:nqe210106]<void (*&)(int, int), int&, int&, 0>(void (*&)(int, int), int&, int&) thread.h:216 (occt_1157_stress_after:arm64+0x10000635c)
    #2 runOne(char const*, int, int) occt_1157_stress.cpp:343 (occt_1157_stress_after:arm64+0x1000039b0)
    #3 main occt_1157_stress.cpp:380 (occt_1157_stress_after:arm64+0x100002e08)

  Thread T8 (tid=361114, running) created by main thread at:
    #0 pthread_create <null> (libclang_rt.tsan_osx_dynamic.dylib:arm64e+0x33834)
    #1 std::__1::thread::thread[abi:nqe210106]<void (*&)(int, int), int&, int&, 0>(void (*&)(int, int), int&, int&) thread.h:216 (occt_1157_stress_after:arm64+0x10000635c)
    #2 runOne(char const*, int, int) occt_1157_stress.cpp:343 (occt_1157_stress_after:arm64+0x1000039b0)
    #3 main occt_1157_stress.cpp:380 (occt_1157_stress_after:arm64+0x100002e08)

SUMMARY: ThreadSanitizer: data race IGESData_GlobalSection.hxx:39 in IGESData_GlobalSection::operator=(IGESData_GlobalSection const&)
==================
WARNING: ThreadSanitizer: data race (pid=71706)
  Read of size 8 at 0x00011001f7c0 by thread T1:
    #0 IGESData_GlobalSection::operator=(IGESData_GlobalSection const&) IGESData_GlobalSection.hxx:39 (occt_1157_stress_after:arm64+0x1000e03c8)
    #1 IGESData_IGESModel::GetFromAnother(opencascade::handle<Interface_InterfaceModel> const&) IGESData_IGESModel.cxx:352 (occt_1157_stress_after:arm64+0x1000e2890)
    #2 Interface_InterfaceModel::Template(char const*) Interface_InterfaceModel.cxx:1117 (occt_1157_stress_after:arm64+0x10132f274)
    #3 IGESData_BasicEditor::Init(opencascade::handle<IGESData_Protocol> const&) IGESData_BasicEditor.cxx:53 (occt_1157_stress_after:arm64+0x1000c7108)
    #4 IGESControl_Writer::IGESControl_Writer(char const*, int) IGESControl_Writer.cxx:74 (occt_1157_stress_after:arm64+0x1003903ac)
    #5 IGESControl_Writer::IGESControl_Writer(char const*, int) IGESControl_Writer.cxx:72 (occt_1157_stress_after:arm64+0x100390560)
    #6 runIgesWriteIndependent(int, int) occt_1157_stress.cpp:160 (occt_1157_stress_after:arm64+0x100001b64)
    #7 void* std::__1::__thread_proxy[abi:nqe210106]<std::__1::tuple<std::__1::unique_ptr<std::__1::__thread_struct, std::__1::default_delete<std::__1::__thread_struct>>, void (*)(int, int), int, int>>(void*) thread.h:168 (occt_1157_stress_after:arm64+0x100006494)

  Previous write of size 8 at 0x00011001f7c0 by thread T8:
    #0 IGESData_GlobalSection::operator=(IGESData_GlobalSection const&) IGESData_GlobalSection.hxx:39 (occt_1157_stress_after:arm64+0x1000e0430)
    #1 IGESData_IGESModel::SetGlobalSection(IGESData_GlobalSection const&) IGESData_IGESModel.cxx:278 (occt_1157_stress_after:arm64+0x1000e2398)
    #2 IGESData::Init() IGESData.cxx:288 (occt_1157_stress_after:arm64+0x1000c6604)
    #3 IGESBasic::Init() IGESBasic.cxx:31 (occt_1157_stress_after:arm64+0x100108e28)
    #4 IGESGeom::Init() IGESGeom.cxx:32 (occt_1157_stress_after:arm64+0x100145e7c)
    #5 IGESSolid::Init() IGESSolid.cxx:32 (occt_1157_stress_after:arm64+0x10021d518)
    #6 IGESControl_Controller::IGESControl_Controller(bool) IGESControl_Controller.cxx:79 (occt_1157_stress_after:arm64+0x10037fe60)
    #7 IGESControl_Controller::Init() IGESControl_Controller.cxx:364 (occt_1157_stress_after:arm64+0x1003853b0)
    #8 IGESControl_Writer::IGESControl_Writer(char const*, int) IGESControl_Writer.cxx:73 (occt_1157_stress_after:arm64+0x100390398)
    #9 IGESControl_Writer::IGESControl_Writer(char const*, int) IGESControl_Writer.cxx:72 (occt_1157_stress_after:arm64+0x100390560)
    #10 runIgesWriteIndependent(int, int) occt_1157_stress.cpp:160 (occt_1157_stress_after:arm64+0x100001b64)
    #11 void* std::__1::__thread_proxy[abi:nqe210106]<std::__1::tuple<std::__1::unique_ptr<std::__1::__thread_struct, std::__1::default_delete<std::__1::__thread_struct>>, void (*)(int, int), int, int>>(void*) thread.h:168 (occt_1157_stress_after:arm64+0x100006494)

  Location is heap block of size 424 at 0x00011001f640 allocated by thread T8:
    #0 calloc <null> (libclang_rt.tsan_osx_dynamic.dylib:arm64e+0x67c40)
    #1 Standard::Allocate(unsigned long) Standard.cxx:386 (occt_1157_stress_after:arm64+0x1008c3310)
    #2 IGESData::Init() IGESData.cxx:287 (occt_1157_stress_after:arm64+0x1000c65d0)
    #3 IGESBasic::Init() IGESBasic.cxx:31 (occt_1157_stress_after:arm64+0x100108e28)
    #4 IGESGeom::Init() IGESGeom.cxx:32 (occt_1157_stress_after:arm64+0x100145e7c)
    #5 IGESSolid::Init() IGESSolid.cxx:32 (occt_1157_stress_after:arm64+0x10021d518)
    #6 IGESControl_Controller::IGESControl_Controller(bool) IGESControl_Controller.cxx:79 (occt_1157_stress_after:arm64+0x10037fe60)
    #7 IGESControl_Controller::Init() IGESControl_Controller.cxx:364 (occt_1157_stress_after:arm64+0x1003853b0)
    #8 IGESControl_Writer::IGESControl_Writer(char const*, int) IGESControl_Writer.cxx:73 (occt_1157_stress_after:arm64+0x100390398)
    #9 IGESControl_Writer::IGESControl_Writer(char const*, int) IGESControl_Writer.cxx:72 (occt_1157_stress_after:arm64+0x100390560)
    #10 runIgesWriteIndependent(int, int) occt_1157_stress.cpp:160 (occt_1157_stress_after:arm64+0x100001b64)
    #11 void* std::__1::__thread_proxy[abi:nqe210106]<std::__1::tuple<std::__1::unique_ptr<std::__1::__thread_struct, std::__1::default_delete<std::__1::__thread_struct>>, void (*)(int, int), int, int>>(void*) thread.h:168 (occt_1157_stress_after:arm64+0x100006494)

  Thread T1 (tid=361106, running) created by main thread at:
    #0 pthread_create <null> (libclang_rt.tsan_osx_dynamic.dylib:arm64e+0x33834)
    #1 std::__1::thread::thread[abi:nqe210106]<void (*&)(int, int), int&, int&, 0>(void (*&)(int, int), int&, int&) thread.h:216 (occt_1157_stress_after:arm64+0x10000635c)
    #2 std::__1::thread* std::__1::vector<std::__1::thread, std::__1::allocator<std::__1::thread>>::__emplace_back_slow_path<void (*&)(int, int), int&, int&>(void (*&)(int, int), int&, int&) vector.h:1130 (occt_1157_stress_after:arm64+0x100006118)
    #3 runOne(char const*, int, int) occt_1157_stress.cpp:343 (occt_1157_stress_after:arm64+0x1000039d8)
    #4 main occt_1157_stress.cpp:380 (occt_1157_stress_after:arm64+0x100002e08)

  Thread T8 (tid=361114, running) created by main thread at:
    #0 pthread_create <null> (libclang_rt.tsan_osx_dynamic.dylib:arm64e+0x33834)
    #1 std::__1::thread::thread[abi:nqe210106]<void (*&)(int, int), int&, int&, 0>(void (*&)(int, int), int&, int&) thread.h:216 (occt_1157_stress_after:arm64+0x10000635c)
    #2 runOne(char const*, int, int) occt_1157_stress.cpp:343 (occt_1157_stress_after:arm64+0x1000039b0)
    #3 main occt_1157_stress.cpp:380 (occt_1157_stress_after:arm64+0x100002e08)

SUMMARY: ThreadSanitizer: data race IGESData_GlobalSection.hxx:39 in IGESData_GlobalSection::operator=(IGESData_GlobalSection const&)
==================
WARNING: ThreadSanitizer: data race (pid=71706)
  Atomic write of size 4 at 0x00010fb06f48 by thread T7:
    #0 IGESData_GlobalSection::operator=(IGESData_GlobalSection const&) IGESData_GlobalSection.hxx:39 (occt_1157_stress_after:arm64+0x1000e0448)
    #1 IGESData_IGESModel::GetFromAnother(opencascade::handle<Interface_InterfaceModel> const&) IGESData_IGESModel.cxx:352 (occt_1157_stress_after:arm64+0x1000e2890)
    #2 Interface_InterfaceModel::Template(char const*) Interface_InterfaceModel.cxx:1117 (occt_1157_stress_after:arm64+0x10132f274)
    #3 IGESData_BasicEditor::Init(opencascade::handle<IGESData_Protocol> const&) IGESData_BasicEditor.cxx:53 (occt_1157_stress_after:arm64+0x1000c7108)
    #4 IGESControl_Writer::IGESControl_Writer(char const*, int) IGESControl_Writer.cxx:74 (occt_1157_stress_after:arm64+0x1003903ac)
    #5 IGESControl_Writer::IGESControl_Writer(char const*, int) IGESControl_Writer.cxx:72 (occt_1157_stress_after:arm64+0x100390560)
    #6 runIgesWriteIndependent(int, int) occt_1157_stress.cpp:160 (occt_1157_stress_after:arm64+0x100001b64)
    #7 void* std::__1::__thread_proxy[abi:nqe210106]<std::__1::tuple<std::__1::unique_ptr<std::__1::__thread_struct, std::__1::default_delete<std::__1::__thread_struct>>, void (*)(int, int), int, int>>(void*) thread.h:168 (occt_1157_stress_after:arm64+0x100006494)

  Previous write of size 4 at 0x00010fb06f48 by thread T8:
    #0 TCollection_HAsciiString::TCollection_HAsciiString(char const*) TCollection_HAsciiString.cxx:34 (occt_1157_stress_after:arm64+0x1008df0b4)
    #1 IGESData_GlobalSection::TranslatedFromHollerith(opencascade::handle<TCollection_HAsciiString> const&) const IGESData_GlobalSection.cxx:123 (occt_1157_stress_after:arm64+0x1000d5ff8)
    #2 IGESData_GlobalSection::SetAuthorName(opencascade::handle<TCollection_HAsciiString> const&) IGESData_GlobalSection.cxx:1030 (occt_1157_stress_after:arm64+0x1000d9fd0)
    #3 IGESData::Init() IGESData.cxx:272 (occt_1157_stress_after:arm64+0x1000c6374)
    #4 IGESBasic::Init() IGESBasic.cxx:31 (occt_1157_stress_after:arm64+0x100108e28)
    #5 IGESGeom::Init() IGESGeom.cxx:32 (occt_1157_stress_after:arm64+0x100145e7c)
    #6 IGESSolid::Init() IGESSolid.cxx:32 (occt_1157_stress_after:arm64+0x10021d518)
    #7 IGESControl_Controller::IGESControl_Controller(bool) IGESControl_Controller.cxx:79 (occt_1157_stress_after:arm64+0x10037fe60)
    #8 IGESControl_Controller::Init() IGESControl_Controller.cxx:364 (occt_1157_stress_after:arm64+0x1003853b0)
    #9 IGESControl_Writer::IGESControl_Writer(char const*, int) IGESControl_Writer.cxx:73 (occt_1157_stress_after:arm64+0x100390398)
    #10 IGESControl_Writer::IGESControl_Writer(char const*, int) IGESControl_Writer.cxx:72 (occt_1157_stress_after:arm64+0x100390560)
    #11 runIgesWriteIndependent(int, int) occt_1157_stress.cpp:160 (occt_1157_stress_after:arm64+0x100001b64)
    #12 void* std::__1::__thread_proxy[abi:nqe210106]<std::__1::tuple<std::__1::unique_ptr<std::__1::__thread_struct, std::__1::default_delete<std::__1::__thread_struct>>, void (*)(int, int), int, int>>(void*) thread.h:168 (occt_1157_stress_after:arm64+0x100006494)

  Location is heap block of size 32 at 0x00010fb06f40 allocated by thread T8:
    #0 calloc <null> (libclang_rt.tsan_osx_dynamic.dylib:arm64e+0x67c40)
    #1 Standard::Allocate(unsigned long) Standard.cxx:386 (occt_1157_stress_after:arm64+0x1008c3310)
    #2 IGESData_GlobalSection::TranslatedFromHollerith(opencascade::handle<TCollection_HAsciiString> const&) const IGESData_GlobalSection.cxx:123 (occt_1157_stress_after:arm64+0x1000d5fd4)
    #3 IGESData_GlobalSection::SetAuthorName(opencascade::handle<TCollection_HAsciiString> const&) IGESData_GlobalSection.cxx:1030 (occt_1157_stress_after:arm64+0x1000d9fd0)
    #4 IGESData::Init() IGESData.cxx:272 (occt_1157_stress_after:arm64+0x1000c6374)
    #5 IGESBasic::Init() IGESBasic.cxx:31 (occt_1157_stress_after:arm64+0x100108e28)
    #6 IGESGeom::Init() IGESGeom.cxx:32 (occt_1157_stress_after:arm64+0x100145e7c)
    #7 IGESSolid::Init() IGESSolid.cxx:32 (occt_1157_stress_after:arm64+0x10021d518)
    #8 IGESControl_Controller::IGESControl_Controller(bool) IGESControl_Controller.cxx:79 (occt_1157_stress_after:arm64+0x10037fe60)
    #9 IGESControl_Controller::Init() IGESControl_Controller.cxx:364 (occt_1157_stress_after:arm64+0x1003853b0)
    #10 IGESControl_Writer::IGESControl_Writer(char const*, int) IGESControl_Writer.cxx:73 (occt_1157_stress_after:arm64+0x100390398)
    #11 IGESControl_Writer::IGESControl_Writer(char const*, int) IGESControl_Writer.cxx:72 (occt_1157_stress_after:arm64+0x100390560)
    #12 runIgesWriteIndependent(int, int) occt_1157_stress.cpp:160 (occt_1157_stress_after:arm64+0x100001b64)
    #13 void* std::__1::__thread_proxy[abi:nqe210106]<std::__1::tuple<std::__1::unique_ptr<std::__1::__thread_struct, std::__1::default_delete<std::__1::__thread_struct>>, void (*)(int, int), int, int>>(void*) thread.h:168 (occt_1157_stress_after:arm64+0x100006494)

  Thread T7 (tid=361113, running) created by main thread at:
    #0 pthread_create <null> (libclang_rt.tsan_osx_dynamic.dylib:arm64e+0x33834)
    #1 std::__1::thread::thread[abi:nqe210106]<void (*&)(int, int), int&, int&, 0>(void (*&)(int, int), int&, int&) thread.h:216 (occt_1157_stress_after:arm64+0x10000635c)
    #2 runOne(char const*, int, int) occt_1157_stress.cpp:343 (occt_1157_stress_after:arm64+0x1000039b0)
    #3 main occt_1157_stress.cpp:380 (occt_1157_stress_after:arm64+0x100002e08)

  Thread T8 (tid=361114, running) created by main thread at:
    #0 pthread_create <null> (libclang_rt.tsan_osx_dynamic.dylib:arm64e+0x33834)
    #1 std::__1::thread::thread[abi:nqe210106]<void (*&)(int, int), int&, int&, 0>(void (*&)(int, int), int&, int&) thread.h:216 (occt_1157_stress_after:arm64+0x10000635c)
    #2 runOne(char const*, int, int) occt_1157_stress.cpp:343 (occt_1157_stress_after:arm64+0x1000039b0)
    #3 main occt_1157_stress.cpp:380 (occt_1157_stress_after:arm64+0x100002e08)

SUMMARY: ThreadSanitizer: data race IGESData_GlobalSection.hxx:39 in IGESData_GlobalSection::operator=(IGESData_GlobalSection const&)
==================
WARNING: ThreadSanitizer: data race (pid=71706)
  Read of size 8 at 0x00011001f7c8 by thread T6:
    #0 IGESData_GlobalSection::operator=(IGESData_GlobalSection const&) IGESData_GlobalSection.hxx:39 (occt_1157_stress_after:arm64+0x1000e0450)
    #1 IGESData_IGESModel::GetFromAnother(opencascade::handle<Interface_InterfaceModel> const&) IGESData_IGESModel.cxx:352 (occt_1157_stress_after:arm64+0x1000e2890)
    #2 Interface_InterfaceModel::Template(char const*) Interface_InterfaceModel.cxx:1117 (occt_1157_stress_after:arm64+0x10132f274)
    #3 IGESData_BasicEditor::Init(opencascade::handle<IGESData_Protocol> const&) IGESData_BasicEditor.cxx:53 (occt_1157_stress_after:arm64+0x1000c7108)
    #4 IGESControl_Writer::IGESControl_Writer(char const*, int) IGESControl_Writer.cxx:74 (occt_1157_stress_after:arm64+0x1003903ac)
    #5 IGESControl_Writer::IGESControl_Writer(char const*, int) IGESControl_Writer.cxx:72 (occt_1157_stress_after:arm64+0x100390560)
    #6 runIgesWriteIndependent(int, int) occt_1157_stress.cpp:160 (occt_1157_stress_after:arm64+0x100001b64)
    #7 void* std::__1::__thread_proxy[abi:nqe210106]<std::__1::tuple<std::__1::unique_ptr<std::__1::__thread_struct, std::__1::default_delete<std::__1::__thread_struct>>, void (*)(int, int), int, int>>(void*) thread.h:168 (occt_1157_stress_after:arm64+0x100006494)

  Previous write of size 8 at 0x00011001f7c8 by thread T8:
    #0 IGESData_GlobalSection::operator=(IGESData_GlobalSection const&) IGESData_GlobalSection.hxx:39 (occt_1157_stress_after:arm64+0x1000e04b8)
    #1 IGESData_IGESModel::SetGlobalSection(IGESData_GlobalSection const&) IGESData_IGESModel.cxx:278 (occt_1157_stress_after:arm64+0x1000e2398)
    #2 IGESData::Init() IGESData.cxx:288 (occt_1157_stress_after:arm64+0x1000c6604)
    #3 IGESBasic::Init() IGESBasic.cxx:31 (occt_1157_stress_after:arm64+0x100108e28)
    #4 IGESGeom::Init() IGESGeom.cxx:32 (occt_1157_stress_after:arm64+0x100145e7c)
    #5 IGESSolid::Init() IGESSolid.cxx:32 (occt_1157_stress_after:arm64+0x10021d518)
    #6 IGESControl_Controller::IGESControl_Controller(bool) IGESControl_Controller.cxx:79 (occt_1157_stress_after:arm64+0x10037fe60)
    #7 IGESControl_Controller::Init() IGESControl_Controller.cxx:364 (occt_1157_stress_after:arm64+0x1003853b0)
    #8 IGESControl_Writer::IGESControl_Writer(char const*, int) IGESControl_Writer.cxx:73 (occt_1157_stress_after:arm64+0x100390398)
    #9 IGESControl_Writer::IGESControl_Writer(char const*, int) IGESControl_Writer.cxx:72 (occt_1157_stress_after:arm64+0x100390560)
    #10 runIgesWriteIndependent(int, int) occt_1157_stress.cpp:160 (occt_1157_stress_after:arm64+0x100001b64)
    #11 void* std::__1::__thread_proxy[abi:nqe210106]<std::__1::tuple<std::__1::unique_ptr<std::__1::__thread_struct, std::__1::default_delete<std::__1::__thread_struct>>, void (*)(int, int), int, int>>(void*) thread.h:168 (occt_1157_stress_after:arm64+0x100006494)

  Location is heap block of size 424 at 0x00011001f640 allocated by thread T8:
    #0 calloc <null> (libclang_rt.tsan_osx_dynamic.dylib:arm64e+0x67c40)
    #1 Standard::Allocate(unsigned long) Standard.cxx:386 (occt_1157_stress_after:arm64+0x1008c3310)
    #2 IGESData::Init() IGESData.cxx:287 (occt_1157_stress_after:arm64+0x1000c65d0)
    #3 IGESBasic::Init() IGESBasic.cxx:31 (occt_1157_stress_after:arm64+0x100108e28)
    #4 IGESGeom::Init() IGESGeom.cxx:32 (occt_1157_stress_after:arm64+0x100145e7c)
    #5 IGESSolid::Init() IGESSolid.cxx:32 (occt_1157_stress_after:arm64+0x10021d518)
    #6 IGESControl_Controller::IGESControl_Controller(bool) IGESControl_Controller.cxx:79 (occt_1157_stress_after:arm64+0x10037fe60)
    #7 IGESControl_Controller::Init() IGESControl_Controller.cxx:364 (occt_1157_stress_after:arm64+0x1003853b0)
    #8 IGESControl_Writer::IGESControl_Writer(char const*, int) IGESControl_Writer.cxx:73 (occt_1157_stress_after:arm64+0x100390398)
    #9 IGESControl_Writer::IGESControl_Writer(char const*, int) IGESControl_Writer.cxx:72 (occt_1157_stress_after:arm64+0x100390560)
    #10 runIgesWriteIndependent(int, int) occt_1157_stress.cpp:160 (occt_1157_stress_after:arm64+0x100001b64)
    #11 void* std::__1::__thread_proxy[abi:nqe210106]<std::__1::tuple<std::__1::unique_ptr<std::__1::__thread_struct, std::__1::default_delete<std::__1::__thread_struct>>, void (*)(int, int), int, int>>(void*) thread.h:168 (occt_1157_stress_after:arm64+0x100006494)

  Thread T6 (tid=361111, running) created by main thread at:
    #0 pthread_create <null> (libclang_rt.tsan_osx_dynamic.dylib:arm64e+0x33834)
    #1 std::__1::thread::thread[abi:nqe210106]<void (*&)(int, int), int&, int&, 0>(void (*&)(int, int), int&, int&) thread.h:216 (occt_1157_stress_after:arm64+0x10000635c)
    #2 runOne(char const*, int, int) occt_1157_stress.cpp:343 (occt_1157_stress_after:arm64+0x1000039b0)
    #3 main occt_1157_stress.cpp:380 (occt_1157_stress_after:arm64+0x100002e08)

  Thread T8 (tid=361114, running) created by main thread at:
    #0 pthread_create <null> (libclang_rt.tsan_osx_dynamic.dylib:arm64e+0x33834)
    #1 std::__1::thread::thread[abi:nqe210106]<void (*&)(int, int), int&, int&, 0>(void (*&)(int, int), int&, int&) thread.h:216 (occt_1157_stress_after:arm64+0x10000635c)
    #2 runOne(char const*, int, int) occt_1157_stress.cpp:343 (occt_1157_stress_after:arm64+0x1000039b0)
    #3 main occt_1157_stress.cpp:380 (occt_1157_stress_after:arm64+0x100002e08)

SUMMARY: ThreadSanitizer: data race IGESData_GlobalSection.hxx:39 in IGESData_GlobalSection::operator=(IGESData_GlobalSection const&)
==================
WARNING: ThreadSanitizer: data race (pid=71706)
  Atomic write of size 4 at 0x00010fb06f28 by thread T1:
    #0 IGESData_GlobalSection::operator=(IGESData_GlobalSection const&) IGESData_GlobalSection.hxx:39 (occt_1157_stress_after:arm64+0x1000e04d0)
    #1 IGESData_IGESModel::GetFromAnother(opencascade::handle<Interface_InterfaceModel> const&) IGESData_IGESModel.cxx:352 (occt_1157_stress_after:arm64+0x1000e2890)
    #2 Interface_InterfaceModel::Template(char const*) Interface_InterfaceModel.cxx:1117 (occt_1157_stress_after:arm64+0x10132f274)
    #3 IGESData_BasicEditor::Init(opencascade::handle<IGESData_Protocol> const&) IGESData_BasicEditor.cxx:53 (occt_1157_stress_after:arm64+0x1000c7108)
    #4 IGESControl_Writer::IGESControl_Writer(char const*, int) IGESControl_Writer.cxx:74 (occt_1157_stress_after:arm64+0x1003903ac)
    #5 IGESControl_Writer::IGESControl_Writer(char const*, int) IGESControl_Writer.cxx:72 (occt_1157_stress_after:arm64+0x100390560)
    #6 runIgesWriteIndependent(int, int) occt_1157_stress.cpp:160 (occt_1157_stress_after:arm64+0x100001b64)
    #7 void* std::__1::__thread_proxy[abi:nqe210106]<std::__1::tuple<std::__1::unique_ptr<std::__1::__thread_struct, std::__1::default_delete<std::__1::__thread_struct>>, void (*)(int, int), int, int>>(void*) thread.h:168 (occt_1157_stress_after:arm64+0x100006494)

  Previous write of size 4 at 0x00010fb06f28 by thread T8:
    #0 TCollection_HAsciiString::TCollection_HAsciiString(char const*) TCollection_HAsciiString.cxx:34 (occt_1157_stress_after:arm64+0x1008df0b4)
    #1 IGESData_GlobalSection::TranslatedFromHollerith(opencascade::handle<TCollection_HAsciiString> const&) const IGESData_GlobalSection.cxx:123 (occt_1157_stress_after:arm64+0x1000d5ff8)
    #2 IGESData_GlobalSection::SetCompanyName(opencascade::handle<TCollection_HAsciiString> const&) IGESData_GlobalSection.cxx:1035 (occt_1157_stress_after:arm64+0x1000da094)
    #3 IGESData::Init() IGESData.cxx:274 (occt_1157_stress_after:arm64+0x1000c6458)
    #4 IGESBasic::Init() IGESBasic.cxx:31 (occt_1157_stress_after:arm64+0x100108e28)
    #5 IGESGeom::Init() IGESGeom.cxx:32 (occt_1157_stress_after:arm64+0x100145e7c)
    #6 IGESSolid::Init() IGESSolid.cxx:32 (occt_1157_stress_after:arm64+0x10021d518)
    #7 IGESControl_Controller::IGESControl_Controller(bool) IGESControl_Controller.cxx:79 (occt_1157_stress_after:arm64+0x10037fe60)
    #8 IGESControl_Controller::Init() IGESControl_Controller.cxx:364 (occt_1157_stress_after:arm64+0x1003853b0)
    #9 IGESControl_Writer::IGESControl_Writer(char const*, int) IGESControl_Writer.cxx:73 (occt_1157_stress_after:arm64+0x100390398)
    #10 IGESControl_Writer::IGESControl_Writer(char const*, int) IGESControl_Writer.cxx:72 (occt_1157_stress_after:arm64+0x100390560)
    #11 runIgesWriteIndependent(int, int) occt_1157_stress.cpp:160 (occt_1157_stress_after:arm64+0x100001b64)
    #12 void* std::__1::__thread_proxy[abi:nqe210106]<std::__1::tuple<std::__1::unique_ptr<std::__1::__thread_struct, std::__1::default_delete<std::__1::__thread_struct>>, void (*)(int, int), int, int>>(void*) thread.h:168 (occt_1157_stress_after:arm64+0x100006494)

  Location is heap block of size 32 at 0x00010fb06f20 allocated by thread T8:
    #0 calloc <null> (libclang_rt.tsan_osx_dynamic.dylib:arm64e+0x67c40)
    #1 Standard::Allocate(unsigned long) Standard.cxx:386 (occt_1157_stress_after:arm64+0x1008c3310)
    #2 IGESData_GlobalSection::TranslatedFromHollerith(opencascade::handle<TCollection_HAsciiString> const&) const IGESData_GlobalSection.cxx:123 (occt_1157_stress_after:arm64+0x1000d5fd4)
    #3 IGESData_GlobalSection::SetCompanyName(opencascade::handle<TCollection_HAsciiString> const&) IGESData_GlobalSection.cxx:1035 (occt_1157_stress_after:arm64+0x1000da094)
    #4 IGESData::Init() IGESData.cxx:274 (occt_1157_stress_after:arm64+0x1000c6458)
    #5 IGESBasic::Init() IGESBasic.cxx:31 (occt_1157_stress_after:arm64+0x100108e28)
    #6 IGESGeom::Init() IGESGeom.cxx:32 (occt_1157_stress_after:arm64+0x100145e7c)
    #7 IGESSolid::Init() IGESSolid.cxx:32 (occt_1157_stress_after:arm64+0x10021d518)
    #8 IGESControl_Controller::IGESControl_Controller(bool) IGESControl_Controller.cxx:79 (occt_1157_stress_after:arm64+0x10037fe60)
    #9 IGESControl_Controller::Init() IGESControl_Controller.cxx:364 (occt_1157_stress_after:arm64+0x1003853b0)
    #10 IGESControl_Writer::IGESControl_Writer(char const*, int) IGESControl_Writer.cxx:73 (occt_1157_stress_after:arm64+0x100390398)
    #11 IGESControl_Writer::IGESControl_Writer(char const*, int) IGESControl_Writer.cxx:72 (occt_1157_stress_after:arm64+0x100390560)
    #12 runIgesWriteIndependent(int, int) occt_1157_stress.cpp:160 (occt_1157_stress_after:arm64+0x100001b64)
    #13 void* std::__1::__thread_proxy[abi:nqe210106]<std::__1::tuple<std::__1::unique_ptr<std::__1::__thread_struct, std::__1::default_delete<std::__1::__thread_struct>>, void (*)(int, int), int, int>>(void*) thread.h:168 (occt_1157_stress_after:arm64+0x100006494)

  Thread T1 (tid=361106, running) created by main thread at:
    #0 pthread_create <null> (libclang_rt.tsan_osx_dynamic.dylib:arm64e+0x33834)
    #1 std::__1::thread::thread[abi:nqe210106]<void (*&)(int, int), int&, int&, 0>(void (*&)(int, int), int&, int&) thread.h:216 (occt_1157_stress_after:arm64+0x10000635c)
    #2 std::__1::thread* std::__1::vector<std::__1::thread, std::__1::allocator<std::__1::thread>>::__emplace_back_slow_path<void (*&)(int, int), int&, int&>(void (*&)(int, int), int&, int&) vector.h:1130 (occt_1157_stress_after:arm64+0x100006118)
    #3 runOne(char const*, int, int) occt_1157_stress.cpp:343 (occt_1157_stress_after:arm64+0x1000039d8)
    #4 main occt_1157_stress.cpp:380 (occt_1157_stress_after:arm64+0x100002e08)

  Thread T8 (tid=361114, running) created by main thread at:
    #0 pthread_create <null> (libclang_rt.tsan_osx_dynamic.dylib:arm64e+0x33834)
    #1 std::__1::thread::thread[abi:nqe210106]<void (*&)(int, int), int&, int&, 0>(void (*&)(int, int), int&, int&) thread.h:216 (occt_1157_stress_after:arm64+0x10000635c)
    #2 runOne(char const*, int, int) occt_1157_stress.cpp:343 (occt_1157_stress_after:arm64+0x1000039b0)
    #3 main occt_1157_stress.cpp:380 (occt_1157_stress_after:arm64+0x100002e08)

SUMMARY: ThreadSanitizer: data race IGESData_GlobalSection.hxx:39 in IGESData_GlobalSection::operator=(IGESData_GlobalSection const&)
==================
WARNING: ThreadSanitizer: data race (pid=71706)
  Read of size 8 at 0x00011001f7d0 by thread T7:
    #0 IGESData_GlobalSection::operator=(IGESData_GlobalSection const&) IGESData_GlobalSection.hxx:39 (occt_1157_stress_after:arm64+0x1000e04d8)
    #1 IGESData_IGESModel::GetFromAnother(opencascade::handle<Interface_InterfaceModel> const&) IGESData_IGESModel.cxx:352 (occt_1157_stress_after:arm64+0x1000e2890)
    #2 Interface_InterfaceModel::Template(char const*) Interface_InterfaceModel.cxx:1117 (occt_1157_stress_after:arm64+0x10132f274)
    #3 IGESData_BasicEditor::Init(opencascade::handle<IGESData_Protocol> const&) IGESData_BasicEditor.cxx:53 (occt_1157_stress_after:arm64+0x1000c7108)
    #4 IGESControl_Writer::IGESControl_Writer(char const*, int) IGESControl_Writer.cxx:74 (occt_1157_stress_after:arm64+0x1003903ac)
    #5 IGESControl_Writer::IGESControl_Writer(char const*, int) IGESControl_Writer.cxx:72 (occt_1157_stress_after:arm64+0x100390560)
    #6 runIgesWriteIndependent(int, int) occt_1157_stress.cpp:160 (occt_1157_stress_after:arm64+0x100001b64)
    #7 void* std::__1::__thread_proxy[abi:nqe210106]<std::__1::tuple<std::__1::unique_ptr<std::__1::__thread_struct, std::__1::default_delete<std::__1::__thread_struct>>, void (*)(int, int), int, int>>(void*) thread.h:168 (occt_1157_stress_after:arm64+0x100006494)

  Previous write of size 4 at 0x00011001f7d0 by thread T8:
    #0 IGESData_GlobalSection::operator=(IGESData_GlobalSection const&) IGESData_GlobalSection.hxx:39 (occt_1157_stress_after:arm64+0x1000e04e4)
    #1 IGESData_IGESModel::SetGlobalSection(IGESData_GlobalSection const&) IGESData_IGESModel.cxx:278 (occt_1157_stress_after:arm64+0x1000e2398)
    #2 IGESData::Init() IGESData.cxx:288 (occt_1157_stress_after:arm64+0x1000c6604)
    #3 IGESBasic::Init() IGESBasic.cxx:31 (occt_1157_stress_after:arm64+0x100108e28)
    #4 IGESGeom::Init() IGESGeom.cxx:32 (occt_1157_stress_after:arm64+0x100145e7c)
    #5 IGESSolid::Init() IGESSolid.cxx:32 (occt_1157_stress_after:arm64+0x10021d518)
    #6 IGESControl_Controller::IGESControl_Controller(bool) IGESControl_Controller.cxx:79 (occt_1157_stress_after:arm64+0x10037fe60)
    #7 IGESControl_Controller::Init() IGESControl_Controller.cxx:364 (occt_1157_stress_after:arm64+0x1003853b0)
    #8 IGESControl_Writer::IGESControl_Writer(char const*, int) IGESControl_Writer.cxx:73 (occt_1157_stress_after:arm64+0x100390398)
    #9 IGESControl_Writer::IGESControl_Writer(char const*, int) IGESControl_Writer.cxx:72 (occt_1157_stress_after:arm64+0x100390560)
    #10 runIgesWriteIndependent(int, int) occt_1157_stress.cpp:160 (occt_1157_stress_after:arm64+0x100001b64)
    #11 void* std::__1::__thread_proxy[abi:nqe210106]<std::__1::tuple<std::__1::unique_ptr<std::__1::__thread_struct, std::__1::default_delete<std::__1::__thread_struct>>, void (*)(int, int), int, int>>(void*) thread.h:168 (occt_1157_stress_after:arm64+0x100006494)

  Location is heap block of size 424 at 0x00011001f640 allocated by thread T8:
    #0 calloc <null> (libclang_rt.tsan_osx_dynamic.dylib:arm64e+0x67c40)
    #1 Standard::Allocate(unsigned long) Standard.cxx:386 (occt_1157_stress_after:arm64+0x1008c3310)
    #2 IGESData::Init() IGESData.cxx:287 (occt_1157_stress_after:arm64+0x1000c65d0)
    #3 IGESBasic::Init() IGESBasic.cxx:31 (occt_1157_stress_after:arm64+0x100108e28)
    #4 IGESGeom::Init() IGESGeom.cxx:32 (occt_1157_stress_after:arm64+0x100145e7c)
    #5 IGESSolid::Init() IGESSolid.cxx:32 (occt_1157_stress_after:arm64+0x10021d518)
    #6 IGESControl_Controller::IGESControl_Controller(bool) IGESControl_Controller.cxx:79 (occt_1157_stress_after:arm64+0x10037fe60)
    #7 IGESControl_Controller::Init() IGESControl_Controller.cxx:364 (occt_1157_stress_after:arm64+0x1003853b0)
    #8 IGESControl_Writer::IGESControl_Writer(char const*, int) IGESControl_Writer.cxx:73 (occt_1157_stress_after:arm64+0x100390398)
    #9 IGESControl_Writer::IGESControl_Writer(char const*, int) IGESControl_Writer.cxx:72 (occt_1157_stress_after:arm64+0x100390560)
    #10 runIgesWriteIndependent(int, int) occt_1157_stress.cpp:160 (occt_1157_stress_after:arm64+0x100001b64)
    #11 void* std::__1::__thread_proxy[abi:nqe210106]<std::__1::tuple<std::__1::unique_ptr<std::__1::__thread_struct, std::__1::default_delete<std::__1::__thread_struct>>, void (*)(int, int), int, int>>(void*) thread.h:168 (occt_1157_stress_after:arm64+0x100006494)

  Thread T7 (tid=361113, running) created by main thread at:
    #0 pthread_create <null> (libclang_rt.tsan_osx_dynamic.dylib:arm64e+0x33834)
    #1 std::__1::thread::thread[abi:nqe210106]<void (*&)(int, int), int&, int&, 0>(void (*&)(int, int), int&, int&) thread.h:216 (occt_1157_stress_after:arm64+0x10000635c)
    #2 runOne(char const*, int, int) occt_1157_stress.cpp:343 (occt_1157_stress_after:arm64+0x1000039b0)
    #3 main occt_1157_stress.cpp:380 (occt_1157_stress_after:arm64+0x100002e08)

  Thread T8 (tid=361114, running) created by main thread at:
    #0 pthread_create <null> (libclang_rt.tsan_osx_dynamic.dylib:arm64e+0x33834)
    #1 std::__1::thread::thread[abi:nqe210106]<void (*&)(int, int), int&, int&, 0>(void (*&)(int, int), int&, int&) thread.h:216 (occt_1157_stress_after:arm64+0x10000635c)
    #2 runOne(char const*, int, int) occt_1157_stress.cpp:343 (occt_1157_stress_after:arm64+0x1000039b0)
    #3 main occt_1157_stress.cpp:380 (occt_1157_stress_after:arm64+0x100002e08)

SUMMARY: ThreadSanitizer: data race IGESData_GlobalSection.hxx:39 in IGESData_GlobalSection::operator=(IGESData_GlobalSection const&)
==================
WARNING: ThreadSanitizer: data race (pid=71706)
  Read of size 8 at 0x00011001f7d8 by thread T6:
    #0 IGESData_GlobalSection::operator=(IGESData_GlobalSection const&) IGESData_GlobalSection.hxx:39 (occt_1157_stress_after:arm64+0x1000e04f0)
    #1 IGESData_IGESModel::GetFromAnother(opencascade::handle<Interface_InterfaceModel> const&) IGESData_IGESModel.cxx:352 (occt_1157_stress_after:arm64+0x1000e2890)
    #2 Interface_InterfaceModel::Template(char const*) Interface_InterfaceModel.cxx:1117 (occt_1157_stress_after:arm64+0x10132f274)
    #3 IGESData_BasicEditor::Init(opencascade::handle<IGESData_Protocol> const&) IGESData_BasicEditor.cxx:53 (occt_1157_stress_after:arm64+0x1000c7108)
    #4 IGESControl_Writer::IGESControl_Writer(char const*, int) IGESControl_Writer.cxx:74 (occt_1157_stress_after:arm64+0x1003903ac)
    #5 IGESControl_Writer::IGESControl_Writer(char const*, int) IGESControl_Writer.cxx:72 (occt_1157_stress_after:arm64+0x100390560)
    #6 runIgesWriteIndependent(int, int) occt_1157_stress.cpp:160 (occt_1157_stress_after:arm64+0x100001b64)
    #7 void* std::__1::__thread_proxy[abi:nqe210106]<std::__1::tuple<std::__1::unique_ptr<std::__1::__thread_struct, std::__1::default_delete<std::__1::__thread_struct>>, void (*)(int, int), int, int>>(void*) thread.h:168 (occt_1157_stress_after:arm64+0x100006494)

  Previous write of size 8 at 0x00011001f7d8 by thread T8:
    #0 IGESData_GlobalSection::operator=(IGESData_GlobalSection const&) IGESData_GlobalSection.hxx:39 (occt_1157_stress_after:arm64+0x1000e0558)
    #1 IGESData_IGESModel::SetGlobalSection(IGESData_GlobalSection const&) IGESData_IGESModel.cxx:278 (occt_1157_stress_after:arm64+0x1000e2398)
    #2 IGESData::Init() IGESData.cxx:288 (occt_1157_stress_after:arm64+0x1000c6604)
    #3 IGESBasic::Init() IGESBasic.cxx:31 (occt_1157_stress_after:arm64+0x100108e28)
    #4 IGESGeom::Init() IGESGeom.cxx:32 (occt_1157_stress_after:arm64+0x100145e7c)
    #5 IGESSolid::Init() IGESSolid.cxx:32 (occt_1157_stress_after:arm64+0x10021d518)
    #6 IGESControl_Controller::IGESControl_Controller(bool) IGESControl_Controller.cxx:79 (occt_1157_stress_after:arm64+0x10037fe60)
    #7 IGESControl_Controller::Init() IGESControl_Controller.cxx:364 (occt_1157_stress_after:arm64+0x1003853b0)
    #8 IGESControl_Writer::IGESControl_Writer(char const*, int) IGESControl_Writer.cxx:73 (occt_1157_stress_after:arm64+0x100390398)
    #9 IGESControl_Writer::IGESControl_Writer(char const*, int) IGESControl_Writer.cxx:72 (occt_1157_stress_after:arm64+0x100390560)
    #10 runIgesWriteIndependent(int, int) occt_1157_stress.cpp:160 (occt_1157_stress_after:arm64+0x100001b64)
    #11 void* std::__1::__thread_proxy[abi:nqe210106]<std::__1::tuple<std::__1::unique_ptr<std::__1::__thread_struct, std::__1::default_delete<std::__1::__thread_struct>>, void (*)(int, int), int, int>>(void*) thread.h:168 (occt_1157_stress_after:arm64+0x100006494)

  Location is heap block of size 424 at 0x00011001f640 allocated by thread T8:
    #0 calloc <null> (libclang_rt.tsan_osx_dynamic.dylib:arm64e+0x67c40)
    #1 Standard::Allocate(unsigned long) Standard.cxx:386 (occt_1157_stress_after:arm64+0x1008c3310)
    #2 IGESData::Init() IGESData.cxx:287 (occt_1157_stress_after:arm64+0x1000c65d0)
    #3 IGESBasic::Init() IGESBasic.cxx:31 (occt_1157_stress_after:arm64+0x100108e28)
    #4 IGESGeom::Init() IGESGeom.cxx:32 (occt_1157_stress_after:arm64+0x100145e7c)
    #5 IGESSolid::Init() IGESSolid.cxx:32 (occt_1157_stress_after:arm64+0x10021d518)
    #6 IGESControl_Controller::IGESControl_Controller(bool) IGESControl_Controller.cxx:79 (occt_1157_stress_after:arm64+0x10037fe60)
    #7 IGESControl_Controller::Init() IGESControl_Controller.cxx:364 (occt_1157_stress_after:arm64+0x1003853b0)
    #8 IGESControl_Writer::IGESControl_Writer(char const*, int) IGESControl_Writer.cxx:73 (occt_1157_stress_after:arm64+0x100390398)
    #9 IGESControl_Writer::IGESControl_Writer(char const*, int) IGESControl_Writer.cxx:72 (occt_1157_stress_after:arm64+0x100390560)
    #10 runIgesWriteIndependent(int, int) occt_1157_stress.cpp:160 (occt_1157_stress_after:arm64+0x100001b64)
    #11 void* std::__1::__thread_proxy[abi:nqe210106]<std::__1::tuple<std::__1::unique_ptr<std::__1::__thread_struct, std::__1::default_delete<std::__1::__thread_struct>>, void (*)(int, int), int, int>>(void*) thread.h:168 (occt_1157_stress_after:arm64+0x100006494)

  Thread T6 (tid=361111, running) created by main thread at:
    #0 pthread_create <null> (libclang_rt.tsan_osx_dynamic.dylib:arm64e+0x33834)
    #1 std::__1::thread::thread[abi:nqe210106]<void (*&)(int, int), int&, int&, 0>(void (*&)(int, int), int&, int&) thread.h:216 (occt_1157_stress_after:arm64+0x10000635c)
    #2 runOne(char const*, int, int) occt_1157_stress.cpp:343 (occt_1157_stress_after:arm64+0x1000039b0)
    #3 main occt_1157_stress.cpp:380 (occt_1157_stress_after:arm64+0x100002e08)

  Thread T8 (tid=361114, running) created by main thread at:
    #0 pthread_create <null> (libclang_rt.tsan_osx_dynamic.dylib:arm64e+0x33834)
    #1 std::__1::thread::thread[abi:nqe210106]<void (*&)(int, int), int&, int&, 0>(void (*&)(int, int), int&, int&) thread.h:216 (occt_1157_stress_after:arm64+0x10000635c)
    #2 runOne(char const*, int, int) occt_1157_stress.cpp:343 (occt_1157_stress_after:arm64+0x1000039b0)
    #3 main occt_1157_stress.cpp:380 (occt_1157_stress_after:arm64+0x100002e08)

SUMMARY: ThreadSanitizer: data race IGESData_GlobalSection.hxx:39 in IGESData_GlobalSection::operator=(IGESData_GlobalSection const&)
==================
WARNING: ThreadSanitizer: data race (pid=71706)
  Atomic write of size 4 at 0x00010fb06f08 by thread T1:
    #0 IGESData_GlobalSection::operator=(IGESData_GlobalSection const&) IGESData_GlobalSection.hxx:39 (occt_1157_stress_after:arm64+0x1000e0570)
    #1 IGESData_IGESModel::GetFromAnother(opencascade::handle<Interface_InterfaceModel> const&) IGESData_IGESModel.cxx:352 (occt_1157_stress_after:arm64+0x1000e2890)
    #2 Interface_InterfaceModel::Template(char const*) Interface_InterfaceModel.cxx:1117 (occt_1157_stress_after:arm64+0x10132f274)
    #3 IGESData_BasicEditor::Init(opencascade::handle<IGESData_Protocol> const&) IGESData_BasicEditor.cxx:53 (occt_1157_stress_after:arm64+0x1000c7108)
    #4 IGESControl_Writer::IGESControl_Writer(char const*, int) IGESControl_Writer.cxx:74 (occt_1157_stress_after:arm64+0x1003903ac)
    #5 IGESControl_Writer::IGESControl_Writer(char const*, int) IGESControl_Writer.cxx:72 (occt_1157_stress_after:arm64+0x100390560)
    #6 runIgesWriteIndependent(int, int) occt_1157_stress.cpp:160 (occt_1157_stress_after:arm64+0x100001b64)
    #7 void* std::__1::__thread_proxy[abi:nqe210106]<std::__1::tuple<std::__1::unique_ptr<std::__1::__thread_struct, std::__1::default_delete<std::__1::__thread_struct>>, void (*)(int, int), int, int>>(void*) thread.h:168 (occt_1157_stress_after:arm64+0x100006494)

  Previous write of size 4 at 0x00010fb06f08 by thread T8:
    #0 TCollection_HAsciiString::TCollection_HAsciiString(char const*) TCollection_HAsciiString.cxx:34 (occt_1157_stress_after:arm64+0x1008df0b4)
    #1 IGESData_GlobalSection::TranslatedFromHollerith(opencascade::handle<TCollection_HAsciiString> const&) const IGESData_GlobalSection.cxx:123 (occt_1157_stress_after:arm64+0x1000d5ff8)
    #2 IGESData_GlobalSection::SetLastChangeDate(opencascade::handle<TCollection_HAsciiString> const&) IGESData_GlobalSection.cxx:1050 (occt_1157_stress_after:arm64+0x1000da1c8)
    #3 IGESData::Init() IGESData.cxx:278 (occt_1157_stress_after:arm64+0x1000c6530)
    #4 IGESBasic::Init() IGESBasic.cxx:31 (occt_1157_stress_after:arm64+0x100108e28)
    #5 IGESGeom::Init() IGESGeom.cxx:32 (occt_1157_stress_after:arm64+0x100145e7c)
    #6 IGESSolid::Init() IGESSolid.cxx:32 (occt_1157_stress_after:arm64+0x10021d518)
    #7 IGESControl_Controller::IGESControl_Controller(bool) IGESControl_Controller.cxx:79 (occt_1157_stress_after:arm64+0x10037fe60)
    #8 IGESControl_Controller::Init() IGESControl_Controller.cxx:364 (occt_1157_stress_after:arm64+0x1003853b0)
    #9 IGESControl_Writer::IGESControl_Writer(char const*, int) IGESControl_Writer.cxx:73 (occt_1157_stress_after:arm64+0x100390398)
    #10 IGESControl_Writer::IGESControl_Writer(char const*, int) IGESControl_Writer.cxx:72 (occt_1157_stress_after:arm64+0x100390560)
    #11 runIgesWriteIndependent(int, int) occt_1157_stress.cpp:160 (occt_1157_stress_after:arm64+0x100001b64)
    #12 void* std::__1::__thread_proxy[abi:nqe210106]<std::__1::tuple<std::__1::unique_ptr<std::__1::__thread_struct, std::__1::default_delete<std::__1::__thread_struct>>, void (*)(int, int), int, int>>(void*) thread.h:168 (occt_1157_stress_after:arm64+0x100006494)

  Location is heap block of size 32 at 0x00010fb06f00 allocated by thread T8:
    #0 calloc <null> (libclang_rt.tsan_osx_dynamic.dylib:arm64e+0x67c40)
    #1 Standard::Allocate(unsigned long) Standard.cxx:386 (occt_1157_stress_after:arm64+0x1008c3310)
    #2 IGESData_GlobalSection::TranslatedFromHollerith(opencascade::handle<TCollection_HAsciiString> const&) const IGESData_GlobalSection.cxx:123 (occt_1157_stress_after:arm64+0x1000d5fd4)
    #3 IGESData_GlobalSection::SetLastChangeDate(opencascade::handle<TCollection_HAsciiString> const&) IGESData_GlobalSection.cxx:1050 (occt_1157_stress_after:arm64+0x1000da1c8)
    #4 IGESData::Init() IGESData.cxx:278 (occt_1157_stress_after:arm64+0x1000c6530)
    #5 IGESBasic::Init() IGESBasic.cxx:31 (occt_1157_stress_after:arm64+0x100108e28)
    #6 IGESGeom::Init() IGESGeom.cxx:32 (occt_1157_stress_after:arm64+0x100145e7c)
    #7 IGESSolid::Init() IGESSolid.cxx:32 (occt_1157_stress_after:arm64+0x10021d518)
    #8 IGESControl_Controller::IGESControl_Controller(bool) IGESControl_Controller.cxx:79 (occt_1157_stress_after:arm64+0x10037fe60)
    #9 IGESControl_Controller::Init() IGESControl_Controller.cxx:364 (occt_1157_stress_after:arm64+0x1003853b0)
    #10 IGESControl_Writer::IGESControl_Writer(char const*, int) IGESControl_Writer.cxx:73 (occt_1157_stress_after:arm64+0x100390398)
    #11 IGESControl_Writer::IGESControl_Writer(char const*, int) IGESControl_Writer.cxx:72 (occt_1157_stress_after:arm64+0x100390560)
    #12 runIgesWriteIndependent(int, int) occt_1157_stress.cpp:160 (occt_1157_stress_after:arm64+0x100001b64)
    #13 void* std::__1::__thread_proxy[abi:nqe210106]<std::__1::tuple<std::__1::unique_ptr<std::__1::__thread_struct, std::__1::default_delete<std::__1::__thread_struct>>, void (*)(int, int), int, int>>(void*) thread.h:168 (occt_1157_stress_after:arm64+0x100006494)

  Thread T1 (tid=361106, running) created by main thread at:
    #0 pthread_create <null> (libclang_rt.tsan_osx_dynamic.dylib:arm64e+0x33834)
    #1 std::__1::thread::thread[abi:nqe210106]<void (*&)(int, int), int&, int&, 0>(void (*&)(int, int), int&, int&) thread.h:216 (occt_1157_stress_after:arm64+0x10000635c)
    #2 std::__1::thread* std::__1::vector<std::__1::thread, std::__1::allocator<std::__1::thread>>::__emplace_back_slow_path<void (*&)(int, int), int&, int&>(void (*&)(int, int), int&, int&) vector.h:1130 (occt_1157_stress_after:arm64+0x100006118)
    #3 runOne(char const*, int, int) occt_1157_stress.cpp:343 (occt_1157_stress_after:arm64+0x1000039d8)
    #4 main occt_1157_stress.cpp:380 (occt_1157_stress_after:arm64+0x100002e08)

  Thread T8 (tid=361114, running) created by main thread at:
    #0 pthread_create <null> (libclang_rt.tsan_osx_dynamic.dylib:arm64e+0x33834)
    #1 std::__1::thread::thread[abi:nqe210106]<void (*&)(int, int), int&, int&, 0>(void (*&)(int, int), int&, int&) thread.h:216 (occt_1157_stress_after:arm64+0x10000635c)
    #2 runOne(char const*, int, int) occt_1157_stress.cpp:343 (occt_1157_stress_after:arm64+0x1000039b0)
    #3 main occt_1157_stress.cpp:380 (occt_1157_stress_after:arm64+0x100002e08)

SUMMARY: ThreadSanitizer: data race IGESData_GlobalSection.hxx:39 in IGESData_GlobalSection::operator=(IGESData_GlobalSection const&)
==================
WARNING: ThreadSanitizer: data race (pid=71706)
  Read of size 8 at 0x00011001f7e0 by thread T7:
    #0 IGESData_GlobalSection::operator=(IGESData_GlobalSection const&) IGESData_GlobalSection.hxx:39 (occt_1157_stress_after:arm64+0x1000e0578)
    #1 IGESData_IGESModel::GetFromAnother(opencascade::handle<Interface_InterfaceModel> const&) IGESData_IGESModel.cxx:352 (occt_1157_stress_after:arm64+0x1000e2890)
    #2 Interface_InterfaceModel::Template(char const*) Interface_InterfaceModel.cxx:1117 (occt_1157_stress_after:arm64+0x10132f274)
    #3 IGESData_BasicEditor::Init(opencascade::handle<IGESData_Protocol> const&) IGESData_BasicEditor.cxx:53 (occt_1157_stress_after:arm64+0x1000c7108)
    #4 IGESControl_Writer::IGESControl_Writer(char const*, int) IGESControl_Writer.cxx:74 (occt_1157_stress_after:arm64+0x1003903ac)
    #5 IGESControl_Writer::IGESControl_Writer(char const*, int) IGESControl_Writer.cxx:72 (occt_1157_stress_after:arm64+0x100390560)
    #6 runIgesWriteIndependent(int, int) occt_1157_stress.cpp:160 (occt_1157_stress_after:arm64+0x100001b64)
    #7 void* std::__1::__thread_proxy[abi:nqe210106]<std::__1::tuple<std::__1::unique_ptr<std::__1::__thread_struct, std::__1::default_delete<std::__1::__thread_struct>>, void (*)(int, int), int, int>>(void*) thread.h:168 (occt_1157_stress_after:arm64+0x100006494)

  Previous write of size 8 at 0x00011001f7e0 by thread T8:
    #0 IGESData_GlobalSection::operator=(IGESData_GlobalSection const&) IGESData_GlobalSection.hxx:39 (occt_1157_stress_after:arm64+0x1000e05e0)
    #1 IGESData_IGESModel::SetGlobalSection(IGESData_GlobalSection const&) IGESData_IGESModel.cxx:278 (occt_1157_stress_after:arm64+0x1000e2398)
    #2 IGESData::Init() IGESData.cxx:288 (occt_1157_stress_after:arm64+0x1000c6604)
    #3 IGESBasic::Init() IGESBasic.cxx:31 (occt_1157_stress_after:arm64+0x100108e28)
    #4 IGESGeom::Init() IGESGeom.cxx:32 (occt_1157_stress_after:arm64+0x100145e7c)
    #5 IGESSolid::Init() IGESSolid.cxx:32 (occt_1157_stress_after:arm64+0x10021d518)
    #6 IGESControl_Controller::IGESControl_Controller(bool) IGESControl_Controller.cxx:79 (occt_1157_stress_after:arm64+0x10037fe60)
    #7 IGESControl_Controller::Init() IGESControl_Controller.cxx:364 (occt_1157_stress_after:arm64+0x1003853b0)
    #8 IGESControl_Writer::IGESControl_Writer(char const*, int) IGESControl_Writer.cxx:73 (occt_1157_stress_after:arm64+0x100390398)
    #9 IGESControl_Writer::IGESControl_Writer(char const*, int) IGESControl_Writer.cxx:72 (occt_1157_stress_after:arm64+0x100390560)
    #10 runIgesWriteIndependent(int, int) occt_1157_stress.cpp:160 (occt_1157_stress_after:arm64+0x100001b64)
    #11 void* std::__1::__thread_proxy[abi:nqe210106]<std::__1::tuple<std::__1::unique_ptr<std::__1::__thread_struct, std::__1::default_delete<std::__1::__thread_struct>>, void (*)(int, int), int, int>>(void*) thread.h:168 (occt_1157_stress_after:arm64+0x100006494)

  Location is heap block of size 424 at 0x00011001f640 allocated by thread T8:
    #0 calloc <null> (libclang_rt.tsan_osx_dynamic.dylib:arm64e+0x67c40)
    #1 Standard::Allocate(unsigned long) Standard.cxx:386 (occt_1157_stress_after:arm64+0x1008c3310)
    #2 IGESData::Init() IGESData.cxx:287 (occt_1157_stress_after:arm64+0x1000c65d0)
    #3 IGESBasic::Init() IGESBasic.cxx:31 (occt_1157_stress_after:arm64+0x100108e28)
    #4 IGESGeom::Init() IGESGeom.cxx:32 (occt_1157_stress_after:arm64+0x100145e7c)
    #5 IGESSolid::Init() IGESSolid.cxx:32 (occt_1157_stress_after:arm64+0x10021d518)
    #6 IGESControl_Controller::IGESControl_Controller(bool) IGESControl_Controller.cxx:79 (occt_1157_stress_after:arm64+0x10037fe60)
    #7 IGESControl_Controller::Init() IGESControl_Controller.cxx:364 (occt_1157_stress_after:arm64+0x1003853b0)
    #8 IGESControl_Writer::IGESControl_Writer(char const*, int) IGESControl_Writer.cxx:73 (occt_1157_stress_after:arm64+0x100390398)
    #9 IGESControl_Writer::IGESControl_Writer(char const*, int) IGESControl_Writer.cxx:72 (occt_1157_stress_after:arm64+0x100390560)
    #10 runIgesWriteIndependent(int, int) occt_1157_stress.cpp:160 (occt_1157_stress_after:arm64+0x100001b64)
    #11 void* std::__1::__thread_proxy[abi:nqe210106]<std::__1::tuple<std::__1::unique_ptr<std::__1::__thread_struct, std::__1::default_delete<std::__1::__thread_struct>>, void (*)(int, int), int, int>>(void*) thread.h:168 (occt_1157_stress_after:arm64+0x100006494)

  Thread T7 (tid=361113, running) created by main thread at:
    #0 pthread_create <null> (libclang_rt.tsan_osx_dynamic.dylib:arm64e+0x33834)
    #1 std::__1::thread::thread[abi:nqe210106]<void (*&)(int, int), int&, int&, 0>(void (*&)(int, int), int&, int&) thread.h:216 (occt_1157_stress_after:arm64+0x10000635c)
    #2 runOne(char const*, int, int) occt_1157_stress.cpp:343 (occt_1157_stress_after:arm64+0x1000039b0)
    #3 main occt_1157_stress.cpp:380 (occt_1157_stress_after:arm64+0x100002e08)

  Thread T8 (tid=361114, running) created by main thread at:
    #0 pthread_create <null> (libclang_rt.tsan_osx_dynamic.dylib:arm64e+0x33834)
    #1 std::__1::thread::thread[abi:nqe210106]<void (*&)(int, int), int&, int&, 0>(void (*&)(int, int), int&, int&) thread.h:216 (occt_1157_stress_after:arm64+0x10000635c)
    #2 runOne(char const*, int, int) occt_1157_stress.cpp:343 (occt_1157_stress_after:arm64+0x1000039b0)
    #3 main occt_1157_stress.cpp:380 (occt_1157_stress_after:arm64+0x100002e08)

SUMMARY: ThreadSanitizer: data race IGESData_GlobalSection.hxx:39 in IGESData_GlobalSection::operator=(IGESData_GlobalSection const&)
==================
WARNING: ThreadSanitizer: data race (pid=71706)
  Read of size 8 at 0x00010fb070b0 by thread T1:
    #0 CopyString(opencascade::handle<TCollection_HAsciiString>&) IGESData_GlobalSection.cxx:43 (occt_1157_stress_after:arm64+0x1000d76f8)
    #1 IGESData_GlobalSection::CopyRefs() IGESData_GlobalSection.cxx:420 (occt_1157_stress_after:arm64+0x1000d760c)
    #2 IGESData_IGESModel::GetFromAnother(opencascade::handle<Interface_InterfaceModel> const&) IGESData_IGESModel.cxx:353 (occt_1157_stress_after:arm64+0x1000e2898)
    #3 Interface_InterfaceModel::Template(char const*) Interface_InterfaceModel.cxx:1117 (occt_1157_stress_after:arm64+0x10132f274)
    #4 IGESData_BasicEditor::Init(opencascade::handle<IGESData_Protocol> const&) IGESData_BasicEditor.cxx:53 (occt_1157_stress_after:arm64+0x1000c7108)
    #5 IGESControl_Writer::IGESControl_Writer(char const*, int) IGESControl_Writer.cxx:74 (occt_1157_stress_after:arm64+0x1003903ac)
    #6 IGESControl_Writer::IGESControl_Writer(char const*, int) IGESControl_Writer.cxx:72 (occt_1157_stress_after:arm64+0x100390560)
    #7 runIgesWriteIndependent(int, int) occt_1157_stress.cpp:160 (occt_1157_stress_after:arm64+0x100001b64)
    #8 void* std::__1::__thread_proxy[abi:nqe210106]<std::__1::tuple<std::__1::unique_ptr<std::__1::__thread_struct, std::__1::default_delete<std::__1::__thread_struct>>, void (*)(int, int), int, int>>(void*) thread.h:168 (occt_1157_stress_after:arm64+0x100006494)

  Previous write of size 8 at 0x00010fb070b0 by thread T8:
    #0 TCollection_AsciiString::TCollection_AsciiString(char const*, int) TCollection_AsciiString.hxx:1528 (occt_1157_stress_after:arm64+0x1008d1180)
    #1 TCollection_AsciiString::TCollection_AsciiString(char const*, int) TCollection_AsciiString.cxx:107 (occt_1157_stress_after:arm64+0x1008d12e8)
    #2 TCollection_HAsciiString::TCollection_HAsciiString(char const*) TCollection_HAsciiString.cxx:34 (occt_1157_stress_after:arm64+0x1008df0f4)
    #3 IGESData_GlobalSection::TranslatedFromHollerith(opencascade::handle<TCollection_HAsciiString> const&) const IGESData_GlobalSection.cxx:123 (occt_1157_stress_after:arm64+0x1000d5ff8)
    #4 IGESData_GlobalSection::SetSendName(opencascade::handle<TCollection_HAsciiString> const&) IGESData_GlobalSection.cxx:911 (occt_1157_stress_after:arm64+0x1000d9554)
    #5 IGESData::Init() IGESData.cxx:251 (occt_1157_stress_after:arm64+0x1000c5f70)
    #6 IGESBasic::Init() IGESBasic.cxx:31 (occt_1157_stress_after:arm64+0x100108e28)
    #7 IGESGeom::Init() IGESGeom.cxx:32 (occt_1157_stress_after:arm64+0x100145e7c)
    #8 IGESSolid::Init() IGESSolid.cxx:32 (occt_1157_stress_after:arm64+0x10021d518)
    #9 IGESControl_Controller::IGESControl_Controller(bool) IGESControl_Controller.cxx:79 (occt_1157_stress_after:arm64+0x10037fe60)
    #10 IGESControl_Controller::Init() IGESControl_Controller.cxx:364 (occt_1157_stress_after:arm64+0x1003853b0)
    #11 IGESControl_Writer::IGESControl_Writer(char const*, int) IGESControl_Writer.cxx:73 (occt_1157_stress_after:arm64+0x100390398)
    #12 IGESControl_Writer::IGESControl_Writer(char const*, int) IGESControl_Writer.cxx:72 (occt_1157_stress_after:arm64+0x100390560)
    #13 runIgesWriteIndependent(int, int) occt_1157_stress.cpp:160 (occt_1157_stress_after:arm64+0x100001b64)
    #14 void* std::__1::__thread_proxy[abi:nqe210106]<std::__1::tuple<std::__1::unique_ptr<std::__1::__thread_struct, std::__1::default_delete<std::__1::__thread_struct>>, void (*)(int, int), int, int>>(void*) thread.h:168 (occt_1157_stress_after:arm64+0x100006494)

  Location is heap block of size 32 at 0x00010fb070a0 allocated by thread T8:
    #0 calloc <null> (libclang_rt.tsan_osx_dynamic.dylib:arm64e+0x67c40)
    #1 Standard::Allocate(unsigned long) Standard.cxx:386 (occt_1157_stress_after:arm64+0x1008c3310)
    #2 IGESData_GlobalSection::TranslatedFromHollerith(opencascade::handle<TCollection_HAsciiString> const&) const IGESData_GlobalSection.cxx:123 (occt_1157_stress_after:arm64+0x1000d5fd4)
    #3 IGESData_GlobalSection::SetSendName(opencascade::handle<TCollection_HAsciiString> const&) IGESData_GlobalSection.cxx:911 (occt_1157_stress_after:arm64+0x1000d9554)
    #4 IGESData::Init() IGESData.cxx:251 (occt_1157_stress_after:arm64+0x1000c5f70)
    #5 IGESBasic::Init() IGESBasic.cxx:31 (occt_1157_stress_after:arm64+0x100108e28)
    #6 IGESGeom::Init() IGESGeom.cxx:32 (occt_1157_stress_after:arm64+0x100145e7c)
    #7 IGESSolid::Init() IGESSolid.cxx:32 (occt_1157_stress_after:arm64+0x10021d518)
    #8 IGESControl_Controller::IGESControl_Controller(bool) IGESControl_Controller.cxx:79 (occt_1157_stress_after:arm64+0x10037fe60)
    #9 IGESControl_Controller::Init() IGESControl_Controller.cxx:364 (occt_1157_stress_after:arm64+0x1003853b0)
    #10 IGESControl_Writer::IGESControl_Writer(char const*, int) IGESControl_Writer.cxx:73 (occt_1157_stress_after:arm64+0x100390398)
    #11 IGESControl_Writer::IGESControl_Writer(char const*, int) IGESControl_Writer.cxx:72 (occt_1157_stress_after:arm64+0x100390560)
    #12 runIgesWriteIndependent(int, int) occt_1157_stress.cpp:160 (occt_1157_stress_after:arm64+0x100001b64)
    #13 void* std::__1::__thread_proxy[abi:nqe210106]<std::__1::tuple<std::__1::unique_ptr<std::__1::__thread_struct, std::__1::default_delete<std::__1::__thread_struct>>, void (*)(int, int), int, int>>(void*) thread.h:168 (occt_1157_stress_after:arm64+0x100006494)

  Thread T1 (tid=361106, running) created by main thread at:
    #0 pthread_create <null> (libclang_rt.tsan_osx_dynamic.dylib:arm64e+0x33834)
    #1 std::__1::thread::thread[abi:nqe210106]<void (*&)(int, int), int&, int&, 0>(void (*&)(int, int), int&, int&) thread.h:216 (occt_1157_stress_after:arm64+0x10000635c)
    #2 std::__1::thread* std::__1::vector<std::__1::thread, std::__1::allocator<std::__1::thread>>::__emplace_back_slow_path<void (*&)(int, int), int&, int&>(void (*&)(int, int), int&, int&) vector.h:1130 (occt_1157_stress_after:arm64+0x100006118)
    #3 runOne(char const*, int, int) occt_1157_stress.cpp:343 (occt_1157_stress_after:arm64+0x1000039d8)
    #4 main occt_1157_stress.cpp:380 (occt_1157_stress_after:arm64+0x100002e08)

  Thread T8 (tid=361114, running) created by main thread at:
    #0 pthread_create <null> (libclang_rt.tsan_osx_dynamic.dylib:arm64e+0x33834)
    #1 std::__1::thread::thread[abi:nqe210106]<void (*&)(int, int), int&, int&, 0>(void (*&)(int, int), int&, int&) thread.h:216 (occt_1157_stress_after:arm64+0x10000635c)
    #2 runOne(char const*, int, int) occt_1157_stress.cpp:343 (occt_1157_stress_after:arm64+0x1000039b0)
    #3 main occt_1157_stress.cpp:380 (occt_1157_stress_after:arm64+0x100002e08)

SUMMARY: ThreadSanitizer: data race IGESData_GlobalSection.cxx:43 in CopyString(opencascade::handle<TCollection_HAsciiString>&)
==================
WARNING: ThreadSanitizer: data race (pid=71706)
  Read of size 4 at 0x00010fb070b8 by thread T7:
    #0 CopyString(opencascade::handle<TCollection_HAsciiString>&) IGESData_GlobalSection.cxx:43 (occt_1157_stress_after:arm64+0x1000d7704)
    #1 IGESData_GlobalSection::CopyRefs() IGESData_GlobalSection.cxx:420 (occt_1157_stress_after:arm64+0x1000d760c)
    #2 IGESData_IGESModel::GetFromAnother(opencascade::handle<Interface_InterfaceModel> const&) IGESData_IGESModel.cxx:353 (occt_1157_stress_after:arm64+0x1000e2898)
    #3 Interface_InterfaceModel::Template(char const*) Interface_InterfaceModel.cxx:1117 (occt_1157_stress_after:arm64+0x10132f274)
    #4 IGESData_BasicEditor::Init(opencascade::handle<IGESData_Protocol> const&) IGESData_BasicEditor.cxx:53 (occt_1157_stress_after:arm64+0x1000c7108)
    #5 IGESControl_Writer::IGESControl_Writer(char const*, int) IGESControl_Writer.cxx:74 (occt_1157_stress_after:arm64+0x1003903ac)
    #6 IGESControl_Writer::IGESControl_Writer(char const*, int) IGESControl_Writer.cxx:72 (occt_1157_stress_after:arm64+0x100390560)
    #7 runIgesWriteIndependent(int, int) occt_1157_stress.cpp:160 (occt_1157_stress_after:arm64+0x100001b64)
    #8 void* std::__1::__thread_proxy[abi:nqe210106]<std::__1::tuple<std::__1::unique_ptr<std::__1::__thread_struct, std::__1::default_delete<std::__1::__thread_struct>>, void (*)(int, int), int, int>>(void*) thread.h:168 (occt_1157_stress_after:arm64+0x100006494)

  Previous write of size 4 at 0x00010fb070b8 by thread T8:
    #0 TCollection_AsciiString::TCollection_AsciiString(char const*, int) TCollection_AsciiString.hxx:1529 (occt_1157_stress_after:arm64+0x1008d118c)
    #1 TCollection_AsciiString::TCollection_AsciiString(char const*, int) TCollection_AsciiString.cxx:107 (occt_1157_stress_after:arm64+0x1008d12e8)
    #2 TCollection_HAsciiString::TCollection_HAsciiString(char const*) TCollection_HAsciiString.cxx:34 (occt_1157_stress_after:arm64+0x1008df0f4)
    #3 IGESData_GlobalSection::TranslatedFromHollerith(opencascade::handle<TCollection_HAsciiString> const&) const IGESData_GlobalSection.cxx:123 (occt_1157_stress_after:arm64+0x1000d5ff8)
    #4 IGESData_GlobalSection::SetSendName(opencascade::handle<TCollection_HAsciiString> const&) IGESData_GlobalSection.cxx:911 (occt_1157_stress_after:arm64+0x1000d9554)
    #5 IGESData::Init() IGESData.cxx:251 (occt_1157_stress_after:arm64+0x1000c5f70)
    #6 IGESBasic::Init() IGESBasic.cxx:31 (occt_1157_stress_after:arm64+0x100108e28)
    #7 IGESGeom::Init() IGESGeom.cxx:32 (occt_1157_stress_after:arm64+0x100145e7c)
    #8 IGESSolid::Init() IGESSolid.cxx:32 (occt_1157_stress_after:arm64+0x10021d518)
    #9 IGESControl_Controller::IGESControl_Controller(bool) IGESControl_Controller.cxx:79 (occt_1157_stress_after:arm64+0x10037fe60)
    #10 IGESControl_Controller::Init() IGESControl_Controller.cxx:364 (occt_1157_stress_after:arm64+0x1003853b0)
    #11 IGESControl_Writer::IGESControl_Writer(char const*, int) IGESControl_Writer.cxx:73 (occt_1157_stress_after:arm64+0x100390398)
    #12 IGESControl_Writer::IGESControl_Writer(char const*, int) IGESControl_Writer.cxx:72 (occt_1157_stress_after:arm64+0x100390560)
    #13 runIgesWriteIndependent(int, int) occt_1157_stress.cpp:160 (occt_1157_stress_after:arm64+0x100001b64)
    #14 void* std::__1::__thread_proxy[abi:nqe210106]<std::__1::tuple<std::__1::unique_ptr<std::__1::__thread_struct, std::__1::default_delete<std::__1::__thread_struct>>, void (*)(int, int), int, int>>(void*) thread.h:168 (occt_1157_stress_after:arm64+0x100006494)

  Location is heap block of size 32 at 0x00010fb070a0 allocated by thread T8:
    #0 calloc <null> (libclang_rt.tsan_osx_dynamic.dylib:arm64e+0x67c40)
    #1 Standard::Allocate(unsigned long) Standard.cxx:386 (occt_1157_stress_after:arm64+0x1008c3310)
    #2 IGESData_GlobalSection::TranslatedFromHollerith(opencascade::handle<TCollection_HAsciiString> const&) const IGESData_GlobalSection.cxx:123 (occt_1157_stress_after:arm64+0x1000d5fd4)
    #3 IGESData_GlobalSection::SetSendName(opencascade::handle<TCollection_HAsciiString> const&) IGESData_GlobalSection.cxx:911 (occt_1157_stress_after:arm64+0x1000d9554)
    #4 IGESData::Init() IGESData.cxx:251 (occt_1157_stress_after:arm64+0x1000c5f70)
    #5 IGESBasic::Init() IGESBasic.cxx:31 (occt_1157_stress_after:arm64+0x100108e28)
    #6 IGESGeom::Init() IGESGeom.cxx:32 (occt_1157_stress_after:arm64+0x100145e7c)
    #7 IGESSolid::Init() IGESSolid.cxx:32 (occt_1157_stress_after:arm64+0x10021d518)
    #8 IGESControl_Controller::IGESControl_Controller(bool) IGESControl_Controller.cxx:79 (occt_1157_stress_after:arm64+0x10037fe60)
    #9 IGESControl_Controller::Init() IGESControl_Controller.cxx:364 (occt_1157_stress_after:arm64+0x1003853b0)
    #10 IGESControl_Writer::IGESControl_Writer(char const*, int) IGESControl_Writer.cxx:73 (occt_1157_stress_after:arm64+0x100390398)
    #11 IGESControl_Writer::IGESControl_Writer(char const*, int) IGESControl_Writer.cxx:72 (occt_1157_stress_after:arm64+0x100390560)
    #12 runIgesWriteIndependent(int, int) occt_1157_stress.cpp:160 (occt_1157_stress_after:arm64+0x100001b64)
    #13 void* std::__1::__thread_proxy[abi:nqe210106]<std::__1::tuple<std::__1::unique_ptr<std::__1::__thread_struct, std::__1::default_delete<std::__1::__thread_struct>>, void (*)(int, int), int, int>>(void*) thread.h:168 (occt_1157_stress_after:arm64+0x100006494)

  Thread T7 (tid=361113, running) created by main thread at:
    #0 pthread_create <null> (libclang_rt.tsan_osx_dynamic.dylib:arm64e+0x33834)
    #1 std::__1::thread::thread[abi:nqe210106]<void (*&)(int, int), int&, int&, 0>(void (*&)(int, int), int&, int&) thread.h:216 (occt_1157_stress_after:arm64+0x10000635c)
    #2 runOne(char const*, int, int) occt_1157_stress.cpp:343 (occt_1157_stress_after:arm64+0x1000039b0)
    #3 main occt_1157_stress.cpp:380 (occt_1157_stress_after:arm64+0x100002e08)

  Thread T8 (tid=361114, running) created by main thread at:
    #0 pthread_create <null> (libclang_rt.tsan_osx_dynamic.dylib:arm64e+0x33834)
    #1 std::__1::thread::thread[abi:nqe210106]<void (*&)(int, int), int&, int&, 0>(void (*&)(int, int), int&, int&) thread.h:216 (occt_1157_stress_after:arm64+0x10000635c)
    #2 runOne(char const*, int, int) occt_1157_stress.cpp:343 (occt_1157_stress_after:arm64+0x1000039b0)
    #3 main occt_1157_stress.cpp:380 (occt_1157_stress_after:arm64+0x100002e08)

SUMMARY: ThreadSanitizer: data race IGESData_GlobalSection.cxx:43 in CopyString(opencascade::handle<TCollection_HAsciiString>&)
==================
WARNING: ThreadSanitizer: data race (pid=71706)
  Atomic write of size 4 at 0x00010fb06ec8 by thread T6:
    #0 IGESData_GlobalSection::operator=(IGESData_GlobalSection const&) IGESData_GlobalSection.hxx:39 (occt_1157_stress_after:arm64+0x1000e05f8)
    #1 IGESData_IGESModel::GetFromAnother(opencascade::handle<Interface_InterfaceModel> const&) IGESData_IGESModel.cxx:352 (occt_1157_stress_after:arm64+0x1000e2890)
    #2 Interface_InterfaceModel::Template(char const*) Interface_InterfaceModel.cxx:1117 (occt_1157_stress_after:arm64+0x10132f274)
    #3 IGESData_BasicEditor::Init(opencascade::handle<IGESData_Protocol> const&) IGESData_BasicEditor.cxx:53 (occt_1157_stress_after:arm64+0x1000c7108)
    #4 IGESControl_Writer::IGESControl_Writer(char const*, int) IGESControl_Writer.cxx:74 (occt_1157_stress_after:arm64+0x1003903ac)
    #5 IGESControl_Writer::IGESControl_Writer(char const*, int) IGESControl_Writer.cxx:72 (occt_1157_stress_after:arm64+0x100390560)
    #6 runIgesWriteIndependent(int, int) occt_1157_stress.cpp:160 (occt_1157_stress_after:arm64+0x100001b64)
    #7 void* std::__1::__thread_proxy[abi:nqe210106]<std::__1::tuple<std::__1::unique_ptr<std::__1::__thread_struct, std::__1::default_delete<std::__1::__thread_struct>>, void (*)(int, int), int, int>>(void*) thread.h:168 (occt_1157_stress_after:arm64+0x100006494)

  Previous write of size 4 at 0x00010fb06ec8 by thread T8:
    #0 TCollection_HAsciiString::TCollection_HAsciiString(char const*) TCollection_HAsciiString.cxx:34 (occt_1157_stress_after:arm64+0x1008df0b4)
    #1 IGESData_GlobalSection::TranslatedFromHollerith(opencascade::handle<TCollection_HAsciiString> const&) const IGESData_GlobalSection.cxx:123 (occt_1157_stress_after:arm64+0x1000d5ff8)
    #2 IGESData_GlobalSection::SetApplicationProtocol(opencascade::handle<TCollection_HAsciiString> const&) IGESData_GlobalSection.cxx:1056 (occt_1157_stress_after:arm64+0x1000da28c)
    #3 IGESData::Init() IGESData.cxx:279 (occt_1157_stress_after:arm64+0x1000c6574)
    #4 IGESBasic::Init() IGESBasic.cxx:31 (occt_1157_stress_after:arm64+0x100108e28)
    #5 IGESGeom::Init() IGESGeom.cxx:32 (occt_1157_stress_after:arm64+0x100145e7c)
    #6 IGESSolid::Init() IGESSolid.cxx:32 (occt_1157_stress_after:arm64+0x10021d518)
    #7 IGESControl_Controller::IGESControl_Controller(bool) IGESControl_Controller.cxx:79 (occt_1157_stress_after:arm64+0x10037fe60)
    #8 IGESControl_Controller::Init() IGESControl_Controller.cxx:364 (occt_1157_stress_after:arm64+0x1003853b0)
    #9 IGESControl_Writer::IGESControl_Writer(char const*, int) IGESControl_Writer.cxx:73 (occt_1157_stress_after:arm64+0x100390398)
    #10 IGESControl_Writer::IGESControl_Writer(char const*, int) IGESControl_Writer.cxx:72 (occt_1157_stress_after:arm64+0x100390560)
    #11 runIgesWriteIndependent(int, int) occt_1157_stress.cpp:160 (occt_1157_stress_after:arm64+0x100001b64)
    #12 void* std::__1::__thread_proxy[abi:nqe210106]<std::__1::tuple<std::__1::unique_ptr<std::__1::__thread_struct, std::__1::default_delete<std::__1::__thread_struct>>, void (*)(int, int), int, int>>(void*) thread.h:168 (occt_1157_stress_after:arm64+0x100006494)

  Location is heap block of size 32 at 0x00010fb06ec0 allocated by thread T8:
    #0 calloc <null> (libclang_rt.tsan_osx_dynamic.dylib:arm64e+0x67c40)
    #1 Standard::Allocate(unsigned long) Standard.cxx:386 (occt_1157_stress_after:arm64+0x1008c3310)
    #2 IGESData_GlobalSection::TranslatedFromHollerith(opencascade::handle<TCollection_HAsciiString> const&) const IGESData_GlobalSection.cxx:123 (occt_1157_stress_after:arm64+0x1000d5fd4)
    #3 IGESData_GlobalSection::SetApplicationProtocol(opencascade::handle<TCollection_HAsciiString> const&) IGESData_GlobalSection.cxx:1056 (occt_1157_stress_after:arm64+0x1000da28c)
    #4 IGESData::Init() IGESData.cxx:279 (occt_1157_stress_after:arm64+0x1000c6574)
    #5 IGESBasic::Init() IGESBasic.cxx:31 (occt_1157_stress_after:arm64+0x100108e28)
    #6 IGESGeom::Init() IGESGeom.cxx:32 (occt_1157_stress_after:arm64+0x100145e7c)
    #7 IGESSolid::Init() IGESSolid.cxx:32 (occt_1157_stress_after:arm64+0x10021d518)
    #8 IGESControl_Controller::IGESControl_Controller(bool) IGESControl_Controller.cxx:79 (occt_1157_stress_after:arm64+0x10037fe60)
    #9 IGESControl_Controller::Init() IGESControl_Controller.cxx:364 (occt_1157_stress_after:arm64+0x1003853b0)
    #10 IGESControl_Writer::IGESControl_Writer(char const*, int) IGESControl_Writer.cxx:73 (occt_1157_stress_after:arm64+0x100390398)
    #11 IGESControl_Writer::IGESControl_Writer(char const*, int) IGESControl_Writer.cxx:72 (occt_1157_stress_after:arm64+0x100390560)
    #12 runIgesWriteIndependent(int, int) occt_1157_stress.cpp:160 (occt_1157_stress_after:arm64+0x100001b64)
    #13 void* std::__1::__thread_proxy[abi:nqe210106]<std::__1::tuple<std::__1::unique_ptr<std::__1::__thread_struct, std::__1::default_delete<std::__1::__thread_struct>>, void (*)(int, int), int, int>>(void*) thread.h:168 (occt_1157_stress_after:arm64+0x100006494)

  Thread T6 (tid=361111, running) created by main thread at:
    #0 pthread_create <null> (libclang_rt.tsan_osx_dynamic.dylib:arm64e+0x33834)
    #1 std::__1::thread::thread[abi:nqe210106]<void (*&)(int, int), int&, int&, 0>(void (*&)(int, int), int&, int&) thread.h:216 (occt_1157_stress_after:arm64+0x10000635c)
    #2 runOne(char const*, int, int) occt_1157_stress.cpp:343 (occt_1157_stress_after:arm64+0x1000039b0)
    #3 main occt_1157_stress.cpp:380 (occt_1157_stress_after:arm64+0x100002e08)

  Thread T8 (tid=361114, running) created by main thread at:
    #0 pthread_create <null> (libclang_rt.tsan_osx_dynamic.dylib:arm64e+0x33834)
    #1 std::__1::thread::thread[abi:nqe210106]<void (*&)(int, int), int&, int&, 0>(void (*&)(int, int), int&, int&) thread.h:216 (occt_1157_stress_after:arm64+0x10000635c)
    #2 runOne(char const*, int, int) occt_1157_stress.cpp:343 (occt_1157_stress_after:arm64+0x1000039b0)
    #3 main occt_1157_stress.cpp:380 (occt_1157_stress_after:arm64+0x100002e08)

SUMMARY: ThreadSanitizer: data race IGESData_GlobalSection.hxx:39 in IGESData_GlobalSection::operator=(IGESData_GlobalSection const&)
==================
WARNING: ThreadSanitizer: data race (pid=71706)
  Read of size 4 at 0x00010fb06fb8 by thread T7:
    #0 CopyString(opencascade::handle<TCollection_HAsciiString>&) IGESData_GlobalSection.cxx:43 (occt_1157_stress_after:arm64+0x1000d7704)
    #1 IGESData_GlobalSection::CopyRefs() IGESData_GlobalSection.cxx:421 (occt_1157_stress_after:arm64+0x1000d7614)
    #2 IGESData_IGESModel::GetFromAnother(opencascade::handle<Interface_InterfaceModel> const&) IGESData_IGESModel.cxx:353 (occt_1157_stress_after:arm64+0x1000e2898)
    #3 Interface_InterfaceModel::Template(char const*) Interface_InterfaceModel.cxx:1117 (occt_1157_stress_after:arm64+0x10132f274)
    #4 IGESData_BasicEditor::Init(opencascade::handle<IGESData_Protocol> const&) IGESData_BasicEditor.cxx:53 (occt_1157_stress_after:arm64+0x1000c7108)
    #5 IGESControl_Writer::IGESControl_Writer(char const*, int) IGESControl_Writer.cxx:74 (occt_1157_stress_after:arm64+0x1003903ac)
    #6 IGESControl_Writer::IGESControl_Writer(char const*, int) IGESControl_Writer.cxx:72 (occt_1157_stress_after:arm64+0x100390560)
    #7 runIgesWriteIndependent(int, int) occt_1157_stress.cpp:160 (occt_1157_stress_after:arm64+0x100001b64)
    #8 void* std::__1::__thread_proxy[abi:nqe210106]<std::__1::tuple<std::__1::unique_ptr<std::__1::__thread_struct, std::__1::default_delete<std::__1::__thread_struct>>, void (*)(int, int), int, int>>(void*) thread.h:168 (occt_1157_stress_after:arm64+0x100006494)

  Previous write of size 4 at 0x00010fb06fb8 by thread T8:
    #0 TCollection_AsciiString::TCollection_AsciiString(char const*, int) TCollection_AsciiString.hxx:1529 (occt_1157_stress_after:arm64+0x1008d118c)
    #1 TCollection_AsciiString::TCollection_AsciiString(char const*, int) TCollection_AsciiString.cxx:107 (occt_1157_stress_after:arm64+0x1008d12e8)
    #2 TCollection_HAsciiString::TCollection_HAsciiString(char const*) TCollection_HAsciiString.cxx:34 (occt_1157_stress_after:arm64+0x1008df0f4)
    #3 IGESData_GlobalSection::TranslatedFromHollerith(opencascade::handle<TCollection_HAsciiString> const&) const IGESData_GlobalSection.cxx:123 (occt_1157_stress_after:arm64+0x1000d5ff8)
    #4 IGESData_GlobalSection::SetFileName(opencascade::handle<TCollection_HAsciiString> const&) IGESData_GlobalSection.cxx:916 (occt_1157_stress_after:arm64+0x1000d9618)
    #5 IGESData::Init() IGESData.cxx:252 (occt_1157_stress_after:arm64+0x1000c6008)
    #6 IGESBasic::Init() IGESBasic.cxx:31 (occt_1157_stress_after:arm64+0x100108e28)
    #7 IGESGeom::Init() IGESGeom.cxx:32 (occt_1157_stress_after:arm64+0x100145e7c)
    #8 IGESSolid::Init() IGESSolid.cxx:32 (occt_1157_stress_after:arm64+0x10021d518)
    #9 IGESControl_Controller::IGESControl_Controller(bool) IGESControl_Controller.cxx:79 (occt_1157_stress_after:arm64+0x10037fe60)
    #10 IGESControl_Controller::Init() IGESControl_Controller.cxx:364 (occt_1157_stress_after:arm64+0x1003853b0)
    #11 IGESControl_Writer::IGESControl_Writer(char const*, int) IGESControl_Writer.cxx:73 (occt_1157_stress_after:arm64+0x100390398)
    #12 IGESControl_Writer::IGESControl_Writer(char const*, int) IGESControl_Writer.cxx:72 (occt_1157_stress_after:arm64+0x100390560)
    #13 runIgesWriteIndependent(int, int) occt_1157_stress.cpp:160 (occt_1157_stress_after:arm64+0x100001b64)
    #14 void* std::__1::__thread_proxy[abi:nqe210106]<std::__1::tuple<std::__1::unique_ptr<std::__1::__thread_struct, std::__1::default_delete<std::__1::__thread_struct>>, void (*)(int, int), int, int>>(void*) thread.h:168 (occt_1157_stress_after:arm64+0x100006494)

  Location is heap block of size 32 at 0x00010fb06fa0 allocated by thread T8:
    #0 calloc <null> (libclang_rt.tsan_osx_dynamic.dylib:arm64e+0x67c40)
    #1 Standard::Allocate(unsigned long) Standard.cxx:386 (occt_1157_stress_after:arm64+0x1008c3310)
    #2 IGESData_GlobalSection::TranslatedFromHollerith(opencascade::handle<TCollection_HAsciiString> const&) const IGESData_GlobalSection.cxx:123 (occt_1157_stress_after:arm64+0x1000d5fd4)
    #3 IGESData_GlobalSection::SetFileName(opencascade::handle<TCollection_HAsciiString> const&) IGESData_GlobalSection.cxx:916 (occt_1157_stress_after:arm64+0x1000d9618)
    #4 IGESData::Init() IGESData.cxx:252 (occt_1157_stress_after:arm64+0x1000c6008)
    #5 IGESBasic::Init() IGESBasic.cxx:31 (occt_1157_stress_after:arm64+0x100108e28)
    #6 IGESGeom::Init() IGESGeom.cxx:32 (occt_1157_stress_after:arm64+0x100145e7c)
    #7 IGESSolid::Init() IGESSolid.cxx:32 (occt_1157_stress_after:arm64+0x10021d518)
    #8 IGESControl_Controller::IGESControl_Controller(bool) IGESControl_Controller.cxx:79 (occt_1157_stress_after:arm64+0x10037fe60)
    #9 IGESControl_Controller::Init() IGESControl_Controller.cxx:364 (occt_1157_stress_after:arm64+0x1003853b0)
    #10 IGESControl_Writer::IGESControl_Writer(char const*, int) IGESControl_Writer.cxx:73 (occt_1157_stress_after:arm64+0x100390398)
    #11 IGESControl_Writer::IGESControl_Writer(char const*, int) IGESControl_Writer.cxx:72 (occt_1157_stress_after:arm64+0x100390560)
    #12 runIgesWriteIndependent(int, int) occt_1157_stress.cpp:160 (occt_1157_stress_after:arm64+0x100001b64)
    #13 void* std::__1::__thread_proxy[abi:nqe210106]<std::__1::tuple<std::__1::unique_ptr<std::__1::__thread_struct, std::__1::default_delete<std::__1::__thread_struct>>, void (*)(int, int), int, int>>(void*) thread.h:168 (occt_1157_stress_after:arm64+0x100006494)

  Thread T7 (tid=361113, running) created by main thread at:
    #0 pthread_create <null> (libclang_rt.tsan_osx_dynamic.dylib:arm64e+0x33834)
    #1 std::__1::thread::thread[abi:nqe210106]<void (*&)(int, int), int&, int&, 0>(void (*&)(int, int), int&, int&) thread.h:216 (occt_1157_stress_after:arm64+0x10000635c)
    #2 runOne(char const*, int, int) occt_1157_stress.cpp:343 (occt_1157_stress_after:arm64+0x1000039b0)
    #3 main occt_1157_stress.cpp:380 (occt_1157_stress_after:arm64+0x100002e08)

  Thread T8 (tid=361114, running) created by main thread at:
    #0 pthread_create <null> (libclang_rt.tsan_osx_dynamic.dylib:arm64e+0x33834)
    #1 std::__1::thread::thread[abi:nqe210106]<void (*&)(int, int), int&, int&, 0>(void (*&)(int, int), int&, int&) thread.h:216 (occt_1157_stress_after:arm64+0x10000635c)
    #2 runOne(char const*, int, int) occt_1157_stress.cpp:343 (occt_1157_stress_after:arm64+0x1000039b0)
    #3 main occt_1157_stress.cpp:380 (occt_1157_stress_after:arm64+0x100002e08)

SUMMARY: ThreadSanitizer: data race IGESData_GlobalSection.cxx:43 in CopyString(opencascade::handle<TCollection_HAsciiString>&)
==================
WARNING: ThreadSanitizer: data race (pid=71706)
  Read of size 8 at 0x00010fb07250 by thread T6:
    #0 CopyString(opencascade::handle<TCollection_HAsciiString>&) IGESData_GlobalSection.cxx:43 (occt_1157_stress_after:arm64+0x1000d76f8)
    #1 IGESData_GlobalSection::CopyRefs() IGESData_GlobalSection.cxx:422 (occt_1157_stress_after:arm64+0x1000d761c)
    #2 IGESData_IGESModel::GetFromAnother(opencascade::handle<Interface_InterfaceModel> const&) IGESData_IGESModel.cxx:353 (occt_1157_stress_after:arm64+0x1000e2898)
    #3 Interface_InterfaceModel::Template(char const*) Interface_InterfaceModel.cxx:1117 (occt_1157_stress_after:arm64+0x10132f274)
    #4 IGESData_BasicEditor::Init(opencascade::handle<IGESData_Protocol> const&) IGESData_BasicEditor.cxx:53 (occt_1157_stress_after:arm64+0x1000c7108)
    #5 IGESControl_Writer::IGESControl_Writer(char const*, int) IGESControl_Writer.cxx:74 (occt_1157_stress_after:arm64+0x1003903ac)
    #6 IGESControl_Writer::IGESControl_Writer(char const*, int) IGESControl_Writer.cxx:72 (occt_1157_stress_after:arm64+0x100390560)
    #7 runIgesWriteIndependent(int, int) occt_1157_stress.cpp:160 (occt_1157_stress_after:arm64+0x100001b64)
    #8 void* std::__1::__thread_proxy[abi:nqe210106]<std::__1::tuple<std::__1::unique_ptr<std::__1::__thread_struct, std::__1::default_delete<std::__1::__thread_struct>>, void (*)(int, int), int, int>>(void*) thread.h:168 (occt_1157_stress_after:arm64+0x100006494)

  Previous write of size 8 at 0x00010fb07250 by thread T8:
    #0 TCollection_AsciiString::TCollection_AsciiString(char const*, int) TCollection_AsciiString.hxx:1528 (occt_1157_stress_after:arm64+0x1008d1180)
    #1 TCollection_AsciiString::TCollection_AsciiString(char const*, int) TCollection_AsciiString.cxx:107 (occt_1157_stress_after:arm64+0x1008d12e8)
    #2 TCollection_HAsciiString::TCollection_HAsciiString(char const*) TCollection_HAsciiString.cxx:34 (occt_1157_stress_after:arm64+0x1008df0f4)
    #3 IGESData_GlobalSection::TranslatedFromHollerith(opencascade::handle<TCollection_HAsciiString> const&) const IGESData_GlobalSection.cxx:123 (occt_1157_stress_after:arm64+0x1000d5ff8)
    #4 IGESData_GlobalSection::SetSystemId(opencascade::handle<TCollection_HAsciiString> const&) IGESData_GlobalSection.cxx:921 (occt_1157_stress_after:arm64+0x1000d96dc)
    #5 IGESData::Init() IGESData.cxx:254 (occt_1157_stress_after:arm64+0x1000c60a0)
    #6 IGESBasic::Init() IGESBasic.cxx:31 (occt_1157_stress_after:arm64+0x100108e28)
    #7 IGESGeom::Init() IGESGeom.cxx:32 (occt_1157_stress_after:arm64+0x100145e7c)
    #8 IGESSolid::Init() IGESSolid.cxx:32 (occt_1157_stress_after:arm64+0x10021d518)
    #9 IGESControl_Controller::IGESControl_Controller(bool) IGESControl_Controller.cxx:79 (occt_1157_stress_after:arm64+0x10037fe60)
    #10 IGESControl_Controller::Init() IGESControl_Controller.cxx:364 (occt_1157_stress_after:arm64+0x1003853b0)
    #11 IGESControl_Writer::IGESControl_Writer(char const*, int) IGESControl_Writer.cxx:73 (occt_1157_stress_after:arm64+0x100390398)
    #12 IGESControl_Writer::IGESControl_Writer(char const*, int) IGESControl_Writer.cxx:72 (occt_1157_stress_after:arm64+0x100390560)
    #13 runIgesWriteIndependent(int, int) occt_1157_stress.cpp:160 (occt_1157_stress_after:arm64+0x100001b64)
    #14 void* std::__1::__thread_proxy[abi:nqe210106]<std::__1::tuple<std::__1::unique_ptr<std::__1::__thread_struct, std::__1::default_delete<std::__1::__thread_struct>>, void (*)(int, int), int, int>>(void*) thread.h:168 (occt_1157_stress_after:arm64+0x100006494)

  Location is heap block of size 32 at 0x00010fb07240 allocated by thread T8:
    #0 calloc <null> (libclang_rt.tsan_osx_dynamic.dylib:arm64e+0x67c40)
    #1 Standard::Allocate(unsigned long) Standard.cxx:386 (occt_1157_stress_after:arm64+0x1008c3310)
    #2 IGESData_GlobalSection::TranslatedFromHollerith(opencascade::handle<TCollection_HAsciiString> const&) const IGESData_GlobalSection.cxx:123 (occt_1157_stress_after:arm64+0x1000d5fd4)
    #3 IGESData_GlobalSection::SetSystemId(opencascade::handle<TCollection_HAsciiString> const&) IGESData_GlobalSection.cxx:921 (occt_1157_stress_after:arm64+0x1000d96dc)
    #4 IGESData::Init() IGESData.cxx:254 (occt_1157_stress_after:arm64+0x1000c60a0)
    #5 IGESBasic::Init() IGESBasic.cxx:31 (occt_1157_stress_after:arm64+0x100108e28)
    #6 IGESGeom::Init() IGESGeom.cxx:32 (occt_1157_stress_after:arm64+0x100145e7c)
    #7 IGESSolid::Init() IGESSolid.cxx:32 (occt_1157_stress_after:arm64+0x10021d518)
    #8 IGESControl_Controller::IGESControl_Controller(bool) IGESControl_Controller.cxx:79 (occt_1157_stress_after:arm64+0x10037fe60)
    #9 IGESControl_Controller::Init() IGESControl_Controller.cxx:364 (occt_1157_stress_after:arm64+0x1003853b0)
    #10 IGESControl_Writer::IGESControl_Writer(char const*, int) IGESControl_Writer.cxx:73 (occt_1157_stress_after:arm64+0x100390398)
    #11 IGESControl_Writer::IGESControl_Writer(char const*, int) IGESControl_Writer.cxx:72 (occt_1157_stress_after:arm64+0x100390560)
    #12 runIgesWriteIndependent(int, int) occt_1157_stress.cpp:160 (occt_1157_stress_after:arm64+0x100001b64)
    #13 void* std::__1::__thread_proxy[abi:nqe210106]<std::__1::tuple<std::__1::unique_ptr<std::__1::__thread_struct, std::__1::default_delete<std::__1::__thread_struct>>, void (*)(int, int), int, int>>(void*) thread.h:168 (occt_1157_stress_after:arm64+0x100006494)

  Thread T6 (tid=361111, running) created by main thread at:
    #0 pthread_create <null> (libclang_rt.tsan_osx_dynamic.dylib:arm64e+0x33834)
    #1 std::__1::thread::thread[abi:nqe210106]<void (*&)(int, int), int&, int&, 0>(void (*&)(int, int), int&, int&) thread.h:216 (occt_1157_stress_after:arm64+0x10000635c)
    #2 runOne(char const*, int, int) occt_1157_stress.cpp:343 (occt_1157_stress_after:arm64+0x1000039b0)
    #3 main occt_1157_stress.cpp:380 (occt_1157_stress_after:arm64+0x100002e08)

  Thread T8 (tid=361114, running) created by main thread at:
    #0 pthread_create <null> (libclang_rt.tsan_osx_dynamic.dylib:arm64e+0x33834)
    #1 std::__1::thread::thread[abi:nqe210106]<void (*&)(int, int), int&, int&, 0>(void (*&)(int, int), int&, int&) thread.h:216 (occt_1157_stress_after:arm64+0x10000635c)
    #2 runOne(char const*, int, int) occt_1157_stress.cpp:343 (occt_1157_stress_after:arm64+0x1000039b0)
    #3 main occt_1157_stress.cpp:380 (occt_1157_stress_after:arm64+0x100002e08)

SUMMARY: ThreadSanitizer: data race IGESData_GlobalSection.cxx:43 in CopyString(opencascade::handle<TCollection_HAsciiString>&)
==================
WARNING: ThreadSanitizer: data race (pid=71706)
  Read of size 4 at 0x00010fb07258 by thread T7:
    #0 CopyString(opencascade::handle<TCollection_HAsciiString>&) IGESData_GlobalSection.cxx:43 (occt_1157_stress_after:arm64+0x1000d7704)
    #1 IGESData_GlobalSection::CopyRefs() IGESData_GlobalSection.cxx:422 (occt_1157_stress_after:arm64+0x1000d761c)
    #2 IGESData_IGESModel::GetFromAnother(opencascade::handle<Interface_InterfaceModel> const&) IGESData_IGESModel.cxx:353 (occt_1157_stress_after:arm64+0x1000e2898)
    #3 Interface_InterfaceModel::Template(char const*) Interface_InterfaceModel.cxx:1117 (occt_1157_stress_after:arm64+0x10132f274)
    #4 IGESData_BasicEditor::Init(opencascade::handle<IGESData_Protocol> const&) IGESData_BasicEditor.cxx:53 (occt_1157_stress_after:arm64+0x1000c7108)
    #5 IGESControl_Writer::IGESControl_Writer(char const*, int) IGESControl_Writer.cxx:74 (occt_1157_stress_after:arm64+0x1003903ac)
    #6 IGESControl_Writer::IGESControl_Writer(char const*, int) IGESControl_Writer.cxx:72 (occt_1157_stress_after:arm64+0x100390560)
    #7 runIgesWriteIndependent(int, int) occt_1157_stress.cpp:160 (occt_1157_stress_after:arm64+0x100001b64)
    #8 void* std::__1::__thread_proxy[abi:nqe210106]<std::__1::tuple<std::__1::unique_ptr<std::__1::__thread_struct, std::__1::default_delete<std::__1::__thread_struct>>, void (*)(int, int), int, int>>(void*) thread.h:168 (occt_1157_stress_after:arm64+0x100006494)

  Previous write of size 4 at 0x00010fb07258 by thread T8:
    #0 TCollection_AsciiString::TCollection_AsciiString(char const*, int) TCollection_AsciiString.hxx:1529 (occt_1157_stress_after:arm64+0x1008d118c)
    #1 TCollection_AsciiString::TCollection_AsciiString(char const*, int) TCollection_AsciiString.cxx:107 (occt_1157_stress_after:arm64+0x1008d12e8)
    #2 TCollection_HAsciiString::TCollection_HAsciiString(char const*) TCollection_HAsciiString.cxx:34 (occt_1157_stress_after:arm64+0x1008df0f4)
    #3 IGESData_GlobalSection::TranslatedFromHollerith(opencascade::handle<TCollection_HAsciiString> const&) const IGESData_GlobalSection.cxx:123 (occt_1157_stress_after:arm64+0x1000d5ff8)
    #4 IGESData_GlobalSection::SetSystemId(opencascade::handle<TCollection_HAsciiString> const&) IGESData_GlobalSection.cxx:921 (occt_1157_stress_after:arm64+0x1000d96dc)
    #5 IGESData::Init() IGESData.cxx:254 (occt_1157_stress_after:arm64+0x1000c60a0)
    #6 IGESBasic::Init() IGESBasic.cxx:31 (occt_1157_stress_after:arm64+0x100108e28)
    #7 IGESGeom::Init() IGESGeom.cxx:32 (occt_1157_stress_after:arm64+0x100145e7c)
    #8 IGESSolid::Init() IGESSolid.cxx:32 (occt_1157_stress_after:arm64+0x10021d518)
    #9 IGESControl_Controller::IGESControl_Controller(bool) IGESControl_Controller.cxx:79 (occt_1157_stress_after:arm64+0x10037fe60)
    #10 IGESControl_Controller::Init() IGESControl_Controller.cxx:364 (occt_1157_stress_after:arm64+0x1003853b0)
    #11 IGESControl_Writer::IGESControl_Writer(char const*, int) IGESControl_Writer.cxx:73 (occt_1157_stress_after:arm64+0x100390398)
    #12 IGESControl_Writer::IGESControl_Writer(char const*, int) IGESControl_Writer.cxx:72 (occt_1157_stress_after:arm64+0x100390560)
    #13 runIgesWriteIndependent(int, int) occt_1157_stress.cpp:160 (occt_1157_stress_after:arm64+0x100001b64)
    #14 void* std::__1::__thread_proxy[abi:nqe210106]<std::__1::tuple<std::__1::unique_ptr<std::__1::__thread_struct, std::__1::default_delete<std::__1::__thread_struct>>, void (*)(int, int), int, int>>(void*) thread.h:168 (occt_1157_stress_after:arm64+0x100006494)

  Location is heap block of size 32 at 0x00010fb07240 allocated by thread T8:
    #0 calloc <null> (libclang_rt.tsan_osx_dynamic.dylib:arm64e+0x67c40)
    #1 Standard::Allocate(unsigned long) Standard.cxx:386 (occt_1157_stress_after:arm64+0x1008c3310)
    #2 IGESData_GlobalSection::TranslatedFromHollerith(opencascade::handle<TCollection_HAsciiString> const&) const IGESData_GlobalSection.cxx:123 (occt_1157_stress_after:arm64+0x1000d5fd4)
    #3 IGESData_GlobalSection::SetSystemId(opencascade::handle<TCollection_HAsciiString> const&) IGESData_GlobalSection.cxx:921 (occt_1157_stress_after:arm64+0x1000d96dc)
    #4 IGESData::Init() IGESData.cxx:254 (occt_1157_stress_after:arm64+0x1000c60a0)
    #5 IGESBasic::Init() IGESBasic.cxx:31 (occt_1157_stress_after:arm64+0x100108e28)
    #6 IGESGeom::Init() IGESGeom.cxx:32 (occt_1157_stress_after:arm64+0x100145e7c)
    #7 IGESSolid::Init() IGESSolid.cxx:32 (occt_1157_stress_after:arm64+0x10021d518)
    #8 IGESControl_Controller::IGESControl_Controller(bool) IGESControl_Controller.cxx:79 (occt_1157_stress_after:arm64+0x10037fe60)
    #9 IGESControl_Controller::Init() IGESControl_Controller.cxx:364 (occt_1157_stress_after:arm64+0x1003853b0)
    #10 IGESControl_Writer::IGESControl_Writer(char const*, int) IGESControl_Writer.cxx:73 (occt_1157_stress_after:arm64+0x100390398)
    #11 IGESControl_Writer::IGESControl_Writer(char const*, int) IGESControl_Writer.cxx:72 (occt_1157_stress_after:arm64+0x100390560)
    #12 runIgesWriteIndependent(int, int) occt_1157_stress.cpp:160 (occt_1157_stress_after:arm64+0x100001b64)
    #13 void* std::__1::__thread_proxy[abi:nqe210106]<std::__1::tuple<std::__1::unique_ptr<std::__1::__thread_struct, std::__1::default_delete<std::__1::__thread_struct>>, void (*)(int, int), int, int>>(void*) thread.h:168 (occt_1157_stress_after:arm64+0x100006494)

  Thread T7 (tid=361113, running) created by main thread at:
    #0 pthread_create <null> (libclang_rt.tsan_osx_dynamic.dylib:arm64e+0x33834)
    #1 std::__1::thread::thread[abi:nqe210106]<void (*&)(int, int), int&, int&, 0>(void (*&)(int, int), int&, int&) thread.h:216 (occt_1157_stress_after:arm64+0x10000635c)
    #2 runOne(char const*, int, int) occt_1157_stress.cpp:343 (occt_1157_stress_after:arm64+0x1000039b0)
    #3 main occt_1157_stress.cpp:380 (occt_1157_stress_after:arm64+0x100002e08)

  Thread T8 (tid=361114, running) created by main thread at:
    #0 pthread_create <null> (libclang_rt.tsan_osx_dynamic.dylib:arm64e+0x33834)
    #1 std::__1::thread::thread[abi:nqe210106]<void (*&)(int, int), int&, int&, 0>(void (*&)(int, int), int&, int&) thread.h:216 (occt_1157_stress_after:arm64+0x10000635c)
    #2 runOne(char const*, int, int) occt_1157_stress.cpp:343 (occt_1157_stress_after:arm64+0x1000039b0)
    #3 main occt_1157_stress.cpp:380 (occt_1157_stress_after:arm64+0x100002e08)

SUMMARY: ThreadSanitizer: data race IGESData_GlobalSection.cxx:43 in CopyString(opencascade::handle<TCollection_HAsciiString>&)
==================
WARNING: ThreadSanitizer: data race (pid=71706)
  Read of size 8 at 0x00010fb07030 by thread T6:
    #0 CopyString(opencascade::handle<TCollection_HAsciiString>&) IGESData_GlobalSection.cxx:43 (occt_1157_stress_after:arm64+0x1000d76f8)
    #1 IGESData_GlobalSection::CopyRefs() IGESData_GlobalSection.cxx:423 (occt_1157_stress_after:arm64+0x1000d7624)
    #2 IGESData_IGESModel::GetFromAnother(opencascade::handle<Interface_InterfaceModel> const&) IGESData_IGESModel.cxx:353 (occt_1157_stress_after:arm64+0x1000e2898)
    #3 Interface_InterfaceModel::Template(char const*) Interface_InterfaceModel.cxx:1117 (occt_1157_stress_after:arm64+0x10132f274)
    #4 IGESData_BasicEditor::Init(opencascade::handle<IGESData_Protocol> const&) IGESData_BasicEditor.cxx:53 (occt_1157_stress_after:arm64+0x1000c7108)
    #5 IGESControl_Writer::IGESControl_Writer(char const*, int) IGESControl_Writer.cxx:74 (occt_1157_stress_after:arm64+0x1003903ac)
    #6 IGESControl_Writer::IGESControl_Writer(char const*, int) IGESControl_Writer.cxx:72 (occt_1157_stress_after:arm64+0x100390560)
    #7 runIgesWriteIndependent(int, int) occt_1157_stress.cpp:160 (occt_1157_stress_after:arm64+0x100001b64)
    #8 void* std::__1::__thread_proxy[abi:nqe210106]<std::__1::tuple<std::__1::unique_ptr<std::__1::__thread_struct, std::__1::default_delete<std::__1::__thread_struct>>, void (*)(int, int), int, int>>(void*) thread.h:168 (occt_1157_stress_after:arm64+0x100006494)

  Previous write of size 8 at 0x00010fb07030 by thread T8:
    #0 TCollection_AsciiString::TCollection_AsciiString(char const*, int) TCollection_AsciiString.hxx:1528 (occt_1157_stress_after:arm64+0x1008d1180)
    #1 TCollection_AsciiString::TCollection_AsciiString(char const*, int) TCollection_AsciiString.cxx:107 (occt_1157_stress_after:arm64+0x1008d12e8)
    #2 TCollection_HAsciiString::TCollection_HAsciiString(char const*) TCollection_HAsciiString.cxx:34 (occt_1157_stress_after:arm64+0x1008df0f4)
    #3 IGESData_GlobalSection::TranslatedFromHollerith(opencascade::handle<TCollection_HAsciiString> const&) const IGESData_GlobalSection.cxx:123 (occt_1157_stress_after:arm64+0x1000d5ff8)
    #4 IGESData_GlobalSection::SetInterfaceVersion(opencascade::handle<TCollection_HAsciiString> const&) IGESData_GlobalSection.cxx:926 (occt_1157_stress_after:arm64+0x1000d97a0)
    #5 IGESData::Init() IGESData.cxx:256 (occt_1157_stress_after:arm64+0x1000c6100)
    #6 IGESBasic::Init() IGESBasic.cxx:31 (occt_1157_stress_after:arm64+0x100108e28)
    #7 IGESGeom::Init() IGESGeom.cxx:32 (occt_1157_stress_after:arm64+0x100145e7c)
    #8 IGESSolid::Init() IGESSolid.cxx:32 (occt_1157_stress_after:arm64+0x10021d518)
    #9 IGESControl_Controller::IGESControl_Controller(bool) IGESControl_Controller.cxx:79 (occt_1157_stress_after:arm64+0x10037fe60)
    #10 IGESControl_Controller::Init() IGESControl_Controller.cxx:364 (occt_1157_stress_after:arm64+0x1003853b0)
    #11 IGESControl_Writer::IGESControl_Writer(char const*, int) IGESControl_Writer.cxx:73 (occt_1157_stress_after:arm64+0x100390398)
    #12 IGESControl_Writer::IGESControl_Writer(char const*, int) IGESControl_Writer.cxx:72 (occt_1157_stress_after:arm64+0x100390560)
    #13 runIgesWriteIndependent(int, int) occt_1157_stress.cpp:160 (occt_1157_stress_after:arm64+0x100001b64)
    #14 void* std::__1::__thread_proxy[abi:nqe210106]<std::__1::tuple<std::__1::unique_ptr<std::__1::__thread_struct, std::__1::default_delete<std::__1::__thread_struct>>, void (*)(int, int), int, int>>(void*) thread.h:168 (occt_1157_stress_after:arm64+0x100006494)

  Location is heap block of size 32 at 0x00010fb07020 allocated by thread T8:
    #0 calloc <null> (libclang_rt.tsan_osx_dynamic.dylib:arm64e+0x67c40)
    #1 Standard::Allocate(unsigned long) Standard.cxx:386 (occt_1157_stress_after:arm64+0x1008c3310)
    #2 IGESData_GlobalSection::TranslatedFromHollerith(opencascade::handle<TCollection_HAsciiString> const&) const IGESData_GlobalSection.cxx:123 (occt_1157_stress_after:arm64+0x1000d5fd4)
    #3 IGESData_GlobalSection::SetInterfaceVersion(opencascade::handle<TCollection_HAsciiString> const&) IGESData_GlobalSection.cxx:926 (occt_1157_stress_after:arm64+0x1000d97a0)
    #4 IGESData::Init() IGESData.cxx:256 (occt_1157_stress_after:arm64+0x1000c6100)
    #5 IGESBasic::Init() IGESBasic.cxx:31 (occt_1157_stress_after:arm64+0x100108e28)
    #6 IGESGeom::Init() IGESGeom.cxx:32 (occt_1157_stress_after:arm64+0x100145e7c)
    #7 IGESSolid::Init() IGESSolid.cxx:32 (occt_1157_stress_after:arm64+0x10021d518)
    #8 IGESControl_Controller::IGESControl_Controller(bool) IGESControl_Controller.cxx:79 (occt_1157_stress_after:arm64+0x10037fe60)
    #9 IGESControl_Controller::Init() IGESControl_Controller.cxx:364 (occt_1157_stress_after:arm64+0x1003853b0)
    #10 IGESControl_Writer::IGESControl_Writer(char const*, int) IGESControl_Writer.cxx:73 (occt_1157_stress_after:arm64+0x100390398)
    #11 IGESControl_Writer::IGESControl_Writer(char const*, int) IGESControl_Writer.cxx:72 (occt_1157_stress_after:arm64+0x100390560)
    #12 runIgesWriteIndependent(int, int) occt_1157_stress.cpp:160 (occt_1157_stress_after:arm64+0x100001b64)
    #13 void* std::__1::__thread_proxy[abi:nqe210106]<std::__1::tuple<std::__1::unique_ptr<std::__1::__thread_struct, std::__1::default_delete<std::__1::__thread_struct>>, void (*)(int, int), int, int>>(void*) thread.h:168 (occt_1157_stress_after:arm64+0x100006494)

  Thread T6 (tid=361111, running) created by main thread at:
    #0 pthread_create <null> (libclang_rt.tsan_osx_dynamic.dylib:arm64e+0x33834)
    #1 std::__1::thread::thread[abi:nqe210106]<void (*&)(int, int), int&, int&, 0>(void (*&)(int, int), int&, int&) thread.h:216 (occt_1157_stress_after:arm64+0x10000635c)
    #2 runOne(char const*, int, int) occt_1157_stress.cpp:343 (occt_1157_stress_after:arm64+0x1000039b0)
    #3 main occt_1157_stress.cpp:380 (occt_1157_stress_after:arm64+0x100002e08)

  Thread T8 (tid=361114, running) created by main thread at:
    #0 pthread_create <null> (libclang_rt.tsan_osx_dynamic.dylib:arm64e+0x33834)
    #1 std::__1::thread::thread[abi:nqe210106]<void (*&)(int, int), int&, int&, 0>(void (*&)(int, int), int&, int&) thread.h:216 (occt_1157_stress_after:arm64+0x10000635c)
    #2 runOne(char const*, int, int) occt_1157_stress.cpp:343 (occt_1157_stress_after:arm64+0x1000039b0)
    #3 main occt_1157_stress.cpp:380 (occt_1157_stress_after:arm64+0x100002e08)

SUMMARY: ThreadSanitizer: data race IGESData_GlobalSection.cxx:43 in CopyString(opencascade::handle<TCollection_HAsciiString>&)
==================
WARNING: ThreadSanitizer: data race (pid=71706)
  Read of size 4 at 0x00010fb07038 by thread T7:
    #0 CopyString(opencascade::handle<TCollection_HAsciiString>&) IGESData_GlobalSection.cxx:43 (occt_1157_stress_after:arm64+0x1000d7704)
    #1 IGESData_GlobalSection::CopyRefs() IGESData_GlobalSection.cxx:423 (occt_1157_stress_after:arm64+0x1000d7624)
    #2 IGESData_IGESModel::GetFromAnother(opencascade::handle<Interface_InterfaceModel> const&) IGESData_IGESModel.cxx:353 (occt_1157_stress_after:arm64+0x1000e2898)
    #3 Interface_InterfaceModel::Template(char const*) Interface_InterfaceModel.cxx:1117 (occt_1157_stress_after:arm64+0x10132f274)
    #4 IGESData_BasicEditor::Init(opencascade::handle<IGESData_Protocol> const&) IGESData_BasicEditor.cxx:53 (occt_1157_stress_after:arm64+0x1000c7108)
    #5 IGESControl_Writer::IGESControl_Writer(char const*, int) IGESControl_Writer.cxx:74 (occt_1157_stress_after:arm64+0x1003903ac)
    #6 IGESControl_Writer::IGESControl_Writer(char const*, int) IGESControl_Writer.cxx:72 (occt_1157_stress_after:arm64+0x100390560)
    #7 runIgesWriteIndependent(int, int) occt_1157_stress.cpp:160 (occt_1157_stress_after:arm64+0x100001b64)
    #8 void* std::__1::__thread_proxy[abi:nqe210106]<std::__1::tuple<std::__1::unique_ptr<std::__1::__thread_struct, std::__1::default_delete<std::__1::__thread_struct>>, void (*)(int, int), int, int>>(void*) thread.h:168 (occt_1157_stress_after:arm64+0x100006494)

  Previous write of size 4 at 0x00010fb07038 by thread T8:
    #0 TCollection_AsciiString::TCollection_AsciiString(char const*, int) TCollection_AsciiString.hxx:1529 (occt_1157_stress_after:arm64+0x1008d118c)
    #1 TCollection_AsciiString::TCollection_AsciiString(char const*, int) TCollection_AsciiString.cxx:107 (occt_1157_stress_after:arm64+0x1008d12e8)
    #2 TCollection_HAsciiString::TCollection_HAsciiString(char const*) TCollection_HAsciiString.cxx:34 (occt_1157_stress_after:arm64+0x1008df0f4)
    #3 IGESData_GlobalSection::TranslatedFromHollerith(opencascade::handle<TCollection_HAsciiString> const&) const IGESData_GlobalSection.cxx:123 (occt_1157_stress_after:arm64+0x1000d5ff8)
    #4 IGESData_GlobalSection::SetInterfaceVersion(opencascade::handle<TCollection_HAsciiString> const&) IGESData_GlobalSection.cxx:926 (occt_1157_stress_after:arm64+0x1000d97a0)
    #5 IGESData::Init() IGESData.cxx:256 (occt_1157_stress_after:arm64+0x1000c6100)
    #6 IGESBasic::Init() IGESBasic.cxx:31 (occt_1157_stress_after:arm64+0x100108e28)
    #7 IGESGeom::Init() IGESGeom.cxx:32 (occt_1157_stress_after:arm64+0x100145e7c)
    #8 IGESSolid::Init() IGESSolid.cxx:32 (occt_1157_stress_after:arm64+0x10021d518)
    #9 IGESControl_Controller::IGESControl_Controller(bool) IGESControl_Controller.cxx:79 (occt_1157_stress_after:arm64+0x10037fe60)
    #10 IGESControl_Controller::Init() IGESControl_Controller.cxx:364 (occt_1157_stress_after:arm64+0x1003853b0)
    #11 IGESControl_Writer::IGESControl_Writer(char const*, int) IGESControl_Writer.cxx:73 (occt_1157_stress_after:arm64+0x100390398)
    #12 IGESControl_Writer::IGESControl_Writer(char const*, int) IGESControl_Writer.cxx:72 (occt_1157_stress_after:arm64+0x100390560)
    #13 runIgesWriteIndependent(int, int) occt_1157_stress.cpp:160 (occt_1157_stress_after:arm64+0x100001b64)
    #14 void* std::__1::__thread_proxy[abi:nqe210106]<std::__1::tuple<std::__1::unique_ptr<std::__1::__thread_struct, std::__1::default_delete<std::__1::__thread_struct>>, void (*)(int, int), int, int>>(void*) thread.h:168 (occt_1157_stress_after:arm64+0x100006494)

  Location is heap block of size 32 at 0x00010fb07020 allocated by thread T8:
    #0 calloc <null> (libclang_rt.tsan_osx_dynamic.dylib:arm64e+0x67c40)
    #1 Standard::Allocate(unsigned long) Standard.cxx:386 (occt_1157_stress_after:arm64+0x1008c3310)
    #2 IGESData_GlobalSection::TranslatedFromHollerith(opencascade::handle<TCollection_HAsciiString> const&) const IGESData_GlobalSection.cxx:123 (occt_1157_stress_after:arm64+0x1000d5fd4)
    #3 IGESData_GlobalSection::SetInterfaceVersion(opencascade::handle<TCollection_HAsciiString> const&) IGESData_GlobalSection.cxx:926 (occt_1157_stress_after:arm64+0x1000d97a0)
    #4 IGESData::Init() IGESData.cxx:256 (occt_1157_stress_after:arm64+0x1000c6100)
    #5 IGESBasic::Init() IGESBasic.cxx:31 (occt_1157_stress_after:arm64+0x100108e28)
    #6 IGESGeom::Init() IGESGeom.cxx:32 (occt_1157_stress_after:arm64+0x100145e7c)
    #7 IGESSolid::Init() IGESSolid.cxx:32 (occt_1157_stress_after:arm64+0x10021d518)
    #8 IGESControl_Controller::IGESControl_Controller(bool) IGESControl_Controller.cxx:79 (occt_1157_stress_after:arm64+0x10037fe60)
    #9 IGESControl_Controller::Init() IGESControl_Controller.cxx:364 (occt_1157_stress_after:arm64+0x1003853b0)
    #10 IGESControl_Writer::IGESControl_Writer(char const*, int) IGESControl_Writer.cxx:73 (occt_1157_stress_after:arm64+0x100390398)
    #11 IGESControl_Writer::IGESControl_Writer(char const*, int) IGESControl_Writer.cxx:72 (occt_1157_stress_after:arm64+0x100390560)
    #12 runIgesWriteIndependent(int, int) occt_1157_stress.cpp:160 (occt_1157_stress_after:arm64+0x100001b64)
    #13 void* std::__1::__thread_proxy[abi:nqe210106]<std::__1::tuple<std::__1::unique_ptr<std::__1::__thread_struct, std::__1::default_delete<std::__1::__thread_struct>>, void (*)(int, int), int, int>>(void*) thread.h:168 (occt_1157_stress_after:arm64+0x100006494)

  Thread T7 (tid=361113, running) created by main thread at:
    #0 pthread_create <null> (libclang_rt.tsan_osx_dynamic.dylib:arm64e+0x33834)
    #1 std::__1::thread::thread[abi:nqe210106]<void (*&)(int, int), int&, int&, 0>(void (*&)(int, int), int&, int&) thread.h:216 (occt_1157_stress_after:arm64+0x10000635c)
    #2 runOne(char const*, int, int) occt_1157_stress.cpp:343 (occt_1157_stress_after:arm64+0x1000039b0)
    #3 main occt_1157_stress.cpp:380 (occt_1157_stress_after:arm64+0x100002e08)

  Thread T8 (tid=361114, running) created by main thread at:
    #0 pthread_create <null> (libclang_rt.tsan_osx_dynamic.dylib:arm64e+0x33834)
    #1 std::__1::thread::thread[abi:nqe210106]<void (*&)(int, int), int&, int&, 0>(void (*&)(int, int), int&, int&) thread.h:216 (occt_1157_stress_after:arm64+0x10000635c)
    #2 runOne(char const*, int, int) occt_1157_stress.cpp:343 (occt_1157_stress_after:arm64+0x1000039b0)
    #3 main occt_1157_stress.cpp:380 (occt_1157_stress_after:arm64+0x100002e08)

SUMMARY: ThreadSanitizer: data race IGESData_GlobalSection.cxx:43 in CopyString(opencascade::handle<TCollection_HAsciiString>&)
==================
WARNING: ThreadSanitizer: data race (pid=71706)
  Read of size 8 at 0x00010fb07130 by thread T6:
    #0 CopyString(opencascade::handle<TCollection_HAsciiString>&) IGESData_GlobalSection.cxx:43 (occt_1157_stress_after:arm64+0x1000d76f8)
    #1 IGESData_GlobalSection::CopyRefs() IGESData_GlobalSection.cxx:424 (occt_1157_stress_after:arm64+0x1000d762c)
    #2 IGESData_IGESModel::GetFromAnother(opencascade::handle<Interface_InterfaceModel> const&) IGESData_IGESModel.cxx:353 (occt_1157_stress_after:arm64+0x1000e2898)
    #3 Interface_InterfaceModel::Template(char const*) Interface_InterfaceModel.cxx:1117 (occt_1157_stress_after:arm64+0x10132f274)
    #4 IGESData_BasicEditor::Init(opencascade::handle<IGESData_Protocol> const&) IGESData_BasicEditor.cxx:53 (occt_1157_stress_after:arm64+0x1000c7108)
    #5 IGESControl_Writer::IGESControl_Writer(char const*, int) IGESControl_Writer.cxx:74 (occt_1157_stress_after:arm64+0x1003903ac)
    #6 IGESControl_Writer::IGESControl_Writer(char const*, int) IGESControl_Writer.cxx:72 (occt_1157_stress_after:arm64+0x100390560)
    #7 runIgesWriteIndependent(int, int) occt_1157_stress.cpp:160 (occt_1157_stress_after:arm64+0x100001b64)
    #8 void* std::__1::__thread_proxy[abi:nqe210106]<std::__1::tuple<std::__1::unique_ptr<std::__1::__thread_struct, std::__1::default_delete<std::__1::__thread_struct>>, void (*)(int, int), int, int>>(void*) thread.h:168 (occt_1157_stress_after:arm64+0x100006494)

  Previous write of size 8 at 0x00010fb07130 by thread T8:
    #0 TCollection_AsciiString::TCollection_AsciiString(char const*, int) TCollection_AsciiString.hxx:1528 (occt_1157_stress_after:arm64+0x1008d1180)
    #1 TCollection_AsciiString::TCollection_AsciiString(char const*, int) TCollection_AsciiString.cxx:107 (occt_1157_stress_after:arm64+0x1008d12e8)
    #2 TCollection_HAsciiString::TCollection_HAsciiString(char const*) TCollection_HAsciiString.cxx:34 (occt_1157_stress_after:arm64+0x1008df0f4)
    #3 IGESData_GlobalSection::TranslatedFromHollerith(opencascade::handle<TCollection_HAsciiString> const&) const IGESData_GlobalSection.cxx:123 (occt_1157_stress_after:arm64+0x1000d5ff8)
    #4 IGESData_GlobalSection::SetReceiveName(opencascade::handle<TCollection_HAsciiString> const&) IGESData_GlobalSection.cxx:956 (occt_1157_stress_after:arm64+0x1000d997c)
    #5 IGESData::Init() IGESData.cxx:262 (occt_1157_stress_after:arm64+0x1000c616c)
    #6 IGESBasic::Init() IGESBasic.cxx:31 (occt_1157_stress_after:arm64+0x100108e28)
    #7 IGESGeom::Init() IGESGeom.cxx:32 (occt_1157_stress_after:arm64+0x100145e7c)
    #8 IGESSolid::Init() IGESSolid.cxx:32 (occt_1157_stress_after:arm64+0x10021d518)
    #9 IGESControl_Controller::IGESControl_Controller(bool) IGESControl_Controller.cxx:79 (occt_1157_stress_after:arm64+0x10037fe60)
    #10 IGESControl_Controller::Init() IGESControl_Controller.cxx:364 (occt_1157_stress_after:arm64+0x1003853b0)
    #11 IGESControl_Writer::IGESControl_Writer(char const*, int) IGESControl_Writer.cxx:73 (occt_1157_stress_after:arm64+0x100390398)
    #12 IGESControl_Writer::IGESControl_Writer(char const*, int) IGESControl_Writer.cxx:72 (occt_1157_stress_after:arm64+0x100390560)
    #13 runIgesWriteIndependent(int, int) occt_1157_stress.cpp:160 (occt_1157_stress_after:arm64+0x100001b64)
    #14 void* std::__1::__thread_proxy[abi:nqe210106]<std::__1::tuple<std::__1::unique_ptr<std::__1::__thread_struct, std::__1::default_delete<std::__1::__thread_struct>>, void (*)(int, int), int, int>>(void*) thread.h:168 (occt_1157_stress_after:arm64+0x100006494)

  Location is heap block of size 32 at 0x00010fb07120 allocated by thread T8:
    #0 calloc <null> (libclang_rt.tsan_osx_dynamic.dylib:arm64e+0x67c40)
    #1 Standard::Allocate(unsigned long) Standard.cxx:386 (occt_1157_stress_after:arm64+0x1008c3310)
    #2 IGESData_GlobalSection::TranslatedFromHollerith(opencascade::handle<TCollection_HAsciiString> const&) const IGESData_GlobalSection.cxx:123 (occt_1157_stress_after:arm64+0x1000d5fd4)
    #3 IGESData_GlobalSection::SetReceiveName(opencascade::handle<TCollection_HAsciiString> const&) IGESData_GlobalSection.cxx:956 (occt_1157_stress_after:arm64+0x1000d997c)
    #4 IGESData::Init() IGESData.cxx:262 (occt_1157_stress_after:arm64+0x1000c616c)
    #5 IGESBasic::Init() IGESBasic.cxx:31 (occt_1157_stress_after:arm64+0x100108e28)
    #6 IGESGeom::Init() IGESGeom.cxx:32 (occt_1157_stress_after:arm64+0x100145e7c)
    #7 IGESSolid::Init() IGESSolid.cxx:32 (occt_1157_stress_after:arm64+0x10021d518)
    #8 IGESControl_Controller::IGESControl_Controller(bool) IGESControl_Controller.cxx:79 (occt_1157_stress_after:arm64+0x10037fe60)
    #9 IGESControl_Controller::Init() IGESControl_Controller.cxx:364 (occt_1157_stress_after:arm64+0x1003853b0)
    #10 IGESControl_Writer::IGESControl_Writer(char const*, int) IGESControl_Writer.cxx:73 (occt_1157_stress_after:arm64+0x100390398)
    #11 IGESControl_Writer::IGESControl_Writer(char const*, int) IGESControl_Writer.cxx:72 (occt_1157_stress_after:arm64+0x100390560)
    #12 runIgesWriteIndependent(int, int) occt_1157_stress.cpp:160 (occt_1157_stress_after:arm64+0x100001b64)
    #13 void* std::__1::__thread_proxy[abi:nqe210106]<std::__1::tuple<std::__1::unique_ptr<std::__1::__thread_struct, std::__1::default_delete<std::__1::__thread_struct>>, void (*)(int, int), int, int>>(void*) thread.h:168 (occt_1157_stress_after:arm64+0x100006494)

  Thread T6 (tid=361111, running) created by main thread at:
    #0 pthread_create <null> (libclang_rt.tsan_osx_dynamic.dylib:arm64e+0x33834)
    #1 std::__1::thread::thread[abi:nqe210106]<void (*&)(int, int), int&, int&, 0>(void (*&)(int, int), int&, int&) thread.h:216 (occt_1157_stress_after:arm64+0x10000635c)
    #2 runOne(char const*, int, int) occt_1157_stress.cpp:343 (occt_1157_stress_after:arm64+0x1000039b0)
    #3 main occt_1157_stress.cpp:380 (occt_1157_stress_after:arm64+0x100002e08)

  Thread T8 (tid=361114, running) created by main thread at:
    #0 pthread_create <null> (libclang_rt.tsan_osx_dynamic.dylib:arm64e+0x33834)
    #1 std::__1::thread::thread[abi:nqe210106]<void (*&)(int, int), int&, int&, 0>(void (*&)(int, int), int&, int&) thread.h:216 (occt_1157_stress_after:arm64+0x10000635c)
    #2 runOne(char const*, int, int) occt_1157_stress.cpp:343 (occt_1157_stress_after:arm64+0x1000039b0)
    #3 main occt_1157_stress.cpp:380 (occt_1157_stress_after:arm64+0x100002e08)

SUMMARY: ThreadSanitizer: data race IGESData_GlobalSection.cxx:43 in CopyString(opencascade::handle<TCollection_HAsciiString>&)
==================
WARNING: ThreadSanitizer: data race (pid=71706)
  Read of size 4 at 0x00010fb07138 by thread T7:
    #0 CopyString(opencascade::handle<TCollection_HAsciiString>&) IGESData_GlobalSection.cxx:43 (occt_1157_stress_after:arm64+0x1000d7704)
    #1 IGESData_GlobalSection::CopyRefs() IGESData_GlobalSection.cxx:424 (occt_1157_stress_after:arm64+0x1000d762c)
    #2 IGESData_IGESModel::GetFromAnother(opencascade::handle<Interface_InterfaceModel> const&) IGESData_IGESModel.cxx:353 (occt_1157_stress_after:arm64+0x1000e2898)
    #3 Interface_InterfaceModel::Template(char const*) Interface_InterfaceModel.cxx:1117 (occt_1157_stress_after:arm64+0x10132f274)
    #4 IGESData_BasicEditor::Init(opencascade::handle<IGESData_Protocol> const&) IGESData_BasicEditor.cxx:53 (occt_1157_stress_after:arm64+0x1000c7108)
    #5 IGESControl_Writer::IGESControl_Writer(char const*, int) IGESControl_Writer.cxx:74 (occt_1157_stress_after:arm64+0x1003903ac)
    #6 IGESControl_Writer::IGESControl_Writer(char const*, int) IGESControl_Writer.cxx:72 (occt_1157_stress_after:arm64+0x100390560)
    #7 runIgesWriteIndependent(int, int) occt_1157_stress.cpp:160 (occt_1157_stress_after:arm64+0x100001b64)
    #8 void* std::__1::__thread_proxy[abi:nqe210106]<std::__1::tuple<std::__1::unique_ptr<std::__1::__thread_struct, std::__1::default_delete<std::__1::__thread_struct>>, void (*)(int, int), int, int>>(void*) thread.h:168 (occt_1157_stress_after:arm64+0x100006494)

  Previous write of size 4 at 0x00010fb07138 by thread T8:
    #0 TCollection_AsciiString::TCollection_AsciiString(char const*, int) TCollection_AsciiString.hxx:1529 (occt_1157_stress_after:arm64+0x1008d118c)
    #1 TCollection_AsciiString::TCollection_AsciiString(char const*, int) TCollection_AsciiString.cxx:107 (occt_1157_stress_after:arm64+0x1008d12e8)
    #2 TCollection_HAsciiString::TCollection_HAsciiString(char const*) TCollection_HAsciiString.cxx:34 (occt_1157_stress_after:arm64+0x1008df0f4)
    #3 IGESData_GlobalSection::TranslatedFromHollerith(opencascade::handle<TCollection_HAsciiString> const&) const IGESData_GlobalSection.cxx:123 (occt_1157_stress_after:arm64+0x1000d5ff8)
    #4 IGESData_GlobalSection::SetReceiveName(opencascade::handle<TCollection_HAsciiString> const&) IGESData_GlobalSection.cxx:956 (occt_1157_stress_after:arm64+0x1000d997c)
    #5 IGESData::Init() IGESData.cxx:262 (occt_1157_stress_after:arm64+0x1000c616c)
    #6 IGESBasic::Init() IGESBasic.cxx:31 (occt_1157_stress_after:arm64+0x100108e28)
    #7 IGESGeom::Init() IGESGeom.cxx:32 (occt_1157_stress_after:arm64+0x100145e7c)
    #8 IGESSolid::Init() IGESSolid.cxx:32 (occt_1157_stress_after:arm64+0x10021d518)
    #9 IGESControl_Controller::IGESControl_Controller(bool) IGESControl_Controller.cxx:79 (occt_1157_stress_after:arm64+0x10037fe60)
    #10 IGESControl_Controller::Init() IGESControl_Controller.cxx:364 (occt_1157_stress_after:arm64+0x1003853b0)
    #11 IGESControl_Writer::IGESControl_Writer(char const*, int) IGESControl_Writer.cxx:73 (occt_1157_stress_after:arm64+0x100390398)
    #12 IGESControl_Writer::IGESControl_Writer(char const*, int) IGESControl_Writer.cxx:72 (occt_1157_stress_after:arm64+0x100390560)
    #13 runIgesWriteIndependent(int, int) occt_1157_stress.cpp:160 (occt_1157_stress_after:arm64+0x100001b64)
    #14 void* std::__1::__thread_proxy[abi:nqe210106]<std::__1::tuple<std::__1::unique_ptr<std::__1::__thread_struct, std::__1::default_delete<std::__1::__thread_struct>>, void (*)(int, int), int, int>>(void*) thread.h:168 (occt_1157_stress_after:arm64+0x100006494)

  Location is heap block of size 32 at 0x00010fb07120 allocated by thread T8:
    #0 calloc <null> (libclang_rt.tsan_osx_dynamic.dylib:arm64e+0x67c40)
    #1 Standard::Allocate(unsigned long) Standard.cxx:386 (occt_1157_stress_after:arm64+0x1008c3310)
    #2 IGESData_GlobalSection::TranslatedFromHollerith(opencascade::handle<TCollection_HAsciiString> const&) const IGESData_GlobalSection.cxx:123 (occt_1157_stress_after:arm64+0x1000d5fd4)
    #3 IGESData_GlobalSection::SetReceiveName(opencascade::handle<TCollection_HAsciiString> const&) IGESData_GlobalSection.cxx:956 (occt_1157_stress_after:arm64+0x1000d997c)
    #4 IGESData::Init() IGESData.cxx:262 (occt_1157_stress_after:arm64+0x1000c616c)
    #5 IGESBasic::Init() IGESBasic.cxx:31 (occt_1157_stress_after:arm64+0x100108e28)
    #6 IGESGeom::Init() IGESGeom.cxx:32 (occt_1157_stress_after:arm64+0x100145e7c)
    #7 IGESSolid::Init() IGESSolid.cxx:32 (occt_1157_stress_after:arm64+0x10021d518)
    #8 IGESControl_Controller::IGESControl_Controller(bool) IGESControl_Controller.cxx:79 (occt_1157_stress_after:arm64+0x10037fe60)
    #9 IGESControl_Controller::Init() IGESControl_Controller.cxx:364 (occt_1157_stress_after:arm64+0x1003853b0)
    #10 IGESControl_Writer::IGESControl_Writer(char const*, int) IGESControl_Writer.cxx:73 (occt_1157_stress_after:arm64+0x100390398)
    #11 IGESControl_Writer::IGESControl_Writer(char const*, int) IGESControl_Writer.cxx:72 (occt_1157_stress_after:arm64+0x100390560)
    #12 runIgesWriteIndependent(int, int) occt_1157_stress.cpp:160 (occt_1157_stress_after:arm64+0x100001b64)
    #13 void* std::__1::__thread_proxy[abi:nqe210106]<std::__1::tuple<std::__1::unique_ptr<std::__1::__thread_struct, std::__1::default_delete<std::__1::__thread_struct>>, void (*)(int, int), int, int>>(void*) thread.h:168 (occt_1157_stress_after:arm64+0x100006494)

  Thread T7 (tid=361113, running) created by main thread at:
    #0 pthread_create <null> (libclang_rt.tsan_osx_dynamic.dylib:arm64e+0x33834)
    #1 std::__1::thread::thread[abi:nqe210106]<void (*&)(int, int), int&, int&, 0>(void (*&)(int, int), int&, int&) thread.h:216 (occt_1157_stress_after:arm64+0x10000635c)
    #2 runOne(char const*, int, int) occt_1157_stress.cpp:343 (occt_1157_stress_after:arm64+0x1000039b0)
    #3 main occt_1157_stress.cpp:380 (occt_1157_stress_after:arm64+0x100002e08)

  Thread T8 (tid=361114, running) created by main thread at:
    #0 pthread_create <null> (libclang_rt.tsan_osx_dynamic.dylib:arm64e+0x33834)
    #1 std::__1::thread::thread[abi:nqe210106]<void (*&)(int, int), int&, int&, 0>(void (*&)(int, int), int&, int&) thread.h:216 (occt_1157_stress_after:arm64+0x10000635c)
    #2 runOne(char const*, int, int) occt_1157_stress.cpp:343 (occt_1157_stress_after:arm64+0x1000039b0)
    #3 main occt_1157_stress.cpp:380 (occt_1157_stress_after:arm64+0x100002e08)

SUMMARY: ThreadSanitizer: data race IGESData_GlobalSection.cxx:43 in CopyString(opencascade::handle<TCollection_HAsciiString>&)
==================
WARNING: ThreadSanitizer: data race (pid=71706)
  Read of size 8 at 0x00010fb06f70 by thread T6:
    #0 CopyString(opencascade::handle<TCollection_HAsciiString>&) IGESData_GlobalSection.cxx:43 (occt_1157_stress_after:arm64+0x1000d76f8)
    #1 IGESData_GlobalSection::CopyRefs() IGESData_GlobalSection.cxx:425 (occt_1157_stress_after:arm64+0x1000d7634)
    #2 IGESData_IGESModel::GetFromAnother(opencascade::handle<Interface_InterfaceModel> const&) IGESData_IGESModel.cxx:353 (occt_1157_stress_after:arm64+0x1000e2898)
    #3 Interface_InterfaceModel::Template(char const*) Interface_InterfaceModel.cxx:1117 (occt_1157_stress_after:arm64+0x10132f274)
    #4 IGESData_BasicEditor::Init(opencascade::handle<IGESData_Protocol> const&) IGESData_BasicEditor.cxx:53 (occt_1157_stress_after:arm64+0x1000c7108)
    #5 IGESControl_Writer::IGESControl_Writer(char const*, int) IGESControl_Writer.cxx:74 (occt_1157_stress_after:arm64+0x1003903ac)
    #6 IGESControl_Writer::IGESControl_Writer(char const*, int) IGESControl_Writer.cxx:72 (occt_1157_stress_after:arm64+0x100390560)
    #7 runIgesWriteIndependent(int, int) occt_1157_stress.cpp:160 (occt_1157_stress_after:arm64+0x100001b64)
    #8 void* std::__1::__thread_proxy[abi:nqe210106]<std::__1::tuple<std::__1::unique_ptr<std::__1::__thread_struct, std::__1::default_delete<std::__1::__thread_struct>>, void (*)(int, int), int, int>>(void*) thread.h:168 (occt_1157_stress_after:arm64+0x100006494)

  Previous write of size 8 at 0x00010fb06f70 by thread T8:
    #0 TCollection_AsciiString::TCollection_AsciiString(char const*, int) TCollection_AsciiString.hxx:1528 (occt_1157_stress_after:arm64+0x1008d1180)
    #1 TCollection_AsciiString::TCollection_AsciiString(char const*, int) TCollection_AsciiString.cxx:107 (occt_1157_stress_after:arm64+0x1008d12e8)
    #2 TCollection_HAsciiString::TCollection_HAsciiString(char const*) TCollection_HAsciiString.cxx:34 (occt_1157_stress_after:arm64+0x1008df0f4)
    #3 IGESData_GlobalSection::TranslatedFromHollerith(opencascade::handle<TCollection_HAsciiString> const&) const IGESData_GlobalSection.cxx:123 (occt_1157_stress_after:arm64+0x1000d5ff8)
    #4 IGESData_GlobalSection::SetUnitName(opencascade::handle<TCollection_HAsciiString> const&) IGESData_GlobalSection.cxx:976 (occt_1157_stress_after:arm64+0x1000d9af8)
    #5 IGESData::Init() IGESData.cxx:266 (occt_1157_stress_after:arm64+0x1000c6294)
    #6 IGESBasic::Init() IGESBasic.cxx:31 (occt_1157_stress_after:arm64+0x100108e28)
    #7 IGESGeom::Init() IGESGeom.cxx:32 (occt_1157_stress_after:arm64+0x100145e7c)
    #8 IGESSolid::Init() IGESSolid.cxx:32 (occt_1157_stress_after:arm64+0x10021d518)
    #9 IGESControl_Controller::IGESControl_Controller(bool) IGESControl_Controller.cxx:79 (occt_1157_stress_after:arm64+0x10037fe60)
    #10 IGESControl_Controller::Init() IGESControl_Controller.cxx:364 (occt_1157_stress_after:arm64+0x1003853b0)
    #11 IGESControl_Writer::IGESControl_Writer(char const*, int) IGESControl_Writer.cxx:73 (occt_1157_stress_after:arm64+0x100390398)
    #12 IGESControl_Writer::IGESControl_Writer(char const*, int) IGESControl_Writer.cxx:72 (occt_1157_stress_after:arm64+0x100390560)
    #13 runIgesWriteIndependent(int, int) occt_1157_stress.cpp:160 (occt_1157_stress_after:arm64+0x100001b64)
    #14 void* std::__1::__thread_proxy[abi:nqe210106]<std::__1::tuple<std::__1::unique_ptr<std::__1::__thread_struct, std::__1::default_delete<std::__1::__thread_struct>>, void (*)(int, int), int, int>>(void*) thread.h:168 (occt_1157_stress_after:arm64+0x100006494)

  Location is heap block of size 32 at 0x00010fb06f60 allocated by thread T8:
    #0 calloc <null> (libclang_rt.tsan_osx_dynamic.dylib:arm64e+0x67c40)
    #1 Standard::Allocate(unsigned long) Standard.cxx:386 (occt_1157_stress_after:arm64+0x1008c3310)
    #2 IGESData_GlobalSection::TranslatedFromHollerith(opencascade::handle<TCollection_HAsciiString> const&) const IGESData_GlobalSection.cxx:123 (occt_1157_stress_after:arm64+0x1000d5fd4)
    #3 IGESData_GlobalSection::SetUnitName(opencascade::handle<TCollection_HAsciiString> const&) IGESData_GlobalSection.cxx:976 (occt_1157_stress_after:arm64+0x1000d9af8)
    #4 IGESData::Init() IGESData.cxx:266 (occt_1157_stress_after:arm64+0x1000c6294)
    #5 IGESBasic::Init() IGESBasic.cxx:31 (occt_1157_stress_after:arm64+0x100108e28)
    #6 IGESGeom::Init() IGESGeom.cxx:32 (occt_1157_stress_after:arm64+0x100145e7c)
    #7 IGESSolid::Init() IGESSolid.cxx:32 (occt_1157_stress_after:arm64+0x10021d518)
    #8 IGESControl_Controller::IGESControl_Controller(bool) IGESControl_Controller.cxx:79 (occt_1157_stress_after:arm64+0x10037fe60)
    #9 IGESControl_Controller::Init() IGESControl_Controller.cxx:364 (occt_1157_stress_after:arm64+0x1003853b0)
    #10 IGESControl_Writer::IGESControl_Writer(char const*, int) IGESControl_Writer.cxx:73 (occt_1157_stress_after:arm64+0x100390398)
    #11 IGESControl_Writer::IGESControl_Writer(char const*, int) IGESControl_Writer.cxx:72 (occt_1157_stress_after:arm64+0x100390560)
    #12 runIgesWriteIndependent(int, int) occt_1157_stress.cpp:160 (occt_1157_stress_after:arm64+0x100001b64)
    #13 void* std::__1::__thread_proxy[abi:nqe210106]<std::__1::tuple<std::__1::unique_ptr<std::__1::__thread_struct, std::__1::default_delete<std::__1::__thread_struct>>, void (*)(int, int), int, int>>(void*) thread.h:168 (occt_1157_stress_after:arm64+0x100006494)

  Thread T6 (tid=361111, running) created by main thread at:
    #0 pthread_create <null> (libclang_rt.tsan_osx_dynamic.dylib:arm64e+0x33834)
    #1 std::__1::thread::thread[abi:nqe210106]<void (*&)(int, int), int&, int&, 0>(void (*&)(int, int), int&, int&) thread.h:216 (occt_1157_stress_after:arm64+0x10000635c)
    #2 runOne(char const*, int, int) occt_1157_stress.cpp:343 (occt_1157_stress_after:arm64+0x1000039b0)
    #3 main occt_1157_stress.cpp:380 (occt_1157_stress_after:arm64+0x100002e08)

  Thread T8 (tid=361114, running) created by main thread at:
    #0 pthread_create <null> (libclang_rt.tsan_osx_dynamic.dylib:arm64e+0x33834)
    #1 std::__1::thread::thread[abi:nqe210106]<void (*&)(int, int), int&, int&, 0>(void (*&)(int, int), int&, int&) thread.h:216 (occt_1157_stress_after:arm64+0x10000635c)
    #2 runOne(char const*, int, int) occt_1157_stress.cpp:343 (occt_1157_stress_after:arm64+0x1000039b0)
    #3 main occt_1157_stress.cpp:380 (occt_1157_stress_after:arm64+0x100002e08)

SUMMARY: ThreadSanitizer: data race IGESData_GlobalSection.cxx:43 in CopyString(opencascade::handle<TCollection_HAsciiString>&)
==================
WARNING: ThreadSanitizer: data race (pid=71706)
  Atomic write of size 4 at 0x00010fb07128 by thread T5:
    #0 IGESData_GlobalSection::operator=(IGESData_GlobalSection const&) IGESData_GlobalSection.hxx:39 (occt_1157_stress_after:arm64+0x1000e0280)
    #1 IGESData_IGESModel::GetFromAnother(opencascade::handle<Interface_InterfaceModel> const&) IGESData_IGESModel.cxx:352 (occt_1157_stress_after:arm64+0x1000e2890)
    #2 Interface_InterfaceModel::Template(char const*) Interface_InterfaceModel.cxx:1117 (occt_1157_stress_after:arm64+0x10132f274)
    #3 IGESData_BasicEditor::Init(opencascade::handle<IGESData_Protocol> const&) IGESData_BasicEditor.cxx:53 (occt_1157_stress_after:arm64+0x1000c7108)
    #4 IGESControl_Writer::IGESControl_Writer(char const*, int) IGESControl_Writer.cxx:74 (occt_1157_stress_after:arm64+0x1003903ac)
    #5 IGESControl_Writer::IGESControl_Writer(char const*, int) IGESControl_Writer.cxx:72 (occt_1157_stress_after:arm64+0x100390560)
    #6 runIgesWriteIndependent(int, int) occt_1157_stress.cpp:160 (occt_1157_stress_after:arm64+0x100001b64)
    #7 void* std::__1::__thread_proxy[abi:nqe210106]<std::__1::tuple<std::__1::unique_ptr<std::__1::__thread_struct, std::__1::default_delete<std::__1::__thread_struct>>, void (*)(int, int), int, int>>(void*) thread.h:168 (occt_1157_stress_after:arm64+0x100006494)

  Previous write of size 4 at 0x00010fb07128 by thread T8:
    #0 TCollection_HAsciiString::TCollection_HAsciiString(char const*) TCollection_HAsciiString.cxx:34 (occt_1157_stress_after:arm64+0x1008df0b4)
    #1 IGESData_GlobalSection::TranslatedFromHollerith(opencascade::handle<TCollection_HAsciiString> const&) const IGESData_GlobalSection.cxx:123 (occt_1157_stress_after:arm64+0x1000d5ff8)
    #2 IGESData_GlobalSection::SetReceiveName(opencascade::handle<TCollection_HAsciiString> const&) IGESData_GlobalSection.cxx:956 (occt_1157_stress_after:arm64+0x1000d997c)
    #3 IGESData::Init() IGESData.cxx:262 (occt_1157_stress_after:arm64+0x1000c616c)
    #4 IGESBasic::Init() IGESBasic.cxx:31 (occt_1157_stress_after:arm64+0x100108e28)
    #5 IGESGeom::Init() IGESGeom.cxx:32 (occt_1157_stress_after:arm64+0x100145e7c)
    #6 IGESSolid::Init() IGESSolid.cxx:32 (occt_1157_stress_after:arm64+0x10021d518)
    #7 IGESControl_Controller::IGESControl_Controller(bool) IGESControl_Controller.cxx:79 (occt_1157_stress_after:arm64+0x10037fe60)
    #8 IGESControl_Controller::Init() IGESControl_Controller.cxx:364 (occt_1157_stress_after:arm64+0x1003853b0)
    #9 IGESControl_Writer::IGESControl_Writer(char const*, int) IGESControl_Writer.cxx:73 (occt_1157_stress_after:arm64+0x100390398)
    #10 IGESControl_Writer::IGESControl_Writer(char const*, int) IGESControl_Writer.cxx:72 (occt_1157_stress_after:arm64+0x100390560)
    #11 runIgesWriteIndependent(int, int) occt_1157_stress.cpp:160 (occt_1157_stress_after:arm64+0x100001b64)
    #12 void* std::__1::__thread_proxy[abi:nqe210106]<std::__1::tuple<std::__1::unique_ptr<std::__1::__thread_struct, std::__1::default_delete<std::__1::__thread_struct>>, void (*)(int, int), int, int>>(void*) thread.h:168 (occt_1157_stress_after:arm64+0x100006494)

  Location is heap block of size 32 at 0x00010fb07120 allocated by thread T8:
    #0 calloc <null> (libclang_rt.tsan_osx_dynamic.dylib:arm64e+0x67c40)
    #1 Standard::Allocate(unsigned long) Standard.cxx:386 (occt_1157_stress_after:arm64+0x1008c3310)
    #2 IGESData_GlobalSection::TranslatedFromHollerith(opencascade::handle<TCollection_HAsciiString> const&) const IGESData_GlobalSection.cxx:123 (occt_1157_stress_after:arm64+0x1000d5fd4)
    #3 IGESData_GlobalSection::SetReceiveName(opencascade::handle<TCollection_HAsciiString> const&) IGESData_GlobalSection.cxx:956 (occt_1157_stress_after:arm64+0x1000d997c)
    #4 IGESData::Init() IGESData.cxx:262 (occt_1157_stress_after:arm64+0x1000c616c)
    #5 IGESBasic::Init() IGESBasic.cxx:31 (occt_1157_stress_after:arm64+0x100108e28)
    #6 IGESGeom::Init() IGESGeom.cxx:32 (occt_1157_stress_after:arm64+0x100145e7c)
    #7 IGESSolid::Init() IGESSolid.cxx:32 (occt_1157_stress_after:arm64+0x10021d518)
    #8 IGESControl_Controller::IGESControl_Controller(bool) IGESControl_Controller.cxx:79 (occt_1157_stress_after:arm64+0x10037fe60)
    #9 IGESControl_Controller::Init() IGESControl_Controller.cxx:364 (occt_1157_stress_after:arm64+0x1003853b0)
    #10 IGESControl_Writer::IGESControl_Writer(char const*, int) IGESControl_Writer.cxx:73 (occt_1157_stress_after:arm64+0x100390398)
    #11 IGESControl_Writer::IGESControl_Writer(char const*, int) IGESControl_Writer.cxx:72 (occt_1157_stress_after:arm64+0x100390560)
    #12 runIgesWriteIndependent(int, int) occt_1157_stress.cpp:160 (occt_1157_stress_after:arm64+0x100001b64)
    #13 void* std::__1::__thread_proxy[abi:nqe210106]<std::__1::tuple<std::__1::unique_ptr<std::__1::__thread_struct, std::__1::default_delete<std::__1::__thread_struct>>, void (*)(int, int), int, int>>(void*) thread.h:168 (occt_1157_stress_after:arm64+0x100006494)

  Thread T5 (tid=361110, running) created by main thread at:
    #0 pthread_create <null> (libclang_rt.tsan_osx_dynamic.dylib:arm64e+0x33834)
    #1 std::__1::thread::thread[abi:nqe210106]<void (*&)(int, int), int&, int&, 0>(void (*&)(int, int), int&, int&) thread.h:216 (occt_1157_stress_after:arm64+0x10000635c)
    #2 std::__1::thread* std::__1::vector<std::__1::thread, std::__1::allocator<std::__1::thread>>::__emplace_back_slow_path<void (*&)(int, int), int&, int&>(void (*&)(int, int), int&, int&) vector.h:1130 (occt_1157_stress_after:arm64+0x100006118)
    #3 runOne(char const*, int, int) occt_1157_stress.cpp:343 (occt_1157_stress_after:arm64+0x1000039d8)
    #4 main occt_1157_stress.cpp:380 (occt_1157_stress_after:arm64+0x100002e08)

  Thread T8 (tid=361114, running) created by main thread at:
    #0 pthread_create <null> (libclang_rt.tsan_osx_dynamic.dylib:arm64e+0x33834)
    #1 std::__1::thread::thread[abi:nqe210106]<void (*&)(int, int), int&, int&, 0>(void (*&)(int, int), int&, int&) thread.h:216 (occt_1157_stress_after:arm64+0x10000635c)
    #2 runOne(char const*, int, int) occt_1157_stress.cpp:343 (occt_1157_stress_after:arm64+0x1000039b0)
    #3 main occt_1157_stress.cpp:380 (occt_1157_stress_after:arm64+0x100002e08)

SUMMARY: ThreadSanitizer: data race IGESData_GlobalSection.hxx:39 in IGESData_GlobalSection::operator=(IGESData_GlobalSection const&)
==================
WARNING: ThreadSanitizer: data race (pid=71706)
  Read of size 8 at 0x00011001f768 by thread T4:
    #0 IGESData_GlobalSection::operator=(IGESData_GlobalSection const&) IGESData_GlobalSection.hxx:39 (occt_1157_stress_after:arm64+0x1000e0200)
    #1 IGESData_IGESModel::GetFromAnother(opencascade::handle<Interface_InterfaceModel> const&) IGESData_IGESModel.cxx:352 (occt_1157_stress_after:arm64+0x1000e2890)
    #2 Interface_InterfaceModel::Template(char const*) Interface_InterfaceModel.cxx:1117 (occt_1157_stress_after:arm64+0x10132f274)
    #3 IGESData_BasicEditor::Init(opencascade::handle<IGESData_Protocol> const&) IGESData_BasicEditor.cxx:53 (occt_1157_stress_after:arm64+0x1000c7108)
    #4 IGESControl_Writer::IGESControl_Writer(char const*, int) IGESControl_Writer.cxx:74 (occt_1157_stress_after:arm64+0x1003903ac)
    #5 IGESControl_Writer::IGESControl_Writer(char const*, int) IGESControl_Writer.cxx:72 (occt_1157_stress_after:arm64+0x100390560)
    #6 runIgesWriteIndependent(int, int) occt_1157_stress.cpp:160 (occt_1157_stress_after:arm64+0x100001b64)
    #7 void* std::__1::__thread_proxy[abi:nqe210106]<std::__1::tuple<std::__1::unique_ptr<std::__1::__thread_struct, std::__1::default_delete<std::__1::__thread_struct>>, void (*)(int, int), int, int>>(void*) thread.h:168 (occt_1157_stress_after:arm64+0x100006494)

  Previous write of size 8 at 0x00011001f768 by thread T8:
    #0 IGESData_GlobalSection::IGESData_GlobalSection() IGESData_GlobalSection.cxx:92 (occt_1157_stress_after:arm64+0x1000d5da4)
    #1 IGESData_IGESModel::IGESData_IGESModel() IGESData_IGESModel.cxx:42 (occt_1157_stress_after:arm64+0x1000df8b4)
    #2 IGESData_IGESModel::IGESData_IGESModel() IGESData_IGESModel.cxx:43 (occt_1157_stress_after:arm64+0x1000dfe04)
    #3 IGESData::Init() IGESData.cxx:287 (occt_1157_stress_after:arm64+0x1000c65d8)
    #4 IGESBasic::Init() IGESBasic.cxx:31 (occt_1157_stress_after:arm64+0x100108e28)
    #5 IGESGeom::Init() IGESGeom.cxx:32 (occt_1157_stress_after:arm64+0x100145e7c)
    #6 IGESSolid::Init() IGESSolid.cxx:32 (occt_1157_stress_after:arm64+0x10021d518)
    #7 IGESControl_Controller::IGESControl_Controller(bool) IGESControl_Controller.cxx:79 (occt_1157_stress_after:arm64+0x10037fe60)
    #8 IGESControl_Controller::Init() IGESControl_Controller.cxx:364 (occt_1157_stress_after:arm64+0x1003853b0)
    #9 IGESControl_Writer::IGESControl_Writer(char const*, int) IGESControl_Writer.cxx:73 (occt_1157_stress_after:arm64+0x100390398)
    #10 IGESControl_Writer::IGESControl_Writer(char const*, int) IGESControl_Writer.cxx:72 (occt_1157_stress_after:arm64+0x100390560)
    #11 runIgesWriteIndependent(int, int) occt_1157_stress.cpp:160 (occt_1157_stress_after:arm64+0x100001b64)
    #12 void* std::__1::__thread_proxy[abi:nqe210106]<std::__1::tuple<std::__1::unique_ptr<std::__1::__thread_struct, std::__1::default_delete<std::__1::__thread_struct>>, void (*)(int, int), int, int>>(void*) thread.h:168 (occt_1157_stress_after:arm64+0x100006494)

  Location is heap block of size 424 at 0x00011001f640 allocated by thread T8:
    #0 calloc <null> (libclang_rt.tsan_osx_dynamic.dylib:arm64e+0x67c40)
    #1 Standard::Allocate(unsigned long) Standard.cxx:386 (occt_1157_stress_after:arm64+0x1008c3310)
    #2 IGESData::Init() IGESData.cxx:287 (occt_1157_stress_after:arm64+0x1000c65d0)
    #3 IGESBasic::Init() IGESBasic.cxx:31 (occt_1157_stress_after:arm64+0x100108e28)
    #4 IGESGeom::Init() IGESGeom.cxx:32 (occt_1157_stress_after:arm64+0x100145e7c)
    #5 IGESSolid::Init() IGESSolid.cxx:32 (occt_1157_stress_after:arm64+0x10021d518)
    #6 IGESControl_Controller::IGESControl_Controller(bool) IGESControl_Controller.cxx:79 (occt_1157_stress_after:arm64+0x10037fe60)
    #7 IGESControl_Controller::Init() IGESControl_Controller.cxx:364 (occt_1157_stress_after:arm64+0x1003853b0)
    #8 IGESControl_Writer::IGESControl_Writer(char const*, int) IGESControl_Writer.cxx:73 (occt_1157_stress_after:arm64+0x100390398)
    #9 IGESControl_Writer::IGESControl_Writer(char const*, int) IGESControl_Writer.cxx:72 (occt_1157_stress_after:arm64+0x100390560)
    #10 runIgesWriteIndependent(int, int) occt_1157_stress.cpp:160 (occt_1157_stress_after:arm64+0x100001b64)
    #11 void* std::__1::__thread_proxy[abi:nqe210106]<std::__1::tuple<std::__1::unique_ptr<std::__1::__thread_struct, std::__1::default_delete<std::__1::__thread_struct>>, void (*)(int, int), int, int>>(void*) thread.h:168 (occt_1157_stress_after:arm64+0x100006494)

  Thread T4 (tid=361109, running) created by main thread at:
    #0 pthread_create <null> (libclang_rt.tsan_osx_dynamic.dylib:arm64e+0x33834)
    #1 std::__1::thread::thread[abi:nqe210106]<void (*&)(int, int), int&, int&, 0>(void (*&)(int, int), int&, int&) thread.h:216 (occt_1157_stress_after:arm64+0x10000635c)
    #2 runOne(char const*, int, int) occt_1157_stress.cpp:343 (occt_1157_stress_after:arm64+0x1000039b0)
    #3 main occt_1157_stress.cpp:380 (occt_1157_stress_after:arm64+0x100002e08)

  Thread T8 (tid=361114, running) created by main thread at:
    #0 pthread_create <null> (libclang_rt.tsan_osx_dynamic.dylib:arm64e+0x33834)
    #1 std::__1::thread::thread[abi:nqe210106]<void (*&)(int, int), int&, int&, 0>(void (*&)(int, int), int&, int&) thread.h:216 (occt_1157_stress_after:arm64+0x10000635c)
    #2 runOne(char const*, int, int) occt_1157_stress.cpp:343 (occt_1157_stress_after:arm64+0x1000039b0)
    #3 main occt_1157_stress.cpp:380 (occt_1157_stress_after:arm64+0x100002e08)

SUMMARY: ThreadSanitizer: data race IGESData_GlobalSection.hxx:39 in IGESData_GlobalSection::operator=(IGESData_GlobalSection const&)
==================
WARNING: ThreadSanitizer: data race (pid=71706)
  Atomic write of size 4 at 0x00010fb07028 by thread T2:
    #0 IGESData_GlobalSection::operator=(IGESData_GlobalSection const&) IGESData_GlobalSection.hxx:39 (occt_1157_stress_after:arm64+0x1000e01e8)
    #1 IGESData_IGESModel::GetFromAnother(opencascade::handle<Interface_InterfaceModel> const&) IGESData_IGESModel.cxx:352 (occt_1157_stress_after:arm64+0x1000e2890)
    #2 Interface_InterfaceModel::Template(char const*) Interface_InterfaceModel.cxx:1117 (occt_1157_stress_after:arm64+0x10132f274)
    #3 IGESData_BasicEditor::Init(opencascade::handle<IGESData_Protocol> const&) IGESData_BasicEditor.cxx:53 (occt_1157_stress_after:arm64+0x1000c7108)
    #4 IGESControl_Writer::IGESControl_Writer(char const*, int) IGESControl_Writer.cxx:74 (occt_1157_stress_after:arm64+0x1003903ac)
    #5 IGESControl_Writer::IGESControl_Writer(char const*, int) IGESControl_Writer.cxx:72 (occt_1157_stress_after:arm64+0x100390560)
    #6 runIgesWriteIndependent(int, int) occt_1157_stress.cpp:160 (occt_1157_stress_after:arm64+0x100001b64)
    #7 void* std::__1::__thread_proxy[abi:nqe210106]<std::__1::tuple<std::__1::unique_ptr<std::__1::__thread_struct, std::__1::default_delete<std::__1::__thread_struct>>, void (*)(int, int), int, int>>(void*) thread.h:168 (occt_1157_stress_after:arm64+0x100006494)

  Previous write of size 4 at 0x00010fb07028 by thread T8:
    #0 TCollection_HAsciiString::TCollection_HAsciiString(char const*) TCollection_HAsciiString.cxx:34 (occt_1157_stress_after:arm64+0x1008df0b4)
    #1 IGESData_GlobalSection::TranslatedFromHollerith(opencascade::handle<TCollection_HAsciiString> const&) const IGESData_GlobalSection.cxx:123 (occt_1157_stress_after:arm64+0x1000d5ff8)
    #2 IGESData_GlobalSection::SetInterfaceVersion(opencascade::handle<TCollection_HAsciiString> const&) IGESData_GlobalSection.cxx:926 (occt_1157_stress_after:arm64+0x1000d97a0)
    #3 IGESData::Init() IGESData.cxx:256 (occt_1157_stress_after:arm64+0x1000c6100)
    #4 IGESBasic::Init() IGESBasic.cxx:31 (occt_1157_stress_after:arm64+0x100108e28)
    #5 IGESGeom::Init() IGESGeom.cxx:32 (occt_1157_stress_after:arm64+0x100145e7c)
    #6 IGESSolid::Init() IGESSolid.cxx:32 (occt_1157_stress_after:arm64+0x10021d518)
    #7 IGESControl_Controller::IGESControl_Controller(bool) IGESControl_Controller.cxx:79 (occt_1157_stress_after:arm64+0x10037fe60)
    #8 IGESControl_Controller::Init() IGESControl_Controller.cxx:364 (occt_1157_stress_after:arm64+0x1003853b0)
    #9 IGESControl_Writer::IGESControl_Writer(char const*, int) IGESControl_Writer.cxx:73 (occt_1157_stress_after:arm64+0x100390398)
    #10 IGESControl_Writer::IGESControl_Writer(char const*, int) IGESControl_Writer.cxx:72 (occt_1157_stress_after:arm64+0x100390560)
    #11 runIgesWriteIndependent(int, int) occt_1157_stress.cpp:160 (occt_1157_stress_after:arm64+0x100001b64)
    #12 void* std::__1::__thread_proxy[abi:nqe210106]<std::__1::tuple<std::__1::unique_ptr<std::__1::__thread_struct, std::__1::default_delete<std::__1::__thread_struct>>, void (*)(int, int), int, int>>(void*) thread.h:168 (occt_1157_stress_after:arm64+0x100006494)

  Location is heap block of size 32 at 0x00010fb07020 allocated by thread T8:
    #0 calloc <null> (libclang_rt.tsan_osx_dynamic.dylib:arm64e+0x67c40)
    #1 Standard::Allocate(unsigned long) Standard.cxx:386 (occt_1157_stress_after:arm64+0x1008c3310)
    #2 IGESData_GlobalSection::TranslatedFromHollerith(opencascade::handle<TCollection_HAsciiString> const&) const IGESData_GlobalSection.cxx:123 (occt_1157_stress_after:arm64+0x1000d5fd4)
    #3 IGESData_GlobalSection::SetInterfaceVersion(opencascade::handle<TCollection_HAsciiString> const&) IGESData_GlobalSection.cxx:926 (occt_1157_stress_after:arm64+0x1000d97a0)
    #4 IGESData::Init() IGESData.cxx:256 (occt_1157_stress_after:arm64+0x1000c6100)
    #5 IGESBasic::Init() IGESBasic.cxx:31 (occt_1157_stress_after:arm64+0x100108e28)
    #6 IGESGeom::Init() IGESGeom.cxx:32 (occt_1157_stress_after:arm64+0x100145e7c)
    #7 IGESSolid::Init() IGESSolid.cxx:32 (occt_1157_stress_after:arm64+0x10021d518)
    #8 IGESControl_Controller::IGESControl_Controller(bool) IGESControl_Controller.cxx:79 (occt_1157_stress_after:arm64+0x10037fe60)
    #9 IGESControl_Controller::Init() IGESControl_Controller.cxx:364 (occt_1157_stress_after:arm64+0x1003853b0)
    #10 IGESControl_Writer::IGESControl_Writer(char const*, int) IGESControl_Writer.cxx:73 (occt_1157_stress_after:arm64+0x100390398)
    #11 IGESControl_Writer::IGESControl_Writer(char const*, int) IGESControl_Writer.cxx:72 (occt_1157_stress_after:arm64+0x100390560)
    #12 runIgesWriteIndependent(int, int) occt_1157_stress.cpp:160 (occt_1157_stress_after:arm64+0x100001b64)
    #13 void* std::__1::__thread_proxy[abi:nqe210106]<std::__1::tuple<std::__1::unique_ptr<std::__1::__thread_struct, std::__1::default_delete<std::__1::__thread_struct>>, void (*)(int, int), int, int>>(void*) thread.h:168 (occt_1157_stress_after:arm64+0x100006494)

  Thread T2 (tid=361107, running) created by main thread at:
    #0 pthread_create <null> (libclang_rt.tsan_osx_dynamic.dylib:arm64e+0x33834)
    #1 std::__1::thread::thread[abi:nqe210106]<void (*&)(int, int), int&, int&, 0>(void (*&)(int, int), int&, int&) thread.h:216 (occt_1157_stress_after:arm64+0x10000635c)
    #2 std::__1::thread* std::__1::vector<std::__1::thread, std::__1::allocator<std::__1::thread>>::__emplace_back_slow_path<void (*&)(int, int), int&, int&>(void (*&)(int, int), int&, int&) vector.h:1130 (occt_1157_stress_after:arm64+0x100006118)
    #3 runOne(char const*, int, int) occt_1157_stress.cpp:343 (occt_1157_stress_after:arm64+0x1000039d8)
    #4 main occt_1157_stress.cpp:380 (occt_1157_stress_after:arm64+0x100002e08)

  Thread T8 (tid=361114, running) created by main thread at:
    #0 pthread_create <null> (libclang_rt.tsan_osx_dynamic.dylib:arm64e+0x33834)
    #1 std::__1::thread::thread[abi:nqe210106]<void (*&)(int, int), int&, int&, 0>(void (*&)(int, int), int&, int&) thread.h:216 (occt_1157_stress_after:arm64+0x10000635c)
    #2 runOne(char const*, int, int) occt_1157_stress.cpp:343 (occt_1157_stress_after:arm64+0x1000039b0)
    #3 main occt_1157_stress.cpp:380 (occt_1157_stress_after:arm64+0x100002e08)

SUMMARY: ThreadSanitizer: data race IGESData_GlobalSection.hxx:39 in IGESData_GlobalSection::operator=(IGESData_GlobalSection const&)
==================
WARNING: ThreadSanitizer: data race (pid=71706)
  Read of size 8 at 0x00010fb06f90 by thread T6:
    #0 CopyString(opencascade::handle<TCollection_HAsciiString>&) IGESData_GlobalSection.cxx:43 (occt_1157_stress_after:arm64+0x1000d76f8)
    #1 IGESData_GlobalSection::CopyRefs() IGESData_GlobalSection.cxx:426 (occt_1157_stress_after:arm64+0x1000d763c)
    #2 IGESData_IGESModel::GetFromAnother(opencascade::handle<Interface_InterfaceModel> const&) IGESData_IGESModel.cxx:353 (occt_1157_stress_after:arm64+0x1000e2898)
    #3 Interface_InterfaceModel::Template(char const*) Interface_InterfaceModel.cxx:1117 (occt_1157_stress_after:arm64+0x10132f274)
    #4 IGESData_BasicEditor::Init(opencascade::handle<IGESData_Protocol> const&) IGESData_BasicEditor.cxx:53 (occt_1157_stress_after:arm64+0x1000c7108)
    #5 IGESControl_Writer::IGESControl_Writer(char const*, int) IGESControl_Writer.cxx:74 (occt_1157_stress_after:arm64+0x1003903ac)
    #6 IGESControl_Writer::IGESControl_Writer(char const*, int) IGESControl_Writer.cxx:72 (occt_1157_stress_after:arm64+0x100390560)
    #7 runIgesWriteIndependent(int, int) occt_1157_stress.cpp:160 (occt_1157_stress_after:arm64+0x100001b64)
    #8 void* std::__1::__thread_proxy[abi:nqe210106]<std::__1::tuple<std::__1::unique_ptr<std::__1::__thread_struct, std::__1::default_delete<std::__1::__thread_struct>>, void (*)(int, int), int, int>>(void*) thread.h:168 (occt_1157_stress_after:arm64+0x100006494)

  Previous write of size 8 at 0x00010fb06f90 by thread T8:
    #0 TCollection_AsciiString::TCollection_AsciiString(char const*, int) TCollection_AsciiString.hxx:1528 (occt_1157_stress_after:arm64+0x1008d1180)
    #1 TCollection_AsciiString::TCollection_AsciiString(char const*, int) TCollection_AsciiString.cxx:107 (occt_1157_stress_after:arm64+0x1008d12e8)
    #2 TCollection_HAsciiString::TCollection_HAsciiString(char const*) TCollection_HAsciiString.cxx:34 (occt_1157_stress_after:arm64+0x1008df0f4)
    #3 IGESData_GlobalSection::TranslatedFromHollerith(opencascade::handle<TCollection_HAsciiString> const&) const IGESData_GlobalSection.cxx:123 (occt_1157_stress_after:arm64+0x1000d5ff8)
    #4 IGESData_GlobalSection::SetDate(opencascade::handle<TCollection_HAsciiString> const&) IGESData_GlobalSection.cxx:991 (occt_1157_stress_after:arm64+0x1000d9c34)
    #5 IGESData::Init() IGESData.cxx:269 (occt_1157_stress_after:arm64+0x1000c631c)
    #6 IGESBasic::Init() IGESBasic.cxx:31 (occt_1157_stress_after:arm64+0x100108e28)
    #7 IGESGeom::Init() IGESGeom.cxx:32 (occt_1157_stress_after:arm64+0x100145e7c)
    #8 IGESSolid::Init() IGESSolid.cxx:32 (occt_1157_stress_after:arm64+0x10021d518)
    #9 IGESControl_Controller::IGESControl_Controller(bool) IGESControl_Controller.cxx:79 (occt_1157_stress_after:arm64+0x10037fe60)
    #10 IGESControl_Controller::Init() IGESControl_Controller.cxx:364 (occt_1157_stress_after:arm64+0x1003853b0)
    #11 IGESControl_Writer::IGESControl_Writer(char const*, int) IGESControl_Writer.cxx:73 (occt_1157_stress_after:arm64+0x100390398)
    #12 IGESControl_Writer::IGESControl_Writer(char const*, int) IGESControl_Writer.cxx:72 (occt_1157_stress_after:arm64+0x100390560)
    #13 runIgesWriteIndependent(int, int) occt_1157_stress.cpp:160 (occt_1157_stress_after:arm64+0x100001b64)
    #14 void* std::__1::__thread_proxy[abi:nqe210106]<std::__1::tuple<std::__1::unique_ptr<std::__1::__thread_struct, std::__1::default_delete<std::__1::__thread_struct>>, void (*)(int, int), int, int>>(void*) thread.h:168 (occt_1157_stress_after:arm64+0x100006494)

  Location is heap block of size 32 at 0x00010fb06f80 allocated by thread T8:
    #0 calloc <null> (libclang_rt.tsan_osx_dynamic.dylib:arm64e+0x67c40)
    #1 Standard::Allocate(unsigned long) Standard.cxx:386 (occt_1157_stress_after:arm64+0x1008c3310)
    #2 IGESData_GlobalSection::TranslatedFromHollerith(opencascade::handle<TCollection_HAsciiString> const&) const IGESData_GlobalSection.cxx:123 (occt_1157_stress_after:arm64+0x1000d5fd4)
    #3 IGESData_GlobalSection::SetDate(opencascade::handle<TCollection_HAsciiString> const&) IGESData_GlobalSection.cxx:991 (occt_1157_stress_after:arm64+0x1000d9c34)
    #4 IGESData::Init() IGESData.cxx:269 (occt_1157_stress_after:arm64+0x1000c631c)
    #5 IGESBasic::Init() IGESBasic.cxx:31 (occt_1157_stress_after:arm64+0x100108e28)
    #6 IGESGeom::Init() IGESGeom.cxx:32 (occt_1157_stress_after:arm64+0x100145e7c)
    #7 IGESSolid::Init() IGESSolid.cxx:32 (occt_1157_stress_after:arm64+0x10021d518)
    #8 IGESControl_Controller::IGESControl_Controller(bool) IGESControl_Controller.cxx:79 (occt_1157_stress_after:arm64+0x10037fe60)
    #9 IGESControl_Controller::Init() IGESControl_Controller.cxx:364 (occt_1157_stress_after:arm64+0x1003853b0)
    #10 IGESControl_Writer::IGESControl_Writer(char const*, int) IGESControl_Writer.cxx:73 (occt_1157_stress_after:arm64+0x100390398)
    #11 IGESControl_Writer::IGESControl_Writer(char const*, int) IGESControl_Writer.cxx:72 (occt_1157_stress_after:arm64+0x100390560)
    #12 runIgesWriteIndependent(int, int) occt_1157_stress.cpp:160 (occt_1157_stress_after:arm64+0x100001b64)
    #13 void* std::__1::__thread_proxy[abi:nqe210106]<std::__1::tuple<std::__1::unique_ptr<std::__1::__thread_struct, std::__1::default_delete<std::__1::__thread_struct>>, void (*)(int, int), int, int>>(void*) thread.h:168 (occt_1157_stress_after:arm64+0x100006494)

  Thread T6 (tid=361111, running) created by main thread at:
    #0 pthread_create <null> (libclang_rt.tsan_osx_dynamic.dylib:arm64e+0x33834)
    #1 std::__1::thread::thread[abi:nqe210106]<void (*&)(int, int), int&, int&, 0>(void (*&)(int, int), int&, int&) thread.h:216 (occt_1157_stress_after:arm64+0x10000635c)
    #2 runOne(char const*, int, int) occt_1157_stress.cpp:343 (occt_1157_stress_after:arm64+0x1000039b0)
    #3 main occt_1157_stress.cpp:380 (occt_1157_stress_after:arm64+0x100002e08)

  Thread T8 (tid=361114, running) created by main thread at:
    #0 pthread_create <null> (libclang_rt.tsan_osx_dynamic.dylib:arm64e+0x33834)
    #1 std::__1::thread::thread[abi:nqe210106]<void (*&)(int, int), int&, int&, 0>(void (*&)(int, int), int&, int&) thread.h:216 (occt_1157_stress_after:arm64+0x10000635c)
    #2 runOne(char const*, int, int) occt_1157_stress.cpp:343 (occt_1157_stress_after:arm64+0x1000039b0)
    #3 main occt_1157_stress.cpp:380 (occt_1157_stress_after:arm64+0x100002e08)

SUMMARY: ThreadSanitizer: data race IGESData_GlobalSection.cxx:43 in CopyString(opencascade::handle<TCollection_HAsciiString>&)
==================
WARNING: ThreadSanitizer: data race (pid=71706)
  Read of size 4 at 0x00010fb06f78 by thread T7:
    #0 CopyString(opencascade::handle<TCollection_HAsciiString>&) IGESData_GlobalSection.cxx:43 (occt_1157_stress_after:arm64+0x1000d7704)
    #1 IGESData_GlobalSection::CopyRefs() IGESData_GlobalSection.cxx:425 (occt_1157_stress_after:arm64+0x1000d7634)
    #2 IGESData_IGESModel::GetFromAnother(opencascade::handle<Interface_InterfaceModel> const&) IGESData_IGESModel.cxx:353 (occt_1157_stress_after:arm64+0x1000e2898)
    #3 Interface_InterfaceModel::Template(char const*) Interface_InterfaceModel.cxx:1117 (occt_1157_stress_after:arm64+0x10132f274)
    #4 IGESData_BasicEditor::Init(opencascade::handle<IGESData_Protocol> const&) IGESData_BasicEditor.cxx:53 (occt_1157_stress_after:arm64+0x1000c7108)
    #5 IGESControl_Writer::IGESControl_Writer(char const*, int) IGESControl_Writer.cxx:74 (occt_1157_stress_after:arm64+0x1003903ac)
    #6 IGESControl_Writer::IGESControl_Writer(char const*, int) IGESControl_Writer.cxx:72 (occt_1157_stress_after:arm64+0x100390560)
    #7 runIgesWriteIndependent(int, int) occt_1157_stress.cpp:160 (occt_1157_stress_after:arm64+0x100001b64)
    #8 void* std::__1::__thread_proxy[abi:nqe210106]<std::__1::tuple<std::__1::unique_ptr<std::__1::__thread_struct, std::__1::default_delete<std::__1::__thread_struct>>, void (*)(int, int), int, int>>(void*) thread.h:168 (occt_1157_stress_after:arm64+0x100006494)

  Previous write of size 4 at 0x00010fb06f78 by thread T8:
    #0 TCollection_AsciiString::TCollection_AsciiString(char const*, int) TCollection_AsciiString.hxx:1529 (occt_1157_stress_after:arm64+0x1008d118c)
    #1 TCollection_AsciiString::TCollection_AsciiString(char const*, int) TCollection_AsciiString.cxx:107 (occt_1157_stress_after:arm64+0x1008d12e8)
    #2 TCollection_HAsciiString::TCollection_HAsciiString(char const*) TCollection_HAsciiString.cxx:34 (occt_1157_stress_after:arm64+0x1008df0f4)
    #3 IGESData_GlobalSection::TranslatedFromHollerith(opencascade::handle<TCollection_HAsciiString> const&) const IGESData_GlobalSection.cxx:123 (occt_1157_stress_after:arm64+0x1000d5ff8)
    #4 IGESData_GlobalSection::SetUnitName(opencascade::handle<TCollection_HAsciiString> const&) IGESData_GlobalSection.cxx:976 (occt_1157_stress_after:arm64+0x1000d9af8)
    #5 IGESData::Init() IGESData.cxx:266 (occt_1157_stress_after:arm64+0x1000c6294)
    #6 IGESBasic::Init() IGESBasic.cxx:31 (occt_1157_stress_after:arm64+0x100108e28)
    #7 IGESGeom::Init() IGESGeom.cxx:32 (occt_1157_stress_after:arm64+0x100145e7c)
    #8 IGESSolid::Init() IGESSolid.cxx:32 (occt_1157_stress_after:arm64+0x10021d518)
    #9 IGESControl_Controller::IGESControl_Controller(bool) IGESControl_Controller.cxx:79 (occt_1157_stress_after:arm64+0x10037fe60)
    #10 IGESControl_Controller::Init() IGESControl_Controller.cxx:364 (occt_1157_stress_after:arm64+0x1003853b0)
    #11 IGESControl_Writer::IGESControl_Writer(char const*, int) IGESControl_Writer.cxx:73 (occt_1157_stress_after:arm64+0x100390398)
    #12 IGESControl_Writer::IGESControl_Writer(char const*, int) IGESControl_Writer.cxx:72 (occt_1157_stress_after:arm64+0x100390560)
    #13 runIgesWriteIndependent(int, int) occt_1157_stress.cpp:160 (occt_1157_stress_after:arm64+0x100001b64)
    #14 void* std::__1::__thread_proxy[abi:nqe210106]<std::__1::tuple<std::__1::unique_ptr<std::__1::__thread_struct, std::__1::default_delete<std::__1::__thread_struct>>, void (*)(int, int), int, int>>(void*) thread.h:168 (occt_1157_stress_after:arm64+0x100006494)

  Location is heap block of size 32 at 0x00010fb06f60 allocated by thread T8:
    #0 calloc <null> (libclang_rt.tsan_osx_dynamic.dylib:arm64e+0x67c40)
    #1 Standard::Allocate(unsigned long) Standard.cxx:386 (occt_1157_stress_after:arm64+0x1008c3310)
    #2 IGESData_GlobalSection::TranslatedFromHollerith(opencascade::handle<TCollection_HAsciiString> const&) const IGESData_GlobalSection.cxx:123 (occt_1157_stress_after:arm64+0x1000d5fd4)
    #3 IGESData_GlobalSection::SetUnitName(opencascade::handle<TCollection_HAsciiString> const&) IGESData_GlobalSection.cxx:976 (occt_1157_stress_after:arm64+0x1000d9af8)
    #4 IGESData::Init() IGESData.cxx:266 (occt_1157_stress_after:arm64+0x1000c6294)
    #5 IGESBasic::Init() IGESBasic.cxx:31 (occt_1157_stress_after:arm64+0x100108e28)
    #6 IGESGeom::Init() IGESGeom.cxx:32 (occt_1157_stress_after:arm64+0x100145e7c)
    #7 IGESSolid::Init() IGESSolid.cxx:32 (occt_1157_stress_after:arm64+0x10021d518)
    #8 IGESControl_Controller::IGESControl_Controller(bool) IGESControl_Controller.cxx:79 (occt_1157_stress_after:arm64+0x10037fe60)
    #9 IGESControl_Controller::Init() IGESControl_Controller.cxx:364 (occt_1157_stress_after:arm64+0x1003853b0)
    #10 IGESControl_Writer::IGESControl_Writer(char const*, int) IGESControl_Writer.cxx:73 (occt_1157_stress_after:arm64+0x100390398)
    #11 IGESControl_Writer::IGESControl_Writer(char const*, int) IGESControl_Writer.cxx:72 (occt_1157_stress_after:arm64+0x100390560)
    #12 runIgesWriteIndependent(int, int) occt_1157_stress.cpp:160 (occt_1157_stress_after:arm64+0x100001b64)
    #13 void* std::__1::__thread_proxy[abi:nqe210106]<std::__1::tuple<std::__1::unique_ptr<std::__1::__thread_struct, std::__1::default_delete<std::__1::__thread_struct>>, void (*)(int, int), int, int>>(void*) thread.h:168 (occt_1157_stress_after:arm64+0x100006494)

  Thread T7 (tid=361113, running) created by main thread at:
    #0 pthread_create <null> (libclang_rt.tsan_osx_dynamic.dylib:arm64e+0x33834)
    #1 std::__1::thread::thread[abi:nqe210106]<void (*&)(int, int), int&, int&, 0>(void (*&)(int, int), int&, int&) thread.h:216 (occt_1157_stress_after:arm64+0x10000635c)
    #2 runOne(char const*, int, int) occt_1157_stress.cpp:343 (occt_1157_stress_after:arm64+0x1000039b0)
    #3 main occt_1157_stress.cpp:380 (occt_1157_stress_after:arm64+0x100002e08)

  Thread T8 (tid=361114, running) created by main thread at:
    #0 pthread_create <null> (libclang_rt.tsan_osx_dynamic.dylib:arm64e+0x33834)
    #1 std::__1::thread::thread[abi:nqe210106]<void (*&)(int, int), int&, int&, 0>(void (*&)(int, int), int&, int&) thread.h:216 (occt_1157_stress_after:arm64+0x10000635c)
    #2 runOne(char const*, int, int) occt_1157_stress.cpp:343 (occt_1157_stress_after:arm64+0x1000039b0)
    #3 main occt_1157_stress.cpp:380 (occt_1157_stress_after:arm64+0x100002e08)

SUMMARY: ThreadSanitizer: data race IGESData_GlobalSection.cxx:43 in CopyString(opencascade::handle<TCollection_HAsciiString>&)
==================
WARNING: ThreadSanitizer: data race (pid=71706)
  Read of size 8 at 0x00010fb06f30 by thread T6:
    #0 CopyString(opencascade::handle<TCollection_HAsciiString>&) IGESData_GlobalSection.cxx:43 (occt_1157_stress_after:arm64+0x1000d76f8)
    #1 IGESData_GlobalSection::CopyRefs() IGESData_GlobalSection.cxx:428 (occt_1157_stress_after:arm64+0x1000d764c)
    #2 IGESData_IGESModel::GetFromAnother(opencascade::handle<Interface_InterfaceModel> const&) IGESData_IGESModel.cxx:353 (occt_1157_stress_after:arm64+0x1000e2898)
    #3 Interface_InterfaceModel::Template(char const*) Interface_InterfaceModel.cxx:1117 (occt_1157_stress_after:arm64+0x10132f274)
    #4 IGESData_BasicEditor::Init(opencascade::handle<IGESData_Protocol> const&) IGESData_BasicEditor.cxx:53 (occt_1157_stress_after:arm64+0x1000c7108)
    #5 IGESControl_Writer::IGESControl_Writer(char const*, int) IGESControl_Writer.cxx:74 (occt_1157_stress_after:arm64+0x1003903ac)
    #6 IGESControl_Writer::IGESControl_Writer(char const*, int) IGESControl_Writer.cxx:72 (occt_1157_stress_after:arm64+0x100390560)
    #7 runIgesWriteIndependent(int, int) occt_1157_stress.cpp:160 (occt_1157_stress_after:arm64+0x100001b64)
    #8 void* std::__1::__thread_proxy[abi:nqe210106]<std::__1::tuple<std::__1::unique_ptr<std::__1::__thread_struct, std::__1::default_delete<std::__1::__thread_struct>>, void (*)(int, int), int, int>>(void*) thread.h:168 (occt_1157_stress_after:arm64+0x100006494)

  Previous write of size 8 at 0x00010fb06f30 by thread T8:
    #0 TCollection_AsciiString::TCollection_AsciiString(char const*, int) TCollection_AsciiString.hxx:1528 (occt_1157_stress_after:arm64+0x1008d1180)
    #1 TCollection_AsciiString::TCollection_AsciiString(char const*, int) TCollection_AsciiString.cxx:107 (occt_1157_stress_after:arm64+0x1008d12e8)
    #2 TCollection_HAsciiString::TCollection_HAsciiString(char const*) TCollection_HAsciiString.cxx:34 (occt_1157_stress_after:arm64+0x1008df0f4)
    #3 IGESData_GlobalSection::TranslatedFromHollerith(opencascade::handle<TCollection_HAsciiString> const&) const IGESData_GlobalSection.cxx:123 (occt_1157_stress_after:arm64+0x1000d5ff8)
    #4 IGESData_GlobalSection::SetCompanyName(opencascade::handle<TCollection_HAsciiString> const&) IGESData_GlobalSection.cxx:1035 (occt_1157_stress_after:arm64+0x1000da094)
    #5 IGESData::Init() IGESData.cxx:274 (occt_1157_stress_after:arm64+0x1000c6458)
    #6 IGESBasic::Init() IGESBasic.cxx:31 (occt_1157_stress_after:arm64+0x100108e28)
    #7 IGESGeom::Init() IGESGeom.cxx:32 (occt_1157_stress_after:arm64+0x100145e7c)
    #8 IGESSolid::Init() IGESSolid.cxx:32 (occt_1157_stress_after:arm64+0x10021d518)
    #9 IGESControl_Controller::IGESControl_Controller(bool) IGESControl_Controller.cxx:79 (occt_1157_stress_after:arm64+0x10037fe60)
    #10 IGESControl_Controller::Init() IGESControl_Controller.cxx:364 (occt_1157_stress_after:arm64+0x1003853b0)
    #11 IGESControl_Writer::IGESControl_Writer(char const*, int) IGESControl_Writer.cxx:73 (occt_1157_stress_after:arm64+0x100390398)
    #12 IGESControl_Writer::IGESControl_Writer(char const*, int) IGESControl_Writer.cxx:72 (occt_1157_stress_after:arm64+0x100390560)
    #13 runIgesWriteIndependent(int, int) occt_1157_stress.cpp:160 (occt_1157_stress_after:arm64+0x100001b64)
    #14 void* std::__1::__thread_proxy[abi:nqe210106]<std::__1::tuple<std::__1::unique_ptr<std::__1::__thread_struct, std::__1::default_delete<std::__1::__thread_struct>>, void (*)(int, int), int, int>>(void*) thread.h:168 (occt_1157_stress_after:arm64+0x100006494)

  Location is heap block of size 32 at 0x00010fb06f20 allocated by thread T8:
    #0 calloc <null> (libclang_rt.tsan_osx_dynamic.dylib:arm64e+0x67c40)
    #1 Standard::Allocate(unsigned long) Standard.cxx:386 (occt_1157_stress_after:arm64+0x1008c3310)
    #2 IGESData_GlobalSection::TranslatedFromHollerith(opencascade::handle<TCollection_HAsciiString> const&) const IGESData_GlobalSection.cxx:123 (occt_1157_stress_after:arm64+0x1000d5fd4)
    #3 IGESData_GlobalSection::SetCompanyName(opencascade::handle<TCollection_HAsciiString> const&) IGESData_GlobalSection.cxx:1035 (occt_1157_stress_after:arm64+0x1000da094)
    #4 IGESData::Init() IGESData.cxx:274 (occt_1157_stress_after:arm64+0x1000c6458)
    #5 IGESBasic::Init() IGESBasic.cxx:31 (occt_1157_stress_after:arm64+0x100108e28)
    #6 IGESGeom::Init() IGESGeom.cxx:32 (occt_1157_stress_after:arm64+0x100145e7c)
    #7 IGESSolid::Init() IGESSolid.cxx:32 (occt_1157_stress_after:arm64+0x10021d518)
    #8 IGESControl_Controller::IGESControl_Controller(bool) IGESControl_Controller.cxx:79 (occt_1157_stress_after:arm64+0x10037fe60)
    #9 IGESControl_Controller::Init() IGESControl_Controller.cxx:364 (occt_1157_stress_after:arm64+0x1003853b0)
    #10 IGESControl_Writer::IGESControl_Writer(char const*, int) IGESControl_Writer.cxx:73 (occt_1157_stress_after:arm64+0x100390398)
    #11 IGESControl_Writer::IGESControl_Writer(char const*, int) IGESControl_Writer.cxx:72 (occt_1157_stress_after:arm64+0x100390560)
    #12 runIgesWriteIndependent(int, int) occt_1157_stress.cpp:160 (occt_1157_stress_after:arm64+0x100001b64)
    #13 void* std::__1::__thread_proxy[abi:nqe210106]<std::__1::tuple<std::__1::unique_ptr<std::__1::__thread_struct, std::__1::default_delete<std::__1::__thread_struct>>, void (*)(int, int), int, int>>(void*) thread.h:168 (occt_1157_stress_after:arm64+0x100006494)

  Thread T6 (tid=361111, running) created by main thread at:
    #0 pthread_create <null> (libclang_rt.tsan_osx_dynamic.dylib:arm64e+0x33834)
    #1 std::__1::thread::thread[abi:nqe210106]<void (*&)(int, int), int&, int&, 0>(void (*&)(int, int), int&, int&) thread.h:216 (occt_1157_stress_after:arm64+0x10000635c)
    #2 runOne(char const*, int, int) occt_1157_stress.cpp:343 (occt_1157_stress_after:arm64+0x1000039b0)
    #3 main occt_1157_stress.cpp:380 (occt_1157_stress_after:arm64+0x100002e08)

  Thread T8 (tid=361114, running) created by main thread at:
    #0 pthread_create <null> (libclang_rt.tsan_osx_dynamic.dylib:arm64e+0x33834)
    #1 std::__1::thread::thread[abi:nqe210106]<void (*&)(int, int), int&, int&, 0>(void (*&)(int, int), int&, int&) thread.h:216 (occt_1157_stress_after:arm64+0x10000635c)
    #2 runOne(char const*, int, int) occt_1157_stress.cpp:343 (occt_1157_stress_after:arm64+0x1000039b0)
    #3 main occt_1157_stress.cpp:380 (occt_1157_stress_after:arm64+0x100002e08)

SUMMARY: ThreadSanitizer: data race IGESData_GlobalSection.cxx:43 in CopyString(opencascade::handle<TCollection_HAsciiString>&)
==================
WARNING: ThreadSanitizer: data race (pid=71706)
  Read of size 4 at 0x00010fb06f58 by thread T2:
    #0 CopyString(opencascade::handle<TCollection_HAsciiString>&) IGESData_GlobalSection.cxx:43 (occt_1157_stress_after:arm64+0x1000d7704)
    #1 IGESData_GlobalSection::CopyRefs() IGESData_GlobalSection.cxx:427 (occt_1157_stress_after:arm64+0x1000d7644)
    #2 IGESData_IGESModel::GetFromAnother(opencascade::handle<Interface_InterfaceModel> const&) IGESData_IGESModel.cxx:353 (occt_1157_stress_after:arm64+0x1000e2898)
    #3 Interface_InterfaceModel::Template(char const*) Interface_InterfaceModel.cxx:1117 (occt_1157_stress_after:arm64+0x10132f274)
    #4 IGESData_BasicEditor::Init(opencascade::handle<IGESData_Protocol> const&) IGESData_BasicEditor.cxx:53 (occt_1157_stress_after:arm64+0x1000c7108)
    #5 IGESControl_Writer::IGESControl_Writer(char const*, int) IGESControl_Writer.cxx:74 (occt_1157_stress_after:arm64+0x1003903ac)
    #6 IGESControl_Writer::IGESControl_Writer(char const*, int) IGESControl_Writer.cxx:72 (occt_1157_stress_after:arm64+0x100390560)
    #7 runIgesWriteIndependent(int, int) occt_1157_stress.cpp:160 (occt_1157_stress_after:arm64+0x100001b64)
    #8 void* std::__1::__thread_proxy[abi:nqe210106]<std::__1::tuple<std::__1::unique_ptr<std::__1::__thread_struct, std::__1::default_delete<std::__1::__thread_struct>>, void (*)(int, int), int, int>>(void*) thread.h:168 (occt_1157_stress_after:arm64+0x100006494)

  Previous write of size 4 at 0x00010fb06f58 by thread T8:
    #0 TCollection_AsciiString::TCollection_AsciiString(char const*, int) TCollection_AsciiString.hxx:1529 (occt_1157_stress_after:arm64+0x1008d118c)
    #1 TCollection_AsciiString::TCollection_AsciiString(char const*, int) TCollection_AsciiString.cxx:107 (occt_1157_stress_after:arm64+0x1008d12e8)
    #2 TCollection_HAsciiString::TCollection_HAsciiString(char const*) TCollection_HAsciiString.cxx:34 (occt_1157_stress_after:arm64+0x1008df0f4)
    #3 IGESData_GlobalSection::TranslatedFromHollerith(opencascade::handle<TCollection_HAsciiString> const&) const IGESData_GlobalSection.cxx:123 (occt_1157_stress_after:arm64+0x1000d5ff8)
    #4 IGESData_GlobalSection::SetAuthorName(opencascade::handle<TCollection_HAsciiString> const&) IGESData_GlobalSection.cxx:1030 (occt_1157_stress_after:arm64+0x1000d9fd0)
    #5 IGESData::Init() IGESData.cxx:272 (occt_1157_stress_after:arm64+0x1000c6374)
    #6 IGESBasic::Init() IGESBasic.cxx:31 (occt_1157_stress_after:arm64+0x100108e28)
    #7 IGESGeom::Init() IGESGeom.cxx:32 (occt_1157_stress_after:arm64+0x100145e7c)
    #8 IGESSolid::Init() IGESSolid.cxx:32 (occt_1157_stress_after:arm64+0x10021d518)
    #9 IGESControl_Controller::IGESControl_Controller(bool) IGESControl_Controller.cxx:79 (occt_1157_stress_after:arm64+0x10037fe60)
    #10 IGESControl_Controller::Init() IGESControl_Controller.cxx:364 (occt_1157_stress_after:arm64+0x1003853b0)
    #11 IGESControl_Writer::IGESControl_Writer(char const*, int) IGESControl_Writer.cxx:73 (occt_1157_stress_after:arm64+0x100390398)
    #12 IGESControl_Writer::IGESControl_Writer(char const*, int) IGESControl_Writer.cxx:72 (occt_1157_stress_after:arm64+0x100390560)
    #13 runIgesWriteIndependent(int, int) occt_1157_stress.cpp:160 (occt_1157_stress_after:arm64+0x100001b64)
    #14 void* std::__1::__thread_proxy[abi:nqe210106]<std::__1::tuple<std::__1::unique_ptr<std::__1::__thread_struct, std::__1::default_delete<std::__1::__thread_struct>>, void (*)(int, int), int, int>>(void*) thread.h:168 (occt_1157_stress_after:arm64+0x100006494)

  Location is heap block of size 32 at 0x00010fb06f40 allocated by thread T8:
    #0 calloc <null> (libclang_rt.tsan_osx_dynamic.dylib:arm64e+0x67c40)
    #1 Standard::Allocate(unsigned long) Standard.cxx:386 (occt_1157_stress_after:arm64+0x1008c3310)
    #2 IGESData_GlobalSection::TranslatedFromHollerith(opencascade::handle<TCollection_HAsciiString> const&) const IGESData_GlobalSection.cxx:123 (occt_1157_stress_after:arm64+0x1000d5fd4)
    #3 IGESData_GlobalSection::SetAuthorName(opencascade::handle<TCollection_HAsciiString> const&) IGESData_GlobalSection.cxx:1030 (occt_1157_stress_after:arm64+0x1000d9fd0)
    #4 IGESData::Init() IGESData.cxx:272 (occt_1157_stress_after:arm64+0x1000c6374)
    #5 IGESBasic::Init() IGESBasic.cxx:31 (occt_1157_stress_after:arm64+0x100108e28)
    #6 IGESGeom::Init() IGESGeom.cxx:32 (occt_1157_stress_after:arm64+0x100145e7c)
    #7 IGESSolid::Init() IGESSolid.cxx:32 (occt_1157_stress_after:arm64+0x10021d518)
    #8 IGESControl_Controller::IGESControl_Controller(bool) IGESControl_Controller.cxx:79 (occt_1157_stress_after:arm64+0x10037fe60)
    #9 IGESControl_Controller::Init() IGESControl_Controller.cxx:364 (occt_1157_stress_after:arm64+0x1003853b0)
    #10 IGESControl_Writer::IGESControl_Writer(char const*, int) IGESControl_Writer.cxx:73 (occt_1157_stress_after:arm64+0x100390398)
    #11 IGESControl_Writer::IGESControl_Writer(char const*, int) IGESControl_Writer.cxx:72 (occt_1157_stress_after:arm64+0x100390560)
    #12 runIgesWriteIndependent(int, int) occt_1157_stress.cpp:160 (occt_1157_stress_after:arm64+0x100001b64)
    #13 void* std::__1::__thread_proxy[abi:nqe210106]<std::__1::tuple<std::__1::unique_ptr<std::__1::__thread_struct, std::__1::default_delete<std::__1::__thread_struct>>, void (*)(int, int), int, int>>(void*) thread.h:168 (occt_1157_stress_after:arm64+0x100006494)

  Thread T2 (tid=361107, running) created by main thread at:
    #0 pthread_create <null> (libclang_rt.tsan_osx_dynamic.dylib:arm64e+0x33834)
    #1 std::__1::thread::thread[abi:nqe210106]<void (*&)(int, int), int&, int&, 0>(void (*&)(int, int), int&, int&) thread.h:216 (occt_1157_stress_after:arm64+0x10000635c)
    #2 std::__1::thread* std::__1::vector<std::__1::thread, std::__1::allocator<std::__1::thread>>::__emplace_back_slow_path<void (*&)(int, int), int&, int&>(void (*&)(int, int), int&, int&) vector.h:1130 (occt_1157_stress_after:arm64+0x100006118)
    #3 runOne(char const*, int, int) occt_1157_stress.cpp:343 (occt_1157_stress_after:arm64+0x1000039d8)
    #4 main occt_1157_stress.cpp:380 (occt_1157_stress_after:arm64+0x100002e08)

  Thread T8 (tid=361114, running) created by main thread at:
    #0 pthread_create <null> (libclang_rt.tsan_osx_dynamic.dylib:arm64e+0x33834)
    #1 std::__1::thread::thread[abi:nqe210106]<void (*&)(int, int), int&, int&, 0>(void (*&)(int, int), int&, int&) thread.h:216 (occt_1157_stress_after:arm64+0x10000635c)
    #2 runOne(char const*, int, int) occt_1157_stress.cpp:343 (occt_1157_stress_after:arm64+0x1000039b0)
    #3 main occt_1157_stress.cpp:380 (occt_1157_stress_after:arm64+0x100002e08)

SUMMARY: ThreadSanitizer: data race IGESData_GlobalSection.cxx:43 in CopyString(opencascade::handle<TCollection_HAsciiString>&)
==================
WARNING: ThreadSanitizer: data race (pid=71706)
  Read of size 8 at 0x00010fb06fb0 by thread T1:
    #0 CopyString(opencascade::handle<TCollection_HAsciiString>&) IGESData_GlobalSection.cxx:43 (occt_1157_stress_after:arm64+0x1000d76f8)
    #1 IGESData_GlobalSection::CopyRefs() IGESData_GlobalSection.cxx:421 (occt_1157_stress_after:arm64+0x1000d7614)
    #2 IGESData_IGESModel::GetFromAnother(opencascade::handle<Interface_InterfaceModel> const&) IGESData_IGESModel.cxx:353 (occt_1157_stress_after:arm64+0x1000e2898)
    #3 Interface_InterfaceModel::Template(char const*) Interface_InterfaceModel.cxx:1117 (occt_1157_stress_after:arm64+0x10132f274)
    #4 IGESData_BasicEditor::Init(opencascade::handle<IGESData_Protocol> const&) IGESData_BasicEditor.cxx:53 (occt_1157_stress_after:arm64+0x1000c7108)
    #5 IGESControl_Writer::IGESControl_Writer(char const*, int) IGESControl_Writer.cxx:74 (occt_1157_stress_after:arm64+0x1003903ac)
    #6 IGESControl_Writer::IGESControl_Writer(char const*, int) IGESControl_Writer.cxx:72 (occt_1157_stress_after:arm64+0x100390560)
    #7 runIgesWriteIndependent(int, int) occt_1157_stress.cpp:160 (occt_1157_stress_after:arm64+0x100001b64)
    #8 void* std::__1::__thread_proxy[abi:nqe210106]<std::__1::tuple<std::__1::unique_ptr<std::__1::__thread_struct, std::__1::default_delete<std::__1::__thread_struct>>, void (*)(int, int), int, int>>(void*) thread.h:168 (occt_1157_stress_after:arm64+0x100006494)

  Previous write of size 8 at 0x00010fb06fb0 by thread T8:
    #0 TCollection_AsciiString::TCollection_AsciiString(char const*, int) TCollection_AsciiString.hxx:1528 (occt_1157_stress_after:arm64+0x1008d1180)
    #1 TCollection_AsciiString::TCollection_AsciiString(char const*, int) TCollection_AsciiString.cxx:107 (occt_1157_stress_after:arm64+0x1008d12e8)
    #2 TCollection_HAsciiString::TCollection_HAsciiString(char const*) TCollection_HAsciiString.cxx:34 (occt_1157_stress_after:arm64+0x1008df0f4)
    #3 IGESData_GlobalSection::TranslatedFromHollerith(opencascade::handle<TCollection_HAsciiString> const&) const IGESData_GlobalSection.cxx:123 (occt_1157_stress_after:arm64+0x1000d5ff8)
    #4 IGESData_GlobalSection::SetFileName(opencascade::handle<TCollection_HAsciiString> const&) IGESData_GlobalSection.cxx:916 (occt_1157_stress_after:arm64+0x1000d9618)
    #5 IGESData::Init() IGESData.cxx:252 (occt_1157_stress_after:arm64+0x1000c6008)
    #6 IGESBasic::Init() IGESBasic.cxx:31 (occt_1157_stress_after:arm64+0x100108e28)
    #7 IGESGeom::Init() IGESGeom.cxx:32 (occt_1157_stress_after:arm64+0x100145e7c)
    #8 IGESSolid::Init() IGESSolid.cxx:32 (occt_1157_stress_after:arm64+0x10021d518)
    #9 IGESControl_Controller::IGESControl_Controller(bool) IGESControl_Controller.cxx:79 (occt_1157_stress_after:arm64+0x10037fe60)
    #10 IGESControl_Controller::Init() IGESControl_Controller.cxx:364 (occt_1157_stress_after:arm64+0x1003853b0)
    #11 IGESControl_Writer::IGESControl_Writer(char const*, int) IGESControl_Writer.cxx:73 (occt_1157_stress_after:arm64+0x100390398)
    #12 IGESControl_Writer::IGESControl_Writer(char const*, int) IGESControl_Writer.cxx:72 (occt_1157_stress_after:arm64+0x100390560)
    #13 runIgesWriteIndependent(int, int) occt_1157_stress.cpp:160 (occt_1157_stress_after:arm64+0x100001b64)
    #14 void* std::__1::__thread_proxy[abi:nqe210106]<std::__1::tuple<std::__1::unique_ptr<std::__1::__thread_struct, std::__1::default_delete<std::__1::__thread_struct>>, void (*)(int, int), int, int>>(void*) thread.h:168 (occt_1157_stress_after:arm64+0x100006494)

  Location is heap block of size 32 at 0x00010fb06fa0 allocated by thread T8:
    #0 calloc <null> (libclang_rt.tsan_osx_dynamic.dylib:arm64e+0x67c40)
    #1 Standard::Allocate(unsigned long) Standard.cxx:386 (occt_1157_stress_after:arm64+0x1008c3310)
    #2 IGESData_GlobalSection::TranslatedFromHollerith(opencascade::handle<TCollection_HAsciiString> const&) const IGESData_GlobalSection.cxx:123 (occt_1157_stress_after:arm64+0x1000d5fd4)
    #3 IGESData_GlobalSection::SetFileName(opencascade::handle<TCollection_HAsciiString> const&) IGESData_GlobalSection.cxx:916 (occt_1157_stress_after:arm64+0x1000d9618)
    #4 IGESData::Init() IGESData.cxx:252 (occt_1157_stress_after:arm64+0x1000c6008)
    #5 IGESBasic::Init() IGESBasic.cxx:31 (occt_1157_stress_after:arm64+0x100108e28)
    #6 IGESGeom::Init() IGESGeom.cxx:32 (occt_1157_stress_after:arm64+0x100145e7c)
    #7 IGESSolid::Init() IGESSolid.cxx:32 (occt_1157_stress_after:arm64+0x10021d518)
    #8 IGESControl_Controller::IGESControl_Controller(bool) IGESControl_Controller.cxx:79 (occt_1157_stress_after:arm64+0x10037fe60)
    #9 IGESControl_Controller::Init() IGESControl_Controller.cxx:364 (occt_1157_stress_after:arm64+0x1003853b0)
    #10 IGESControl_Writer::IGESControl_Writer(char const*, int) IGESControl_Writer.cxx:73 (occt_1157_stress_after:arm64+0x100390398)
    #11 IGESControl_Writer::IGESControl_Writer(char const*, int) IGESControl_Writer.cxx:72 (occt_1157_stress_after:arm64+0x100390560)
    #12 runIgesWriteIndependent(int, int) occt_1157_stress.cpp:160 (occt_1157_stress_after:arm64+0x100001b64)
    #13 void* std::__1::__thread_proxy[abi:nqe210106]<std::__1::tuple<std::__1::unique_ptr<std::__1::__thread_struct, std::__1::default_delete<std::__1::__thread_struct>>, void (*)(int, int), int, int>>(void*) thread.h:168 (occt_1157_stress_after:arm64+0x100006494)

  Thread T1 (tid=361106, running) created by main thread at:
    #0 pthread_create <null> (libclang_rt.tsan_osx_dynamic.dylib:arm64e+0x33834)
    #1 std::__1::thread::thread[abi:nqe210106]<void (*&)(int, int), int&, int&, 0>(void (*&)(int, int), int&, int&) thread.h:216 (occt_1157_stress_after:arm64+0x10000635c)
    #2 std::__1::thread* std::__1::vector<std::__1::thread, std::__1::allocator<std::__1::thread>>::__emplace_back_slow_path<void (*&)(int, int), int&, int&>(void (*&)(int, int), int&, int&) vector.h:1130 (occt_1157_stress_after:arm64+0x100006118)
    #3 runOne(char const*, int, int) occt_1157_stress.cpp:343 (occt_1157_stress_after:arm64+0x1000039d8)
    #4 main occt_1157_stress.cpp:380 (occt_1157_stress_after:arm64+0x100002e08)

  Thread T8 (tid=361114, running) created by main thread at:
    #0 pthread_create <null> (libclang_rt.tsan_osx_dynamic.dylib:arm64e+0x33834)
    #1 std::__1::thread::thread[abi:nqe210106]<void (*&)(int, int), int&, int&, 0>(void (*&)(int, int), int&, int&) thread.h:216 (occt_1157_stress_after:arm64+0x10000635c)
    #2 runOne(char const*, int, int) occt_1157_stress.cpp:343 (occt_1157_stress_after:arm64+0x1000039b0)
    #3 main occt_1157_stress.cpp:380 (occt_1157_stress_after:arm64+0x100002e08)

SUMMARY: ThreadSanitizer: data race IGESData_GlobalSection.cxx:43 in CopyString(opencascade::handle<TCollection_HAsciiString>&)
==================
WARNING: ThreadSanitizer: data race (pid=71706)
  Read of size 4 at 0x00010fb06f18 by thread T2:
    #0 CopyString(opencascade::handle<TCollection_HAsciiString>&) IGESData_GlobalSection.cxx:43 (occt_1157_stress_after:arm64+0x1000d7704)
    #1 IGESData_GlobalSection::CopyRefs() IGESData_GlobalSection.cxx:429 (occt_1157_stress_after:arm64+0x1000d7654)
    #2 IGESData_IGESModel::GetFromAnother(opencascade::handle<Interface_InterfaceModel> const&) IGESData_IGESModel.cxx:353 (occt_1157_stress_after:arm64+0x1000e2898)
    #3 Interface_InterfaceModel::Template(char const*) Interface_InterfaceModel.cxx:1117 (occt_1157_stress_after:arm64+0x10132f274)
    #4 IGESData_BasicEditor::Init(opencascade::handle<IGESData_Protocol> const&) IGESData_BasicEditor.cxx:53 (occt_1157_stress_after:arm64+0x1000c7108)
    #5 IGESControl_Writer::IGESControl_Writer(char const*, int) IGESControl_Writer.cxx:74 (occt_1157_stress_after:arm64+0x1003903ac)
    #6 IGESControl_Writer::IGESControl_Writer(char const*, int) IGESControl_Writer.cxx:72 (occt_1157_stress_after:arm64+0x100390560)
    #7 runIgesWriteIndependent(int, int) occt_1157_stress.cpp:160 (occt_1157_stress_after:arm64+0x100001b64)
    #8 void* std::__1::__thread_proxy[abi:nqe210106]<std::__1::tuple<std::__1::unique_ptr<std::__1::__thread_struct, std::__1::default_delete<std::__1::__thread_struct>>, void (*)(int, int), int, int>>(void*) thread.h:168 (occt_1157_stress_after:arm64+0x100006494)

  Previous write of size 4 at 0x00010fb06f18 by thread T8:
    #0 TCollection_AsciiString::TCollection_AsciiString(char const*, int) TCollection_AsciiString.hxx:1529 (occt_1157_stress_after:arm64+0x1008d118c)
    #1 TCollection_AsciiString::TCollection_AsciiString(char const*, int) TCollection_AsciiString.cxx:107 (occt_1157_stress_after:arm64+0x1008d12e8)
    #2 TCollection_HAsciiString::TCollection_HAsciiString(char const*) TCollection_HAsciiString.cxx:34 (occt_1157_stress_after:arm64+0x1008df0f4)
    #3 IGESData_GlobalSection::TranslatedFromHollerith(opencascade::handle<TCollection_HAsciiString> const&) const IGESData_GlobalSection.cxx:123 (occt_1157_stress_after:arm64+0x1000d5ff8)
    #4 IGESData_GlobalSection::SetLastChangeDate(opencascade::handle<TCollection_HAsciiString> const&) IGESData_GlobalSection.cxx:1050 (occt_1157_stress_after:arm64+0x1000da1c8)
    #5 IGESData::Init() IGESData.cxx:278 (occt_1157_stress_after:arm64+0x1000c6530)
    #6 IGESBasic::Init() IGESBasic.cxx:31 (occt_1157_stress_after:arm64+0x100108e28)
    #7 IGESGeom::Init() IGESGeom.cxx:32 (occt_1157_stress_after:arm64+0x100145e7c)
    #8 IGESSolid::Init() IGESSolid.cxx:32 (occt_1157_stress_after:arm64+0x10021d518)
    #9 IGESControl_Controller::IGESControl_Controller(bool) IGESControl_Controller.cxx:79 (occt_1157_stress_after:arm64+0x10037fe60)
    #10 IGESControl_Controller::Init() IGESControl_Controller.cxx:364 (occt_1157_stress_after:arm64+0x1003853b0)
    #11 IGESControl_Writer::IGESControl_Writer(char const*, int) IGESControl_Writer.cxx:73 (occt_1157_stress_after:arm64+0x100390398)
    #12 IGESControl_Writer::IGESControl_Writer(char const*, int) IGESControl_Writer.cxx:72 (occt_1157_stress_after:arm64+0x100390560)
    #13 runIgesWriteIndependent(int, int) occt_1157_stress.cpp:160 (occt_1157_stress_after:arm64+0x100001b64)
    #14 void* std::__1::__thread_proxy[abi:nqe210106]<std::__1::tuple<std::__1::unique_ptr<std::__1::__thread_struct, std::__1::default_delete<std::__1::__thread_struct>>, void (*)(int, int), int, int>>(void*) thread.h:168 (occt_1157_stress_after:arm64+0x100006494)

  Location is heap block of size 32 at 0x00010fb06f00 allocated by thread T8:
    #0 calloc <null> (libclang_rt.tsan_osx_dynamic.dylib:arm64e+0x67c40)
    #1 Standard::Allocate(unsigned long) Standard.cxx:386 (occt_1157_stress_after:arm64+0x1008c3310)
    #2 IGESData_GlobalSection::TranslatedFromHollerith(opencascade::handle<TCollection_HAsciiString> const&) const IGESData_GlobalSection.cxx:123 (occt_1157_stress_after:arm64+0x1000d5fd4)
    #3 IGESData_GlobalSection::SetLastChangeDate(opencascade::handle<TCollection_HAsciiString> const&) IGESData_GlobalSection.cxx:1050 (occt_1157_stress_after:arm64+0x1000da1c8)
    #4 IGESData::Init() IGESData.cxx:278 (occt_1157_stress_after:arm64+0x1000c6530)
    #5 IGESBasic::Init() IGESBasic.cxx:31 (occt_1157_stress_after:arm64+0x100108e28)
    #6 IGESGeom::Init() IGESGeom.cxx:32 (occt_1157_stress_after:arm64+0x100145e7c)
    #7 IGESSolid::Init() IGESSolid.cxx:32 (occt_1157_stress_after:arm64+0x10021d518)
    #8 IGESControl_Controller::IGESControl_Controller(bool) IGESControl_Controller.cxx:79 (occt_1157_stress_after:arm64+0x10037fe60)
    #9 IGESControl_Controller::Init() IGESControl_Controller.cxx:364 (occt_1157_stress_after:arm64+0x1003853b0)
    #10 IGESControl_Writer::IGESControl_Writer(char const*, int) IGESControl_Writer.cxx:73 (occt_1157_stress_after:arm64+0x100390398)
    #11 IGESControl_Writer::IGESControl_Writer(char const*, int) IGESControl_Writer.cxx:72 (occt_1157_stress_after:arm64+0x100390560)
    #12 runIgesWriteIndependent(int, int) occt_1157_stress.cpp:160 (occt_1157_stress_after:arm64+0x100001b64)
    #13 void* std::__1::__thread_proxy[abi:nqe210106]<std::__1::tuple<std::__1::unique_ptr<std::__1::__thread_struct, std::__1::default_delete<std::__1::__thread_struct>>, void (*)(int, int), int, int>>(void*) thread.h:168 (occt_1157_stress_after:arm64+0x100006494)

  Thread T2 (tid=361107, running) created by main thread at:
    #0 pthread_create <null> (libclang_rt.tsan_osx_dynamic.dylib:arm64e+0x33834)
    #1 std::__1::thread::thread[abi:nqe210106]<void (*&)(int, int), int&, int&, 0>(void (*&)(int, int), int&, int&) thread.h:216 (occt_1157_stress_after:arm64+0x10000635c)
    #2 std::__1::thread* std::__1::vector<std::__1::thread, std::__1::allocator<std::__1::thread>>::__emplace_back_slow_path<void (*&)(int, int), int&, int&>(void (*&)(int, int), int&, int&) vector.h:1130 (occt_1157_stress_after:arm64+0x100006118)
    #3 runOne(char const*, int, int) occt_1157_stress.cpp:343 (occt_1157_stress_after:arm64+0x1000039d8)
    #4 main occt_1157_stress.cpp:380 (occt_1157_stress_after:arm64+0x100002e08)

  Thread T8 (tid=361114, running) created by main thread at:
    #0 pthread_create <null> (libclang_rt.tsan_osx_dynamic.dylib:arm64e+0x33834)
    #1 std::__1::thread::thread[abi:nqe210106]<void (*&)(int, int), int&, int&, 0>(void (*&)(int, int), int&, int&) thread.h:216 (occt_1157_stress_after:arm64+0x10000635c)
    #2 runOne(char const*, int, int) occt_1157_stress.cpp:343 (occt_1157_stress_after:arm64+0x1000039b0)
    #3 main occt_1157_stress.cpp:380 (occt_1157_stress_after:arm64+0x100002e08)

SUMMARY: ThreadSanitizer: data race IGESData_GlobalSection.cxx:43 in CopyString(opencascade::handle<TCollection_HAsciiString>&)
==================
WARNING: ThreadSanitizer: data race (pid=71706)
  Read of size 8 at 0x00010fb06f10 by thread T6:
    #0 CopyString(opencascade::handle<TCollection_HAsciiString>&) IGESData_GlobalSection.cxx:43 (occt_1157_stress_after:arm64+0x1000d76f8)
    #1 IGESData_GlobalSection::CopyRefs() IGESData_GlobalSection.cxx:429 (occt_1157_stress_after:arm64+0x1000d7654)
    #2 IGESData_IGESModel::GetFromAnother(opencascade::handle<Interface_InterfaceModel> const&) IGESData_IGESModel.cxx:353 (occt_1157_stress_after:arm64+0x1000e2898)
    #3 Interface_InterfaceModel::Template(char const*) Interface_InterfaceModel.cxx:1117 (occt_1157_stress_after:arm64+0x10132f274)
    #4 IGESData_BasicEditor::Init(opencascade::handle<IGESData_Protocol> const&) IGESData_BasicEditor.cxx:53 (occt_1157_stress_after:arm64+0x1000c7108)
    #5 IGESControl_Writer::IGESControl_Writer(char const*, int) IGESControl_Writer.cxx:74 (occt_1157_stress_after:arm64+0x1003903ac)
    #6 IGESControl_Writer::IGESControl_Writer(char const*, int) IGESControl_Writer.cxx:72 (occt_1157_stress_after:arm64+0x100390560)
    #7 runIgesWriteIndependent(int, int) occt_1157_stress.cpp:160 (occt_1157_stress_after:arm64+0x100001b64)
    #8 void* std::__1::__thread_proxy[abi:nqe210106]<std::__1::tuple<std::__1::unique_ptr<std::__1::__thread_struct, std::__1::default_delete<std::__1::__thread_struct>>, void (*)(int, int), int, int>>(void*) thread.h:168 (occt_1157_stress_after:arm64+0x100006494)

  Previous write of size 8 at 0x00010fb06f10 by thread T8:
    #0 TCollection_AsciiString::TCollection_AsciiString(char const*, int) TCollection_AsciiString.hxx:1528 (occt_1157_stress_after:arm64+0x1008d1180)
    #1 TCollection_AsciiString::TCollection_AsciiString(char const*, int) TCollection_AsciiString.cxx:107 (occt_1157_stress_after:arm64+0x1008d12e8)
    #2 TCollection_HAsciiString::TCollection_HAsciiString(char const*) TCollection_HAsciiString.cxx:34 (occt_1157_stress_after:arm64+0x1008df0f4)
    #3 IGESData_GlobalSection::TranslatedFromHollerith(opencascade::handle<TCollection_HAsciiString> const&) const IGESData_GlobalSection.cxx:123 (occt_1157_stress_after:arm64+0x1000d5ff8)
    #4 IGESData_GlobalSection::SetLastChangeDate(opencascade::handle<TCollection_HAsciiString> const&) IGESData_GlobalSection.cxx:1050 (occt_1157_stress_after:arm64+0x1000da1c8)
    #5 IGESData::Init() IGESData.cxx:278 (occt_1157_stress_after:arm64+0x1000c6530)
    #6 IGESBasic::Init() IGESBasic.cxx:31 (occt_1157_stress_after:arm64+0x100108e28)
    #7 IGESGeom::Init() IGESGeom.cxx:32 (occt_1157_stress_after:arm64+0x100145e7c)
    #8 IGESSolid::Init() IGESSolid.cxx:32 (occt_1157_stress_after:arm64+0x10021d518)
    #9 IGESControl_Controller::IGESControl_Controller(bool) IGESControl_Controller.cxx:79 (occt_1157_stress_after:arm64+0x10037fe60)
    #10 IGESControl_Controller::Init() IGESControl_Controller.cxx:364 (occt_1157_stress_after:arm64+0x1003853b0)
    #11 IGESControl_Writer::IGESControl_Writer(char const*, int) IGESControl_Writer.cxx:73 (occt_1157_stress_after:arm64+0x100390398)
    #12 IGESControl_Writer::IGESControl_Writer(char const*, int) IGESControl_Writer.cxx:72 (occt_1157_stress_after:arm64+0x100390560)
    #13 runIgesWriteIndependent(int, int) occt_1157_stress.cpp:160 (occt_1157_stress_after:arm64+0x100001b64)
    #14 void* std::__1::__thread_proxy[abi:nqe210106]<std::__1::tuple<std::__1::unique_ptr<std::__1::__thread_struct, std::__1::default_delete<std::__1::__thread_struct>>, void (*)(int, int), int, int>>(void*) thread.h:168 (occt_1157_stress_after:arm64+0x100006494)

  Location is heap block of size 32 at 0x00010fb06f00 allocated by thread T8:
    #0 calloc <null> (libclang_rt.tsan_osx_dynamic.dylib:arm64e+0x67c40)
    #1 Standard::Allocate(unsigned long) Standard.cxx:386 (occt_1157_stress_after:arm64+0x1008c3310)
    #2 IGESData_GlobalSection::TranslatedFromHollerith(opencascade::handle<TCollection_HAsciiString> const&) const IGESData_GlobalSection.cxx:123 (occt_1157_stress_after:arm64+0x1000d5fd4)
    #3 IGESData_GlobalSection::SetLastChangeDate(opencascade::handle<TCollection_HAsciiString> const&) IGESData_GlobalSection.cxx:1050 (occt_1157_stress_after:arm64+0x1000da1c8)
    #4 IGESData::Init() IGESData.cxx:278 (occt_1157_stress_after:arm64+0x1000c6530)
    #5 IGESBasic::Init() IGESBasic.cxx:31 (occt_1157_stress_after:arm64+0x100108e28)
    #6 IGESGeom::Init() IGESGeom.cxx:32 (occt_1157_stress_after:arm64+0x100145e7c)
    #7 IGESSolid::Init() IGESSolid.cxx:32 (occt_1157_stress_after:arm64+0x10021d518)
    #8 IGESControl_Controller::IGESControl_Controller(bool) IGESControl_Controller.cxx:79 (occt_1157_stress_after:arm64+0x10037fe60)
    #9 IGESControl_Controller::Init() IGESControl_Controller.cxx:364 (occt_1157_stress_after:arm64+0x1003853b0)
    #10 IGESControl_Writer::IGESControl_Writer(char const*, int) IGESControl_Writer.cxx:73 (occt_1157_stress_after:arm64+0x100390398)
    #11 IGESControl_Writer::IGESControl_Writer(char const*, int) IGESControl_Writer.cxx:72 (occt_1157_stress_after:arm64+0x100390560)
    #12 runIgesWriteIndependent(int, int) occt_1157_stress.cpp:160 (occt_1157_stress_after:arm64+0x100001b64)
    #13 void* std::__1::__thread_proxy[abi:nqe210106]<std::__1::tuple<std::__1::unique_ptr<std::__1::__thread_struct, std::__1::default_delete<std::__1::__thread_struct>>, void (*)(int, int), int, int>>(void*) thread.h:168 (occt_1157_stress_after:arm64+0x100006494)

  Thread T6 (tid=361111, running) created by main thread at:
    #0 pthread_create <null> (libclang_rt.tsan_osx_dynamic.dylib:arm64e+0x33834)
    #1 std::__1::thread::thread[abi:nqe210106]<void (*&)(int, int), int&, int&, 0>(void (*&)(int, int), int&, int&) thread.h:216 (occt_1157_stress_after:arm64+0x10000635c)
    #2 runOne(char const*, int, int) occt_1157_stress.cpp:343 (occt_1157_stress_after:arm64+0x1000039b0)
    #3 main occt_1157_stress.cpp:380 (occt_1157_stress_after:arm64+0x100002e08)

  Thread T8 (tid=361114, running) created by main thread at:
    #0 pthread_create <null> (libclang_rt.tsan_osx_dynamic.dylib:arm64e+0x33834)
    #1 std::__1::thread::thread[abi:nqe210106]<void (*&)(int, int), int&, int&, 0>(void (*&)(int, int), int&, int&) thread.h:216 (occt_1157_stress_after:arm64+0x10000635c)
    #2 runOne(char const*, int, int) occt_1157_stress.cpp:343 (occt_1157_stress_after:arm64+0x1000039b0)
    #3 main occt_1157_stress.cpp:380 (occt_1157_stress_after:arm64+0x100002e08)

SUMMARY: ThreadSanitizer: data race IGESData_GlobalSection.cxx:43 in CopyString(opencascade::handle<TCollection_HAsciiString>&)
==================
WARNING: ThreadSanitizer: data race (pid=71706)
  Read of size 4 at 0x00010fb06ed8 by thread T2:
    #0 CopyString(opencascade::handle<TCollection_HAsciiString>&) IGESData_GlobalSection.cxx:43 (occt_1157_stress_after:arm64+0x1000d7704)
    #1 IGESData_GlobalSection::CopyRefs() IGESData_GlobalSection.cxx:430 (occt_1157_stress_after:arm64+0x1000d765c)
    #2 IGESData_IGESModel::GetFromAnother(opencascade::handle<Interface_InterfaceModel> const&) IGESData_IGESModel.cxx:353 (occt_1157_stress_after:arm64+0x1000e2898)
    #3 Interface_InterfaceModel::Template(char const*) Interface_InterfaceModel.cxx:1117 (occt_1157_stress_after:arm64+0x10132f274)
    #4 IGESData_BasicEditor::Init(opencascade::handle<IGESData_Protocol> const&) IGESData_BasicEditor.cxx:53 (occt_1157_stress_after:arm64+0x1000c7108)
    #5 IGESControl_Writer::IGESControl_Writer(char const*, int) IGESControl_Writer.cxx:74 (occt_1157_stress_after:arm64+0x1003903ac)
    #6 IGESControl_Writer::IGESControl_Writer(char const*, int) IGESControl_Writer.cxx:72 (occt_1157_stress_after:arm64+0x100390560)
    #7 runIgesWriteIndependent(int, int) occt_1157_stress.cpp:160 (occt_1157_stress_after:arm64+0x100001b64)
    #8 void* std::__1::__thread_proxy[abi:nqe210106]<std::__1::tuple<std::__1::unique_ptr<std::__1::__thread_struct, std::__1::default_delete<std::__1::__thread_struct>>, void (*)(int, int), int, int>>(void*) thread.h:168 (occt_1157_stress_after:arm64+0x100006494)

  Previous write of size 4 at 0x00010fb06ed8 by thread T8:
    #0 TCollection_AsciiString::TCollection_AsciiString(char const*, int) TCollection_AsciiString.hxx:1529 (occt_1157_stress_after:arm64+0x1008d118c)
    #1 TCollection_AsciiString::TCollection_AsciiString(char const*, int) TCollection_AsciiString.cxx:107 (occt_1157_stress_after:arm64+0x1008d12e8)
    #2 TCollection_HAsciiString::TCollection_HAsciiString(char const*) TCollection_HAsciiString.cxx:34 (occt_1157_stress_after:arm64+0x1008df0f4)
    #3 IGESData_GlobalSection::TranslatedFromHollerith(opencascade::handle<TCollection_HAsciiString> const&) const IGESData_GlobalSection.cxx:123 (occt_1157_stress_after:arm64+0x1000d5ff8)
    #4 IGESData_GlobalSection::SetApplicationProtocol(opencascade::handle<TCollection_HAsciiString> const&) IGESData_GlobalSection.cxx:1056 (occt_1157_stress_after:arm64+0x1000da28c)
    #5 IGESData::Init() IGESData.cxx:279 (occt_1157_stress_after:arm64+0x1000c6574)
    #6 IGESBasic::Init() IGESBasic.cxx:31 (occt_1157_stress_after:arm64+0x100108e28)
    #7 IGESGeom::Init() IGESGeom.cxx:32 (occt_1157_stress_after:arm64+0x100145e7c)
    #8 IGESSolid::Init() IGESSolid.cxx:32 (occt_1157_stress_after:arm64+0x10021d518)
    #9 IGESControl_Controller::IGESControl_Controller(bool) IGESControl_Controller.cxx:79 (occt_1157_stress_after:arm64+0x10037fe60)
    #10 IGESControl_Controller::Init() IGESControl_Controller.cxx:364 (occt_1157_stress_after:arm64+0x1003853b0)
    #11 IGESControl_Writer::IGESControl_Writer(char const*, int) IGESControl_Writer.cxx:73 (occt_1157_stress_after:arm64+0x100390398)
    #12 IGESControl_Writer::IGESControl_Writer(char const*, int) IGESControl_Writer.cxx:72 (occt_1157_stress_after:arm64+0x100390560)
    #13 runIgesWriteIndependent(int, int) occt_1157_stress.cpp:160 (occt_1157_stress_after:arm64+0x100001b64)
    #14 void* std::__1::__thread_proxy[abi:nqe210106]<std::__1::tuple<std::__1::unique_ptr<std::__1::__thread_struct, std::__1::default_delete<std::__1::__thread_struct>>, void (*)(int, int), int, int>>(void*) thread.h:168 (occt_1157_stress_after:arm64+0x100006494)

  Location is heap block of size 32 at 0x00010fb06ec0 allocated by thread T8:
    #0 calloc <null> (libclang_rt.tsan_osx_dynamic.dylib:arm64e+0x67c40)
    #1 Standard::Allocate(unsigned long) Standard.cxx:386 (occt_1157_stress_after:arm64+0x1008c3310)
    #2 IGESData_GlobalSection::TranslatedFromHollerith(opencascade::handle<TCollection_HAsciiString> const&) const IGESData_GlobalSection.cxx:123 (occt_1157_stress_after:arm64+0x1000d5fd4)
    #3 IGESData_GlobalSection::SetApplicationProtocol(opencascade::handle<TCollection_HAsciiString> const&) IGESData_GlobalSection.cxx:1056 (occt_1157_stress_after:arm64+0x1000da28c)
    #4 IGESData::Init() IGESData.cxx:279 (occt_1157_stress_after:arm64+0x1000c6574)
    #5 IGESBasic::Init() IGESBasic.cxx:31 (occt_1157_stress_after:arm64+0x100108e28)
    #6 IGESGeom::Init() IGESGeom.cxx:32 (occt_1157_stress_after:arm64+0x100145e7c)
    #7 IGESSolid::Init() IGESSolid.cxx:32 (occt_1157_stress_after:arm64+0x10021d518)
    #8 IGESControl_Controller::IGESControl_Controller(bool) IGESControl_Controller.cxx:79 (occt_1157_stress_after:arm64+0x10037fe60)
    #9 IGESControl_Controller::Init() IGESControl_Controller.cxx:364 (occt_1157_stress_after:arm64+0x1003853b0)
    #10 IGESControl_Writer::IGESControl_Writer(char const*, int) IGESControl_Writer.cxx:73 (occt_1157_stress_after:arm64+0x100390398)
    #11 IGESControl_Writer::IGESControl_Writer(char const*, int) IGESControl_Writer.cxx:72 (occt_1157_stress_after:arm64+0x100390560)
    #12 runIgesWriteIndependent(int, int) occt_1157_stress.cpp:160 (occt_1157_stress_after:arm64+0x100001b64)
    #13 void* std::__1::__thread_proxy[abi:nqe210106]<std::__1::tuple<std::__1::unique_ptr<std::__1::__thread_struct, std::__1::default_delete<std::__1::__thread_struct>>, void (*)(int, int), int, int>>(void*) thread.h:168 (occt_1157_stress_after:arm64+0x100006494)

  Thread T2 (tid=361107, running) created by main thread at:
    #0 pthread_create <null> (libclang_rt.tsan_osx_dynamic.dylib:arm64e+0x33834)
    #1 std::__1::thread::thread[abi:nqe210106]<void (*&)(int, int), int&, int&, 0>(void (*&)(int, int), int&, int&) thread.h:216 (occt_1157_stress_after:arm64+0x10000635c)
    #2 std::__1::thread* std::__1::vector<std::__1::thread, std::__1::allocator<std::__1::thread>>::__emplace_back_slow_path<void (*&)(int, int), int&, int&>(void (*&)(int, int), int&, int&) vector.h:1130 (occt_1157_stress_after:arm64+0x100006118)
    #3 runOne(char const*, int, int) occt_1157_stress.cpp:343 (occt_1157_stress_after:arm64+0x1000039d8)
    #4 main occt_1157_stress.cpp:380 (occt_1157_stress_after:arm64+0x100002e08)

  Thread T8 (tid=361114, running) created by main thread at:
    #0 pthread_create <null> (libclang_rt.tsan_osx_dynamic.dylib:arm64e+0x33834)
    #1 std::__1::thread::thread[abi:nqe210106]<void (*&)(int, int), int&, int&, 0>(void (*&)(int, int), int&, int&) thread.h:216 (occt_1157_stress_after:arm64+0x10000635c)
    #2 runOne(char const*, int, int) occt_1157_stress.cpp:343 (occt_1157_stress_after:arm64+0x1000039b0)
    #3 main occt_1157_stress.cpp:380 (occt_1157_stress_after:arm64+0x100002e08)

SUMMARY: ThreadSanitizer: data race IGESData_GlobalSection.cxx:43 in CopyString(opencascade::handle<TCollection_HAsciiString>&)
==================
WARNING: ThreadSanitizer: data race (pid=71706)
  Read of size 8 at 0x00011001f720 by thread T6:
    #0 IGESData_IGESModel::GetFromAnother(opencascade::handle<Interface_InterfaceModel> const&) IGESData_IGESModel.cxx:354 (occt_1157_stress_after:arm64+0x1000e28ac)
    #1 Interface_InterfaceModel::Template(char const*) Interface_InterfaceModel.cxx:1117 (occt_1157_stress_after:arm64+0x10132f274)
    #2 IGESData_BasicEditor::Init(opencascade::handle<IGESData_Protocol> const&) IGESData_BasicEditor.cxx:53 (occt_1157_stress_after:arm64+0x1000c7108)
    #3 IGESControl_Writer::IGESControl_Writer(char const*, int) IGESControl_Writer.cxx:74 (occt_1157_stress_after:arm64+0x1003903ac)
    #4 IGESControl_Writer::IGESControl_Writer(char const*, int) IGESControl_Writer.cxx:72 (occt_1157_stress_after:arm64+0x100390560)
    #5 runIgesWriteIndependent(int, int) occt_1157_stress.cpp:160 (occt_1157_stress_after:arm64+0x100001b64)
    #6 void* std::__1::__thread_proxy[abi:nqe210106]<std::__1::tuple<std::__1::unique_ptr<std::__1::__thread_struct, std::__1::default_delete<std::__1::__thread_struct>>, void (*)(int, int), int, int>>(void*) thread.h:168 (occt_1157_stress_after:arm64+0x100006494)

  Previous write of size 8 at 0x00011001f720 by thread T8:
    #0 IGESData_IGESModel::IGESData_IGESModel() IGESData_IGESModel.cxx:42 (occt_1157_stress_after:arm64+0x1000df8a8)
    #1 IGESData_IGESModel::IGESData_IGESModel() IGESData_IGESModel.cxx:43 (occt_1157_stress_after:arm64+0x1000dfe04)
    #2 IGESData::Init() IGESData.cxx:287 (occt_1157_stress_after:arm64+0x1000c65d8)
    #3 IGESBasic::Init() IGESBasic.cxx:31 (occt_1157_stress_after:arm64+0x100108e28)
    #4 IGESGeom::Init() IGESGeom.cxx:32 (occt_1157_stress_after:arm64+0x100145e7c)
    #5 IGESSolid::Init() IGESSolid.cxx:32 (occt_1157_stress_after:arm64+0x10021d518)
    #6 IGESControl_Controller::IGESControl_Controller(bool) IGESControl_Controller.cxx:79 (occt_1157_stress_after:arm64+0x10037fe60)
    #7 IGESControl_Controller::Init() IGESControl_Controller.cxx:364 (occt_1157_stress_after:arm64+0x1003853b0)
    #8 IGESControl_Writer::IGESControl_Writer(char const*, int) IGESControl_Writer.cxx:73 (occt_1157_stress_after:arm64+0x100390398)
    #9 IGESControl_Writer::IGESControl_Writer(char const*, int) IGESControl_Writer.cxx:72 (occt_1157_stress_after:arm64+0x100390560)
    #10 runIgesWriteIndependent(int, int) occt_1157_stress.cpp:160 (occt_1157_stress_after:arm64+0x100001b64)
    #11 void* std::__1::__thread_proxy[abi:nqe210106]<std::__1::tuple<std::__1::unique_ptr<std::__1::__thread_struct, std::__1::default_delete<std::__1::__thread_struct>>, void (*)(int, int), int, int>>(void*) thread.h:168 (occt_1157_stress_after:arm64+0x100006494)

  Location is heap block of size 424 at 0x00011001f640 allocated by thread T8:
    #0 calloc <null> (libclang_rt.tsan_osx_dynamic.dylib:arm64e+0x67c40)
    #1 Standard::Allocate(unsigned long) Standard.cxx:386 (occt_1157_stress_after:arm64+0x1008c3310)
    #2 IGESData::Init() IGESData.cxx:287 (occt_1157_stress_after:arm64+0x1000c65d0)
    #3 IGESBasic::Init() IGESBasic.cxx:31 (occt_1157_stress_after:arm64+0x100108e28)
    #4 IGESGeom::Init() IGESGeom.cxx:32 (occt_1157_stress_after:arm64+0x100145e7c)
    #5 IGESSolid::Init() IGESSolid.cxx:32 (occt_1157_stress_after:arm64+0x10021d518)
    #6 IGESControl_Controller::IGESControl_Controller(bool) IGESControl_Controller.cxx:79 (occt_1157_stress_after:arm64+0x10037fe60)
    #7 IGESControl_Controller::Init() IGESControl_Controller.cxx:364 (occt_1157_stress_after:arm64+0x1003853b0)
    #8 IGESControl_Writer::IGESControl_Writer(char const*, int) IGESControl_Writer.cxx:73 (occt_1157_stress_after:arm64+0x100390398)
    #9 IGESControl_Writer::IGESControl_Writer(char const*, int) IGESControl_Writer.cxx:72 (occt_1157_stress_after:arm64+0x100390560)
    #10 runIgesWriteIndependent(int, int) occt_1157_stress.cpp:160 (occt_1157_stress_after:arm64+0x100001b64)
    #11 void* std::__1::__thread_proxy[abi:nqe210106]<std::__1::tuple<std::__1::unique_ptr<std::__1::__thread_struct, std::__1::default_delete<std::__1::__thread_struct>>, void (*)(int, int), int, int>>(void*) thread.h:168 (occt_1157_stress_after:arm64+0x100006494)

  Thread T6 (tid=361111, running) created by main thread at:
    #0 pthread_create <null> (libclang_rt.tsan_osx_dynamic.dylib:arm64e+0x33834)
    #1 std::__1::thread::thread[abi:nqe210106]<void (*&)(int, int), int&, int&, 0>(void (*&)(int, int), int&, int&) thread.h:216 (occt_1157_stress_after:arm64+0x10000635c)
    #2 runOne(char const*, int, int) occt_1157_stress.cpp:343 (occt_1157_stress_after:arm64+0x1000039b0)
    #3 main occt_1157_stress.cpp:380 (occt_1157_stress_after:arm64+0x100002e08)

  Thread T8 (tid=361114, running) created by main thread at:
    #0 pthread_create <null> (libclang_rt.tsan_osx_dynamic.dylib:arm64e+0x33834)
    #1 std::__1::thread::thread[abi:nqe210106]<void (*&)(int, int), int&, int&, 0>(void (*&)(int, int), int&, int&) thread.h:216 (occt_1157_stress_after:arm64+0x10000635c)
    #2 runOne(char const*, int, int) occt_1157_stress.cpp:343 (occt_1157_stress_after:arm64+0x1000039b0)
    #3 main occt_1157_stress.cpp:380 (occt_1157_stress_after:arm64+0x100002e08)

SUMMARY: ThreadSanitizer: data race IGESData_IGESModel.cxx:354 in IGESData_IGESModel::GetFromAnother(opencascade::handle<Interface_InterfaceModel> const&)
==================
WARNING: ThreadSanitizer: data race (pid=71706)
  Read of size 4 at 0x00010fb06f38 by thread T7:
    #0 CopyString(opencascade::handle<TCollection_HAsciiString>&) IGESData_GlobalSection.cxx:43 (occt_1157_stress_after:arm64+0x1000d7704)
    #1 IGESData_GlobalSection::CopyRefs() IGESData_GlobalSection.cxx:428 (occt_1157_stress_after:arm64+0x1000d764c)
    #2 IGESData_IGESModel::GetFromAnother(opencascade::handle<Interface_InterfaceModel> const&) IGESData_IGESModel.cxx:353 (occt_1157_stress_after:arm64+0x1000e2898)
    #3 Interface_InterfaceModel::Template(char const*) Interface_InterfaceModel.cxx:1117 (occt_1157_stress_after:arm64+0x10132f274)
    #4 IGESData_BasicEditor::Init(opencascade::handle<IGESData_Protocol> const&) IGESData_BasicEditor.cxx:53 (occt_1157_stress_after:arm64+0x1000c7108)
    #5 IGESControl_Writer::IGESControl_Writer(char const*, int) IGESControl_Writer.cxx:74 (occt_1157_stress_after:arm64+0x1003903ac)
    #6 IGESControl_Writer::IGESControl_Writer(char const*, int) IGESControl_Writer.cxx:72 (occt_1157_stress_after:arm64+0x100390560)
    #7 runIgesWriteIndependent(int, int) occt_1157_stress.cpp:160 (occt_1157_stress_after:arm64+0x100001b64)
    #8 void* std::__1::__thread_proxy[abi:nqe210106]<std::__1::tuple<std::__1::unique_ptr<std::__1::__thread_struct, std::__1::default_delete<std::__1::__thread_struct>>, void (*)(int, int), int, int>>(void*) thread.h:168 (occt_1157_stress_after:arm64+0x100006494)

  Previous write of size 4 at 0x00010fb06f38 by thread T8:
    #0 TCollection_AsciiString::TCollection_AsciiString(char const*, int) TCollection_AsciiString.hxx:1529 (occt_1157_stress_after:arm64+0x1008d118c)
    #1 TCollection_AsciiString::TCollection_AsciiString(char const*, int) TCollection_AsciiString.cxx:107 (occt_1157_stress_after:arm64+0x1008d12e8)
    #2 TCollection_HAsciiString::TCollection_HAsciiString(char const*) TCollection_HAsciiString.cxx:34 (occt_1157_stress_after:arm64+0x1008df0f4)
    #3 IGESData_GlobalSection::TranslatedFromHollerith(opencascade::handle<TCollection_HAsciiString> const&) const IGESData_GlobalSection.cxx:123 (occt_1157_stress_after:arm64+0x1000d5ff8)
    #4 IGESData_GlobalSection::SetCompanyName(opencascade::handle<TCollection_HAsciiString> const&) IGESData_GlobalSection.cxx:1035 (occt_1157_stress_after:arm64+0x1000da094)
    #5 IGESData::Init() IGESData.cxx:274 (occt_1157_stress_after:arm64+0x1000c6458)
    #6 IGESBasic::Init() IGESBasic.cxx:31 (occt_1157_stress_after:arm64+0x100108e28)
    #7 IGESGeom::Init() IGESGeom.cxx:32 (occt_1157_stress_after:arm64+0x100145e7c)
    #8 IGESSolid::Init() IGESSolid.cxx:32 (occt_1157_stress_after:arm64+0x10021d518)
    #9 IGESControl_Controller::IGESControl_Controller(bool) IGESControl_Controller.cxx:79 (occt_1157_stress_after:arm64+0x10037fe60)
    #10 IGESControl_Controller::Init() IGESControl_Controller.cxx:364 (occt_1157_stress_after:arm64+0x1003853b0)
    #11 IGESControl_Writer::IGESControl_Writer(char const*, int) IGESControl_Writer.cxx:73 (occt_1157_stress_after:arm64+0x100390398)
    #12 IGESControl_Writer::IGESControl_Writer(char const*, int) IGESControl_Writer.cxx:72 (occt_1157_stress_after:arm64+0x100390560)
    #13 runIgesWriteIndependent(int, int) occt_1157_stress.cpp:160 (occt_1157_stress_after:arm64+0x100001b64)
    #14 void* std::__1::__thread_proxy[abi:nqe210106]<std::__1::tuple<std::__1::unique_ptr<std::__1::__thread_struct, std::__1::default_delete<std::__1::__thread_struct>>, void (*)(int, int), int, int>>(void*) thread.h:168 (occt_1157_stress_after:arm64+0x100006494)

  Location is heap block of size 32 at 0x00010fb06f20 allocated by thread T8:
    #0 calloc <null> (libclang_rt.tsan_osx_dynamic.dylib:arm64e+0x67c40)
    #1 Standard::Allocate(unsigned long) Standard.cxx:386 (occt_1157_stress_after:arm64+0x1008c3310)
    #2 IGESData_GlobalSection::TranslatedFromHollerith(opencascade::handle<TCollection_HAsciiString> const&) const IGESData_GlobalSection.cxx:123 (occt_1157_stress_after:arm64+0x1000d5fd4)
    #3 IGESData_GlobalSection::SetCompanyName(opencascade::handle<TCollection_HAsciiString> const&) IGESData_GlobalSection.cxx:1035 (occt_1157_stress_after:arm64+0x1000da094)
    #4 IGESData::Init() IGESData.cxx:274 (occt_1157_stress_after:arm64+0x1000c6458)
    #5 IGESBasic::Init() IGESBasic.cxx:31 (occt_1157_stress_after:arm64+0x100108e28)
    #6 IGESGeom::Init() IGESGeom.cxx:32 (occt_1157_stress_after:arm64+0x100145e7c)
    #7 IGESSolid::Init() IGESSolid.cxx:32 (occt_1157_stress_after:arm64+0x10021d518)
    #8 IGESControl_Controller::IGESControl_Controller(bool) IGESControl_Controller.cxx:79 (occt_1157_stress_after:arm64+0x10037fe60)
    #9 IGESControl_Controller::Init() IGESControl_Controller.cxx:364 (occt_1157_stress_after:arm64+0x1003853b0)
    #10 IGESControl_Writer::IGESControl_Writer(char const*, int) IGESControl_Writer.cxx:73 (occt_1157_stress_after:arm64+0x100390398)
    #11 IGESControl_Writer::IGESControl_Writer(char const*, int) IGESControl_Writer.cxx:72 (occt_1157_stress_after:arm64+0x100390560)
    #12 runIgesWriteIndependent(int, int) occt_1157_stress.cpp:160 (occt_1157_stress_after:arm64+0x100001b64)
    #13 void* std::__1::__thread_proxy[abi:nqe210106]<std::__1::tuple<std::__1::unique_ptr<std::__1::__thread_struct, std::__1::default_delete<std::__1::__thread_struct>>, void (*)(int, int), int, int>>(void*) thread.h:168 (occt_1157_stress_after:arm64+0x100006494)

  Thread T7 (tid=361113, running) created by main thread at:
    #0 pthread_create <null> (libclang_rt.tsan_osx_dynamic.dylib:arm64e+0x33834)
    #1 std::__1::thread::thread[abi:nqe210106]<void (*&)(int, int), int&, int&, 0>(void (*&)(int, int), int&, int&) thread.h:216 (occt_1157_stress_after:arm64+0x10000635c)
    #2 runOne(char const*, int, int) occt_1157_stress.cpp:343 (occt_1157_stress_after:arm64+0x1000039b0)
    #3 main occt_1157_stress.cpp:380 (occt_1157_stress_after:arm64+0x100002e08)

  Thread T8 (tid=361114, running) created by main thread at:
    #0 pthread_create <null> (libclang_rt.tsan_osx_dynamic.dylib:arm64e+0x33834)
    #1 std::__1::thread::thread[abi:nqe210106]<void (*&)(int, int), int&, int&, 0>(void (*&)(int, int), int&, int&) thread.h:216 (occt_1157_stress_after:arm64+0x10000635c)
    #2 runOne(char const*, int, int) occt_1157_stress.cpp:343 (occt_1157_stress_after:arm64+0x1000039b0)
    #3 main occt_1157_stress.cpp:380 (occt_1157_stress_after:arm64+0x100002e08)

SUMMARY: ThreadSanitizer: data race IGESData_GlobalSection.cxx:43 in CopyString(opencascade::handle<TCollection_HAsciiString>&)
==================
WARNING: ThreadSanitizer: data race (pid=71706)
  Read of size 8 at 0x00010fb06f50 by thread T4:
    #0 CopyString(opencascade::handle<TCollection_HAsciiString>&) IGESData_GlobalSection.cxx:43 (occt_1157_stress_after:arm64+0x1000d76f8)
    #1 IGESData_GlobalSection::CopyRefs() IGESData_GlobalSection.cxx:427 (occt_1157_stress_after:arm64+0x1000d7644)
    #2 IGESData_IGESModel::GetFromAnother(opencascade::handle<Interface_InterfaceModel> const&) IGESData_IGESModel.cxx:353 (occt_1157_stress_after:arm64+0x1000e2898)
    #3 Interface_InterfaceModel::Template(char const*) Interface_InterfaceModel.cxx:1117 (occt_1157_stress_after:arm64+0x10132f274)
    #4 IGESData_BasicEditor::Init(opencascade::handle<IGESData_Protocol> const&) IGESData_BasicEditor.cxx:53 (occt_1157_stress_after:arm64+0x1000c7108)
    #5 IGESControl_Writer::IGESControl_Writer(char const*, int) IGESControl_Writer.cxx:74 (occt_1157_stress_after:arm64+0x1003903ac)
    #6 IGESControl_Writer::IGESControl_Writer(char const*, int) IGESControl_Writer.cxx:72 (occt_1157_stress_after:arm64+0x100390560)
    #7 runIgesWriteIndependent(int, int) occt_1157_stress.cpp:160 (occt_1157_stress_after:arm64+0x100001b64)
    #8 void* std::__1::__thread_proxy[abi:nqe210106]<std::__1::tuple<std::__1::unique_ptr<std::__1::__thread_struct, std::__1::default_delete<std::__1::__thread_struct>>, void (*)(int, int), int, int>>(void*) thread.h:168 (occt_1157_stress_after:arm64+0x100006494)

  Previous write of size 8 at 0x00010fb06f50 by thread T8:
    #0 TCollection_AsciiString::TCollection_AsciiString(char const*, int) TCollection_AsciiString.hxx:1528 (occt_1157_stress_after:arm64+0x1008d1180)
    #1 TCollection_AsciiString::TCollection_AsciiString(char const*, int) TCollection_AsciiString.cxx:107 (occt_1157_stress_after:arm64+0x1008d12e8)
    #2 TCollection_HAsciiString::TCollection_HAsciiString(char const*) TCollection_HAsciiString.cxx:34 (occt_1157_stress_after:arm64+0x1008df0f4)
    #3 IGESData_GlobalSection::TranslatedFromHollerith(opencascade::handle<TCollection_HAsciiString> const&) const IGESData_GlobalSection.cxx:123 (occt_1157_stress_after:arm64+0x1000d5ff8)
    #4 IGESData_GlobalSection::SetAuthorName(opencascade::handle<TCollection_HAsciiString> const&) IGESData_GlobalSection.cxx:1030 (occt_1157_stress_after:arm64+0x1000d9fd0)
    #5 IGESData::Init() IGESData.cxx:272 (occt_1157_stress_after:arm64+0x1000c6374)
    #6 IGESBasic::Init() IGESBasic.cxx:31 (occt_1157_stress_after:arm64+0x100108e28)
    #7 IGESGeom::Init() IGESGeom.cxx:32 (occt_1157_stress_after:arm64+0x100145e7c)
    #8 IGESSolid::Init() IGESSolid.cxx:32 (occt_1157_stress_after:arm64+0x10021d518)
    #9 IGESControl_Controller::IGESControl_Controller(bool) IGESControl_Controller.cxx:79 (occt_1157_stress_after:arm64+0x10037fe60)
    #10 IGESControl_Controller::Init() IGESControl_Controller.cxx:364 (occt_1157_stress_after:arm64+0x1003853b0)
    #11 IGESControl_Writer::IGESControl_Writer(char const*, int) IGESControl_Writer.cxx:73 (occt_1157_stress_after:arm64+0x100390398)
    #12 IGESControl_Writer::IGESControl_Writer(char const*, int) IGESControl_Writer.cxx:72 (occt_1157_stress_after:arm64+0x100390560)
    #13 runIgesWriteIndependent(int, int) occt_1157_stress.cpp:160 (occt_1157_stress_after:arm64+0x100001b64)
    #14 void* std::__1::__thread_proxy[abi:nqe210106]<std::__1::tuple<std::__1::unique_ptr<std::__1::__thread_struct, std::__1::default_delete<std::__1::__thread_struct>>, void (*)(int, int), int, int>>(void*) thread.h:168 (occt_1157_stress_after:arm64+0x100006494)

  Location is heap block of size 32 at 0x00010fb06f40 allocated by thread T8:
    #0 calloc <null> (libclang_rt.tsan_osx_dynamic.dylib:arm64e+0x67c40)
    #1 Standard::Allocate(unsigned long) Standard.cxx:386 (occt_1157_stress_after:arm64+0x1008c3310)
    #2 IGESData_GlobalSection::TranslatedFromHollerith(opencascade::handle<TCollection_HAsciiString> const&) const IGESData_GlobalSection.cxx:123 (occt_1157_stress_after:arm64+0x1000d5fd4)
    #3 IGESData_GlobalSection::SetAuthorName(opencascade::handle<TCollection_HAsciiString> const&) IGESData_GlobalSection.cxx:1030 (occt_1157_stress_after:arm64+0x1000d9fd0)
    #4 IGESData::Init() IGESData.cxx:272 (occt_1157_stress_after:arm64+0x1000c6374)
    #5 IGESBasic::Init() IGESBasic.cxx:31 (occt_1157_stress_after:arm64+0x100108e28)
    #6 IGESGeom::Init() IGESGeom.cxx:32 (occt_1157_stress_after:arm64+0x100145e7c)
    #7 IGESSolid::Init() IGESSolid.cxx:32 (occt_1157_stress_after:arm64+0x10021d518)
    #8 IGESControl_Controller::IGESControl_Controller(bool) IGESControl_Controller.cxx:79 (occt_1157_stress_after:arm64+0x10037fe60)
    #9 IGESControl_Controller::Init() IGESControl_Controller.cxx:364 (occt_1157_stress_after:arm64+0x1003853b0)
    #10 IGESControl_Writer::IGESControl_Writer(char const*, int) IGESControl_Writer.cxx:73 (occt_1157_stress_after:arm64+0x100390398)
    #11 IGESControl_Writer::IGESControl_Writer(char const*, int) IGESControl_Writer.cxx:72 (occt_1157_stress_after:arm64+0x100390560)
    #12 runIgesWriteIndependent(int, int) occt_1157_stress.cpp:160 (occt_1157_stress_after:arm64+0x100001b64)
    #13 void* std::__1::__thread_proxy[abi:nqe210106]<std::__1::tuple<std::__1::unique_ptr<std::__1::__thread_struct, std::__1::default_delete<std::__1::__thread_struct>>, void (*)(int, int), int, int>>(void*) thread.h:168 (occt_1157_stress_after:arm64+0x100006494)

  Thread T4 (tid=361109, running) created by main thread at:
    #0 pthread_create <null> (libclang_rt.tsan_osx_dynamic.dylib:arm64e+0x33834)
    #1 std::__1::thread::thread[abi:nqe210106]<void (*&)(int, int), int&, int&, 0>(void (*&)(int, int), int&, int&) thread.h:216 (occt_1157_stress_after:arm64+0x10000635c)
    #2 runOne(char const*, int, int) occt_1157_stress.cpp:343 (occt_1157_stress_after:arm64+0x1000039b0)
    #3 main occt_1157_stress.cpp:380 (occt_1157_stress_after:arm64+0x100002e08)

  Thread T8 (tid=361114, running) created by main thread at:
    #0 pthread_create <null> (libclang_rt.tsan_osx_dynamic.dylib:arm64e+0x33834)
    #1 std::__1::thread::thread[abi:nqe210106]<void (*&)(int, int), int&, int&, 0>(void (*&)(int, int), int&, int&) thread.h:216 (occt_1157_stress_after:arm64+0x10000635c)
    #2 runOne(char const*, int, int) occt_1157_stress.cpp:343 (occt_1157_stress_after:arm64+0x1000039b0)
    #3 main occt_1157_stress.cpp:380 (occt_1157_stress_after:arm64+0x100002e08)

SUMMARY: ThreadSanitizer: data race IGESData_GlobalSection.cxx:43 in CopyString(opencascade::handle<TCollection_HAsciiString>&)
==================
WARNING: ThreadSanitizer: data race (pid=71706)
  Atomic write of size 4 at 0x00011010abd0 by thread T2:
    #0 IGESData_IGESModel::GetFromAnother(opencascade::handle<Interface_InterfaceModel> const&) IGESData_IGESModel.cxx:354 (occt_1157_stress_after:arm64+0x1000e28d0)
    #1 Interface_InterfaceModel::Template(char const*) Interface_InterfaceModel.cxx:1117 (occt_1157_stress_after:arm64+0x10132f274)
    #2 IGESData_BasicEditor::Init(opencascade::handle<IGESData_Protocol> const&) IGESData_BasicEditor.cxx:53 (occt_1157_stress_after:arm64+0x1000c7108)
    #3 IGESControl_Writer::IGESControl_Writer(char const*, int) IGESControl_Writer.cxx:74 (occt_1157_stress_after:arm64+0x1003903ac)
    #4 IGESControl_Writer::IGESControl_Writer(char const*, int) IGESControl_Writer.cxx:72 (occt_1157_stress_after:arm64+0x100390560)
    #5 runIgesWriteIndependent(int, int) occt_1157_stress.cpp:160 (occt_1157_stress_after:arm64+0x100001b64)
    #6 void* std::__1::__thread_proxy[abi:nqe210106]<std::__1::tuple<std::__1::unique_ptr<std::__1::__thread_struct, std::__1::default_delete<std::__1::__thread_struct>>, void (*)(int, int), int, int>>(void*) thread.h:168 (occt_1157_stress_after:arm64+0x100006494)

  Previous write of size 4 at 0x00011010abd0 by thread T8:
    #0 IGESData_IGESModel::IGESData_IGESModel() IGESData_IGESModel.cxx:44 (occt_1157_stress_after:arm64+0x1000df8e0)
    #1 IGESData_IGESModel::IGESData_IGESModel() IGESData_IGESModel.cxx:43 (occt_1157_stress_after:arm64+0x1000dfe04)
    #2 IGESData::Init() IGESData.cxx:287 (occt_1157_stress_after:arm64+0x1000c65d8)
    #3 IGESBasic::Init() IGESBasic.cxx:31 (occt_1157_stress_after:arm64+0x100108e28)
    #4 IGESGeom::Init() IGESGeom.cxx:32 (occt_1157_stress_after:arm64+0x100145e7c)
    #5 IGESSolid::Init() IGESSolid.cxx:32 (occt_1157_stress_after:arm64+0x10021d518)
    #6 IGESControl_Controller::IGESControl_Controller(bool) IGESControl_Controller.cxx:79 (occt_1157_stress_after:arm64+0x10037fe60)
    #7 IGESControl_Controller::Init() IGESControl_Controller.cxx:364 (occt_1157_stress_after:arm64+0x1003853b0)
    #8 IGESControl_Writer::IGESControl_Writer(char const*, int) IGESControl_Writer.cxx:73 (occt_1157_stress_after:arm64+0x100390398)
    #9 IGESControl_Writer::IGESControl_Writer(char const*, int) IGESControl_Writer.cxx:72 (occt_1157_stress_after:arm64+0x100390560)
    #10 runIgesWriteIndependent(int, int) occt_1157_stress.cpp:160 (occt_1157_stress_after:arm64+0x100001b64)
    #11 void* std::__1::__thread_proxy[abi:nqe210106]<std::__1::tuple<std::__1::unique_ptr<std::__1::__thread_struct, std::__1::default_delete<std::__1::__thread_struct>>, void (*)(int, int), int, int>>(void*) thread.h:168 (occt_1157_stress_after:arm64+0x100006494)

  Location is heap block of size 72 at 0x00011010ab90 allocated by thread T8:
    #0 calloc <null> (libclang_rt.tsan_osx_dynamic.dylib:arm64e+0x67c40)
    #1 Standard::Allocate(unsigned long) Standard.cxx:386 (occt_1157_stress_after:arm64+0x1008c3310)
    #2 IGESData_IGESModel::IGESData_IGESModel() IGESData_IGESModel.cxx:44 (occt_1157_stress_after:arm64+0x1000df8bc)
    #3 IGESData_IGESModel::IGESData_IGESModel() IGESData_IGESModel.cxx:43 (occt_1157_stress_after:arm64+0x1000dfe04)
    #4 IGESData::Init() IGESData.cxx:287 (occt_1157_stress_after:arm64+0x1000c65d8)
    #5 IGESBasic::Init() IGESBasic.cxx:31 (occt_1157_stress_after:arm64+0x100108e28)
    #6 IGESGeom::Init() IGESGeom.cxx:32 (occt_1157_stress_after:arm64+0x100145e7c)
    #7 IGESSolid::Init() IGESSolid.cxx:32 (occt_1157_stress_after:arm64+0x10021d518)
    #8 IGESControl_Controller::IGESControl_Controller(bool) IGESControl_Controller.cxx:79 (occt_1157_stress_after:arm64+0x10037fe60)
    #9 IGESControl_Controller::Init() IGESControl_Controller.cxx:364 (occt_1157_stress_after:arm64+0x1003853b0)
    #10 IGESControl_Writer::IGESControl_Writer(char const*, int) IGESControl_Writer.cxx:73 (occt_1157_stress_after:arm64+0x100390398)
    #11 IGESControl_Writer::IGESControl_Writer(char const*, int) IGESControl_Writer.cxx:72 (occt_1157_stress_after:arm64+0x100390560)
    #12 runIgesWriteIndependent(int, int) occt_1157_stress.cpp:160 (occt_1157_stress_after:arm64+0x100001b64)
    #13 void* std::__1::__thread_proxy[abi:nqe210106]<std::__1::tuple<std::__1::unique_ptr<std::__1::__thread_struct, std::__1::default_delete<std::__1::__thread_struct>>, void (*)(int, int), int, int>>(void*) thread.h:168 (occt_1157_stress_after:arm64+0x100006494)

  Thread T2 (tid=361107, running) created by main thread at:
    #0 pthread_create <null> (libclang_rt.tsan_osx_dynamic.dylib:arm64e+0x33834)
    #1 std::__1::thread::thread[abi:nqe210106]<void (*&)(int, int), int&, int&, 0>(void (*&)(int, int), int&, int&) thread.h:216 (occt_1157_stress_after:arm64+0x10000635c)
    #2 std::__1::thread* std::__1::vector<std::__1::thread, std::__1::allocator<std::__1::thread>>::__emplace_back_slow_path<void (*&)(int, int), int&, int&>(void (*&)(int, int), int&, int&) vector.h:1130 (occt_1157_stress_after:arm64+0x100006118)
    #3 runOne(char const*, int, int) occt_1157_stress.cpp:343 (occt_1157_stress_after:arm64+0x1000039d8)
    #4 main occt_1157_stress.cpp:380 (occt_1157_stress_after:arm64+0x100002e08)

  Thread T8 (tid=361114, running) created by main thread at:
    #0 pthread_create <null> (libclang_rt.tsan_osx_dynamic.dylib:arm64e+0x33834)
    #1 std::__1::thread::thread[abi:nqe210106]<void (*&)(int, int), int&, int&, 0>(void (*&)(int, int), int&, int&) thread.h:216 (occt_1157_stress_after:arm64+0x10000635c)
    #2 runOne(char const*, int, int) occt_1157_stress.cpp:343 (occt_1157_stress_after:arm64+0x1000039b0)
    #3 main occt_1157_stress.cpp:380 (occt_1157_stress_after:arm64+0x100002e08)

SUMMARY: ThreadSanitizer: data race IGESData_IGESModel.cxx:354 in IGESData_IGESModel::GetFromAnother(opencascade::handle<Interface_InterfaceModel> const&)
==================
WARNING: ThreadSanitizer: data race (pid=71706)
  Read of size 4 at 0x00010fb06f98 by thread T5:
    #0 CopyString(opencascade::handle<TCollection_HAsciiString>&) IGESData_GlobalSection.cxx:43 (occt_1157_stress_after:arm64+0x1000d7704)
    #1 IGESData_GlobalSection::CopyRefs() IGESData_GlobalSection.cxx:426 (occt_1157_stress_after:arm64+0x1000d763c)
    #2 IGESData_IGESModel::GetFromAnother(opencascade::handle<Interface_InterfaceModel> const&) IGESData_IGESModel.cxx:353 (occt_1157_stress_after:arm64+0x1000e2898)
    #3 Interface_InterfaceModel::Template(char const*) Interface_InterfaceModel.cxx:1117 (occt_1157_stress_after:arm64+0x10132f274)
    #4 IGESData_BasicEditor::Init(opencascade::handle<IGESData_Protocol> const&) IGESData_BasicEditor.cxx:53 (occt_1157_stress_after:arm64+0x1000c7108)
    #5 IGESControl_Writer::IGESControl_Writer(char const*, int) IGESControl_Writer.cxx:74 (occt_1157_stress_after:arm64+0x1003903ac)
    #6 IGESControl_Writer::IGESControl_Writer(char const*, int) IGESControl_Writer.cxx:72 (occt_1157_stress_after:arm64+0x100390560)
    #7 runIgesWriteIndependent(int, int) occt_1157_stress.cpp:160 (occt_1157_stress_after:arm64+0x100001b64)
    #8 void* std::__1::__thread_proxy[abi:nqe210106]<std::__1::tuple<std::__1::unique_ptr<std::__1::__thread_struct, std::__1::default_delete<std::__1::__thread_struct>>, void (*)(int, int), int, int>>(void*) thread.h:168 (occt_1157_stress_after:arm64+0x100006494)

  Previous write of size 4 at 0x00010fb06f98 by thread T8:
    #0 TCollection_AsciiString::TCollection_AsciiString(char const*, int) TCollection_AsciiString.hxx:1529 (occt_1157_stress_after:arm64+0x1008d118c)
    #1 TCollection_AsciiString::TCollection_AsciiString(char const*, int) TCollection_AsciiString.cxx:107 (occt_1157_stress_after:arm64+0x1008d12e8)
    #2 TCollection_HAsciiString::TCollection_HAsciiString(char const*) TCollection_HAsciiString.cxx:34 (occt_1157_stress_after:arm64+0x1008df0f4)
    #3 IGESData_GlobalSection::TranslatedFromHollerith(opencascade::handle<TCollection_HAsciiString> const&) const IGESData_GlobalSection.cxx:123 (occt_1157_stress_after:arm64+0x1000d5ff8)
    #4 IGESData_GlobalSection::SetDate(opencascade::handle<TCollection_HAsciiString> const&) IGESData_GlobalSection.cxx:991 (occt_1157_stress_after:arm64+0x1000d9c34)
    #5 IGESData::Init() IGESData.cxx:269 (occt_1157_stress_after:arm64+0x1000c631c)
    #6 IGESBasic::Init() IGESBasic.cxx:31 (occt_1157_stress_after:arm64+0x100108e28)
    #7 IGESGeom::Init() IGESGeom.cxx:32 (occt_1157_stress_after:arm64+0x100145e7c)
    #8 IGESSolid::Init() IGESSolid.cxx:32 (occt_1157_stress_after:arm64+0x10021d518)
    #9 IGESControl_Controller::IGESControl_Controller(bool) IGESControl_Controller.cxx:79 (occt_1157_stress_after:arm64+0x10037fe60)
    #10 IGESControl_Controller::Init() IGESControl_Controller.cxx:364 (occt_1157_stress_after:arm64+0x1003853b0)
    #11 IGESControl_Writer::IGESControl_Writer(char const*, int) IGESControl_Writer.cxx:73 (occt_1157_stress_after:arm64+0x100390398)
    #12 IGESControl_Writer::IGESControl_Writer(char const*, int) IGESControl_Writer.cxx:72 (occt_1157_stress_after:arm64+0x100390560)
    #13 runIgesWriteIndependent(int, int) occt_1157_stress.cpp:160 (occt_1157_stress_after:arm64+0x100001b64)
    #14 void* std::__1::__thread_proxy[abi:nqe210106]<std::__1::tuple<std::__1::unique_ptr<std::__1::__thread_struct, std::__1::default_delete<std::__1::__thread_struct>>, void (*)(int, int), int, int>>(void*) thread.h:168 (occt_1157_stress_after:arm64+0x100006494)

  Location is heap block of size 32 at 0x00010fb06f80 allocated by thread T8:
    #0 calloc <null> (libclang_rt.tsan_osx_dynamic.dylib:arm64e+0x67c40)
    #1 Standard::Allocate(unsigned long) Standard.cxx:386 (occt_1157_stress_after:arm64+0x1008c3310)
    #2 IGESData_GlobalSection::TranslatedFromHollerith(opencascade::handle<TCollection_HAsciiString> const&) const IGESData_GlobalSection.cxx:123 (occt_1157_stress_after:arm64+0x1000d5fd4)
    #3 IGESData_GlobalSection::SetDate(opencascade::handle<TCollection_HAsciiString> const&) IGESData_GlobalSection.cxx:991 (occt_1157_stress_after:arm64+0x1000d9c34)
    #4 IGESData::Init() IGESData.cxx:269 (occt_1157_stress_after:arm64+0x1000c631c)
    #5 IGESBasic::Init() IGESBasic.cxx:31 (occt_1157_stress_after:arm64+0x100108e28)
    #6 IGESGeom::Init() IGESGeom.cxx:32 (occt_1157_stress_after:arm64+0x100145e7c)
    #7 IGESSolid::Init() IGESSolid.cxx:32 (occt_1157_stress_after:arm64+0x10021d518)
    #8 IGESControl_Controller::IGESControl_Controller(bool) IGESControl_Controller.cxx:79 (occt_1157_stress_after:arm64+0x10037fe60)
    #9 IGESControl_Controller::Init() IGESControl_Controller.cxx:364 (occt_1157_stress_after:arm64+0x1003853b0)
    #10 IGESControl_Writer::IGESControl_Writer(char const*, int) IGESControl_Writer.cxx:73 (occt_1157_stress_after:arm64+0x100390398)
    #11 IGESControl_Writer::IGESControl_Writer(char const*, int) IGESControl_Writer.cxx:72 (occt_1157_stress_after:arm64+0x100390560)
    #12 runIgesWriteIndependent(int, int) occt_1157_stress.cpp:160 (occt_1157_stress_after:arm64+0x100001b64)
    #13 void* std::__1::__thread_proxy[abi:nqe210106]<std::__1::tuple<std::__1::unique_ptr<std::__1::__thread_struct, std::__1::default_delete<std::__1::__thread_struct>>, void (*)(int, int), int, int>>(void*) thread.h:168 (occt_1157_stress_after:arm64+0x100006494)

  Thread T5 (tid=361110, running) created by main thread at:
    #0 pthread_create <null> (libclang_rt.tsan_osx_dynamic.dylib:arm64e+0x33834)
    #1 std::__1::thread::thread[abi:nqe210106]<void (*&)(int, int), int&, int&, 0>(void (*&)(int, int), int&, int&) thread.h:216 (occt_1157_stress_after:arm64+0x10000635c)
    #2 std::__1::thread* std::__1::vector<std::__1::thread, std::__1::allocator<std::__1::thread>>::__emplace_back_slow_path<void (*&)(int, int), int&, int&>(void (*&)(int, int), int&, int&) vector.h:1130 (occt_1157_stress_after:arm64+0x100006118)
    #3 runOne(char const*, int, int) occt_1157_stress.cpp:343 (occt_1157_stress_after:arm64+0x1000039d8)
    #4 main occt_1157_stress.cpp:380 (occt_1157_stress_after:arm64+0x100002e08)

  Thread T8 (tid=361114, running) created by main thread at:
    #0 pthread_create <null> (libclang_rt.tsan_osx_dynamic.dylib:arm64e+0x33834)
    #1 std::__1::thread::thread[abi:nqe210106]<void (*&)(int, int), int&, int&, 0>(void (*&)(int, int), int&, int&) thread.h:216 (occt_1157_stress_after:arm64+0x10000635c)
    #2 runOne(char const*, int, int) occt_1157_stress.cpp:343 (occt_1157_stress_after:arm64+0x1000039b0)
    #3 main occt_1157_stress.cpp:380 (occt_1157_stress_after:arm64+0x100002e08)

SUMMARY: ThreadSanitizer: data race IGESData_GlobalSection.cxx:43 in CopyString(opencascade::handle<TCollection_HAsciiString>&)
==================
WARNING: ThreadSanitizer: data race (pid=71706)
  Read of size 8 at 0x000105cf73e8 by thread T6:
    #0 ShapeProcess::FindOperator(char const*, opencascade::handle<ShapeProcess_Operator>&) ShapeProcess.cxx:77 (occt_1157_stress_after:arm64+0x1011b4f5c)
    #1 ShapeProcess::getOperators(std::__1::bitset<18ul> const&) ShapeProcess.cxx:270 (occt_1157_stress_after:arm64+0x1011b6ce0)
    #2 ShapeProcess::Perform(opencascade::handle<ShapeProcess_Context> const&, std::__1::bitset<18ul> const&, Message_ProgressRange const&) ShapeProcess.cxx:199 (occt_1157_stress_after:arm64+0x1011b6578)
    #3 XSAlgo_ShapeProcessor::ProcessShape(TopoDS_Shape const&, std::__1::bitset<18ul> const&, Message_ProgressRange const&) XSAlgo_ShapeProcessor.cxx:73 (occt_1157_stress_after:arm64+0x1013fbd70)
    #4 IGESControl_Writer::AddShape(TopoDS_Shape const&, Message_ProgressRange const&) IGESControl_Writer.cxx:109 (occt_1157_stress_after:arm64+0x100390c00)
    #5 runIgesWriteIndependent(int, int) occt_1157_stress.cpp:161 (occt_1157_stress_after:arm64+0x100001b88)
    #6 void* std::__1::__thread_proxy[abi:nqe210106]<std::__1::tuple<std::__1::unique_ptr<std::__1::__thread_struct, std::__1::default_delete<std::__1::__thread_struct>>, void (*)(int, int), int, int>>(void*) thread.h:168 (occt_1157_stress_after:arm64+0x100006494)

  Previous write of size 8 at 0x000105cf73e8 by thread T1:
    #0 std::__1::conditional<false, opencascade::handle<ShapeProcess_Operator>&, bool>::type NCollection_DataMap<TCollection_AsciiString, opencascade::handle<ShapeProcess_Operator>, NCollection_DefaultHasher<TCollection_AsciiString>>::emplaceImpl<TCollection_AsciiString, false, false, opencascade::handle<ShapeProcess_Operator> const&>(TCollection_AsciiString&&, std::__1::integral_constant<bool, false>, std::__1::integral_constant<bool, false>, opencascade::handle<ShapeProcess_Operator> const&) NCollection_DataMap.hxx:814 (occt_1157_stress_after:arm64+0x1011b76b4)
    #1 ShapeProcess::RegisterOperator(char const*, opencascade::handle<ShapeProcess_Operator> const&) ShapeProcess.cxx:69 (occt_1157_stress_after:arm64+0x1011b4e8c)
    #2 ShapeProcess_OperLibrary::Init() ShapeProcess_OperLibrary.cxx:1011 (occt_1157_stress_after:arm64+0x1011bb98c)
    #3 XSAlgo::Init() XSAlgo.cxx:65 (occt_1157_stress_after:arm64+0x1013f7af8)
    #4 IGESControl_Controller::Init() IGESControl_Controller.cxx:366 (occt_1157_stress_after:arm64+0x1003853fc)
    #5 IGESControl_Writer::IGESControl_Writer(char const*, int) IGESControl_Writer.cxx:73 (occt_1157_stress_after:arm64+0x100390398)
    #6 IGESControl_Writer::IGESControl_Writer(char const*, int) IGESControl_Writer.cxx:72 (occt_1157_stress_after:arm64+0x100390560)
    #7 runIgesWriteIndependent(int, int) occt_1157_stress.cpp:160 (occt_1157_stress_after:arm64+0x100001b64)
    #8 void* std::__1::__thread_proxy[abi:nqe210106]<std::__1::tuple<std::__1::unique_ptr<std::__1::__thread_struct, std::__1::default_delete<std::__1::__thread_struct>>, void (*)(int, int), int, int>>(void*) thread.h:168 (occt_1157_stress_after:arm64+0x100006494)

  Location is global 'aMapOfOperators' at 0x000105cf73c0 (occt_1157_stress_after+0x101cb33e8)

  Thread T6 (tid=361111, running) created by main thread at:
    #0 pthread_create <null> (libclang_rt.tsan_osx_dynamic.dylib:arm64e+0x33834)
    #1 std::__1::thread::thread[abi:nqe210106]<void (*&)(int, int), int&, int&, 0>(void (*&)(int, int), int&, int&) thread.h:216 (occt_1157_stress_after:arm64+0x10000635c)
    #2 runOne(char const*, int, int) occt_1157_stress.cpp:343 (occt_1157_stress_after:arm64+0x1000039b0)
    #3 main occt_1157_stress.cpp:380 (occt_1157_stress_after:arm64+0x100002e08)

  Thread T1 (tid=361106, running) created by main thread at:
    #0 pthread_create <null> (libclang_rt.tsan_osx_dynamic.dylib:arm64e+0x33834)
    #1 std::__1::thread::thread[abi:nqe210106]<void (*&)(int, int), int&, int&, 0>(void (*&)(int, int), int&, int&) thread.h:216 (occt_1157_stress_after:arm64+0x10000635c)
    #2 std::__1::thread* std::__1::vector<std::__1::thread, std::__1::allocator<std::__1::thread>>::__emplace_back_slow_path<void (*&)(int, int), int&, int&>(void (*&)(int, int), int&, int&) vector.h:1130 (occt_1157_stress_after:arm64+0x100006118)
    #3 runOne(char const*, int, int) occt_1157_stress.cpp:343 (occt_1157_stress_after:arm64+0x1000039d8)
    #4 main occt_1157_stress.cpp:380 (occt_1157_stress_after:arm64+0x100002e08)

SUMMARY: ThreadSanitizer: data race ShapeProcess.cxx:77 in ShapeProcess::FindOperator(char const*, opencascade::handle<ShapeProcess_Operator>&)
==================
WARNING: ThreadSanitizer: data race (pid=71706)
  Read of size 8 at 0x00010fb06ed0 by thread T1:
    #0 CopyString(opencascade::handle<TCollection_HAsciiString>&) IGESData_GlobalSection.cxx:43 (occt_1157_stress_after:arm64+0x1000d76f8)
    #1 IGESData_GlobalSection::CopyRefs() IGESData_GlobalSection.cxx:430 (occt_1157_stress_after:arm64+0x1000d765c)
    #2 IGESData_IGESModel::GetFromAnother(opencascade::handle<Interface_InterfaceModel> const&) IGESData_IGESModel.cxx:353 (occt_1157_stress_after:arm64+0x1000e2898)
    #3 Interface_InterfaceModel::Template(char const*) Interface_InterfaceModel.cxx:1117 (occt_1157_stress_after:arm64+0x10132f274)
    #4 IGESData_BasicEditor::Init(opencascade::handle<IGESData_Protocol> const&) IGESData_BasicEditor.cxx:53 (occt_1157_stress_after:arm64+0x1000c7108)
    #5 IGESControl_Writer::IGESControl_Writer(char const*, int) IGESControl_Writer.cxx:74 (occt_1157_stress_after:arm64+0x1003903ac)
    #6 IGESControl_Writer::IGESControl_Writer(char const*, int) IGESControl_Writer.cxx:72 (occt_1157_stress_after:arm64+0x100390560)
    #7 runIgesWriteIndependent(int, int) occt_1157_stress.cpp:160 (occt_1157_stress_after:arm64+0x100001b64)
    #8 void* std::__1::__thread_proxy[abi:nqe210106]<std::__1::tuple<std::__1::unique_ptr<std::__1::__thread_struct, std::__1::default_delete<std::__1::__thread_struct>>, void (*)(int, int), int, int>>(void*) thread.h:168 (occt_1157_stress_after:arm64+0x100006494)

  Previous write of size 8 at 0x00010fb06ed0 by thread T8:
    #0 TCollection_AsciiString::TCollection_AsciiString(char const*, int) TCollection_AsciiString.hxx:1528 (occt_1157_stress_after:arm64+0x1008d1180)
    #1 TCollection_AsciiString::TCollection_AsciiString(char const*, int) TCollection_AsciiString.cxx:107 (occt_1157_stress_after:arm64+0x1008d12e8)
    #2 TCollection_HAsciiString::TCollection_HAsciiString(char const*) TCollection_HAsciiString.cxx:34 (occt_1157_stress_after:arm64+0x1008df0f4)
    #3 IGESData_GlobalSection::TranslatedFromHollerith(opencascade::handle<TCollection_HAsciiString> const&) const IGESData_GlobalSection.cxx:123 (occt_1157_stress_after:arm64+0x1000d5ff8)
    #4 IGESData_GlobalSection::SetApplicationProtocol(opencascade::handle<TCollection_HAsciiString> const&) IGESData_GlobalSection.cxx:1056 (occt_1157_stress_after:arm64+0x1000da28c)
    #5 IGESData::Init() IGESData.cxx:279 (occt_1157_stress_after:arm64+0x1000c6574)
    #6 IGESBasic::Init() IGESBasic.cxx:31 (occt_1157_stress_after:arm64+0x100108e28)
    #7 IGESGeom::Init() IGESGeom.cxx:32 (occt_1157_stress_after:arm64+0x100145e7c)
    #8 IGESSolid::Init() IGESSolid.cxx:32 (occt_1157_stress_after:arm64+0x10021d518)
    #9 IGESControl_Controller::IGESControl_Controller(bool) IGESControl_Controller.cxx:79 (occt_1157_stress_after:arm64+0x10037fe60)
    #10 IGESControl_Controller::Init() IGESControl_Controller.cxx:364 (occt_1157_stress_after:arm64+0x1003853b0)
    #11 IGESControl_Writer::IGESControl_Writer(char const*, int) IGESControl_Writer.cxx:73 (occt_1157_stress_after:arm64+0x100390398)
    #12 IGESControl_Writer::IGESControl_Writer(char const*, int) IGESControl_Writer.cxx:72 (occt_1157_stress_after:arm64+0x100390560)
    #13 runIgesWriteIndependent(int, int) occt_1157_stress.cpp:160 (occt_1157_stress_after:arm64+0x100001b64)
    #14 void* std::__1::__thread_proxy[abi:nqe210106]<std::__1::tuple<std::__1::unique_ptr<std::__1::__thread_struct, std::__1::default_delete<std::__1::__thread_struct>>, void (*)(int, int), int, int>>(void*) thread.h:168 (occt_1157_stress_after:arm64+0x100006494)

  Location is heap block of size 32 at 0x00010fb06ec0 allocated by thread T8:
    #0 calloc <null> (libclang_rt.tsan_osx_dynamic.dylib:arm64e+0x67c40)
    #1 Standard::Allocate(unsigned long) Standard.cxx:386 (occt_1157_stress_after:arm64+0x1008c3310)
    #2 IGESData_GlobalSection::TranslatedFromHollerith(opencascade::handle<TCollection_HAsciiString> const&) const IGESData_GlobalSection.cxx:123 (occt_1157_stress_after:arm64+0x1000d5fd4)
    #3 IGESData_GlobalSection::SetApplicationProtocol(opencascade::handle<TCollection_HAsciiString> const&) IGESData_GlobalSection.cxx:1056 (occt_1157_stress_after:arm64+0x1000da28c)
    #4 IGESData::Init() IGESData.cxx:279 (occt_1157_stress_after:arm64+0x1000c6574)
    #5 IGESBasic::Init() IGESBasic.cxx:31 (occt_1157_stress_after:arm64+0x100108e28)
    #6 IGESGeom::Init() IGESGeom.cxx:32 (occt_1157_stress_after:arm64+0x100145e7c)
    #7 IGESSolid::Init() IGESSolid.cxx:32 (occt_1157_stress_after:arm64+0x10021d518)
    #8 IGESControl_Controller::IGESControl_Controller(bool) IGESControl_Controller.cxx:79 (occt_1157_stress_after:arm64+0x10037fe60)
    #9 IGESControl_Controller::Init() IGESControl_Controller.cxx:364 (occt_1157_stress_after:arm64+0x1003853b0)
    #10 IGESControl_Writer::IGESControl_Writer(char const*, int) IGESControl_Writer.cxx:73 (occt_1157_stress_after:arm64+0x100390398)
    #11 IGESControl_Writer::IGESControl_Writer(char const*, int) IGESControl_Writer.cxx:72 (occt_1157_stress_after:arm64+0x100390560)
    #12 runIgesWriteIndependent(int, int) occt_1157_stress.cpp:160 (occt_1157_stress_after:arm64+0x100001b64)
    #13 void* std::__1::__thread_proxy[abi:nqe210106]<std::__1::tuple<std::__1::unique_ptr<std::__1::__thread_struct, std::__1::default_delete<std::__1::__thread_struct>>, void (*)(int, int), int, int>>(void*) thread.h:168 (occt_1157_stress_after:arm64+0x100006494)

  Thread T1 (tid=361106, running) created by main thread at:
    #0 pthread_create <null> (libclang_rt.tsan_osx_dynamic.dylib:arm64e+0x33834)
    #1 std::__1::thread::thread[abi:nqe210106]<void (*&)(int, int), int&, int&, 0>(void (*&)(int, int), int&, int&) thread.h:216 (occt_1157_stress_after:arm64+0x10000635c)
    #2 std::__1::thread* std::__1::vector<std::__1::thread, std::__1::allocator<std::__1::thread>>::__emplace_back_slow_path<void (*&)(int, int), int&, int&>(void (*&)(int, int), int&, int&) vector.h:1130 (occt_1157_stress_after:arm64+0x100006118)
    #3 runOne(char const*, int, int) occt_1157_stress.cpp:343 (occt_1157_stress_after:arm64+0x1000039d8)
    #4 main occt_1157_stress.cpp:380 (occt_1157_stress_after:arm64+0x100002e08)

  Thread T8 (tid=361114, running) created by main thread at:
    #0 pthread_create <null> (libclang_rt.tsan_osx_dynamic.dylib:arm64e+0x33834)
    #1 std::__1::thread::thread[abi:nqe210106]<void (*&)(int, int), int&, int&, 0>(void (*&)(int, int), int&, int&) thread.h:216 (occt_1157_stress_after:arm64+0x10000635c)
    #2 runOne(char const*, int, int) occt_1157_stress.cpp:343 (occt_1157_stress_after:arm64+0x1000039b0)
    #3 main occt_1157_stress.cpp:380 (occt_1157_stress_after:arm64+0x100002e08)

SUMMARY: ThreadSanitizer: data race IGESData_GlobalSection.cxx:43 in CopyString(opencascade::handle<TCollection_HAsciiString>&)
==================
WARNING: ThreadSanitizer: data race (pid=71706)
  Read of size 8 at 0x000105cf73d0 by thread T7:
    #0 ShapeProcess::FindOperator(char const*, opencascade::handle<ShapeProcess_Operator>&) ShapeProcess.cxx:77 (occt_1157_stress_after:arm64+0x1011b4f74)
    #1 ShapeProcess::getOperators(std::__1::bitset<18ul> const&) ShapeProcess.cxx:270 (occt_1157_stress_after:arm64+0x1011b6ce0)
    #2 ShapeProcess::Perform(opencascade::handle<ShapeProcess_Context> const&, std::__1::bitset<18ul> const&, Message_ProgressRange const&) ShapeProcess.cxx:199 (occt_1157_stress_after:arm64+0x1011b6578)
    #3 XSAlgo_ShapeProcessor::ProcessShape(TopoDS_Shape const&, std::__1::bitset<18ul> const&, Message_ProgressRange const&) XSAlgo_ShapeProcessor.cxx:73 (occt_1157_stress_after:arm64+0x1013fbd70)
    #4 IGESControl_Writer::AddShape(TopoDS_Shape const&, Message_ProgressRange const&) IGESControl_Writer.cxx:109 (occt_1157_stress_after:arm64+0x100390c00)
    #5 runIgesWriteIndependent(int, int) occt_1157_stress.cpp:161 (occt_1157_stress_after:arm64+0x100001b88)
    #6 void* std::__1::__thread_proxy[abi:nqe210106]<std::__1::tuple<std::__1::unique_ptr<std::__1::__thread_struct, std::__1::default_delete<std::__1::__thread_struct>>, void (*)(int, int), int, int>>(void*) thread.h:168 (occt_1157_stress_after:arm64+0x100006494)

  Previous write of size 8 at 0x000105cf73d0 by thread T1:
    #0 NCollection_BaseMap::EndResize(unsigned long, unsigned long, NCollection_ListNode**, NCollection_ListNode**) NCollection_BaseMap.cxx:63 (occt_1157_stress_after:arm64+0x1008e3fa4)
    #1 NCollection_DataMap<TCollection_AsciiString, opencascade::handle<ShapeProcess_Operator>, NCollection_DefaultHasher<TCollection_AsciiString>>::ReSize(unsigned long) NCollection_DataMap.hxx:387 (occt_1157_stress_after:arm64+0x1011b7a8c)
    #2 std::__1::conditional<false, opencascade::handle<ShapeProcess_Operator>&, bool>::type NCollection_DataMap<TCollection_AsciiString, opencascade::handle<ShapeProcess_Operator>, NCollection_DefaultHasher<TCollection_AsciiString>>::emplaceImpl<TCollection_AsciiString, false, false, opencascade::handle<ShapeProcess_Operator> const&>(TCollection_AsciiString&&, std::__1::integral_constant<bool, false>, std::__1::integral_constant<bool, false>, opencascade::handle<ShapeProcess_Operator> const&) NCollection_DataMap.hxx:795 (occt_1157_stress_after:arm64+0x1011b7558)
    #3 ShapeProcess::RegisterOperator(char const*, opencascade::handle<ShapeProcess_Operator> const&) ShapeProcess.cxx:69 (occt_1157_stress_after:arm64+0x1011b4e8c)
    #4 ShapeProcess_OperLibrary::Init() ShapeProcess_OperLibrary.cxx:993 (occt_1157_stress_after:arm64+0x1011baf30)
    #5 XSAlgo::Init() XSAlgo.cxx:65 (occt_1157_stress_after:arm64+0x1013f7af8)
    #6 IGESControl_Controller::Init() IGESControl_Controller.cxx:366 (occt_1157_stress_after:arm64+0x1003853fc)
    #7 IGESControl_Writer::IGESControl_Writer(char const*, int) IGESControl_Writer.cxx:73 (occt_1157_stress_after:arm64+0x100390398)
    #8 IGESControl_Writer::IGESControl_Writer(char const*, int) IGESControl_Writer.cxx:72 (occt_1157_stress_after:arm64+0x100390560)
    #9 runIgesWriteIndependent(int, int) occt_1157_stress.cpp:160 (occt_1157_stress_after:arm64+0x100001b64)
    #10 void* std::__1::__thread_proxy[abi:nqe210106]<std::__1::tuple<std::__1::unique_ptr<std::__1::__thread_struct, std::__1::default_delete<std::__1::__thread_struct>>, void (*)(int, int), int, int>>(void*) thread.h:168 (occt_1157_stress_after:arm64+0x100006494)

  Location is global 'aMapOfOperators' at 0x000105cf73c0 (occt_1157_stress_after+0x101cb33d0)

  Thread T7 (tid=361113, running) created by main thread at:
    #0 pthread_create <null> (libclang_rt.tsan_osx_dynamic.dylib:arm64e+0x33834)
    #1 std::__1::thread::thread[abi:nqe210106]<void (*&)(int, int), int&, int&, 0>(void (*&)(int, int), int&, int&) thread.h:216 (occt_1157_stress_after:arm64+0x10000635c)
    #2 runOne(char const*, int, int) occt_1157_stress.cpp:343 (occt_1157_stress_after:arm64+0x1000039b0)
    #3 main occt_1157_stress.cpp:380 (occt_1157_stress_after:arm64+0x100002e08)

  Thread T1 (tid=361106, running) created by main thread at:
    #0 pthread_create <null> (libclang_rt.tsan_osx_dynamic.dylib:arm64e+0x33834)
    #1 std::__1::thread::thread[abi:nqe210106]<void (*&)(int, int), int&, int&, 0>(void (*&)(int, int), int&, int&) thread.h:216 (occt_1157_stress_after:arm64+0x10000635c)
    #2 std::__1::thread* std::__1::vector<std::__1::thread, std::__1::allocator<std::__1::thread>>::__emplace_back_slow_path<void (*&)(int, int), int&, int&>(void (*&)(int, int), int&, int&) vector.h:1130 (occt_1157_stress_after:arm64+0x100006118)
    #3 runOne(char const*, int, int) occt_1157_stress.cpp:343 (occt_1157_stress_after:arm64+0x1000039d8)
    #4 main occt_1157_stress.cpp:380 (occt_1157_stress_after:arm64+0x100002e08)

SUMMARY: ThreadSanitizer: data race ShapeProcess.cxx:77 in ShapeProcess::FindOperator(char const*, opencascade::handle<ShapeProcess_Operator>&)
==================
WARNING: ThreadSanitizer: data race (pid=71706)
  Read of size 8 at 0x00011001f748 by thread T3:
    #0 IGESData_GlobalSection::operator=(IGESData_GlobalSection const&) IGESData_GlobalSection.hxx:39 (occt_1157_stress_after:arm64+0x1000e0168)
    #1 IGESData_IGESModel::GetFromAnother(opencascade::handle<Interface_InterfaceModel> const&) IGESData_IGESModel.cxx:352 (occt_1157_stress_after:arm64+0x1000e2890)
    #2 Interface_InterfaceModel::Template(char const*) Interface_InterfaceModel.cxx:1117 (occt_1157_stress_after:arm64+0x10132f274)
    #3 IGESData_BasicEditor::Init(opencascade::handle<IGESData_Protocol> const&) IGESData_BasicEditor.cxx:53 (occt_1157_stress_after:arm64+0x1000c7108)
    #4 IGESControl_Writer::IGESControl_Writer(char const*, int) IGESControl_Writer.cxx:74 (occt_1157_stress_after:arm64+0x1003903ac)
    #5 IGESControl_Writer::IGESControl_Writer(char const*, int) IGESControl_Writer.cxx:72 (occt_1157_stress_after:arm64+0x100390560)
    #6 runIgesWriteIndependent(int, int) occt_1157_stress.cpp:160 (occt_1157_stress_after:arm64+0x100001b64)
    #7 void* std::__1::__thread_proxy[abi:nqe210106]<std::__1::tuple<std::__1::unique_ptr<std::__1::__thread_struct, std::__1::default_delete<std::__1::__thread_struct>>, void (*)(int, int), int, int>>(void*) thread.h:168 (occt_1157_stress_after:arm64+0x100006494)

  Previous write of size 8 at 0x00011001f748 by thread T8:
    #0 IGESData_GlobalSection::operator=(IGESData_GlobalSection const&) IGESData_GlobalSection.hxx:39 (occt_1157_stress_after:arm64+0x1000e01d0)
    #1 IGESData_IGESModel::SetGlobalSection(IGESData_GlobalSection const&) IGESData_IGESModel.cxx:278 (occt_1157_stress_after:arm64+0x1000e2398)
    #2 IGESData::Init() IGESData.cxx:288 (occt_1157_stress_after:arm64+0x1000c6604)
    #3 IGESBasic::Init() IGESBasic.cxx:31 (occt_1157_stress_after:arm64+0x100108e28)
    #4 IGESGeom::Init() IGESGeom.cxx:32 (occt_1157_stress_after:arm64+0x100145e7c)
    #5 IGESSolid::Init() IGESSolid.cxx:32 (occt_1157_stress_after:arm64+0x10021d518)
    #6 IGESControl_Controller::IGESControl_Controller(bool) IGESControl_Controller.cxx:79 (occt_1157_stress_after:arm64+0x10037fe60)
    #7 IGESControl_Controller::Init() IGESControl_Controller.cxx:364 (occt_1157_stress_after:arm64+0x1003853b0)
    #8 IGESControl_Writer::IGESControl_Writer(char const*, int) IGESControl_Writer.cxx:73 (occt_1157_stress_after:arm64+0x100390398)
    #9 IGESControl_Writer::IGESControl_Writer(char const*, int) IGESControl_Writer.cxx:72 (occt_1157_stress_after:arm64+0x100390560)
    #10 runIgesWriteIndependent(int, int) occt_1157_stress.cpp:160 (occt_1157_stress_after:arm64+0x100001b64)
    #11 void* std::__1::__thread_proxy[abi:nqe210106]<std::__1::tuple<std::__1::unique_ptr<std::__1::__thread_struct, std::__1::default_delete<std::__1::__thread_struct>>, void (*)(int, int), int, int>>(void*) thread.h:168 (occt_1157_stress_after:arm64+0x100006494)

  Location is heap block of size 424 at 0x00011001f640 allocated by thread T8:
    #0 calloc <null> (libclang_rt.tsan_osx_dynamic.dylib:arm64e+0x67c40)
    #1 Standard::Allocate(unsigned long) Standard.cxx:386 (occt_1157_stress_after:arm64+0x1008c3310)
    #2 IGESData::Init() IGESData.cxx:287 (occt_1157_stress_after:arm64+0x1000c65d0)
    #3 IGESBasic::Init() IGESBasic.cxx:31 (occt_1157_stress_after:arm64+0x100108e28)
    #4 IGESGeom::Init() IGESGeom.cxx:32 (occt_1157_stress_after:arm64+0x100145e7c)
    #5 IGESSolid::Init() IGESSolid.cxx:32 (occt_1157_stress_after:arm64+0x10021d518)
    #6 IGESControl_Controller::IGESControl_Controller(bool) IGESControl_Controller.cxx:79 (occt_1157_stress_after:arm64+0x10037fe60)
    #7 IGESControl_Controller::Init() IGESControl_Controller.cxx:364 (occt_1157_stress_after:arm64+0x1003853b0)
    #8 IGESControl_Writer::IGESControl_Writer(char const*, int) IGESControl_Writer.cxx:73 (occt_1157_stress_after:arm64+0x100390398)
    #9 IGESControl_Writer::IGESControl_Writer(char const*, int) IGESControl_Writer.cxx:72 (occt_1157_stress_after:arm64+0x100390560)
    #10 runIgesWriteIndependent(int, int) occt_1157_stress.cpp:160 (occt_1157_stress_after:arm64+0x100001b64)
    #11 void* std::__1::__thread_proxy[abi:nqe210106]<std::__1::tuple<std::__1::unique_ptr<std::__1::__thread_struct, std::__1::default_delete<std::__1::__thread_struct>>, void (*)(int, int), int, int>>(void*) thread.h:168 (occt_1157_stress_after:arm64+0x100006494)

  Thread T3 (tid=361108, running) created by main thread at:
    #0 pthread_create <null> (libclang_rt.tsan_osx_dynamic.dylib:arm64e+0x33834)
    #1 std::__1::thread::thread[abi:nqe210106]<void (*&)(int, int), int&, int&, 0>(void (*&)(int, int), int&, int&) thread.h:216 (occt_1157_stress_after:arm64+0x10000635c)
    #2 std::__1::thread* std::__1::vector<std::__1::thread, std::__1::allocator<std::__1::thread>>::__emplace_back_slow_path<void (*&)(int, int), int&, int&>(void (*&)(int, int), int&, int&) vector.h:1130 (occt_1157_stress_after:arm64+0x100006118)
    #3 runOne(char const*, int, int) occt_1157_stress.cpp:343 (occt_1157_stress_after:arm64+0x1000039d8)
    #4 main occt_1157_stress.cpp:380 (occt_1157_stress_after:arm64+0x100002e08)

  Thread T8 (tid=361114, running) created by main thread at:
    #0 pthread_create <null> (libclang_rt.tsan_osx_dynamic.dylib:arm64e+0x33834)
    #1 std::__1::thread::thread[abi:nqe210106]<void (*&)(int, int), int&, int&, 0>(void (*&)(int, int), int&, int&) thread.h:216 (occt_1157_stress_after:arm64+0x10000635c)
    #2 runOne(char const*, int, int) occt_1157_stress.cpp:343 (occt_1157_stress_after:arm64+0x1000039b0)
    #3 main occt_1157_stress.cpp:380 (occt_1157_stress_after:arm64+0x100002e08)

SUMMARY: ThreadSanitizer: data race IGESData_GlobalSection.hxx:39 in IGESData_GlobalSection::operator=(IGESData_GlobalSection const&)
==================
WARNING: ThreadSanitizer: data race (pid=71706)
  Read of size 8 at 0x000105cf73e0 by thread T4:
    #0 ShapeProcess::FindOperator(char const*, opencascade::handle<ShapeProcess_Operator>&) ShapeProcess.cxx:77 (occt_1157_stress_after:arm64+0x1011b4f80)
    #1 ShapeProcess::getOperators(std::__1::bitset<18ul> const&) ShapeProcess.cxx:270 (occt_1157_stress_after:arm64+0x1011b6ce0)
    #2 ShapeProcess::Perform(opencascade::handle<ShapeProcess_Context> const&, std::__1::bitset<18ul> const&, Message_ProgressRange const&) ShapeProcess.cxx:199 (occt_1157_stress_after:arm64+0x1011b6578)
    #3 XSAlgo_ShapeProcessor::ProcessShape(TopoDS_Shape const&, std::__1::bitset<18ul> const&, Message_ProgressRange const&) XSAlgo_ShapeProcessor.cxx:73 (occt_1157_stress_after:arm64+0x1013fbd70)
    #4 IGESControl_Writer::AddShape(TopoDS_Shape const&, Message_ProgressRange const&) IGESControl_Writer.cxx:109 (occt_1157_stress_after:arm64+0x100390c00)
    #5 runIgesWriteIndependent(int, int) occt_1157_stress.cpp:161 (occt_1157_stress_after:arm64+0x100001b88)
    #6 void* std::__1::__thread_proxy[abi:nqe210106]<std::__1::tuple<std::__1::unique_ptr<std::__1::__thread_struct, std::__1::default_delete<std::__1::__thread_struct>>, void (*)(int, int), int, int>>(void*) thread.h:168 (occt_1157_stress_after:arm64+0x100006494)

  Previous write of size 8 at 0x000105cf73e0 by thread T1:
    #0 NCollection_BaseMap::EndResize(unsigned long, unsigned long, NCollection_ListNode**, NCollection_ListNode**) NCollection_BaseMap.cxx:68 (occt_1157_stress_after:arm64+0x1008e3fd4)
    #1 NCollection_DataMap<TCollection_AsciiString, opencascade::handle<ShapeProcess_Operator>, NCollection_DefaultHasher<TCollection_AsciiString>>::ReSize(unsigned long) NCollection_DataMap.hxx:387 (occt_1157_stress_after:arm64+0x1011b7a8c)
    #2 std::__1::conditional<false, opencascade::handle<ShapeProcess_Operator>&, bool>::type NCollection_DataMap<TCollection_AsciiString, opencascade::handle<ShapeProcess_Operator>, NCollection_DefaultHasher<TCollection_AsciiString>>::emplaceImpl<TCollection_AsciiString, false, false, opencascade::handle<ShapeProcess_Operator> const&>(TCollection_AsciiString&&, std::__1::integral_constant<bool, false>, std::__1::integral_constant<bool, false>, opencascade::handle<ShapeProcess_Operator> const&) NCollection_DataMap.hxx:795 (occt_1157_stress_after:arm64+0x1011b7558)
    #3 ShapeProcess::RegisterOperator(char const*, opencascade::handle<ShapeProcess_Operator> const&) ShapeProcess.cxx:69 (occt_1157_stress_after:arm64+0x1011b4e8c)
    #4 ShapeProcess_OperLibrary::Init() ShapeProcess_OperLibrary.cxx:993 (occt_1157_stress_after:arm64+0x1011baf30)
    #5 XSAlgo::Init() XSAlgo.cxx:65 (occt_1157_stress_after:arm64+0x1013f7af8)
    #6 IGESControl_Controller::Init() IGESControl_Controller.cxx:366 (occt_1157_stress_after:arm64+0x1003853fc)
    #7 IGESControl_Writer::IGESControl_Writer(char const*, int) IGESControl_Writer.cxx:73 (occt_1157_stress_after:arm64+0x100390398)
    #8 IGESControl_Writer::IGESControl_Writer(char const*, int) IGESControl_Writer.cxx:72 (occt_1157_stress_after:arm64+0x100390560)
    #9 runIgesWriteIndependent(int, int) occt_1157_stress.cpp:160 (occt_1157_stress_after:arm64+0x100001b64)
    #10 void* std::__1::__thread_proxy[abi:nqe210106]<std::__1::tuple<std::__1::unique_ptr<std::__1::__thread_struct, std::__1::default_delete<std::__1::__thread_struct>>, void (*)(int, int), int, int>>(void*) thread.h:168 (occt_1157_stress_after:arm64+0x100006494)

  Location is global 'aMapOfOperators' at 0x000105cf73c0 (occt_1157_stress_after+0x101cb33e0)

  Thread T4 (tid=361109, running) created by main thread at:
    #0 pthread_create <null> (libclang_rt.tsan_osx_dynamic.dylib:arm64e+0x33834)
    #1 std::__1::thread::thread[abi:nqe210106]<void (*&)(int, int), int&, int&, 0>(void (*&)(int, int), int&, int&) thread.h:216 (occt_1157_stress_after:arm64+0x10000635c)
    #2 runOne(char const*, int, int) occt_1157_stress.cpp:343 (occt_1157_stress_after:arm64+0x1000039b0)
    #3 main occt_1157_stress.cpp:380 (occt_1157_stress_after:arm64+0x100002e08)

  Thread T1 (tid=361106, running) created by main thread at:
    #0 pthread_create <null> (libclang_rt.tsan_osx_dynamic.dylib:arm64e+0x33834)
    #1 std::__1::thread::thread[abi:nqe210106]<void (*&)(int, int), int&, int&, 0>(void (*&)(int, int), int&, int&) thread.h:216 (occt_1157_stress_after:arm64+0x10000635c)
    #2 std::__1::thread* std::__1::vector<std::__1::thread, std::__1::allocator<std::__1::thread>>::__emplace_back_slow_path<void (*&)(int, int), int&, int&>(void (*&)(int, int), int&, int&) vector.h:1130 (occt_1157_stress_after:arm64+0x100006118)
    #3 runOne(char const*, int, int) occt_1157_stress.cpp:343 (occt_1157_stress_after:arm64+0x1000039d8)
    #4 main occt_1157_stress.cpp:380 (occt_1157_stress_after:arm64+0x100002e08)

SUMMARY: ThreadSanitizer: data race ShapeProcess.cxx:77 in ShapeProcess::FindOperator(char const*, opencascade::handle<ShapeProcess_Operator>&)
==================
WARNING: ThreadSanitizer: data race (pid=71706)
  Read of size 8 at 0x000111a281e8 by thread T2:
    #0 ShapeProcess::FindOperator(char const*, opencascade::handle<ShapeProcess_Operator>&) ShapeProcess.cxx:77 (occt_1157_stress_after:arm64+0x1011b501c)
    #1 ShapeProcess::getOperators(std::__1::bitset<18ul> const&) ShapeProcess.cxx:270 (occt_1157_stress_after:arm64+0x1011b6ce0)
    #2 ShapeProcess::Perform(opencascade::handle<ShapeProcess_Context> const&, std::__1::bitset<18ul> const&, Message_ProgressRange const&) ShapeProcess.cxx:199 (occt_1157_stress_after:arm64+0x1011b6578)
    #3 XSAlgo_ShapeProcessor::ProcessShape(TopoDS_Shape const&, std::__1::bitset<18ul> const&, Message_ProgressRange const&) XSAlgo_ShapeProcessor.cxx:73 (occt_1157_stress_after:arm64+0x1013fbd70)
    #4 IGESControl_Writer::AddShape(TopoDS_Shape const&, Message_ProgressRange const&) IGESControl_Writer.cxx:109 (occt_1157_stress_after:arm64+0x100390c00)
    #5 runIgesWriteIndependent(int, int) occt_1157_stress.cpp:161 (occt_1157_stress_after:arm64+0x100001b88)
    #6 void* std::__1::__thread_proxy[abi:nqe210106]<std::__1::tuple<std::__1::unique_ptr<std::__1::__thread_struct, std::__1::default_delete<std::__1::__thread_struct>>, void (*)(int, int), int, int>>(void*) thread.h:168 (occt_1157_stress_after:arm64+0x100006494)

  Previous write of size 8 at 0x000111a281e8 by thread T1:
    #0 std::__1::conditional<false, opencascade::handle<ShapeProcess_Operator>&, bool>::type NCollection_DataMap<TCollection_AsciiString, opencascade::handle<ShapeProcess_Operator>, NCollection_DefaultHasher<TCollection_AsciiString>>::emplaceImpl<TCollection_AsciiString, false, false, opencascade::handle<ShapeProcess_Operator> const&>(TCollection_AsciiString&&, std::__1::integral_constant<bool, false>, std::__1::integral_constant<bool, false>, opencascade::handle<ShapeProcess_Operator> const&) NCollection_DataMap.hxx:810 (occt_1157_stress_after:arm64+0x1011b76a0)
    #1 ShapeProcess::RegisterOperator(char const*, opencascade::handle<ShapeProcess_Operator> const&) ShapeProcess.cxx:69 (occt_1157_stress_after:arm64+0x1011b4e8c)
    #2 ShapeProcess_OperLibrary::Init() ShapeProcess_OperLibrary.cxx:993 (occt_1157_stress_after:arm64+0x1011baf30)
    #3 XSAlgo::Init() XSAlgo.cxx:65 (occt_1157_stress_after:arm64+0x1013f7af8)
    #4 IGESControl_Controller::Init() IGESControl_Controller.cxx:366 (occt_1157_stress_after:arm64+0x1003853fc)
    #5 IGESControl_Writer::IGESControl_Writer(char const*, int) IGESControl_Writer.cxx:73 (occt_1157_stress_after:arm64+0x100390398)
    #6 IGESControl_Writer::IGESControl_Writer(char const*, int) IGESControl_Writer.cxx:72 (occt_1157_stress_after:arm64+0x100390560)
    #7 runIgesWriteIndependent(int, int) occt_1157_stress.cpp:160 (occt_1157_stress_after:arm64+0x100001b64)
    #8 void* std::__1::__thread_proxy[abi:nqe210106]<std::__1::tuple<std::__1::unique_ptr<std::__1::__thread_struct, std::__1::default_delete<std::__1::__thread_struct>>, void (*)(int, int), int, int>>(void*) thread.h:168 (occt_1157_stress_after:arm64+0x100006494)

  Location is heap block of size 816 at 0x000111a28080 allocated by thread T1:
    #0 calloc <null> (libclang_rt.tsan_osx_dynamic.dylib:arm64e+0x67c40)
    #1 Standard::Allocate(unsigned long) Standard.cxx:386 (occt_1157_stress_after:arm64+0x1008c3310)
    #2 NCollection_BaseMap::BeginResize(unsigned long, unsigned long&, NCollection_ListNode**&, NCollection_ListNode**&) const NCollection_BaseMap.cxx:42 (occt_1157_stress_after:arm64+0x1008e3ea8)
    #3 NCollection_DataMap<TCollection_AsciiString, opencascade::handle<ShapeProcess_Operator>, NCollection_DefaultHasher<TCollection_AsciiString>>::ReSize(unsigned long) NCollection_DataMap.hxx:365 (occt_1157_stress_after:arm64+0x1011b7924)
    #4 std::__1::conditional<false, opencascade::handle<ShapeProcess_Operator>&, bool>::type NCollection_DataMap<TCollection_AsciiString, opencascade::handle<ShapeProcess_Operator>, NCollection_DefaultHasher<TCollection_AsciiString>>::emplaceImpl<TCollection_AsciiString, false, false, opencascade::handle<ShapeProcess_Operator> const&>(TCollection_AsciiString&&, std::__1::integral_constant<bool, false>, std::__1::integral_constant<bool, false>, opencascade::handle<ShapeProcess_Operator> const&) NCollection_DataMap.hxx:795 (occt_1157_stress_after:arm64+0x1011b7558)
    #5 ShapeProcess::RegisterOperator(char const*, opencascade::handle<ShapeProcess_Operator> const&) ShapeProcess.cxx:69 (occt_1157_stress_after:arm64+0x1011b4e8c)
    #6 ShapeProcess_OperLibrary::Init() ShapeProcess_OperLibrary.cxx:993 (occt_1157_stress_after:arm64+0x1011baf30)
    #7 XSAlgo::Init() XSAlgo.cxx:65 (occt_1157_stress_after:arm64+0x1013f7af8)
    #8 IGESControl_Controller::Init() IGESControl_Controller.cxx:366 (occt_1157_stress_after:arm64+0x1003853fc)
    #9 IGESControl_Writer::IGESControl_Writer(char const*, int) IGESControl_Writer.cxx:73 (occt_1157_stress_after:arm64+0x100390398)
    #10 IGESControl_Writer::IGESControl_Writer(char const*, int) IGESControl_Writer.cxx:72 (occt_1157_stress_after:arm64+0x100390560)
    #11 runIgesWriteIndependent(int, int) occt_1157_stress.cpp:160 (occt_1157_stress_after:arm64+0x100001b64)
    #12 void* std::__1::__thread_proxy[abi:nqe210106]<std::__1::tuple<std::__1::unique_ptr<std::__1::__thread_struct, std::__1::default_delete<std::__1::__thread_struct>>, void (*)(int, int), int, int>>(void*) thread.h:168 (occt_1157_stress_after:arm64+0x100006494)

  Thread T2 (tid=361107, running) created by main thread at:
    #0 pthread_create <null> (libclang_rt.tsan_osx_dynamic.dylib:arm64e+0x33834)
    #1 std::__1::thread::thread[abi:nqe210106]<void (*&)(int, int), int&, int&, 0>(void (*&)(int, int), int&, int&) thread.h:216 (occt_1157_stress_after:arm64+0x10000635c)
    #2 std::__1::thread* std::__1::vector<std::__1::thread, std::__1::allocator<std::__1::thread>>::__emplace_back_slow_path<void (*&)(int, int), int&, int&>(void (*&)(int, int), int&, int&) vector.h:1130 (occt_1157_stress_after:arm64+0x100006118)
    #3 runOne(char const*, int, int) occt_1157_stress.cpp:343 (occt_1157_stress_after:arm64+0x1000039d8)
    #4 main occt_1157_stress.cpp:380 (occt_1157_stress_after:arm64+0x100002e08)

  Thread T1 (tid=361106, running) created by main thread at:
    #0 pthread_create <null> (libclang_rt.tsan_osx_dynamic.dylib:arm64e+0x33834)
    #1 std::__1::thread::thread[abi:nqe210106]<void (*&)(int, int), int&, int&, 0>(void (*&)(int, int), int&, int&) thread.h:216 (occt_1157_stress_after:arm64+0x10000635c)
    #2 std::__1::thread* std::__1::vector<std::__1::thread, std::__1::allocator<std::__1::thread>>::__emplace_back_slow_path<void (*&)(int, int), int&, int&>(void (*&)(int, int), int&, int&) vector.h:1130 (occt_1157_stress_after:arm64+0x100006118)
    #3 runOne(char const*, int, int) occt_1157_stress.cpp:343 (occt_1157_stress_after:arm64+0x1000039d8)
    #4 main occt_1157_stress.cpp:380 (occt_1157_stress_after:arm64+0x100002e08)

SUMMARY: ThreadSanitizer: data race ShapeProcess.cxx:77 in ShapeProcess::FindOperator(char const*, opencascade::handle<ShapeProcess_Operator>&)
==================
WARNING: ThreadSanitizer: data race on vptr (ctor/dtor vs virtual call) (pid=71706)
  Read of size 8 at 0x00010fb0b360 by thread T4:
    #0 ShapeProcess::Perform(opencascade::handle<ShapeProcess_Context> const&, std::__1::bitset<18ul> const&, Message_ProgressRange const&) ShapeProcess.cxx:218 (occt_1157_stress_after:arm64+0x1011b68a8)
    #1 XSAlgo_ShapeProcessor::ProcessShape(TopoDS_Shape const&, std::__1::bitset<18ul> const&, Message_ProgressRange const&) XSAlgo_ShapeProcessor.cxx:73 (occt_1157_stress_after:arm64+0x1013fbd70)
    #2 IGESControl_Writer::AddShape(TopoDS_Shape const&, Message_ProgressRange const&) IGESControl_Writer.cxx:109 (occt_1157_stress_after:arm64+0x100390c00)
    #3 runIgesWriteIndependent(int, int) occt_1157_stress.cpp:161 (occt_1157_stress_after:arm64+0x100001b88)
    #4 void* std::__1::__thread_proxy[abi:nqe210106]<std::__1::tuple<std::__1::unique_ptr<std::__1::__thread_struct, std::__1::default_delete<std::__1::__thread_struct>>, void (*)(int, int), int, int>>(void*) thread.h:168 (occt_1157_stress_after:arm64+0x100006494)

  Previous write of size 8 at 0x00010fb0b360 by thread T1:
    #0 ShapeProcess_UOperator::ShapeProcess_UOperator(bool (*)(opencascade::handle<ShapeProcess_Context> const&, Message_ProgressRange const&)) ShapeProcess_UOperator.cxx:25 (occt_1157_stress_after:arm64+0x1011c95b8)
    #1 ShapeProcess_OperLibrary::Init() ShapeProcess_OperLibrary.cxx:993 (occt_1157_stress_after:arm64+0x1011baf00)
    #2 XSAlgo::Init() XSAlgo.cxx:65 (occt_1157_stress_after:arm64+0x1013f7af8)
    #3 IGESControl_Controller::Init() IGESControl_Controller.cxx:366 (occt_1157_stress_after:arm64+0x1003853fc)
    #4 IGESControl_Writer::IGESControl_Writer(char const*, int) IGESControl_Writer.cxx:73 (occt_1157_stress_after:arm64+0x100390398)
    #5 IGESControl_Writer::IGESControl_Writer(char const*, int) IGESControl_Writer.cxx:72 (occt_1157_stress_after:arm64+0x100390560)
    #6 runIgesWriteIndependent(int, int) occt_1157_stress.cpp:160 (occt_1157_stress_after:arm64+0x100001b64)
    #7 void* std::__1::__thread_proxy[abi:nqe210106]<std::__1::tuple<std::__1::unique_ptr<std::__1::__thread_struct, std::__1::default_delete<std::__1::__thread_struct>>, void (*)(int, int), int, int>>(void*) thread.h:168 (occt_1157_stress_after:arm64+0x100006494)

  Location is heap block of size 24 at 0x00010fb0b360 allocated by thread T1:
    #0 calloc <null> (libclang_rt.tsan_osx_dynamic.dylib:arm64e+0x67c40)
    #1 Standard::Allocate(unsigned long) Standard.cxx:386 (occt_1157_stress_after:arm64+0x1008c3310)
    #2 ShapeProcess_OperLibrary::Init() ShapeProcess_OperLibrary.cxx:993 (occt_1157_stress_after:arm64+0x1011baef0)
    #3 XSAlgo::Init() XSAlgo.cxx:65 (occt_1157_stress_after:arm64+0x1013f7af8)
    #4 IGESControl_Controller::Init() IGESControl_Controller.cxx:366 (occt_1157_stress_after:arm64+0x1003853fc)
    #5 IGESControl_Writer::IGESControl_Writer(char const*, int) IGESControl_Writer.cxx:73 (occt_1157_stress_after:arm64+0x100390398)
    #6 IGESControl_Writer::IGESControl_Writer(char const*, int) IGESControl_Writer.cxx:72 (occt_1157_stress_after:arm64+0x100390560)
    #7 runIgesWriteIndependent(int, int) occt_1157_stress.cpp:160 (occt_1157_stress_after:arm64+0x100001b64)
    #8 void* std::__1::__thread_proxy[abi:nqe210106]<std::__1::tuple<std::__1::unique_ptr<std::__1::__thread_struct, std::__1::default_delete<std::__1::__thread_struct>>, void (*)(int, int), int, int>>(void*) thread.h:168 (occt_1157_stress_after:arm64+0x100006494)

  Thread T4 (tid=361109, running) created by main thread at:
    #0 pthread_create <null> (libclang_rt.tsan_osx_dynamic.dylib:arm64e+0x33834)
    #1 std::__1::thread::thread[abi:nqe210106]<void (*&)(int, int), int&, int&, 0>(void (*&)(int, int), int&, int&) thread.h:216 (occt_1157_stress_after:arm64+0x10000635c)
    #2 runOne(char const*, int, int) occt_1157_stress.cpp:343 (occt_1157_stress_after:arm64+0x1000039b0)
    #3 main occt_1157_stress.cpp:380 (occt_1157_stress_after:arm64+0x100002e08)

  Thread T1 (tid=361106, running) created by main thread at:
    #0 pthread_create <null> (libclang_rt.tsan_osx_dynamic.dylib:arm64e+0x33834)
    #1 std::__1::thread::thread[abi:nqe210106]<void (*&)(int, int), int&, int&, 0>(void (*&)(int, int), int&, int&) thread.h:216 (occt_1157_stress_after:arm64+0x10000635c)
    #2 std::__1::thread* std::__1::vector<std::__1::thread, std::__1::allocator<std::__1::thread>>::__emplace_back_slow_path<void (*&)(int, int), int&, int&>(void (*&)(int, int), int&, int&) vector.h:1130 (occt_1157_stress_after:arm64+0x100006118)
    #3 runOne(char const*, int, int) occt_1157_stress.cpp:343 (occt_1157_stress_after:arm64+0x1000039d8)
    #4 main occt_1157_stress.cpp:380 (occt_1157_stress_after:arm64+0x100002e08)

SUMMARY: ThreadSanitizer: data race on vptr (ctor/dtor vs virtual call) ShapeProcess.cxx:218 in ShapeProcess::Perform(opencascade::handle<ShapeProcess_Context> const&, std::__1::bitset<18ul> const&, Message_ProgressRange const&)
==================
WARNING: ThreadSanitizer: data race (pid=71706)
  Atomic write of size 4 at 0x00010fb0b368 by thread T8:
    #0 ShapeProcess::FindOperator(char const*, opencascade::handle<ShapeProcess_Operator>&) ShapeProcess.cxx:84 (occt_1157_stress_after:arm64+0x1011b5298)
    #1 ShapeProcess::getOperators(std::__1::bitset<18ul> const&) ShapeProcess.cxx:270 (occt_1157_stress_after:arm64+0x1011b6ce0)
    #2 ShapeProcess::Perform(opencascade::handle<ShapeProcess_Context> const&, std::__1::bitset<18ul> const&, Message_ProgressRange const&) ShapeProcess.cxx:199 (occt_1157_stress_after:arm64+0x1011b6578)
    #3 XSAlgo_ShapeProcessor::ProcessShape(TopoDS_Shape const&, std::__1::bitset<18ul> const&, Message_ProgressRange const&) XSAlgo_ShapeProcessor.cxx:73 (occt_1157_stress_after:arm64+0x1013fbd70)
    #4 IGESControl_Writer::AddShape(TopoDS_Shape const&, Message_ProgressRange const&) IGESControl_Writer.cxx:109 (occt_1157_stress_after:arm64+0x100390c00)
    #5 runIgesWriteIndependent(int, int) occt_1157_stress.cpp:161 (occt_1157_stress_after:arm64+0x100001b88)
    #6 void* std::__1::__thread_proxy[abi:nqe210106]<std::__1::tuple<std::__1::unique_ptr<std::__1::__thread_struct, std::__1::default_delete<std::__1::__thread_struct>>, void (*)(int, int), int, int>>(void*) thread.h:168 (occt_1157_stress_after:arm64+0x100006494)

  Previous write of size 4 at 0x00010fb0b368 by thread T1:
    #0 ShapeProcess_UOperator::ShapeProcess_UOperator(bool (*)(opencascade::handle<ShapeProcess_Context> const&, Message_ProgressRange const&)) ShapeProcess_UOperator.cxx:25 (occt_1157_stress_after:arm64+0x1011c95a0)
    #1 ShapeProcess_OperLibrary::Init() ShapeProcess_OperLibrary.cxx:993 (occt_1157_stress_after:arm64+0x1011baf00)
    #2 XSAlgo::Init() XSAlgo.cxx:65 (occt_1157_stress_after:arm64+0x1013f7af8)
    #3 IGESControl_Controller::Init() IGESControl_Controller.cxx:366 (occt_1157_stress_after:arm64+0x1003853fc)
    #4 IGESControl_Writer::IGESControl_Writer(char const*, int) IGESControl_Writer.cxx:73 (occt_1157_stress_after:arm64+0x100390398)
    #5 IGESControl_Writer::IGESControl_Writer(char const*, int) IGESControl_Writer.cxx:72 (occt_1157_stress_after:arm64+0x100390560)
    #6 runIgesWriteIndependent(int, int) occt_1157_stress.cpp:160 (occt_1157_stress_after:arm64+0x100001b64)
    #7 void* std::__1::__thread_proxy[abi:nqe210106]<std::__1::tuple<std::__1::unique_ptr<std::__1::__thread_struct, std::__1::default_delete<std::__1::__thread_struct>>, void (*)(int, int), int, int>>(void*) thread.h:168 (occt_1157_stress_after:arm64+0x100006494)

  Location is heap block of size 24 at 0x00010fb0b360 allocated by thread T1:
    #0 calloc <null> (libclang_rt.tsan_osx_dynamic.dylib:arm64e+0x67c40)
    #1 Standard::Allocate(unsigned long) Standard.cxx:386 (occt_1157_stress_after:arm64+0x1008c3310)
    #2 ShapeProcess_OperLibrary::Init() ShapeProcess_OperLibrary.cxx:993 (occt_1157_stress_after:arm64+0x1011baef0)
    #3 XSAlgo::Init() XSAlgo.cxx:65 (occt_1157_stress_after:arm64+0x1013f7af8)
    #4 IGESControl_Controller::Init() IGESControl_Controller.cxx:366 (occt_1157_stress_after:arm64+0x1003853fc)
    #5 IGESControl_Writer::IGESControl_Writer(char const*, int) IGESControl_Writer.cxx:73 (occt_1157_stress_after:arm64+0x100390398)
    #6 IGESControl_Writer::IGESControl_Writer(char const*, int) IGESControl_Writer.cxx:72 (occt_1157_stress_after:arm64+0x100390560)
    #7 runIgesWriteIndependent(int, int) occt_1157_stress.cpp:160 (occt_1157_stress_after:arm64+0x100001b64)
    #8 void* std::__1::__thread_proxy[abi:nqe210106]<std::__1::tuple<std::__1::unique_ptr<std::__1::__thread_struct, std::__1::default_delete<std::__1::__thread_struct>>, void (*)(int, int), int, int>>(void*) thread.h:168 (occt_1157_stress_after:arm64+0x100006494)

  Thread T8 (tid=361114, running) created by main thread at:
    #0 pthread_create <null> (libclang_rt.tsan_osx_dynamic.dylib:arm64e+0x33834)
    #1 std::__1::thread::thread[abi:nqe210106]<void (*&)(int, int), int&, int&, 0>(void (*&)(int, int), int&, int&) thread.h:216 (occt_1157_stress_after:arm64+0x10000635c)
    #2 runOne(char const*, int, int) occt_1157_stress.cpp:343 (occt_1157_stress_after:arm64+0x1000039b0)
    #3 main occt_1157_stress.cpp:380 (occt_1157_stress_after:arm64+0x100002e08)

  Thread T1 (tid=361106, running) created by main thread at:
    #0 pthread_create <null> (libclang_rt.tsan_osx_dynamic.dylib:arm64e+0x33834)
    #1 std::__1::thread::thread[abi:nqe210106]<void (*&)(int, int), int&, int&, 0>(void (*&)(int, int), int&, int&) thread.h:216 (occt_1157_stress_after:arm64+0x10000635c)
    #2 std::__1::thread* std::__1::vector<std::__1::thread, std::__1::allocator<std::__1::thread>>::__emplace_back_slow_path<void (*&)(int, int), int&, int&>(void (*&)(int, int), int&, int&) vector.h:1130 (occt_1157_stress_after:arm64+0x100006118)
    #3 runOne(char const*, int, int) occt_1157_stress.cpp:343 (occt_1157_stress_after:arm64+0x1000039d8)
    #4 main occt_1157_stress.cpp:380 (occt_1157_stress_after:arm64+0x100002e08)

SUMMARY: ThreadSanitizer: data race ShapeProcess.cxx:84 in ShapeProcess::FindOperator(char const*, opencascade::handle<ShapeProcess_Operator>&)
==================
WARNING: ThreadSanitizer: data race (pid=71706)
  Read of size 8 at 0x00010fb0b370 by thread T3:
    #0 ShapeProcess_UOperator::Perform(opencascade::handle<ShapeProcess_Context> const&, Message_ProgressRange const&) ShapeProcess_UOperator.cxx:33 (occt_1157_stress_after:arm64+0x1011c960c)
    #1 ShapeProcess::Perform(opencascade::handle<ShapeProcess_Context> const&, std::__1::bitset<18ul> const&, Message_ProgressRange const&) ShapeProcess.cxx:218 (occt_1157_stress_after:arm64+0x1011b68c0)
    #2 XSAlgo_ShapeProcessor::ProcessShape(TopoDS_Shape const&, std::__1::bitset<18ul> const&, Message_ProgressRange const&) XSAlgo_ShapeProcessor.cxx:73 (occt_1157_stress_after:arm64+0x1013fbd70)
    #3 IGESControl_Writer::AddShape(TopoDS_Shape const&, Message_ProgressRange const&) IGESControl_Writer.cxx:109 (occt_1157_stress_after:arm64+0x100390c00)
    #4 runIgesWriteIndependent(int, int) occt_1157_stress.cpp:161 (occt_1157_stress_after:arm64+0x100001b88)
    #5 void* std::__1::__thread_proxy[abi:nqe210106]<std::__1::tuple<std::__1::unique_ptr<std::__1::__thread_struct, std::__1::default_delete<std::__1::__thread_struct>>, void (*)(int, int), int, int>>(void*) thread.h:168 (occt_1157_stress_after:arm64+0x100006494)

  Previous write of size 8 at 0x00010fb0b370 by thread T1:
    #0 ShapeProcess_UOperator::ShapeProcess_UOperator(bool (*)(opencascade::handle<ShapeProcess_Context> const&, Message_ProgressRange const&)) ShapeProcess_UOperator.cxx:25 (occt_1157_stress_after:arm64+0x1011c95c4)
    #1 ShapeProcess_OperLibrary::Init() ShapeProcess_OperLibrary.cxx:993 (occt_1157_stress_after:arm64+0x1011baf00)
    #2 XSAlgo::Init() XSAlgo.cxx:65 (occt_1157_stress_after:arm64+0x1013f7af8)
    #3 IGESControl_Controller::Init() IGESControl_Controller.cxx:366 (occt_1157_stress_after:arm64+0x1003853fc)
    #4 IGESControl_Writer::IGESControl_Writer(char const*, int) IGESControl_Writer.cxx:73 (occt_1157_stress_after:arm64+0x100390398)
    #5 IGESControl_Writer::IGESControl_Writer(char const*, int) IGESControl_Writer.cxx:72 (occt_1157_stress_after:arm64+0x100390560)
    #6 runIgesWriteIndependent(int, int) occt_1157_stress.cpp:160 (occt_1157_stress_after:arm64+0x100001b64)
    #7 void* std::__1::__thread_proxy[abi:nqe210106]<std::__1::tuple<std::__1::unique_ptr<std::__1::__thread_struct, std::__1::default_delete<std::__1::__thread_struct>>, void (*)(int, int), int, int>>(void*) thread.h:168 (occt_1157_stress_after:arm64+0x100006494)

  Location is heap block of size 24 at 0x00010fb0b360 allocated by thread T1:
    #0 calloc <null> (libclang_rt.tsan_osx_dynamic.dylib:arm64e+0x67c40)
    #1 Standard::Allocate(unsigned long) Standard.cxx:386 (occt_1157_stress_after:arm64+0x1008c3310)
    #2 ShapeProcess_OperLibrary::Init() ShapeProcess_OperLibrary.cxx:993 (occt_1157_stress_after:arm64+0x1011baef0)
    #3 XSAlgo::Init() XSAlgo.cxx:65 (occt_1157_stress_after:arm64+0x1013f7af8)
    #4 IGESControl_Controller::Init() IGESControl_Controller.cxx:366 (occt_1157_stress_after:arm64+0x1003853fc)
    #5 IGESControl_Writer::IGESControl_Writer(char const*, int) IGESControl_Writer.cxx:73 (occt_1157_stress_after:arm64+0x100390398)
    #6 IGESControl_Writer::IGESControl_Writer(char const*, int) IGESControl_Writer.cxx:72 (occt_1157_stress_after:arm64+0x100390560)
    #7 runIgesWriteIndependent(int, int) occt_1157_stress.cpp:160 (occt_1157_stress_after:arm64+0x100001b64)
    #8 void* std::__1::__thread_proxy[abi:nqe210106]<std::__1::tuple<std::__1::unique_ptr<std::__1::__thread_struct, std::__1::default_delete<std::__1::__thread_struct>>, void (*)(int, int), int, int>>(void*) thread.h:168 (occt_1157_stress_after:arm64+0x100006494)

  Thread T3 (tid=361108, running) created by main thread at:
    #0 pthread_create <null> (libclang_rt.tsan_osx_dynamic.dylib:arm64e+0x33834)
    #1 std::__1::thread::thread[abi:nqe210106]<void (*&)(int, int), int&, int&, 0>(void (*&)(int, int), int&, int&) thread.h:216 (occt_1157_stress_after:arm64+0x10000635c)
    #2 std::__1::thread* std::__1::vector<std::__1::thread, std::__1::allocator<std::__1::thread>>::__emplace_back_slow_path<void (*&)(int, int), int&, int&>(void (*&)(int, int), int&, int&) vector.h:1130 (occt_1157_stress_after:arm64+0x100006118)
    #3 runOne(char const*, int, int) occt_1157_stress.cpp:343 (occt_1157_stress_after:arm64+0x1000039d8)
    #4 main occt_1157_stress.cpp:380 (occt_1157_stress_after:arm64+0x100002e08)

  Thread T1 (tid=361106, running) created by main thread at:
    #0 pthread_create <null> (libclang_rt.tsan_osx_dynamic.dylib:arm64e+0x33834)
    #1 std::__1::thread::thread[abi:nqe210106]<void (*&)(int, int), int&, int&, 0>(void (*&)(int, int), int&, int&) thread.h:216 (occt_1157_stress_after:arm64+0x10000635c)
    #2 std::__1::thread* std::__1::vector<std::__1::thread, std::__1::allocator<std::__1::thread>>::__emplace_back_slow_path<void (*&)(int, int), int&, int&>(void (*&)(int, int), int&, int&) vector.h:1130 (occt_1157_stress_after:arm64+0x100006118)
    #3 runOne(char const*, int, int) occt_1157_stress.cpp:343 (occt_1157_stress_after:arm64+0x1000039d8)
    #4 main occt_1157_stress.cpp:380 (occt_1157_stress_after:arm64+0x100002e08)

SUMMARY: ThreadSanitizer: data race ShapeProcess_UOperator.cxx:33 in ShapeProcess_UOperator::Perform(opencascade::handle<ShapeProcess_Context> const&, Message_ProgressRange const&)
==================
WARNING: ThreadSanitizer: data race (pid=71706)
  Read of size 8 at 0x00010fb0b348 by thread T7:
    #0 ShapeProcess::FindOperator(char const*, opencascade::handle<ShapeProcess_Operator>&) ShapeProcess.cxx:84 (occt_1157_stress_after:arm64+0x1011b5214)
    #1 ShapeProcess::getOperators(std::__1::bitset<18ul> const&) ShapeProcess.cxx:270 (occt_1157_stress_after:arm64+0x1011b6ce0)
    #2 ShapeProcess::Perform(opencascade::handle<ShapeProcess_Context> const&, std::__1::bitset<18ul> const&, Message_ProgressRange const&) ShapeProcess.cxx:199 (occt_1157_stress_after:arm64+0x1011b6578)
    #3 XSAlgo_ShapeProcessor::ProcessShape(TopoDS_Shape const&, std::__1::bitset<18ul> const&, Message_ProgressRange const&) XSAlgo_ShapeProcessor.cxx:73 (occt_1157_stress_after:arm64+0x1013fbd70)
    #4 IGESControl_Writer::AddShape(TopoDS_Shape const&, Message_ProgressRange const&) IGESControl_Writer.cxx:109 (occt_1157_stress_after:arm64+0x100390c00)
    #5 runIgesWriteIndependent(int, int) occt_1157_stress.cpp:161 (occt_1157_stress_after:arm64+0x100001b88)
    #6 void* std::__1::__thread_proxy[abi:nqe210106]<std::__1::tuple<std::__1::unique_ptr<std::__1::__thread_struct, std::__1::default_delete<std::__1::__thread_struct>>, void (*)(int, int), int, int>>(void*) thread.h:168 (occt_1157_stress_after:arm64+0x100006494)

  Previous write of size 8 at 0x00010fb0b348 by thread T1:
    #0 std::__1::conditional<false, opencascade::handle<ShapeProcess_Operator>&, bool>::type NCollection_DataMap<TCollection_AsciiString, opencascade::handle<ShapeProcess_Operator>, NCollection_DefaultHasher<TCollection_AsciiString>>::emplaceImpl<TCollection_AsciiString, false, false, opencascade::handle<ShapeProcess_Operator> const&>(TCollection_AsciiString&&, std::__1::integral_constant<bool, false>, std::__1::integral_constant<bool, false>, opencascade::handle<ShapeProcess_Operator> const&) NCollection_DataMap.hxx:810 (occt_1157_stress_after:arm64+0x1011b7664)
    #1 ShapeProcess::RegisterOperator(char const*, opencascade::handle<ShapeProcess_Operator> const&) ShapeProcess.cxx:69 (occt_1157_stress_after:arm64+0x1011b4e8c)
    #2 ShapeProcess_OperLibrary::Init() ShapeProcess_OperLibrary.cxx:993 (occt_1157_stress_after:arm64+0x1011baf30)
    #3 XSAlgo::Init() XSAlgo.cxx:65 (occt_1157_stress_after:arm64+0x1013f7af8)
    #4 IGESControl_Controller::Init() IGESControl_Controller.cxx:366 (occt_1157_stress_after:arm64+0x1003853fc)
    #5 IGESControl_Writer::IGESControl_Writer(char const*, int) IGESControl_Writer.cxx:73 (occt_1157_stress_after:arm64+0x100390398)
    #6 IGESControl_Writer::IGESControl_Writer(char const*, int) IGESControl_Writer.cxx:72 (occt_1157_stress_after:arm64+0x100390560)
    #7 runIgesWriteIndependent(int, int) occt_1157_stress.cpp:160 (occt_1157_stress_after:arm64+0x100001b64)
    #8 void* std::__1::__thread_proxy[abi:nqe210106]<std::__1::tuple<std::__1::unique_ptr<std::__1::__thread_struct, std::__1::default_delete<std::__1::__thread_struct>>, void (*)(int, int), int, int>>(void*) thread.h:168 (occt_1157_stress_after:arm64+0x100006494)

  Location is heap block of size 32 at 0x00010fb0b340 allocated by thread T1:
    #0 calloc <null> (libclang_rt.tsan_osx_dynamic.dylib:arm64e+0x67c40)
    #1 Standard::Allocate(unsigned long) Standard.cxx:386 (occt_1157_stress_after:arm64+0x1008c3310)
    #2 NCollection_BaseAllocator::Allocate(unsigned long) NCollection_BaseAllocator.cxx:22 (occt_1157_stress_after:arm64+0x1008e2f18)
    #3 std::__1::conditional<false, opencascade::handle<ShapeProcess_Operator>&, bool>::type NCollection_DataMap<TCollection_AsciiString, opencascade::handle<ShapeProcess_Operator>, NCollection_DefaultHasher<TCollection_AsciiString>>::emplaceImpl<TCollection_AsciiString, false, false, opencascade::handle<ShapeProcess_Operator> const&>(TCollection_AsciiString&&, std::__1::integral_constant<bool, false>, std::__1::integral_constant<bool, false>, opencascade::handle<ShapeProcess_Operator> const&) NCollection_DataMap.hxx:810 (occt_1157_stress_after:arm64+0x1011b7624)
    #4 ShapeProcess::RegisterOperator(char const*, opencascade::handle<ShapeProcess_Operator> const&) ShapeProcess.cxx:69 (occt_1157_stress_after:arm64+0x1011b4e8c)
    #5 ShapeProcess_OperLibrary::Init() ShapeProcess_OperLibrary.cxx:993 (occt_1157_stress_after:arm64+0x1011baf30)
    #6 XSAlgo::Init() XSAlgo.cxx:65 (occt_1157_stress_after:arm64+0x1013f7af8)
    #7 IGESControl_Controller::Init() IGESControl_Controller.cxx:366 (occt_1157_stress_after:arm64+0x1003853fc)
    #8 IGESControl_Writer::IGESControl_Writer(char const*, int) IGESControl_Writer.cxx:73 (occt_1157_stress_after:arm64+0x100390398)
    #9 IGESControl_Writer::IGESControl_Writer(char const*, int) IGESControl_Writer.cxx:72 (occt_1157_stress_after:arm64+0x100390560)
    #10 runIgesWriteIndependent(int, int) occt_1157_stress.cpp:160 (occt_1157_stress_after:arm64+0x100001b64)
    #11 void* std::__1::__thread_proxy[abi:nqe210106]<std::__1::tuple<std::__1::unique_ptr<std::__1::__thread_struct, std::__1::default_delete<std::__1::__thread_struct>>, void (*)(int, int), int, int>>(void*) thread.h:168 (occt_1157_stress_after:arm64+0x100006494)

  Thread T7 (tid=361113, running) created by main thread at:
    #0 pthread_create <null> (libclang_rt.tsan_osx_dynamic.dylib:arm64e+0x33834)
    #1 std::__1::thread::thread[abi:nqe210106]<void (*&)(int, int), int&, int&, 0>(void (*&)(int, int), int&, int&) thread.h:216 (occt_1157_stress_after:arm64+0x10000635c)
    #2 runOne(char const*, int, int) occt_1157_stress.cpp:343 (occt_1157_stress_after:arm64+0x1000039b0)
    #3 main occt_1157_stress.cpp:380 (occt_1157_stress_after:arm64+0x100002e08)

  Thread T1 (tid=361106, running) created by main thread at:
    #0 pthread_create <null> (libclang_rt.tsan_osx_dynamic.dylib:arm64e+0x33834)
    #1 std::__1::thread::thread[abi:nqe210106]<void (*&)(int, int), int&, int&, 0>(void (*&)(int, int), int&, int&) thread.h:216 (occt_1157_stress_after:arm64+0x10000635c)
    #2 std::__1::thread* std::__1::vector<std::__1::thread, std::__1::allocator<std::__1::thread>>::__emplace_back_slow_path<void (*&)(int, int), int&, int&>(void (*&)(int, int), int&, int&) vector.h:1130 (occt_1157_stress_after:arm64+0x100006118)
    #3 runOne(char const*, int, int) occt_1157_stress.cpp:343 (occt_1157_stress_after:arm64+0x1000039d8)
    #4 main occt_1157_stress.cpp:380 (occt_1157_stress_after:arm64+0x100002e08)

SUMMARY: ThreadSanitizer: data race ShapeProcess.cxx:84 in ShapeProcess::FindOperator(char const*, opencascade::handle<ShapeProcess_Operator>&)
==================
WARNING: ThreadSanitizer: data race (pid=71706)
  Read of size 8 at 0x00010fb0b350 by thread T5:
    #0 TCollection_AsciiString::IsEqual(char const*, int) const TCollection_AsciiString.cxx:779 (occt_1157_stress_after:arm64+0x1008d52c0)
    #1 ShapeProcess::FindOperator(char const*, opencascade::handle<ShapeProcess_Operator>&) ShapeProcess.cxx:77 (occt_1157_stress_after:arm64+0x1011b5048)
    #2 ShapeProcess::getOperators(std::__1::bitset<18ul> const&) ShapeProcess.cxx:270 (occt_1157_stress_after:arm64+0x1011b6ce0)
    #3 ShapeProcess::Perform(opencascade::handle<ShapeProcess_Context> const&, std::__1::bitset<18ul> const&, Message_ProgressRange const&) ShapeProcess.cxx:199 (occt_1157_stress_after:arm64+0x1011b6578)
    #4 XSAlgo_ShapeProcessor::ProcessShape(TopoDS_Shape const&, std::__1::bitset<18ul> const&, Message_ProgressRange const&) XSAlgo_ShapeProcessor.cxx:73 (occt_1157_stress_after:arm64+0x1013fbd70)
    #5 IGESControl_Writer::AddShape(TopoDS_Shape const&, Message_ProgressRange const&) IGESControl_Writer.cxx:109 (occt_1157_stress_after:arm64+0x100390c00)
    #6 runIgesWriteIndependent(int, int) occt_1157_stress.cpp:161 (occt_1157_stress_after:arm64+0x100001b88)
    #7 void* std::__1::__thread_proxy[abi:nqe210106]<std::__1::tuple<std::__1::unique_ptr<std::__1::__thread_struct, std::__1::default_delete<std::__1::__thread_struct>>, void (*)(int, int), int, int>>(void*) thread.h:168 (occt_1157_stress_after:arm64+0x100006494)

  Previous write of size 8 at 0x00010fb0b350 by thread T1:
    #0 TCollection_AsciiString::TCollection_AsciiString(TCollection_AsciiString&&) TCollection_AsciiString.cxx:175 (occt_1157_stress_after:arm64+0x1008d1e5c)
    #1 std::__1::conditional<false, opencascade::handle<ShapeProcess_Operator>&, bool>::type NCollection_DataMap<TCollection_AsciiString, opencascade::handle<ShapeProcess_Operator>, NCollection_DefaultHasher<TCollection_AsciiString>>::emplaceImpl<TCollection_AsciiString, false, false, opencascade::handle<ShapeProcess_Operator> const&>(TCollection_AsciiString&&, std::__1::integral_constant<bool, false>, std::__1::integral_constant<bool, false>, opencascade::handle<ShapeProcess_Operator> const&) NCollection_DataMap.hxx:810 (occt_1157_stress_after:arm64+0x1011b7688)
    #2 ShapeProcess::RegisterOperator(char const*, opencascade::handle<ShapeProcess_Operator> const&) ShapeProcess.cxx:69 (occt_1157_stress_after:arm64+0x1011b4e8c)
    #3 ShapeProcess_OperLibrary::Init() ShapeProcess_OperLibrary.cxx:993 (occt_1157_stress_after:arm64+0x1011baf30)
    #4 XSAlgo::Init() XSAlgo.cxx:65 (occt_1157_stress_after:arm64+0x1013f7af8)
    #5 IGESControl_Controller::Init() IGESControl_Controller.cxx:366 (occt_1157_stress_after:arm64+0x1003853fc)
    #6 IGESControl_Writer::IGESControl_Writer(char const*, int) IGESControl_Writer.cxx:73 (occt_1157_stress_after:arm64+0x100390398)
    #7 IGESControl_Writer::IGESControl_Writer(char const*, int) IGESControl_Writer.cxx:72 (occt_1157_stress_after:arm64+0x100390560)
    #8 runIgesWriteIndependent(int, int) occt_1157_stress.cpp:160 (occt_1157_stress_after:arm64+0x100001b64)
    #9 void* std::__1::__thread_proxy[abi:nqe210106]<std::__1::tuple<std::__1::unique_ptr<std::__1::__thread_struct, std::__1::default_delete<std::__1::__thread_struct>>, void (*)(int, int), int, int>>(void*) thread.h:168 (occt_1157_stress_after:arm64+0x100006494)

  Location is heap block of size 32 at 0x00010fb0b340 allocated by thread T1:
    #0 calloc <null> (libclang_rt.tsan_osx_dynamic.dylib:arm64e+0x67c40)
    #1 Standard::Allocate(unsigned long) Standard.cxx:386 (occt_1157_stress_after:arm64+0x1008c3310)
    #2 NCollection_BaseAllocator::Allocate(unsigned long) NCollection_BaseAllocator.cxx:22 (occt_1157_stress_after:arm64+0x1008e2f18)
    #3 std::__1::conditional<false, opencascade::handle<ShapeProcess_Operator>&, bool>::type NCollection_DataMap<TCollection_AsciiString, opencascade::handle<ShapeProcess_Operator>, NCollection_DefaultHasher<TCollection_AsciiString>>::emplaceImpl<TCollection_AsciiString, false, false, opencascade::handle<ShapeProcess_Operator> const&>(TCollection_AsciiString&&, std::__1::integral_constant<bool, false>, std::__1::integral_constant<bool, false>, opencascade::handle<ShapeProcess_Operator> const&) NCollection_DataMap.hxx:810 (occt_1157_stress_after:arm64+0x1011b7624)
    #4 ShapeProcess::RegisterOperator(char const*, opencascade::handle<ShapeProcess_Operator> const&) ShapeProcess.cxx:69 (occt_1157_stress_after:arm64+0x1011b4e8c)
    #5 ShapeProcess_OperLibrary::Init() ShapeProcess_OperLibrary.cxx:993 (occt_1157_stress_after:arm64+0x1011baf30)
    #6 XSAlgo::Init() XSAlgo.cxx:65 (occt_1157_stress_after:arm64+0x1013f7af8)
    #7 IGESControl_Controller::Init() IGESControl_Controller.cxx:366 (occt_1157_stress_after:arm64+0x1003853fc)
    #8 IGESControl_Writer::IGESControl_Writer(char const*, int) IGESControl_Writer.cxx:73 (occt_1157_stress_after:arm64+0x100390398)
    #9 IGESControl_Writer::IGESControl_Writer(char const*, int) IGESControl_Writer.cxx:72 (occt_1157_stress_after:arm64+0x100390560)
    #10 runIgesWriteIndependent(int, int) occt_1157_stress.cpp:160 (occt_1157_stress_after:arm64+0x100001b64)
    #11 void* std::__1::__thread_proxy[abi:nqe210106]<std::__1::tuple<std::__1::unique_ptr<std::__1::__thread_struct, std::__1::default_delete<std::__1::__thread_struct>>, void (*)(int, int), int, int>>(void*) thread.h:168 (occt_1157_stress_after:arm64+0x100006494)

  Thread T5 (tid=361110, running) created by main thread at:
    #0 pthread_create <null> (libclang_rt.tsan_osx_dynamic.dylib:arm64e+0x33834)
    #1 std::__1::thread::thread[abi:nqe210106]<void (*&)(int, int), int&, int&, 0>(void (*&)(int, int), int&, int&) thread.h:216 (occt_1157_stress_after:arm64+0x10000635c)
    #2 std::__1::thread* std::__1::vector<std::__1::thread, std::__1::allocator<std::__1::thread>>::__emplace_back_slow_path<void (*&)(int, int), int&, int&>(void (*&)(int, int), int&, int&) vector.h:1130 (occt_1157_stress_after:arm64+0x100006118)
    #3 runOne(char const*, int, int) occt_1157_stress.cpp:343 (occt_1157_stress_after:arm64+0x1000039d8)
    #4 main occt_1157_stress.cpp:380 (occt_1157_stress_after:arm64+0x100002e08)

  Thread T1 (tid=361106, running) created by main thread at:
    #0 pthread_create <null> (libclang_rt.tsan_osx_dynamic.dylib:arm64e+0x33834)
    #1 std::__1::thread::thread[abi:nqe210106]<void (*&)(int, int), int&, int&, 0>(void (*&)(int, int), int&, int&) thread.h:216 (occt_1157_stress_after:arm64+0x10000635c)
    #2 std::__1::thread* std::__1::vector<std::__1::thread, std::__1::allocator<std::__1::thread>>::__emplace_back_slow_path<void (*&)(int, int), int&, int&>(void (*&)(int, int), int&, int&) vector.h:1130 (occt_1157_stress_after:arm64+0x100006118)
    #3 runOne(char const*, int, int) occt_1157_stress.cpp:343 (occt_1157_stress_after:arm64+0x1000039d8)
    #4 main occt_1157_stress.cpp:380 (occt_1157_stress_after:arm64+0x100002e08)

SUMMARY: ThreadSanitizer: data race TCollection_AsciiString.cxx:779 in TCollection_AsciiString::IsEqual(char const*, int) const
==================
WARNING: ThreadSanitizer: data race (pid=71706)
  Read of size 4 at 0x00010fb0b358 by thread T6:
    #0 TCollection_AsciiString::IsEqual(char const*, int) const TCollection_AsciiString.cxx:769 (occt_1157_stress_after:arm64+0x1008d52a8)
    #1 ShapeProcess::FindOperator(char const*, opencascade::handle<ShapeProcess_Operator>&) ShapeProcess.cxx:77 (occt_1157_stress_after:arm64+0x1011b5048)
    #2 ShapeProcess::getOperators(std::__1::bitset<18ul> const&) ShapeProcess.cxx:270 (occt_1157_stress_after:arm64+0x1011b6ce0)
    #3 ShapeProcess::Perform(opencascade::handle<ShapeProcess_Context> const&, std::__1::bitset<18ul> const&, Message_ProgressRange const&) ShapeProcess.cxx:199 (occt_1157_stress_after:arm64+0x1011b6578)
    #4 XSAlgo_ShapeProcessor::ProcessShape(TopoDS_Shape const&, std::__1::bitset<18ul> const&, Message_ProgressRange const&) XSAlgo_ShapeProcessor.cxx:73 (occt_1157_stress_after:arm64+0x1013fbd70)
    #5 IGESControl_Writer::AddShape(TopoDS_Shape const&, Message_ProgressRange const&) IGESControl_Writer.cxx:109 (occt_1157_stress_after:arm64+0x100390c00)
    #6 runIgesWriteIndependent(int, int) occt_1157_stress.cpp:161 (occt_1157_stress_after:arm64+0x100001b88)
    #7 void* std::__1::__thread_proxy[abi:nqe210106]<std::__1::tuple<std::__1::unique_ptr<std::__1::__thread_struct, std::__1::default_delete<std::__1::__thread_struct>>, void (*)(int, int), int, int>>(void*) thread.h:168 (occt_1157_stress_after:arm64+0x100006494)

  Previous write of size 4 at 0x00010fb0b358 by thread T1:
    #0 TCollection_AsciiString::TCollection_AsciiString(TCollection_AsciiString&&) TCollection_AsciiString.cxx:175 (occt_1157_stress_after:arm64+0x1008d1e68)
    #1 std::__1::conditional<false, opencascade::handle<ShapeProcess_Operator>&, bool>::type NCollection_DataMap<TCollection_AsciiString, opencascade::handle<ShapeProcess_Operator>, NCollection_DefaultHasher<TCollection_AsciiString>>::emplaceImpl<TCollection_AsciiString, false, false, opencascade::handle<ShapeProcess_Operator> const&>(TCollection_AsciiString&&, std::__1::integral_constant<bool, false>, std::__1::integral_constant<bool, false>, opencascade::handle<ShapeProcess_Operator> const&) NCollection_DataMap.hxx:810 (occt_1157_stress_after:arm64+0x1011b7688)
    #2 ShapeProcess::RegisterOperator(char const*, opencascade::handle<ShapeProcess_Operator> const&) ShapeProcess.cxx:69 (occt_1157_stress_after:arm64+0x1011b4e8c)
    #3 ShapeProcess_OperLibrary::Init() ShapeProcess_OperLibrary.cxx:993 (occt_1157_stress_after:arm64+0x1011baf30)
    #4 XSAlgo::Init() XSAlgo.cxx:65 (occt_1157_stress_after:arm64+0x1013f7af8)
    #5 IGESControl_Controller::Init() IGESControl_Controller.cxx:366 (occt_1157_stress_after:arm64+0x1003853fc)
    #6 IGESControl_Writer::IGESControl_Writer(char const*, int) IGESControl_Writer.cxx:73 (occt_1157_stress_after:arm64+0x100390398)
    #7 IGESControl_Writer::IGESControl_Writer(char const*, int) IGESControl_Writer.cxx:72 (occt_1157_stress_after:arm64+0x100390560)
    #8 runIgesWriteIndependent(int, int) occt_1157_stress.cpp:160 (occt_1157_stress_after:arm64+0x100001b64)
    #9 void* std::__1::__thread_proxy[abi:nqe210106]<std::__1::tuple<std::__1::unique_ptr<std::__1::__thread_struct, std::__1::default_delete<std::__1::__thread_struct>>, void (*)(int, int), int, int>>(void*) thread.h:168 (occt_1157_stress_after:arm64+0x100006494)

  Location is heap block of size 32 at 0x00010fb0b340 allocated by thread T1:
    #0 calloc <null> (libclang_rt.tsan_osx_dynamic.dylib:arm64e+0x67c40)
    #1 Standard::Allocate(unsigned long) Standard.cxx:386 (occt_1157_stress_after:arm64+0x1008c3310)
    #2 NCollection_BaseAllocator::Allocate(unsigned long) NCollection_BaseAllocator.cxx:22 (occt_1157_stress_after:arm64+0x1008e2f18)
    #3 std::__1::conditional<false, opencascade::handle<ShapeProcess_Operator>&, bool>::type NCollection_DataMap<TCollection_AsciiString, opencascade::handle<ShapeProcess_Operator>, NCollection_DefaultHasher<TCollection_AsciiString>>::emplaceImpl<TCollection_AsciiString, false, false, opencascade::handle<ShapeProcess_Operator> const&>(TCollection_AsciiString&&, std::__1::integral_constant<bool, false>, std::__1::integral_constant<bool, false>, opencascade::handle<ShapeProcess_Operator> const&) NCollection_DataMap.hxx:810 (occt_1157_stress_after:arm64+0x1011b7624)
    #4 ShapeProcess::RegisterOperator(char const*, opencascade::handle<ShapeProcess_Operator> const&) ShapeProcess.cxx:69 (occt_1157_stress_after:arm64+0x1011b4e8c)
    #5 ShapeProcess_OperLibrary::Init() ShapeProcess_OperLibrary.cxx:993 (occt_1157_stress_after:arm64+0x1011baf30)
    #6 XSAlgo::Init() XSAlgo.cxx:65 (occt_1157_stress_after:arm64+0x1013f7af8)
    #7 IGESControl_Controller::Init() IGESControl_Controller.cxx:366 (occt_1157_stress_after:arm64+0x1003853fc)
    #8 IGESControl_Writer::IGESControl_Writer(char const*, int) IGESControl_Writer.cxx:73 (occt_1157_stress_after:arm64+0x100390398)
    #9 IGESControl_Writer::IGESControl_Writer(char const*, int) IGESControl_Writer.cxx:72 (occt_1157_stress_after:arm64+0x100390560)
    #10 runIgesWriteIndependent(int, int) occt_1157_stress.cpp:160 (occt_1157_stress_after:arm64+0x100001b64)
    #11 void* std::__1::__thread_proxy[abi:nqe210106]<std::__1::tuple<std::__1::unique_ptr<std::__1::__thread_struct, std::__1::default_delete<std::__1::__thread_struct>>, void (*)(int, int), int, int>>(void*) thread.h:168 (occt_1157_stress_after:arm64+0x100006494)

  Thread T6 (tid=361111, running) created by main thread at:
    #0 pthread_create <null> (libclang_rt.tsan_osx_dynamic.dylib:arm64e+0x33834)
    #1 std::__1::thread::thread[abi:nqe210106]<void (*&)(int, int), int&, int&, 0>(void (*&)(int, int), int&, int&) thread.h:216 (occt_1157_stress_after:arm64+0x10000635c)
    #2 runOne(char const*, int, int) occt_1157_stress.cpp:343 (occt_1157_stress_after:arm64+0x1000039b0)
    #3 main occt_1157_stress.cpp:380 (occt_1157_stress_after:arm64+0x100002e08)

  Thread T1 (tid=361106, running) created by main thread at:
    #0 pthread_create <null> (libclang_rt.tsan_osx_dynamic.dylib:arm64e+0x33834)
    #1 std::__1::thread::thread[abi:nqe210106]<void (*&)(int, int), int&, int&, 0>(void (*&)(int, int), int&, int&) thread.h:216 (occt_1157_stress_after:arm64+0x10000635c)
    #2 std::__1::thread* std::__1::vector<std::__1::thread, std::__1::allocator<std::__1::thread>>::__emplace_back_slow_path<void (*&)(int, int), int&, int&>(void (*&)(int, int), int&, int&) vector.h:1130 (occt_1157_stress_after:arm64+0x100006118)
    #3 runOne(char const*, int, int) occt_1157_stress.cpp:343 (occt_1157_stress_after:arm64+0x1000039d8)
    #4 main occt_1157_stress.cpp:380 (occt_1157_stress_after:arm64+0x100002e08)

SUMMARY: ThreadSanitizer: data race TCollection_AsciiString.cxx:769 in TCollection_AsciiString::IsEqual(char const*, int) const
==================
ThreadSanitizer: reported 72 warnings
