WARNING: ThreadSanitizer: data race (pid=70935)
  Write of size 1 at 0x0001066637d8 by thread T3:
    #0 Interface_Static::Standards() Interface_StaticStandards.cxx:29 (occt_1157_stress_after:arm64+0x10134190c)
    #1 XSControl_Controller::XSControl_Controller(char const*, char const*) XSControl_Controller.cxx:69 (occt_1157_stress_after:arm64+0x1013d5fa8)
    #2 STEPControl_Controller::STEPControl_Controller() STEPControl_Controller.cxx:59 (occt_1157_stress_after:arm64+0x10054432c)
    #3 STEPControl_Controller::Init() STEPControl_Controller.cxx:494 (occt_1157_stress_after:arm64+0x100548128)
    #4 STEPControl_Writer::STEPControl_Writer() STEPControl_Writer.cxx:38 (occt_1157_stress_after:arm64+0x100551e0c)
    #5 STEPControl_Writer::STEPControl_Writer() STEPControl_Writer.cxx:37 (occt_1157_stress_after:arm64+0x100552088)
    #6 runStepWriteIndependent(int, int) occt_1157_stress.cpp:85 (occt_1157_stress_after:arm64+0x100000ad8)
    #7 void* std::__1::__thread_proxy[abi:nqe210106]<std::__1::tuple<std::__1::unique_ptr<std::__1::__thread_struct, std::__1::default_delete<std::__1::__thread_struct>>, void (*)(int, int), int, int>>(void*) thread.h:168 (occt_1157_stress_after:arm64+0x100006494)

  Previous read of size 1 at 0x0001066637d8 by thread T5:
    #0 Interface_Static::Standards() Interface_StaticStandards.cxx:24 (occt_1157_stress_after:arm64+0x1013418fc)
    #1 XSControl_Controller::XSControl_Controller(char const*, char const*) XSControl_Controller.cxx:69 (occt_1157_stress_after:arm64+0x1013d5fa8)
    #2 STEPControl_Controller::STEPControl_Controller() STEPControl_Controller.cxx:59 (occt_1157_stress_after:arm64+0x10054432c)
    #3 STEPControl_Controller::Init() STEPControl_Controller.cxx:494 (occt_1157_stress_after:arm64+0x100548128)
    #4 STEPControl_Writer::STEPControl_Writer() STEPControl_Writer.cxx:38 (occt_1157_stress_after:arm64+0x100551e0c)
    #5 STEPControl_Writer::STEPControl_Writer() STEPControl_Writer.cxx:37 (occt_1157_stress_after:arm64+0x100552088)
    #6 runStepWriteIndependent(int, int) occt_1157_stress.cpp:85 (occt_1157_stress_after:arm64+0x100000ad8)
    #7 void* std::__1::__thread_proxy[abi:nqe210106]<std::__1::tuple<std::__1::unique_ptr<std::__1::__thread_struct, std::__1::default_delete<std::__1::__thread_struct>>, void (*)(int, int), int, int>>(void*) thread.h:168 (occt_1157_stress_after:arm64+0x100006494)

  Location is global 'THE_Interface_Static_deja' at 0x0001066637d8 (occt_1157_stress_after+0x101cb37d8)

  Thread T3 (tid=353963, running) created by main thread at:
    #0 pthread_create <null> (libclang_rt.tsan_osx_dynamic.dylib:arm64e+0x33834)
    #1 std::__1::thread::thread[abi:nqe210106]<void (*&)(int, int), int&, int&, 0>(void (*&)(int, int), int&, int&) thread.h:216 (occt_1157_stress_after:arm64+0x10000635c)
    #2 std::__1::thread* std::__1::vector<std::__1::thread, std::__1::allocator<std::__1::thread>>::__emplace_back_slow_path<void (*&)(int, int), int&, int&>(void (*&)(int, int), int&, int&) vector.h:1130 (occt_1157_stress_after:arm64+0x100006118)
    #3 runOne(char const*, int, int) occt_1157_stress.cpp:343 (occt_1157_stress_after:arm64+0x1000039d8)
    #4 main occt_1157_stress.cpp:380 (occt_1157_stress_after:arm64+0x100002e08)

  Thread T5 (tid=353965, running) created by main thread at:
    #0 pthread_create <null> (libclang_rt.tsan_osx_dynamic.dylib:arm64e+0x33834)
    #1 std::__1::thread::thread[abi:nqe210106]<void (*&)(int, int), int&, int&, 0>(void (*&)(int, int), int&, int&) thread.h:216 (occt_1157_stress_after:arm64+0x10000635c)
    #2 std::__1::thread* std::__1::vector<std::__1::thread, std::__1::allocator<std::__1::thread>>::__emplace_back_slow_path<void (*&)(int, int), int&, int&>(void (*&)(int, int), int&, int&) vector.h:1130 (occt_1157_stress_after:arm64+0x100006118)
    #3 runOne(char const*, int, int) occt_1157_stress.cpp:343 (occt_1157_stress_after:arm64+0x1000039d8)
    #4 main occt_1157_stress.cpp:380 (occt_1157_stress_after:arm64+0x100002e08)

SUMMARY: ThreadSanitizer: data race Interface_StaticStandards.cxx:29 in Interface_Static::Standards()
==================
WARNING: ThreadSanitizer: data race (pid=70935)
  Read of size 8 at 0x000106663d88 by thread T1:
    #0 XSControl_Controller::Record(char const*) const XSControl_Controller.cxx:109 (occt_1157_stress_after:arm64+0x1013d64b8)
    #1 STEPControl_Controller::Init() STEPControl_Controller.cxx:495 (occt_1157_stress_after:arm64+0x10054815c)
    #2 STEPControl_Writer::STEPControl_Writer() STEPControl_Writer.cxx:38 (occt_1157_stress_after:arm64+0x100551e0c)
    #3 STEPControl_Writer::STEPControl_Writer() STEPControl_Writer.cxx:37 (occt_1157_stress_after:arm64+0x100552088)
    #4 runStepWriteIndependent(int, int) occt_1157_stress.cpp:85 (occt_1157_stress_after:arm64+0x100000ad8)
    #5 void* std::__1::__thread_proxy[abi:nqe210106]<std::__1::tuple<std::__1::unique_ptr<std::__1::__thread_struct, std::__1::default_delete<std::__1::__thread_struct>>, void (*)(int, int), int, int>>(void*) thread.h:168 (occt_1157_stress_after:arm64+0x100006494)

  Previous write of size 8 at 0x000106663d88 by thread T4:
    #0 std::__1::conditional<false, opencascade::handle<Standard_Transient>&, bool>::type NCollection_DataMap<TCollection_AsciiString, opencascade::handle<Standard_Transient>, NCollection_DefaultHasher<TCollection_AsciiString>>::emplaceImpl<TCollection_AsciiString, false, false, opencascade::handle<Standard_Transient>>(TCollection_AsciiString&&, std::__1::integral_constant<bool, false>, std::__1::integral_constant<bool, false>, opencascade::handle<Standard_Transient>&&) NCollection_DataMap.hxx:814 (occt_1157_stress_after:arm64+0x1013da038)
    #1 XSControl_Controller::Record(char const*) const XSControl_Controller.cxx:122 (occt_1157_stress_after:arm64+0x1013d6620)
    #2 STEPControl_Controller::Init() STEPControl_Controller.cxx:495 (occt_1157_stress_after:arm64+0x10054815c)
    #3 STEPControl_Writer::STEPControl_Writer() STEPControl_Writer.cxx:38 (occt_1157_stress_after:arm64+0x100551e0c)
    #4 STEPControl_Writer::STEPControl_Writer() STEPControl_Writer.cxx:37 (occt_1157_stress_after:arm64+0x100552088)
    #5 runStepWriteIndependent(int, int) occt_1157_stress.cpp:85 (occt_1157_stress_after:arm64+0x100000ad8)
    #6 void* std::__1::__thread_proxy[abi:nqe210106]<std::__1::tuple<std::__1::unique_ptr<std::__1::__thread_struct, std::__1::default_delete<std::__1::__thread_struct>>, void (*)(int, int), int, int>>(void*) thread.h:168 (occt_1157_stress_after:arm64+0x100006494)

  Location is global 'listad' at 0x000106663d60 (occt_1157_stress_after+0x101cb3d88)

  Thread T1 (tid=353961, running) created by main thread at:
    #0 pthread_create <null> (libclang_rt.tsan_osx_dynamic.dylib:arm64e+0x33834)
    #1 std::__1::thread::thread[abi:nqe210106]<void (*&)(int, int), int&, int&, 0>(void (*&)(int, int), int&, int&) thread.h:216 (occt_1157_stress_after:arm64+0x10000635c)
    #2 std::__1::thread* std::__1::vector<std::__1::thread, std::__1::allocator<std::__1::thread>>::__emplace_back_slow_path<void (*&)(int, int), int&, int&>(void (*&)(int, int), int&, int&) vector.h:1130 (occt_1157_stress_after:arm64+0x100006118)
    #3 runOne(char const*, int, int) occt_1157_stress.cpp:343 (occt_1157_stress_after:arm64+0x1000039d8)
    #4 main occt_1157_stress.cpp:380 (occt_1157_stress_after:arm64+0x100002e08)

  Thread T4 (tid=353964, running) created by main thread at:
    #0 pthread_create <null> (libclang_rt.tsan_osx_dynamic.dylib:arm64e+0x33834)
    #1 std::__1::thread::thread[abi:nqe210106]<void (*&)(int, int), int&, int&, 0>(void (*&)(int, int), int&, int&) thread.h:216 (occt_1157_stress_after:arm64+0x10000635c)
    #2 runOne(char const*, int, int) occt_1157_stress.cpp:343 (occt_1157_stress_after:arm64+0x1000039b0)
    #3 main occt_1157_stress.cpp:380 (occt_1157_stress_after:arm64+0x100002e08)

SUMMARY: ThreadSanitizer: data race XSControl_Controller.cxx:109 in XSControl_Controller::Record(char const*) const
==================
WARNING: ThreadSanitizer: data race (pid=70935)
  Read of size 8 at 0x000106663d70 by thread T2:
    #0 XSControl_Controller::Record(char const*) const XSControl_Controller.cxx:109 (occt_1157_stress_after:arm64+0x1013d64d4)
    #1 STEPControl_Controller::Init() STEPControl_Controller.cxx:495 (occt_1157_stress_after:arm64+0x10054815c)
    #2 STEPControl_Writer::STEPControl_Writer() STEPControl_Writer.cxx:38 (occt_1157_stress_after:arm64+0x100551e0c)
    #3 STEPControl_Writer::STEPControl_Writer() STEPControl_Writer.cxx:37 (occt_1157_stress_after:arm64+0x100552088)
    #4 runStepWriteIndependent(int, int) occt_1157_stress.cpp:85 (occt_1157_stress_after:arm64+0x100000ad8)
    #5 void* std::__1::__thread_proxy[abi:nqe210106]<std::__1::tuple<std::__1::unique_ptr<std::__1::__thread_struct, std::__1::default_delete<std::__1::__thread_struct>>, void (*)(int, int), int, int>>(void*) thread.h:168 (occt_1157_stress_after:arm64+0x100006494)

  Previous write of size 8 at 0x000106663d70 by thread T4:
    #0 NCollection_BaseMap::EndResize(unsigned long, unsigned long, NCollection_ListNode**, NCollection_ListNode**) NCollection_BaseMap.cxx:63 (occt_1157_stress_after:arm64+0x1008e3fa4)
    #1 NCollection_DataMap<TCollection_AsciiString, opencascade::handle<Standard_Transient>, NCollection_DefaultHasher<TCollection_AsciiString>>::ReSize(unsigned long) NCollection_DataMap.hxx:387 (occt_1157_stress_after:arm64+0x10000c954)
    #2 std::__1::conditional<false, opencascade::handle<Standard_Transient>&, bool>::type NCollection_DataMap<TCollection_AsciiString, opencascade::handle<Standard_Transient>, NCollection_DefaultHasher<TCollection_AsciiString>>::emplaceImpl<TCollection_AsciiString, false, false, opencascade::handle<Standard_Transient>>(TCollection_AsciiString&&, std::__1::integral_constant<bool, false>, std::__1::integral_constant<bool, false>, opencascade::handle<Standard_Transient>&&) NCollection_DataMap.hxx:795 (occt_1157_stress_after:arm64+0x1013d9efc)
    #3 XSControl_Controller::Record(char const*) const XSControl_Controller.cxx:122 (occt_1157_stress_after:arm64+0x1013d6620)
    #4 STEPControl_Controller::Init() STEPControl_Controller.cxx:495 (occt_1157_stress_after:arm64+0x10054815c)
    #5 STEPControl_Writer::STEPControl_Writer() STEPControl_Writer.cxx:38 (occt_1157_stress_after:arm64+0x100551e0c)
    #6 STEPControl_Writer::STEPControl_Writer() STEPControl_Writer.cxx:37 (occt_1157_stress_after:arm64+0x100552088)
    #7 runStepWriteIndependent(int, int) occt_1157_stress.cpp:85 (occt_1157_stress_after:arm64+0x100000ad8)
    #8 void* std::__1::__thread_proxy[abi:nqe210106]<std::__1::tuple<std::__1::unique_ptr<std::__1::__thread_struct, std::__1::default_delete<std::__1::__thread_struct>>, void (*)(int, int), int, int>>(void*) thread.h:168 (occt_1157_stress_after:arm64+0x100006494)

  Location is global 'listad' at 0x000106663d60 (occt_1157_stress_after+0x101cb3d70)

  Thread T2 (tid=353962, running) created by main thread at:
    #0 pthread_create <null> (libclang_rt.tsan_osx_dynamic.dylib:arm64e+0x33834)
    #1 std::__1::thread::thread[abi:nqe210106]<void (*&)(int, int), int&, int&, 0>(void (*&)(int, int), int&, int&) thread.h:216 (occt_1157_stress_after:arm64+0x10000635c)
    #2 std::__1::thread* std::__1::vector<std::__1::thread, std::__1::allocator<std::__1::thread>>::__emplace_back_slow_path<void (*&)(int, int), int&, int&>(void (*&)(int, int), int&, int&) vector.h:1130 (occt_1157_stress_after:arm64+0x100006118)
    #3 runOne(char const*, int, int) occt_1157_stress.cpp:343 (occt_1157_stress_after:arm64+0x1000039d8)
    #4 main occt_1157_stress.cpp:380 (occt_1157_stress_after:arm64+0x100002e08)

  Thread T4 (tid=353964, running) created by main thread at:
    #0 pthread_create <null> (libclang_rt.tsan_osx_dynamic.dylib:arm64e+0x33834)
    #1 std::__1::thread::thread[abi:nqe210106]<void (*&)(int, int), int&, int&, 0>(void (*&)(int, int), int&, int&) thread.h:216 (occt_1157_stress_after:arm64+0x10000635c)
    #2 runOne(char const*, int, int) occt_1157_stress.cpp:343 (occt_1157_stress_after:arm64+0x1000039b0)
    #3 main occt_1157_stress.cpp:380 (occt_1157_stress_after:arm64+0x100002e08)

SUMMARY: ThreadSanitizer: data race XSControl_Controller.cxx:109 in XSControl_Controller::Record(char const*) const
==================
WARNING: ThreadSanitizer: data race (pid=70935)
  Read of size 8 at 0x000110317e88 by thread T1:
    #0 XSControl_Controller::Record(char const*) const XSControl_Controller.cxx:112 (occt_1157_stress_after:arm64+0x1013d684c)
    #1 STEPControl_Controller::Init() STEPControl_Controller.cxx:495 (occt_1157_stress_after:arm64+0x10054815c)
    #2 STEPControl_Writer::STEPControl_Writer() STEPControl_Writer.cxx:38 (occt_1157_stress_after:arm64+0x100551e0c)
    #3 STEPControl_Writer::STEPControl_Writer() STEPControl_Writer.cxx:37 (occt_1157_stress_after:arm64+0x100552088)
    #4 runStepWriteIndependent(int, int) occt_1157_stress.cpp:85 (occt_1157_stress_after:arm64+0x100000ad8)
    #5 void* std::__1::__thread_proxy[abi:nqe210106]<std::__1::tuple<std::__1::unique_ptr<std::__1::__thread_struct, std::__1::default_delete<std::__1::__thread_struct>>, void (*)(int, int), int, int>>(void*) thread.h:168 (occt_1157_stress_after:arm64+0x100006494)

  Previous write of size 8 at 0x000110317e88 by thread T4:
    #0 std::__1::conditional<false, opencascade::handle<Standard_Transient>&, bool>::type NCollection_DataMap<TCollection_AsciiString, opencascade::handle<Standard_Transient>, NCollection_DefaultHasher<TCollection_AsciiString>>::emplaceImpl<TCollection_AsciiString, false, false, opencascade::handle<Standard_Transient>>(TCollection_AsciiString&&, std::__1::integral_constant<bool, false>, std::__1::integral_constant<bool, false>, opencascade::handle<Standard_Transient>&&) NCollection_DataMap.hxx:810 (occt_1157_stress_after:arm64+0x1013d9ff0)
    #1 XSControl_Controller::Record(char const*) const XSControl_Controller.cxx:122 (occt_1157_stress_after:arm64+0x1013d6620)
    #2 STEPControl_Controller::Init() STEPControl_Controller.cxx:495 (occt_1157_stress_after:arm64+0x10054815c)
    #3 STEPControl_Writer::STEPControl_Writer() STEPControl_Writer.cxx:38 (occt_1157_stress_after:arm64+0x100551e0c)
    #4 STEPControl_Writer::STEPControl_Writer() STEPControl_Writer.cxx:37 (occt_1157_stress_after:arm64+0x100552088)
    #5 runStepWriteIndependent(int, int) occt_1157_stress.cpp:85 (occt_1157_stress_after:arm64+0x100000ad8)
    #6 void* std::__1::__thread_proxy[abi:nqe210106]<std::__1::tuple<std::__1::unique_ptr<std::__1::__thread_struct, std::__1::default_delete<std::__1::__thread_struct>>, void (*)(int, int), int, int>>(void*) thread.h:168 (occt_1157_stress_after:arm64+0x100006494)

  Location is heap block of size 32 at 0x000110317e80 allocated by thread T4:
    #0 calloc <null> (libclang_rt.tsan_osx_dynamic.dylib:arm64e+0x67c40)
    #1 Standard::Allocate(unsigned long) Standard.cxx:386 (occt_1157_stress_after:arm64+0x1008c3310)
    #2 NCollection_BaseAllocator::Allocate(unsigned long) NCollection_BaseAllocator.cxx:22 (occt_1157_stress_after:arm64+0x1008e2f18)
    #3 std::__1::conditional<false, opencascade::handle<Standard_Transient>&, bool>::type NCollection_DataMap<TCollection_AsciiString, opencascade::handle<Standard_Transient>, NCollection_DefaultHasher<TCollection_AsciiString>>::emplaceImpl<TCollection_AsciiString, false, false, opencascade::handle<Standard_Transient>>(TCollection_AsciiString&&, std::__1::integral_constant<bool, false>, std::__1::integral_constant<bool, false>, opencascade::handle<Standard_Transient>&&) NCollection_DataMap.hxx:810 (occt_1157_stress_after:arm64+0x1013d9fb8)
    #4 XSControl_Controller::Record(char const*) const XSControl_Controller.cxx:122 (occt_1157_stress_after:arm64+0x1013d6620)
    #5 STEPControl_Controller::Init() STEPControl_Controller.cxx:495 (occt_1157_stress_after:arm64+0x10054815c)
    #6 STEPControl_Writer::STEPControl_Writer() STEPControl_Writer.cxx:38 (occt_1157_stress_after:arm64+0x100551e0c)
    #7 STEPControl_Writer::STEPControl_Writer() STEPControl_Writer.cxx:37 (occt_1157_stress_after:arm64+0x100552088)
    #8 runStepWriteIndependent(int, int) occt_1157_stress.cpp:85 (occt_1157_stress_after:arm64+0x100000ad8)
    #9 void* std::__1::__thread_proxy[abi:nqe210106]<std::__1::tuple<std::__1::unique_ptr<std::__1::__thread_struct, std::__1::default_delete<std::__1::__thread_struct>>, void (*)(int, int), int, int>>(void*) thread.h:168 (occt_1157_stress_after:arm64+0x100006494)

  Thread T1 (tid=353961, running) created by main thread at:
    #0 pthread_create <null> (libclang_rt.tsan_osx_dynamic.dylib:arm64e+0x33834)
    #1 std::__1::thread::thread[abi:nqe210106]<void (*&)(int, int), int&, int&, 0>(void (*&)(int, int), int&, int&) thread.h:216 (occt_1157_stress_after:arm64+0x10000635c)
    #2 std::__1::thread* std::__1::vector<std::__1::thread, std::__1::allocator<std::__1::thread>>::__emplace_back_slow_path<void (*&)(int, int), int&, int&>(void (*&)(int, int), int&, int&) vector.h:1130 (occt_1157_stress_after:arm64+0x100006118)
    #3 runOne(char const*, int, int) occt_1157_stress.cpp:343 (occt_1157_stress_after:arm64+0x1000039d8)
    #4 main occt_1157_stress.cpp:380 (occt_1157_stress_after:arm64+0x100002e08)

  Thread T4 (tid=353964, running) created by main thread at:
    #0 pthread_create <null> (libclang_rt.tsan_osx_dynamic.dylib:arm64e+0x33834)
    #1 std::__1::thread::thread[abi:nqe210106]<void (*&)(int, int), int&, int&, 0>(void (*&)(int, int), int&, int&) thread.h:216 (occt_1157_stress_after:arm64+0x10000635c)
    #2 runOne(char const*, int, int) occt_1157_stress.cpp:343 (occt_1157_stress_after:arm64+0x1000039b0)
    #3 main occt_1157_stress.cpp:380 (occt_1157_stress_after:arm64+0x100002e08)

SUMMARY: ThreadSanitizer: data race XSControl_Controller.cxx:112 in XSControl_Controller::Record(char const*) const
==================
WARNING: ThreadSanitizer: data race (pid=70935)
  Write of size 1 at 0x00010665b748 by thread T2:
    #0 STEPControl_Controller::Init() STEPControl_Controller.cxx:497 (occt_1157_stress_after:arm64+0x10054817c)
    #1 STEPControl_Writer::STEPControl_Writer() STEPControl_Writer.cxx:38 (occt_1157_stress_after:arm64+0x100551e0c)
    #2 STEPControl_Writer::STEPControl_Writer() STEPControl_Writer.cxx:37 (occt_1157_stress_after:arm64+0x100552088)
    #3 runStepWriteIndependent(int, int) occt_1157_stress.cpp:85 (occt_1157_stress_after:arm64+0x100000ad8)
    #4 void* std::__1::__thread_proxy[abi:nqe210106]<std::__1::tuple<std::__1::unique_ptr<std::__1::__thread_struct, std::__1::default_delete<std::__1::__thread_struct>>, void (*)(int, int), int, int>>(void*) thread.h:168 (occt_1157_stress_after:arm64+0x100006494)

  Previous write of size 1 at 0x00010665b748 by thread T3:
    #0 STEPControl_Controller::Init() STEPControl_Controller.cxx:497 (occt_1157_stress_after:arm64+0x10054817c)
    #1 STEPControl_Writer::STEPControl_Writer() STEPControl_Writer.cxx:38 (occt_1157_stress_after:arm64+0x100551e0c)
    #2 STEPControl_Writer::STEPControl_Writer() STEPControl_Writer.cxx:37 (occt_1157_stress_after:arm64+0x100552088)
    #3 runStepWriteIndependent(int, int) occt_1157_stress.cpp:85 (occt_1157_stress_after:arm64+0x100000ad8)
    #4 void* std::__1::__thread_proxy[abi:nqe210106]<std::__1::tuple<std::__1::unique_ptr<std::__1::__thread_struct, std::__1::default_delete<std::__1::__thread_struct>>, void (*)(int, int), int, int>>(void*) thread.h:168 (occt_1157_stress_after:arm64+0x100006494)

  Location is global 'STEPControl_Controller::Init()::inic' at 0x00010665b748 (occt_1157_stress_after+0x101cab748)

  Thread T2 (tid=353962, running) created by main thread at:
    #0 pthread_create <null> (libclang_rt.tsan_osx_dynamic.dylib:arm64e+0x33834)
    #1 std::__1::thread::thread[abi:nqe210106]<void (*&)(int, int), int&, int&, 0>(void (*&)(int, int), int&, int&) thread.h:216 (occt_1157_stress_after:arm64+0x10000635c)
    #2 std::__1::thread* std::__1::vector<std::__1::thread, std::__1::allocator<std::__1::thread>>::__emplace_back_slow_path<void (*&)(int, int), int&, int&>(void (*&)(int, int), int&, int&) vector.h:1130 (occt_1157_stress_after:arm64+0x100006118)
    #3 runOne(char const*, int, int) occt_1157_stress.cpp:343 (occt_1157_stress_after:arm64+0x1000039d8)
    #4 main occt_1157_stress.cpp:380 (occt_1157_stress_after:arm64+0x100002e08)

  Thread T3 (tid=353963, running) created by main thread at:
    #0 pthread_create <null> (libclang_rt.tsan_osx_dynamic.dylib:arm64e+0x33834)
    #1 std::__1::thread::thread[abi:nqe210106]<void (*&)(int, int), int&, int&, 0>(void (*&)(int, int), int&, int&) thread.h:216 (occt_1157_stress_after:arm64+0x10000635c)
    #2 std::__1::thread* std::__1::vector<std::__1::thread, std::__1::allocator<std::__1::thread>>::__emplace_back_slow_path<void (*&)(int, int), int&, int&>(void (*&)(int, int), int&, int&) vector.h:1130 (occt_1157_stress_after:arm64+0x100006118)
    #3 runOne(char const*, int, int) occt_1157_stress.cpp:343 (occt_1157_stress_after:arm64+0x1000039d8)
    #4 main occt_1157_stress.cpp:380 (occt_1157_stress_after:arm64+0x100002e08)

SUMMARY: ThreadSanitizer: data race STEPControl_Controller.cxx:497 in STEPControl_Controller::Init()
==================
WARNING: ThreadSanitizer: data race (pid=70935)
  Read of size 4 at 0x000110317e98 by thread T5:
    #0 TCollection_AsciiString::IsEqual(char const*, int) const TCollection_AsciiString.cxx:769 (occt_1157_stress_after:arm64+0x1008d52a8)
    #1 XSControl_Controller::Record(char const*) const XSControl_Controller.cxx:109 (occt_1157_stress_after:arm64+0x1013d65ac)
    #2 STEPControl_Controller::Init() STEPControl_Controller.cxx:495 (occt_1157_stress_after:arm64+0x10054815c)
    #3 STEPControl_Writer::STEPControl_Writer() STEPControl_Writer.cxx:38 (occt_1157_stress_after:arm64+0x100551e0c)
    #4 STEPControl_Writer::STEPControl_Writer() STEPControl_Writer.cxx:37 (occt_1157_stress_after:arm64+0x100552088)
    #5 runStepWriteIndependent(int, int) occt_1157_stress.cpp:85 (occt_1157_stress_after:arm64+0x100000ad8)
    #6 void* std::__1::__thread_proxy[abi:nqe210106]<std::__1::tuple<std::__1::unique_ptr<std::__1::__thread_struct, std::__1::default_delete<std::__1::__thread_struct>>, void (*)(int, int), int, int>>(void*) thread.h:168 (occt_1157_stress_after:arm64+0x100006494)

  Previous write of size 4 at 0x000110317e98 by thread T4:
    #0 TCollection_AsciiString::TCollection_AsciiString(TCollection_AsciiString&&) TCollection_AsciiString.cxx:175 (occt_1157_stress_after:arm64+0x1008d1e68)
    #1 std::__1::conditional<false, opencascade::handle<Standard_Transient>&, bool>::type NCollection_DataMap<TCollection_AsciiString, opencascade::handle<Standard_Transient>, NCollection_DefaultHasher<TCollection_AsciiString>>::emplaceImpl<TCollection_AsciiString, false, false, opencascade::handle<Standard_Transient>>(TCollection_AsciiString&&, std::__1::integral_constant<bool, false>, std::__1::integral_constant<bool, false>, opencascade::handle<Standard_Transient>&&) NCollection_DataMap.hxx:810 (occt_1157_stress_after:arm64+0x1013da00c)
    #2 XSControl_Controller::Record(char const*) const XSControl_Controller.cxx:122 (occt_1157_stress_after:arm64+0x1013d6620)
    #3 STEPControl_Controller::Init() STEPControl_Controller.cxx:495 (occt_1157_stress_after:arm64+0x10054815c)
    #4 STEPControl_Writer::STEPControl_Writer() STEPControl_Writer.cxx:38 (occt_1157_stress_after:arm64+0x100551e0c)
    #5 STEPControl_Writer::STEPControl_Writer() STEPControl_Writer.cxx:37 (occt_1157_stress_after:arm64+0x100552088)
    #6 runStepWriteIndependent(int, int) occt_1157_stress.cpp:85 (occt_1157_stress_after:arm64+0x100000ad8)
    #7 void* std::__1::__thread_proxy[abi:nqe210106]<std::__1::tuple<std::__1::unique_ptr<std::__1::__thread_struct, std::__1::default_delete<std::__1::__thread_struct>>, void (*)(int, int), int, int>>(void*) thread.h:168 (occt_1157_stress_after:arm64+0x100006494)

  Location is heap block of size 32 at 0x000110317e80 allocated by thread T4:
    #0 calloc <null> (libclang_rt.tsan_osx_dynamic.dylib:arm64e+0x67c40)
    #1 Standard::Allocate(unsigned long) Standard.cxx:386 (occt_1157_stress_after:arm64+0x1008c3310)
    #2 NCollection_BaseAllocator::Allocate(unsigned long) NCollection_BaseAllocator.cxx:22 (occt_1157_stress_after:arm64+0x1008e2f18)
    #3 std::__1::conditional<false, opencascade::handle<Standard_Transient>&, bool>::type NCollection_DataMap<TCollection_AsciiString, opencascade::handle<Standard_Transient>, NCollection_DefaultHasher<TCollection_AsciiString>>::emplaceImpl<TCollection_AsciiString, false, false, opencascade::handle<Standard_Transient>>(TCollection_AsciiString&&, std::__1::integral_constant<bool, false>, std::__1::integral_constant<bool, false>, opencascade::handle<Standard_Transient>&&) NCollection_DataMap.hxx:810 (occt_1157_stress_after:arm64+0x1013d9fb8)
    #4 XSControl_Controller::Record(char const*) const XSControl_Controller.cxx:122 (occt_1157_stress_after:arm64+0x1013d6620)
    #5 STEPControl_Controller::Init() STEPControl_Controller.cxx:495 (occt_1157_stress_after:arm64+0x10054815c)
    #6 STEPControl_Writer::STEPControl_Writer() STEPControl_Writer.cxx:38 (occt_1157_stress_after:arm64+0x100551e0c)
    #7 STEPControl_Writer::STEPControl_Writer() STEPControl_Writer.cxx:37 (occt_1157_stress_after:arm64+0x100552088)
    #8 runStepWriteIndependent(int, int) occt_1157_stress.cpp:85 (occt_1157_stress_after:arm64+0x100000ad8)
    #9 void* std::__1::__thread_proxy[abi:nqe210106]<std::__1::tuple<std::__1::unique_ptr<std::__1::__thread_struct, std::__1::default_delete<std::__1::__thread_struct>>, void (*)(int, int), int, int>>(void*) thread.h:168 (occt_1157_stress_after:arm64+0x100006494)

  Thread T5 (tid=353965, running) created by main thread at:
    #0 pthread_create <null> (libclang_rt.tsan_osx_dynamic.dylib:arm64e+0x33834)
    #1 std::__1::thread::thread[abi:nqe210106]<void (*&)(int, int), int&, int&, 0>(void (*&)(int, int), int&, int&) thread.h:216 (occt_1157_stress_after:arm64+0x10000635c)
    #2 std::__1::thread* std::__1::vector<std::__1::thread, std::__1::allocator<std::__1::thread>>::__emplace_back_slow_path<void (*&)(int, int), int&, int&>(void (*&)(int, int), int&, int&) vector.h:1130 (occt_1157_stress_after:arm64+0x100006118)
    #3 runOne(char const*, int, int) occt_1157_stress.cpp:343 (occt_1157_stress_after:arm64+0x1000039d8)
    #4 main occt_1157_stress.cpp:380 (occt_1157_stress_after:arm64+0x100002e08)

  Thread T4 (tid=353964, running) created by main thread at:
    #0 pthread_create <null> (libclang_rt.tsan_osx_dynamic.dylib:arm64e+0x33834)
    #1 std::__1::thread::thread[abi:nqe210106]<void (*&)(int, int), int&, int&, 0>(void (*&)(int, int), int&, int&) thread.h:216 (occt_1157_stress_after:arm64+0x10000635c)
    #2 runOne(char const*, int, int) occt_1157_stress.cpp:343 (occt_1157_stress_after:arm64+0x1000039b0)
    #3 main occt_1157_stress.cpp:380 (occt_1157_stress_after:arm64+0x100002e08)

SUMMARY: ThreadSanitizer: data race TCollection_AsciiString.cxx:769 in TCollection_AsciiString::IsEqual(char const*, int) const
==================
WARNING: ThreadSanitizer: data race (pid=70935)
  Read of size 8 at 0x000110317e90 by thread T6:
    #0 TCollection_AsciiString::IsEqual(char const*, int) const TCollection_AsciiString.cxx:779 (occt_1157_stress_after:arm64+0x1008d52c0)
    #1 XSControl_Controller::Record(char const*) const XSControl_Controller.cxx:109 (occt_1157_stress_after:arm64+0x1013d65ac)
    #2 STEPControl_Controller::Init() STEPControl_Controller.cxx:495 (occt_1157_stress_after:arm64+0x10054815c)
    #3 STEPControl_Writer::STEPControl_Writer() STEPControl_Writer.cxx:38 (occt_1157_stress_after:arm64+0x100551e0c)
    #4 STEPControl_Writer::STEPControl_Writer() STEPControl_Writer.cxx:37 (occt_1157_stress_after:arm64+0x100552088)
    #5 runStepWriteIndependent(int, int) occt_1157_stress.cpp:85 (occt_1157_stress_after:arm64+0x100000ad8)
    #6 void* std::__1::__thread_proxy[abi:nqe210106]<std::__1::tuple<std::__1::unique_ptr<std::__1::__thread_struct, std::__1::default_delete<std::__1::__thread_struct>>, void (*)(int, int), int, int>>(void*) thread.h:168 (occt_1157_stress_after:arm64+0x100006494)

  Previous write of size 8 at 0x000110317e90 by thread T4:
    #0 TCollection_AsciiString::TCollection_AsciiString(TCollection_AsciiString&&) TCollection_AsciiString.cxx:175 (occt_1157_stress_after:arm64+0x1008d1e5c)
    #1 std::__1::conditional<false, opencascade::handle<Standard_Transient>&, bool>::type NCollection_DataMap<TCollection_AsciiString, opencascade::handle<Standard_Transient>, NCollection_DefaultHasher<TCollection_AsciiString>>::emplaceImpl<TCollection_AsciiString, false, false, opencascade::handle<Standard_Transient>>(TCollection_AsciiString&&, std::__1::integral_constant<bool, false>, std::__1::integral_constant<bool, false>, opencascade::handle<Standard_Transient>&&) NCollection_DataMap.hxx:810 (occt_1157_stress_after:arm64+0x1013da00c)
    #2 XSControl_Controller::Record(char const*) const XSControl_Controller.cxx:122 (occt_1157_stress_after:arm64+0x1013d6620)
    #3 STEPControl_Controller::Init() STEPControl_Controller.cxx:495 (occt_1157_stress_after:arm64+0x10054815c)
    #4 STEPControl_Writer::STEPControl_Writer() STEPControl_Writer.cxx:38 (occt_1157_stress_after:arm64+0x100551e0c)
    #5 STEPControl_Writer::STEPControl_Writer() STEPControl_Writer.cxx:37 (occt_1157_stress_after:arm64+0x100552088)
    #6 runStepWriteIndependent(int, int) occt_1157_stress.cpp:85 (occt_1157_stress_after:arm64+0x100000ad8)
    #7 void* std::__1::__thread_proxy[abi:nqe210106]<std::__1::tuple<std::__1::unique_ptr<std::__1::__thread_struct, std::__1::default_delete<std::__1::__thread_struct>>, void (*)(int, int), int, int>>(void*) thread.h:168 (occt_1157_stress_after:arm64+0x100006494)

  Location is heap block of size 32 at 0x000110317e80 allocated by thread T4:
    #0 calloc <null> (libclang_rt.tsan_osx_dynamic.dylib:arm64e+0x67c40)
    #1 Standard::Allocate(unsigned long) Standard.cxx:386 (occt_1157_stress_after:arm64+0x1008c3310)
    #2 NCollection_BaseAllocator::Allocate(unsigned long) NCollection_BaseAllocator.cxx:22 (occt_1157_stress_after:arm64+0x1008e2f18)
    #3 std::__1::conditional<false, opencascade::handle<Standard_Transient>&, bool>::type NCollection_DataMap<TCollection_AsciiString, opencascade::handle<Standard_Transient>, NCollection_DefaultHasher<TCollection_AsciiString>>::emplaceImpl<TCollection_AsciiString, false, false, opencascade::handle<Standard_Transient>>(TCollection_AsciiString&&, std::__1::integral_constant<bool, false>, std::__1::integral_constant<bool, false>, opencascade::handle<Standard_Transient>&&) NCollection_DataMap.hxx:810 (occt_1157_stress_after:arm64+0x1013d9fb8)
    #4 XSControl_Controller::Record(char const*) const XSControl_Controller.cxx:122 (occt_1157_stress_after:arm64+0x1013d6620)
    #5 STEPControl_Controller::Init() STEPControl_Controller.cxx:495 (occt_1157_stress_after:arm64+0x10054815c)
    #6 STEPControl_Writer::STEPControl_Writer() STEPControl_Writer.cxx:38 (occt_1157_stress_after:arm64+0x100551e0c)
    #7 STEPControl_Writer::STEPControl_Writer() STEPControl_Writer.cxx:37 (occt_1157_stress_after:arm64+0x100552088)
    #8 runStepWriteIndependent(int, int) occt_1157_stress.cpp:85 (occt_1157_stress_after:arm64+0x100000ad8)
    #9 void* std::__1::__thread_proxy[abi:nqe210106]<std::__1::tuple<std::__1::unique_ptr<std::__1::__thread_struct, std::__1::default_delete<std::__1::__thread_struct>>, void (*)(int, int), int, int>>(void*) thread.h:168 (occt_1157_stress_after:arm64+0x100006494)

  Thread T6 (tid=353966, running) created by main thread at:
    #0 pthread_create <null> (libclang_rt.tsan_osx_dynamic.dylib:arm64e+0x33834)
    #1 std::__1::thread::thread[abi:nqe210106]<void (*&)(int, int), int&, int&, 0>(void (*&)(int, int), int&, int&) thread.h:216 (occt_1157_stress_after:arm64+0x10000635c)
    #2 runOne(char const*, int, int) occt_1157_stress.cpp:343 (occt_1157_stress_after:arm64+0x1000039b0)
    #3 main occt_1157_stress.cpp:380 (occt_1157_stress_after:arm64+0x100002e08)

  Thread T4 (tid=353964, running) created by main thread at:
    #0 pthread_create <null> (libclang_rt.tsan_osx_dynamic.dylib:arm64e+0x33834)
    #1 std::__1::thread::thread[abi:nqe210106]<void (*&)(int, int), int&, int&, 0>(void (*&)(int, int), int&, int&) thread.h:216 (occt_1157_stress_after:arm64+0x10000635c)
    #2 runOne(char const*, int, int) occt_1157_stress.cpp:343 (occt_1157_stress_after:arm64+0x1000039b0)
    #3 main occt_1157_stress.cpp:380 (occt_1157_stress_after:arm64+0x100002e08)

SUMMARY: ThreadSanitizer: data race TCollection_AsciiString.cxx:779 in TCollection_AsciiString::IsEqual(char const*, int) const
==================
WARNING: ThreadSanitizer: data race (pid=70935)
  Read of size 8 at 0x000112225ca8 by thread T8:
    #0 XSControl_Controller::Record(char const*) const XSControl_Controller.cxx:109 (occt_1157_stress_after:arm64+0x1013d657c)
    #1 STEPControl_Controller::Init() STEPControl_Controller.cxx:495 (occt_1157_stress_after:arm64+0x10054815c)
    #2 STEPControl_Writer::STEPControl_Writer() STEPControl_Writer.cxx:38 (occt_1157_stress_after:arm64+0x100551e0c)
    #3 STEPControl_Writer::STEPControl_Writer() STEPControl_Writer.cxx:37 (occt_1157_stress_after:arm64+0x100552088)
    #4 runStepWriteIndependent(int, int) occt_1157_stress.cpp:85 (occt_1157_stress_after:arm64+0x100000ad8)
    #5 void* std::__1::__thread_proxy[abi:nqe210106]<std::__1::tuple<std::__1::unique_ptr<std::__1::__thread_struct, std::__1::default_delete<std::__1::__thread_struct>>, void (*)(int, int), int, int>>(void*) thread.h:168 (occt_1157_stress_after:arm64+0x100006494)

  Previous write of size 8 at 0x000112225ca8 by thread T4:
    #0 std::__1::conditional<false, opencascade::handle<Standard_Transient>&, bool>::type NCollection_DataMap<TCollection_AsciiString, opencascade::handle<Standard_Transient>, NCollection_DefaultHasher<TCollection_AsciiString>>::emplaceImpl<TCollection_AsciiString, false, false, opencascade::handle<Standard_Transient>>(TCollection_AsciiString&&, std::__1::integral_constant<bool, false>, std::__1::integral_constant<bool, false>, opencascade::handle<Standard_Transient>&&) NCollection_DataMap.hxx:810 (occt_1157_stress_after:arm64+0x1013da024)
    #1 XSControl_Controller::Record(char const*) const XSControl_Controller.cxx:122 (occt_1157_stress_after:arm64+0x1013d6620)
    #2 STEPControl_Controller::Init() STEPControl_Controller.cxx:495 (occt_1157_stress_after:arm64+0x10054815c)
    #3 STEPControl_Writer::STEPControl_Writer() STEPControl_Writer.cxx:38 (occt_1157_stress_after:arm64+0x100551e0c)
    #4 STEPControl_Writer::STEPControl_Writer() STEPControl_Writer.cxx:37 (occt_1157_stress_after:arm64+0x100552088)
    #5 runStepWriteIndependent(int, int) occt_1157_stress.cpp:85 (occt_1157_stress_after:arm64+0x100000ad8)
    #6 void* std::__1::__thread_proxy[abi:nqe210106]<std::__1::tuple<std::__1::unique_ptr<std::__1::__thread_struct, std::__1::default_delete<std::__1::__thread_struct>>, void (*)(int, int), int, int>>(void*) thread.h:168 (occt_1157_stress_after:arm64+0x100006494)

  Location is heap block of size 816 at 0x000112225a00 allocated by thread T4:
    #0 calloc <null> (libclang_rt.tsan_osx_dynamic.dylib:arm64e+0x67c40)
    #1 Standard::Allocate(unsigned long) Standard.cxx:386 (occt_1157_stress_after:arm64+0x1008c3310)
    #2 NCollection_BaseMap::BeginResize(unsigned long, unsigned long&, NCollection_ListNode**&, NCollection_ListNode**&) const NCollection_BaseMap.cxx:42 (occt_1157_stress_after:arm64+0x1008e3ea8)
    #3 NCollection_DataMap<TCollection_AsciiString, opencascade::handle<Standard_Transient>, NCollection_DefaultHasher<TCollection_AsciiString>>::ReSize(unsigned long) NCollection_DataMap.hxx:365 (occt_1157_stress_after:arm64+0x10000c7ec)
    #4 std::__1::conditional<false, opencascade::handle<Standard_Transient>&, bool>::type NCollection_DataMap<TCollection_AsciiString, opencascade::handle<Standard_Transient>, NCollection_DefaultHasher<TCollection_AsciiString>>::emplaceImpl<TCollection_AsciiString, false, false, opencascade::handle<Standard_Transient>>(TCollection_AsciiString&&, std::__1::integral_constant<bool, false>, std::__1::integral_constant<bool, false>, opencascade::handle<Standard_Transient>&&) NCollection_DataMap.hxx:795 (occt_1157_stress_after:arm64+0x1013d9efc)
    #5 XSControl_Controller::Record(char const*) const XSControl_Controller.cxx:122 (occt_1157_stress_after:arm64+0x1013d6620)
    #6 STEPControl_Controller::Init() STEPControl_Controller.cxx:495 (occt_1157_stress_after:arm64+0x10054815c)
    #7 STEPControl_Writer::STEPControl_Writer() STEPControl_Writer.cxx:38 (occt_1157_stress_after:arm64+0x100551e0c)
    #8 STEPControl_Writer::STEPControl_Writer() STEPControl_Writer.cxx:37 (occt_1157_stress_after:arm64+0x100552088)
    #9 runStepWriteIndependent(int, int) occt_1157_stress.cpp:85 (occt_1157_stress_after:arm64+0x100000ad8)
    #10 void* std::__1::__thread_proxy[abi:nqe210106]<std::__1::tuple<std::__1::unique_ptr<std::__1::__thread_struct, std::__1::default_delete<std::__1::__thread_struct>>, void (*)(int, int), int, int>>(void*) thread.h:168 (occt_1157_stress_after:arm64+0x100006494)

  Thread T8 (tid=353968, running) created by main thread at:
    #0 pthread_create <null> (libclang_rt.tsan_osx_dynamic.dylib:arm64e+0x33834)
    #1 std::__1::thread::thread[abi:nqe210106]<void (*&)(int, int), int&, int&, 0>(void (*&)(int, int), int&, int&) thread.h:216 (occt_1157_stress_after:arm64+0x10000635c)
    #2 runOne(char const*, int, int) occt_1157_stress.cpp:343 (occt_1157_stress_after:arm64+0x1000039b0)
    #3 main occt_1157_stress.cpp:380 (occt_1157_stress_after:arm64+0x100002e08)

  Thread T4 (tid=353964, running) created by main thread at:
    #0 pthread_create <null> (libclang_rt.tsan_osx_dynamic.dylib:arm64e+0x33834)
    #1 std::__1::thread::thread[abi:nqe210106]<void (*&)(int, int), int&, int&, 0>(void (*&)(int, int), int&, int&) thread.h:216 (occt_1157_stress_after:arm64+0x10000635c)
    #2 runOne(char const*, int, int) occt_1157_stress.cpp:343 (occt_1157_stress_after:arm64+0x1000039b0)
    #3 main occt_1157_stress.cpp:380 (occt_1157_stress_after:arm64+0x100002e08)

SUMMARY: ThreadSanitizer: data race XSControl_Controller.cxx:109 in XSControl_Controller::Record(char const*) const
==================
WARNING: ThreadSanitizer: data race (pid=70935)
  Read of size 8 at 0x000106663d80 by thread T7:
    #0 XSControl_Controller::Record(char const*) const XSControl_Controller.cxx:109 (occt_1157_stress_after:arm64+0x1013d64e0)
    #1 STEPControl_Controller::Init() STEPControl_Controller.cxx:495 (occt_1157_stress_after:arm64+0x10054815c)
    #2 STEPControl_Writer::STEPControl_Writer() STEPControl_Writer.cxx:38 (occt_1157_stress_after:arm64+0x100551e0c)
    #3 STEPControl_Writer::STEPControl_Writer() STEPControl_Writer.cxx:37 (occt_1157_stress_after:arm64+0x100552088)
    #4 runStepWriteIndependent(int, int) occt_1157_stress.cpp:85 (occt_1157_stress_after:arm64+0x100000ad8)
    #5 void* std::__1::__thread_proxy[abi:nqe210106]<std::__1::tuple<std::__1::unique_ptr<std::__1::__thread_struct, std::__1::default_delete<std::__1::__thread_struct>>, void (*)(int, int), int, int>>(void*) thread.h:168 (occt_1157_stress_after:arm64+0x100006494)

  Previous write of size 8 at 0x000106663d80 by thread T4:
    #0 NCollection_BaseMap::EndResize(unsigned long, unsigned long, NCollection_ListNode**, NCollection_ListNode**) NCollection_BaseMap.cxx:68 (occt_1157_stress_after:arm64+0x1008e3fd4)
    #1 NCollection_DataMap<TCollection_AsciiString, opencascade::handle<Standard_Transient>, NCollection_DefaultHasher<TCollection_AsciiString>>::ReSize(unsigned long) NCollection_DataMap.hxx:387 (occt_1157_stress_after:arm64+0x10000c954)
    #2 std::__1::conditional<false, opencascade::handle<Standard_Transient>&, bool>::type NCollection_DataMap<TCollection_AsciiString, opencascade::handle<Standard_Transient>, NCollection_DefaultHasher<TCollection_AsciiString>>::emplaceImpl<TCollection_AsciiString, false, false, opencascade::handle<Standard_Transient>>(TCollection_AsciiString&&, std::__1::integral_constant<bool, false>, std::__1::integral_constant<bool, false>, opencascade::handle<Standard_Transient>&&) NCollection_DataMap.hxx:795 (occt_1157_stress_after:arm64+0x1013d9efc)
    #3 XSControl_Controller::Record(char const*) const XSControl_Controller.cxx:122 (occt_1157_stress_after:arm64+0x1013d6620)
    #4 STEPControl_Controller::Init() STEPControl_Controller.cxx:495 (occt_1157_stress_after:arm64+0x10054815c)
    #5 STEPControl_Writer::STEPControl_Writer() STEPControl_Writer.cxx:38 (occt_1157_stress_after:arm64+0x100551e0c)
    #6 STEPControl_Writer::STEPControl_Writer() STEPControl_Writer.cxx:37 (occt_1157_stress_after:arm64+0x100552088)
    #7 runStepWriteIndependent(int, int) occt_1157_stress.cpp:85 (occt_1157_stress_after:arm64+0x100000ad8)
    #8 void* std::__1::__thread_proxy[abi:nqe210106]<std::__1::tuple<std::__1::unique_ptr<std::__1::__thread_struct, std::__1::default_delete<std::__1::__thread_struct>>, void (*)(int, int), int, int>>(void*) thread.h:168 (occt_1157_stress_after:arm64+0x100006494)

  Location is global 'listad' at 0x000106663d60 (occt_1157_stress_after+0x101cb3d80)

  Thread T7 (tid=353967, running) created by main thread at:
    #0 pthread_create <null> (libclang_rt.tsan_osx_dynamic.dylib:arm64e+0x33834)
    #1 std::__1::thread::thread[abi:nqe210106]<void (*&)(int, int), int&, int&, 0>(void (*&)(int, int), int&, int&) thread.h:216 (occt_1157_stress_after:arm64+0x10000635c)
    #2 runOne(char const*, int, int) occt_1157_stress.cpp:343 (occt_1157_stress_after:arm64+0x1000039b0)
    #3 main occt_1157_stress.cpp:380 (occt_1157_stress_after:arm64+0x100002e08)

  Thread T4 (tid=353964, running) created by main thread at:
    #0 pthread_create <null> (libclang_rt.tsan_osx_dynamic.dylib:arm64e+0x33834)
    #1 std::__1::thread::thread[abi:nqe210106]<void (*&)(int, int), int&, int&, 0>(void (*&)(int, int), int&, int&) thread.h:216 (occt_1157_stress_after:arm64+0x10000635c)
    #2 runOne(char const*, int, int) occt_1157_stress.cpp:343 (occt_1157_stress_after:arm64+0x1000039b0)
    #3 main occt_1157_stress.cpp:380 (occt_1157_stress_after:arm64+0x100002e08)

SUMMARY: ThreadSanitizer: data race XSControl_Controller.cxx:109 in XSControl_Controller::Record(char const*) const
==================
WARNING: ThreadSanitizer: data race (pid=70935)
  Write of size 1 at 0x000106663cf8 by thread T1:
    #0 IFSelect_WorkSession::IFSelect_WorkSession() IFSelect_WorkSession.cxx:86 (occt_1157_stress_after:arm64+0x1013b0800)
    #1 XSControl_WorkSession::XSControl_WorkSession() XSControl_WorkSession.cxx:50 (occt_1157_stress_after:arm64+0x1013f3a90)
    #2 XSControl_WorkSession::XSControl_WorkSession() XSControl_WorkSession.cxx:54 (occt_1157_stress_after:arm64+0x1013f3ddc)
    #3 STEPControl_Writer::STEPControl_Writer() STEPControl_Writer.cxx:39 (occt_1157_stress_after:arm64+0x100551e1c)
    #4 STEPControl_Writer::STEPControl_Writer() STEPControl_Writer.cxx:37 (occt_1157_stress_after:arm64+0x100552088)
    #5 runStepWriteIndependent(int, int) occt_1157_stress.cpp:85 (occt_1157_stress_after:arm64+0x100000ad8)
    #6 void* std::__1::__thread_proxy[abi:nqe210106]<std::__1::tuple<std::__1::unique_ptr<std::__1::__thread_struct, std::__1::default_delete<std::__1::__thread_struct>>, void (*)(int, int), int, int>>(void*) thread.h:168 (occt_1157_stress_after:arm64+0x100006494)

  Previous write of size 1 at 0x000106663cf8 by thread T3:
    #0 IFSelect_WorkSession::IFSelect_WorkSession() IFSelect_WorkSession.cxx:86 (occt_1157_stress_after:arm64+0x1013b0800)
    #1 XSControl_WorkSession::XSControl_WorkSession() XSControl_WorkSession.cxx:50 (occt_1157_stress_after:arm64+0x1013f3a90)
    #2 XSControl_WorkSession::XSControl_WorkSession() XSControl_WorkSession.cxx:54 (occt_1157_stress_after:arm64+0x1013f3ddc)
    #3 STEPControl_Writer::STEPControl_Writer() STEPControl_Writer.cxx:39 (occt_1157_stress_after:arm64+0x100551e1c)
    #4 STEPControl_Writer::STEPControl_Writer() STEPControl_Writer.cxx:37 (occt_1157_stress_after:arm64+0x100552088)
    #5 runStepWriteIndependent(int, int) occt_1157_stress.cpp:85 (occt_1157_stress_after:arm64+0x100000ad8)
    #6 void* std::__1::__thread_proxy[abi:nqe210106]<std::__1::tuple<std::__1::unique_ptr<std::__1::__thread_struct, std::__1::default_delete<std::__1::__thread_struct>>, void (*)(int, int), int, int>>(void*) thread.h:168 (occt_1157_stress_after:arm64+0x100006494)

  Location is global 'errhand' at 0x000106663cf8 (occt_1157_stress_after+0x101cb3cf8)

  Thread T1 (tid=353961, running) created by main thread at:
    #0 pthread_create <null> (libclang_rt.tsan_osx_dynamic.dylib:arm64e+0x33834)
    #1 std::__1::thread::thread[abi:nqe210106]<void (*&)(int, int), int&, int&, 0>(void (*&)(int, int), int&, int&) thread.h:216 (occt_1157_stress_after:arm64+0x10000635c)
    #2 std::__1::thread* std::__1::vector<std::__1::thread, std::__1::allocator<std::__1::thread>>::__emplace_back_slow_path<void (*&)(int, int), int&, int&>(void (*&)(int, int), int&, int&) vector.h:1130 (occt_1157_stress_after:arm64+0x100006118)
    #3 runOne(char const*, int, int) occt_1157_stress.cpp:343 (occt_1157_stress_after:arm64+0x1000039d8)
    #4 main occt_1157_stress.cpp:380 (occt_1157_stress_after:arm64+0x100002e08)

  Thread T3 (tid=353963, running) created by main thread at:
    #0 pthread_create <null> (libclang_rt.tsan_osx_dynamic.dylib:arm64e+0x33834)
    #1 std::__1::thread::thread[abi:nqe210106]<void (*&)(int, int), int&, int&, 0>(void (*&)(int, int), int&, int&) thread.h:216 (occt_1157_stress_after:arm64+0x10000635c)
    #2 std::__1::thread* std::__1::vector<std::__1::thread, std::__1::allocator<std::__1::thread>>::__emplace_back_slow_path<void (*&)(int, int), int&, int&>(void (*&)(int, int), int&, int&) vector.h:1130 (occt_1157_stress_after:arm64+0x100006118)
    #3 runOne(char const*, int, int) occt_1157_stress.cpp:343 (occt_1157_stress_after:arm64+0x1000039d8)
    #4 main occt_1157_stress.cpp:380 (occt_1157_stress_after:arm64+0x100002e08)

SUMMARY: ThreadSanitizer: data race IFSelect_WorkSession.cxx:86 in IFSelect_WorkSession::IFSelect_WorkSession()
==================
WARNING: ThreadSanitizer: data race (pid=70935)
  Write of size 4 at 0x00011080b9e8 by thread T5:
    #0 STEPControl_ActorWrite::SetGroupMode(int) STEPControl_ActorWrite.cxx:473 (occt_1157_stress_after:arm64+0x1005309d0)
    #1 STEPControl_Writer::Transfer(TopoDS_Shape const&, STEPControl_StepModelType, DESTEP_Parameters const&, bool, Message_ProgressRange const&) STEPControl_Writer.cxx:156 (occt_1157_stress_after:arm64+0x100552cb0)
    #2 STEPControl_Writer::Transfer(TopoDS_Shape const&, STEPControl_StepModelType, bool, Message_ProgressRange const&) STEPControl_Writer.cxx:111 (occt_1157_stress_after:arm64+0x10055277c)
    #3 runStepWriteIndependent(int, int) occt_1157_stress.cpp:88 (occt_1157_stress_after:arm64+0x100000b14)
    #4 void* std::__1::__thread_proxy[abi:nqe210106]<std::__1::tuple<std::__1::unique_ptr<std::__1::__thread_struct, std::__1::default_delete<std::__1::__thread_struct>>, void (*)(int, int), int, int>>(void*) thread.h:168 (occt_1157_stress_after:arm64+0x100006494)

  Previous write of size 4 at 0x00011080b9e8 by thread T2:
    #0 STEPControl_ActorWrite::SetGroupMode(int) STEPControl_ActorWrite.cxx:473 (occt_1157_stress_after:arm64+0x1005309d0)
    #1 STEPControl_Writer::Transfer(TopoDS_Shape const&, STEPControl_StepModelType, DESTEP_Parameters const&, bool, Message_ProgressRange const&) STEPControl_Writer.cxx:156 (occt_1157_stress_after:arm64+0x100552cb0)
    #2 STEPControl_Writer::Transfer(TopoDS_Shape const&, STEPControl_StepModelType, bool, Message_ProgressRange const&) STEPControl_Writer.cxx:111 (occt_1157_stress_after:arm64+0x10055277c)
    #3 runStepWriteIndependent(int, int) occt_1157_stress.cpp:88 (occt_1157_stress_after:arm64+0x100000b14)
    #4 void* std::__1::__thread_proxy[abi:nqe210106]<std::__1::tuple<std::__1::unique_ptr<std::__1::__thread_struct, std::__1::default_delete<std::__1::__thread_struct>>, void (*)(int, int), int, int>>(void*) thread.h:168 (occt_1157_stress_after:arm64+0x100006494)

  Location is heap block of size 440 at 0x00011080b980 allocated by thread T4:
    #0 calloc <null> (libclang_rt.tsan_osx_dynamic.dylib:arm64e+0x67c40)
    #1 Standard::Allocate(unsigned long) Standard.cxx:386 (occt_1157_stress_after:arm64+0x1008c3310)
    #2 STEPControl_Controller::STEPControl_Controller() STEPControl_Controller.cxx:345 (occt_1157_stress_after:arm64+0x100545c78)
    #3 STEPControl_Controller::Init() STEPControl_Controller.cxx:494 (occt_1157_stress_after:arm64+0x100548128)
    #4 STEPControl_Writer::STEPControl_Writer() STEPControl_Writer.cxx:38 (occt_1157_stress_after:arm64+0x100551e0c)
    #5 STEPControl_Writer::STEPControl_Writer() STEPControl_Writer.cxx:37 (occt_1157_stress_after:arm64+0x100552088)
    #6 runStepWriteIndependent(int, int) occt_1157_stress.cpp:85 (occt_1157_stress_after:arm64+0x100000ad8)
    #7 void* std::__1::__thread_proxy[abi:nqe210106]<std::__1::tuple<std::__1::unique_ptr<std::__1::__thread_struct, std::__1::default_delete<std::__1::__thread_struct>>, void (*)(int, int), int, int>>(void*) thread.h:168 (occt_1157_stress_after:arm64+0x100006494)

  Thread T5 (tid=353965, running) created by main thread at:
    #0 pthread_create <null> (libclang_rt.tsan_osx_dynamic.dylib:arm64e+0x33834)
    #1 std::__1::thread::thread[abi:nqe210106]<void (*&)(int, int), int&, int&, 0>(void (*&)(int, int), int&, int&) thread.h:216 (occt_1157_stress_after:arm64+0x10000635c)
    #2 std::__1::thread* std::__1::vector<std::__1::thread, std::__1::allocator<std::__1::thread>>::__emplace_back_slow_path<void (*&)(int, int), int&, int&>(void (*&)(int, int), int&, int&) vector.h:1130 (occt_1157_stress_after:arm64+0x100006118)
    #3 runOne(char const*, int, int) occt_1157_stress.cpp:343 (occt_1157_stress_after:arm64+0x1000039d8)
    #4 main occt_1157_stress.cpp:380 (occt_1157_stress_after:arm64+0x100002e08)

  Thread T2 (tid=353962, running) created by main thread at:
    #0 pthread_create <null> (libclang_rt.tsan_osx_dynamic.dylib:arm64e+0x33834)
    #1 std::__1::thread::thread[abi:nqe210106]<void (*&)(int, int), int&, int&, 0>(void (*&)(int, int), int&, int&) thread.h:216 (occt_1157_stress_after:arm64+0x10000635c)
    #2 std::__1::thread* std::__1::vector<std::__1::thread, std::__1::allocator<std::__1::thread>>::__emplace_back_slow_path<void (*&)(int, int), int&, int&>(void (*&)(int, int), int&, int&) vector.h:1130 (occt_1157_stress_after:arm64+0x100006118)
    #3 runOne(char const*, int, int) occt_1157_stress.cpp:343 (occt_1157_stress_after:arm64+0x1000039d8)
    #4 main occt_1157_stress.cpp:380 (occt_1157_stress_after:arm64+0x100002e08)

  Thread T4 (tid=353964, running) created by main thread at:
    #0 pthread_create <null> (libclang_rt.tsan_osx_dynamic.dylib:arm64e+0x33834)
    #1 std::__1::thread::thread[abi:nqe210106]<void (*&)(int, int), int&, int&, 0>(void (*&)(int, int), int&, int&) thread.h:216 (occt_1157_stress_after:arm64+0x10000635c)
    #2 runOne(char const*, int, int) occt_1157_stress.cpp:343 (occt_1157_stress_after:arm64+0x1000039b0)
    #3 main occt_1157_stress.cpp:380 (occt_1157_stress_after:arm64+0x100002e08)

SUMMARY: ThreadSanitizer: data race STEPControl_ActorWrite.cxx:473 in STEPControl_ActorWrite::SetGroupMode(int)
==================
WARNING: ThreadSanitizer: data race (pid=70935)
  Write of size 4 at 0x00011080b9e8 by thread T2 (mutexes: write M0):
    #0 STEPControl_ActorWrite::SetGroupMode(int) STEPControl_ActorWrite.cxx:473 (occt_1157_stress_after:arm64+0x1005309d0)
    #1 STEPControl_Controller::TransferWriteShape(TopoDS_Shape const&, opencascade::handle<Transfer_FinderProcess> const&, opencascade::handle<Interface_InterfaceModel> const&, int, Message_ProgressRange const&) const STEPControl_Controller.cxx:469 (occt_1157_stress_after:arm64+0x100547a94)
    #2 XSControl_TransferWriter::TransferWriteShape(opencascade::handle<Interface_InterfaceModel> const&, TopoDS_Shape const&, Message_ProgressRange const&) XSControl_TransferWriter.cxx:179 (occt_1157_stress_after:arm64+0x1013ead34)
    #3 XSControl_WorkSession::TransferWriteShape(TopoDS_Shape const&, bool, Message_ProgressRange const&) XSControl_WorkSession.cxx:562 (occt_1157_stress_after:arm64+0x1013f6844)
    #4 STEPControl_Writer::Transfer(TopoDS_Shape const&, STEPControl_StepModelType, DESTEP_Parameters const&, bool, Message_ProgressRange const&) STEPControl_Writer.cxx:159 (occt_1157_stress_after:arm64+0x100552d18)
    #5 STEPControl_Writer::Transfer(TopoDS_Shape const&, STEPControl_StepModelType, bool, Message_ProgressRange const&) STEPControl_Writer.cxx:111 (occt_1157_stress_after:arm64+0x10055277c)
    #6 runStepWriteIndependent(int, int) occt_1157_stress.cpp:88 (occt_1157_stress_after:arm64+0x100000b14)
    #7 void* std::__1::__thread_proxy[abi:nqe210106]<std::__1::tuple<std::__1::unique_ptr<std::__1::__thread_struct, std::__1::default_delete<std::__1::__thread_struct>>, void (*)(int, int), int, int>>(void*) thread.h:168 (occt_1157_stress_after:arm64+0x100006494)

  Previous write of size 4 at 0x00011080b9e8 by thread T3:
    #0 STEPControl_ActorWrite::SetGroupMode(int) STEPControl_ActorWrite.cxx:473 (occt_1157_stress_after:arm64+0x1005309d0)
    #1 STEPControl_Writer::Transfer(TopoDS_Shape const&, STEPControl_StepModelType, DESTEP_Parameters const&, bool, Message_ProgressRange const&) STEPControl_Writer.cxx:156 (occt_1157_stress_after:arm64+0x100552cb0)
    #2 STEPControl_Writer::Transfer(TopoDS_Shape const&, STEPControl_StepModelType, bool, Message_ProgressRange const&) STEPControl_Writer.cxx:111 (occt_1157_stress_after:arm64+0x10055277c)
    #3 runStepWriteIndependent(int, int) occt_1157_stress.cpp:88 (occt_1157_stress_after:arm64+0x100000b14)
    #4 void* std::__1::__thread_proxy[abi:nqe210106]<std::__1::tuple<std::__1::unique_ptr<std::__1::__thread_struct, std::__1::default_delete<std::__1::__thread_struct>>, void (*)(int, int), int, int>>(void*) thread.h:168 (occt_1157_stress_after:arm64+0x100006494)

  Location is heap block of size 440 at 0x00011080b980 allocated by thread T4:
    #0 calloc <null> (libclang_rt.tsan_osx_dynamic.dylib:arm64e+0x67c40)
    #1 Standard::Allocate(unsigned long) Standard.cxx:386 (occt_1157_stress_after:arm64+0x1008c3310)
    #2 STEPControl_Controller::STEPControl_Controller() STEPControl_Controller.cxx:345 (occt_1157_stress_after:arm64+0x100545c78)
    #3 STEPControl_Controller::Init() STEPControl_Controller.cxx:494 (occt_1157_stress_after:arm64+0x100548128)
    #4 STEPControl_Writer::STEPControl_Writer() STEPControl_Writer.cxx:38 (occt_1157_stress_after:arm64+0x100551e0c)
    #5 STEPControl_Writer::STEPControl_Writer() STEPControl_Writer.cxx:37 (occt_1157_stress_after:arm64+0x100552088)
    #6 runStepWriteIndependent(int, int) occt_1157_stress.cpp:85 (occt_1157_stress_after:arm64+0x100000ad8)
    #7 void* std::__1::__thread_proxy[abi:nqe210106]<std::__1::tuple<std::__1::unique_ptr<std::__1::__thread_struct, std::__1::default_delete<std::__1::__thread_struct>>, void (*)(int, int), int, int>>(void*) thread.h:168 (occt_1157_stress_after:arm64+0x100006494)

  Mutex M0 (0x000106659358) created at:
    #0 pthread_mutex_lock <null> (libclang_rt.tsan_osx_dynamic.dylib:arm64e+0x356bc)
    #1 std::__1::mutex::lock() <null> (libc++.1.dylib:arm64e+0x300c)
    #2 STEPControl_Writer::SetWS(opencascade::handle<XSControl_WorkSession> const&, bool) STEPControl_Writer.cxx:56 (occt_1157_stress_after:arm64+0x100551fc4)
    #3 STEPControl_Writer::STEPControl_Writer() STEPControl_Writer.cxx:39 (occt_1157_stress_after:arm64+0x100551e4c)
    #4 STEPControl_Writer::STEPControl_Writer() STEPControl_Writer.cxx:37 (occt_1157_stress_after:arm64+0x100552088)
    #5 runStepWriteIndependent(int, int) occt_1157_stress.cpp:85 (occt_1157_stress_after:arm64+0x100000ad8)
    #6 void* std::__1::__thread_proxy[abi:nqe210106]<std::__1::tuple<std::__1::unique_ptr<std::__1::__thread_struct, std::__1::default_delete<std::__1::__thread_struct>>, void (*)(int, int), int, int>>(void*) thread.h:168 (occt_1157_stress_after:arm64+0x100006494)

  Thread T2 (tid=353962, running) created by main thread at:
    #0 pthread_create <null> (libclang_rt.tsan_osx_dynamic.dylib:arm64e+0x33834)
    #1 std::__1::thread::thread[abi:nqe210106]<void (*&)(int, int), int&, int&, 0>(void (*&)(int, int), int&, int&) thread.h:216 (occt_1157_stress_after:arm64+0x10000635c)
    #2 std::__1::thread* std::__1::vector<std::__1::thread, std::__1::allocator<std::__1::thread>>::__emplace_back_slow_path<void (*&)(int, int), int&, int&>(void (*&)(int, int), int&, int&) vector.h:1130 (occt_1157_stress_after:arm64+0x100006118)
    #3 runOne(char const*, int, int) occt_1157_stress.cpp:343 (occt_1157_stress_after:arm64+0x1000039d8)
    #4 main occt_1157_stress.cpp:380 (occt_1157_stress_after:arm64+0x100002e08)

  Thread T3 (tid=353963, running) created by main thread at:
    #0 pthread_create <null> (libclang_rt.tsan_osx_dynamic.dylib:arm64e+0x33834)
    #1 std::__1::thread::thread[abi:nqe210106]<void (*&)(int, int), int&, int&, 0>(void (*&)(int, int), int&, int&) thread.h:216 (occt_1157_stress_after:arm64+0x10000635c)
    #2 std::__1::thread* std::__1::vector<std::__1::thread, std::__1::allocator<std::__1::thread>>::__emplace_back_slow_path<void (*&)(int, int), int&, int&>(void (*&)(int, int), int&, int&) vector.h:1130 (occt_1157_stress_after:arm64+0x100006118)
    #3 runOne(char const*, int, int) occt_1157_stress.cpp:343 (occt_1157_stress_after:arm64+0x1000039d8)
    #4 main occt_1157_stress.cpp:380 (occt_1157_stress_after:arm64+0x100002e08)

  Thread T4 (tid=353964, running) created by main thread at:
    #0 pthread_create <null> (libclang_rt.tsan_osx_dynamic.dylib:arm64e+0x33834)
    #1 std::__1::thread::thread[abi:nqe210106]<void (*&)(int, int), int&, int&, 0>(void (*&)(int, int), int&, int&) thread.h:216 (occt_1157_stress_after:arm64+0x10000635c)
    #2 runOne(char const*, int, int) occt_1157_stress.cpp:343 (occt_1157_stress_after:arm64+0x1000039b0)
    #3 main occt_1157_stress.cpp:380 (occt_1157_stress_after:arm64+0x100002e08)

SUMMARY: ThreadSanitizer: data race STEPControl_ActorWrite.cxx:473 in STEPControl_ActorWrite::SetGroupMode(int)
==================
WARNING: ThreadSanitizer: data race (pid=70935)
  Read of size 8 at 0x0001fab5d950 by thread T5 (mutexes: write M0):
    #0 std::__1::ostreambuf_iterator<char, std::__1::char_traits<char>> std::__1::__pad_and_output[abi:nqe210106]<char, std::__1::char_traits<char>>(std::__1::ostreambuf_iterator<char, std::__1::char_traits<char>>, char const*, char const*, char const*, std::__1::ios_base&, char) pad_and_output.h:54 (occt_1157_stress_after:arm64+0x10000bfb0)
    #1 std::__1::basic_ostream<char, std::__1::char_traits<char>>& std::__1::__put_character_sequence[abi:nqe210106]<char, std::__1::char_traits<char>>(std::__1::basic_ostream<char, std::__1::char_traits<char>>&, char const*, unsigned long) put_character_sequence.h:37 (occt_1157_stress_after:arm64+0x10000be90)
    #2 Message_PrinterOStream::send(TCollection_AsciiString const&, Message_Gravity) const Message_PrinterOStream.cxx:155 (occt_1157_stress_after:arm64+0x1008f3b18)
    #3 Message_Printer::SendStringStream(std::__1::basic_stringstream<char, std::__1::char_traits<char>, std::__1::allocator<char>> const&, Message_Gravity) const Message_Printer.cxx:70 (occt_1157_stress_after:arm64+0x1008f311c)
    #4 Message_Messenger::Send(std::__1::basic_stringstream<char, std::__1::char_traits<char>, std::__1::allocator<char>> const&, Message_Gravity) const Message_Messenger.cxx:128 (occt_1157_stress_after:arm64+0x1008eee50)
    #5 Message_Messenger::StreamBuffer::Flush(bool) Message_Messenger.hxx:75 (occt_1157_stress_after:arm64+0x1000f0ab8)
    #6 Message_Messenger::StreamBuffer::~StreamBuffer() Message_Messenger.hxx:65 (occt_1157_stress_after:arm64+0x1000f08fc)
    #7 XSControl_TransferWriter::PrintStats(int, int) const XSControl_TransferWriter.cxx:62 (occt_1157_stress_after:arm64+0x1013ea27c)
    #8 XSControl_TransferWriter::TransferWriteShape(opencascade::handle<Interface_InterfaceModel> const&, TopoDS_Shape const&, Message_ProgressRange const&) XSControl_TransferWriter.cxx:176 (occt_1157_stress_after:arm64+0x1013eac6c)
    #9 XSControl_WorkSession::TransferWriteShape(TopoDS_Shape const&, bool, Message_ProgressRange const&) XSControl_WorkSession.cxx:562 (occt_1157_stress_after:arm64+0x1013f6844)
    #10 STEPControl_Writer::Transfer(TopoDS_Shape const&, STEPControl_StepModelType, DESTEP_Parameters const&, bool, Message_ProgressRange const&) STEPControl_Writer.cxx:159 (occt_1157_stress_after:arm64+0x100552d18)
    #11 STEPControl_Writer::Transfer(TopoDS_Shape const&, STEPControl_StepModelType, bool, Message_ProgressRange const&) STEPControl_Writer.cxx:111 (occt_1157_stress_after:arm64+0x10055277c)
    #12 runStepWriteIndependent(int, int) occt_1157_stress.cpp:88 (occt_1157_stress_after:arm64+0x100000b14)
    #13 void* std::__1::__thread_proxy[abi:nqe210106]<std::__1::tuple<std::__1::unique_ptr<std::__1::__thread_struct, std::__1::default_delete<std::__1::__thread_struct>>, void (*)(int, int), int, int>>(void*) thread.h:168 (occt_1157_stress_after:arm64+0x100006494)

  Previous write of size 8 at 0x0001fab5d950 by thread T2:
    #0 std::__1::ostreambuf_iterator<char, std::__1::char_traits<char>> std::__1::__pad_and_output[abi:nqe210106]<char, std::__1::char_traits<char>>(std::__1::ostreambuf_iterator<char, std::__1::char_traits<char>>, char const*, char const*, char const*, std::__1::ios_base&, char) pad_and_output.h:80 (occt_1157_stress_after:arm64+0x10000c148)
    #1 std::__1::basic_ostream<char, std::__1::char_traits<char>>& std::__1::__put_character_sequence[abi:nqe210106]<char, std::__1::char_traits<char>>(std::__1::basic_ostream<char, std::__1::char_traits<char>>&, char const*, unsigned long) put_character_sequence.h:37 (occt_1157_stress_after:arm64+0x10000be90)
    #2 Message_PrinterOStream::send(TCollection_AsciiString const&, Message_Gravity) const Message_PrinterOStream.cxx:163 (occt_1157_stress_after:arm64+0x1008f3b68)
    #3 Message_Printer::SendStringStream(std::__1::basic_stringstream<char, std::__1::char_traits<char>, std::__1::allocator<char>> const&, Message_Gravity) const Message_Printer.cxx:70 (occt_1157_stress_after:arm64+0x1008f311c)
    #4 Message_Messenger::Send(std::__1::basic_stringstream<char, std::__1::char_traits<char>, std::__1::allocator<char>> const&, Message_Gravity) const Message_Messenger.cxx:128 (occt_1157_stress_after:arm64+0x1008eee50)
    #5 Message_Messenger::StreamBuffer::Flush(bool) Message_Messenger.hxx:75 (occt_1157_stress_after:arm64+0x1000f0ab8)
    #6 Message_Messenger::StreamBuffer::~StreamBuffer() Message_Messenger.hxx:65 (occt_1157_stress_after:arm64+0x1000f08fc)
    #7 IFSelect_ModelCopier::SendAll(char const*, Interface_Graph const&, opencascade::handle<IFSelect_WorkLibrary> const&, opencascade::handle<Interface_Protocol> const&) IFSelect_ModelCopier.cxx:313 (occt_1157_stress_after:arm64+0x1013863fc)
    #8 IFSelect_WorkSession::SendAll(char const*, bool) IFSelect_WorkSession.cxx:2602 (occt_1157_stress_after:arm64+0x1013c046c)
    #9 STEPControl_Writer::Write(char const*) STEPControl_Writer.cxx:173 (occt_1157_stress_after:arm64+0x100553160)
    #10 runStepWriteIndependent(int, int) occt_1157_stress.cpp:97 (occt_1157_stress_after:arm64+0x100000fa8)
    #11 void* std::__1::__thread_proxy[abi:nqe210106]<std::__1::tuple<std::__1::unique_ptr<std::__1::__thread_struct, std::__1::default_delete<std::__1::__thread_struct>>, void (*)(int, int), int, int>>(void*) thread.h:168 (occt_1157_stress_after:arm64+0x100006494)

  Location is global 'std::__1::cout' at 0x0001fab5d930 (libc++.1.dylib+0x6cb3a950)

  Mutex M0 (0x000106659358) created at:
    #0 pthread_mutex_lock <null> (libclang_rt.tsan_osx_dynamic.dylib:arm64e+0x356bc)
    #1 std::__1::mutex::lock() <null> (libc++.1.dylib:arm64e+0x300c)
    #2 STEPControl_Writer::SetWS(opencascade::handle<XSControl_WorkSession> const&, bool) STEPControl_Writer.cxx:56 (occt_1157_stress_after:arm64+0x100551fc4)
    #3 STEPControl_Writer::STEPControl_Writer() STEPControl_Writer.cxx:39 (occt_1157_stress_after:arm64+0x100551e4c)
    #4 STEPControl_Writer::STEPControl_Writer() STEPControl_Writer.cxx:37 (occt_1157_stress_after:arm64+0x100552088)
    #5 runStepWriteIndependent(int, int) occt_1157_stress.cpp:85 (occt_1157_stress_after:arm64+0x100000ad8)
    #6 void* std::__1::__thread_proxy[abi:nqe210106]<std::__1::tuple<std::__1::unique_ptr<std::__1::__thread_struct, std::__1::default_delete<std::__1::__thread_struct>>, void (*)(int, int), int, int>>(void*) thread.h:168 (occt_1157_stress_after:arm64+0x100006494)

  Thread T5 (tid=353965, running) created by main thread at:
    #0 pthread_create <null> (libclang_rt.tsan_osx_dynamic.dylib:arm64e+0x33834)
    #1 std::__1::thread::thread[abi:nqe210106]<void (*&)(int, int), int&, int&, 0>(void (*&)(int, int), int&, int&) thread.h:216 (occt_1157_stress_after:arm64+0x10000635c)
    #2 std::__1::thread* std::__1::vector<std::__1::thread, std::__1::allocator<std::__1::thread>>::__emplace_back_slow_path<void (*&)(int, int), int&, int&>(void (*&)(int, int), int&, int&) vector.h:1130 (occt_1157_stress_after:arm64+0x100006118)
    #3 runOne(char const*, int, int) occt_1157_stress.cpp:343 (occt_1157_stress_after:arm64+0x1000039d8)
    #4 main occt_1157_stress.cpp:380 (occt_1157_stress_after:arm64+0x100002e08)

  Thread T2 (tid=353962, running) created by main thread at:
    #0 pthread_create <null> (libclang_rt.tsan_osx_dynamic.dylib:arm64e+0x33834)
    #1 std::__1::thread::thread[abi:nqe210106]<void (*&)(int, int), int&, int&, 0>(void (*&)(int, int), int&, int&) thread.h:216 (occt_1157_stress_after:arm64+0x10000635c)
    #2 std::__1::thread* std::__1::vector<std::__1::thread, std::__1::allocator<std::__1::thread>>::__emplace_back_slow_path<void (*&)(int, int), int&, int&>(void (*&)(int, int), int&, int&) vector.h:1130 (occt_1157_stress_after:arm64+0x100006118)
    #3 runOne(char const*, int, int) occt_1157_stress.cpp:343 (occt_1157_stress_after:arm64+0x1000039d8)
    #4 main occt_1157_stress.cpp:380 (occt_1157_stress_after:arm64+0x100002e08)

SUMMARY: ThreadSanitizer: data race pad_and_output.h:54 in std::__1::ostreambuf_iterator<char, std::__1::char_traits<char>> std::__1::__pad_and_output[abi:nqe210106]<char, std::__1::char_traits<char>>(std::__1::ostreambuf_iterator<char, std::__1::char_traits<char>>, char const*, char const*, char const*, std::__1::ios_base&, char)
==================
WARNING: ThreadSanitizer: data race (pid=70935)
  Write of size 8 at 0x0001fab5d950 by thread T5 (mutexes: write M0):
    #0 std::__1::ostreambuf_iterator<char, std::__1::char_traits<char>> std::__1::__pad_and_output[abi:nqe210106]<char, std::__1::char_traits<char>>(std::__1::ostreambuf_iterator<char, std::__1::char_traits<char>>, char const*, char const*, char const*, std::__1::ios_base&, char) pad_and_output.h:80 (occt_1157_stress_after:arm64+0x10000c148)
    #1 std::__1::basic_ostream<char, std::__1::char_traits<char>>& std::__1::__put_character_sequence[abi:nqe210106]<char, std::__1::char_traits<char>>(std::__1::basic_ostream<char, std::__1::char_traits<char>>&, char const*, unsigned long) put_character_sequence.h:37 (occt_1157_stress_after:arm64+0x10000be90)
    #2 Message_PrinterOStream::send(TCollection_AsciiString const&, Message_Gravity) const Message_PrinterOStream.cxx:155 (occt_1157_stress_after:arm64+0x1008f3b18)
    #3 Message_Printer::SendStringStream(std::__1::basic_stringstream<char, std::__1::char_traits<char>, std::__1::allocator<char>> const&, Message_Gravity) const Message_Printer.cxx:70 (occt_1157_stress_after:arm64+0x1008f311c)
    #4 Message_Messenger::Send(std::__1::basic_stringstream<char, std::__1::char_traits<char>, std::__1::allocator<char>> const&, Message_Gravity) const Message_Messenger.cxx:128 (occt_1157_stress_after:arm64+0x1008eee50)
    #5 Message_Messenger::StreamBuffer::Flush(bool) Message_Messenger.hxx:75 (occt_1157_stress_after:arm64+0x1000f0ab8)
    #6 Message_Messenger::StreamBuffer::~StreamBuffer() Message_Messenger.hxx:65 (occt_1157_stress_after:arm64+0x1000f08fc)
    #7 XSControl_TransferWriter::PrintStats(int, int) const XSControl_TransferWriter.cxx:62 (occt_1157_stress_after:arm64+0x1013ea27c)
    #8 XSControl_TransferWriter::TransferWriteShape(opencascade::handle<Interface_InterfaceModel> const&, TopoDS_Shape const&, Message_ProgressRange const&) XSControl_TransferWriter.cxx:176 (occt_1157_stress_after:arm64+0x1013eac6c)
    #9 XSControl_WorkSession::TransferWriteShape(TopoDS_Shape const&, bool, Message_ProgressRange const&) XSControl_WorkSession.cxx:562 (occt_1157_stress_after:arm64+0x1013f6844)
    #10 STEPControl_Writer::Transfer(TopoDS_Shape const&, STEPControl_StepModelType, DESTEP_Parameters const&, bool, Message_ProgressRange const&) STEPControl_Writer.cxx:159 (occt_1157_stress_after:arm64+0x100552d18)
    #11 STEPControl_Writer::Transfer(TopoDS_Shape const&, STEPControl_StepModelType, bool, Message_ProgressRange const&) STEPControl_Writer.cxx:111 (occt_1157_stress_after:arm64+0x10055277c)
    #12 runStepWriteIndependent(int, int) occt_1157_stress.cpp:88 (occt_1157_stress_after:arm64+0x100000b14)
    #13 void* std::__1::__thread_proxy[abi:nqe210106]<std::__1::tuple<std::__1::unique_ptr<std::__1::__thread_struct, std::__1::default_delete<std::__1::__thread_struct>>, void (*)(int, int), int, int>>(void*) thread.h:168 (occt_1157_stress_after:arm64+0x100006494)

  Previous write of size 8 at 0x0001fab5d950 by thread T2:
    #0 std::__1::ostreambuf_iterator<char, std::__1::char_traits<char>> std::__1::__pad_and_output[abi:nqe210106]<char, std::__1::char_traits<char>>(std::__1::ostreambuf_iterator<char, std::__1::char_traits<char>>, char const*, char const*, char const*, std::__1::ios_base&, char) pad_and_output.h:80 (occt_1157_stress_after:arm64+0x10000c148)
    #1 std::__1::basic_ostream<char, std::__1::char_traits<char>>& std::__1::__put_character_sequence[abi:nqe210106]<char, std::__1::char_traits<char>>(std::__1::basic_ostream<char, std::__1::char_traits<char>>&, char const*, unsigned long) put_character_sequence.h:37 (occt_1157_stress_after:arm64+0x10000be90)
    #2 Message_PrinterOStream::send(TCollection_AsciiString const&, Message_Gravity) const Message_PrinterOStream.cxx:163 (occt_1157_stress_after:arm64+0x1008f3b68)
    #3 Message_Printer::SendStringStream(std::__1::basic_stringstream<char, std::__1::char_traits<char>, std::__1::allocator<char>> const&, Message_Gravity) const Message_Printer.cxx:70 (occt_1157_stress_after:arm64+0x1008f311c)
    #4 Message_Messenger::Send(std::__1::basic_stringstream<char, std::__1::char_traits<char>, std::__1::allocator<char>> const&, Message_Gravity) const Message_Messenger.cxx:128 (occt_1157_stress_after:arm64+0x1008eee50)
    #5 Message_Messenger::StreamBuffer::Flush(bool) Message_Messenger.hxx:75 (occt_1157_stress_after:arm64+0x1000f0ab8)
    #6 Message_Messenger::StreamBuffer::~StreamBuffer() Message_Messenger.hxx:65 (occt_1157_stress_after:arm64+0x1000f08fc)
    #7 StepSelect_WorkLibrary::WriteFile(IFSelect_ContextWrite&) const StepSelect_WorkLibrary.cxx:150 (occt_1157_stress_after:arm64+0x10082ccc0)
    #8 IFSelect_ModelCopier::SendAll(char const*, Interface_Graph const&, opencascade::handle<IFSelect_WorkLibrary> const&, opencascade::handle<Interface_Protocol> const&) IFSelect_ModelCopier.cxx:343 (occt_1157_stress_after:arm64+0x10138656c)
    #9 IFSelect_WorkSession::SendAll(char const*, bool) IFSelect_WorkSession.cxx:2602 (occt_1157_stress_after:arm64+0x1013c046c)
    #10 STEPControl_Writer::Write(char const*) STEPControl_Writer.cxx:173 (occt_1157_stress_after:arm64+0x100553160)
    #11 runStepWriteIndependent(int, int) occt_1157_stress.cpp:97 (occt_1157_stress_after:arm64+0x100000fa8)
    #12 void* std::__1::__thread_proxy[abi:nqe210106]<std::__1::tuple<std::__1::unique_ptr<std::__1::__thread_struct, std::__1::default_delete<std::__1::__thread_struct>>, void (*)(int, int), int, int>>(void*) thread.h:168 (occt_1157_stress_after:arm64+0x100006494)

  Location is global 'std::__1::cout' at 0x0001fab5d930 (libc++.1.dylib+0x6cb3a950)

  Mutex M0 (0x000106659358) created at:
    #0 pthread_mutex_lock <null> (libclang_rt.tsan_osx_dynamic.dylib:arm64e+0x356bc)
    #1 std::__1::mutex::lock() <null> (libc++.1.dylib:arm64e+0x300c)
    #2 STEPControl_Writer::SetWS(opencascade::handle<XSControl_WorkSession> const&, bool) STEPControl_Writer.cxx:56 (occt_1157_stress_after:arm64+0x100551fc4)
    #3 STEPControl_Writer::STEPControl_Writer() STEPControl_Writer.cxx:39 (occt_1157_stress_after:arm64+0x100551e4c)
    #4 STEPControl_Writer::STEPControl_Writer() STEPControl_Writer.cxx:37 (occt_1157_stress_after:arm64+0x100552088)
    #5 runStepWriteIndependent(int, int) occt_1157_stress.cpp:85 (occt_1157_stress_after:arm64+0x100000ad8)
    #6 void* std::__1::__thread_proxy[abi:nqe210106]<std::__1::tuple<std::__1::unique_ptr<std::__1::__thread_struct, std::__1::default_delete<std::__1::__thread_struct>>, void (*)(int, int), int, int>>(void*) thread.h:168 (occt_1157_stress_after:arm64+0x100006494)

  Thread T5 (tid=353965, running) created by main thread at:
    #0 pthread_create <null> (libclang_rt.tsan_osx_dynamic.dylib:arm64e+0x33834)
    #1 std::__1::thread::thread[abi:nqe210106]<void (*&)(int, int), int&, int&, 0>(void (*&)(int, int), int&, int&) thread.h:216 (occt_1157_stress_after:arm64+0x10000635c)
    #2 std::__1::thread* std::__1::vector<std::__1::thread, std::__1::allocator<std::__1::thread>>::__emplace_back_slow_path<void (*&)(int, int), int&, int&>(void (*&)(int, int), int&, int&) vector.h:1130 (occt_1157_stress_after:arm64+0x100006118)
    #3 runOne(char const*, int, int) occt_1157_stress.cpp:343 (occt_1157_stress_after:arm64+0x1000039d8)
    #4 main occt_1157_stress.cpp:380 (occt_1157_stress_after:arm64+0x100002e08)

  Thread T2 (tid=353962, running) created by main thread at:
    #0 pthread_create <null> (libclang_rt.tsan_osx_dynamic.dylib:arm64e+0x33834)
    #1 std::__1::thread::thread[abi:nqe210106]<void (*&)(int, int), int&, int&, 0>(void (*&)(int, int), int&, int&) thread.h:216 (occt_1157_stress_after:arm64+0x10000635c)
    #2 std::__1::thread* std::__1::vector<std::__1::thread, std::__1::allocator<std::__1::thread>>::__emplace_back_slow_path<void (*&)(int, int), int&, int&>(void (*&)(int, int), int&, int&) vector.h:1130 (occt_1157_stress_after:arm64+0x100006118)
    #3 runOne(char const*, int, int) occt_1157_stress.cpp:343 (occt_1157_stress_after:arm64+0x1000039d8)
    #4 main occt_1157_stress.cpp:380 (occt_1157_stress_after:arm64+0x100002e08)

SUMMARY: ThreadSanitizer: data race pad_and_output.h:80 in std::__1::ostreambuf_iterator<char, std::__1::char_traits<char>> std::__1::__pad_and_output[abi:nqe210106]<char, std::__1::char_traits<char>>(std::__1::ostreambuf_iterator<char, std::__1::char_traits<char>>, char const*, char const*, char const*, std::__1::ios_base&, char)
==================
WARNING: ThreadSanitizer: data race (pid=70935)
  Write of size 1 at 0x000106663cf8 by thread T5:
    #0 IFSelect_WorkSession::SendAll(char const*, bool) IFSelect_WorkSession.cxx:2597 (occt_1157_stress_after:arm64+0x1013c0408)
    #1 STEPControl_Writer::Write(char const*) STEPControl_Writer.cxx:173 (occt_1157_stress_after:arm64+0x100553160)
    #2 runStepWriteIndependent(int, int) occt_1157_stress.cpp:97 (occt_1157_stress_after:arm64+0x100000fa8)
    #3 void* std::__1::__thread_proxy[abi:nqe210106]<std::__1::tuple<std::__1::unique_ptr<std::__1::__thread_struct, std::__1::default_delete<std::__1::__thread_struct>>, void (*)(int, int), int, int>>(void*) thread.h:168 (occt_1157_stress_after:arm64+0x100006494)

  Previous write of size 1 at 0x000106663cf8 by thread T2:
    #0 IFSelect_WorkSession::IFSelect_WorkSession() IFSelect_WorkSession.cxx:86 (occt_1157_stress_after:arm64+0x1013b0800)
    #1 XSControl_WorkSession::XSControl_WorkSession() XSControl_WorkSession.cxx:50 (occt_1157_stress_after:arm64+0x1013f3a90)
    #2 XSControl_WorkSession::XSControl_WorkSession() XSControl_WorkSession.cxx:54 (occt_1157_stress_after:arm64+0x1013f3ddc)
    #3 STEPControl_Writer::STEPControl_Writer() STEPControl_Writer.cxx:39 (occt_1157_stress_after:arm64+0x100551e1c)
    #4 STEPControl_Writer::STEPControl_Writer() STEPControl_Writer.cxx:37 (occt_1157_stress_after:arm64+0x100552088)
    #5 runStepWriteIndependent(int, int) occt_1157_stress.cpp:85 (occt_1157_stress_after:arm64+0x100000ad8)
    #6 void* std::__1::__thread_proxy[abi:nqe210106]<std::__1::tuple<std::__1::unique_ptr<std::__1::__thread_struct, std::__1::default_delete<std::__1::__thread_struct>>, void (*)(int, int), int, int>>(void*) thread.h:168 (occt_1157_stress_after:arm64+0x100006494)

  Location is global 'errhand' at 0x000106663cf8 (occt_1157_stress_after+0x101cb3cf8)

  Thread T5 (tid=353965, running) created by main thread at:
    #0 pthread_create <null> (libclang_rt.tsan_osx_dynamic.dylib:arm64e+0x33834)
    #1 std::__1::thread::thread[abi:nqe210106]<void (*&)(int, int), int&, int&, 0>(void (*&)(int, int), int&, int&) thread.h:216 (occt_1157_stress_after:arm64+0x10000635c)
    #2 std::__1::thread* std::__1::vector<std::__1::thread, std::__1::allocator<std::__1::thread>>::__emplace_back_slow_path<void (*&)(int, int), int&, int&>(void (*&)(int, int), int&, int&) vector.h:1130 (occt_1157_stress_after:arm64+0x100006118)
    #3 runOne(char const*, int, int) occt_1157_stress.cpp:343 (occt_1157_stress_after:arm64+0x1000039d8)
    #4 main occt_1157_stress.cpp:380 (occt_1157_stress_after:arm64+0x100002e08)

  Thread T2 (tid=353962, running) created by main thread at:
    #0 pthread_create <null> (libclang_rt.tsan_osx_dynamic.dylib:arm64e+0x33834)
    #1 std::__1::thread::thread[abi:nqe210106]<void (*&)(int, int), int&, int&, 0>(void (*&)(int, int), int&, int&) thread.h:216 (occt_1157_stress_after:arm64+0x10000635c)
    #2 std::__1::thread* std::__1::vector<std::__1::thread, std::__1::allocator<std::__1::thread>>::__emplace_back_slow_path<void (*&)(int, int), int&, int&>(void (*&)(int, int), int&, int&) vector.h:1130 (occt_1157_stress_after:arm64+0x100006118)
    #3 runOne(char const*, int, int) occt_1157_stress.cpp:343 (occt_1157_stress_after:arm64+0x1000039d8)
    #4 main occt_1157_stress.cpp:380 (occt_1157_stress_after:arm64+0x100002e08)

SUMMARY: ThreadSanitizer: data race IFSelect_WorkSession.cxx:2597 in IFSelect_WorkSession::SendAll(char const*, bool)
==================
WARNING: ThreadSanitizer: data race (pid=70935)
  Write of size 8 at 0x0001fab5d950 by thread T5:
    #0 std::__1::ostreambuf_iterator<char, std::__1::char_traits<char>> std::__1::__pad_and_output[abi:nqe210106]<char, std::__1::char_traits<char>>(std::__1::ostreambuf_iterator<char, std::__1::char_traits<char>>, char const*, char const*, char const*, std::__1::ios_base&, char) pad_and_output.h:80 (occt_1157_stress_after:arm64+0x10000c148)
    #1 std::__1::basic_ostream<char, std::__1::char_traits<char>>& std::__1::__put_character_sequence[abi:nqe210106]<char, std::__1::char_traits<char>>(std::__1::basic_ostream<char, std::__1::char_traits<char>>&, char const*, unsigned long) put_character_sequence.h:37 (occt_1157_stress_after:arm64+0x10000be90)
    #2 Message_PrinterOStream::send(TCollection_AsciiString const&, Message_Gravity) const Message_PrinterOStream.cxx:155 (occt_1157_stress_after:arm64+0x1008f3b18)
    #3 Message_Printer::SendStringStream(std::__1::basic_stringstream<char, std::__1::char_traits<char>, std::__1::allocator<char>> const&, Message_Gravity) const Message_Printer.cxx:70 (occt_1157_stress_after:arm64+0x1008f311c)
    #4 Message_Messenger::Send(std::__1::basic_stringstream<char, std::__1::char_traits<char>, std::__1::allocator<char>> const&, Message_Gravity) const Message_Messenger.cxx:128 (occt_1157_stress_after:arm64+0x1008eee50)
    #5 Message_Messenger::StreamBuffer::Flush(bool) Message_Messenger.hxx:75 (occt_1157_stress_after:arm64+0x1000f0ab8)
    #6 Message_Messenger::StreamBuffer::~StreamBuffer() Message_Messenger.hxx:65 (occt_1157_stress_after:arm64+0x1000f08fc)
    #7 IFSelect_ModelCopier::SendAll(char const*, Interface_Graph const&, opencascade::handle<IFSelect_WorkLibrary> const&, opencascade::handle<Interface_Protocol> const&) IFSelect_ModelCopier.cxx:313 (occt_1157_stress_after:arm64+0x1013863fc)
    #8 IFSelect_WorkSession::SendAll(char const*, bool) IFSelect_WorkSession.cxx:2602 (occt_1157_stress_after:arm64+0x1013c046c)
    #9 STEPControl_Writer::Write(char const*) STEPControl_Writer.cxx:173 (occt_1157_stress_after:arm64+0x100553160)
    #10 runStepWriteIndependent(int, int) occt_1157_stress.cpp:97 (occt_1157_stress_after:arm64+0x100000fa8)
    #11 void* std::__1::__thread_proxy[abi:nqe210106]<std::__1::tuple<std::__1::unique_ptr<std::__1::__thread_struct, std::__1::default_delete<std::__1::__thread_struct>>, void (*)(int, int), int, int>>(void*) thread.h:168 (occt_1157_stress_after:arm64+0x100006494)

  Previous write of size 8 at 0x0001fab5d950 by thread T3 (mutexes: write M0):
    #0 std::__1::ostreambuf_iterator<char, std::__1::char_traits<char>> std::__1::__pad_and_output[abi:nqe210106]<char, std::__1::char_traits<char>>(std::__1::ostreambuf_iterator<char, std::__1::char_traits<char>>, char const*, char const*, char const*, std::__1::ios_base&, char) pad_and_output.h:80 (occt_1157_stress_after:arm64+0x10000c148)
    #1 std::__1::basic_ostream<char, std::__1::char_traits<char>>& std::__1::__put_character_sequence[abi:nqe210106]<char, std::__1::char_traits<char>>(std::__1::basic_ostream<char, std::__1::char_traits<char>>&, char const*, unsigned long) put_character_sequence.h:37 (occt_1157_stress_after:arm64+0x10000be90)
    #2 Message_PrinterOStream::send(TCollection_AsciiString const&, Message_Gravity) const Message_PrinterOStream.cxx:163 (occt_1157_stress_after:arm64+0x1008f3b68)
    #3 Message_Printer::SendStringStream(std::__1::basic_stringstream<char, std::__1::char_traits<char>, std::__1::allocator<char>> const&, Message_Gravity) const Message_Printer.cxx:70 (occt_1157_stress_after:arm64+0x1008f311c)
    #4 Message_Messenger::Send(std::__1::basic_stringstream<char, std::__1::char_traits<char>, std::__1::allocator<char>> const&, Message_Gravity) const Message_Messenger.cxx:128 (occt_1157_stress_after:arm64+0x1008eee50)
    #5 Message_Messenger::StreamBuffer::Flush(bool) Message_Messenger.hxx:75 (occt_1157_stress_after:arm64+0x1000f0ab8)
    #6 Message_Messenger::StreamBuffer::~StreamBuffer() Message_Messenger.hxx:65 (occt_1157_stress_after:arm64+0x1000f08fc)
    #7 XSControl_TransferWriter::TransferWriteShape(opencascade::handle<Interface_InterfaceModel> const&, TopoDS_Shape const&, Message_ProgressRange const&) XSControl_TransferWriter.cxx:193 (occt_1157_stress_after:arm64+0x1013ead7c)
    #8 XSControl_WorkSession::TransferWriteShape(TopoDS_Shape const&, bool, Message_ProgressRange const&) XSControl_WorkSession.cxx:562 (occt_1157_stress_after:arm64+0x1013f6844)
    #9 STEPControl_Writer::Transfer(TopoDS_Shape const&, STEPControl_StepModelType, DESTEP_Parameters const&, bool, Message_ProgressRange const&) STEPControl_Writer.cxx:159 (occt_1157_stress_after:arm64+0x100552d18)
    #10 STEPControl_Writer::Transfer(TopoDS_Shape const&, STEPControl_StepModelType, bool, Message_ProgressRange const&) STEPControl_Writer.cxx:111 (occt_1157_stress_after:arm64+0x10055277c)
    #11 runStepWriteIndependent(int, int) occt_1157_stress.cpp:88 (occt_1157_stress_after:arm64+0x100000b14)
    #12 void* std::__1::__thread_proxy[abi:nqe210106]<std::__1::tuple<std::__1::unique_ptr<std::__1::__thread_struct, std::__1::default_delete<std::__1::__thread_struct>>, void (*)(int, int), int, int>>(void*) thread.h:168 (occt_1157_stress_after:arm64+0x100006494)

  Location is global 'std::__1::cout' at 0x0001fab5d930 (libc++.1.dylib+0x6cb3a950)

  Mutex M0 (0x000106659358) created at:
    #0 pthread_mutex_lock <null> (libclang_rt.tsan_osx_dynamic.dylib:arm64e+0x356bc)
    #1 std::__1::mutex::lock() <null> (libc++.1.dylib:arm64e+0x300c)
    #2 STEPControl_Writer::SetWS(opencascade::handle<XSControl_WorkSession> const&, bool) STEPControl_Writer.cxx:56 (occt_1157_stress_after:arm64+0x100551fc4)
    #3 STEPControl_Writer::STEPControl_Writer() STEPControl_Writer.cxx:39 (occt_1157_stress_after:arm64+0x100551e4c)
    #4 STEPControl_Writer::STEPControl_Writer() STEPControl_Writer.cxx:37 (occt_1157_stress_after:arm64+0x100552088)
    #5 runStepWriteIndependent(int, int) occt_1157_stress.cpp:85 (occt_1157_stress_after:arm64+0x100000ad8)
    #6 void* std::__1::__thread_proxy[abi:nqe210106]<std::__1::tuple<std::__1::unique_ptr<std::__1::__thread_struct, std::__1::default_delete<std::__1::__thread_struct>>, void (*)(int, int), int, int>>(void*) thread.h:168 (occt_1157_stress_after:arm64+0x100006494)

  Thread T5 (tid=353965, running) created by main thread at:
    #0 pthread_create <null> (libclang_rt.tsan_osx_dynamic.dylib:arm64e+0x33834)
    #1 std::__1::thread::thread[abi:nqe210106]<void (*&)(int, int), int&, int&, 0>(void (*&)(int, int), int&, int&) thread.h:216 (occt_1157_stress_after:arm64+0x10000635c)
    #2 std::__1::thread* std::__1::vector<std::__1::thread, std::__1::allocator<std::__1::thread>>::__emplace_back_slow_path<void (*&)(int, int), int&, int&>(void (*&)(int, int), int&, int&) vector.h:1130 (occt_1157_stress_after:arm64+0x100006118)
    #3 runOne(char const*, int, int) occt_1157_stress.cpp:343 (occt_1157_stress_after:arm64+0x1000039d8)
    #4 main occt_1157_stress.cpp:380 (occt_1157_stress_after:arm64+0x100002e08)

  Thread T3 (tid=353963, running) created by main thread at:
    #0 pthread_create <null> (libclang_rt.tsan_osx_dynamic.dylib:arm64e+0x33834)
    #1 std::__1::thread::thread[abi:nqe210106]<void (*&)(int, int), int&, int&, 0>(void (*&)(int, int), int&, int&) thread.h:216 (occt_1157_stress_after:arm64+0x10000635c)
    #2 std::__1::thread* std::__1::vector<std::__1::thread, std::__1::allocator<std::__1::thread>>::__emplace_back_slow_path<void (*&)(int, int), int&, int&>(void (*&)(int, int), int&, int&) vector.h:1130 (occt_1157_stress_after:arm64+0x100006118)
    #3 runOne(char const*, int, int) occt_1157_stress.cpp:343 (occt_1157_stress_after:arm64+0x1000039d8)
    #4 main occt_1157_stress.cpp:380 (occt_1157_stress_after:arm64+0x100002e08)

SUMMARY: ThreadSanitizer: data race pad_and_output.h:80 in std::__1::ostreambuf_iterator<char, std::__1::char_traits<char>> std::__1::__pad_and_output[abi:nqe210106]<char, std::__1::char_traits<char>>(std::__1::ostreambuf_iterator<char, std::__1::char_traits<char>>, char const*, char const*, char const*, std::__1::ios_base&, char)
==================
WARNING: ThreadSanitizer: data race (pid=70935)
  Write of size 8 at 0x0001fab5d950 by thread T3:
    #0 std::__1::ostreambuf_iterator<char, std::__1::char_traits<char>> std::__1::__pad_and_output[abi:nqe210106]<char, std::__1::char_traits<char>>(std::__1::ostreambuf_iterator<char, std::__1::char_traits<char>>, char const*, char const*, char const*, std::__1::ios_base&, char) pad_and_output.h:80 (occt_1157_stress_after:arm64+0x10000c148)
    #1 std::__1::basic_ostream<char, std::__1::char_traits<char>>& std::__1::__put_character_sequence[abi:nqe210106]<char, std::__1::char_traits<char>>(std::__1::basic_ostream<char, std::__1::char_traits<char>>&, char const*, unsigned long) put_character_sequence.h:37 (occt_1157_stress_after:arm64+0x10000be90)
    #2 Message_PrinterOStream::send(TCollection_AsciiString const&, Message_Gravity) const Message_PrinterOStream.cxx:155 (occt_1157_stress_after:arm64+0x1008f3b18)
    #3 Message_Printer::SendStringStream(std::__1::basic_stringstream<char, std::__1::char_traits<char>, std::__1::allocator<char>> const&, Message_Gravity) const Message_Printer.cxx:70 (occt_1157_stress_after:arm64+0x1008f311c)
    #4 Message_Messenger::Send(std::__1::basic_stringstream<char, std::__1::char_traits<char>, std::__1::allocator<char>> const&, Message_Gravity) const Message_Messenger.cxx:128 (occt_1157_stress_after:arm64+0x1008eee50)
    #5 Message_Messenger::StreamBuffer::Flush(bool) Message_Messenger.hxx:75 (occt_1157_stress_after:arm64+0x1000f0ab8)
    #6 Message_Messenger::StreamBuffer::~StreamBuffer() Message_Messenger.hxx:65 (occt_1157_stress_after:arm64+0x1000f08fc)
    #7 IFSelect_ModelCopier::SendAll(char const*, Interface_Graph const&, opencascade::handle<IFSelect_WorkLibrary> const&, opencascade::handle<Interface_Protocol> const&) IFSelect_ModelCopier.cxx:313 (occt_1157_stress_after:arm64+0x1013863fc)
    #8 IFSelect_WorkSession::SendAll(char const*, bool) IFSelect_WorkSession.cxx:2618 (occt_1157_stress_after:arm64+0x1013c0560)
    #9 STEPControl_Writer::Write(char const*) STEPControl_Writer.cxx:173 (occt_1157_stress_after:arm64+0x100553160)
    #10 runStepWriteIndependent(int, int) occt_1157_stress.cpp:97 (occt_1157_stress_after:arm64+0x100000fa8)
    #11 void* std::__1::__thread_proxy[abi:nqe210106]<std::__1::tuple<std::__1::unique_ptr<std::__1::__thread_struct, std::__1::default_delete<std::__1::__thread_struct>>, void (*)(int, int), int, int>>(void*) thread.h:168 (occt_1157_stress_after:arm64+0x100006494)

  Previous write of size 8 at 0x0001fab5d950 by thread T8 (mutexes: write M0):
    #0 std::__1::ostreambuf_iterator<char, std::__1::char_traits<char>> std::__1::__pad_and_output[abi:nqe210106]<char, std::__1::char_traits<char>>(std::__1::ostreambuf_iterator<char, std::__1::char_traits<char>>, char const*, char const*, char const*, std::__1::ios_base&, char) pad_and_output.h:80 (occt_1157_stress_after:arm64+0x10000c148)
    #1 std::__1::basic_ostream<char, std::__1::char_traits<char>>& std::__1::__put_character_sequence[abi:nqe210106]<char, std::__1::char_traits<char>>(std::__1::basic_ostream<char, std::__1::char_traits<char>>&, char const*, unsigned long) put_character_sequence.h:37 (occt_1157_stress_after:arm64+0x10000be90)
    #2 Message_PrinterOStream::send(TCollection_AsciiString const&, Message_Gravity) const Message_PrinterOStream.cxx:163 (occt_1157_stress_after:arm64+0x1008f3b68)
    #3 Message_Printer::SendStringStream(std::__1::basic_stringstream<char, std::__1::char_traits<char>, std::__1::allocator<char>> const&, Message_Gravity) const Message_Printer.cxx:70 (occt_1157_stress_after:arm64+0x1008f311c)
    #4 Message_Messenger::Send(std::__1::basic_stringstream<char, std::__1::char_traits<char>, std::__1::allocator<char>> const&, Message_Gravity) const Message_Messenger.cxx:128 (occt_1157_stress_after:arm64+0x1008eee50)
    #5 Message_Messenger::StreamBuffer::Flush(bool) Message_Messenger.hxx:75 (occt_1157_stress_after:arm64+0x1000f0ab8)
    #6 Message_Messenger::StreamBuffer::~StreamBuffer() Message_Messenger.hxx:65 (occt_1157_stress_after:arm64+0x1000f08fc)
    #7 XSControl_TransferWriter::PrintStats(int, int) const XSControl_TransferWriter.cxx:62 (occt_1157_stress_after:arm64+0x1013ea27c)
    #8 XSControl_TransferWriter::TransferWriteShape(opencascade::handle<Interface_InterfaceModel> const&, TopoDS_Shape const&, Message_ProgressRange const&) XSControl_TransferWriter.cxx:176 (occt_1157_stress_after:arm64+0x1013eac6c)
    #9 XSControl_WorkSession::TransferWriteShape(TopoDS_Shape const&, bool, Message_ProgressRange const&) XSControl_WorkSession.cxx:562 (occt_1157_stress_after:arm64+0x1013f6844)
    #10 STEPControl_Writer::Transfer(TopoDS_Shape const&, STEPControl_StepModelType, DESTEP_Parameters const&, bool, Message_ProgressRange const&) STEPControl_Writer.cxx:159 (occt_1157_stress_after:arm64+0x100552d18)
    #11 STEPControl_Writer::Transfer(TopoDS_Shape const&, STEPControl_StepModelType, bool, Message_ProgressRange const&) STEPControl_Writer.cxx:111 (occt_1157_stress_after:arm64+0x10055277c)
    #12 runStepWriteIndependent(int, int) occt_1157_stress.cpp:88 (occt_1157_stress_after:arm64+0x100000b14)
    #13 void* std::__1::__thread_proxy[abi:nqe210106]<std::__1::tuple<std::__1::unique_ptr<std::__1::__thread_struct, std::__1::default_delete<std::__1::__thread_struct>>, void (*)(int, int), int, int>>(void*) thread.h:168 (occt_1157_stress_after:arm64+0x100006494)

  Location is global 'std::__1::cout' at 0x0001fab5d930 (libc++.1.dylib+0x6cb3a950)

  Mutex M0 (0x000106659358) created at:
    #0 pthread_mutex_lock <null> (libclang_rt.tsan_osx_dynamic.dylib:arm64e+0x356bc)
    #1 std::__1::mutex::lock() <null> (libc++.1.dylib:arm64e+0x300c)
    #2 STEPControl_Writer::SetWS(opencascade::handle<XSControl_WorkSession> const&, bool) STEPControl_Writer.cxx:56 (occt_1157_stress_after:arm64+0x100551fc4)
    #3 STEPControl_Writer::STEPControl_Writer() STEPControl_Writer.cxx:39 (occt_1157_stress_after:arm64+0x100551e4c)
    #4 STEPControl_Writer::STEPControl_Writer() STEPControl_Writer.cxx:37 (occt_1157_stress_after:arm64+0x100552088)
    #5 runStepWriteIndependent(int, int) occt_1157_stress.cpp:85 (occt_1157_stress_after:arm64+0x100000ad8)
    #6 void* std::__1::__thread_proxy[abi:nqe210106]<std::__1::tuple<std::__1::unique_ptr<std::__1::__thread_struct, std::__1::default_delete<std::__1::__thread_struct>>, void (*)(int, int), int, int>>(void*) thread.h:168 (occt_1157_stress_after:arm64+0x100006494)

  Thread T3 (tid=353963, running) created by main thread at:
    #0 pthread_create <null> (libclang_rt.tsan_osx_dynamic.dylib:arm64e+0x33834)
    #1 std::__1::thread::thread[abi:nqe210106]<void (*&)(int, int), int&, int&, 0>(void (*&)(int, int), int&, int&) thread.h:216 (occt_1157_stress_after:arm64+0x10000635c)
    #2 std::__1::thread* std::__1::vector<std::__1::thread, std::__1::allocator<std::__1::thread>>::__emplace_back_slow_path<void (*&)(int, int), int&, int&>(void (*&)(int, int), int&, int&) vector.h:1130 (occt_1157_stress_after:arm64+0x100006118)
    #3 runOne(char const*, int, int) occt_1157_stress.cpp:343 (occt_1157_stress_after:arm64+0x1000039d8)
    #4 main occt_1157_stress.cpp:380 (occt_1157_stress_after:arm64+0x100002e08)

  Thread T8 (tid=353968, running) created by main thread at:
    #0 pthread_create <null> (libclang_rt.tsan_osx_dynamic.dylib:arm64e+0x33834)
    #1 std::__1::thread::thread[abi:nqe210106]<void (*&)(int, int), int&, int&, 0>(void (*&)(int, int), int&, int&) thread.h:216 (occt_1157_stress_after:arm64+0x10000635c)
    #2 runOne(char const*, int, int) occt_1157_stress.cpp:343 (occt_1157_stress_after:arm64+0x1000039b0)
    #3 main occt_1157_stress.cpp:380 (occt_1157_stress_after:arm64+0x100002e08)

SUMMARY: ThreadSanitizer: data race pad_and_output.h:80 in std::__1::ostreambuf_iterator<char, std::__1::char_traits<char>> std::__1::__pad_and_output[abi:nqe210106]<char, std::__1::char_traits<char>>(std::__1::ostreambuf_iterator<char, std::__1::char_traits<char>>, char const*, char const*, char const*, std::__1::ios_base&, char)
==================
WARNING: ThreadSanitizer: data race (pid=70935)
  Write of size 8 at 0x0001fab5d950 by thread T8 (mutexes: write M0):
    #0 std::__1::ostreambuf_iterator<char, std::__1::char_traits<char>> std::__1::__pad_and_output[abi:nqe210106]<char, std::__1::char_traits<char>>(std::__1::ostreambuf_iterator<char, std::__1::char_traits<char>>, char const*, char const*, char const*, std::__1::ios_base&, char) pad_and_output.h:80 (occt_1157_stress_after:arm64+0x10000c148)
    #1 std::__1::basic_ostream<char, std::__1::char_traits<char>>& std::__1::__put_character_sequence[abi:nqe210106]<char, std::__1::char_traits<char>>(std::__1::basic_ostream<char, std::__1::char_traits<char>>&, char const*, unsigned long) put_character_sequence.h:37 (occt_1157_stress_after:arm64+0x10000be90)
    #2 Message_PrinterOStream::send(TCollection_AsciiString const&, Message_Gravity) const Message_PrinterOStream.cxx:155 (occt_1157_stress_after:arm64+0x1008f3b18)
    #3 Message_Printer::SendStringStream(std::__1::basic_stringstream<char, std::__1::char_traits<char>, std::__1::allocator<char>> const&, Message_Gravity) const Message_Printer.cxx:70 (occt_1157_stress_after:arm64+0x1008f311c)
    #4 Message_Messenger::Send(std::__1::basic_stringstream<char, std::__1::char_traits<char>, std::__1::allocator<char>> const&, Message_Gravity) const Message_Messenger.cxx:128 (occt_1157_stress_after:arm64+0x1008eee50)
    #5 Message_Messenger::StreamBuffer::Flush(bool) Message_Messenger.hxx:75 (occt_1157_stress_after:arm64+0x1000f0ab8)
    #6 Message_Messenger::StreamBuffer::~StreamBuffer() Message_Messenger.hxx:65 (occt_1157_stress_after:arm64+0x1000f08fc)
    #7 XSControl_TransferWriter::TransferWriteShape(opencascade::handle<Interface_InterfaceModel> const&, TopoDS_Shape const&, Message_ProgressRange const&) XSControl_TransferWriter.cxx:193 (occt_1157_stress_after:arm64+0x1013ead7c)
    #8 XSControl_WorkSession::TransferWriteShape(TopoDS_Shape const&, bool, Message_ProgressRange const&) XSControl_WorkSession.cxx:562 (occt_1157_stress_after:arm64+0x1013f6844)
    #9 STEPControl_Writer::Transfer(TopoDS_Shape const&, STEPControl_StepModelType, DESTEP_Parameters const&, bool, Message_ProgressRange const&) STEPControl_Writer.cxx:159 (occt_1157_stress_after:arm64+0x100552d18)
    #10 STEPControl_Writer::Transfer(TopoDS_Shape const&, STEPControl_StepModelType, bool, Message_ProgressRange const&) STEPControl_Writer.cxx:111 (occt_1157_stress_after:arm64+0x10055277c)
    #11 runStepWriteIndependent(int, int) occt_1157_stress.cpp:88 (occt_1157_stress_after:arm64+0x100000b14)
    #12 void* std::__1::__thread_proxy[abi:nqe210106]<std::__1::tuple<std::__1::unique_ptr<std::__1::__thread_struct, std::__1::default_delete<std::__1::__thread_struct>>, void (*)(int, int), int, int>>(void*) thread.h:168 (occt_1157_stress_after:arm64+0x100006494)

  Previous write of size 8 at 0x0001fab5d950 by thread T5:
    #0 std::__1::ostreambuf_iterator<char, std::__1::char_traits<char>> std::__1::__pad_and_output[abi:nqe210106]<char, std::__1::char_traits<char>>(std::__1::ostreambuf_iterator<char, std::__1::char_traits<char>>, char const*, char const*, char const*, std::__1::ios_base&, char) pad_and_output.h:80 (occt_1157_stress_after:arm64+0x10000c148)
    #1 std::__1::basic_ostream<char, std::__1::char_traits<char>>& std::__1::__put_character_sequence[abi:nqe210106]<char, std::__1::char_traits<char>>(std::__1::basic_ostream<char, std::__1::char_traits<char>>&, char const*, unsigned long) put_character_sequence.h:37 (occt_1157_stress_after:arm64+0x10000be90)
    #2 Message_PrinterOStream::send(TCollection_AsciiString const&, Message_Gravity) const Message_PrinterOStream.cxx:163 (occt_1157_stress_after:arm64+0x1008f3b68)
    #3 Message_Printer::SendStringStream(std::__1::basic_stringstream<char, std::__1::char_traits<char>, std::__1::allocator<char>> const&, Message_Gravity) const Message_Printer.cxx:70 (occt_1157_stress_after:arm64+0x1008f311c)
    #4 Message_Messenger::Send(std::__1::basic_stringstream<char, std::__1::char_traits<char>, std::__1::allocator<char>> const&, Message_Gravity) const Message_Messenger.cxx:128 (occt_1157_stress_after:arm64+0x1008eee50)
    #5 Message_Messenger::StreamBuffer::Flush(bool) Message_Messenger.hxx:75 (occt_1157_stress_after:arm64+0x1000f0ab8)
    #6 Message_Messenger::StreamBuffer::~StreamBuffer() Message_Messenger.hxx:65 (occt_1157_stress_after:arm64+0x1000f08fc)
    #7 StepSelect_WorkLibrary::WriteFile(IFSelect_ContextWrite&) const StepSelect_WorkLibrary.cxx:150 (occt_1157_stress_after:arm64+0x10082ccc0)
    #8 IFSelect_ModelCopier::SendAll(char const*, Interface_Graph const&, opencascade::handle<IFSelect_WorkLibrary> const&, opencascade::handle<Interface_Protocol> const&) IFSelect_ModelCopier.cxx:343 (occt_1157_stress_after:arm64+0x10138656c)
    #9 IFSelect_WorkSession::SendAll(char const*, bool) IFSelect_WorkSession.cxx:2602 (occt_1157_stress_after:arm64+0x1013c046c)
    #10 STEPControl_Writer::Write(char const*) STEPControl_Writer.cxx:173 (occt_1157_stress_after:arm64+0x100553160)
    #11 runStepWriteIndependent(int, int) occt_1157_stress.cpp:97 (occt_1157_stress_after:arm64+0x100000fa8)
    #12 void* std::__1::__thread_proxy[abi:nqe210106]<std::__1::tuple<std::__1::unique_ptr<std::__1::__thread_struct, std::__1::default_delete<std::__1::__thread_struct>>, void (*)(int, int), int, int>>(void*) thread.h:168 (occt_1157_stress_after:arm64+0x100006494)

  Location is global 'std::__1::cout' at 0x0001fab5d930 (libc++.1.dylib+0x6cb3a950)

  Mutex M0 (0x000106659358) created at:
    #0 pthread_mutex_lock <null> (libclang_rt.tsan_osx_dynamic.dylib:arm64e+0x356bc)
    #1 std::__1::mutex::lock() <null> (libc++.1.dylib:arm64e+0x300c)
    #2 STEPControl_Writer::SetWS(opencascade::handle<XSControl_WorkSession> const&, bool) STEPControl_Writer.cxx:56 (occt_1157_stress_after:arm64+0x100551fc4)
    #3 STEPControl_Writer::STEPControl_Writer() STEPControl_Writer.cxx:39 (occt_1157_stress_after:arm64+0x100551e4c)
    #4 STEPControl_Writer::STEPControl_Writer() STEPControl_Writer.cxx:37 (occt_1157_stress_after:arm64+0x100552088)
    #5 runStepWriteIndependent(int, int) occt_1157_stress.cpp:85 (occt_1157_stress_after:arm64+0x100000ad8)
    #6 void* std::__1::__thread_proxy[abi:nqe210106]<std::__1::tuple<std::__1::unique_ptr<std::__1::__thread_struct, std::__1::default_delete<std::__1::__thread_struct>>, void (*)(int, int), int, int>>(void*) thread.h:168 (occt_1157_stress_after:arm64+0x100006494)

  Thread T8 (tid=353968, running) created by main thread at:
    #0 pthread_create <null> (libclang_rt.tsan_osx_dynamic.dylib:arm64e+0x33834)
    #1 std::__1::thread::thread[abi:nqe210106]<void (*&)(int, int), int&, int&, 0>(void (*&)(int, int), int&, int&) thread.h:216 (occt_1157_stress_after:arm64+0x10000635c)
    #2 runOne(char const*, int, int) occt_1157_stress.cpp:343 (occt_1157_stress_after:arm64+0x1000039b0)
    #3 main occt_1157_stress.cpp:380 (occt_1157_stress_after:arm64+0x100002e08)

  Thread T5 (tid=353965, running) created by main thread at:
    #0 pthread_create <null> (libclang_rt.tsan_osx_dynamic.dylib:arm64e+0x33834)
    #1 std::__1::thread::thread[abi:nqe210106]<void (*&)(int, int), int&, int&, 0>(void (*&)(int, int), int&, int&) thread.h:216 (occt_1157_stress_after:arm64+0x10000635c)
    #2 std::__1::thread* std::__1::vector<std::__1::thread, std::__1::allocator<std::__1::thread>>::__emplace_back_slow_path<void (*&)(int, int), int&, int&>(void (*&)(int, int), int&, int&) vector.h:1130 (occt_1157_stress_after:arm64+0x100006118)
    #3 runOne(char const*, int, int) occt_1157_stress.cpp:343 (occt_1157_stress_after:arm64+0x1000039d8)
    #4 main occt_1157_stress.cpp:380 (occt_1157_stress_after:arm64+0x100002e08)

SUMMARY: ThreadSanitizer: data race pad_and_output.h:80 in std::__1::ostreambuf_iterator<char, std::__1::char_traits<char>> std::__1::__pad_and_output[abi:nqe210106]<char, std::__1::char_traits<char>>(std::__1::ostreambuf_iterator<char, std::__1::char_traits<char>>, char const*, char const*, char const*, std::__1::ios_base&, char)
==================
WARNING: ThreadSanitizer: data race (pid=70935)
  Write of size 8 at 0x0001fab5d950 by thread T8 (mutexes: write M0):
    #0 std::__1::ostreambuf_iterator<char, std::__1::char_traits<char>> std::__1::__pad_and_output[abi:nqe210106]<char, std::__1::char_traits<char>>(std::__1::ostreambuf_iterator<char, std::__1::char_traits<char>>, char const*, char const*, char const*, std::__1::ios_base&, char) pad_and_output.h:80 (occt_1157_stress_after:arm64+0x10000c148)
    #1 std::__1::basic_ostream<char, std::__1::char_traits<char>>& std::__1::__put_character_sequence[abi:nqe210106]<char, std::__1::char_traits<char>>(std::__1::basic_ostream<char, std::__1::char_traits<char>>&, char const*, unsigned long) put_character_sequence.h:37 (occt_1157_stress_after:arm64+0x10000be90)
    #2 operator<<(std::__1::basic_ostream<char, std::__1::char_traits<char>>&, TCollection_AsciiString const&) TCollection_AsciiString.cxx:1100 (occt_1157_stress_after:arm64+0x1008d61dc)
    #3 Message_PrinterOStream::send(TCollection_AsciiString const&, Message_Gravity) const Message_PrinterOStream.cxx:156 (occt_1157_stress_after:arm64+0x1008f3b24)
    #4 Message_Printer::SendStringStream(std::__1::basic_stringstream<char, std::__1::char_traits<char>, std::__1::allocator<char>> const&, Message_Gravity) const Message_Printer.cxx:70 (occt_1157_stress_after:arm64+0x1008f311c)
    #5 Message_Messenger::Send(std::__1::basic_stringstream<char, std::__1::char_traits<char>, std::__1::allocator<char>> const&, Message_Gravity) const Message_Messenger.cxx:128 (occt_1157_stress_after:arm64+0x1008eee50)
    #6 Message_Messenger::StreamBuffer::Flush(bool) Message_Messenger.hxx:75 (occt_1157_stress_after:arm64+0x1000f0ab8)
    #7 Message_Messenger::StreamBuffer::~StreamBuffer() Message_Messenger.hxx:65 (occt_1157_stress_after:arm64+0x1000f08fc)
    #8 XSControl_TransferWriter::TransferWriteShape(opencascade::handle<Interface_InterfaceModel> const&, TopoDS_Shape const&, Message_ProgressRange const&) XSControl_TransferWriter.cxx:193 (occt_1157_stress_after:arm64+0x1013ead7c)
    #9 XSControl_WorkSession::TransferWriteShape(TopoDS_Shape const&, bool, Message_ProgressRange const&) XSControl_WorkSession.cxx:562 (occt_1157_stress_after:arm64+0x1013f6844)
    #10 STEPControl_Writer::Transfer(TopoDS_Shape const&, STEPControl_StepModelType, DESTEP_Parameters const&, bool, Message_ProgressRange const&) STEPControl_Writer.cxx:159 (occt_1157_stress_after:arm64+0x100552d18)
    #11 STEPControl_Writer::Transfer(TopoDS_Shape const&, STEPControl_StepModelType, bool, Message_ProgressRange const&) STEPControl_Writer.cxx:111 (occt_1157_stress_after:arm64+0x10055277c)
    #12 runStepWriteIndependent(int, int) occt_1157_stress.cpp:88 (occt_1157_stress_after:arm64+0x100000b14)
    #13 void* std::__1::__thread_proxy[abi:nqe210106]<std::__1::tuple<std::__1::unique_ptr<std::__1::__thread_struct, std::__1::default_delete<std::__1::__thread_struct>>, void (*)(int, int), int, int>>(void*) thread.h:168 (occt_1157_stress_after:arm64+0x100006494)

  Previous write of size 8 at 0x0001fab5d950 by thread T3:
    #0 std::__1::ostreambuf_iterator<char, std::__1::char_traits<char>> std::__1::__pad_and_output[abi:nqe210106]<char, std::__1::char_traits<char>>(std::__1::ostreambuf_iterator<char, std::__1::char_traits<char>>, char const*, char const*, char const*, std::__1::ios_base&, char) pad_and_output.h:80 (occt_1157_stress_after:arm64+0x10000c148)
    #1 std::__1::basic_ostream<char, std::__1::char_traits<char>>& std::__1::__put_character_sequence[abi:nqe210106]<char, std::__1::char_traits<char>>(std::__1::basic_ostream<char, std::__1::char_traits<char>>&, char const*, unsigned long) put_character_sequence.h:37 (occt_1157_stress_after:arm64+0x10000be90)
    #2 Message_PrinterOStream::send(TCollection_AsciiString const&, Message_Gravity) const Message_PrinterOStream.cxx:163 (occt_1157_stress_after:arm64+0x1008f3b68)
    #3 Message_Printer::SendStringStream(std::__1::basic_stringstream<char, std::__1::char_traits<char>, std::__1::allocator<char>> const&, Message_Gravity) const Message_Printer.cxx:70 (occt_1157_stress_after:arm64+0x1008f311c)
    #4 Message_Messenger::Send(std::__1::basic_stringstream<char, std::__1::char_traits<char>, std::__1::allocator<char>> const&, Message_Gravity) const Message_Messenger.cxx:128 (occt_1157_stress_after:arm64+0x1008eee50)
    #5 Message_Messenger::StreamBuffer::Flush(bool) Message_Messenger.hxx:75 (occt_1157_stress_after:arm64+0x1000f0ab8)
    #6 Message_Messenger::StreamBuffer::~StreamBuffer() Message_Messenger.hxx:65 (occt_1157_stress_after:arm64+0x1000f08fc)
    #7 StepSelect_WorkLibrary::WriteFile(IFSelect_ContextWrite&) const StepSelect_WorkLibrary.cxx:150 (occt_1157_stress_after:arm64+0x10082ccc0)
    #8 IFSelect_ModelCopier::SendAll(char const*, Interface_Graph const&, opencascade::handle<IFSelect_WorkLibrary> const&, opencascade::handle<Interface_Protocol> const&) IFSelect_ModelCopier.cxx:343 (occt_1157_stress_after:arm64+0x10138656c)
    #9 IFSelect_WorkSession::SendAll(char const*, bool) IFSelect_WorkSession.cxx:2618 (occt_1157_stress_after:arm64+0x1013c0560)
    #10 STEPControl_Writer::Write(char const*) STEPControl_Writer.cxx:173 (occt_1157_stress_after:arm64+0x100553160)
    #11 runStepWriteIndependent(int, int) occt_1157_stress.cpp:97 (occt_1157_stress_after:arm64+0x100000fa8)
    #12 void* std::__1::__thread_proxy[abi:nqe210106]<std::__1::tuple<std::__1::unique_ptr<std::__1::__thread_struct, std::__1::default_delete<std::__1::__thread_struct>>, void (*)(int, int), int, int>>(void*) thread.h:168 (occt_1157_stress_after:arm64+0x100006494)

  Location is global 'std::__1::cout' at 0x0001fab5d930 (libc++.1.dylib+0x6cb3a950)

  Mutex M0 (0x000106659358) created at:
    #0 pthread_mutex_lock <null> (libclang_rt.tsan_osx_dynamic.dylib:arm64e+0x356bc)
    #1 std::__1::mutex::lock() <null> (libc++.1.dylib:arm64e+0x300c)
    #2 STEPControl_Writer::SetWS(opencascade::handle<XSControl_WorkSession> const&, bool) STEPControl_Writer.cxx:56 (occt_1157_stress_after:arm64+0x100551fc4)
    #3 STEPControl_Writer::STEPControl_Writer() STEPControl_Writer.cxx:39 (occt_1157_stress_after:arm64+0x100551e4c)
    #4 STEPControl_Writer::STEPControl_Writer() STEPControl_Writer.cxx:37 (occt_1157_stress_after:arm64+0x100552088)
    #5 runStepWriteIndependent(int, int) occt_1157_stress.cpp:85 (occt_1157_stress_after:arm64+0x100000ad8)
    #6 void* std::__1::__thread_proxy[abi:nqe210106]<std::__1::tuple<std::__1::unique_ptr<std::__1::__thread_struct, std::__1::default_delete<std::__1::__thread_struct>>, void (*)(int, int), int, int>>(void*) thread.h:168 (occt_1157_stress_after:arm64+0x100006494)

  Thread T8 (tid=353968, running) created by main thread at:
    #0 pthread_create <null> (libclang_rt.tsan_osx_dynamic.dylib:arm64e+0x33834)
    #1 std::__1::thread::thread[abi:nqe210106]<void (*&)(int, int), int&, int&, 0>(void (*&)(int, int), int&, int&) thread.h:216 (occt_1157_stress_after:arm64+0x10000635c)
    #2 runOne(char const*, int, int) occt_1157_stress.cpp:343 (occt_1157_stress_after:arm64+0x1000039b0)
    #3 main occt_1157_stress.cpp:380 (occt_1157_stress_after:arm64+0x100002e08)

  Thread T3 (tid=353963, running) created by main thread at:
    #0 pthread_create <null> (libclang_rt.tsan_osx_dynamic.dylib:arm64e+0x33834)
    #1 std::__1::thread::thread[abi:nqe210106]<void (*&)(int, int), int&, int&, 0>(void (*&)(int, int), int&, int&) thread.h:216 (occt_1157_stress_after:arm64+0x10000635c)
    #2 std::__1::thread* std::__1::vector<std::__1::thread, std::__1::allocator<std::__1::thread>>::__emplace_back_slow_path<void (*&)(int, int), int&, int&>(void (*&)(int, int), int&, int&) vector.h:1130 (occt_1157_stress_after:arm64+0x100006118)
    #3 runOne(char const*, int, int) occt_1157_stress.cpp:343 (occt_1157_stress_after:arm64+0x1000039d8)
    #4 main occt_1157_stress.cpp:380 (occt_1157_stress_after:arm64+0x100002e08)

SUMMARY: ThreadSanitizer: data race pad_and_output.h:80 in std::__1::ostreambuf_iterator<char, std::__1::char_traits<char>> std::__1::__pad_and_output[abi:nqe210106]<char, std::__1::char_traits<char>>(std::__1::ostreambuf_iterator<char, std::__1::char_traits<char>>, char const*, char const*, char const*, std::__1::ios_base&, char)
==================
WARNING: ThreadSanitizer: data race (pid=70935)
  Write of size 8 at 0x0001fab5d950 by thread T4 (mutexes: write M0):
    #0 std::__1::ostreambuf_iterator<char, std::__1::char_traits<char>> std::__1::__pad_and_output[abi:nqe210106]<char, std::__1::char_traits<char>>(std::__1::ostreambuf_iterator<char, std::__1::char_traits<char>>, char const*, char const*, char const*, std::__1::ios_base&, char) pad_and_output.h:80 (occt_1157_stress_after:arm64+0x10000c148)
    #1 std::__1::basic_ostream<char, std::__1::char_traits<char>>& std::__1::__put_character_sequence[abi:nqe210106]<char, std::__1::char_traits<char>>(std::__1::basic_ostream<char, std::__1::char_traits<char>>&, char const*, unsigned long) put_character_sequence.h:37 (occt_1157_stress_after:arm64+0x10000be90)
    #2 Message_PrinterOStream::send(TCollection_AsciiString const&, Message_Gravity) const Message_PrinterOStream.cxx:155 (occt_1157_stress_after:arm64+0x1008f3b18)
    #3 Message_Printer::SendStringStream(std::__1::basic_stringstream<char, std::__1::char_traits<char>, std::__1::allocator<char>> const&, Message_Gravity) const Message_Printer.cxx:70 (occt_1157_stress_after:arm64+0x1008f311c)
    #4 Message_Messenger::Send(std::__1::basic_stringstream<char, std::__1::char_traits<char>, std::__1::allocator<char>> const&, Message_Gravity) const Message_Messenger.cxx:128 (occt_1157_stress_after:arm64+0x1008eee50)
    #5 Message_Messenger::StreamBuffer::Flush(bool) Message_Messenger.hxx:75 (occt_1157_stress_after:arm64+0x1000f0ab8)
    #6 Message_Messenger::StreamBuffer::~StreamBuffer() Message_Messenger.hxx:65 (occt_1157_stress_after:arm64+0x1000f08fc)
    #7 XSControl_TransferWriter::PrintStats(int, int) const XSControl_TransferWriter.cxx:62 (occt_1157_stress_after:arm64+0x1013ea27c)
    #8 XSControl_TransferWriter::TransferWriteShape(opencascade::handle<Interface_InterfaceModel> const&, TopoDS_Shape const&, Message_ProgressRange const&) XSControl_TransferWriter.cxx:176 (occt_1157_stress_after:arm64+0x1013eac6c)
    #9 XSControl_WorkSession::TransferWriteShape(TopoDS_Shape const&, bool, Message_ProgressRange const&) XSControl_WorkSession.cxx:562 (occt_1157_stress_after:arm64+0x1013f6844)
    #10 STEPControl_Writer::Transfer(TopoDS_Shape const&, STEPControl_StepModelType, DESTEP_Parameters const&, bool, Message_ProgressRange const&) STEPControl_Writer.cxx:159 (occt_1157_stress_after:arm64+0x100552d18)
    #11 STEPControl_Writer::Transfer(TopoDS_Shape const&, STEPControl_StepModelType, bool, Message_ProgressRange const&) STEPControl_Writer.cxx:111 (occt_1157_stress_after:arm64+0x10055277c)
    #12 runStepWriteIndependent(int, int) occt_1157_stress.cpp:88 (occt_1157_stress_after:arm64+0x100000b14)
    #13 void* std::__1::__thread_proxy[abi:nqe210106]<std::__1::tuple<std::__1::unique_ptr<std::__1::__thread_struct, std::__1::default_delete<std::__1::__thread_struct>>, void (*)(int, int), int, int>>(void*) thread.h:168 (occt_1157_stress_after:arm64+0x100006494)

  Previous write of size 8 at 0x0001fab5d950 by thread T8:
    #0 std::__1::ostreambuf_iterator<char, std::__1::char_traits<char>> std::__1::__pad_and_output[abi:nqe210106]<char, std::__1::char_traits<char>>(std::__1::ostreambuf_iterator<char, std::__1::char_traits<char>>, char const*, char const*, char const*, std::__1::ios_base&, char) pad_and_output.h:80 (occt_1157_stress_after:arm64+0x10000c148)
    #1 std::__1::basic_ostream<char, std::__1::char_traits<char>>& std::__1::__put_character_sequence[abi:nqe210106]<char, std::__1::char_traits<char>>(std::__1::basic_ostream<char, std::__1::char_traits<char>>&, char const*, unsigned long) put_character_sequence.h:37 (occt_1157_stress_after:arm64+0x10000be90)
    #2 Message_PrinterOStream::send(TCollection_AsciiString const&, Message_Gravity) const Message_PrinterOStream.cxx:163 (occt_1157_stress_after:arm64+0x1008f3b68)
    #3 Message_Printer::SendStringStream(std::__1::basic_stringstream<char, std::__1::char_traits<char>, std::__1::allocator<char>> const&, Message_Gravity) const Message_Printer.cxx:70 (occt_1157_stress_after:arm64+0x1008f311c)
    #4 Message_Messenger::Send(std::__1::basic_stringstream<char, std::__1::char_traits<char>, std::__1::allocator<char>> const&, Message_Gravity) const Message_Messenger.cxx:128 (occt_1157_stress_after:arm64+0x1008eee50)
    #5 Message_Messenger::StreamBuffer::Flush(bool) Message_Messenger.hxx:75 (occt_1157_stress_after:arm64+0x1000f0ab8)
    #6 Message_Messenger::StreamBuffer::~StreamBuffer() Message_Messenger.hxx:65 (occt_1157_stress_after:arm64+0x1000f08fc)
    #7 IFSelect_ModelCopier::SendAll(char const*, Interface_Graph const&, opencascade::handle<IFSelect_WorkLibrary> const&, opencascade::handle<Interface_Protocol> const&) IFSelect_ModelCopier.cxx:313 (occt_1157_stress_after:arm64+0x1013863fc)
    #8 IFSelect_WorkSession::SendAll(char const*, bool) IFSelect_WorkSession.cxx:2602 (occt_1157_stress_after:arm64+0x1013c046c)
    #9 STEPControl_Writer::Write(char const*) STEPControl_Writer.cxx:173 (occt_1157_stress_after:arm64+0x100553160)
    #10 runStepWriteIndependent(int, int) occt_1157_stress.cpp:97 (occt_1157_stress_after:arm64+0x100000fa8)
    #11 void* std::__1::__thread_proxy[abi:nqe210106]<std::__1::tuple<std::__1::unique_ptr<std::__1::__thread_struct, std::__1::default_delete<std::__1::__thread_struct>>, void (*)(int, int), int, int>>(void*) thread.h:168 (occt_1157_stress_after:arm64+0x100006494)

  Location is global 'std::__1::cout' at 0x0001fab5d930 (libc++.1.dylib+0x6cb3a950)

  Mutex M0 (0x000106659358) created at:
    #0 pthread_mutex_lock <null> (libclang_rt.tsan_osx_dynamic.dylib:arm64e+0x356bc)
    #1 std::__1::mutex::lock() <null> (libc++.1.dylib:arm64e+0x300c)
    #2 STEPControl_Writer::SetWS(opencascade::handle<XSControl_WorkSession> const&, bool) STEPControl_Writer.cxx:56 (occt_1157_stress_after:arm64+0x100551fc4)
    #3 STEPControl_Writer::STEPControl_Writer() STEPControl_Writer.cxx:39 (occt_1157_stress_after:arm64+0x100551e4c)
    #4 STEPControl_Writer::STEPControl_Writer() STEPControl_Writer.cxx:37 (occt_1157_stress_after:arm64+0x100552088)
    #5 runStepWriteIndependent(int, int) occt_1157_stress.cpp:85 (occt_1157_stress_after:arm64+0x100000ad8)
    #6 void* std::__1::__thread_proxy[abi:nqe210106]<std::__1::tuple<std::__1::unique_ptr<std::__1::__thread_struct, std::__1::default_delete<std::__1::__thread_struct>>, void (*)(int, int), int, int>>(void*) thread.h:168 (occt_1157_stress_after:arm64+0x100006494)

  Thread T4 (tid=353964, running) created by main thread at:
    #0 pthread_create <null> (libclang_rt.tsan_osx_dynamic.dylib:arm64e+0x33834)
    #1 std::__1::thread::thread[abi:nqe210106]<void (*&)(int, int), int&, int&, 0>(void (*&)(int, int), int&, int&) thread.h:216 (occt_1157_stress_after:arm64+0x10000635c)
    #2 runOne(char const*, int, int) occt_1157_stress.cpp:343 (occt_1157_stress_after:arm64+0x1000039b0)
    #3 main occt_1157_stress.cpp:380 (occt_1157_stress_after:arm64+0x100002e08)

  Thread T8 (tid=353968, running) created by main thread at:
    #0 pthread_create <null> (libclang_rt.tsan_osx_dynamic.dylib:arm64e+0x33834)
    #1 std::__1::thread::thread[abi:nqe210106]<void (*&)(int, int), int&, int&, 0>(void (*&)(int, int), int&, int&) thread.h:216 (occt_1157_stress_after:arm64+0x10000635c)
    #2 runOne(char const*, int, int) occt_1157_stress.cpp:343 (occt_1157_stress_after:arm64+0x1000039b0)
    #3 main occt_1157_stress.cpp:380 (occt_1157_stress_after:arm64+0x100002e08)

SUMMARY: ThreadSanitizer: data race pad_and_output.h:80 in std::__1::ostreambuf_iterator<char, std::__1::char_traits<char>> std::__1::__pad_and_output[abi:nqe210106]<char, std::__1::char_traits<char>>(std::__1::ostreambuf_iterator<char, std::__1::char_traits<char>>, char const*, char const*, char const*, std::__1::ios_base&, char)
==================
WARNING: ThreadSanitizer: data race (pid=70935)
  Write of size 8 at 0x0001fab5d950 by thread T4 (mutexes: write M0):
    #0 std::__1::ostreambuf_iterator<char, std::__1::char_traits<char>> std::__1::__pad_and_output[abi:nqe210106]<char, std::__1::char_traits<char>>(std::__1::ostreambuf_iterator<char, std::__1::char_traits<char>>, char const*, char const*, char const*, std::__1::ios_base&, char) pad_and_output.h:80 (occt_1157_stress_after:arm64+0x10000c148)
    #1 std::__1::basic_ostream<char, std::__1::char_traits<char>>& std::__1::__put_character_sequence[abi:nqe210106]<char, std::__1::char_traits<char>>(std::__1::basic_ostream<char, std::__1::char_traits<char>>&, char const*, unsigned long) put_character_sequence.h:37 (occt_1157_stress_after:arm64+0x10000be90)
    #2 operator<<(std::__1::basic_ostream<char, std::__1::char_traits<char>>&, TCollection_AsciiString const&) TCollection_AsciiString.cxx:1100 (occt_1157_stress_after:arm64+0x1008d61dc)
    #3 Message_PrinterOStream::send(TCollection_AsciiString const&, Message_Gravity) const Message_PrinterOStream.cxx:156 (occt_1157_stress_after:arm64+0x1008f3b24)
    #4 Message_Printer::SendStringStream(std::__1::basic_stringstream<char, std::__1::char_traits<char>, std::__1::allocator<char>> const&, Message_Gravity) const Message_Printer.cxx:70 (occt_1157_stress_after:arm64+0x1008f311c)
    #5 Message_Messenger::Send(std::__1::basic_stringstream<char, std::__1::char_traits<char>, std::__1::allocator<char>> const&, Message_Gravity) const Message_Messenger.cxx:128 (occt_1157_stress_after:arm64+0x1008eee50)
    #6 Message_Messenger::StreamBuffer::Flush(bool) Message_Messenger.hxx:75 (occt_1157_stress_after:arm64+0x1000f0ab8)
    #7 Message_Messenger::StreamBuffer::~StreamBuffer() Message_Messenger.hxx:65 (occt_1157_stress_after:arm64+0x1000f08fc)
    #8 XSControl_TransferWriter::PrintStats(int, int) const XSControl_TransferWriter.cxx:62 (occt_1157_stress_after:arm64+0x1013ea27c)
    #9 XSControl_TransferWriter::TransferWriteShape(opencascade::handle<Interface_InterfaceModel> const&, TopoDS_Shape const&, Message_ProgressRange const&) XSControl_TransferWriter.cxx:176 (occt_1157_stress_after:arm64+0x1013eac6c)
    #10 XSControl_WorkSession::TransferWriteShape(TopoDS_Shape const&, bool, Message_ProgressRange const&) XSControl_WorkSession.cxx:562 (occt_1157_stress_after:arm64+0x1013f6844)
    #11 STEPControl_Writer::Transfer(TopoDS_Shape const&, STEPControl_StepModelType, DESTEP_Parameters const&, bool, Message_ProgressRange const&) STEPControl_Writer.cxx:159 (occt_1157_stress_after:arm64+0x100552d18)
    #12 STEPControl_Writer::Transfer(TopoDS_Shape const&, STEPControl_StepModelType, bool, Message_ProgressRange const&) STEPControl_Writer.cxx:111 (occt_1157_stress_after:arm64+0x10055277c)
    #13 runStepWriteIndependent(int, int) occt_1157_stress.cpp:88 (occt_1157_stress_after:arm64+0x100000b14)
    #14 void* std::__1::__thread_proxy[abi:nqe210106]<std::__1::tuple<std::__1::unique_ptr<std::__1::__thread_struct, std::__1::default_delete<std::__1::__thread_struct>>, void (*)(int, int), int, int>>(void*) thread.h:168 (occt_1157_stress_after:arm64+0x100006494)

  Previous write of size 8 at 0x0001fab5d950 by thread T8:
    #0 std::__1::ostreambuf_iterator<char, std::__1::char_traits<char>> std::__1::__pad_and_output[abi:nqe210106]<char, std::__1::char_traits<char>>(std::__1::ostreambuf_iterator<char, std::__1::char_traits<char>>, char const*, char const*, char const*, std::__1::ios_base&, char) pad_and_output.h:80 (occt_1157_stress_after:arm64+0x10000c148)
    #1 std::__1::basic_ostream<char, std::__1::char_traits<char>>& std::__1::__put_character_sequence[abi:nqe210106]<char, std::__1::char_traits<char>>(std::__1::basic_ostream<char, std::__1::char_traits<char>>&, char const*, unsigned long) put_character_sequence.h:37 (occt_1157_stress_after:arm64+0x10000be90)
    #2 Message_PrinterOStream::send(TCollection_AsciiString const&, Message_Gravity) const Message_PrinterOStream.cxx:163 (occt_1157_stress_after:arm64+0x1008f3b68)
    #3 Message_Printer::SendStringStream(std::__1::basic_stringstream<char, std::__1::char_traits<char>, std::__1::allocator<char>> const&, Message_Gravity) const Message_Printer.cxx:70 (occt_1157_stress_after:arm64+0x1008f311c)
    #4 Message_Messenger::Send(std::__1::basic_stringstream<char, std::__1::char_traits<char>, std::__1::allocator<char>> const&, Message_Gravity) const Message_Messenger.cxx:128 (occt_1157_stress_after:arm64+0x1008eee50)
    #5 Message_Messenger::StreamBuffer::Flush(bool) Message_Messenger.hxx:75 (occt_1157_stress_after:arm64+0x1000f0ab8)
    #6 Message_Messenger::StreamBuffer::~StreamBuffer() Message_Messenger.hxx:65 (occt_1157_stress_after:arm64+0x1000f08fc)
    #7 StepSelect_WorkLibrary::WriteFile(IFSelect_ContextWrite&) const StepSelect_WorkLibrary.cxx:150 (occt_1157_stress_after:arm64+0x10082ccc0)
    #8 IFSelect_ModelCopier::SendAll(char const*, Interface_Graph const&, opencascade::handle<IFSelect_WorkLibrary> const&, opencascade::handle<Interface_Protocol> const&) IFSelect_ModelCopier.cxx:343 (occt_1157_stress_after:arm64+0x10138656c)
    #9 IFSelect_WorkSession::SendAll(char const*, bool) IFSelect_WorkSession.cxx:2602 (occt_1157_stress_after:arm64+0x1013c046c)
    #10 STEPControl_Writer::Write(char const*) STEPControl_Writer.cxx:173 (occt_1157_stress_after:arm64+0x100553160)
    #11 runStepWriteIndependent(int, int) occt_1157_stress.cpp:97 (occt_1157_stress_after:arm64+0x100000fa8)
    #12 void* std::__1::__thread_proxy[abi:nqe210106]<std::__1::tuple<std::__1::unique_ptr<std::__1::__thread_struct, std::__1::default_delete<std::__1::__thread_struct>>, void (*)(int, int), int, int>>(void*) thread.h:168 (occt_1157_stress_after:arm64+0x100006494)

  Location is global 'std::__1::cout' at 0x0001fab5d930 (libc++.1.dylib+0x6cb3a950)

  Mutex M0 (0x000106659358) created at:
    #0 pthread_mutex_lock <null> (libclang_rt.tsan_osx_dynamic.dylib:arm64e+0x356bc)
    #1 std::__1::mutex::lock() <null> (libc++.1.dylib:arm64e+0x300c)
    #2 STEPControl_Writer::SetWS(opencascade::handle<XSControl_WorkSession> const&, bool) STEPControl_Writer.cxx:56 (occt_1157_stress_after:arm64+0x100551fc4)
    #3 STEPControl_Writer::STEPControl_Writer() STEPControl_Writer.cxx:39 (occt_1157_stress_after:arm64+0x100551e4c)
    #4 STEPControl_Writer::STEPControl_Writer() STEPControl_Writer.cxx:37 (occt_1157_stress_after:arm64+0x100552088)
    #5 runStepWriteIndependent(int, int) occt_1157_stress.cpp:85 (occt_1157_stress_after:arm64+0x100000ad8)
    #6 void* std::__1::__thread_proxy[abi:nqe210106]<std::__1::tuple<std::__1::unique_ptr<std::__1::__thread_struct, std::__1::default_delete<std::__1::__thread_struct>>, void (*)(int, int), int, int>>(void*) thread.h:168 (occt_1157_stress_after:arm64+0x100006494)

  Thread T4 (tid=353964, running) created by main thread at:
    #0 pthread_create <null> (libclang_rt.tsan_osx_dynamic.dylib:arm64e+0x33834)
    #1 std::__1::thread::thread[abi:nqe210106]<void (*&)(int, int), int&, int&, 0>(void (*&)(int, int), int&, int&) thread.h:216 (occt_1157_stress_after:arm64+0x10000635c)
    #2 runOne(char const*, int, int) occt_1157_stress.cpp:343 (occt_1157_stress_after:arm64+0x1000039b0)
    #3 main occt_1157_stress.cpp:380 (occt_1157_stress_after:arm64+0x100002e08)

  Thread T8 (tid=353968, running) created by main thread at:
    #0 pthread_create <null> (libclang_rt.tsan_osx_dynamic.dylib:arm64e+0x33834)
    #1 std::__1::thread::thread[abi:nqe210106]<void (*&)(int, int), int&, int&, 0>(void (*&)(int, int), int&, int&) thread.h:216 (occt_1157_stress_after:arm64+0x10000635c)
    #2 runOne(char const*, int, int) occt_1157_stress.cpp:343 (occt_1157_stress_after:arm64+0x1000039b0)
    #3 main occt_1157_stress.cpp:380 (occt_1157_stress_after:arm64+0x100002e08)

SUMMARY: ThreadSanitizer: data race pad_and_output.h:80 in std::__1::ostreambuf_iterator<char, std::__1::char_traits<char>> std::__1::__pad_and_output[abi:nqe210106]<char, std::__1::char_traits<char>>(std::__1::ostreambuf_iterator<char, std::__1::char_traits<char>>, char const*, char const*, char const*, std::__1::ios_base&, char)
==================
WARNING: ThreadSanitizer: data race (pid=70935)
  Write of size 8 at 0x0001fab5d950 by thread T4:
    #0 std::__1::ostreambuf_iterator<char, std::__1::char_traits<char>> std::__1::__pad_and_output[abi:nqe210106]<char, std::__1::char_traits<char>>(std::__1::ostreambuf_iterator<char, std::__1::char_traits<char>>, char const*, char const*, char const*, std::__1::ios_base&, char) pad_and_output.h:80 (occt_1157_stress_after:arm64+0x10000c148)
    #1 std::__1::basic_ostream<char, std::__1::char_traits<char>>& std::__1::__put_character_sequence[abi:nqe210106]<char, std::__1::char_traits<char>>(std::__1::basic_ostream<char, std::__1::char_traits<char>>&, char const*, unsigned long) put_character_sequence.h:37 (occt_1157_stress_after:arm64+0x10000be90)
    #2 Message_PrinterOStream::send(TCollection_AsciiString const&, Message_Gravity) const Message_PrinterOStream.cxx:155 (occt_1157_stress_after:arm64+0x1008f3b18)
    #3 Message_Printer::SendStringStream(std::__1::basic_stringstream<char, std::__1::char_traits<char>, std::__1::allocator<char>> const&, Message_Gravity) const Message_Printer.cxx:70 (occt_1157_stress_after:arm64+0x1008f311c)
    #4 Message_Messenger::Send(std::__1::basic_stringstream<char, std::__1::char_traits<char>, std::__1::allocator<char>> const&, Message_Gravity) const Message_Messenger.cxx:128 (occt_1157_stress_after:arm64+0x1008eee50)
    #5 Message_Messenger::StreamBuffer::Flush(bool) Message_Messenger.hxx:75 (occt_1157_stress_after:arm64+0x1000f0ab8)
    #6 Message_Messenger::StreamBuffer::~StreamBuffer() Message_Messenger.hxx:65 (occt_1157_stress_after:arm64+0x1000f08fc)
    #7 IFSelect_ModelCopier::SendAll(char const*, Interface_Graph const&, opencascade::handle<IFSelect_WorkLibrary> const&, opencascade::handle<Interface_Protocol> const&) IFSelect_ModelCopier.cxx:313 (occt_1157_stress_after:arm64+0x1013863fc)
    #8 IFSelect_WorkSession::SendAll(char const*, bool) IFSelect_WorkSession.cxx:2602 (occt_1157_stress_after:arm64+0x1013c046c)
    #9 STEPControl_Writer::Write(char const*) STEPControl_Writer.cxx:173 (occt_1157_stress_after:arm64+0x100553160)
    #10 runStepWriteIndependent(int, int) occt_1157_stress.cpp:97 (occt_1157_stress_after:arm64+0x100000fa8)
    #11 void* std::__1::__thread_proxy[abi:nqe210106]<std::__1::tuple<std::__1::unique_ptr<std::__1::__thread_struct, std::__1::default_delete<std::__1::__thread_struct>>, void (*)(int, int), int, int>>(void*) thread.h:168 (occt_1157_stress_after:arm64+0x100006494)

  Previous write of size 8 at 0x0001fab5d950 by thread T1 (mutexes: write M0):
    #0 std::__1::ostreambuf_iterator<char, std::__1::char_traits<char>> std::__1::__pad_and_output[abi:nqe210106]<char, std::__1::char_traits<char>>(std::__1::ostreambuf_iterator<char, std::__1::char_traits<char>>, char const*, char const*, char const*, std::__1::ios_base&, char) pad_and_output.h:80 (occt_1157_stress_after:arm64+0x10000c148)
    #1 std::__1::basic_ostream<char, std::__1::char_traits<char>>& std::__1::__put_character_sequence[abi:nqe210106]<char, std::__1::char_traits<char>>(std::__1::basic_ostream<char, std::__1::char_traits<char>>&, char const*, unsigned long) put_character_sequence.h:37 (occt_1157_stress_after:arm64+0x10000be90)
    #2 Message_PrinterOStream::send(TCollection_AsciiString const&, Message_Gravity) const Message_PrinterOStream.cxx:163 (occt_1157_stress_after:arm64+0x1008f3b68)
    #3 Message_Printer::SendStringStream(std::__1::basic_stringstream<char, std::__1::char_traits<char>, std::__1::allocator<char>> const&, Message_Gravity) const Message_Printer.cxx:70 (occt_1157_stress_after:arm64+0x1008f311c)
    #4 Message_Messenger::Send(std::__1::basic_stringstream<char, std::__1::char_traits<char>, std::__1::allocator<char>> const&, Message_Gravity) const Message_Messenger.cxx:128 (occt_1157_stress_after:arm64+0x1008eee50)
    #5 Message_Messenger::StreamBuffer::Flush(bool) Message_Messenger.hxx:75 (occt_1157_stress_after:arm64+0x1000f0ab8)
    #6 Message_Messenger::StreamBuffer::~StreamBuffer() Message_Messenger.hxx:65 (occt_1157_stress_after:arm64+0x1000f08fc)
    #7 XSControl_TransferWriter::PrintStats(int, int) const XSControl_TransferWriter.cxx:62 (occt_1157_stress_after:arm64+0x1013ea27c)
    #8 XSControl_TransferWriter::TransferWriteShape(opencascade::handle<Interface_InterfaceModel> const&, TopoDS_Shape const&, Message_ProgressRange const&) XSControl_TransferWriter.cxx:176 (occt_1157_stress_after:arm64+0x1013eac6c)
    #9 XSControl_WorkSession::TransferWriteShape(TopoDS_Shape const&, bool, Message_ProgressRange const&) XSControl_WorkSession.cxx:562 (occt_1157_stress_after:arm64+0x1013f6844)
    #10 STEPControl_Writer::Transfer(TopoDS_Shape const&, STEPControl_StepModelType, DESTEP_Parameters const&, bool, Message_ProgressRange const&) STEPControl_Writer.cxx:159 (occt_1157_stress_after:arm64+0x100552d18)
    #11 STEPControl_Writer::Transfer(TopoDS_Shape const&, STEPControl_StepModelType, bool, Message_ProgressRange const&) STEPControl_Writer.cxx:111 (occt_1157_stress_after:arm64+0x10055277c)
    #12 runStepWriteIndependent(int, int) occt_1157_stress.cpp:88 (occt_1157_stress_after:arm64+0x100000b14)
    #13 void* std::__1::__thread_proxy[abi:nqe210106]<std::__1::tuple<std::__1::unique_ptr<std::__1::__thread_struct, std::__1::default_delete<std::__1::__thread_struct>>, void (*)(int, int), int, int>>(void*) thread.h:168 (occt_1157_stress_after:arm64+0x100006494)

  Location is global 'std::__1::cout' at 0x0001fab5d930 (libc++.1.dylib+0x6cb3a950)

  Mutex M0 (0x000106659358) created at:
    #0 pthread_mutex_lock <null> (libclang_rt.tsan_osx_dynamic.dylib:arm64e+0x356bc)
    #1 std::__1::mutex::lock() <null> (libc++.1.dylib:arm64e+0x300c)
    #2 STEPControl_Writer::SetWS(opencascade::handle<XSControl_WorkSession> const&, bool) STEPControl_Writer.cxx:56 (occt_1157_stress_after:arm64+0x100551fc4)
    #3 STEPControl_Writer::STEPControl_Writer() STEPControl_Writer.cxx:39 (occt_1157_stress_after:arm64+0x100551e4c)
    #4 STEPControl_Writer::STEPControl_Writer() STEPControl_Writer.cxx:37 (occt_1157_stress_after:arm64+0x100552088)
    #5 runStepWriteIndependent(int, int) occt_1157_stress.cpp:85 (occt_1157_stress_after:arm64+0x100000ad8)
    #6 void* std::__1::__thread_proxy[abi:nqe210106]<std::__1::tuple<std::__1::unique_ptr<std::__1::__thread_struct, std::__1::default_delete<std::__1::__thread_struct>>, void (*)(int, int), int, int>>(void*) thread.h:168 (occt_1157_stress_after:arm64+0x100006494)

  Thread T4 (tid=353964, running) created by main thread at:
    #0 pthread_create <null> (libclang_rt.tsan_osx_dynamic.dylib:arm64e+0x33834)
    #1 std::__1::thread::thread[abi:nqe210106]<void (*&)(int, int), int&, int&, 0>(void (*&)(int, int), int&, int&) thread.h:216 (occt_1157_stress_after:arm64+0x10000635c)
    #2 runOne(char const*, int, int) occt_1157_stress.cpp:343 (occt_1157_stress_after:arm64+0x1000039b0)
    #3 main occt_1157_stress.cpp:380 (occt_1157_stress_after:arm64+0x100002e08)

  Thread T1 (tid=353961, running) created by main thread at:
    #0 pthread_create <null> (libclang_rt.tsan_osx_dynamic.dylib:arm64e+0x33834)
    #1 std::__1::thread::thread[abi:nqe210106]<void (*&)(int, int), int&, int&, 0>(void (*&)(int, int), int&, int&) thread.h:216 (occt_1157_stress_after:arm64+0x10000635c)
    #2 std::__1::thread* std::__1::vector<std::__1::thread, std::__1::allocator<std::__1::thread>>::__emplace_back_slow_path<void (*&)(int, int), int&, int&>(void (*&)(int, int), int&, int&) vector.h:1130 (occt_1157_stress_after:arm64+0x100006118)
    #3 runOne(char const*, int, int) occt_1157_stress.cpp:343 (occt_1157_stress_after:arm64+0x1000039d8)
    #4 main occt_1157_stress.cpp:380 (occt_1157_stress_after:arm64+0x100002e08)

SUMMARY: ThreadSanitizer: data race pad_and_output.h:80 in std::__1::ostreambuf_iterator<char, std::__1::char_traits<char>> std::__1::__pad_and_output[abi:nqe210106]<char, std::__1::char_traits<char>>(std::__1::ostreambuf_iterator<char, std::__1::char_traits<char>>, char const*, char const*, char const*, std::__1::ios_base&, char)
==================
WARNING: ThreadSanitizer: data race (pid=70935)
  Write of size 8 at 0x0001fab5d950 by thread T6 (mutexes: write M0):
    #0 std::__1::ostreambuf_iterator<char, std::__1::char_traits<char>> std::__1::__pad_and_output[abi:nqe210106]<char, std::__1::char_traits<char>>(std::__1::ostreambuf_iterator<char, std::__1::char_traits<char>>, char const*, char const*, char const*, std::__1::ios_base&, char) pad_and_output.h:80 (occt_1157_stress_after:arm64+0x10000c148)
    #1 std::__1::basic_ostream<char, std::__1::char_traits<char>>& std::__1::__put_character_sequence[abi:nqe210106]<char, std::__1::char_traits<char>>(std::__1::basic_ostream<char, std::__1::char_traits<char>>&, char const*, unsigned long) put_character_sequence.h:37 (occt_1157_stress_after:arm64+0x10000be90)
    #2 Message_PrinterOStream::send(TCollection_AsciiString const&, Message_Gravity) const Message_PrinterOStream.cxx:155 (occt_1157_stress_after:arm64+0x1008f3b18)
    #3 Message_Printer::SendStringStream(std::__1::basic_stringstream<char, std::__1::char_traits<char>, std::__1::allocator<char>> const&, Message_Gravity) const Message_Printer.cxx:70 (occt_1157_stress_after:arm64+0x1008f311c)
    #4 Message_Messenger::Send(std::__1::basic_stringstream<char, std::__1::char_traits<char>, std::__1::allocator<char>> const&, Message_Gravity) const Message_Messenger.cxx:128 (occt_1157_stress_after:arm64+0x1008eee50)
    #5 Message_Messenger::StreamBuffer::Flush(bool) Message_Messenger.hxx:75 (occt_1157_stress_after:arm64+0x1000f0ab8)
    #6 Message_Messenger::StreamBuffer::~StreamBuffer() Message_Messenger.hxx:65 (occt_1157_stress_after:arm64+0x1000f08fc)
    #7 XSControl_TransferWriter::TransferWriteShape(opencascade::handle<Interface_InterfaceModel> const&, TopoDS_Shape const&, Message_ProgressRange const&) XSControl_TransferWriter.cxx:193 (occt_1157_stress_after:arm64+0x1013ead7c)
    #8 XSControl_WorkSession::TransferWriteShape(TopoDS_Shape const&, bool, Message_ProgressRange const&) XSControl_WorkSession.cxx:562 (occt_1157_stress_after:arm64+0x1013f6844)
    #9 STEPControl_Writer::Transfer(TopoDS_Shape const&, STEPControl_StepModelType, DESTEP_Parameters const&, bool, Message_ProgressRange const&) STEPControl_Writer.cxx:159 (occt_1157_stress_after:arm64+0x100552d18)
    #10 STEPControl_Writer::Transfer(TopoDS_Shape const&, STEPControl_StepModelType, bool, Message_ProgressRange const&) STEPControl_Writer.cxx:111 (occt_1157_stress_after:arm64+0x10055277c)
    #11 runStepWriteIndependent(int, int) occt_1157_stress.cpp:88 (occt_1157_stress_after:arm64+0x100000b14)
    #12 void* std::__1::__thread_proxy[abi:nqe210106]<std::__1::tuple<std::__1::unique_ptr<std::__1::__thread_struct, std::__1::default_delete<std::__1::__thread_struct>>, void (*)(int, int), int, int>>(void*) thread.h:168 (occt_1157_stress_after:arm64+0x100006494)

  Previous write of size 8 at 0x0001fab5d950 by thread T4:
    #0 std::__1::ostreambuf_iterator<char, std::__1::char_traits<char>> std::__1::__pad_and_output[abi:nqe210106]<char, std::__1::char_traits<char>>(std::__1::ostreambuf_iterator<char, std::__1::char_traits<char>>, char const*, char const*, char const*, std::__1::ios_base&, char) pad_and_output.h:80 (occt_1157_stress_after:arm64+0x10000c148)
    #1 std::__1::basic_ostream<char, std::__1::char_traits<char>>& std::__1::__put_character_sequence[abi:nqe210106]<char, std::__1::char_traits<char>>(std::__1::basic_ostream<char, std::__1::char_traits<char>>&, char const*, unsigned long) put_character_sequence.h:37 (occt_1157_stress_after:arm64+0x10000be90)
    #2 Message_PrinterOStream::send(TCollection_AsciiString const&, Message_Gravity) const Message_PrinterOStream.cxx:163 (occt_1157_stress_after:arm64+0x1008f3b68)
    #3 Message_Printer::SendStringStream(std::__1::basic_stringstream<char, std::__1::char_traits<char>, std::__1::allocator<char>> const&, Message_Gravity) const Message_Printer.cxx:70 (occt_1157_stress_after:arm64+0x1008f311c)
    #4 Message_Messenger::Send(std::__1::basic_stringstream<char, std::__1::char_traits<char>, std::__1::allocator<char>> const&, Message_Gravity) const Message_Messenger.cxx:128 (occt_1157_stress_after:arm64+0x1008eee50)
    #5 Message_Messenger::StreamBuffer::Flush(bool) Message_Messenger.hxx:75 (occt_1157_stress_after:arm64+0x1000f0ab8)
    #6 Message_Messenger::StreamBuffer::~StreamBuffer() Message_Messenger.hxx:65 (occt_1157_stress_after:arm64+0x1000f08fc)
    #7 IFSelect_ModelCopier::SendAll(char const*, Interface_Graph const&, opencascade::handle<IFSelect_WorkLibrary> const&, opencascade::handle<Interface_Protocol> const&) IFSelect_ModelCopier.cxx:313 (occt_1157_stress_after:arm64+0x1013863fc)
    #8 IFSelect_WorkSession::SendAll(char const*, bool) IFSelect_WorkSession.cxx:2602 (occt_1157_stress_after:arm64+0x1013c046c)
    #9 STEPControl_Writer::Write(char const*) STEPControl_Writer.cxx:173 (occt_1157_stress_after:arm64+0x100553160)
    #10 runStepWriteIndependent(int, int) occt_1157_stress.cpp:97 (occt_1157_stress_after:arm64+0x100000fa8)
    #11 void* std::__1::__thread_proxy[abi:nqe210106]<std::__1::tuple<std::__1::unique_ptr<std::__1::__thread_struct, std::__1::default_delete<std::__1::__thread_struct>>, void (*)(int, int), int, int>>(void*) thread.h:168 (occt_1157_stress_after:arm64+0x100006494)

  Location is global 'std::__1::cout' at 0x0001fab5d930 (libc++.1.dylib+0x6cb3a950)

  Mutex M0 (0x000106659358) created at:
    #0 pthread_mutex_lock <null> (libclang_rt.tsan_osx_dynamic.dylib:arm64e+0x356bc)
    #1 std::__1::mutex::lock() <null> (libc++.1.dylib:arm64e+0x300c)
    #2 STEPControl_Writer::SetWS(opencascade::handle<XSControl_WorkSession> const&, bool) STEPControl_Writer.cxx:56 (occt_1157_stress_after:arm64+0x100551fc4)
    #3 STEPControl_Writer::STEPControl_Writer() STEPControl_Writer.cxx:39 (occt_1157_stress_after:arm64+0x100551e4c)
    #4 STEPControl_Writer::STEPControl_Writer() STEPControl_Writer.cxx:37 (occt_1157_stress_after:arm64+0x100552088)
    #5 runStepWriteIndependent(int, int) occt_1157_stress.cpp:85 (occt_1157_stress_after:arm64+0x100000ad8)
    #6 void* std::__1::__thread_proxy[abi:nqe210106]<std::__1::tuple<std::__1::unique_ptr<std::__1::__thread_struct, std::__1::default_delete<std::__1::__thread_struct>>, void (*)(int, int), int, int>>(void*) thread.h:168 (occt_1157_stress_after:arm64+0x100006494)

  Thread T6 (tid=353966, running) created by main thread at:
    #0 pthread_create <null> (libclang_rt.tsan_osx_dynamic.dylib:arm64e+0x33834)
    #1 std::__1::thread::thread[abi:nqe210106]<void (*&)(int, int), int&, int&, 0>(void (*&)(int, int), int&, int&) thread.h:216 (occt_1157_stress_after:arm64+0x10000635c)
    #2 runOne(char const*, int, int) occt_1157_stress.cpp:343 (occt_1157_stress_after:arm64+0x1000039b0)
    #3 main occt_1157_stress.cpp:380 (occt_1157_stress_after:arm64+0x100002e08)

  Thread T4 (tid=353964, running) created by main thread at:
    #0 pthread_create <null> (libclang_rt.tsan_osx_dynamic.dylib:arm64e+0x33834)
    #1 std::__1::thread::thread[abi:nqe210106]<void (*&)(int, int), int&, int&, 0>(void (*&)(int, int), int&, int&) thread.h:216 (occt_1157_stress_after:arm64+0x10000635c)
    #2 runOne(char const*, int, int) occt_1157_stress.cpp:343 (occt_1157_stress_after:arm64+0x1000039b0)
    #3 main occt_1157_stress.cpp:380 (occt_1157_stress_after:arm64+0x100002e08)

SUMMARY: ThreadSanitizer: data race pad_and_output.h:80 in std::__1::ostreambuf_iterator<char, std::__1::char_traits<char>> std::__1::__pad_and_output[abi:nqe210106]<char, std::__1::char_traits<char>>(std::__1::ostreambuf_iterator<char, std::__1::char_traits<char>>, char const*, char const*, char const*, std::__1::ios_base&, char)
==================
WARNING: ThreadSanitizer: data race (pid=70935)
  Write of size 8 at 0x0001fab5d950 by thread T6 (mutexes: write M0):
    #0 std::__1::ostreambuf_iterator<char, std::__1::char_traits<char>> std::__1::__pad_and_output[abi:nqe210106]<char, std::__1::char_traits<char>>(std::__1::ostreambuf_iterator<char, std::__1::char_traits<char>>, char const*, char const*, char const*, std::__1::ios_base&, char) pad_and_output.h:80 (occt_1157_stress_after:arm64+0x10000c148)
    #1 std::__1::basic_ostream<char, std::__1::char_traits<char>>& std::__1::__put_character_sequence[abi:nqe210106]<char, std::__1::char_traits<char>>(std::__1::basic_ostream<char, std::__1::char_traits<char>>&, char const*, unsigned long) put_character_sequence.h:37 (occt_1157_stress_after:arm64+0x10000be90)
    #2 operator<<(std::__1::basic_ostream<char, std::__1::char_traits<char>>&, TCollection_AsciiString const&) TCollection_AsciiString.cxx:1100 (occt_1157_stress_after:arm64+0x1008d61dc)
    #3 Message_PrinterOStream::send(TCollection_AsciiString const&, Message_Gravity) const Message_PrinterOStream.cxx:156 (occt_1157_stress_after:arm64+0x1008f3b24)
    #4 Message_Printer::SendStringStream(std::__1::basic_stringstream<char, std::__1::char_traits<char>, std::__1::allocator<char>> const&, Message_Gravity) const Message_Printer.cxx:70 (occt_1157_stress_after:arm64+0x1008f311c)
    #5 Message_Messenger::Send(std::__1::basic_stringstream<char, std::__1::char_traits<char>, std::__1::allocator<char>> const&, Message_Gravity) const Message_Messenger.cxx:128 (occt_1157_stress_after:arm64+0x1008eee50)
    #6 Message_Messenger::StreamBuffer::Flush(bool) Message_Messenger.hxx:75 (occt_1157_stress_after:arm64+0x1000f0ab8)
    #7 Message_Messenger::StreamBuffer::~StreamBuffer() Message_Messenger.hxx:65 (occt_1157_stress_after:arm64+0x1000f08fc)
    #8 XSControl_TransferWriter::TransferWriteShape(opencascade::handle<Interface_InterfaceModel> const&, TopoDS_Shape const&, Message_ProgressRange const&) XSControl_TransferWriter.cxx:193 (occt_1157_stress_after:arm64+0x1013ead7c)
    #9 XSControl_WorkSession::TransferWriteShape(TopoDS_Shape const&, bool, Message_ProgressRange const&) XSControl_WorkSession.cxx:562 (occt_1157_stress_after:arm64+0x1013f6844)
    #10 STEPControl_Writer::Transfer(TopoDS_Shape const&, STEPControl_StepModelType, DESTEP_Parameters const&, bool, Message_ProgressRange const&) STEPControl_Writer.cxx:159 (occt_1157_stress_after:arm64+0x100552d18)
    #11 STEPControl_Writer::Transfer(TopoDS_Shape const&, STEPControl_StepModelType, bool, Message_ProgressRange const&) STEPControl_Writer.cxx:111 (occt_1157_stress_after:arm64+0x10055277c)
    #12 runStepWriteIndependent(int, int) occt_1157_stress.cpp:88 (occt_1157_stress_after:arm64+0x100000b14)
    #13 void* std::__1::__thread_proxy[abi:nqe210106]<std::__1::tuple<std::__1::unique_ptr<std::__1::__thread_struct, std::__1::default_delete<std::__1::__thread_struct>>, void (*)(int, int), int, int>>(void*) thread.h:168 (occt_1157_stress_after:arm64+0x100006494)

  Previous write of size 8 at 0x0001fab5d950 by thread T4:
    #0 std::__1::ostreambuf_iterator<char, std::__1::char_traits<char>> std::__1::__pad_and_output[abi:nqe210106]<char, std::__1::char_traits<char>>(std::__1::ostreambuf_iterator<char, std::__1::char_traits<char>>, char const*, char const*, char const*, std::__1::ios_base&, char) pad_and_output.h:80 (occt_1157_stress_after:arm64+0x10000c148)
    #1 std::__1::basic_ostream<char, std::__1::char_traits<char>>& std::__1::__put_character_sequence[abi:nqe210106]<char, std::__1::char_traits<char>>(std::__1::basic_ostream<char, std::__1::char_traits<char>>&, char const*, unsigned long) put_character_sequence.h:37 (occt_1157_stress_after:arm64+0x10000be90)
    #2 Message_PrinterOStream::send(TCollection_AsciiString const&, Message_Gravity) const Message_PrinterOStream.cxx:163 (occt_1157_stress_after:arm64+0x1008f3b68)
    #3 Message_Printer::SendStringStream(std::__1::basic_stringstream<char, std::__1::char_traits<char>, std::__1::allocator<char>> const&, Message_Gravity) const Message_Printer.cxx:70 (occt_1157_stress_after:arm64+0x1008f311c)
    #4 Message_Messenger::Send(std::__1::basic_stringstream<char, std::__1::char_traits<char>, std::__1::allocator<char>> const&, Message_Gravity) const Message_Messenger.cxx:128 (occt_1157_stress_after:arm64+0x1008eee50)
    #5 Message_Messenger::StreamBuffer::Flush(bool) Message_Messenger.hxx:75 (occt_1157_stress_after:arm64+0x1000f0ab8)
    #6 Message_Messenger::StreamBuffer::~StreamBuffer() Message_Messenger.hxx:65 (occt_1157_stress_after:arm64+0x1000f08fc)
    #7 StepSelect_WorkLibrary::WriteFile(IFSelect_ContextWrite&) const StepSelect_WorkLibrary.cxx:150 (occt_1157_stress_after:arm64+0x10082ccc0)
    #8 IFSelect_ModelCopier::SendAll(char const*, Interface_Graph const&, opencascade::handle<IFSelect_WorkLibrary> const&, opencascade::handle<Interface_Protocol> const&) IFSelect_ModelCopier.cxx:343 (occt_1157_stress_after:arm64+0x10138656c)
    #9 IFSelect_WorkSession::SendAll(char const*, bool) IFSelect_WorkSession.cxx:2602 (occt_1157_stress_after:arm64+0x1013c046c)
    #10 STEPControl_Writer::Write(char const*) STEPControl_Writer.cxx:173 (occt_1157_stress_after:arm64+0x100553160)
    #11 runStepWriteIndependent(int, int) occt_1157_stress.cpp:97 (occt_1157_stress_after:arm64+0x100000fa8)
    #12 void* std::__1::__thread_proxy[abi:nqe210106]<std::__1::tuple<std::__1::unique_ptr<std::__1::__thread_struct, std::__1::default_delete<std::__1::__thread_struct>>, void (*)(int, int), int, int>>(void*) thread.h:168 (occt_1157_stress_after:arm64+0x100006494)

  Location is global 'std::__1::cout' at 0x0001fab5d930 (libc++.1.dylib+0x6cb3a950)

  Mutex M0 (0x000106659358) created at:
    #0 pthread_mutex_lock <null> (libclang_rt.tsan_osx_dynamic.dylib:arm64e+0x356bc)
    #1 std::__1::mutex::lock() <null> (libc++.1.dylib:arm64e+0x300c)
    #2 STEPControl_Writer::SetWS(opencascade::handle<XSControl_WorkSession> const&, bool) STEPControl_Writer.cxx:56 (occt_1157_stress_after:arm64+0x100551fc4)
    #3 STEPControl_Writer::STEPControl_Writer() STEPControl_Writer.cxx:39 (occt_1157_stress_after:arm64+0x100551e4c)
    #4 STEPControl_Writer::STEPControl_Writer() STEPControl_Writer.cxx:37 (occt_1157_stress_after:arm64+0x100552088)
    #5 runStepWriteIndependent(int, int) occt_1157_stress.cpp:85 (occt_1157_stress_after:arm64+0x100000ad8)
    #6 void* std::__1::__thread_proxy[abi:nqe210106]<std::__1::tuple<std::__1::unique_ptr<std::__1::__thread_struct, std::__1::default_delete<std::__1::__thread_struct>>, void (*)(int, int), int, int>>(void*) thread.h:168 (occt_1157_stress_after:arm64+0x100006494)

  Thread T6 (tid=353966, running) created by main thread at:
    #0 pthread_create <null> (libclang_rt.tsan_osx_dynamic.dylib:arm64e+0x33834)
    #1 std::__1::thread::thread[abi:nqe210106]<void (*&)(int, int), int&, int&, 0>(void (*&)(int, int), int&, int&) thread.h:216 (occt_1157_stress_after:arm64+0x10000635c)
    #2 runOne(char const*, int, int) occt_1157_stress.cpp:343 (occt_1157_stress_after:arm64+0x1000039b0)
    #3 main occt_1157_stress.cpp:380 (occt_1157_stress_after:arm64+0x100002e08)

  Thread T4 (tid=353964, running) created by main thread at:
    #0 pthread_create <null> (libclang_rt.tsan_osx_dynamic.dylib:arm64e+0x33834)
    #1 std::__1::thread::thread[abi:nqe210106]<void (*&)(int, int), int&, int&, 0>(void (*&)(int, int), int&, int&) thread.h:216 (occt_1157_stress_after:arm64+0x10000635c)
    #2 runOne(char const*, int, int) occt_1157_stress.cpp:343 (occt_1157_stress_after:arm64+0x1000039b0)
    #3 main occt_1157_stress.cpp:380 (occt_1157_stress_after:arm64+0x100002e08)

SUMMARY: ThreadSanitizer: data race pad_and_output.h:80 in std::__1::ostreambuf_iterator<char, std::__1::char_traits<char>> std::__1::__pad_and_output[abi:nqe210106]<char, std::__1::char_traits<char>>(std::__1::ostreambuf_iterator<char, std::__1::char_traits<char>>, char const*, char const*, char const*, std::__1::ios_base&, char)
==================
WARNING: ThreadSanitizer: data race (pid=70935)
  Write of size 8 at 0x0001fab5d950 by thread T2:
    #0 std::__1::ostreambuf_iterator<char, std::__1::char_traits<char>> std::__1::__pad_and_output[abi:nqe210106]<char, std::__1::char_traits<char>>(std::__1::ostreambuf_iterator<char, std::__1::char_traits<char>>, char const*, char const*, char const*, std::__1::ios_base&, char) pad_and_output.h:80 (occt_1157_stress_after:arm64+0x10000c148)
    #1 std::__1::basic_ostream<char, std::__1::char_traits<char>>& std::__1::__put_character_sequence[abi:nqe210106]<char, std::__1::char_traits<char>>(std::__1::basic_ostream<char, std::__1::char_traits<char>>&, char const*, unsigned long) put_character_sequence.h:37 (occt_1157_stress_after:arm64+0x10000be90)
    #2 Message_PrinterOStream::send(TCollection_AsciiString const&, Message_Gravity) const Message_PrinterOStream.cxx:155 (occt_1157_stress_after:arm64+0x1008f3b18)
    #3 Message_Printer::SendStringStream(std::__1::basic_stringstream<char, std::__1::char_traits<char>, std::__1::allocator<char>> const&, Message_Gravity) const Message_Printer.cxx:70 (occt_1157_stress_after:arm64+0x1008f311c)
    #4 Message_Messenger::Send(std::__1::basic_stringstream<char, std::__1::char_traits<char>, std::__1::allocator<char>> const&, Message_Gravity) const Message_Messenger.cxx:128 (occt_1157_stress_after:arm64+0x1008eee50)
    #5 Message_Messenger::StreamBuffer::Flush(bool) Message_Messenger.hxx:75 (occt_1157_stress_after:arm64+0x1000f0ab8)
    #6 Message_Messenger::StreamBuffer::~StreamBuffer() Message_Messenger.hxx:65 (occt_1157_stress_after:arm64+0x1000f08fc)
    #7 StepSelect_WorkLibrary::WriteFile(IFSelect_ContextWrite&) const StepSelect_WorkLibrary.cxx:150 (occt_1157_stress_after:arm64+0x10082ccc0)
    #8 IFSelect_ModelCopier::SendAll(char const*, Interface_Graph const&, opencascade::handle<IFSelect_WorkLibrary> const&, opencascade::handle<Interface_Protocol> const&) IFSelect_ModelCopier.cxx:343 (occt_1157_stress_after:arm64+0x10138656c)
    #9 IFSelect_WorkSession::SendAll(char const*, bool) IFSelect_WorkSession.cxx:2602 (occt_1157_stress_after:arm64+0x1013c046c)
    #10 STEPControl_Writer::Write(char const*) STEPControl_Writer.cxx:173 (occt_1157_stress_after:arm64+0x100553160)
    #11 runStepWriteIndependent(int, int) occt_1157_stress.cpp:97 (occt_1157_stress_after:arm64+0x100000fa8)
    #12 void* std::__1::__thread_proxy[abi:nqe210106]<std::__1::tuple<std::__1::unique_ptr<std::__1::__thread_struct, std::__1::default_delete<std::__1::__thread_struct>>, void (*)(int, int), int, int>>(void*) thread.h:168 (occt_1157_stress_after:arm64+0x100006494)

  Previous write of size 8 at 0x0001fab5d950 by thread T7 (mutexes: write M0):
    #0 std::__1::ostreambuf_iterator<char, std::__1::char_traits<char>> std::__1::__pad_and_output[abi:nqe210106]<char, std::__1::char_traits<char>>(std::__1::ostreambuf_iterator<char, std::__1::char_traits<char>>, char const*, char const*, char const*, std::__1::ios_base&, char) pad_and_output.h:80 (occt_1157_stress_after:arm64+0x10000c148)
    #1 std::__1::basic_ostream<char, std::__1::char_traits<char>>& std::__1::__put_character_sequence[abi:nqe210106]<char, std::__1::char_traits<char>>(std::__1::basic_ostream<char, std::__1::char_traits<char>>&, char const*, unsigned long) put_character_sequence.h:37 (occt_1157_stress_after:arm64+0x10000be90)
    #2 Message_PrinterOStream::send(TCollection_AsciiString const&, Message_Gravity) const Message_PrinterOStream.cxx:163 (occt_1157_stress_after:arm64+0x1008f3b68)
    #3 Message_Printer::SendStringStream(std::__1::basic_stringstream<char, std::__1::char_traits<char>, std::__1::allocator<char>> const&, Message_Gravity) const Message_Printer.cxx:70 (occt_1157_stress_after:arm64+0x1008f311c)
    #4 Message_Messenger::Send(std::__1::basic_stringstream<char, std::__1::char_traits<char>, std::__1::allocator<char>> const&, Message_Gravity) const Message_Messenger.cxx:128 (occt_1157_stress_after:arm64+0x1008eee50)
    #5 Message_Messenger::StreamBuffer::Flush(bool) Message_Messenger.hxx:75 (occt_1157_stress_after:arm64+0x1000f0ab8)
    #6 Message_Messenger::StreamBuffer::~StreamBuffer() Message_Messenger.hxx:65 (occt_1157_stress_after:arm64+0x1000f08fc)
    #7 XSControl_TransferWriter::TransferWriteShape(opencascade::handle<Interface_InterfaceModel> const&, TopoDS_Shape const&, Message_ProgressRange const&) XSControl_TransferWriter.cxx:193 (occt_1157_stress_after:arm64+0x1013ead7c)
    #8 XSControl_WorkSession::TransferWriteShape(TopoDS_Shape const&, bool, Message_ProgressRange const&) XSControl_WorkSession.cxx:562 (occt_1157_stress_after:arm64+0x1013f6844)
    #9 STEPControl_Writer::Transfer(TopoDS_Shape const&, STEPControl_StepModelType, DESTEP_Parameters const&, bool, Message_ProgressRange const&) STEPControl_Writer.cxx:159 (occt_1157_stress_after:arm64+0x100552d18)
    #10 STEPControl_Writer::Transfer(TopoDS_Shape const&, STEPControl_StepModelType, bool, Message_ProgressRange const&) STEPControl_Writer.cxx:111 (occt_1157_stress_after:arm64+0x10055277c)
    #11 runStepWriteIndependent(int, int) occt_1157_stress.cpp:88 (occt_1157_stress_after:arm64+0x100000b14)
    #12 void* std::__1::__thread_proxy[abi:nqe210106]<std::__1::tuple<std::__1::unique_ptr<std::__1::__thread_struct, std::__1::default_delete<std::__1::__thread_struct>>, void (*)(int, int), int, int>>(void*) thread.h:168 (occt_1157_stress_after:arm64+0x100006494)

  Location is global 'std::__1::cout' at 0x0001fab5d930 (libc++.1.dylib+0x6cb3a950)

  Mutex M0 (0x000106659358) created at:
    #0 pthread_mutex_lock <null> (libclang_rt.tsan_osx_dynamic.dylib:arm64e+0x356bc)
    #1 std::__1::mutex::lock() <null> (libc++.1.dylib:arm64e+0x300c)
    #2 STEPControl_Writer::SetWS(opencascade::handle<XSControl_WorkSession> const&, bool) STEPControl_Writer.cxx:56 (occt_1157_stress_after:arm64+0x100551fc4)
    #3 STEPControl_Writer::STEPControl_Writer() STEPControl_Writer.cxx:39 (occt_1157_stress_after:arm64+0x100551e4c)
    #4 STEPControl_Writer::STEPControl_Writer() STEPControl_Writer.cxx:37 (occt_1157_stress_after:arm64+0x100552088)
    #5 runStepWriteIndependent(int, int) occt_1157_stress.cpp:85 (occt_1157_stress_after:arm64+0x100000ad8)
    #6 void* std::__1::__thread_proxy[abi:nqe210106]<std::__1::tuple<std::__1::unique_ptr<std::__1::__thread_struct, std::__1::default_delete<std::__1::__thread_struct>>, void (*)(int, int), int, int>>(void*) thread.h:168 (occt_1157_stress_after:arm64+0x100006494)

  Thread T2 (tid=353962, running) created by main thread at:
    #0 pthread_create <null> (libclang_rt.tsan_osx_dynamic.dylib:arm64e+0x33834)
    #1 std::__1::thread::thread[abi:nqe210106]<void (*&)(int, int), int&, int&, 0>(void (*&)(int, int), int&, int&) thread.h:216 (occt_1157_stress_after:arm64+0x10000635c)
    #2 std::__1::thread* std::__1::vector<std::__1::thread, std::__1::allocator<std::__1::thread>>::__emplace_back_slow_path<void (*&)(int, int), int&, int&>(void (*&)(int, int), int&, int&) vector.h:1130 (occt_1157_stress_after:arm64+0x100006118)
    #3 runOne(char const*, int, int) occt_1157_stress.cpp:343 (occt_1157_stress_after:arm64+0x1000039d8)
    #4 main occt_1157_stress.cpp:380 (occt_1157_stress_after:arm64+0x100002e08)

  Thread T7 (tid=353967, running) created by main thread at:
    #0 pthread_create <null> (libclang_rt.tsan_osx_dynamic.dylib:arm64e+0x33834)
    #1 std::__1::thread::thread[abi:nqe210106]<void (*&)(int, int), int&, int&, 0>(void (*&)(int, int), int&, int&) thread.h:216 (occt_1157_stress_after:arm64+0x10000635c)
    #2 runOne(char const*, int, int) occt_1157_stress.cpp:343 (occt_1157_stress_after:arm64+0x1000039b0)
    #3 main occt_1157_stress.cpp:380 (occt_1157_stress_after:arm64+0x100002e08)

SUMMARY: ThreadSanitizer: data race pad_and_output.h:80 in std::__1::ostreambuf_iterator<char, std::__1::char_traits<char>> std::__1::__pad_and_output[abi:nqe210106]<char, std::__1::char_traits<char>>(std::__1::ostreambuf_iterator<char, std::__1::char_traits<char>>, char const*, char const*, char const*, std::__1::ios_base&, char)
==================
WARNING: ThreadSanitizer: data race (pid=70935)
  Write of size 8 at 0x0001fab5d950 by thread T3 (mutexes: write M0):
    #0 std::__1::ostreambuf_iterator<char, std::__1::char_traits<char>> std::__1::__pad_and_output[abi:nqe210106]<char, std::__1::char_traits<char>>(std::__1::ostreambuf_iterator<char, std::__1::char_traits<char>>, char const*, char const*, char const*, std::__1::ios_base&, char) pad_and_output.h:80 (occt_1157_stress_after:arm64+0x10000c148)
    #1 std::__1::basic_ostream<char, std::__1::char_traits<char>>& std::__1::__put_character_sequence[abi:nqe210106]<char, std::__1::char_traits<char>>(std::__1::basic_ostream<char, std::__1::char_traits<char>>&, char const*, unsigned long) put_character_sequence.h:37 (occt_1157_stress_after:arm64+0x10000be90)
    #2 Message_PrinterOStream::send(TCollection_AsciiString const&, Message_Gravity) const Message_PrinterOStream.cxx:155 (occt_1157_stress_after:arm64+0x1008f3b18)
    #3 Message_Printer::SendStringStream(std::__1::basic_stringstream<char, std::__1::char_traits<char>, std::__1::allocator<char>> const&, Message_Gravity) const Message_Printer.cxx:70 (occt_1157_stress_after:arm64+0x1008f311c)
    #4 Message_Messenger::Send(std::__1::basic_stringstream<char, std::__1::char_traits<char>, std::__1::allocator<char>> const&, Message_Gravity) const Message_Messenger.cxx:128 (occt_1157_stress_after:arm64+0x1008eee50)
    #5 Message_Messenger::StreamBuffer::Flush(bool) Message_Messenger.hxx:75 (occt_1157_stress_after:arm64+0x1000f0ab8)
    #6 Message_Messenger::StreamBuffer::~StreamBuffer() Message_Messenger.hxx:65 (occt_1157_stress_after:arm64+0x1000f08fc)
    #7 XSControl_TransferWriter::TransferWriteShape(opencascade::handle<Interface_InterfaceModel> const&, TopoDS_Shape const&, Message_ProgressRange const&) XSControl_TransferWriter.cxx:193 (occt_1157_stress_after:arm64+0x1013ead7c)
    #8 XSControl_WorkSession::TransferWriteShape(TopoDS_Shape const&, bool, Message_ProgressRange const&) XSControl_WorkSession.cxx:562 (occt_1157_stress_after:arm64+0x1013f6844)
    #9 STEPControl_Writer::Transfer(TopoDS_Shape const&, STEPControl_StepModelType, DESTEP_Parameters const&, bool, Message_ProgressRange const&) STEPControl_Writer.cxx:159 (occt_1157_stress_after:arm64+0x100552d18)
    #10 STEPControl_Writer::Transfer(TopoDS_Shape const&, STEPControl_StepModelType, bool, Message_ProgressRange const&) STEPControl_Writer.cxx:111 (occt_1157_stress_after:arm64+0x10055277c)
    #11 runStepWriteIndependent(int, int) occt_1157_stress.cpp:88 (occt_1157_stress_after:arm64+0x100000b14)
    #12 void* std::__1::__thread_proxy[abi:nqe210106]<std::__1::tuple<std::__1::unique_ptr<std::__1::__thread_struct, std::__1::default_delete<std::__1::__thread_struct>>, void (*)(int, int), int, int>>(void*) thread.h:168 (occt_1157_stress_after:arm64+0x100006494)

  Previous write of size 8 at 0x0001fab5d950 by thread T7:
    #0 std::__1::ostreambuf_iterator<char, std::__1::char_traits<char>> std::__1::__pad_and_output[abi:nqe210106]<char, std::__1::char_traits<char>>(std::__1::ostreambuf_iterator<char, std::__1::char_traits<char>>, char const*, char const*, char const*, std::__1::ios_base&, char) pad_and_output.h:80 (occt_1157_stress_after:arm64+0x10000c148)
    #1 std::__1::basic_ostream<char, std::__1::char_traits<char>>& std::__1::__put_character_sequence[abi:nqe210106]<char, std::__1::char_traits<char>>(std::__1::basic_ostream<char, std::__1::char_traits<char>>&, char const*, unsigned long) put_character_sequence.h:37 (occt_1157_stress_after:arm64+0x10000be90)
    #2 Message_PrinterOStream::send(TCollection_AsciiString const&, Message_Gravity) const Message_PrinterOStream.cxx:163 (occt_1157_stress_after:arm64+0x1008f3b68)
    #3 Message_Printer::SendStringStream(std::__1::basic_stringstream<char, std::__1::char_traits<char>, std::__1::allocator<char>> const&, Message_Gravity) const Message_Printer.cxx:70 (occt_1157_stress_after:arm64+0x1008f311c)
    #4 Message_Messenger::Send(std::__1::basic_stringstream<char, std::__1::char_traits<char>, std::__1::allocator<char>> const&, Message_Gravity) const Message_Messenger.cxx:128 (occt_1157_stress_after:arm64+0x1008eee50)
    #5 Message_Messenger::StreamBuffer::Flush(bool) Message_Messenger.hxx:75 (occt_1157_stress_after:arm64+0x1000f0ab8)
    #6 Message_Messenger::StreamBuffer::~StreamBuffer() Message_Messenger.hxx:65 (occt_1157_stress_after:arm64+0x1000f08fc)
    #7 StepSelect_WorkLibrary::WriteFile(IFSelect_ContextWrite&) const StepSelect_WorkLibrary.cxx:150 (occt_1157_stress_after:arm64+0x10082ccc0)
    #8 IFSelect_ModelCopier::SendAll(char const*, Interface_Graph const&, opencascade::handle<IFSelect_WorkLibrary> const&, opencascade::handle<Interface_Protocol> const&) IFSelect_ModelCopier.cxx:343 (occt_1157_stress_after:arm64+0x10138656c)
    #9 IFSelect_WorkSession::SendAll(char const*, bool) IFSelect_WorkSession.cxx:2618 (occt_1157_stress_after:arm64+0x1013c0560)
    #10 STEPControl_Writer::Write(char const*) STEPControl_Writer.cxx:173 (occt_1157_stress_after:arm64+0x100553160)
    #11 runStepWriteIndependent(int, int) occt_1157_stress.cpp:97 (occt_1157_stress_after:arm64+0x100000fa8)
    #12 void* std::__1::__thread_proxy[abi:nqe210106]<std::__1::tuple<std::__1::unique_ptr<std::__1::__thread_struct, std::__1::default_delete<std::__1::__thread_struct>>, void (*)(int, int), int, int>>(void*) thread.h:168 (occt_1157_stress_after:arm64+0x100006494)

  Location is global 'std::__1::cout' at 0x0001fab5d930 (libc++.1.dylib+0x6cb3a950)

  Mutex M0 (0x000106659358) created at:
    #0 pthread_mutex_lock <null> (libclang_rt.tsan_osx_dynamic.dylib:arm64e+0x356bc)
    #1 std::__1::mutex::lock() <null> (libc++.1.dylib:arm64e+0x300c)
    #2 STEPControl_Writer::SetWS(opencascade::handle<XSControl_WorkSession> const&, bool) STEPControl_Writer.cxx:56 (occt_1157_stress_after:arm64+0x100551fc4)
    #3 STEPControl_Writer::STEPControl_Writer() STEPControl_Writer.cxx:39 (occt_1157_stress_after:arm64+0x100551e4c)
    #4 STEPControl_Writer::STEPControl_Writer() STEPControl_Writer.cxx:37 (occt_1157_stress_after:arm64+0x100552088)
    #5 runStepWriteIndependent(int, int) occt_1157_stress.cpp:85 (occt_1157_stress_after:arm64+0x100000ad8)
    #6 void* std::__1::__thread_proxy[abi:nqe210106]<std::__1::tuple<std::__1::unique_ptr<std::__1::__thread_struct, std::__1::default_delete<std::__1::__thread_struct>>, void (*)(int, int), int, int>>(void*) thread.h:168 (occt_1157_stress_after:arm64+0x100006494)

  Thread T3 (tid=353963, running) created by main thread at:
    #0 pthread_create <null> (libclang_rt.tsan_osx_dynamic.dylib:arm64e+0x33834)
    #1 std::__1::thread::thread[abi:nqe210106]<void (*&)(int, int), int&, int&, 0>(void (*&)(int, int), int&, int&) thread.h:216 (occt_1157_stress_after:arm64+0x10000635c)
    #2 std::__1::thread* std::__1::vector<std::__1::thread, std::__1::allocator<std::__1::thread>>::__emplace_back_slow_path<void (*&)(int, int), int&, int&>(void (*&)(int, int), int&, int&) vector.h:1130 (occt_1157_stress_after:arm64+0x100006118)
    #3 runOne(char const*, int, int) occt_1157_stress.cpp:343 (occt_1157_stress_after:arm64+0x1000039d8)
    #4 main occt_1157_stress.cpp:380 (occt_1157_stress_after:arm64+0x100002e08)

  Thread T7 (tid=353967, running) created by main thread at:
    #0 pthread_create <null> (libclang_rt.tsan_osx_dynamic.dylib:arm64e+0x33834)
    #1 std::__1::thread::thread[abi:nqe210106]<void (*&)(int, int), int&, int&, 0>(void (*&)(int, int), int&, int&) thread.h:216 (occt_1157_stress_after:arm64+0x10000635c)
    #2 runOne(char const*, int, int) occt_1157_stress.cpp:343 (occt_1157_stress_after:arm64+0x1000039b0)
    #3 main occt_1157_stress.cpp:380 (occt_1157_stress_after:arm64+0x100002e08)

SUMMARY: ThreadSanitizer: data race pad_and_output.h:80 in std::__1::ostreambuf_iterator<char, std::__1::char_traits<char>> std::__1::__pad_and_output[abi:nqe210106]<char, std::__1::char_traits<char>>(std::__1::ostreambuf_iterator<char, std::__1::char_traits<char>>, char const*, char const*, char const*, std::__1::ios_base&, char)
==================
WARNING: ThreadSanitizer: data race (pid=70935)
  Write of size 8 at 0x0001fab5d950 by thread T1:
    #0 std::__1::ostreambuf_iterator<char, std::__1::char_traits<char>> std::__1::__pad_and_output[abi:nqe210106]<char, std::__1::char_traits<char>>(std::__1::ostreambuf_iterator<char, std::__1::char_traits<char>>, char const*, char const*, char const*, std::__1::ios_base&, char) pad_and_output.h:80 (occt_1157_stress_after:arm64+0x10000c148)
    #1 std::__1::basic_ostream<char, std::__1::char_traits<char>>& std::__1::__put_character_sequence[abi:nqe210106]<char, std::__1::char_traits<char>>(std::__1::basic_ostream<char, std::__1::char_traits<char>>&, char const*, unsigned long) put_character_sequence.h:37 (occt_1157_stress_after:arm64+0x10000be90)
    #2 Message_PrinterOStream::send(TCollection_AsciiString const&, Message_Gravity) const Message_PrinterOStream.cxx:155 (occt_1157_stress_after:arm64+0x1008f3b18)
    #3 Message_Printer::SendStringStream(std::__1::basic_stringstream<char, std::__1::char_traits<char>, std::__1::allocator<char>> const&, Message_Gravity) const Message_Printer.cxx:70 (occt_1157_stress_after:arm64+0x1008f311c)
    #4 Message_Messenger::Send(std::__1::basic_stringstream<char, std::__1::char_traits<char>, std::__1::allocator<char>> const&, Message_Gravity) const Message_Messenger.cxx:128 (occt_1157_stress_after:arm64+0x1008eee50)
    #5 Message_Messenger::StreamBuffer::Flush(bool) Message_Messenger.hxx:75 (occt_1157_stress_after:arm64+0x1000f0ab8)
    #6 Message_Messenger::StreamBuffer::~StreamBuffer() Message_Messenger.hxx:65 (occt_1157_stress_after:arm64+0x1000f08fc)
    #7 IFSelect_ModelCopier::SendAll(char const*, Interface_Graph const&, opencascade::handle<IFSelect_WorkLibrary> const&, opencascade::handle<Interface_Protocol> const&) IFSelect_ModelCopier.cxx:313 (occt_1157_stress_after:arm64+0x1013863fc)
    #8 IFSelect_WorkSession::SendAll(char const*, bool) IFSelect_WorkSession.cxx:2602 (occt_1157_stress_after:arm64+0x1013c046c)
    #9 STEPControl_Writer::Write(char const*) STEPControl_Writer.cxx:173 (occt_1157_stress_after:arm64+0x100553160)
    #10 runStepWriteIndependent(int, int) occt_1157_stress.cpp:97 (occt_1157_stress_after:arm64+0x100000fa8)
    #11 void* std::__1::__thread_proxy[abi:nqe210106]<std::__1::tuple<std::__1::unique_ptr<std::__1::__thread_struct, std::__1::default_delete<std::__1::__thread_struct>>, void (*)(int, int), int, int>>(void*) thread.h:168 (occt_1157_stress_after:arm64+0x100006494)

  Previous write of size 8 at 0x0001fab5d950 by thread T2:
    #0 std::__1::ostreambuf_iterator<char, std::__1::char_traits<char>> std::__1::__pad_and_output[abi:nqe210106]<char, std::__1::char_traits<char>>(std::__1::ostreambuf_iterator<char, std::__1::char_traits<char>>, char const*, char const*, char const*, std::__1::ios_base&, char) pad_and_output.h:80 (occt_1157_stress_after:arm64+0x10000c148)
    #1 std::__1::basic_ostream<char, std::__1::char_traits<char>>& std::__1::__put_character_sequence[abi:nqe210106]<char, std::__1::char_traits<char>>(std::__1::basic_ostream<char, std::__1::char_traits<char>>&, char const*, unsigned long) put_character_sequence.h:37 (occt_1157_stress_after:arm64+0x10000be90)
    #2 Message_PrinterOStream::send(TCollection_AsciiString const&, Message_Gravity) const Message_PrinterOStream.cxx:163 (occt_1157_stress_after:arm64+0x1008f3b68)
    #3 Message_Printer::SendStringStream(std::__1::basic_stringstream<char, std::__1::char_traits<char>, std::__1::allocator<char>> const&, Message_Gravity) const Message_Printer.cxx:70 (occt_1157_stress_after:arm64+0x1008f311c)
    #4 Message_Messenger::Send(std::__1::basic_stringstream<char, std::__1::char_traits<char>, std::__1::allocator<char>> const&, Message_Gravity) const Message_Messenger.cxx:128 (occt_1157_stress_after:arm64+0x1008eee50)
    #5 Message_Messenger::StreamBuffer::Flush(bool) Message_Messenger.hxx:75 (occt_1157_stress_after:arm64+0x1000f0ab8)
    #6 Message_Messenger::StreamBuffer::~StreamBuffer() Message_Messenger.hxx:65 (occt_1157_stress_after:arm64+0x1000f08fc)
    #7 StepSelect_WorkLibrary::WriteFile(IFSelect_ContextWrite&) const StepSelect_WorkLibrary.cxx:150 (occt_1157_stress_after:arm64+0x10082ccc0)
    #8 IFSelect_ModelCopier::SendAll(char const*, Interface_Graph const&, opencascade::handle<IFSelect_WorkLibrary> const&, opencascade::handle<Interface_Protocol> const&) IFSelect_ModelCopier.cxx:343 (occt_1157_stress_after:arm64+0x10138656c)
    #9 IFSelect_WorkSession::SendAll(char const*, bool) IFSelect_WorkSession.cxx:2602 (occt_1157_stress_after:arm64+0x1013c046c)
    #10 STEPControl_Writer::Write(char const*) STEPControl_Writer.cxx:173 (occt_1157_stress_after:arm64+0x100553160)
    #11 runStepWriteIndependent(int, int) occt_1157_stress.cpp:97 (occt_1157_stress_after:arm64+0x100000fa8)
    #12 void* std::__1::__thread_proxy[abi:nqe210106]<std::__1::tuple<std::__1::unique_ptr<std::__1::__thread_struct, std::__1::default_delete<std::__1::__thread_struct>>, void (*)(int, int), int, int>>(void*) thread.h:168 (occt_1157_stress_after:arm64+0x100006494)

  Location is global 'std::__1::cout' at 0x0001fab5d930 (libc++.1.dylib+0x6cb3a950)

  Thread T1 (tid=353961, running) created by main thread at: : /Users/elb/Projects/OCCTSwift/.claude/worktrees/agent-a7714bea419ab9e20/tsan-1157/scratch_after/step_write_2_2.step(350 ents)  Write  Done
[0m
[32;1m******        Transferring Shape, ShapeType = 2                      ******
[0m
[32;1m** WorkSession : Sending all data
[0m
[32;1m
*******************************************************************
******        Statistics on Transfer (Write)                 ******

*******************************************************************
******        Transfer Mode = 0  I.E.  As Is       ******
[0m
[32;1m Step File Name : /Users/elb/Projects/OCCTSwift/.claude/worktrees/agent-a7714bea419ab9e20/tsan-1157/scratch_after/step_write_6_2.step(350 ents)  Write  Done
[0m
[32;1m******        Transferring Shape, ShapeType = 2                      ******
[0m
[32;1m
*******************************************************************
******        Statistics on Transfer (Write)                 ******

*******************************************************************
******        Transfer Mode = 0  I.E.  As Is       ******
[0m
[32;1m** WorkSession : Sending all data
[0m
[32;1m Step File Name : /Users/elb/Projects/OCCTSwift/.claude/worktrees/agent-a7714bea419ab9e20/tsan-1157/scratch_after/step_write_4_2.step(350 ents)  Write  Done
[0m
[32;1m******        Transferring Shape, ShapeType = 2                      ******
[0m
[32;1m** WorkSession : Sending all data
[0m
[32;1m
*******************************************************************
******        Statistics on Transfer (Write)                 ******

*******************************************************************
******        Transfer Mode = 0  I.E.  As Is       ******
[0m
[32;1m Step File Name : /Users/elb/Projects/OCCTSwift/.claude/worktrees/agent-a7714bea419ab9e20/tsan-1157/scratch_after/step_write_5_2.step(350 ents)  Write  Done
[0m
[32;1m******        Transferring Shape, ShapeType = 2                      ******
[0m
[32;1m
*******************************************************************
******        Statistics on Transfer (Write)                 ******

*******************************************************************
******        Transfer Mode = 0  I.E.  As Is       ******
[0m
[32;1m** WorkSession : Sending all data
[0m
[32;1m Step File Name : /Users/elb/Projects/OCCTSwift/.claude/worktrees/agent-a7714bea419ab9e20/tsan-1157/scratch_after/step_write_3_3.step(350 ents)  Write  Done
[0m
[32;1m******        Transferring Shape, ShapeType = 2                      ******
[0m
[32;1m
*******************************************************************
******        Statistics on Transfer (Write)                 ******

*******************************************************************
******        Transfer Mode = 0  I.E.  As Is       ******
[0m
[32;1m** WorkSession : Sending all data
[0m
[32;1m******        Transferring Shape, ShapeType = 2                      ******
[0m
[32;1m Step File Name : /Users/elb/Projects/OCCTSwift/.claude/worktrees/agent-a7714bea419ab9e20/tsan-1157/scratch_after/step_write_7_3.step(350 ents)  Write  Done
[0m
[32;1m
*******************************************************************
******        Statistics on Transfer (Write)                 ******

*******************************************************************
******        Transfer Mode = 0  I.E.  As Is       ******
[0m
[32;1m** WorkSession : Sending all data
[0m
[32;1m******        Transferring Shape, ShapeType = 2                      ******
[0m
[32;1m Step File Name : /Users/elb/Projects/OCCTSwift/.claude/worktrees/agent-a7714bea419ab9e20/tsan-1157/scratch_after/step_write_1_3.step(350 ents)  Write  Done
[0m
[32;1m[32;1m
*******************************************************************
******        Statistics on Transfer (Write)                 ******

*******************************************************************
******        Transfer Mode = 0  I.E.  As Is       ******
[0m
[32;1m******        Transferring Shape, ShapeType = 2                      ******
[0m
[32;1m** WorkSe
    #0 pthread_create <null> (libclang_rt.tsan_osx_dynamic.dylib:arm64e+0x33834)
    #1 std::__1::thread::thread[abi:nqe210106]<void (*&)(int, int), int&, int&, 0>(void (*&)(int, int), int&, int&) thread.h:216 (occt_1157_stress_after:arm64+0x10000635c)
    #2 std::__1::thread* std::__1::vector<std::__1::thread, std::__1::allocator<std::__1::thread>>::__emplace_back_slow_path<void (*&)(int, int), int&, int&>(void (*&)(int, int), int&, int&) vector.h:1130 (occt_1157_stress_after:arm64+0x100006118)
    #3 runOne(char const*, int, int) occt_1157_stress.cpp:343 (occt_1157_stress_after:arm64+0x1000039d8)
    #4 main occt_1157_stress.cpp:380 (occt_1157_stress_after:arm64+0x100002e08)

  Thread T2 (tid=353962, running) created by main thread at:
    #0 pthread_create <null> (libclang_rt.tsan_osx_dynamic.dylib:arm64e+0x33834)
    #1 std::__1::thread::thread[abi:nqe210106]<void (*&)(int, int), int&, int&, 0>(void (*&)(int, int), int&, int&) thread.h:216 (occt_1157_stress_after:arm64+0x10000635c)
    #2 std::__1::thread* std::__1::vector<std::__1::thread, std::__1::allocator<std::__1::thread>>::__emplace_back_slow_path<void (*&)(int, int), int&, int&>(void (*&)(int, int), int&, int&) vector.h:1130 (occt_1157_stress_after:arm64+0x100006118)
    #3 runOne(char const*, int, int) occt_1157_stress.cpp:343 (occt_1157_stress_after:arm64+0x1000039d8)
    #4 main occt_1157_stress.cpp:380 (occt_1157_stress_after:arm64+0x100002e08)

SUMMARY: ThreadSanitizer: data race pad_and_output.h:80 in std::__1::ostreambuf_iterator<char, std::__1::char_traits<char>> std::__1::__pad_and_output[abi:nqe210106]<char, std::__1::char_traits<char>>(std::__1::ostreambuf_iterator<char, std::__1::char_traits<char>>, char const*, char const*, char const*, std::__1::ios_base&, char)
==================
WARNING: ThreadSanitizer: data race (pid=70935)
  Write of size 8 at 0x0001fab5d950 by thread T1:
    #0 std::__1::ostreambuf_iterator<char, std::__1::char_traits<char>> std::__1::__pad_and_output[abi:nqe210106]<char, std::__1::char_traits<char>>(std::__1::ostreambuf_iterator<char, std::__1::char_traits<char>>, char const*, char const*, char const*, std::__1::ios_base&, char) pad_and_output.h:80 (occt_1157_stress_after:arm64+0x10000c148)
    #1 std::__1::basic_ostream<char, std::__1::char_traits<char>>& std::__1::__put_character_sequence[abi:nqe210106]<char, std::__1::char_traits<char>>(std::__1::basic_ostream<char, std::__1::char_traits<char>>&, char const*, unsigned long) put_character_sequence.h:37 (occt_1157_stress_after:arm64+0x10000be90)
    #2 operator<<(std::__1::basic_ostream<char, std::__1::char_traits<char>>&, TCollection_AsciiString const&) TCollection_AsciiString.cxx:1100 (occt_1157_stress_after:arm64+0x1008d61dc)
    #3 Message_PrinterOStream::send(TCollection_AsciiString const&, Message_Gravity) const Message_PrinterOStream.cxx:156 (occt_1157_stress_after:arm64+0x1008f3b24)
    #4 Message_Printer::SendStringStream(std::__1::basic_stringstream<char, std::__1::char_traits<char>, std::__1::allocator<char>> const&, Message_Gravity) const Message_Printer.cxx:70 (occt_1157_stress_after:arm64+0x1008f311c)
    #5 Message_Messenger::Send(std::__1::basic_stringstream<char, std::__1::char_traits<char>, std::__1::allocator<char>> const&, Message_Gravity) const Message_Messenger.cxx:128 (occt_1157_stress_after:arm64+0x1008eee50)
    #6 Message_Messenger::StreamBuffer::Flush(bool) Message_Messenger.hxx:75 (occt_1157_stress_after:arm64+0x1000f0ab8)
    #7 Message_Messenger::StreamBuffer::~StreamBuffer() Message_Messenger.hxx:65 (occt_1157_stress_after:arm64+0x1000f08fc)
    #8 IFSelect_ModelCopier::SendAll(char const*, Interface_Graph const&, opencascade::handle<IFSelect_WorkLibrary> const&, opencascade::handle<Interface_Protocol> const&) IFSelect_ModelCopier.cxx:313 (occt_1157_stress_after:arm64+0x1013863fc)
    #9 IFSelect_WorkSession::SendAll(char const*, bool) IFSelect_WorkSession.cxx:2602 (occt_1157_stress_after:arm64+0x1013c046c)
    #10 STEPControl_Writer::Write(char const*) STEPControl_Writer.cxx:173 (occt_1157_stress_after:arm64+0x100553160)
    #11 runStepWriteIndependent(int, int) occt_1157_stress.cpp:97 (occt_1157_stress_after:arm64+0x100000fa8)
    #12 void* std::__1::__thread_proxy[abi:nqe210106]<std::__1::tuple<std::__1::unique_ptr<std::__1::__thread_struct, std::__1::default_delete<std::__1::__thread_struct>>, void (*)(int, int), int, int>>(void*) thread.h:168 (occt_1157_stress_after:arm64+0x100006494)

  Previous write of size 8 at 0x0001fab5d950 by thread T5:
    #0 std::__1::ostreambuf_iterator<char, std::__1::char_traits<char>> std::__1::__pad_and_output[abi:nqe210106]<char, std::__1::char_traits<char>>(std::__1::ostreambuf_iterator<char, std::__1::char_traits<char>>, char const*, char const*, char const*, std::__1::ios_base&, char) pad_and_output.h:80 (occt_1157_stress_after:arm64+0x10000c148)
    #1 std::__1::basic_ostream<char, std::__1::char_traits<char>>& std::__1::__put_character_sequence[abi:nqe210106]<char, std::__1::char_traits<char>>(std::__1::basic_ostream<char, std::__1::char_traits<char>>&, char const*, unsigned long) put_character_sequence.h:37 (occt_1157_stress_after:arm64+0x10000be90)
    #2 Message_PrinterOStream::send(TCollection_AsciiString const&, Message_Gravity) const Message_PrinterOStream.cxx:163 (occt_1157_stress_after:arm64+0x1008f3b68)
    #3 Message_Printer::SendStringStream(std::__1::basic_stringstream<char, std::__1::char_traits<char>, std::__1::allocator<char>> const&, Message_Gravity) const Message_Printer.cxx:70 (occt_1157_stress_after:arm64+0x1008f311c)
    #4 Message_Messenger::Send(std::__1::basic_stringstream<char, std::__1::char_traits<char>, std::__1::allocator<char>> const&, Message_Gravity) const Message_Messenger.cxx:128 (occt_1157_stress_after:arm64+0x1008eee50)
    #5 Message_Messenger::StreamBuffer::Flush(bool) Message_Messenger.hxx:75 (occt_1157_stress_after:arm64+0x1000f0ab8)
    #6 Message_Messenger::StreamBuffer::~StreamBuffer() Message_Messenger.hxx:65 (occt_1157_stress_after:arm64+0x1000f08fc)
    #7 IFSelect_ModelCopier::SendAll(char const*, Interface_Graph const&, opencascade::handle<IFSelect_WorkLibrary> const&, opencascade::handle<Interface_Protocol> const&) IFSelect_ModelCopier.cxx:313 (occt_1157_stress_after:arm64+0x1013863fc)
    #8 IFSelect_WorkSession::SendAll(char const*, bool) IFSelect_WorkSession.cxx:2618 (occt_1157_stress_after:arm64+0x1013c0560)
    #9 STEPControl_Writer::Write(char const*) STEPControl_Writer.cxx:173 (occt_1157_stress_after:arm64+0x100553160)
    #10 runStepWriteIndependent(int, int) occt_1157_stress.cpp:97 (occt_1157_stress_after:arm64+0x100000fa8)
    #11 void* std::__1::__thread_proxy[abi:nqe210106]<std::__1::tuple<std::__1::unique_ptr<std::__1::__thread_struct, std::__1::default_delete<std::__1::__thread_struct>>, void (*)(int, int), int, int>>(void*) thread.h:168 (occt_1157_stress_after:arm64+0x100006494)

  Location is global 'std::__1::cout' at 0x0001fab5d930 (libc++.1.dylib+0x6cb3a950)

  Thread T1 (tid=353961, running) created by main thread at:
    #0 pthread_create <null> (libclang_rt.tsan_osx_dynamic.dylib:arm64e+0x33834)
    #1 std::__1::thread::thread[abi:nqe210106]<void (*&)(int, int), int&, int&, 0>(void (*&)(int, int), int&, int&) thread.h:216 (occt_1157_stress_after:arm64+0x10000635c)
    #2 std::__1::thread* std::__1::vector<std::__1::thread, std::__1::allocator<std::__1::thread>>::__emplace_back_slow_path<void (*&)(int, int), int&, int&>(void (*&)(int, int), int&, int&) vector.h:1130 (occt_1157_stress_after:arm64+0x100006118)
    #3 runOne(char const*, int, int) occt_1157_stress.cpp:343 (occt_1157_stress_after:arm64+0x1000039d8)
    #4 main occt_1157_stress.cpp:380 (occt_1157_stress_after:arm64+0x100002e08)

  Thread T5 (tid=353965, running) created by main thread at:
    #0 pthread_create <null> (libclang_rt.tsan_osx_dynamic.dylib:arm64e+0x33834)
    #1 std::__1::thread::thread[abi:nqe210106]<void (*&)(int, int), int&, int&, 0>(void (*&)(int, int), int&, int&) thread.h:216 (occt_1157_stress_after:arm64+0x10000635c)
    #2 std::__1::thread* std::__1::vector<std::__1::thread, std::__1::allocator<std::__1::thread>>::__emplace_back_slow_path<void (*&)(int, int), int&, int&>(void (*&)(int, int), int&, int&) vector.h:1130 (occt_1157_stress_after:arm64+0x100006118)
    #3 runOne(char const*, int, int) occt_1157_stress.cpp:343 (occt_1157_stress_after:arm64+0x1000039d8)
    #4 main occt_1157_stress.cpp:380 (occt_1157_stress_after:arm64+0x100002e08)

SUMMARY: ThreadSanitizer: data race pad_and_output.h:80 in std::__1::ostreambuf_iterator<char, std::__1::char_traits<char>> std::__1::__pad_and_output[abi:nqe210106]<char, std::__1::char_traits<char>>(std::__1::ostreambuf_iterator<char, std::__1::char_traits<char>>, char const*, char const*, char const*, std::__1::ios_base&, char)
==================
WARNING: ThreadSanitizer: data race (pid=70935)
  Write of size 8 at 0x0001fab5d950 by thread T1:
    #0 std::__1::ostreambuf_iterator<char, std::__1::char_traits<char>> std::__1::__pad_and_output[abi:nqe210106]<char, std::__1::char_traits<char>>(std::__1::ostreambuf_iterator<char, std::__1::char_traits<char>>, char const*, char const*, char const*, std::__1::ios_base&, char) pad_and_output.h:80 (occt_1157_stress_after:arm64+0x10000c148)
    #1 std::__1::basic_ostream<char, std::__1::char_traits<char>>& std::__1::__put_character_sequence[abi:nqe210106]<char, std::__1::char_traits<char>>(std::__1::basic_ostream<char, std::__1::char_traits<char>>&, char const*, unsigned long) put_character_sequence.h:37 (occt_1157_stress_after:arm64+0x10000be90)
    #2 Message_PrinterOStream::send(TCollection_AsciiString const&, Message_Gravity) const Message_PrinterOStream.cxx:157 (occt_1157_stress_after:arm64+0x1008f3b38)
    #3 Message_Printer::SendStringStream(std::__1::basic_stringstream<char, std::__1::char_traits<char>, std::__1::allocator<char>> const&, Message_Gravity) const Message_Printer.cxx:70 (occt_1157_stress_after:arm64+0x1008f311c)
    #4 Message_Messenger::Send(std::__1::basic_stringstream<char, std::__1::char_traits<char>, std::__1::allocator<char>> const&, Message_Gravity) const Message_Messenger.cxx:128 (occt_1157_stress_after:arm64+0x1008eee50)
    #5 Message_Messenger::StreamBuffer::Flush(bool) Message_Messenger.hxx:75 (occt_1157_stress_after:arm64+0x1000f0ab8)
    #6 Message_Messenger::StreamBuffer::~StreamBuffer() Message_Messenger.hxx:65 (occt_1157_stress_after:arm64+0x1000f08fc)
    #7 IFSelect_ModelCopier::SendAll(char const*, Interface_Graph const&, opencascade::handle<IFSelect_WorkLibrary> const&, opencascade::handle<Interface_Protocol> const&) IFSelect_ModelCopier.cxx:313 (occt_1157_stress_after:arm64+0x1013863fc)
    #8 IFSelect_WorkSession::SendAll(char const*, bool) IFSelect_WorkSession.cxx:2602 (occt_1157_stress_after:arm64+0x1013c046c)
    #9 STEPControl_Writer::Write(char const*) STEPControl_Writer.cxx:173 (occt_1157_stress_after:arm64+0x100553160)
    #10 runStepWriteIndependent(int, int) occt_1157_stress.cpp:97 (occt_1157_stress_after:arm64+0x100000fa8)
    #11 void* std::__1::__thread_proxy[abi:nqe210106]<std::__1::tuple<std::__1::unique_ptr<std::__1::__thread_struct, std::__1::default_delete<std::__1::__thread_struct>>, void (*)(int, int), int, int>>(void*) thread.h:168 (occt_1157_stress_after:arm64+0x100006494)

  Previous write of size 8 at 0x0001fab5d950 by thread T7:
    #0 std::__1::ostreambuf_iterator<char, std::__1::char_traits<char>> std::__1::__pad_and_output[abi:nqe210106]<char, std::__1::char_traits<char>>(std::__1::ostreambuf_iterator<char, std::__1::char_traits<char>>, char const*, char const*, char const*, std::__1::ios_base&, char) pad_and_output.h:80 (occt_1157_stress_after:arm64+0x10000c148)
    #1 std::__1::basic_ostream<char, std::__1::char_traits<char>>& std::__1::__put_character_sequence[abi:nqe210106]<char, std::__1::char_traits<char>>(std::__1::basic_ostream<char, std::__1::char_traits<char>>&, char const*, unsigned long) put_character_sequence.h:37 (occt_1157_stress_after:arm64+0x10000be90)
    #2 Message_PrinterOStream::send(TCollection_AsciiString const&, Message_Gravity) const Message_PrinterOStream.cxx:163 (occt_1157_stress_after:arm64+0x1008f3b68)
    #3 Message_Printer::SendStringStream(std::__1::basic_stringstream<char, std::__1::char_traits<char>, std::__1::allocator<char>> const&, Message_Gravity) const Message_Printer.cxx:70 (occt_1157_stress_after:arm64+0x1008f311c)
    #4 Message_Messenger::Send(std::__1::basic_stringstream<char, std::__1::char_traits<char>, std::__1::allocator<char>> const&, Message_Gravity) const Message_Messenger.cxx:128 (occt_1157_stress_after:arm64+0x1008eee50)
    #5 Message_Messenger::StreamBuffer::Flush(bool) Message_Messenger.hxx:75 (occt_1157_stress_after:arm64+0x1000f0ab8)
    #6 Message_Messenger::StreamBuffer::~StreamBuffer() Message_Messenger.hxx:65 (occt_1157_stress_after:arm64+0x1000f08fc)
    #7 IFSelect_ModelCopier::SendAll(char const*, Interface_Graph const&, opencascade::handle<IFSelect_WorkLibrary> const&, opencascade::handle<Interface_Protocol> const&) IFSelect_ModelCopier.cxx:313 (occt_1157_stress_after:arm64+0x1013863fc)
    #8 IFSelect_WorkSession::SendAll(char const*, bool) IFSelect_WorkSession.cxx:2602 (occt_1157_stress_after:arm64+0x1013c046c)
    #9 STEPControl_Writer::Write(char const*) STEPControl_Writer.cxx:173 (occt_1157_stress_after:arm64+0x100553160)
    #10 runStepWriteIndependent(int, int) occt_1157_stress.cpp:97 (occt_1157_stress_after:arm64+0x100000fa8)
    #11 void* std::__1::__thread_proxy[abi:nqe210106]<std::__1::tuple<std::__1::unique_ptr<std::__1::__thread_struct, std::__1::default_delete<std::__1::__thread_struct>>, void (*)(int, int), int, int>>(void*) thread.h:168 (occt_1157_stress_after:arm64+0x100006494)

  Location is global 'std::__1::cout' at 0x0001fab5d930 (libc++.1.dylib+0x6cb3a950)

  Thread T1 (tid=353961, running) created by main thread at:
    #0 pthread_create <null> (libclang_rt.tsan_osx_dynamic.dylib:arm64e+0x33834)
    #1 std::__1::thread::thread[abi:nqe210106]<void (*&)(int, int), int&, int&, 0>(void (*&)(int, int), int&, int&) thread.h:216 (occt_1157_stress_after:arm64+0x10000635c)
    #2 std::__1::thread* std::__1::vector<std::__1::thread, std::__1::allocator<std::__1::thread>>::__emplace_back_slow_path<void (*&)(int, int), int&, int&>(void (*&)(int, int), int&, int&) vector.h:1130 (occt_1157_stress_after:arm64+0x100006118)
    #3 runOne(char const*, int, int) occt_1157_stress.cpp:343 (occt_1157_stress_after:arm64+0x1000039d8)
    #4 main occt_1157_stress.cpp:380 (occt_1157_stress_after:arm64+0x100002e08)

  Thread T7 (tid=353967, running) created by main thread at:
    #0 pthread_create <null> (libclang_rt.tsan_osx_dynamic.dylib:arm64e+0x33834)
    #1 std::__1::thread::thread[abi:nqe210106]<void (*&)(int, int), int&, int&, 0>(void (*&)(int, int), int&, int&) thread.h:216 (occt_1157_stress_after:arm64+0x10000635c)
    #2 runOne(char const*, int, int) occt_1157_stress.cpp:343 (occt_1157_stress_after:arm64+0x1000039b0)
    #3 main occt_1157_stress.cpp:380 (occt_1157_stress_after:arm64+0x100002e08)

SUMMARY: ThreadSanitizer: data race pad_and_output.h:80 in std::__1::ostreambuf_iterator<char, std::__1::char_traits<char>> std::__1::__pad_and_output[abi:nqe210106]<char, std::__1::char_traits<char>>(std::__1::ostreambuf_iterator<char, std::__1::char_traits<char>>, char const*, char const*, char const*, std::__1::ios_base&, char)
==================
WARNING: ThreadSanitizer: data race (pid=70935)
  Write of size 8 at 0x0001fab5d950 by thread T8 (mutexes: write M0):
    #0 std::__1::ostreambuf_iterator<char, std::__1::char_traits<char>> std::__1::__pad_and_output[abi:nqe210106]<char, std::__1::char_traits<char>>(std::__1::ostreambuf_iterator<char, std::__1::char_traits<char>>, char const*, char const*, char const*, std::__1::ios_base&, char) pad_and_output.h:80 (occt_1157_stress_after:arm64+0x10000c148)
    #1 std::__1::basic_ostream<char, std::__1::char_traits<char>>& std::__1::__put_character_sequence[abi:nqe210106]<char, std::__1::char_traits<char>>(std::__1::basic_ostream<char, std::__1::char_traits<char>>&, char const*, unsigned long) put_character_sequence.h:37 (occt_1157_stress_after:arm64+0x10000be90)
    #2 operator<<(std::__1::basic_ostream<char, std::__1::char_traits<char>>&, TCollection_AsciiString const&) TCollection_AsciiString.cxx:1100 (occt_1157_stress_after:arm64+0x1008d61dc)
    #3 Message_PrinterOStream::send(TCollection_AsciiString const&, Message_Gravity) const Message_PrinterOStream.cxx:156 (occt_1157_stress_after:arm64+0x1008f3b24)
    #4 Message_Printer::SendStringStream(std::__1::basic_stringstream<char, std::__1::char_traits<char>, std::__1::allocator<char>> const&, Message_Gravity) const Message_Printer.cxx:70 (occt_1157_stress_after:arm64+0x1008f311c)
    #5 Message_Messenger::Send(std::__1::basic_stringstream<char, std::__1::char_traits<char>, std::__1::allocator<char>> const&, Message_Gravity) const Message_Messenger.cxx:128 (occt_1157_stress_after:arm64+0x1008eee50)
    #6 Message_Messenger::StreamBuffer::Flush(bool) Message_Messenger.hxx:75 (occt_1157_stress_after:arm64+0x1000f0ab8)
    #7 Message_Messenger::StreamBuffer::~StreamBuffer() Message_Messenger.hxx:65 (occt_1157_stress_after:arm64+0x1000f08fc)
    #8 XSControl_TransferWriter::PrintStats(int, int) const XSControl_TransferWriter.cxx:62 (occt_1157_stress_after:arm64+0x1013ea27c)
    #9 XSControl_TransferWriter::TransferWriteShape(opencascade::handle<Interface_InterfaceModel> const&, TopoDS_Shape const&, Message_ProgressRange const&) XSControl_TransferWriter.cxx:176 (occt_1157_stress_after:arm64+0x1013eac6c)
    #10 XSControl_WorkSession::TransferWriteShape(TopoDS_Shape const&, bool, Message_ProgressRange const&) XSControl_WorkSession.cxx:562 (occt_1157_stress_after:arm64+0x1013f6844)
    #11 STEPControl_Writer::Transfer(TopoDS_Shape const&, STEPControl_StepModelType, DESTEP_Parameters const&, bool, Message_ProgressRange const&) STEPControl_Writer.cxx:159 (occt_1157_stress_after:arm64+0x100552d18)
    #12 STEPControl_Writer::Transfer(TopoDS_Shape const&, STEPControl_StepModelType, bool, Message_ProgressRange const&) STEPControl_Writer.cxx:111 (occt_1157_stress_after:arm64+0x10055277c)
    #13 runStepWriteIndependent(int, int) occt_1157_stress.cpp:88 (occt_1157_stress_after:arm64+0x100000b14)
    #14 void* std::__1::__thread_proxy[abi:nqe210106]<std::__1::tuple<std::__1::unique_ptr<std::__1::__thread_struct, std::__1::default_delete<std::__1::__thread_struct>>, void (*)(int, int), int, int>>(void*) thread.h:168 (occt_1157_stress_after:arm64+0x100006494)

  Previous write of size 8 at 0x0001fab5d950 by thread T1:
    #0 std::__1::ostreambuf_iterator<char, std::__1::char_traits<char>> std::__1::__pad_and_output[abi:nqe210106]<char, std::__1::char_traits<char>>(std::__1::ostreambuf_iterator<char, std::__1::char_traits<char>>, char const*, char const*, char const*, std::__1::ios_base&, char) pad_and_output.h:80 (occt_1157_stress_after:arm64+0x10000c148)
    #1 std::__1::basic_ostream<char, std::__1::char_traits<char>>& std::__1::__put_character_sequence[abi:nqe210106]<char, std::__1::char_traits<char>>(std::__1::basic_ostream<char, std::__1::char_traits<char>>&, char const*, unsigned long) put_character_sequence.h:37 (occt_1157_stress_after:arm64+0x10000be90)
    #2 Message_PrinterOStream::send(TCollection_AsciiString const&, Message_Gravity) const Message_PrinterOStream.cxx:163 (occt_1157_stress_after:arm64+0x1008f3b68)
    #3 Message_Printer::SendStringStream(std::__1::basic_stringstream<char, std::__1::char_traits<char>, std::__1::allocator<char>> const&, Message_Gravity) const Message_Printer.cxx:70 (occt_1157_stress_after:arm64+0x1008f311c)
    #4 Message_Messenger::Send(std::__1::basic_stringstream<char, std::__1::char_traits<char>, std::__1::allocator<char>> const&, Message_Gravity) const Message_Messenger.cxx:128 (occt_1157_stress_after:arm64+0x1008eee50)
    #5 Message_Messenger::StreamBuffer::Flush(bool) Message_Messenger.hxx:75 (occt_1157_stress_after:arm64+0x1000f0ab8)
    #6 Message_Messenger::StreamBuffer::~StreamBuffer() Message_Messenger.hxx:65 (occt_1157_stress_after:arm64+0x1000f08fc)
    #7 IFSelect_ModelCopier::SendAll(char const*, Interface_Graph const&, opencascade::handle<IFSelect_WorkLibrary> const&, opencascade::handle<Interface_Protocol> const&) IFSelect_ModelCopier.cxx:313 (occt_1157_stress_after:arm64+0x1013863fc)
    #8 IFSelect_WorkSession::SendAll(char const*, bool) IFSelect_WorkSession.cxx:2602 (occt_1157_stress_after:arm64+0x1013c046c)
    #9 STEPControl_Writer::Write(char const*) STEPControl_Writer.cxx:173 (occt_1157_stress_after:arm64+0x100553160)
    #10 runStepWriteIndependent(int, int) occt_1157_stress.cpp:97 (occt_1157_stress_after:arm64+0x100000fa8)
    #11 void* std::__1::__thread_proxy[abi:nqe210106]<std::__1::tuple<std::__1::unique_ptr<std::__1::__thread_struct, std::__1::default_delete<std::__1::__thread_struct>>, void (*)(int, int), int, int>>(void*) thread.h:168 (occt_1157_stress_after:arm64+0x100006494)

  Location is global 'std::__1::cout' at 0x0001fab5d930 (libc++.1.dylib+0x6cb3a950)

  Mutex M0 (0x000106659358) created at:
    #0 pthread_mutex_lock <null> (libclang_rt.tsan_osx_dynamic.dylib:arm64e+0x356bc)
    #1 std::__1::mutex::lock() <null> (libc++.1.dylib:arm64e+0x300c)
    #2 STEPControl_Writer::SetWS(opencascade::handle<XSControl_WorkSession> const&, bool) STEPControl_Writer.cxx:56 (occt_1157_stress_after:arm64+0x100551fc4)
    #3 STEPControl_Writer::STEPControl_Writer() STEPControl_Writer.cxx:39 (occt_1157_stress_after:arm64+0x100551e4c)
    #4 STEPControl_Writer::STEPControl_Writer() STEPControl_Writer.cxx:37 (occt_1157_stress_after:arm64+0x100552088)
    #5 runStepWriteIndependent(int, int) occt_1157_stress.cpp:85 (occt_1157_stress_after:arm64+0x100000ad8)
    #6 void* std::__1::__thread_proxy[abi:nqe210106]<std::__1::tuple<std::__1::unique_ptr<std::__1::__thread_struct, std::__1::default_delete<std::__1::__thread_struct>>, void (*)(int, int), int, int>>(void*) thread.h:168 (occt_1157_stress_after:arm64+0x100006494)

  Thread T8 (tid=353968, running) created by main thread at:
    #0 pthread_create <null> (libclang_rt.tsan_osx_dynamic.dylib:arm64e+0x33834)
    #1 std::__1::thread::thread[abi:nqe210106]<void (*&)(int, int), int&, int&, 0>(void (*&)(int, int), int&, int&) thread.h:216 (occt_1157_stress_after:arm64+0x10000635c)
    #2 runOne(char const*, int, int) occt_1157_stress.cpp:343 (occt_1157_stress_after:arm64+0x1000039b0)
    #3 main occt_1157_stress.cpp:380 (occt_1157_stress_after:arm64+0x100002e08)

  Thread T1 (tid=353961, running) created by main thread at:
    #0 pthread_create <null> (libclang_rt.tsan_osx_dynamic.dylib:arm64e+0x33834)
    #1 std::__1::thread::thread[abi:nqe210106]<void (*&)(int, int), int&, int&, 0>(void (*&)(int, int), int&, int&) thread.h:216 (occt_1157_stress_after:arm64+0x10000635c)
    #2 std::__1::thread* std::__1::vector<std::__1::thread, std::__1::allocator<std::__1::thread>>::__emplace_back_slow_path<void (*&)(int, int), int&, int&>(void (*&)(int, int), int&, int&) vector.h:1130 (occt_1157_stress_after:arm64+0x100006118)
    #3 runOne(char const*, int, int) occt_1157_stress.cpp:343 (occt_1157_stress_after:arm64+0x1000039d8)
    #4 main occt_1157_stress.cpp:380 (occt_1157_stress_after:arm64+0x100002e08)

SUMMARY: ThreadSanitizer: data race pad_and_output.h:80 in std::__1::ostreambuf_iterator<char, std::__1::char_traits<char>> std::__1::__pad_and_output[abi:nqe210106]<char, std::__1::char_traits<char>>(std::__1::ostreambuf_iterator<char, std::__1::char_traits<char>>, char const*, char const*, char const*, std::__1::ios_base&, char)
==================
WARNING: ThreadSanitizer: data race (pid=70935)
  Write of size 8 at 0x0001fab5d950 by thread T1:
    #0 std::__1::ostreambuf_iterator<char, std::__1::char_traits<char>> std::__1::__pad_and_output[abi:nqe210106]<char, std::__1::char_traits<char>>(std::__1::ostreambuf_iterator<char, std::__1::char_traits<char>>, char const*, char const*, char const*, std::__1::ios_base&, char) pad_and_output.h:80 (occt_1157_stress_after:arm64+0x10000c148)
    #1 std::__1::basic_ostream<char, std::__1::char_traits<char>>& std::__1::__put_character_sequence[abi:nqe210106]<char, std::__1::char_traits<char>>(std::__1::basic_ostream<char, std::__1::char_traits<char>>&, char const*, unsigned long) put_character_sequence.h:37 (occt_1157_stress_after:arm64+0x10000be90)
    #2 Message_PrinterOStream::send(TCollection_AsciiString const&, Message_Gravity) const Message_PrinterOStream.cxx:155 (occt_1157_stress_after:arm64+0x1008f3b18)
    #3 Message_Printer::SendStringStream(std::__1::basic_stringstream<char, std::__1::char_traits<char>, std::__1::allocator<char>> const&, Message_Gravity) const Message_Printer.cxx:70 (occt_1157_stress_after:arm64+0x1008f311c)
    #4 Message_Messenger::Send(std::__1::basic_stringstream<char, std::__1::char_traits<char>, std::__1::allocator<char>> const&, Message_Gravity) const Message_Messenger.cxx:128 (occt_1157_stress_after:arm64+0x1008eee50)
    #5 Message_Messenger::StreamBuffer::Flush(bool) Message_Messenger.hxx:75 (occt_1157_stress_after:arm64+0x1000f0ab8)
    #6 Message_Messenger::StreamBuffer::~StreamBuffer() Message_Messenger.hxx:65 (occt_1157_stress_after:arm64+0x1000f08fc)
    #7 StepSelect_WorkLibrary::WriteFile(IFSelect_ContextWrite&) const StepSelect_WorkLibrary.cxx:150 (occt_1157_stress_after:arm64+0x10082ccc0)
    #8 IFSelect_ModelCopier::SendAll(char const*, Interface_Graph const&, opencascade::handle<IFSelect_WorkLibrary> const&, opencascade::handle<Interface_Protocol> const&) IFSelect_ModelCopier.cxx:343 (occt_1157_stress_after:arm64+0x10138656c)
    #9 IFSelect_WorkSession::SendAll(char const*, bool) IFSelect_WorkSession.cxx:2602 (occt_1157_stress_after:arm64+0x1013c046c)
    #10 STEPControl_Writer::Write(char const*) STEPControl_Writer.cxx:173 (occt_1157_stress_after:arm64+0x100553160)
    #11 runStepWriteIndependent(int, int) occt_1157_stress.cpp:97 (occt_1157_stress_after:arm64+0x100000fa8)
    #12 void* std::__1::__thread_proxy[abi:nqe210106]<std::__1::tuple<std::__1::unique_ptr<std::__1::__thread_struct, std::__1::default_delete<std::__1::__thread_struct>>, void (*)(int, int), int, int>>(void*) thread.h:168 (occt_1157_stress_after:arm64+0x100006494)

  Previous write of size 8 at 0x0001fab5d950 by thread T6:
    #0 std::__1::ostreambuf_iterator<char, std::__1::char_traits<char>> std::__1::__pad_and_output[abi:nqe210106]<char, std::__1::char_traits<char>>(std::__1::ostreambuf_iterator<char, std::__1::char_traits<char>>, char const*, char const*, char const*, std::__1::ios_base&, char) pad_and_output.h:80 (occt_1157_stress_after:arm64+0x10000c148)
    #1 std::__1::basic_ostream<char, std::__1::char_traits<char>>& std::__1::__put_character_sequence[abi:nqe210106]<char, std::__1::char_traits<char>>(std::__1::basic_ostream<char, std::__1::char_traits<char>>&, char const*, unsigned long) put_character_sequence.h:37 (occt_1157_stress_after:arm64+0x10000be90)
    #2 Message_PrinterOStream::send(TCollection_AsciiString const&, Message_Gravity) const Message_PrinterOStream.cxx:163 (occt_1157_stress_after:arm64+0x1008f3b68)
    #3 Message_Printer::SendStringStream(std::__1::basic_stringstream<char, std::__1::char_traits<char>, std::__1::allocator<char>> const&, Message_Gravity) const Message_Printer.cxx:70 (occt_1157_stress_after:arm64+0x1008f311c)
    #4 Message_Messenger::Send(std::__1::basic_stringstream<char, std::__1::char_traits<char>, std::__1::allocator<char>> const&, Message_Gravity) const Message_Messenger.cxx:128 (occt_1157_stress_after:arm64+0x1008eee50)
    #5 Message_Messenger::StreamBuffer::Flush(bool) Message_Messenger.hxx:75 (occt_1157_stress_after:arm64+0x1000f0ab8)
    #6 Message_Messenger::StreamBuffer::~StreamBuffer() Message_Messenger.hxx:65 (occt_1157_stress_after:arm64+0x1000f08fc)
    #7 StepSelect_WorkLibrary::WriteFile(IFSelect_ContextWrite&) const StepSelect_WorkLibrary.cxx:150 (occt_1157_stress_after:arm64+0x10082ccc0)
    #8 IFSelect_ModelCopier::SendAll(char const*, Interface_Graph const&, opencascade::handle<IFSelect_WorkLibrary> const&, opencascade::handle<Interface_Protocol> const&) IFSelect_ModelCopier.cxx:343 (occt_1157_stress_after:arm64+0x10138656c)
    #9 IFSelect_WorkSession::SendAll(char const*, bool) IFSelect_WorkSession.cxx:2602 (occt_1157_stress_after:arm64+0x1013c046c)
    #10 STEPControl_Writer::Write(char const*) STEPControl_Writer.cxx:173 (occt_1157_stress_after:arm64+0x100553160)
    #11 runStepWriteIndependent(int, int) occt_1157_stress.cpp:97 (occt_1157_stress_after:arm64+0x100000fa8)
    #12 void* std::__1::__thread_proxy[abi:nqe210106]<std::__1::tuple<std::__1::unique_ptr<std::__1::__thread_struct, std::__1::default_delete<std::__1::__thread_struct>>, void (*)(int, int), int, int>>(void*) thread.h:168 (occt_1157_stress_after:arm64+0x100006494)

  Location is global 'std::__1::cout' at 0x0001fab5d930 (libc++.1.dylib+0x6cb3a950)

  Thread T1 (tid=353961, running) created by main thread at:
    #0 pthread_create <null> (libclang_rt.tsan_osx_dynamic.dylib:arm64e+0x33834)
    #1 std::__1::thread::thread[abi:nqe210106]<void (*&)(int, int), int&, int&, 0>(void (*&)(int, int), int&, int&) thread.h:216 (occt_1157_stress_after:arm64+0x10000635c)
    #2 std::__1::thread* std::__1::vector<std::__1::thread, std::__1::allocator<std::__1::thread>>::__emplace_back_slow_path<void (*&)(int, int), int&, int&>(void (*&)(int, int), int&, int&) vector.h:1130 (occt_1157_stress_after:arm64+0x100006118)
    #3 runOne(char const*, int, int) occt_1157_stress.cpp:343 (occt_1157_stress_after:arm64+0x1000039d8)
    #4 main occt_1157_stress.cpp:380 (occt_1157_stress_after:arm64+0x100002e08)

  Thread T6 (tid=353966, running) created by main thread at:
    #0 pthread_create <null> (libclang_rt.tsan_osx_dynamic.dylib:arm64e+0x33834)
    #1 std::__1::thread::thread[abi:nqe210106]<void (*&)(int, int), int&, int&, 0>(void (*&)(int, int), int&, int&) thread.h:216 (occt_1157_stress_after:arm64+0x10000635c)
    #2 runOne(char const*, int, int) occt_1157_stress.cpp:343 (occt_1157_stress_after:arm64+0x1000039b0)
    #3 main occt_1157_stress.cpp:380 (occt_1157_stress_after:arm64+0x100002e08)

SUMMARY: ThreadSanitizer: data race pad_and_output.h:80 in std::__1::ostreambuf_iterator<char, std::__1::char_traits<char>> std::__1::__pad_and_output[abi:nqe210106]<char, std::__1::char_traits<char>>(std::__1::ostreambuf_iterator<char, std::__1::char_traits<char>>, char const*, char const*, char const*, std::__1::ios_base&, char)
==================
WARNING: ThreadSanitizer: data race (pid=70935)
  Write of size 8 at 0x0001fab5d950 by thread T1:
    #0 std::__1::ostreambuf_iterator<char, std::__1::char_traits<char>> std::__1::__pad_and_output[abi:nqe210106]<char, std::__1::char_traits<char>>(std::__1::ostreambuf_iterator<char, std::__1::char_traits<char>>, char const*, char const*, char const*, std::__1::ios_base&, char) pad_and_output.h:80 (occt_1157_stress_after:arm64+0x10000c148)
    #1 std::__1::basic_ostream<char, std::__1::char_traits<char>>& std::__1::__put_character_sequence[abi:nqe210106]<char, std::__1::char_traits<char>>(std::__1::basic_ostream<char, std::__1::char_traits<char>>&, char const*, unsigned long) put_character_sequence.h:37 (occt_1157_stress_after:arm64+0x10000be90)
    #2 operator<<(std::__1::basic_ostream<char, std::__1::char_traits<char>>&, TCollection_AsciiString const&) TCollection_AsciiString.cxx:1100 (occt_1157_stress_after:arm64+0x1008d61dc)
    #3 Message_PrinterOStream::send(TCollection_AsciiString const&, Message_Gravity) const Message_PrinterOStream.cxx:156 (occt_1157_stress_after:arm64+0x1008f3b24)
    #4 Message_Printer::SendStringStream(std::__1::basic_stringstream<char, std::__1::char_traits<char>, std::__1::allocator<char>> const&, Message_Gravity) const Message_Printer.cxx:70 (occt_1157_stress_after:arm64+0x1008f311c)
    #5 Message_Messenger::Send(std::__1::basic_stringstream<char, std::__1::char_traits<char>, std::__1::allocator<char>> const&, Message_Gravity) const Message_Messenger.cxx:128 (occt_1157_stress_after:arm64+0x1008eee50)
    #6 Message_Messenger::StreamBuffer::Flush(bool) Message_Messenger.hxx:75 (occt_1157_stress_after:arm64+0x1000f0ab8)
    #7 Message_Messenger::StreamBuffer::~StreamBuffer() Message_Messenger.hxx:65 (occt_1157_stress_after:arm64+0x1000f08fc)
    #8 StepSelect_WorkLibrary::WriteFile(IFSelect_ContextWrite&) const StepSelect_WorkLibrary.cxx:150 (occt_1157_stress_after:arm64+0x10082ccc0)
    #9 IFSelect_ModelCopier::SendAll(char const*, Interface_Graph const&, opencascade::handle<IFSelect_WorkLibrary> const&, opencascade::handle<Interface_Protocol> const&) IFSelect_ModelCopier.cxx:343 (occt_1157_stress_after:arm64+0x10138656c)
    #10 IFSelect_WorkSession::SendAll(char const*, bool) IFSelect_WorkSession.cxx:2602 (occt_1157_stress_after:arm64+0x1013c046c)
    #11 STEPControl_Writer::Write(char const*) STEPControl_Writer.cxx:173 (occt_1157_stress_after:arm64+0x100553160)
    #12 runStepWriteIndependent(int, int) occt_1157_stress.cpp:97 (occt_1157_stress_after:arm64+0x100000fa8)
    #13 void* std::__1::__thread_proxy[abi:nqe210106]<std::__1::tuple<std::__1::unique_ptr<std::__1::__thread_struct, std::__1::default_delete<std::__1::__thread_struct>>, void (*)(int, int), int, int>>(void*) thread.h:168 (occt_1157_stress_after:arm64+0x100006494)

  Previous write of size 8 at 0x0001fab5d950 by thread T8:
    #0 std::__1::ostreambuf_iterator<char, std::__1::char_traits<char>> std::__1::__pad_and_output[abi:nqe210106]<char, std::__1::char_traits<char>>(std::__1::ostreambuf_iterator<char, std::__1::char_traits<char>>, char const*, char const*, char const*, std::__1::ios_base&, char) pad_and_output.h:80 (occt_1157_stress_after:arm64+0x10000c148)
    #1 std::__1::basic_ostream<char, std::__1::char_traits<char>>& std::__1::__put_character_sequence[abi:nqe210106]<char, std::__1::char_traits<char>>(std::__1::basic_ostream<char, std::__1::char_traits<char>>&, char const*, unsigned long) put_character_sequence.h:37 (occt_1157_stress_after:arm64+0x10000be90)
    #2 Message_PrinterOStream::send(TCollection_AsciiString const&, Message_Gravity) const Message_PrinterOStream.cxx:163 (occt_1157_stress_after:arm64+0x1008f3b68)
    #3 Message_Printer::SendStringStream(std::__1::basic_stringstream<char, std::__1::char_traits<char>, std::__1::allocator<char>> const&, Message_Gravity) const Message_Printer.cxx:70 (occt_1157_stress_after:arm64+0x1008f311c)
    #4 Message_Messenger::Send(std::__1::basic_stringstream<char, std::__1::char_traits<char>, std::__1::allocator<char>> const&, Message_Gravity) const Message_Messenger.cxx:128 (occt_1157_stress_after:arm64+0x1008eee50)
    #5 Message_Messenger::StreamBuffer::Flush(bool) Message_Messenger.hxx:75 (occt_1157_stress_after:arm64+0x1000f0ab8)
    #6 Message_Messenger::StreamBuffer::~StreamBuffer() Message_Messenger.hxx:65 (occt_1157_stress_after:arm64+0x1000f08fc)
    #7 IFSelect_ModelCopier::SendAll(char const*, Interface_Graph const&, opencascade::handle<IFSelect_WorkLibrary> const&, opencascade::handle<Interface_Protocol> const&) IFSelect_ModelCopier.cxx:313 (occt_1157_stress_after:arm64+0x1013863fc)
    #8 IFSelect_WorkSession::SendAll(char const*, bool) IFSelect_WorkSession.cxx:2602 (occt_1157_stress_after:arm64+0x1013c046c)
    #9 STEPControl_Writer::Write(char const*) STEPControl_Writer.cxx:173 (occt_1157_stress_after:arm64+0x100553160)
    #10 runStepWriteIndependent(int, int) occt_1157_stress.cpp:97 (occt_1157_stress_after:arm64+0x100000fa8)
    #11 void* std::__1::__thread_proxy[abi:nqe210106]<std::__1::tuple<std::__1::unique_ptr<std::__1::__thread_struct, std::__1::default_delete<std::__1::__thread_struct>>, void (*)(int, int), int, int>>(void*) thread.h:168 (occt_1157_stress_after:arm64+0x100006494)

  Location is global 'std::__1::cout' at 0x0001fab5d930 (libc++.1.dylib+0x6cb3a950)

  Thread T1 (tid=353961, running) created by main thread at:
    #0 pthread_create <null> (libclang_rt.tsan_osx_dynamic.dylib:arm64e+0x33834)
    #1 std::__1::thread::thread[abi:nqe210106]<void (*&)(int, int), int&, int&, 0>(void (*&)(int, int), int&, int&) thread.h:216 (occt_1157_stress_after:arm64+0x10000635c)
    #2 std::__1::thread* std::__1::vector<std::__1::thread, std::__1::allocator<std::__1::thread>>::__emplace_back_slow_path<void (*&)(int, int), int&, int&>(void (*&)(int, int), int&, int&) vector.h:1130 (occt_1157_stress_after:arm64+0x100006118)
    #3 runOne(char const*, int, int) occt_1157_stress.cpp:343 (occt_1157_stress_after:arm64+0x1000039d8)
    #4 main occt_1157_stress.cpp:380 (occt_1157_stress_after:arm64+0x100002e08)

  Thread T8 (tid=353968, running) created by main thread at:
    #0 pthread_create <null> (libclang_rt.tsan_osx_dynamic.dylib:arm64e+0x33834)
    #1 std::__1::thread::thread[abi:nqe210106]<void (*&)(int, int), int&, int&, 0>(void (*&)(int, int), int&, int&) thread.h:216 (occt_1157_stress_after:arm64+0x10000635c)
    #2 runOne(char const*, int, int) occt_1157_stress.cpp:343 (occt_1157_stress_after:arm64+0x1000039b0)
    #3 main occt_1157_stress.cpp:380 (occt_1157_stress_after:arm64+0x100002e08)

SUMMARY: ThreadSanitizer: data race pad_and_output.h:80 in std::__1::ostreambuf_iterator<char, std::__1::char_traits<char>> std::__1::__pad_and_output[abi:nqe210106]<char, std::__1::char_traits<char>>(std::__1::ostreambuf_iterator<char, std::__1::char_traits<char>>, char const*, char const*, char const*, std::__1::ios_base&, char)
==================
WARNING: ThreadSanitizer: data race (pid=70935)
  Write of size 8 at 0x0001fab5d950 by thread T1:
    #0 std::__1::ostreambuf_iterator<char, std::__1::char_traits<char>> std::__1::__pad_and_output[abi:nqe210106]<char, std::__1::char_traits<char>>(std::__1::ostreambuf_iterator<char, std::__1::char_traits<char>>, char const*, char const*, char const*, std::__1::ios_base&, char) pad_and_output.h:80 (occt_1157_stress_after:arm64+0x10000c148)
    #1 std::__1::basic_ostream<char, std::__1::char_traits<char>>& std::__1::__put_character_sequence[abi:nqe210106]<char, std::__1::char_traits<char>>(std::__1::basic_ostream<char, std::__1::char_traits<char>>&, char const*, unsigned long) put_character_sequence.h:37 (occt_1157_stress_after:arm64+0x10000be90)
    #2 Message_PrinterOStream::send(TCollection_AsciiString const&, Message_Gravity) const Message_PrinterOStream.cxx:157 (occt_1157_stress_after:arm64+0x1008f3b38)
    #3 Message_Printer::SendStringStream(std::__1::basic_stringstream<char, std::__1::char_traits<char>, std::__1::allocator<char>> const&, Message_Gravity) const Message_Printer.cxx:70 (occt_1157_stress_after:arm64+0x1008f311c)
    #4 Message_Messenger::Send(std::__1::basic_stringstream<char, std::__1::char_traits<char>, std::__1::allocator<char>> const&, Message_Gravity) const Message_Messenger.cxx:128 (occt_1157_stress_after:arm64+0x1008eee50)
    #5 Message_Messenger::StreamBuffer::Flush(bool) Message_Messenger.hxx:75 (occt_1157_stress_after:arm64+0x1000f0ab8)
    #6 Message_Messenger::StreamBuffer::~StreamBuffer() Message_Messenger.hxx:65 (occt_1157_stress_after:arm64+0x1000f08fc)
    #7 StepSelect_WorkLibrary::WriteFile(IFSelect_ContextWrite&) const StepSelect_WorkLibrary.cxx:150 (occt_1157_stress_after:arm64+0x10082ccc0)
    #8 IFSelect_ModelCopier::SendAll(char const*, Interface_Graph const&, opencascade::handle<IFSelect_WorkLibrary> const&, opencascade::handle<Interface_Protocol> const&) IFSelect_ModelCopier.cxx:343 (occt_1157_stress_after:arm64+0x10138656c)
    #9 IFSelect_WorkSession::SendAll(char const*, bool) IFSelect_WorkSession.cxx:2602 (occt_1157_stress_after:arm64+0x1013c046c)
    #10 STEPControl_Writer::Write(char const*) STEPControl_Writer.cxx:173 (occt_1157_stress_after:arm64+0x100553160)
    #11 runStepWriteIndependent(int, int) occt_1157_stress.cpp:97 (occt_1157_stress_after:arm64+0x100000fa8)
    #12 void* std::__1::__thread_proxy[abi:nqe210106]<std::__1::tuple<std::__1::unique_ptr<std::__1::__thread_struct, std::__1::default_delete<std::__1::__thread_struct>>, void (*)(int, int), int, int>>(void*) thread.h:168 (occt_1157_stress_after:arm64+0x100006494)

  Previous write of size 8 at 0x0001fab5d950 by thread T4 (mutexes: write M0):
    #0 std::__1::ostreambuf_iterator<char, std::__1::char_traits<char>> std::__1::__pad_and_output[abi:nqe210106]<char, std::__1::char_traits<char>>(std::__1::ostreambuf_iterator<char, std::__1::char_traits<char>>, char const*, char const*, char const*, std::__1::ios_base&, char) pad_and_output.h:80 (occt_1157_stress_after:arm64+0x10000c148)
    #1 std::__1::basic_ostream<char, std::__1::char_traits<char>>& std::__1::__put_character_sequence[abi:nqe210106]<char, std::__1::char_traits<char>>(std::__1::basic_ostream<char, std::__1::char_traits<char>>&, char const*, unsigned long) put_character_sequence.h:37 (occt_1157_stress_after:arm64+0x10000be90)
    #2 Message_PrinterOStream::send(TCollection_AsciiString const&, Message_Gravity) const Message_PrinterOStream.cxx:163 (occt_1157_stress_after:arm64+0x1008f3b68)
    #3 Message_Printer::SendStringStream(std::__1::basic_stringstream<char, std::__1::char_traits<char>, std::__1::allocator<char>> const&, Message_Gravity) const Message_Printer.cxx:70 (occt_1157_stress_after:arm64+0x1008f311c)
    #4 Message_Messenger::Send(std::__1::basic_stringstream<char, std::__1::char_traits<char>, std::__1::allocator<char>> const&, Message_Gravity) const Message_Messenger.cxx:128 (occt_1157_stress_after:arm64+0x1008eee50)
    #5 Message_Messenger::StreamBuffer::Flush(bool) Message_Messenger.hxx:75 (occt_1157_stress_after:arm64+0x1000f0ab8)
    #6 Message_Messenger::StreamBuffer::~StreamBuffer() Message_Messenger.hxx:65 (occt_1157_stress_after:arm64+0x1000f08fc)
    #7 XSControl_TransferWriter::PrintStats(int, int) const XSControl_TransferWriter.cxx:62 (occt_1157_stress_after:arm64+0x1013ea27c)
    #8 XSControl_TransferWriter::TransferWriteShape(opencascade::handle<Interface_InterfaceModel> const&, TopoDS_Shape const&, Message_ProgressRange const&) XSControl_TransferWriter.cxx:176 (occt_1157_stress_after:arm64+0x1013eac6c)
    #9 XSControl_WorkSession::TransferWriteShape(TopoDS_Shape const&, bool, Message_ProgressRange const&) XSControl_WorkSession.cxx:562 (occt_1157_stress_after:arm64+0x1013f6844)
    #10 STEPControl_Writer::Transfer(TopoDS_Shape const&, STEPControl_StepModelType, DESTEP_Parameters const&, bool, Message_ProgressRange const&) STEPControl_Writer.cxx:159 (occt_1157_stress_after:arm64+0x100552d18)
    #11 STEPControl_Writer::Transfer(TopoDS_Shape const&, STEPControl_StepModelType, bool, Message_ProgressRange const&) STEPControl_Writer.cxx:111 (occt_1157_stress_after:arm64+0x10055277c)
    #12 runStepWriteIndependent(int, int) occt_1157_stress.cpp:88 (occt_1157_stress_after:arm64+0x100000b14)
    #13 void* std::__1::__thread_proxy[abi:nqe210106]<std::__1::tuple<std::__1::unique_ptr<std::__1::__thread_struct, std::__1::default_delete<std::__1::__thread_struct>>, void (*)(int, int), int, int>>(void*) thread.h:168 (occt_1157_stress_after:arm64+0x100006494)

  Location is global 'std::__1::cout' at 0x0001fab5d930 (libc++.1.dylib+0x6cb3a950)

  Mutex M0 (0x000106659358) created at:
    #0 pthread_mutex_lock <null> (libclang_rt.tsan_osx_dynamic.dylib:arm64e+0x356bc)
    #1 std::__1::mutex::lock() <null> (libc++.1.dylib:arm64e+0x300c)
    #2 STEPControl_Writer::SetWS(opencascade::handle<XSControl_WorkSession> const&, bool) STEPControl_Writer.cxx:56 (occt_1157_stress_after:arm64+0x100551fc4)
    #3 STEPControl_Writer::STEPControl_Writer() STEPControl_Writer.cxx:39 (occt_1157_stress_after:arm64+0x100551e4c)
    #4 STEPControl_Writer::STEPControl_Writer() STEPControl_Writer.cxx:37 (occt_1157_stress_after:arm64+0x100552088)
    #5 runStepWriteIndependent(int, int) occt_1157_stress.cpp:85 (occt_1157_stress_after:arm64+0x100000ad8)
    #6 void* std::__1::__thread_proxy[abi:nqe210106]<std::__1::tuple<std::__1::unique_ptr<std::__1::__thread_struct, std::__1::default_delete<std::__1::__thread_struct>>, void (*)(int, int), int, int>>(void*) thread.h:168 (occt_1157_stress_after:arm64+0x100006494)

  Thread T1 (tid=353961, running) created by main thread at:
    #0 pthread_create <null> (libclang_rt.tsan_osx_dynamic.dylib:arm64e+0x33834)
    #1 std::__1::thread::thread[abi:nqe210106]<void (*&)(int, int), int&, int&, 0>(void (*&)(int, int), int&, int&) thread.h:216 (occt_1157_stress_after:arm64+0x10000635c)
    #2 std::__1::thread* std::__1::vector<std::__1::thread, std::__1::allocator<std::__1::thread>>::__emplace_back_slow_path<void (*&)(int, int), int&, int&>(void (*&)(int, int), int&, int&) vector.h:1130 (occt_1157_stress_after:arm64+0x100006118)
    #3 runOne(char const*, int, int) occt_1157_stress.cpp:343 (occt_1157_stress_after:arm64+0x1000039d8)
    #4 main occt_1157_stress.cpp:380 (occt_1157_stress_after:arm64+0x100002e08)

  Thread T4 (tid=353964, running) created by main thread at:
    #0 pthread_create <null> (libclang_rt.tsan_osx_dynamic.dylib:arm64e+0x33834)
    #1 std::__1::thread::thread[abi:nqe210106]<void (*&)(int, int), int&, int&, 0>(void (*&)(int, int), int&, int&) thread.h:216 (occt_1157_stress_after:arm64+0x10000635c)
    #2 runOne(char const*, int, int) occt_1157_stress.cpp:343 (occt_1157_stress_after:arm64+0x1000039b0)
    #3 main occt_1157_stress.cpp:380 (occt_1157_stress_after:arm64+0x100002e08)

SUMMARY: ThreadSanitizer: data race pad_and_output.h:80 in std::__1::ostreambuf_iterator<char, std::__1::char_traits<char>> std::__1::__pad_and_output[abi:nqe210106]<char, std::__1::char_traits<char>>(std::__1::ostreambuf_iterator<char, std::__1::char_traits<char>>, char const*, char const*, char const*, std::__1::ios_base&, char)
==================
WARNING: ThreadSanitizer: data race (pid=70935)
  Write of size 8 at 0x0001fab5d950 by thread T2:
    #0 std::__1::ostreambuf_iterator<char, std::__1::char_traits<char>> std::__1::__pad_and_output[abi:nqe210106]<char, std::__1::char_traits<char>>(std::__1::ostreambuf_iterator<char, std::__1::char_traits<char>>, char const*, char const*, char const*, std::__1::ios_base&, char) pad_and_output.h:80 (occt_1157_stress_after:arm64+0x10000c148)
    #1 std::__1::basic_ostream<char, std::__1::char_traits<char>>& std::__1::__put_character_sequence[abi:nqe210106]<char, std::__1::char_traits<char>>(std::__1::basic_ostream<char, std::__1::char_traits<char>>&, char const*, unsigned long) put_character_sequence.h:37 (occt_1157_stress_after:arm64+0x10000be90)
    #2 Message_PrinterOStream::send(TCollection_AsciiString const&, Message_Gravity) const Message_PrinterOStream.cxx:155 (occt_1157_stress_after:arm64+0x1008f3b18)
    #3 Message_Printer::SendStringStream(std::__1::basic_stringstream<char, std::__1::char_traits<char>, std::__1::allocator<char>> const&, Message_Gravity) const Message_Printer.cxx:70 (occt_1157_stress_after:arm64+0x1008f311c)
    #4 Message_Messenger::Send(std::__1::basic_stringstream<char, std::__1::char_traits<char>, std::__1::allocator<char>> const&, Message_Gravity) const Message_Messenger.cxx:128 (occt_1157_stress_after:arm64+0x1008eee50)
    #5 Message_Messenger::StreamBuffer::Flush(bool) Message_Messenger.hxx:75 (occt_1157_stress_after:arm64+0x1000f0ab8)
    #6 Message_Messenger::StreamBuffer::~StreamBuffer() Message_Messenger.hxx:65 (occt_1157_stress_after:arm64+0x1000f08fc)
    #7 StepSelect_WorkLibrary::WriteFile(IFSelect_ContextWrite&) const StepSelect_WorkLibrary.cxx:150 (occt_1157_stress_after:arm64+0x10082ccc0)
    #8 IFSelect_ModelCopier::SendAll(char const*, Interface_Graph const&, opencascade::handle<IFSelect_WorkLibrary> const&, opencascade::handle<Interface_Protocol> const&) IFSelect_ModelCopier.cxx:343 (occt_1157_stress_after:arm64+0x10138656c)
    #9 IFSelect_WorkSession::SendAll(char const*, bool) IFSelect_WorkSession.cxx:2602 (occt_1157_stress_after:arm64+0x1013c046c)
    #10 STEPControl_Writer::Write(char const*) STEPControl_Writer.cxx:173 (occt_1157_stress_after:arm64+0x100553160)
    #11 runStepWriteIndependent(int, int) occt_1157_stress.cpp:97 (occt_1157_stress_after:arm64+0x100000fa8)
    #12 void* std::__1::__thread_proxy[abi:nqe210106]<std::__1::tuple<std::__1::unique_ptr<std::__1::__thread_struct, std::__1::default_delete<std::__1::__thread_struct>>, void (*)(int, int), int, int>>(void*) thread.h:168 (occt_1157_stress_after:arm64+0x100006494)

  Previous write of size 8 at 0x0001fab5d950 by thread T8 (mutexes: write M0):
    #0 std::__1::ostreambuf_iterator<char, std::__1::char_traits<char>> std::__1::__pad_and_output[abi:nqe210106]<char, std::__1::char_traits<char>>(std::__1::ostreambuf_iterator<char, std::__1::char_traits<char>>, char const*, char const*, char const*, std::__1::ios_base&, char) pad_and_output.h:80 (occt_1157_stress_after:arm64+0x10000c148)
    #1 std::__1::basic_ostream<char, std::__1::char_traits<char>>& std::__1::__put_character_sequence[abi:nqe210106]<char, std::__1::char_traits<char>>(std::__1::basic_ostream<char, std::__1::char_traits<char>>&, char const*, unsigned long) put_character_sequence.h:37 (occt_1157_stress_after:arm64+0x10000be90)
    #2 Message_PrinterOStream::send(TCollection_AsciiString const&, Message_Gravity) const Message_PrinterOStream.cxx:163 (occt_1157_stress_after:arm64+0x1008f3b68)
    #3 Message_Printer::SendStringStream(std::__1::basic_stringstream<char, std::__1::char_traits<char>, std::__1::allocator<char>> const&, Message_Gravity) const Message_Printer.cxx:70 (occt_1157_stress_after:arm64+0x1008f311c)
    #4 Message_Messenger::Send(std::__1::basic_stringstream<char, std::__1::char_traits<char>, std::__1::allocator<char>> const&, Message_Gravity) const Message_Messenger.cxx:128 (occt_1157_stress_after:arm64+0x1008eee50)
    #5 Message_Messenger::StreamBuffer::Flush(bool) Message_Messenger.hxx:75 (occt_1157_stress_after:arm64+0x1000f0ab8)
    #6 Message_Messenger::StreamBuffer::~StreamBuffer() Message_Messenger.hxx:65 (occt_1157_stress_after:arm64+0x1000f08fc)
    #7 XSControl_TransferWriter::PrintStats(int, int) const XSControl_TransferWriter.cxx:62 (occt_1157_stress_after:arm64+0x1013ea27c)
    #8 XSControl_TransferWriter::TransferWriteShape(opencascade::handle<Interface_InterfaceModel> const&, TopoDS_Shape const&, Message_ProgressRange const&) XSControl_TransferWriter.cxx:176 (occt_1157_stress_after:arm64+0x1013eac6c)
    #9 XSControl_WorkSession::TransferWriteShape(TopoDS_Shape const&, bool, Message_ProgressRange const&) XSControl_WorkSession.cxx:562 (occt_1157_stress_after:arm64+0x1013f6844)
    #10 STEPControl_Writer::Transfer(TopoDS_Shape const&, STEPControl_StepModelType, DESTEP_Parameters const&, bool, Message_ProgressRange const&) STEPControl_Writer.cxx:159 (occt_1157_stress_after:arm64+0x100552d18)
    #11 STEPControl_Writer::Transfer(TopoDS_Shape const&, STEPControl_StepModelType, bool, Message_ProgressRange const&) STEPControl_Writer.cxx:111 (occt_1157_stress_after:arm64+0x10055277c)
    #12 runStepWriteIndependent(int, int) occt_1157_stress.cpp:88 (occt_1157_stress_after:arm64+0x100000b14)
    #13 void* std::__1::__thread_proxy[abi:nqe210106]<std::__1::tuple<std::__1::unique_ptr<std::__1::__thread_struct, std::__1::default_delete<std::__1::__thread_struct>>, void (*)(int, int), int, int>>(void*) thread.h:168 (occt_1157_stress_after:arm64+0x100006494)

  Location is global 'std::__1::cout' at 0x0001fab5d930 (libc++.1.dylib+0x6cb3a950)

  Mutex M0 (0x000106659358) created at:
    #0 pthread_mutex_lock <null> (libclang_rt.tsan_osx_dynamic.dylib:arm64e+0x356bc)
    #1 std::__1::mutex::lock() <null> (libc++.1.dylib:arm64e+0x300c)
    #2 STEPControl_Writer::SetWS(opencascade::handle<XSControl_WorkSession> const&, bool) STEPControl_Writer.cxx:56 (occt_1157_stress_after:arm64+0x100551fc4)
    #3 STEPControl_Writer::STEPControl_Writer() STEPControl_Writer.cxx:39 (occt_1157_stress_after:arm64+0x100551e4c)
    #4 STEPControl_Writer::STEPControl_Writer() STEPControl_Writer.cxx:37 (occt_1157_stress_after:arm64+0x100552088)
    #5 runStepWriteIndependent(int, int) occt_1157_stress.cpp:85 (occt_1157_stress_after:arm64+0x100000ad8)
    #6 void* std::__1::__thread_proxy[abi:nqe210106]<std::__1::tuple<std::__1::unique_ptr<std::__1::__thread_struct, std::__1::default_delete<std::__1::__thread_struct>>, void (*)(int, int), int, int>>(void*) thread.h:168 (occt_1157_stress_after:arm64+0x100006494)

  Thread T2 (tid=353962, running) created by main thread at:
    #0 pthread_create <null> (libclang_rt.tsan_osx_dynamic.dylib:arm64e+0x33834)
    #1 std::__1::thread::thread[abi:nqe210106]<void (*&)(int, int), int&, int&, 0>(void (*&)(int, int), int&, int&) thread.h:216 (occt_1157_stress_after:arm64+0x10000635c)
    #2 std::__1::thread* std::__1::vector<std::__1::thread, std::__1::allocator<std::__1::thread>>::__emplace_back_slow_path<void (*&)(int, int), int&, int&>(void (*&)(int, int), int&, int&) vector.h:1130 (occt_1157_stress_after:arm64+0x100006118)
    #3 runOne(char const*, int, int) occt_1157_stress.cpp:343 (occt_1157_stress_after:arm64+0x1000039d8)
    #4 main occt_1157_stress.cpp:380 (occt_1157_stress_after:arm64+0x100002e08)

  Thread T8 (tid=353968, running) created by main thread at:
    #0 pthread_create <null> (libclang_rt.tsan_osx_dynamic.dylib:arm64e+0x33834)
    #1 std::__1::thread::thread[abi:nqe210106]<void (*&)(int, int), int&, int&, 0>(void (*&)(int, int), int&, int&) thread.h:216 (occt_1157_stress_after:arm64+0x10000635c)
    #2 runOne(char const*, int, int) occt_1157_stress.cpp:343 (occt_1157_stress_after:arm64+0x1000039b0)
    #3 main occt_1157_stress.cpp:380 (occt_1157_stress_after:arm64+0x100002e08)

SUMMARY: ThreadSanitizer: data race pad_and_output.h:80 in std::__1::ostreambuf_iterator<char, std::__1::char_traits<char>> std::__1::__pad_and_output[abi:nqe210106]<char, std::__1::char_traits<char>>(std::__1::ostreambuf_iterator<char, std::__1::char_traits<char>>, char const*, char const*, char const*, std::__1::ios_base&, char)
==================
WARNING: ThreadSanitizer: data race (pid=70935)
  Write of size 8 at 0x0001fab5d950 by thread T8:
    #0 std::__1::ostreambuf_iterator<char, std::__1::char_traits<char>> std::__1::__pad_and_output[abi:nqe210106]<char, std::__1::char_traits<char>>(std::__1::ostreambuf_iterator<char, std::__1::char_traits<char>>, char const*, char const*, char const*, std::__1::ios_base&, char) pad_and_output.h:80 (occt_1157_stress_after:arm64+0x10000c148)
    #1 std::__1::basic_ostream<char, std::__1::char_traits<char>>& std::__1::__put_character_sequence[abi:nqe210106]<char, std::__1::char_traits<char>>(std::__1::basic_ostream<char, std::__1::char_traits<char>>&, char const*, unsigned long) put_character_sequence.h:37 (occt_1157_stress_after:arm64+0x10000be90)
    #2 Message_PrinterOStream::send(TCollection_AsciiString const&, Message_Gravity) const Message_PrinterOStream.cxx:155 (occt_1157_stress_after:arm64+0x1008f3b18)
    #3 Message_Printer::SendStringStream(std::__1::basic_stringstream<char, std::__1::char_traits<char>, std::__1::allocator<char>> const&, Message_Gravity) const Message_Printer.cxx:70 (occt_1157_stress_after:arm64+0x1008f311c)
    #4 Message_Messenger::Send(std::__1::basic_stringstream<char, std::__1::char_traits<char>, std::__1::allocator<char>> const&, Message_Gravity) const Message_Messenger.cxx:128 (occt_1157_stress_after:arm64+0x1008eee50)
    #5 Message_Messenger::StreamBuffer::Flush(bool) Message_Messenger.hxx:75 (occt_1157_stress_after:arm64+0x1000f0ab8)
    #6 Message_Messenger::StreamBuffer::~StreamBuffer() Message_Messenger.hxx:65 (occt_1157_stress_after:arm64+0x1000f08fc)
    #7 StepSelect_WorkLibrary::WriteFile(IFSelect_ContextWrite&) const StepSelect_WorkLibrary.cxx:150 (occt_1157_stress_after:arm64+0x10082ccc0)
    #8 IFSelect_ModelCopier::SendAll(char const*, Interface_Graph const&, opencascade::handle<IFSelect_WorkLibrary> const&, opencascade::handle<Interface_Protocol> const&) IFSelect_ModelCopier.cxx:343 (occt_1157_stress_after:arm64+0x10138656c)
    #9 IFSelect_WorkSession::SendAll(char const*, bool) IFSelect_WorkSession.cxx:2618 (occt_1157_stress_after:arm64+0x1013c0560)
    #10 STEPControl_Writer::Write(char const*) STEPControl_Writer.cxx:173 (occt_1157_stress_after:arm64+0x100553160)
    #11 runStepWriteIndependent(int, int) occt_1157_stress.cpp:97 (occt_1157_stress_after:arm64+0x100000fa8)
    #12 void* std::__1::__thread_proxy[abi:nqe210106]<std::__1::tuple<std::__1::unique_ptr<std::__1::__thread_struct, std::__1::default_delete<std::__1::__thread_struct>>, void (*)(int, int), int, int>>(void*) thread.h:168 (occt_1157_stress_after:arm64+0x100006494)

  Previous write of size 8 at 0x0001fab5d950 by thread T2:
    #0 std::__1::ostreambuf_iterator<char, std::__1::char_traits<char>> std::__1::__pad_and_output[abi:nqe210106]<char, std::__1::char_traits<char>>(std::__1::ostreambuf_iterator<char, std::__1::char_traits<char>>, char const*, char const*, char const*, std::__1::ios_base&, char) pad_and_output.h:80 (occt_1157_stress_after:arm64+0x10000c148)
    #1 std::__1::basic_ostream<char, std::__1::char_traits<char>>& std::__1::__put_character_sequence[abi:nqe210106]<char, std::__1::char_traits<char>>(std::__1::basic_ostream<char, std::__1::char_traits<char>>&, char const*, unsigned long) put_character_sequence.h:37 (occt_1157_stress_after:arm64+0x10000be90)
    #2 Message_PrinterOStream::send(TCollection_AsciiString const&, Message_Gravity) const Message_PrinterOStream.cxx:163 (occt_1157_stress_after:arm64+0x1008f3b68)
    #3 Message_Printer::SendStringStream(std::__1::basic_stringstream<char, std::__1::char_traits<char>, std::__1::allocator<char>> const&, Message_Gravity) const Message_Printer.cxx:70 (occt_1157_stress_after:arm64+0x1008f311c)
    #4 Message_Messenger::Send(std::__1::basic_stringstream<char, std::__1::char_traits<char>, std::__1::allocator<char>> const&, Message_Gravity) const Message_Messenger.cxx:128 (occt_1157_stress_after:arm64+0x1008eee50)
    #5 Message_Messenger::StreamBuffer::Flush(bool) Message_Messenger.hxx:75 (occt_1157_stress_after:arm64+0x1000f0ab8)
    #6 Message_Messenger::StreamBuffer::~StreamBuffer() Message_Messenger.hxx:65 (occt_1157_stress_after:arm64+0x1000f08fc)
    #7 StepSelect_WorkLibrary::WriteFile(IFSelect_ContextWrite&) const StepSelect_WorkLibrary.cxx:150 (occt_1157_stress_after:arm64+0x10082ccc0)
    #8 IFSelect_ModelCopier::SendAll(char const*, Interface_Graph const&, opencascade::handle<IFSelect_WorkLibrary> const&, opencascade::handle<Interface_Protocol> const&) IFSelect_ModelCopier.cxx:343 (occt_1157_stress_after:arm64+0x10138656c)
    #9 IFSelect_WorkSession::SendAll(char const*, bool) IFSelect_WorkSession.cxx:2602 (occt_1157_stress_after:arm64+0x1013c046c)
    #10 STEPControl_Writer::Write(char const*) STEPControl_Writer.cxx:173 (occt_1157_stress_after:arm64+0x100553160)
    #11 runStepWriteIndependent(int, int) occt_1157_stress.cpp:97 (occt_1157_stress_after:arm64+0x100000fa8)
    #12 void* std::__1::__thread_proxy[abi:nqe210106]<std::__1::tuple<std::__1::unique_ptr<std::__1::__thread_struct, std::__1::default_delete<std::__1::__thread_struct>>, void (*)(int, int), int, int>>(void*) thread.h:168 (occt_1157_stress_after:arm64+0x100006494)

  Location is global 'std::__1::cout' at 0x0001fab5d930 (libc++.1.dylib+0x6cb3a950)

  Thread T8 (tid=353968, running) created by main thread at:
    #0 pthread_create <null> (libclang_rt.tsan_osx_dynamic.dylib:arm64e+0x33834)
    #1 std::__1::thread::thread[abi:nqe210106]<void (*&)(int, int), int&, int&, 0>(void (*&)(int, int), int&, int&) thread.h:216 (occt_1157_stress_after:arm64+0x10000635c)
    #2 runOne(char const*, int, int) occt_1157_stress.cpp:343 (occt_1157_stress_after:arm64+0x1000039b0)
    #3 main occt_1157_stress.cpp:380 (occt_1157_stress_after:arm64+0x100002e08)

  Thread T2 (tid=353962, running) created by main thread at:
    #0 pthread_create <null> (libclang_rt.tsan_osx_dynamic.dylib:arm64e+0x33834)
    #1 std::__1::thread::thread[abi:nqe210106]<void (*&)(int, int), int&, int&, 0>(void (*&)(int, int), int&, int&) thread.h:216 (occt_1157_stress_after:arm64+0x10000635c)
    #2 std::__1::thread* std::__1::vector<std::__1::thread, std::__1::allocator<std::__1::thread>>::__emplace_back_slow_path<void (*&)(int, int), int&, int&>(void (*&)(int, int), int&, int&) vector.h:1130 (occt_1157_stress_after:arm64+0x100006118)
    #3 runOne(char const*, int, int) occt_1157_stress.cpp:343 (occt_1157_stress_after:arm64+0x1000039d8)
    #4 main occt_1157_stress.cpp:380 (occt_1157_stress_after:arm64+0x100002e08)

SUMMARY: ThreadSanitizer: data race pad_and_output.h:80 in std::__1::ostreambuf_iterator<char, std::__1::char_traits<char>> std::__1::__pad_and_output[abi:nqe210106]<char, std::__1::char_traits<char>>(std::__1::ostreambuf_iterator<char, std::__1::char_traits<char>>, char const*, char const*, char const*, std::__1::ios_base&, char)
==================
WARNING: ThreadSanitizer: data race (pid=70935)
  Write of size 8 at 0x0001fab5d950 by thread T8:
    #0 std::__1::ostreambuf_iterator<char, std::__1::char_traits<char>> std::__1::__pad_and_output[abi:nqe210106]<char, std::__1::char_traits<char>>(std::__1::ostreambuf_iterator<char, std::__1::char_traits<char>>, char const*, char const*, char const*, std::__1::ios_base&, char) pad_and_output.h:80 (occt_1157_stress_after:arm64+0x10000c148)
    #1 std::__1::basic_ostream<char, std::__1::char_traits<char>>& std::__1::__put_character_sequence[abi:nqe210106]<char, std::__1::char_traits<char>>(std::__1::basic_ostream<char, std::__1::char_traits<char>>&, char const*, unsigned long) put_character_sequence.h:37 (occt_1157_stress_after:arm64+0x10000be90)
    #2 operator<<(std::__1::basic_ostream<char, std::__1::char_traits<char>>&, TCollection_AsciiString const&) TCollection_AsciiString.cxx:1100 (occt_1157_stress_after:arm64+0x1008d61dc)
    #3 Message_PrinterOStream::send(TCollection_AsciiString const&, Message_Gravity) const Message_PrinterOStream.cxx:156 (occt_1157_stress_after:arm64+0x1008f3b24)
    #4 Message_Printer::SendStringStream(std::__1::basic_stringstream<char, std::__1::char_traits<char>, std::__1::allocator<char>> const&, Message_Gravity) const Message_Printer.cxx:70 (occt_1157_stress_after:arm64+0x1008f311c)
    #5 Message_Messenger::Send(std::__1::basic_stringstream<char, std::__1::char_traits<char>, std::__1::allocator<char>> const&, Message_Gravity) const Message_Messenger.cxx:128 (occt_1157_stress_after:arm64+0x1008eee50)
    #6 Message_Messenger::StreamBuffer::Flush(bool) Message_Messenger.hxx:75 (occt_1157_stress_after:arm64+0x1000f0ab8)
    #7 Message_Messenger::StreamBuffer::~StreamBuffer() Message_Messenger.hxx:65 (occt_1157_stress_after:arm64+0x1000f08fc)
    #8 StepSelect_WorkLibrary::WriteFile(IFSelect_ContextWrite&) const StepSelect_WorkLibrary.cxx:150 (occt_1157_stress_after:arm64+0x10082ccc0)
    #9 IFSelect_ModelCopier::SendAll(char const*, Interface_Graph const&, opencascade::handle<IFSelect_WorkLibrary> const&, opencascade::handle<Interface_Protocol> const&) IFSelect_ModelCopier.cxx:343 (occt_1157_stress_after:arm64+0x10138656c)
    #10 IFSelect_WorkSession::SendAll(char const*, bool) IFSelect_WorkSession.cxx:2618 (occt_1157_stress_after:arm64+0x1013c0560)
    #11 STEPControl_Writer::Write(char const*) STEPControl_Writer.cxx:173 (occt_1157_stress_after:arm64+0x100553160)
    #12 runStepWriteIndependent(int, int) occt_1157_stress.cpp:97 (occt_1157_stress_after:arm64+0x100000fa8)
    #13 void* std::__1::__thread_proxy[abi:nqe210106]<std::__1::tuple<std::__1::unique_ptr<std::__1::__thread_struct, std::__1::default_delete<std::__1::__thread_struct>>, void (*)(int, int), int, int>>(void*) thread.h:168 (occt_1157_stress_after:arm64+0x100006494)

  Previous write of size 8 at 0x0001fab5d950 by thread T1 (mutexes: write M0):
    #0 std::__1::ostreambuf_iterator<char, std::__1::char_traits<char>> std::__1::__pad_and_output[abi:nqe210106]<char, std::__1::char_traits<char>>(std::__1::ostreambuf_iterator<char, std::__1::char_traits<char>>, char const*, char const*, char const*, std::__1::ios_base&, char) pad_and_output.h:80 (occt_1157_stress_after:arm64+0x10000c148)
    #1 std::__1::basic_ostream<char, std::__1::char_traits<char>>& std::__1::__put_character_sequence[abi:nqe210106]<char, std::__1::char_traits<char>>(std::__1::basic_ostream<char, std::__1::char_traits<char>>&, char const*, unsigned long) put_character_sequence.h:37 (occt_1157_stress_after:arm64+0x10000be90)
    #2 Message_PrinterOStream::send(TCollection_AsciiString const&, Message_Gravity) const Message_PrinterOStream.cxx:163 (occt_1157_stress_after:arm64+0x1008f3b68)
    #3 Message_Printer::SendStringStream(std::__1::basic_stringstream<char, std::__1::char_traits<char>, std::__1::allocator<char>> const&, Message_Gravity) const Message_Printer.cxx:70 (occt_1157_stress_after:arm64+0x1008f311c)
    #4 Message_Messenger::Send(std::__1::basic_stringstream<char, std::__1::char_traits<char>, std::__1::allocator<char>> const&, Message_Gravity) const Message_Messenger.cxx:128 (occt_1157_stress_after:arm64+0x1008eee50)
    #5 Message_Messenger::StreamBuffer::Flush(bool) Message_Messenger.hxx:75 (occt_1157_stress_after:arm64+0x1000f0ab8)
    #6 Message_Messenger::StreamBuffer::~StreamBuffer() Message_Messenger.hxx:65 (occt_1157_stress_after:arm64+0x1000f08fc)
    #7 XSControl_TransferWriter::TransferWriteShape(opencascade::handle<Interface_InterfaceModel> const&, TopoDS_Shape const&, Message_ProgressRange const&) XSControl_TransferWriter.cxx:193 (occt_1157_stress_after:arm64+0x1013ead7c)
    #8 XSControl_WorkSession::TransferWriteShape(TopoDS_Shape const&, bool, Message_ProgressRange const&) XSControl_WorkSession.cxx:562 (occt_1157_stress_after:arm64+0x1013f6844)
    #9 STEPControl_Writer::Transfer(TopoDS_Shape const&, STEPControl_StepModelType, DESTEP_Parameters const&, bool, Message_ProgressRange const&) STEPControl_Writer.cxx:159 (occt_1157_stress_after:arm64+0x100552d18)
    #10 STEPControl_Writer::Transfer(TopoDS_Shape const&, STEPControl_StepModelType, bool, Message_ProgressRange const&) STEPControl_Writer.cxx:111 (occt_1157_stress_after:arm64+0x10055277c)
    #11 runStepWriteIndependent(int, int) occt_1157_stress.cpp:88 (occt_1157_stress_after:arm64+0x100000b14)
    #12 void* std::__1::__thread_proxy[abi:nqe210106]<std::__1::tuple<std::__1::unique_ptr<std::__1::__thread_struct, std::__1::default_delete<std::__1::__thread_struct>>, void (*)(int, int), int, int>>(void*) thread.h:168 (occt_1157_stress_after:arm64+0x100006494)

  Location is global 'std::__1::cout' at 0x0001fab5d930 (libc++.1.dylib+0x6cb3a950)

  Mutex M0 (0x000106659358) created at:
    #0 pthread_mutex_lock <null> (libclang_rt.tsan_osx_dynamic.dylib:arm64e+0x356bc)
    #1 std::__1::mutex::lock() <null> (libc++.1.dylib:arm64e+0x300c)
    #2 STEPControl_Writer::SetWS(opencascade::handle<XSControl_WorkSession> const&, bool) STEPControl_Writer.cxx:56 (occt_1157_stress_after:arm64+0x100551fc4)
    #3 STEPControl_Writer::STEPControl_Writer() STEPControl_Writer.cxx:39 (occt_1157_stress_after:arm64+0x100551e4c)
    #4 STEPControl_Writer::STEPControl_Writer() STEPControl_Writer.cxx:37 (occt_1157_stress_after:arm64+0x100552088)
    #5 runStepWriteIndependent(int, int) occt_1157_stress.cpp:85 (occt_1157_stress_after:arm64+0x100000ad8)
    #6 void* std::__1::__thread_proxy[abi:nqe210106]<std::__1::tuple<std::__1::unique_ptr<std::__1::__thread_struct, std::__1::default_delete<std::__1::__thread_struct>>, void (*)(int, int), int, int>>(void*) thread.h:168 (occt_1157_stress_after:arm64+0x100006494)

  Thread T8 (tid=353968, running) created by main thread at:
    #0 pthread_create <null> (libclang_rt.tsan_osx_dynamic.dylib:arm64e+0x33834)
    #1 std::__1::thread::thread[abi:nqe210106]<void (*&)(int, int), int&, int&, 0>(void (*&)(int, int), int&, int&) thread.h:216 (occt_1157_stress_after:arm64+0x10000635c)
    #2 runOne(char const*, int, int) occt_1157_stress.cpp:343 (occt_1157_stress_after:arm64+0x1000039b0)
    #3 main occt_1157_stress.cpp:380 (occt_1157_stress_after:arm64+0x100002e08)

  Thread T1 (tid=353961, running) created by main thread at:
    #0 pthread_create <null> (libclang_rt.tsan_osx_dynamic.dylib:arm64e+0x33834)
    #1 std::__1::thread::thread[abi:nqe210106]<void (*&)(int, int), int&, int&, 0>(void (*&)(int, int), int&, int&) thread.h:216 (occt_1157_stress_after:arm64+0x10000635c)
    #2 std::__1::thread* std::__1::vector<std::__1::thread, std::__1::allocator<std::__1::thread>>::__emplace_back_slow_path<void (*&)(int, int), int&, int&>(void (*&)(int, int), int&, int&) vector.h:1130 (occt_1157_stress_after:arm64+0x100006118)
    #3 runOne(char const*, int, int) occt_1157_stress.cpp:343 (occt_1157_stress_after:arm64+0x1000039d8)
    #4 main occt_1157_stress.cpp:380 (occt_1157_stress_after:arm64+0x100002e08)

SUMMARY: ThreadSanitizer: data race pad_and_output.h:80 in std::__1::ostreambuf_iterator<char, std::__1::char_traits<char>> std::__1::__pad_and_output[abi:nqe210106]<char, std::__1::char_traits<char>>(std::__1::ostreambuf_iterator<char, std::__1::char_traits<char>>, char const*, char const*, char const*, std::__1::ios_base&, char)
==================
WARNING: ThreadSanitizer: data race (pid=70935)
  Write of size 8 at 0x0001fab5d950 by thread T8:
    #0 std::__1::ostreambuf_iterator<char, std::__1::char_traits<char>> std::__1::__pad_and_output[abi:nqe210106]<char, std::__1::char_traits<char>>(std::__1::ostreambuf_iterator<char, std::__1::char_traits<char>>, char const*, char const*, char const*, std::__1::ios_base&, char) pad_and_output.h:80 (occt_1157_stress_after:arm64+0x10000c148)
    #1 std::__1::basic_ostream<char, std::__1::char_traits<char>>& std::__1::__put_character_sequence[abi:nqe210106]<char, std::__1::char_traits<char>>(std::__1::basic_ostream<char, std::__1::char_traits<char>>&, char const*, unsigned long) put_character_sequence.h:37 (occt_1157_stress_after:arm64+0x10000be90)
    #2 Message_PrinterOStream::send(TCollection_AsciiString const&, Message_Gravity) const Message_PrinterOStream.cxx:157 (occt_1157_stress_after:arm64+0x1008f3b38)
    #3 Message_Printer::SendStringStream(std::__1::basic_stringstream<char, std::__1::char_traits<char>, std::__1::allocator<char>> const&, Message_Gravity) const Message_Printer.cxx:70 (occt_1157_stress_after:arm64+0x1008f311c)
    #4 Message_Messenger::Send(std::__1::basic_stringstream<char, std::__1::char_traits<char>, std::__1::allocator<char>> const&, Message_Gravity) const Message_Messenger.cxx:128 (occt_1157_stress_after:arm64+0x1008eee50)
    #5 Message_Messenger::StreamBuffer::Flush(bool) Message_Messenger.hxx:75 (occt_1157_stress_after:arm64+0x1000f0ab8)
    #6 Message_Messenger::StreamBuffer::~StreamBuffer() Message_Messenger.hxx:65 (occt_1157_stress_after:arm64+0x1000f08fc)
    #7 StepSelect_WorkLibrary::WriteFile(IFSelect_ContextWrite&) const StepSelect_WorkLibrary.cxx:150 (occt_1157_stress_after:arm64+0x10082ccc0)
    #8 IFSelect_ModelCopier::SendAll(char const*, Interface_Graph const&, opencascade::handle<IFSelect_WorkLibrary> const&, opencascade::handle<Interface_Protocol> const&) IFSelect_ModelCopier.cxx:343 (occt_1157_stress_after:arm64+0x10138656c)
    #9 IFSelect_WorkSession::SendAll(char const*, bool) IFSelect_WorkSession.cxx:2618 (occt_1157_stress_after:arm64+0x1013c0560)
    #10 STEPControl_Writer::Write(char const*) STEPControl_Writer.cxx:173 (occt_1157_stress_after:arm64+0x100553160)
    #11 runStepWriteIndependent(int, int) occt_1157_stress.cpp:97 (occt_1157_stress_after:arm64+0x100000fa8)
    #12 void* std::__1::__thread_proxy[abi:nqe210106]<std::__1::tuple<std::__1::unique_ptr<std::__1::__thread_struct, std::__1::default_delete<std::__1::__thread_struct>>, void (*)(int, int), int, int>>(void*) thread.h:168 (occt_1157_stress_after:arm64+0x100006494)

  Previous write of size 8 at 0x0001fab5d950 by thread T4:
    #0 std::__1::ostreambuf_iterator<char, std::__1::char_traits<char>> std::__1::__pad_and_output[abi:nqe210106]<char, std::__1::char_traits<char>>(std::__1::ostreambuf_iterator<char, std::__1::char_traits<char>>, char const*, char const*, char const*, std::__1::ios_base&, char) pad_and_output.h:80 (occt_1157_stress_after:arm64+0x10000c148)
    #1 std::__1::basic_ostream<char, std::__1::char_traits<char>>& std::__1::__put_character_sequence[abi:nqe210106]<char, std::__1::char_traits<char>>(std::__1::basic_ostream<char, std::__1::char_traits<char>>&, char const*, unsigned long) put_character_sequence.h:37 (occt_1157_stress_after:arm64+0x10000be90)
    #2 Message_PrinterOStream::send(TCollection_AsciiString const&, Message_Gravity) const Message_PrinterOStream.cxx:163 (occt_1157_stress_after:arm64+0x1008f3b68)
    #3 Message_Printer::SendStringStream(std::__1::basic_stringstream<char, std::__1::char_traits<char>, std::__1::allocator<char>> const&, Message_Gravity) const Message_Printer.cxx:70 (occt_1157_stress_after:arm64+0x1008f311c)
    #4 Message_Messenger::Send(std::__1::basic_stringstream<char, std::__1::char_traits<char>, std::__1::allocator<char>> const&, Message_Gravity) const Message_Messenger.cxx:128 (occt_1157_stress_after:arm64+0x1008eee50)
    #5 Message_Messenger::StreamBuffer::Flush(bool) Message_Messenger.hxx:75 (occt_1157_stress_after:arm64+0x1000f0ab8)
    #6 Message_Messenger::StreamBuffer::~StreamBuffer() Message_Messenger.hxx:65 (occt_1157_stress_after:arm64+0x1000f08fc)
    #7 IFSelect_ModelCopier::SendAll(char const*, Interface_Graph const&, opencascade::handle<IFSelect_WorkLibrary> const&, opencascade::handle<Interface_Protocol> const&) IFSelect_ModelCopier.cxx:313 (occt_1157_stress_after:arm64+0x1013863fc)
    #8 IFSelect_WorkSession::SendAll(char const*, bool) IFSelect_WorkSession.cxx:2602 (occt_1157_stress_after:arm64+0x1013c046c)
    #9 STEPControl_Writer::Write(char const*) STEPControl_Writer.cxx:173 (occt_1157_stress_after:arm64+0x100553160)
    #10 runStepWriteIndependent(int, int) occt_1157_stress.cpp:97 (occt_1157_stress_after:arm64+0x100000fa8)
    #11 void* std::__1::__thread_proxy[abi:nqe210106]<std::__1::tuple<std::__1::unique_ptr<std::__1::__thread_struct, std::__1::default_delete<std::__1::__thread_struct>>, void (*)(int, int), int, int>>(void*) thread.h:168 (occt_1157_stress_after:arm64+0x100006494)

  Location is global 'std::__1::cout' at 0x0001fab5d930 (libc++.1.dylib+0x6cb3a950)

  Thread T8 (tid=353968, running) created by main thread at:
    #0 pthread_create <null> (libclang_rt.tsan_osx_dynamic.dylib:arm64e+0x33834)
    #1 std::__1::thread::thread[abi:nqe210106]<void (*&)(int, int), int&, int&, 0>(void (*&)(int, int), int&, int&) thread.h:216 (occt_1157_stress_after:arm64+0x10000635c)
    #2 runOne(char const*, int, int) occt_1157_stress.cpp:343 (occt_1157_stress_after:arm64+0x1000039b0)
    #3 main occt_1157_stress.cpp:380 (occt_1157_stress_after:arm64+0x100002e08)

  Thread T4 (tid=353964, running) created by main thread at:
    #0 pthread_create <null> (libclang_rt.tsan_osx_dynamic.dylib:arm64e+0x33834)
    #1 std::__1::thread::thread[abi:nqe210106]<void (*&)(int, int), int&, int&, 0>(void (*&)(int, int), int&, int&) thread.h:216 (occt_1157_stress_after:arm64+0x10000635c)
    #2 runOne(char const*, int, int) occt_1157_stress.cpp:343 (occt_1157_stress_after:arm64+0x1000039b0)
    #3 main occt_1157_stress.cpp:380 (occt_1157_stress_after:arm64+0x100002e08)

SUMMARY: ThreadSanitizer: data race pad_and_output.h:80 in std::__1::ostreambuf_iterator<char, std::__1::char_traits<char>> std::__1::__pad_and_output[abi:nqe210106]<char, std::__1::char_traits<char>>(std::__1::ostreambuf_iterator<char, std::__1::char_traits<char>>, char const*, char const*, char const*, std::__1::ios_base&, char)
==================
WARNING: ThreadSanitizer: data race (pid=70935)
  Write of size 8 at 0x0001fab5d950 by thread T8:
    #0 std::__1::ostreambuf_iterator<char, std::__1::char_traits<char>> std::__1::__pad_and_output[abi:nqe210106]<char, std::__1::char_traits<char>>(std::__1::ostreambuf_iterator<char, std::__1::char_traits<char>>, char const*, char const*, char const*, std::__1::ios_base&, char) pad_and_output.h:80 (occt_1157_stress_after:arm64+0x10000c148)
    #1 std::__1::basic_ostream<char, std::__1::char_traits<char>>& std::__1::__put_character_sequence[abi:nqe210106]<char, std::__1::char_traits<char>>(std::__1::basic_ostream<char, std::__1::char_traits<char>>&, char const*, unsigned long) put_character_sequence.h:37 (occt_1157_stress_after:arm64+0x10000be90)
    #2 Message_PrinterOStream::send(TCollection_AsciiString const&, Message_Gravity) const Message_PrinterOStream.cxx:163 (occt_1157_stress_after:arm64+0x1008f3b68)
    #3 Message_Printer::SendStringStream(std::__1::basic_stringstream<char, std::__1::char_traits<char>, std::__1::allocator<char>> const&, Message_Gravity) const Message_Printer.cxx:70 (occt_1157_stress_after:arm64+0x1008f311c)
    #4 Message_Messenger::Send(std::__1::basic_stringstream<char, std::__1::char_traits<char>, std::__1::allocator<char>> const&, Message_Gravity) const Message_Messenger.cxx:128 (occt_1157_stress_after:arm64+0x1008eee50)
    #5 Message_Messenger::StreamBuffer::Flush(bool) Message_Messenger.hxx:75 (occt_1157_stress_after:arm64+0x1000f0ab8)
    #6 Message_Messenger::StreamBuffer::~StreamBuffer() Message_Messenger.hxx:65 (occt_1157_stress_after:arm64+0x1000f08fc)
    #7 StepSelect_WorkLibrary::WriteFile(IFSelect_ContextWrite&) const StepSelect_WorkLibrary.cxx:150 (occt_1157_stress_after:arm64+0x10082ccc0)
    #8 IFSelect_ModelCopier::SendAll(char const*, Interface_Graph const&, opencascade::handle<IFSelect_WorkLibrary> const&, opencascade::handle<Interface_Protocol> const&) IFSelect_ModelCopier.cxx:343 (occt_1157_stress_after:arm64+0x10138656c)
    #9 IFSelect_WorkSession::SendAll(char const*, bool) IFSelect_WorkSession.cxx:2618 (occt_1157_stress_after:arm64+0x1013c0560)
    #10 STEPControl_Writer::Write(char const*) STEPControl_Writer.cxx:173 (occt_1157_stress_after:arm64+0x100553160)
    #11 runStepWriteIndependent(int, int) occt_1157_stress.cpp:97 (occt_1157_stress_after:arm64+0x100000fa8)
    #12 void* std::__1::__thread_proxy[abi:nqe210106]<std::__1::tuple<std::__1::unique_ptr<std::__1::__thread_struct, std::__1::default_delete<std::__1::__thread_struct>>, void (*)(int, int), int, int>>(void*) thread.h:168 (occt_1157_stress_after:arm64+0x100006494)

  Previous write of size 8 at 0x0001fab5d950 by thread T7:
    #0 std::__1::ostreambuf_iterator<char, std::__1::char_traits<char>> std::__1::__pad_and_output[abi:nqe210106]<char, std::__1::char_traits<char>>(std::__1::ostreambuf_iterator<char, std::__1::char_traits<char>>, char const*, char const*, char const*, std::__1::ios_base&, char) pad_and_output.h:80 (occt_1157_stress_after:arm64+0x10000c148)
    #1 std::__1::basic_ostream<char, std::__1::char_traits<char>>& std::__1::__put_character_sequence[abi:nqe210106]<char, std::__1::char_traits<char>>(std::__1::basic_ostream<char, std::__1::char_traits<char>>&, char const*, unsigned long) put_character_sequence.h:37 (occt_1157_stress_after:arm64+0x10000be90)
    #2 Message_PrinterOStream::send(TCollection_AsciiString const&, Message_Gravity) const Message_PrinterOStream.cxx:163 (occt_1157_stress_after:arm64+0x1008f3b68)
    #3 Message_Printer::SendStringStream(std::__1::basic_stringstream<char, std::__1::char_traits<char>, std::__1::allocator<char>> const&, Message_Gravity) const Message_Printer.cxx:70 (occt_1157_stress_after:arm64+0x1008f311c)
    #4 Message_Messenger::Send(std::__1::basic_stringstream<char, std::__1::char_traits<char>, std::__1::allocator<char>> const&, Message_Gravity) const Message_Messenger.cxx:128 (occt_1157_stress_after:arm64+0x1008eee50)
    #5 Message_Messenger::StreamBuffer::Flush(bool) Message_Messenger.hxx:75 (occt_1157_stress_after:arm64+0x1000f0ab8)
    #6 Message_Messenger::StreamBuffer::~StreamBuffer() Message_Messenger.hxx:65 (occt_1157_stress_after:arm64+0x1000f08fc)
    #7 IFSelect_ModelCopier::SendAll(char const*, Interface_Graph const&, opencascade::handle<IFSelect_WorkLibrary> const&, opencascade::handle<Interface_Protocol> const&) IFSelect_ModelCopier.cxx:313 (occt_1157_stress_after:arm64+0x1013863fc)
    #8 IFSelect_WorkSession::SendAll(char const*, bool) IFSelect_WorkSession.cxx:2602 (occt_1157_stress_after:arm64+0x1013c046c)
    #9 STEPControl_Writer::Write(char const*) STEPControl_Writer.cxx:173 (occt_1157_stress_after:arm64+0x100553160)
    #10 runStepWriteIndependent(int, int) occt_1157_stress.cpp:97 (occt_1157_stress_after:arm64+0x100000fa8)
    #11 void* std::__1::__thread_proxy[abi:nqe210106]<std::__1::tuple<std::__1::unique_ptr<std::__1::__thread_struct, std::__1::default_delete<std::__1::__thread_struct>>, void (*)(int, int), int, int>>(void*) thread.h:168 (occt_1157_stress_after:arm64+0x100006494)

  Location is global 'std::__1::cout' at 0x0001fab5d930 (libc++.1.dylib+0x6cb3a950)

  Thread T8 (tid=353968, running) created by main thread at:
    #0 pthread_create <null> (libclang_rt.tsan_osx_dynamic.dylib:arm64e+0x33834)
    #1 std::__1::thread::thread[abi:nqe210106]<void (*&)(int, int), int&, int&, 0>(void (*&)(int, int), int&, int&) thread.h:216 (occt_1157_stress_after:arm64+0x10000635c)
    #2 runOne(char const*, int, int) occt_1157_stress.cpp:343 (occt_1157_stress_after:arm64+0x1000039b0)
    #3 main occt_1157_stress.cpp:380 (occt_1157_stress_after:arm64+0x100002e08)

  Thread T7 (tid=353967, running) created by main thread at:
    #0 pthread_create <null> (libclang_rt.tsan_osx_dynamic.dylib:arm64e+0x33834)
    #1 std::__1::thread::thread[abi:nqe210106]<void (*&)(int, int), int&, int&, 0>(void (*&)(int, int), int&, int&) thread.h:216 (occt_1157_stress_after:arm64+0x10000635c)
    #2 runOne(char const*, int, int) occt_1157_stress.cpp:343 (occt_1157_stress_after:arm64+0x1000039b0)
    #3 main occt_1157_stress.cpp:380 (occt_1157_stress_after:arm64+0x100002e08)

SUMMARY: ThreadSanitizer: data race pad_and_output.h:80 in std::__1::ostreambuf_iterator<char, std::__1::char_traits<char>> std::__1::__pad_and_output[abi:nqe210106]<char, std::__1::char_traits<char>>(std::__1::ostreambuf_iterator<char, std::__1::char_traits<char>>, char const*, char const*, char const*, std::__1::ios_base&, char)
==================
WARNING: ThreadSanitizer: data race (pid=70935)
  Write of size 8 at 0x0001fab5d950 by thread T5 (mutexes: write M0):
    #0 std::__1::ostreambuf_iterator<char, std::__1::char_traits<char>> std::__1::__pad_and_output[abi:nqe210106]<char, std::__1::char_traits<char>>(std::__1::ostreambuf_iterator<char, std::__1::char_traits<char>>, char const*, char const*, char const*, std::__1::ios_base&, char) pad_and_output.h:80 (occt_1157_stress_after:arm64+0x10000c148)
    #1 std::__1::basic_ostream<char, std::__1::char_traits<char>>& std::__1::__put_character_sequence[abi:nqe210106]<char, std::__1::char_traits<char>>(std::__1::basic_ostream<char, std::__1::char_traits<char>>&, char const*, unsigned long) put_character_sequence.h:37 (occt_1157_stress_after:arm64+0x10000be90)
    #2 operator<<(std::__1::basic_ostream<char, std::__1::char_traits<char>>&, TCollection_AsciiString const&) TCollection_AsciiString.cxx:1100 (occt_1157_stress_after:arm64+0x1008d61dc)
    #3 Message_PrinterOStream::send(TCollection_AsciiString const&, Message_Gravity) const Message_PrinterOStream.cxx:156 (occt_1157_stress_after:arm64+0x1008f3b24)
    #4 Message_Printer::SendStringStream(std::__1::basic_stringstream<char, std::__1::char_traits<char>, std::__1::allocator<char>> const&, Message_Gravity) const Message_Printer.cxx:70 (occt_1157_stress_after:arm64+0x1008f311c)
    #5 Message_Messenger::Send(std::__1::basic_stringstream<char, std::__1::char_traits<char>, std::__1::allocator<char>> const&, Message_Gravity) const Message_Messenger.cxx:128 (occt_1157_stress_after:arm64+0x1008eee50)
    #6 Message_Messenger::StreamBuffer::Flush(bool) Message_Messenger.hxx:75 (occt_1157_stress_after:arm64+0x1000f0ab8)
    #7 Message_Messenger::StreamBuffer::~StreamBuffer() Message_Messenger.hxx:65 (occt_1157_stress_after:arm64+0x1000f08fc)
    #8 XSControl_TransferWriter::PrintStats(int, int) const XSControl_TransferWriter.cxx:62 (occt_1157_stress_after:arm64+0x1013ea27c)
    #9 XSControl_TransferWriter::TransferWriteShape(opencascade::handle<Interface_InterfaceModel> const&, TopoDS_Shape const&, Message_ProgressRange const&) XSControl_TransferWriter.cxx:176 (occt_1157_stress_after:arm64+0x1013eac6c)
    #10 XSControl_WorkSession::TransferWriteShape(TopoDS_Shape const&, bool, Message_ProgressRange const&) XSControl_WorkSession.cxx:562 (occt_1157_stress_after:arm64+0x1013f6844)
    #11 STEPControl_Writer::Transfer(TopoDS_Shape const&, STEPControl_StepModelType, DESTEP_Parameters const&, bool, Message_ProgressRange const&) STEPControl_Writer.cxx:159 (occt_1157_stress_after:arm64+0x100552d18)
    #12 STEPControl_Writer::Transfer(TopoDS_Shape const&, STEPControl_StepModelType, bool, Message_ProgressRange const&) STEPControl_Writer.cxx:111 (occt_1157_stress_after:arm64+0x10055277c)
    #13 runStepWriteIndependent(int, int) occt_1157_stress.cpp:88 (occt_1157_stress_after:arm64+0x100000b14)
    #14 void* std::__1::__thread_proxy[abi:nqe210106]<std::__1::tuple<std::__1::unique_ptr<std::__1::__thread_struct, std::__1::default_delete<std::__1::__thread_struct>>, void (*)(int, int), int, int>>(void*) thread.h:168 (occt_1157_stress_after:arm64+0x100006494)

  Previous write of size 8 at 0x0001fab5d950 by thread T6:
    #0 std::__1::ostreambuf_iterator<char, std::__1::char_traits<char>> std::__1::__pad_and_output[abi:nqe210106]<char, std::__1::char_traits<char>>(std::__1::ostreambuf_iterator<char, std::__1::char_traits<char>>, char const*, char const*, char const*, std::__1::ios_base&, char) pad_and_output.h:80 (occt_1157_stress_after:arm64+0x10000c148)
    #1 std::__1::basic_ostream<char, std::__1::char_traits<char>>& std::__1::__put_character_sequence[abi:nqe210106]<char, std::__1::char_traits<char>>(std::__1::basic_ostream<char, std::__1::char_traits<char>>&, char const*, unsigned long) put_character_sequence.h:37 (occt_1157_stress_after:arm64+0x10000be90)
    #2 Message_PrinterOStream::send(TCollection_AsciiString const&, Message_Gravity) const Message_PrinterOStream.cxx:163 (occt_1157_stress_after:arm64+0x1008f3b68)
    #3 Message_Printer::SendStringStream(std::__1::basic_stringstream<char, std::__1::char_traits<char>, std::__1::allocator<char>> const&, Message_Gravity) const Message_Printer.cxx:70 (occt_1157_stress_after:arm64+0x1008f311c)
    #4 Message_Messenger::Send(std::__1::basic_stringstream<char, std::__1::char_traits<char>, std::__1::allocator<char>> const&, Message_Gravity) const Message_Messenger.cxx:128 (occt_1157_stress_after:arm64+0x1008eee50)
    #5 Message_Messenger::StreamBuffer::Flush(bool) Message_Messenger.hxx:75 (occt_1157_stress_after:arm64+0x1000f0ab8)
    #6 Message_Messenger::StreamBuffer::~StreamBuffer() Message_Messenger.hxx:65 (occt_1157_stress_after:arm64+0x1000f08fc)
    #7 IFSelect_ModelCopier::SendAll(char const*, Interface_Graph const&, opencascade::handle<IFSelect_WorkLibrary> const&, opencascade::handle<Interface_Protocol> const&) IFSelect_ModelCopier.cxx:313 (occt_1157_stress_after:arm64+0x1013863fc)
    #8 IFSelect_WorkSession::SendAll(char const*, bool) IFSelect_WorkSession.cxx:2618 (occt_1157_stress_after:arm64+0x1013c0560)
    #9 STEPControl_Writer::Write(char const*) STEPControl_Writer.cxx:173 (occt_1157_stress_after:arm64+0x100553160)
    #10 runStepWriteIndependent(int, int) occt_1157_stress.cpp:97 (occt_1157_stress_after:arm64+0x100000fa8)
    #11 void* std::__1::__thread_proxy[abi:nqe210106]<std::__1::tuple<std::__1::unique_ptr<std::__1::__thread_struct, std::__1::default_delete<std::__1::__thread_struct>>, void (*)(int, int), int, int>>(void*) thread.h:168 (occt_1157_stress_after:arm64+0x100006494)

  Location is global 'std::__1::cout' at 0x0001fab5d930 (libc++.1.dylib+0x6cb3a950)

  Mutex M0 (0x000106659358) created at:
    #0 pthread_mutex_lock <null> (libclang_rt.tsan_osx_dynamic.dylib:arm64e+0x356bc)
    #1 std::__1::mutex::lock() <null> (libc++.1.dylib:arm64e+0x300c)
    #2 STEPControl_Writer::SetWS(opencascade::handle<XSControl_WorkSession> const&, bool) STEPControl_Writer.cxx:56 (occt_1157_stress_after:arm64+0x100551fc4)
    #3 STEPControl_Writer::STEPControl_Writer() STEPControl_Writer.cxx:39 (occt_1157_stress_after:arm64+0x100551e4c)
    #4 STEPControl_Writer::STEPControl_Writer() STEPControl_Writer.cxx:37 (occt_1157_stress_after:arm64+0x100552088)
    #5 runStepWriteIndependent(int, int) occt_1157_stress.cpp:85 (occt_1157_stress_after:arm64+0x100000ad8)
    #6 void* std::__1::__thread_proxy[abi:nqe210106]<std::__1::tuple<std::__1::unique_ptr<std::__1::__thread_struct, std::__1::default_delete<std::__1::__thread_struct>>, void (*)(int, int), int, int>>(void*) thread.h:168 (occt_1157_stress_after:arm64+0x100006494)

  Thread T5 (tid=353965, running) created by main thread at:
    #0 pthread_create <null> (libclang_rt.tsan_osx_dynamic.dylib:arm64e+0x33834)
    #1 std::__1::thread::thread[abi:nqe210106]<void (*&)(int, int), int&, int&, 0>(void (*&)(int, int), int&, int&) thread.h:216 (occt_1157_stress_after:arm64+0x10000635c)
    #2 std::__1::thread* std::__1::vector<std::__1::thread, std::__1::allocator<std::__1::thread>>::__emplace_back_slow_path<void (*&)(int, int), int&, int&>(void (*&)(int, int), int&, int&) vector.h:1130 (occt_1157_stress_after:arm64+0x100006118)
    #3 runOne(char const*, int, int) occt_1157_stress.cpp:343 (occt_1157_stress_after:arm64+0x1000039d8)
    #4 main occt_1157_stress.cpp:380 (occt_1157_stress_after:arm64+0x100002e08)

  Thread T6 (tid=353966, running) created by main thread at:
    #0 pthread_create <null> (libclang_rt.tsan_osx_dynamic.dylib:arm64e+0x33834)
    #1 std::__1::thread::thread[abi:nqe210106]<void (*&)(int, int), int&, int&, 0>(void (*&)(int, int), int&, int&) thread.h:216 (occt_1157_stress_after:arm64+0x10000635c)
    #2 runOne(char const*, int, int) occt_1157_stress.cpp:343 (occt_1157_stress_after:arm64+0x1000039b0)
    #3 main occt_1157_stress.cpp:380 (occt_1157_stress_after:arm64+0x100002e08)

SUMMARY: ThreadSanitizer: data race pad_and_output.h:80 in std::__1::ostreambuf_iterator<char, std::__1::char_traits<char>> std::__1::__pad_and_output[abi:nqe210106]<char, std::__1::char_traits<char>>(std::__1::ostreambuf_iterator<char, std::__1::char_traits<char>>, char const*, char const*, char const*, std::__1::ios_base&, char)
==================
WARNING: ThreadSanitizer: data race (pid=70935)
  Write of size 8 at 0x0001fab5d950 by thread T5 (mutexes: write M0):
    #0 std::__1::ostreambuf_iterator<char, std::__1::char_traits<char>> std::__1::__pad_and_output[abi:nqe210106]<char, std::__1::char_traits<char>>(std::__1::ostreambuf_iterator<char, std::__1::char_traits<char>>, char const*, char const*, char const*, std::__1::ios_base&, char) pad_and_output.h:80 (occt_1157_stress_after:arm64+0x10000c148)
    #1 std::__1::basic_ostream<char, std::__1::char_traits<char>>& std::__1::__put_character_sequence[abi:nqe210106]<char, std::__1::char_traits<char>>(std::__1::basic_ostream<char, std::__1::char_traits<char>>&, char const*, unsigned long) put_character_sequence.h:37 (occt_1157_stress_after:arm64+0x10000be90)
    #2 Message_PrinterOStream::send(TCollection_AsciiString const&, Message_Gravity) const Message_PrinterOStream.cxx:157 (occt_1157_stress_after:arm64+0x1008f3b38)
    #3 Message_Printer::SendStringStream(std::__1::basic_stringstream<char, std::__1::char_traits<char>, std::__1::allocator<char>> const&, Message_Gravity) const Message_Printer.cxx:70 (occt_1157_stress_after:arm64+0x1008f311c)
    #4 Message_Messenger::Send(std::__1::basic_stringstream<char, std::__1::char_traits<char>, std::__1::allocator<char>> const&, Message_Gravity) const Message_Messenger.cxx:128 (occt_1157_stress_after:arm64+0x1008eee50)
    #5 Message_Messenger::StreamBuffer::Flush(bool) Message_Messenger.hxx:75 (occt_1157_stress_after:arm64+0x1000f0ab8)
    #6 Message_Messenger::StreamBuffer::~StreamBuffer() Message_Messenger.hxx:65 (occt_1157_stress_after:arm64+0x1000f08fc)
    #7 XSControl_TransferWriter::PrintStats(int, int) const XSControl_TransferWriter.cxx:62 (occt_1157_stress_after:arm64+0x1013ea27c)
    #8 XSControl_TransferWriter::TransferWriteShape(opencascade::handle<Interface_InterfaceModel> const&, TopoDS_Shape const&, Message_ProgressRange const&) XSControl_TransferWriter.cxx:176 (occt_1157_stress_after:arm64+0x1013eac6c)
    #9 XSControl_WorkSession::TransferWriteShape(TopoDS_Shape const&, bool, Message_ProgressRange const&) XSControl_WorkSession.cxx:562 (occt_1157_stress_after:arm64+0x1013f6844)
    #10 STEPControl_Writer::Transfer(TopoDS_Shape const&, STEPControl_StepModelType, DESTEP_Parameters const&, bool, Message_ProgressRange const&) STEPControl_Writer.cxx:159 (occt_1157_stress_after:arm64+0x100552d18)
    #11 STEPControl_Writer::Transfer(TopoDS_Shape const&, STEPControl_StepModelType, bool, Message_ProgressRange const&) STEPControl_Writer.cxx:111 (occt_1157_stress_after:arm64+0x10055277c)
    #12 runStepWriteIndependent(int, int) occt_1157_stress.cpp:88 (occt_1157_stress_after:arm64+0x100000b14)
    #13 void* std::__1::__thread_proxy[abi:nqe210106]<std::__1::tuple<std::__1::unique_ptr<std::__1::__thread_struct, std::__1::default_delete<std::__1::__thread_struct>>, void (*)(int, int), int, int>>(void*) thread.h:168 (occt_1157_stress_after:arm64+0x100006494)

  Previous write of size 8 at 0x0001fab5d950 by thread T6:
    #0 std::__1::ostreambuf_iterator<char, std::__1::char_traits<char>> std::__1::__pad_and_output[abi:nqe210106]<char, std::__1::char_traits<char>>(std::__1::ostreambuf_iterator<char, std::__1::char_traits<char>>, char const*, char const*, char const*, std::__1::ios_base&, char) pad_and_output.h:80 (occt_1157_stress_after:arm64+0x10000c148)
    #1 std::__1::basic_ostream<char, std::__1::char_traits<char>>& std::__1::__put_character_sequence[abi:nqe210106]<char, std::__1::char_traits<char>>(std::__1::basic_ostream<char, std::__1::char_traits<char>>&, char const*, unsigned long) put_character_sequence.h:37 (occt_1157_stress_after:arm64+0x10000be90)
    #2 Message_PrinterOStream::send(TCollection_AsciiString const&, Message_Gravity) const Message_PrinterOStream.cxx:163 (occt_1157_stress_after:arm64+0x1008f3b68)
    #3 Message_Printer::SendStringStream(std::__1::basic_stringstream<char, std::__1::char_traits<char>, std::__1::allocator<char>> const&, Message_Gravity) const Message_Printer.cxx:70 (occt_1157_stress_after:arm64+0x1008f311c)
    #4 Message_Messenger::Send(std::__1::basic_stringstream<char, std::__1::char_traits<char>, std::__1::allocator<char>> const&, Message_Gravity) const Message_Messenger.cxx:128 (occt_1157_stress_after:arm64+0x1008eee50)
    #5 Message_Messenger::StreamBuffer::Flush(bool) Message_Messenger.hxx:75 (occt_1157_stress_after:arm64+0x1000f0ab8)
    #6 Message_Messenger::StreamBuffer::~StreamBuffer() Message_Messenger.hxx:65 (occt_1157_stress_after:arm64+0x1000f08fc)
    #7 StepSelect_WorkLibrary::WriteFile(IFSelect_ContextWrite&) const StepSelect_WorkLibrary.cxx:150 (occt_1157_stress_after:arm64+0x10082ccc0)
    #8 IFSelect_ModelCopier::SendAll(char const*, Interface_Graph const&, opencascade::handle<IFSelect_WorkLibrary> const&, opencascade::handle<Interface_Protocol> const&) IFSelect_ModelCopier.cxx:343 (occt_1157_stress_after:arm64+0x10138656c)
    #9 IFSelect_WorkSession::SendAll(char const*, bool) IFSelect_WorkSession.cxx:2618 (occt_1157_stress_after:arm64+0x1013c0560)
    #10 STEPControl_Writer::Write(char const*) STEPControl_Writer.cxx:173 (occt_1157_stress_after:arm64+0x100553160)
    #11 runStepWriteIndependent(int, int) occt_1157_stress.cpp:97 (occt_1157_stress_after:arm64+0x100000fa8)
    #12 void* std::__1::__thread_proxy[abi:nqe210106]<std::__1::tuple<std::__1::unique_ptr<std::__1::__thread_struct, std::__1::default_delete<std::__1::__thread_struct>>, void (*)(int, int), int, int>>(void*) thread.h:168 (occt_1157_stress_after:arm64+0x100006494)

  Location is global 'std::__1::cout' at 0x0001fab5d930 (libc++.1.dylib+0x6cb3a950)

  Mutex M0 (0x000106659358) created at:
    #0 pthread_mutex_lock <null> (libclang_rt.tsan_osx_dynamic.dylib:arm64e+0x356bc)
    #1 std::__1::mutex::lock() <null> (libc++.1.dylib:arm64e+0x300c)
    #2 STEPControl_Writer::SetWS(opencascade::handle<XSControl_WorkSession> const&, bool) STEPControl_Writer.cxx:56 (occt_1157_stress_after:arm64+0x100551fc4)
    #3 STEPControl_Writer::STEPControl_Writer() STEPControl_Writer.cxx:39 (occt_1157_stress_after:arm64+0x100551e4c)
    #4 STEPControl_Writer::STEPControl_Writer() STEPControl_Writer.cxx:37 (occt_1157_stress_after:arm64+0x100552088)
    #5 runStepWriteIndependent(int, int) occt_1157_stress.cpp:85 (occt_1157_stress_after:arm64+0x100000ad8)
    #6 void* std::__1::__thread_proxy[abi:nqe210106]<std::__1::tuple<std::__1::unique_ptr<std::__1::__thread_struct, std::__1::default_delete<std::__1::__thread_struct>>, void (*)(int, int), int, int>>(void*) thread.h:168 (occt_1157_stress_after:arm64+0x100006494)

  Thread T5 (tid=353965, running) created by main thread at:
    #0 pthread_create <null> (libclang_rt.tsan_osx_dynamic.dylib:arm64e+0x33834)
    #1 std::__1::thread::thread[abi:nqe210106]<void (*&)(int, int), int&, int&, 0>(void (*&)(int, int), int&, int&) thread.h:216 (occt_1157_stress_after:arm64+0x10000635c)
    #2 std::__1::thread* std::__1::vector<std::__1::thread, std::__1::allocator<std::__1::thread>>::__emplace_back_slow_path<void (*&)(int, int), int&, int&>(void (*&)(int, int), int&, int&) vector.h:1130 (occt_1157_stress_after:arm64+0x100006118)
    #3 runOne(char const*, int, int) occt_1157_stress.cpp:343 (occt_1157_stress_after:arm64+0x1000039d8)
    #4 main occt_1157_stress.cpp:380 (occt_1157_stress_after:arm64+0x100002e08)

  Thread T6 (tid=353966, running) created by main thread at:
    #0 pthread_create <null> (libclang_rt.tsan_osx_dynamic.dylib:arm64e+0x33834)
    #1 std::__1::thread::thread[abi:nqe210106]<void (*&)(int, int), int&, int&, 0>(void (*&)(int, int), int&, int&) thread.h:216 (occt_1157_stress_after:arm64+0x10000635c)
    #2 runOne(char const*, int, int) occt_1157_stress.cpp:343 (occt_1157_stress_after:arm64+0x1000039b0)
    #3 main occt_1157_stress.cpp:380 (occt_1157_stress_after:arm64+0x100002e08)

SUMMARY: ThreadSanitizer: data race pad_and_output.h:80 in std::__1::ostreambuf_iterator<char, std::__1::char_traits<char>> std::__1::__pad_and_output[abi:nqe210106]<char, std::__1::char_traits<char>>(std::__1::ostreambuf_iterator<char, std::__1::char_traits<char>>, char const*, char const*, char const*, std::__1::ios_base&, char)
==================
WARNING: ThreadSanitizer: data race (pid=70935)
  Write of size 8 at 0x0001fab5d950 by thread T3 (mutexes: write M0):
    #0 std::__1::ostreambuf_iterator<char, std::__1::char_traits<char>> std::__1::__pad_and_output[abi:nqe210106]<char, std::__1::char_traits<char>>(std::__1::ostreambuf_iterator<char, std::__1::char_traits<char>>, char const*, char const*, char const*, std::__1::ios_base&, char) pad_and_output.h:80 (occt_1157_stress_after:arm64+0x10000c148)
    #1 std::__1::basic_ostream<char, std::__1::char_traits<char>>& std::__1::__put_character_sequence[abi:nqe210106]<char, std::__1::char_traits<char>>(std::__1::basic_ostream<char, std::__1::char_traits<char>>&, char const*, unsigned long) put_character_sequence.h:37 (occt_1157_stress_after:arm64+0x10000be90)
    #2 Message_PrinterOStream::send(TCollection_AsciiString const&, Message_Gravity) const Message_PrinterOStream.cxx:155 (occt_1157_stress_after:arm64+0x1008f3b18)
    #3 Message_Printer::SendStringStream(std::__1::basic_stringstream<char, std::__1::char_traits<char>, std::__1::allocator<char>> const&, Message_Gravity) const Message_Printer.cxx:70 (occt_1157_stress_after:arm64+0x1008f311c)
    #4 Message_Messenger::Send(std::__1::basic_stringstream<char, std::__1::char_traits<char>, std::__1::allocator<char>> const&, Message_Gravity) const Message_Messenger.cxx:128 (occt_1157_stress_after:arm64+0x1008eee50)
    #5 Message_Messenger::StreamBuffer::Flush(bool) Message_Messenger.hxx:75 (occt_1157_stress_after:arm64+0x1000f0ab8)
    #6 Message_Messenger::StreamBuffer::~StreamBuffer() Message_Messenger.hxx:65 (occt_1157_stress_after:arm64+0x1000f08fc)
    #7 XSControl_TransferWriter::PrintStats(int, int) const XSControl_TransferWriter.cxx:62 (occt_1157_stress_after:arm64+0x1013ea27c)
    #8 XSControl_TransferWriter::TransferWriteShape(opencascade::handle<Interface_InterfaceModel> const&, TopoDS_Shape const&, Message_ProgressRange const&) XSControl_TransferWriter.cxx:176 (occt_1157_stress_after:arm64+0x1013eac6c)
    #9 XSControl_WorkSession::TransferWriteShape(TopoDS_Shape const&, bool, Message_ProgressRange const&) XSControl_WorkSession.cxx:562 (occt_1157_stress_after:arm64+0x1013f6844)
    #10 STEPControl_Writer::Transfer(TopoDS_Shape const&, STEPControl_StepModelType, DESTEP_Parameters const&, bool, Message_ProgressRange const&) STEPControl_Writer.cxx:159 (occt_1157_stress_after:arm64+0x100552d18)
    #11 STEPControl_Writer::Transfer(TopoDS_Shape const&, STEPControl_StepModelType, bool, Message_ProgressRange const&) STEPControl_Writer.cxx:111 (occt_1157_stress_after:arm64+0x10055277c)
    #12 runStepWriteIndependent(int, int) occt_1157_stress.cpp:88 (occt_1157_stress_after:arm64+0x100000b14)
    #13 void* std::__1::__thread_proxy[abi:nqe210106]<std::__1::tuple<std::__1::unique_ptr<std::__1::__thread_struct, std::__1::default_delete<std::__1::__thread_struct>>, void (*)(int, int), int, int>>(void*) thread.h:168 (occt_1157_stress_after:arm64+0x100006494)

  Previous write of size 8 at 0x0001fab5d950 by thread T2:
    #0 std::__1::ostreambuf_iterator<char, std::__1::char_traits<char>> std::__1::__pad_and_output[abi:nqe210106]<char, std::__1::char_traits<char>>(std::__1::ostreambuf_iterator<char, std::__1::char_traits<char>>, char const*, char const*, char const*, std::__1::ios_base&, char) pad_and_output.h:80 (occt_1157_stress_after:arm64+0x10000c148)
    #1 std::__1::basic_ostream<char, std::__1::char_traits<char>>& std::__1::__put_character_sequence[abi:nqe210106]<char, std::__1::char_traits<char>>(std::__1::basic_ostream<char, std::__1::char_traits<char>>&, char const*, unsigned long) put_character_sequence.h:37 (occt_1157_stress_after:arm64+0x10000be90)
    #2 Message_PrinterOStream::send(TCollection_AsciiString const&, Message_Gravity) const Message_PrinterOStream.cxx:163 (occt_1157_stress_after:arm64+0x1008f3b68)
    #3 Message_Printer::SendStringStream(std::__1::basic_stringstream<char, std::__1::char_traits<char>, std::__1::allocator<char>> const&, Message_Gravity) const Message_Printer.cxx:70 (occt_1157_stress_after:arm64+0x1008f311c)
    #4 Message_Messenger::Send(std::__1::basic_stringstream<char, std::__1::char_traits<char>, std::__1::allocator<char>> const&, Message_Gravity) const Message_Messenger.cxx:128 (occt_1157_stress_after:arm64+0x1008eee50)
    #5 Message_Messenger::StreamBuffer::Flush(bool) Message_Messenger.hxx:75 (occt_1157_stress_after:arm64+0x1000f0ab8)
    #6 Message_Messenger::StreamBuffer::~StreamBuffer() Message_Messenger.hxx:65 (occt_1157_stress_after:arm64+0x1000f08fc)
    #7 IFSelect_ModelCopier::SendAll(char const*, Interface_Graph const&, opencascade::handle<IFSelect_WorkLibrary> const&, opencascade::handle<Interface_Protocol> const&) IFSelect_ModelCopier.cxx:313 (occt_1157_stress_after:arm64+0x1013863fc)
    #8 IFSelect_WorkSession::SendAll(char const*, bool) IFSelect_WorkSession.cxx:2618 (occt_1157_stress_after:arm64+0x1013c0560)
    #9 STEPControl_Writer::Write(char const*) STEPControl_Writer.cxx:173 (occt_1157_stress_after:arm64+0x100553160)
    #10 runStepWriteIndependent(int, int) occt_1157_stress.cpp:97 (occt_1157_stress_after:arm64+0x100000fa8)
    #11 void* std::__1::__thread_proxy[abi:nqe210106]<std::__1::tuple<std::__1::unique_ptr<std::__1::__thread_struct, std::__1::default_delete<std::__1::__thread_struct>>, void (*)(int, int), int, int>>(void*) thread.h:168 (occt_1157_stress_after:arm64+0x100006494)

  Location is global 'std::__1::cout' at 0x0001fab5d930 (libc++.1.dylib+0x6cb3a950)

  Mutex M0 (0x000106659358) created at:
    #0 pthread_mutex_lock <null> (libclang_rt.tsan_osx_dynamic.dylib:arm64e+0x356bc)
    #1 std::__1::mutex::lock() <null> (libc++.1.dylib:arm64e+0x300c)
    #2 STEPControl_Writer::SetWS(opencascade::handle<XSControl_WorkSession> const&, bool) STEPControl_Writer.cxx:56 (occt_1157_stress_after:arm64+0x100551fc4)
    #3 STEPControl_Writer::STEPControl_Writer() STEPControl_Writer.cxx:39 (occt_1157_stress_after:arm64+0x100551e4c)
    #4 STEPControl_Writer::STEPControl_Writer() STEPControl_Writer.cxx:37 (occt_1157_stress_after:arm64+0x100552088)
    #5 runStepWriteIndependent(int, int) occt_1157_stress.cpp:85 (occt_1157_stress_after:arm64+0x100000ad8)
    #6 void* std::__1::__thread_proxy[abi:nqe210106]<std::__1::tuple<std::__1::unique_ptr<std::__1::__thread_struct, std::__1::default_delete<std::__1::__thread_struct>>, void (*)(int, int), int, int>>(void*) thread.h:168 (occt_1157_stress_after:arm64+0x100006494)

  Thread T3 (tid=353963, running) created by main thread at:
    #0 pthread_create <null> (libclang_rt.tsan_osx_dynamic.dylib:arm64e+0x33834)
    #1 std::__1::thread::thread[abi:nqe210106]<void (*&)(int, int), int&, int&, 0>(void (*&)(int, int), int&, int&) thread.h:216 (occt_1157_stress_after:arm64+0x10000635c)
    #2 std::__1::thread* std::__1::vector<std::__1::thread, std::__1::allocator<std::__1::thread>>::__emplace_back_slow_path<void (*&)(int, int), int&, int&>(void (*&)(int, int), int&, int&) vector.h:1130 (occt_1157_stress_after:arm64+0x100006118)
    #3 runOne(char const*, int, int) occt_1157_stress.cpp:343 (occt_1157_stress_after:arm64+0x1000039d8)
    #4 main occt_1157_stress.cpp:380 (occt_1157_stress_after:arm64+0x100002e08)

  Thread T2 (tid=353962, running) created by main thread at:
    #0 pthread_create <null> (libclang_rt.tsan_osx_dynamic.dylib:arm64e+0x33834)
    #1 std::__1::thread::thread[abi:nqe210106]<void (*&)(int, int), int&, int&, 0>(void (*&)(int, int), int&, int&) thread.h:216 (occt_1157_stress_after:arm64+0x10000635c)
    #2 std::__1::thread* std::__1::vector<std::__1::thread, std::__1::allocator<std::__1::thread>>::__emplace_back_slow_path<void (*&)(int, int), int&, int&>(void (*&)(int, int), int&, int&) vector.h:1130 (occt_1157_stress_after:arm64+0x100006118)
    #3 runOne(char const*, int, int) occt_1157_stress.cpp:343 (occt_1157_stress_after:arm64+0x1000039d8)
    #4 main occt_1157_stress.cpp:380 (occt_1157_stress_after:arm64+0x100002e08)

SUMMARY: ThreadSanitizer: data race pad_and_output.h:80 in std::__1::ostreambuf_iterator<char, std::__1::char_traits<char>> std::__1::__pad_and_output[abi:nqe210106]<char, std::__1::char_traits<char>>(std::__1::ostreambuf_iterator<char, std::__1::char_traits<char>>, char const*, char const*, char const*, std::__1::ios_base&, char)
==================
WARNING: ThreadSanitizer: data race (pid=70935)
  Write of size 8 at 0x0001fab5d950 by thread T3 (mutexes: write M0):
    #0 std::__1::ostreambuf_iterator<char, std::__1::char_traits<char>> std::__1::__pad_and_output[abi:nqe210106]<char, std::__1::char_traits<char>>(std::__1::ostreambuf_iterator<char, std::__1::char_traits<char>>, char const*, char const*, char const*, std::__1::ios_base&, char) pad_and_output.h:80 (occt_1157_stress_after:arm64+0x10000c148)
    #1 std::__1::basic_ostream<char, std::__1::char_traits<char>>& std::__1::__put_character_sequence[abi:nqe210106]<char, std::__1::char_traits<char>>(std::__1::basic_ostream<char, std::__1::char_traits<char>>&, char const*, unsigned long) put_character_sequence.h:37 (occt_1157_stress_after:arm64+0x10000be90)
    #2 operator<<(std::__1::basic_ostream<char, std::__1::char_traits<char>>&, TCollection_AsciiString const&) TCollection_AsciiString.cxx:1100 (occt_1157_stress_after:arm64+0x1008d61dc)
    #3 Message_PrinterOStream::send(TCollection_AsciiString const&, Message_Gravity) const Message_PrinterOStream.cxx:156 (occt_1157_stress_after:arm64+0x1008f3b24)
    #4 Message_Printer::SendStringStream(std::__1::basic_stringstream<char, std::__1::char_traits<char>, std::__1::allocator<char>> const&, Message_Gravity) const Message_Printer.cxx:70 (occt_1157_stress_after:arm64+0x1008f311c)
    #5 Message_Messenger::Send(std::__1::basic_stringstream<char, std::__1::char_traits<char>, std::__1::allocator<char>> const&, Message_Gravity) const Message_Messenger.cxx:128 (occt_1157_stress_after:arm64+0x1008eee50)
    #6 Message_Messenger::StreamBuffer::Flush(bool) Message_Messenger.hxx:75 (occt_1157_stress_after:arm64+0x1000f0ab8)
    #7 Message_Messenger::StreamBuffer::~StreamBuffer() Message_Messenger.hxx:65 (occt_1157_stress_after:arm64+0x1000f08fc)
    #8 XSControl_TransferWriter::PrintStats(int, int) const XSControl_TransferWriter.cxx:62 (occt_1157_stress_after:arm64+0x1013ea27c)
    #9 XSControl_TransferWriter::TransferWriteShape(opencascade::handle<Interface_InterfaceModel> const&, TopoDS_Shape const&, Message_ProgressRange const&) XSControl_TransferWriter.cxx:176 (occt_1157_stress_after:arm64+0x1013eac6c)
    #10 XSControl_WorkSession::TransferWriteShape(TopoDS_Shape const&, bool, Message_ProgressRange const&) XSControl_WorkSession.cxx:562 (occt_1157_stress_after:arm64+0x1013f6844)
    #11 STEPControl_Writer::Transfer(TopoDS_Shape const&, STEPControl_StepModelType, DESTEP_Parameters const&, bool, Message_ProgressRange const&) STEPControl_Writer.cxx:159 (occt_1157_stress_after:arm64+0x100552d18)
    #12 STEPControl_Writer::Transfer(TopoDS_Shape const&, STEPControl_StepModelType, bool, Message_ProgressRange const&) STEPControl_Writer.cxx:111 (occt_1157_stress_after:arm64+0x10055277c)
    #13 runStepWriteIndependent(int, int) occt_1157_stress.cpp:88 (occt_1157_stress_after:arm64+0x100000b14)
    #14 void* std::__1::__thread_proxy[abi:nqe210106]<std::__1::tuple<std::__1::unique_ptr<std::__1::__thread_struct, std::__1::default_delete<std::__1::__thread_struct>>, void (*)(int, int), int, int>>(void*) thread.h:168 (occt_1157_stress_after:arm64+0x100006494)

  Previous write of size 8 at 0x0001fab5d950 by thread T2:
    #0 std::__1::ostreambuf_iterator<char, std::__1::char_traits<char>> std::__1::__pad_and_output[abi:nqe210106]<char, std::__1::char_traits<char>>(std::__1::ostreambuf_iterator<char, std::__1::char_traits<char>>, char const*, char const*, char const*, std::__1::ios_base&, char) pad_and_output.h:80 (occt_1157_stress_after:arm64+0x10000c148)
    #1 std::__1::basic_ostream<char, std::__1::char_traits<char>>& std::__1::__put_character_sequence[abi:nqe210106]<char, std::__1::char_traits<char>>(std::__1::basic_ostream<char, std::__1::char_traits<char>>&, char const*, unsigned long) put_character_sequence.h:37 (occt_1157_stress_after:arm64+0x10000be90)
    #2 Message_PrinterOStream::send(TCollection_AsciiString const&, Message_Gravity) const Message_PrinterOStream.cxx:163 (occt_1157_stress_after:arm64+0x1008f3b68)
    #3 Message_Printer::SendStringStream(std::__1::basic_stringstream<char, std::__1::char_traits<char>, std::__1::allocator<char>> const&, Message_Gravity) const Message_Printer.cxx:70 (occt_1157_stress_after:arm64+0x1008f311c)
    #4 Message_Messenger::Send(std::__1::basic_stringstream<char, std::__1::char_traits<char>, std::__1::allocator<char>> const&, Message_Gravity) const Message_Messenger.cxx:128 (occt_1157_stress_after:arm64+0x1008eee50)
    #5 Message_Messenger::StreamBuffer::Flush(bool) Message_Messenger.hxx:75 (occt_1157_stress_after:arm64+0x1000f0ab8)
    #6 Message_Messenger::StreamBuffer::~StreamBuffer() Message_Messenger.hxx:65 (occt_1157_stress_after:arm64+0x1000f08fc)
    #7 StepSelect_WorkLibrary::WriteFile(IFSelect_ContextWrite&) const StepSelect_WorkLibrary.cxx:150 (occt_1157_stress_after:arm64+0x10082ccc0)
    #8 IFSelect_ModelCopier::SendAll(char const*, Interface_Graph const&, opencascade::handle<IFSelect_WorkLibrary> const&, opencascade::handle<Interface_Protocol> const&) IFSelect_ModelCopier.cxx:343 (occt_1157_stress_after:arm64+0x10138656c)
    #9 IFSelect_WorkSession::SendAll(char const*, bool) IFSelect_WorkSession.cxx:2618 (occt_1157_stress_after:arm64+0x1013c0560)
    #10 STEPControl_Writer::Write(char const*) STEPControl_Writer.cxx:173 (occt_1157_stress_after:arm64+0x100553160)
    #11 runStepWriteIndependent(int, int) occt_1157_stress.cpp:97 (occt_1157_stress_after:arm64+0x100000fa8)
    #12 void* std::__1::__thread_proxy[abi:nqe210106]<std::__1::tuple<std::__1::unique_ptr<std::__1::__thread_struct, std::__1::default_delete<std::__1::__thread_struct>>, void (*)(int, int), int, int>>(void*) thread.h:168 (occt_1157_stress_after:arm64+0x100006494)

  Location is global 'std::__1::cout' at 0x0001fab5d930 (libc++.1.dylib+0x6cb3a950)

  Mutex M0 (0x000106659358) created at:
    #0 pthread_mutex_lock <null> (libclang_rt.tsan_osx_dynamic.dylib:arm64e+0x356bc)
    #1 std::__1::mutex::lock() <null> (libc++.1.dylib:arm64e+0x300c)
    #2 STEPControl_Writer::SetWS(opencascade::handle<XSControl_WorkSession> const&, bool) STEPControl_Writer.cxx:56 (occt_1157_stress_after:arm64+0x100551fc4)
    #3 STEPControl_Writer::STEPControl_Writer() STEPControl_Writer.cxx:39 (occt_1157_stress_after:arm64+0x100551e4c)
    #4 STEPControl_Writer::STEPControl_Writer() STEPControl_Writer.cxx:37 (occt_1157_stress_after:arm64+0x100552088)
    #5 runStepWriteIndependent(int, int) occt_1157_stress.cpp:85 (occt_1157_stress_after:arm64+0x100000ad8)
    #6 void* std::__1::__thread_proxy[abi:nqe210106]<std::__1::tuple<std::__1::unique_ptr<std::__1::__thread_struct, std::__1::default_delete<std::__1::__thread_struct>>, void (*)(int, int), int, int>>(void*) thread.h:168 (occt_1157_stress_after:arm64+0x100006494)

  Thread T3 (tid=353963, running) created by main thread at:
    #0 pthread_create <null> (libclang_rt.tsan_osx_dynamic.dylib:arm64e+0x33834)
    #1 std::__1::thread::thread[abi:nqe210106]<void (*&)(int, int), int&, int&, 0>(void (*&)(int, int), int&, int&) thread.h:216 (occt_1157_stress_after:arm64+0x10000635c)
    #2 std::__1::thread* std::__1::vector<std::__1::thread, std::__1::allocator<std::__1::thread>>::__emplace_back_slow_path<void (*&)(int, int), int&, int&>(void (*&)(int, int), int&, int&) vector.h:1130 (occt_1157_stress_after:arm64+0x100006118)
    #3 runOne(char const*, int, int) occt_1157_stress.cpp:343 (occt_1157_stress_after:arm64+0x1000039d8)
    #4 main occt_1157_stress.cpp:380 (occt_1157_stress_after:arm64+0x100002e08)

  Thread T2 (tid=353962, running) created by main thread at:
    #0 pthread_create <null> (libclang_rt.tsan_osx_dynamic.dylib:arm64e+0x33834)
    #1 std::__1::thread::thread[abi:nqe210106]<void (*&)(int, int), int&, int&, 0>(void (*&)(int, int), int&, int&) thread.h:216 (occt_1157_stress_after:arm64+0x10000635c)
    #2 std::__1::thread* std::__1::vector<std::__1::thread, std::__1::allocator<std::__1::thread>>::__emplace_back_slow_path<void (*&)(int, int), int&, int&>(void (*&)(int, int), int&, int&) vector.h:1130 (occt_1157_stress_after:arm64+0x100006118)
    #3 runOne(char const*, int, int) occt_1157_stress.cpp:343 (occt_1157_stress_after:arm64+0x1000039d8)
    #4 main occt_1157_stress.cpp:380 (occt_1157_stress_after:arm64+0x100002e08)

SUMMARY: ThreadSanitizer: data race pad_and_output.h:80 in std::__1::ostreambuf_iterator<char, std::__1::char_traits<char>> std::__1::__pad_and_output[abi:nqe210106]<char, std::__1::char_traits<char>>(std::__1::ostreambuf_iterator<char, std::__1::char_traits<char>>, char const*, char const*, char const*, std::__1::ios_base&, char)
==================
WARNING: ThreadSanitizer: data race (pid=70935)
  Write of size 8 at 0x0001fab5d950 by thread T4 (mutexes: write M0):
    #0 std::__1::ostreambuf_iterator<char, std::__1::char_traits<char>> std::__1::__pad_and_output[abi:nqe210106]<char, std::__1::char_traits<char>>(std::__1::ostreambuf_iterator<char, std::__1::char_traits<char>>, char const*, char const*, char const*, std::__1::ios_base&, char) pad_and_output.h:80 (occt_1157_stress_after:arm64+0x10000c148)
    #1 std::__1::basic_ostream<char, std::__1::char_traits<char>>& std::__1::__put_character_sequence[abi:nqe210106]<char, std::__1::char_traits<char>>(std::__1::basic_ostream<char, std::__1::char_traits<char>>&, char const*, unsigned long) put_character_sequence.h:37 (occt_1157_stress_after:arm64+0x10000be90)
    #2 Message_PrinterOStream::send(TCollection_AsciiString const&, Message_Gravity) const Message_PrinterOStream.cxx:155 (occt_1157_stress_after:arm64+0x1008f3b18)
    #3 Message_Printer::SendStringStream(std::__1::basic_stringstream<char, std::__1::char_traits<char>, std::__1::allocator<char>> const&, Message_Gravity) const Message_Printer.cxx:70 (occt_1157_stress_after:arm64+0x1008f311c)
    #4 Message_Messenger::Send(std::__1::basic_stringstream<char, std::__1::char_traits<char>, std::__1::allocator<char>> const&, Message_Gravity) const Message_Messenger.cxx:128 (occt_1157_stress_after:arm64+0x1008eee50)
    #5 Message_Messenger::StreamBuffer::Flush(bool) Message_Messenger.hxx:75 (occt_1157_stress_after:arm64+0x1000f0ab8)
    #6 Message_Messenger::StreamBuffer::~StreamBuffer() Message_Messenger.hxx:65 (occt_1157_stress_after:arm64+0x1000f08fc)
    #7 XSControl_TransferWriter::TransferWriteShape(opencascade::handle<Interface_InterfaceModel> const&, TopoDS_Shape const&, Message_ProgressRange const&) XSControl_TransferWriter.cxx:193 (occt_1157_stress_after:arm64+0x1013ead7c)
    #8 XSControl_WorkSession::TransferWriteShape(TopoDS_Shape const&, bool, Message_ProgressRange const&) XSControl_WorkSession.cxx:562 (occt_1157_stress_after:arm64+0x1013f6844)
    #9 STEPControl_Writer::Transfer(TopoDS_Shape const&, STEPControl_StepModelType, DESTEP_Parameters const&, bool, Message_ProgressRange const&) STEPControl_Writer.cxx:159 (occt_1157_stress_after:arm64+0x100552d18)
    #10 STEPControl_Writer::Transfer(TopoDS_Shape const&, STEPControl_StepModelType, bool, Message_ProgressRange const&) STEPControl_Writer.cxx:111 (occt_1157_stress_after:arm64+0x10055277c)
    #11 runStepWriteIndependent(int, int) occt_1157_stress.cpp:88 (occt_1157_stress_after:arm64+0x100000b14)
    #12 void* std::__1::__thread_proxy[abi:nqe210106]<std::__1::tuple<std::__1::unique_ptr<std::__1::__thread_struct, std::__1::default_delete<std::__1::__thread_struct>>, void (*)(int, int), int, int>>(void*) thread.h:168 (occt_1157_stress_after:arm64+0x100006494)

  Previous write of size 8 at 0x0001fab5d950 by thread T3:
    #0 std::__1::ostreambuf_iterator<char, std::__1::char_traits<char>> std::__1::__pad_and_output[abi:nqe210106]<char, std::__1::char_traits<char>>(std::__1::ostreambuf_iterator<char, std::__1::char_traits<char>>, char const*, char const*, char const*, std::__1::ios_base&, char) pad_and_output.h:80 (occt_1157_stress_after:arm64+0x10000c148)
    #1 std::__1::basic_ostream<char, std::__1::char_traits<char>>& std::__1::__put_character_sequence[abi:nqe210106]<char, std::__1::char_traits<char>>(std::__1::basic_ostream<char, std::__1::char_traits<char>>&, char const*, unsigned long) put_character_sequence.h:37 (occt_1157_stress_after:arm64+0x10000be90)
    #2 operator<<(std::__1::basic_ostream<char, std::__1::char_traits<char>>&, TCollection_AsciiString const&) TCollection_AsciiString.cxx:1100 (occt_1157_stress_after:arm64+0x1008d61dc)
    #3 Message_PrinterOStream::send(TCollection_AsciiString const&, Message_Gravity) const Message_PrinterOStream.cxx:156 (occt_1157_stress_after:arm64+0x1008f3b24)
    #4 Message_Printer::SendStringStream(std::__1::basic_stringstream<char, std::__1::char_traits<char>, std::__1::allocator<char>> const&, Message_Gravity) const Message_Printer.cxx:70 (occt_1157_stress_after:arm64+0x1008f311c)
    #5 Message_Messenger::Send(std::__1::basic_stringstream<char, std::__1::char_traits<char>, std::__1::allocator<char>> const&, Message_Gravity) const Message_Messenger.cxx:128 (occt_1157_stress_after:arm64+0x1008eee50)
    #6 Message_Messenger::StreamBuffer::Flush(bool) Message_Messenger.hxx:75 (occt_1157_stress_after:arm64+0x1000f0ab8)
    #7 Message_Messenger::StreamBuffer::~StreamBuffer() Message_Messenger.hxx:65 (occt_1157_stress_after:arm64+0x1000f08fc)
    #8 StepSelect_WorkLibrary::WriteFile(IFSelect_ContextWrite&) const StepSelect_WorkLibrary.cxx:150 (occt_1157_stress_after:arm64+0x10082ccc0)
    #9 IFSelect_ModelCopier::SendAll(char const*, Interface_Graph const&, opencascade::handle<IFSelect_WorkLibrary> const&, opencascade::handle<Interface_Protocol> const&) IFSelect_ModelCopier.cxx:343 (occt_1157_stress_after:arm64+0x10138656c)
    #10 IFSelect_WorkSession::SendAll(char const*, bool) IFSelect_WorkSession.cxx:2602 (occt_1157_stress_after:arm64+0x1013c046c)
    #11 STEPControl_Writer::Write(char const*) STEPControl_Writer.cxx:173 (occt_1157_stress_after:arm64+0x100553160)
    #12 runStepWriteIndependent(int, int) occt_1157_stress.cpp:97 (occt_1157_stress_after:arm64+0x100000fa8)
    #13 void* std::__1::__thread_proxy[abi:nqe210106]<std::__1::tuple<std::__1::unique_ptr<std::__1::__thread_struct, std::__1::default_delete<std::__1::__thread_struct>>, void (*)(int, int), int, int>>(void*) thread.h:168 (occt_1157_stress_after:arm64+0x100006494)

  Location is global 'std::__1::cout' at 0x0001fab5d930 (libc++.1.dylib+0x6cb3a950)

  Mutex M0 (0x000106659358) created at:
    #0 pthread_mutex_lock <null> (libclang_rt.tsan_osx_dynamic.dylib:arm64e+0x356bc)
    #1 std::__1::mutex::lock() <null> (libc++.1.dylib:arm64e+0x300c)
    #2 STEPControl_Writer::SetWS(opencascade::handle<XSControl_WorkSession> const&, bool) STEPControl_Writer.cxx:56 (occt_1157_stress_after:arm64+0x100551fc4)
    #3 STEPControl_Writer::STEPControl_Writer() STEPControl_Writer.cxx:39 (occt_1157_stress_after:arm64+0x100551e4c)
    #4 STEPControl_Writer::STEPControl_Writer() STEPControl_Writer.cxx:37 (occt_1157_stress_after:arm64+0x100552088)
    #5 runStepWriteIndependent(int, int) occt_1157_stress.cpp:85 (occt_1157_stress_after:arm64+0x100000ad8)
    #6 void* std::__1::__thread_proxy[abi:nqe210106]<std::__1::tuple<std::__1::unique_ptr<std::__1::__thread_struct, std::__1::default_delete<std::__1::__thread_struct>>, void (*)(int, int), int, int>>(void*) thread.h:168 (occt_1157_stress_after:arm64+0x100006494)

  Thread T4 (tid=353964, running) created by main thread at:
    #0 pthread_create <null> (libclang_rt.tsan_osx_dynamic.dylib:arm64e+0x33834)
    #1 std::__1::thread::thread[abi:nqe210106]<void (*&)(int, int), int&, int&, 0>(void (*&)(int, int), int&, int&) thread.h:216 (occt_1157_stress_after:arm64+0x10000635c)
    #2 runOne(char const*, int, int) occt_1157_stress.cpp:343 (occt_1157_stress_after:arm64+0x1000039b0)
    #3 main occt_1157_stress.cpp:380 (occt_1157_stress_after:arm64+0x100002e08)

  Thread T3 (tid=353963, running) created by main thread at:
    #0 pthread_create <null> (libclang_rt.tsan_osx_dynamic.dylib:arm64e+0x33834)
    #1 std::__1::thread::thread[abi:nqe210106]<void (*&)(int, int), int&, int&, 0>(void (*&)(int, int), int&, int&) thread.h:216 (occt_1157_stress_after:arm64+0x10000635c)
    #2 std::__1::thread* std::__1::vector<std::__1::thread, std::__1::allocator<std::__1::thread>>::__emplace_back_slow_path<void (*&)(int, int), int&, int&>(void (*&)(int, int), int&, int&) vector.h:1130 (occt_1157_stress_after:arm64+0x100006118)
    #3 runOne(char const*, int, int) occt_1157_stress.cpp:343 (occt_1157_stress_after:arm64+0x1000039d8)
    #4 main occt_1157_stress.cpp:380 (occt_1157_stress_after:arm64+0x100002e08)

SUMMARY: ThreadSanitizer: data race pad_and_output.h:80 in std::__1::ostreambuf_iterator<char, std::__1::char_traits<char>> std::__1::__pad_and_output[abi:nqe210106]<char, std::__1::char_traits<char>>(std::__1::ostreambuf_iterator<char, std::__1::char_traits<char>>, char const*, char const*, char const*, std::__1::ios_base&, char)
==================
WARNING: ThreadSanitizer: data race (pid=70935)
  Write of size 8 at 0x0001fab5d950 by thread T5:
    #0 std::__1::ostreambuf_iterator<char, std::__1::char_traits<char>> std::__1::__pad_and_output[abi:nqe210106]<char, std::__1::char_traits<char>>(std::__1::ostreambuf_iterator<char, std::__1::char_traits<char>>, char const*, char const*, char const*, std::__1::ios_base&, char) pad_and_output.h:80 (occt_1157_stress_after:arm64+0x10000c148)
    #1 std::__1::basic_ostream<char, std::__1::char_traits<char>>& std::__1::__put_character_sequence[abi:nqe210106]<char, std::__1::char_traits<char>>(std::__1::basic_ostream<char, std::__1::char_traits<char>>&, char const*, unsigned long) put_character_sequence.h:37 (occt_1157_stress_after:arm64+0x10000be90)
    #2 Message_PrinterOStream::send(TCollection_AsciiString const&, Message_Gravity) const Message_PrinterOStream.cxx:155 (occt_1157_stress_after:arm64+0x1008f3b18)
    #3 Message_Printer::SendStringStream(std::__1::basic_stringstream<char, std::__1::char_traits<char>, std::__1::allocator<char>> const&, Message_Gravity) const Message_Printer.cxx:70 (occt_1157_stress_after:arm64+0x1008f311c)
    #4 Message_Messenger::Send(std::__1::basic_stringstream<char, std::__1::char_traits<char>, std::__1::allocator<char>> const&, Message_Gravity) const Message_Messenger.cxx:128 (occt_1157_stress_after:arm64+0x1008eee50)
    #5 Message_Messenger::StreamBuffer::Flush(bool) Message_Messenger.hxx:75 (occt_1157_stress_after:arm64+0x1000f0ab8)
    #6 Message_Messenger::StreamBuffer::~StreamBuffer() Message_Messenger.hxx:65 (occt_1157_stress_after:arm64+0x1000f08fc)
    #7 IFSelect_ModelCopier::SendAll(char const*, Interface_Graph const&, opencascade::handle<IFSelect_WorkLibrary> const&, opencascade::handle<Interface_Protocol> const&) IFSelect_ModelCopier.cxx:313 (occt_1157_stress_after:arm64+0x1013863fc)
    #8 IFSelect_WorkSession::SendAll(char const*, bool) IFSelect_WorkSession.cxx:2618 (occt_1157_stress_after:arm64+0x1013c0560)
    #9 STEPControl_Writer::Write(char const*) STEPControl_Writer.cxx:173 (occt_1157_stress_after:arm64+0x100553160)
    #10 runStepWriteIndependent(int, int) occt_1157_stress.cpp:97 (occt_1157_stress_after:arm64+0x100000fa8)
    #11 void* std::__1::__thread_proxy[abi:nqe210106]<std::__1::tuple<std::__1::unique_ptr<std::__1::__thread_struct, std::__1::default_delete<std::__1::__thread_struct>>, void (*)(int, int), int, int>>(void*) thread.h:168 (occt_1157_stress_after:arm64+0x100006494)

  Previous write of size 8 at 0x0001fab5d950 by thread T4:
    #0 std::__1::ostreambuf_iterator<char, std::__1::char_traits<char>> std::__1::__pad_and_output[abi:nqe210106]<char, std::__1::char_traits<char>>(std::__1::ostreambuf_iterator<char, std::__1::char_traits<char>>, char const*, char const*, char const*, std::__1::ios_base&, char) pad_and_output.h:80 (occt_1157_stress_after:arm64+0x10000c148)
    #1 std::__1::basic_ostream<char, std::__1::char_traits<char>>& std::__1::__put_character_sequence[abi:nqe210106]<char, std::__1::char_traits<char>>(std::__1::basic_ostream<char, std::__1::char_traits<char>>&, char const*, unsigned long) put_character_sequence.h:37 (occt_1157_stress_after:arm64+0x10000be90)
    #2 Message_PrinterOStream::send(TCollection_AsciiString const&, Message_Gravity) const Message_PrinterOStream.cxx:163 (occt_1157_stress_after:arm64+0x1008f3b68)
    #3 Message_Printer::SendStringStream(std::__1::basic_stringstream<char, std::__1::char_traits<char>, std::__1::allocator<char>> const&, Message_Gravity) const Message_Printer.cxx:70 (occt_1157_stress_after:arm64+0x1008f311c)
    #4 Message_Messenger::Send(std::__1::basic_stringstream<char, std::__1::char_traits<char>, std::__1::allocator<char>> const&, Message_Gravity) const Message_Messenger.cxx:128 (occt_1157_stress_after:arm64+0x1008eee50)
    #5 Message_Messenger::StreamBuffer::Flush(bool) Message_Messenger.hxx:75 (occt_1157_stress_after:arm64+0x1000f0ab8)
    #6 Message_Messenger::StreamBuffer::~StreamBuffer() Message_Messenger.hxx:65 (occt_1157_stress_after:arm64+0x1000f08fc)
    #7 StepSelect_WorkLibrary::WriteFile(IFSelect_ContextWrite&) const StepSelect_WorkLibrary.cxx:150 (occt_1157_stress_after:arm64+0x10082ccc0)
    #8 IFSelect_ModelCopier::SendAll(char const*, Interface_Graph const&, opencascade::handle<IFSelect_WorkLibrary> const&, opencascade::handle<Interface_Protocol> const&) IFSelect_ModelCopier.cxx:343 (occt_1157_stress_after:arm64+0x10138656c)
    #9 IFSelect_WorkSession::SendAll(char const*, bool) IFSelect_WorkSession.cxx:2602 (occt_1157_stress_after:arm64+0x1013c046c)
    #10 STEPControl_Writer::Write(char const*) STEPControl_Writer.cxx:173 (occt_1157_stress_after:arm64+0x100553160)
    #11 runStepWriteIndependent(int, int) occt_1157_stress.cpp:97 (occt_1157_stress_after:arm64+0x100000fa8)
    #12 void* std::__1::__thread_proxy[abi:nqe210106]<std::__1::tuple<std::__1::unique_ptr<std::__1::__thread_struct, std::__1::default_delete<std::__1::__thread_struct>>, void (*)(int, int), int, int>>(void*) thread.h:168 (occt_1157_stress_after:arm64+0x100006494)

  Location is global 'std::__1::cout' at 0x0001fab5d930 (libc++.1.dylib+0x6cb3a950)

  Thread T5 (tid=353965, running) created by main thread at:
    #0 pthread_create <null> (libclang_rt.tsan_osx_dynamic.dylib:arm64e+0x33834)
    #1 std::__1::thread::thread[abi:nqe210106]<void (*&)(int, int), int&, int&, 0>(void (*&)(int, int), int&, int&) thread.h:216 (occt_1157_stress_after:arm64+0x10000635c)
    #2 std::__1::thread* std::__1::vector<std::__1::thread, std::__1::allocator<std::__1::thread>>::__emplace_back_slow_path<void (*&)(int, int), int&, int&>(void (*&)(int, int), int&, int&) vector.h:1130 (occt_1157_stress_after:arm64+0x100006118)
    #3 runOne(char const*, int, int) occt_1157_stress.cpp:343 (occt_1157_stress_after:arm64+0x1000039d8)
    #4 main occt_1157_stress.cpp:380 (occt_1157_stress_after:arm64+0x100002e08)

  Thread T4 (tid=353964, finished) created by main thread at:
    #0 pthread_create <null> (libclang_rt.tsan_osx_dynamic.dylib:arm64e+0x33834)
    #1 std::__1::thread::thread[abi:nqe210106]<void (*&)(int, int), int&, int&, 0>(void (*&)(int, int), int&, int&) thread.h:216 (occt_1157_stress_after:arm64+0x10000635c)
    #2 runOne(char const*, int, int) occt_1157_stress.cpp:343 (occt_1157_stress_after:arm64+0x1000039b0)
    #3 main occt_1157_stress.cpp:380 (occt_1157_stress_after:arm64+0x100002e08)

SUMMARY: ThreadSanitizer: data race pad_and_output.h:80 in std::__1::ostreambuf_iterator<char, std::__1::char_traits<char>> std::__1::__pad_and_output[abi:nqe210106]<char, std::__1::char_traits<char>>(std::__1::ostreambuf_iterator<char, std::__1::char_traits<char>>, char const*, char const*, char const*, std::__1::ios_base&, char)
==================
WARNING: ThreadSanitizer: data race (pid=70935)
  Write of size 8 at 0x0001fab5d950 by thread T5:
    #0 std::__1::ostreambuf_iterator<char, std::__1::char_traits<char>> std::__1::__pad_and_output[abi:nqe210106]<char, std::__1::char_traits<char>>(std::__1::ostreambuf_iterator<char, std::__1::char_traits<char>>, char const*, char const*, char const*, std::__1::ios_base&, char) pad_and_output.h:80 (occt_1157_stress_after:arm64+0x10000c148)
    #1 std::__1::basic_ostream<char, std::__1::char_traits<char>>& std::__1::__put_character_sequence[abi:nqe210106]<char, std::__1::char_traits<char>>(std::__1::basic_ostream<char, std::__1::char_traits<char>>&, char const*, unsigned long) put_character_sequence.h:37 (occt_1157_stress_after:arm64+0x10000be90)
    #2 operator<<(std::__1::basic_ostream<char, std::__1::char_traits<char>>&, TCollection_AsciiString const&) TCollection_AsciiString.cxx:1100 (occt_1157_stress_after:arm64+0x1008d61dc)
    #3 Message_PrinterOStream::send(TCollection_AsciiString const&, Message_Gravity) const Message_PrinterOStream.cxx:156 (occt_1157_stress_after:arm64+0x1008f3b24)
    #4 Message_Printer::SendStringStream(std::__1::basic_stringstream<char, std::__1::char_traits<char>, std::__1::allocator<char>> const&, Message_Gravity) const Message_Printer.cxx:70 (occt_1157_stress_after:arm64+0x1008f311c)
    #5 Message_Messenger::Send(std::__1::basic_stringstream<char, std::__1::char_traits<char>, std::__1::allocator<char>> const&, Message_Gravity) const Message_Messenger.cxx:128 (occt_1157_stress_after:arm64+0x1008eee50)
    #6 Message_Messenger::StreamBuffer::Flush(bool) Message_Messenger.hxx:75 (occt_1157_stress_after:arm64+0x1000f0ab8)
    #7 Message_Messenger::StreamBuffer::~StreamBuffer() Message_Messenger.hxx:65 (occt_1157_stress_after:arm64+0x1000f08fc)
    #8 IFSelect_ModelCopier::SendAll(char const*, Interface_Graph const&, opencascade::handle<IFSelect_WorkLibrary> const&, opencascade::handle<Interface_Protocol> const&) IFSelect_ModelCopier.cxx:313 (occt_1157_stress_after:arm64+0x1013863fc)
    #9 IFSelect_WorkSession::SendAll(char const*, bool) IFSelect_WorkSession.cxx:2618 (occt_1157_stress_after:arm64+0x1013c0560)
    #10 STEPControl_Writer::Write(char const*) STEPControl_Writer.cxx:173 (occt_1157_stress_after:arm64+0x100553160)
    #11 runStepWriteIndependent(int, int) occt_1157_stress.cpp:97 (occt_1157_stress_after:arm64+0x100000fa8)
    #12 void* std::__1::__thread_proxy[abi:nqe210106]<std::__1::tuple<std::__1::unique_ptr<std::__1::__thread_struct, std::__1::default_delete<std::__1::__thread_struct>>, void (*)(int, int), int, int>>(void*) thread.h:168 (occt_1157_stress_after:arm64+0x100006494)

  Previous write of size 8 at 0x0001fab5d950 by thread T6 (mutexes: write M0):
    #0 std::__1::ostreambuf_iterator<char, std::__1::char_traits<char>> std::__1::__pad_and_output[abi:nqe210106]<char, std::__1::char_traits<char>>(std::__1::ostreambuf_iterator<char, std::__1::char_traits<char>>, char const*, char const*, char const*, std::__1::ios_base&, char) pad_and_output.h:80 (occt_1157_stress_after:arm64+0x10000c148)
    #1 std::__1::basic_ostream<char, std::__1::char_traits<char>>& std::__1::__put_character_sequence[abi:nqe210106]<char, std::__1::char_traits<char>>(std::__1::basic_ostream<char, std::__1::char_traits<char>>&, char const*, unsigned long) put_character_sequence.h:37 (occt_1157_stress_after:arm64+0x10000be90)
    #2 Message_PrinterOStream::send(TCollection_AsciiString const&, Message_Gravity) const Message_PrinterOStream.cxx:163 (occt_1157_stress_after:arm64+0x1008f3b68)
    #3 Message_Printer::SendStringStream(std::__1::basic_stringstream<char, std::__1::char_traits<char>, std::__1::allocator<char>> const&, Message_Gravity) const Message_Printer.cxx:70 (occt_1157_stress_after:arm64+0x1008f311c)
    #4 Message_Messenger::Send(std::__1::basic_stringstream<char, std::__1::char_traits<char>, std::__1::allocator<char>> const&, Message_Gravity) const Message_Messenger.cxx:128 (occt_1157_stress_after:arm64+0x1008eee50)
    #5 Message_Messenger::StreamBuffer::Flush(bool) Message_Messenger.hxx:75 (occt_1157_stress_after:arm64+0x1000f0ab8)
    #6 Message_Messenger::StreamBuffer::~StreamBuffer() Message_Messenger.hxx:65 (occt_1157_stress_after:arm64+0x1000f08fc)
    #7 XSControl_TransferWriter::TransferWriteShape(opencascade::handle<Interface_InterfaceModel> const&, TopoDS_Shape const&, Message_ProgressRange const&) XSControl_TransferWriter.cxx:193 (occt_1157_stress_after:arm64+0x1013ead7c)
    #8 XSControl_WorkSession::TransferWriteShape(TopoDS_Shape const&, bool, Message_ProgressRange const&) XSControl_WorkSession.cxx:562 (occt_1157_stress_after:arm64+0x1013f6844)
    #9 STEPControl_Writer::Transfer(TopoDS_Shape const&, STEPControl_StepModelType, DESTEP_Parameters const&, bool, Message_ProgressRange const&) STEPControl_Writer.cxx:159 (occt_1157_stress_after:arm64+0x100552d18)
    #10 STEPControl_Writer::Transfer(TopoDS_Shape const&, STEPControl_StepModelType, bool, Message_ProgressRange const&) STEPControl_Writer.cxx:111 (occt_1157_stress_after:arm64+0x10055277c)
    #11 runStepWriteIndependent(int, int) occt_1157_stress.cpp:88 (occt_1157_stress_after:arm64+0x100000b14)
    #12 void* std::__1::__thread_proxy[abi:nqe210106]<std::__1::tuple<std::__1::unique_ptr<std::__1::__thread_struct, std::__1::default_delete<std::__1::__thread_struct>>, void (*)(int, int), int, int>>(void*) thread.h:168 (occt_1157_stress_after:arm64+0x100006494)

  Location is global 'std::__1::cout' at 0x0001fab5d930 (libc++.1.dylib+0x6cb3a950)

  Mutex M0 (0x000106659358) created at:
    #0 pthread_mutex_lock <null> (libclang_rt.tsan_osx_dynamic.dylib:arm64e+0x356bc)
    #1 std::__1::mutex::lock() <null> (libc++.1.dylib:arm64e+0x300c)
    #2 STEPControl_Writer::SetWS(opencascade::handle<XSControl_WorkSession> const&, bool) STEPControl_Writer.cxx:56 (occt_1157_stress_after:arm64+0x100551fc4)
    #3 STEPControl_Writer::STEPControl_Writer() STEPControl_Writer.cxx:39 (occt_1157_stress_after:arm64+0x100551e4c)
    #4 STEPControl_Writer::STEPControl_Writer() STEPControl_Writer.cxx:37 (occt_1157_stress_after:arm64+0x100552088)
    #5 runStepWriteIndependent(int, int) occt_1157_stress.cpp:85 (occt_1157_stress_after:arm64+0x100000ad8)
    #6 void* std::__1::__thread_proxy[abi:nqe210106]<std::__1::tuple<std::__1::unique_ptr<std::__1::__thread_struct, std::__1::default_delete<std::__1::__thread_struct>>, void (*)(int, int), int, int>>(void*) thread.h:168 (occt_1157_stress_after:arm64+0x100006494)

  Thread T5 (tid=353965, running) created by main thread at:
    #0 pthread_create <null> (libclang_rt.tsan_osx_dynamic.dylib:arm64e+0x33834)
    #1 std::__1::thread::thread[abi:nqe210106]<void (*&)(int, int), int&, int&, 0>(void (*&)(int, int), int&, int&) thread.h:216 (occt_1157_stress_after:arm64+0x10000635c)
    #2 std::__1::thread* std::__1::vector<std::__1::thread, std::__1::allocator<std::__1::thread>>::__emplace_back_slow_path<void (*&)(int, int), int&, int&>(void (*&)(int, int), int&, int&) vector.h:1130 (occt_1157_stress_after:arm64+0x100006118)
    #3 runOne(char const*, int, int) occt_1157_stress.cpp:343 (occt_1157_stress_after:arm64+0x1000039d8)
    #4 main occt_1157_stress.cpp:380 (occt_1157_stress_after:arm64+0x100002e08)

  Thread T6 (tid=353966, running) created by main thread at:
    #0 pthread_create <null> (libclang_rt.tsan_osx_dynamic.dylib:arm64e+0x33834)
    #1 std::__1::thread::thread[abi:nqe210106]<void (*&)(int, int), int&, int&, 0>(void (*&)(int, int), int&, int&) thread.h:216 (occt_1157_stress_after:arm64+0x10000635c)
    #2 runOne(char const*, int, int) occt_1157_stress.cpp:343 (occt_1157_stress_after:arm64+0x1000039b0)
    #3 main occt_1157_stress.cpp:380 (occt_1157_stress_after:arm64+0x100002e08)

SUMMARY: ThreadSanitizer: data race pad_and_output.h:80 in std::__1::ostreambuf_iterator<char, std::__1::char_traits<char>> std::__1::__pad_and_output[abi:nqe210106]<char, std::__1::char_traits<char>>(std::__1::ostreambuf_iterator<char, std::__1::char_traits<char>>, char const*, char const*, char const*, std::__1::ios_base&, char)
==================
WARNING: ThreadSanitizer: data race (pid=70935)
  Read of size 8 at 0x0001fab5d950 by thread T7 (mutexes: write M0):
    #0 std::__1::ostreambuf_iterator<char, std::__1::char_traits<char>> std::__1::__pad_and_output[abi:nqe210106]<char, std::__1::char_traits<char>>(std::__1::ostreambuf_iterator<char, std::__1::char_traits<char>>, char const*, char const*, char const*, std::__1::ios_base&, char) pad_and_output.h:54 (occt_1157_stress_after:arm64+0x10000bfb0)
    #1 std::__1::basic_ostream<char, std::__1::char_traits<char>>& std::__1::__put_character_sequence[abi:nqe210106]<char, std::__1::char_traits<char>>(std::__1::basic_ostream<char, std::__1::char_traits<char>>&, char const*, unsigned long) put_character_sequence.h:37 (occt_1157_stress_after:arm64+0x10000be90)
    #2 Message_PrinterOStream::send(TCollection_AsciiString const&, Message_Gravity) const Message_PrinterOStream.cxx:155 (occt_1157_stress_after:arm64+0x1008f3b18)
    #3 Message_Printer::SendStringStream(std::__1::basic_stringstream<char, std::__1::char_traits<char>, std::__1::allocator<char>> const&, Message_Gravity) const Message_Printer.cxx:70 (occt_1157_stress_after:arm64+0x1008f311c)
    #4 Message_Messenger::Send(std::__1::basic_stringstream<char, std::__1::char_traits<char>, std::__1::allocator<char>> const&, Message_Gravity) const Message_Messenger.cxx:128 (occt_1157_stress_after:arm64+0x1008eee50)
    #5 Message_Messenger::StreamBuffer::Flush(bool) Message_Messenger.hxx:75 (occt_1157_stress_after:arm64+0x1000f0ab8)
    #6 Message_Messenger::StreamBuffer::~StreamBuffer() Message_Messenger.hxx:65 (occt_1157_stress_after:arm64+0x1000f08fc)
    #7 XSControl_TransferWriter::TransferWriteShape(opencascade::handle<Interface_InterfaceModel> const&, TopoDS_Shape const&, Message_ProgressRange const&) XSControl_TransferWriter.cxx:193 (occt_1157_stress_after:arm64+0x1013ead7c)
    #8 XSControl_WorkSession::TransferWriteShape(TopoDS_Shape const&, bool, Message_ProgressRange const&) XSControl_WorkSession.cxx:562 (occt_1157_stress_after:arm64+0x1013f6844)
    #9 STEPControl_Writer::Transfer(TopoDS_Shape const&, STEPControl_StepModelType, DESTEP_Parameters const&, bool, Message_ProgressRange const&) STEPControl_Writer.cxx:159 (occt_1157_stress_after:arm64+0x100552d18)
    #10 STEPControl_Writer::Transfer(TopoDS_Shape const&, STEPControl_StepModelType, bool, Message_ProgressRange const&) STEPControl_Writer.cxx:111 (occt_1157_stress_after:arm64+0x10055277c)
    #11 runStepWriteIndependent(int, int) occt_1157_stress.cpp:88 (occt_1157_stress_after:arm64+0x100000b14)
    #12 void* std::__1::__thread_proxy[abi:nqe210106]<std::__1::tuple<std::__1::unique_ptr<std::__1::__thread_struct, std::__1::default_delete<std::__1::__thread_struct>>, void (*)(int, int), int, int>>(void*) thread.h:168 (occt_1157_stress_after:arm64+0x100006494)

  Previous write of size 8 at 0x0001fab5d950 by thread T5:
    #0 std::__1::ostreambuf_iterator<char, std::__1::char_traits<char>> std::__1::__pad_and_output[abi:nqe210106]<char, std::__1::char_traits<char>>(std::__1::ostreambuf_iterator<char, std::__1::char_traits<char>>, char const*, char const*, char const*, std::__1::ios_base&, char) pad_and_output.h:80 (occt_1157_stress_after:arm64+0x10000c148)
    #1 std::__1::basic_ostream<char, std::__1::char_traits<char>>& std::__1::__put_character_sequence[abi:nqe210106]<char, std::__1::char_traits<char>>(std::__1::basic_ostream<char, std::__1::char_traits<char>>&, char const*, unsigned long) put_character_sequence.h:37 (occt_1157_stress_after:arm64+0x10000be90)
    #2 Message_PrinterOStream::send(TCollection_AsciiString const&, Message_Gravity) const Message_PrinterOStream.cxx:163 (occt_1157_stress_after:arm64+0x1008f3b68)
    #3 Message_Printer::SendStringStream(std::__1::basic_stringstream<char, std::__1::char_traits<char>, std::__1::allocator<char>> const&, Message_Gravity) const Message_Printer.cxx:70 (occt_1157_stress_after:arm64+0x1008f311c)
    #4 Message_Messenger::Send(std::__1::basic_stringstream<char, std::__1::char_traits<char>, std::__1::allocator<char>> const&, Message_Gravity) const Message_Messenger.cxx:128 (occt_1157_stress_after:arm64+0x1008eee50)
    #5 Message_Messenger::StreamBuffer::Flush(bool) Message_Messenger.hxx:75 (occt_1157_stress_after:arm64+0x1000f0ab8)
    #6 Message_Messenger::StreamBuffer::~StreamBuffer() Message_Messenger.hxx:65 (occt_1157_stress_after:arm64+0x1000f08fc)
    #7 IFSelect_ModelCopier::SendAll(char const*, Interface_Graph const&, opencascade::handle<IFSelect_WorkLibrary> const&, opencascade::handle<Interface_Protocol> const&) IFSelect_ModelCopier.cxx:313 (occt_1157_stress_after:arm64+0x1013863fc)
    #8 IFSelect_WorkSession::SendAll(char const*, bool) IFSelect_WorkSession.cxx:2618 (occt_1157_stress_after:arm64+0x1013c0560)
    #9 STEPControl_Writer::Write(char const*) STEPControl_Writer.cxx:173 (occt_1157_stress_after:arm64+0x100553160)
    #10 runStepWriteIndependent(int, int) occt_1157_stress.cpp:97 (occt_1157_stress_after:arm64+0x100000fa8)
    #11 void* std::__1::__thread_proxy[abi:nqe210106]<std::__1::tuple<std::__1::unique_ptr<std::__1::__thread_struct, std::__1::default_delete<std::__1::__thread_struct>>, void (*)(int, int), int, int>>(void*) thread.h:168 (occt_1157_stress_after:arm64+0x100006494)

  Location is global 'std::__1::cout' at 0x0001fab5d930 (libc++.1.dylib+0x6cb3a950)

  Mutex M0 (0x000106659358) created at:
    #0 pthread_mutex_lock <null> (libclang_rt.tsan_osx_dynamic.dylib:arm64e+0x356bc)
    #1 std::__1::mutex::lock() <null> (libc++.1.dylib:arm64e+0x300c)
    #2 STEPControl_Writer::SetWS(opencascade::handle<XSControl_WorkSession> const&, bool) STEPControl_Writer.cxx:56 (occt_1157_stress_after:arm64+0x100551fc4)
    #3 STEPControl_Writer::STEPControl_Writer() STEPControl_Writer.cxx:39 (occt_1157_stress_after:arm64+0x100551e4c)
    #4 STEPControl_Writer::STEPControl_Writer() STEPControl_Writer.cxx:37 (occt_1157_stress_after:arm64+0x100552088)
    #5 runStepWriteIndependent(int, int) occt_1157_stress.cpp:85 (occt_1157_stress_after:arm64+0x100000ad8)
    #6 void* std::__1::__thread_proxy[abi:nqe210106]<std::__1::tuple<std::__1::unique_ptr<std::__1::__thread_struct, std::__1::default_delete<std::__1::__thread_struct>>, void (*)(int, int), int, int>>(void*) thread.h:168 (occt_1157_stress_after:arm64+0x100006494)

  Thread T7 (tid=353967, running) created by main thread at:
    #0 pthread_create <null> (libclang_rt.tsan_osx_dynamic.dylib:arm64e+0x33834)
    #1 std::__1::thread::thread[abi:nqe210106]<void (*&)(int, int), int&, int&, 0>(void (*&)(int, int), int&, int&) thread.h:216 (occt_1157_stress_after:arm64+0x10000635c)
    #2 runOne(char const*, int, int) occt_1157_stress.cpp:343 (occt_1157_stress_after:arm64+0x1000039b0)
    #3 main occt_1157_stress.cpp:380 (occt_1157_stress_after:arm64+0x100002e08)

  Thread T5 (tid=353965, running) created by main thread at:
    #0 pthread_create <null> (libclang_rt.tsan_osx_dynamic.dylib:arm64e+0x33834)
    #1 std::__1::thread::thread[abi:nqe210106]<void (*&)(int, int), int&, int&, 0>(void (*&)(int, int), int&, int&) thread.h:216 (occt_1157_stress_after:arm64+0x10000635c)
    #2 std::__1::thread* std::__1::vector<std::__1::thread, std::__1::allocator<std::__1::thread>>::__emplace_back_slow_path<void (*&)(int, int), int&, int&>(void (*&)(int, int), int&, int&) vector.h:1130 (occt_1157_stress_after:arm64+0x100006118)
    #3 runOne(char const*, int, int) occt_1157_stress.cpp:343 (occt_1157_stress_after:arm64+0x1000039d8)
    #4 main occt_1157_stress.cpp:380 (occt_1157_stress_after:arm64+0x100002e08)

SUMMARY: ThreadSanitizer: data race pad_and_output.h:54 in std::__1::ostreambuf_iterator<char, std::__1::char_traits<char>> std::__1::__pad_and_output[abi:nqe210106]<char, std::__1::char_traits<char>>(std::__1::ostreambuf_iterator<char, std::__1::char_traits<char>>, char const*, char const*, char const*, std::__1::ios_base&, char)
==================
WARNING: ThreadSanitizer: data race (pid=70935)
  Read of size 1 at 0x000106663cf8 by thread T7:
    #0 IFSelect_WorkSession::SendAll(char const*, bool) IFSelect_WorkSession.cxx:2595 (occt_1157_stress_after:arm64+0x1013c03f4)
    #1 STEPControl_Writer::Write(char const*) STEPControl_Writer.cxx:173 (occt_1157_stress_after:arm64+0x100553160)
    #2 runStepWriteIndependent(int, int) occt_1157_stress.cpp:97 (occt_1157_stress_after:arm64+0x100000fa8)
    #3 void* std::__1::__thread_proxy[abi:nqe210106]<std::__1::tuple<std::__1::unique_ptr<std::__1::__thread_struct, std::__1::default_delete<std::__1::__thread_struct>>, void (*)(int, int), int, int>>(void*) thread.h:168 (occt_1157_stress_after:arm64+0x100006494)

  Previous write of size 1 at 0x000106663cf8 by thread T5:
    #0 IFSelect_WorkSession::IFSelect_WorkSession() IFSelect_WorkSession.cxx:86 (occt_1157_stress_after:arm64+0x1013b0800)
    #1 XSControl_WorkSession::XSControl_WorkSession() XSControl_WorkSession.cxx:50 (occt_1157_stress_after:arm64+0x1013f3a90)
    #2 XSControl_WorkSession::XSControl_WorkSession() XSControl_WorkSession.cxx:54 (occt_1157_stress_after:arm64+0x1013f3ddc)
    #3 STEPControl_Writer::STEPControl_Writer() STEPControl_Writer.cxx:39 (occt_1157_stress_after:arm64+0x100551e1c)
    #4 STEPControl_Writer::STEPControl_Writer() STEPControl_Writer.cxx:37 (occt_1157_stress_after:arm64+0x100552088)
    #5 runStepWriteIndependent(int, int) occt_1157_stress.cpp:85 (occt_1157_stress_after:arm64+0x100000ad8)
    #6 void* std::__1::__thread_proxy[abi:nqe210106]<std::__1::tuple<std::__1::unique_ptr<std::__1::__thread_struct, std::__1::default_delete<std::__1::__thread_struct>>, void (*)(int, int), int, int>>(void*) thread.h:168 (occt_1157_stress_after:arm64+0x100006494)

  Location is global 'errhand' at 0x000106663cf8 (occt_1157_stress_after+0x101cb3cf8)

  Thread T7 (tid=353967, running) created by main thread at:
    #0 pthread_create <null> (libclang_rt.tsan_osx_dynamic.dylib:arm64e+0x33834)
    #1 std::__1::thread::thread[abi:nqe210106]<void (*&)(int, int), int&, int&, 0>(void (*&)(int, int), int&, int&) thread.h:216 (occt_1157_stress_after:arm64+0x10000635c)
    #2 runOne(char const*, int, int) occt_1157_stress.cpp:343 (occt_1157_stress_after:arm64+0x1000039b0)
    #3 main occt_1157_stress.cpp:380 (occt_1157_stress_after:arm64+0x100002e08)

  Thread T5 (tid=353965, running) created by main thread at:
    #0 pthread_create <null> (libclang_rt.tsan_osx_dynamic.dylib:arm64e+0x33834)
    #1 std::__1::thread::thread[abi:nqe210106]<void (*&)(int, int), int&, int&, 0>(void (*&)(int, int), int&, int&) thread.h:216 (occt_1157_stress_after:arm64+0x10000635c)
    #2 std::__1::thread* std::__1::vector<std::__1::thread, std::__1::allocator<std::__1::thread>>::__emplace_back_slow_path<void (*&)(int, int), int&, int&>(void (*&)(int, int), int&, int&) vector.h:1130 (occt_1157_stress_after:arm64+0x100006118)
    #3 runOne(char const*, int, int) occt_1157_stress.cpp:343 (occt_1157_stress_after:arm64+0x1000039d8)
    #4 main occt_1157_stress.cpp:380 (occt_1157_stress_after:arm64+0x100002e08)

SUMMARY: ThreadSanitizer: data race IFSelect_WorkSession.cxx:2595 in IFSelect_WorkSession::SendAll(char const*, bool)
==================
ThreadSanitizer: reported 47 warnings
