WARNING: ThreadSanitizer: data race (pid=73731)
  Write of size 1 at 0x0001060dbcf8 by thread T4:
    #0 IFSelect_WorkSession::IFSelect_WorkSession() IFSelect_WorkSession.cxx:86 (occt_1157_stress_after2:arm64+0x1013b0830)
    #1 XSControl_WorkSession::XSControl_WorkSession() XSControl_WorkSession.cxx:50 (occt_1157_stress_after2:arm64+0x1013f3ac0)
    #2 XSControl_WorkSession::XSControl_WorkSession() XSControl_WorkSession.cxx:54 (occt_1157_stress_after2:arm64+0x1013f3e0c)
    #3 STEPControl_Writer::STEPControl_Writer() STEPControl_Writer.cxx:39 (occt_1157_stress_after2:arm64+0x100551e4c)
    #4 STEPControl_Writer::STEPControl_Writer() STEPControl_Writer.cxx:37 (occt_1157_stress_after2:arm64+0x1005520b8)
    #5 runStepWriteIndependent(int, int) occt_1157_stress.cpp:85 (occt_1157_stress_after2:arm64+0x100000ad8)
    #6 void* std::__1::__thread_proxy[abi:nqe210106]<std::__1::tuple<std::__1::unique_ptr<std::__1::__thread_struct, std::__1::default_delete<std::__1::__thread_struct>>, void (*)(int, int), int, int>>(void*) thread.h:168 (occt_1157_stress_after2:arm64+0x1000064c4)

  Previous write of size 1 at 0x0001060dbcf8 by thread T1:
    #0 IFSelect_WorkSession::IFSelect_WorkSession() IFSelect_WorkSession.cxx:86 (occt_1157_stress_after2:arm64+0x1013b0830)
    #1 XSControl_WorkSession::XSControl_WorkSession() XSControl_WorkSession.cxx:50 (occt_1157_stress_after2:arm64+0x1013f3ac0)
    #2 XSControl_WorkSession::XSControl_WorkSession() XSControl_WorkSession.cxx:54 (occt_1157_stress_after2:arm64+0x1013f3e0c)
    #3 STEPControl_Writer::STEPControl_Writer() STEPControl_Writer.cxx:39 (occt_1157_stress_after2:arm64+0x100551e4c)
    #4 STEPControl_Writer::STEPControl_Writer() STEPControl_Writer.cxx:37 (occt_1157_stress_after2:arm64+0x1005520b8)
    #5 runStepWriteIndependent(int, int) occt_1157_stress.cpp:85 (occt_1157_stress_after2:arm64+0x100000ad8)
    #6 void* std::__1::__thread_proxy[abi:nqe210106]<std::__1::tuple<std::__1::unique_ptr<std::__1::__thread_struct, std::__1::default_delete<std::__1::__thread_struct>>, void (*)(int, int), int, int>>(void*) thread.h:168 (occt_1157_stress_after2:arm64+0x1000064c4)

  Location is global 'errhand' at 0x0001060dbcf8 (occt_1157_stress_after2+0x101cb3cf8)

  Thread T4 (tid=367789, running) created by main thread at:
    #0 pthread_create <null> (libclang_rt.tsan_osx_dynamic.dylib:arm64e+0x33834)
    #1 std::__1::thread::thread[abi:nqe210106]<void (*&)(int, int), int&, int&, 0>(void (*&)(int, int), int&, int&) thread.h:216 (occt_1157_stress_after2:arm64+0x10000638c)
    #2 runOne(char const*, int, int) occt_1157_stress.cpp:359 (occt_1157_stress_after2:arm64+0x1000039e0)
    #3 main occt_1157_stress.cpp:396 (occt_1157_stress_after2:arm64+0x100002e08)

  Thread T1 (tid=367786, running) created by main thread at:
    #0 pthread_create <null> (libclang_rt.tsan_osx_dynamic.dylib:arm64e+0x33834)
    #1 std::__1::thread::thread[abi:nqe210106]<void (*&)(int, int), int&, int&, 0>(void (*&)(int, int), int&, int&) thread.h:216 (occt_1157_stress_after2:arm64+0x10000638c)
    #2 std::__1::thread* std::__1::vector<std::__1::thread, std::__1::allocator<std::__1::thread>>::__emplace_back_slow_path<void (*&)(int, int), int&, int&>(void (*&)(int, int), int&, int&) vector.h:1130 (occt_1157_stress_after2:arm64+0x100006148)
    #3 runOne(char const*, int, int) occt_1157_stress.cpp:359 (occt_1157_stress_after2:arm64+0x100003a08)
    #4 main occt_1157_stress.cpp:396 (occt_1157_stress_after2:arm64+0x100002e08)

SUMMARY: ThreadSanitizer: data race IFSelect_WorkSession.cxx:86 in IFSelect_WorkSession::IFSelect_WorkSession()
==================
WARNING: ThreadSanitizer: data race (pid=73731)
  Write of size 4 at 0x0001104034e8 by thread T8:
    #0 STEPControl_ActorWrite::SetGroupMode(int) STEPControl_ActorWrite.cxx:473 (occt_1157_stress_after2:arm64+0x100530a00)
    #1 STEPControl_Writer::Transfer(TopoDS_Shape const&, STEPControl_StepModelType, DESTEP_Parameters const&, bool, Message_ProgressRange const&) STEPControl_Writer.cxx:156 (occt_1157_stress_after2:arm64+0x100552ce0)
    #2 STEPControl_Writer::Transfer(TopoDS_Shape const&, STEPControl_StepModelType, bool, Message_ProgressRange const&) STEPControl_Writer.cxx:111 (occt_1157_stress_after2:arm64+0x1005527ac)
    #3 runStepWriteIndependent(int, int) occt_1157_stress.cpp:88 (occt_1157_stress_after2:arm64+0x100000b14)
    #4 void* std::__1::__thread_proxy[abi:nqe210106]<std::__1::tuple<std::__1::unique_ptr<std::__1::__thread_struct, std::__1::default_delete<std::__1::__thread_struct>>, void (*)(int, int), int, int>>(void*) thread.h:168 (occt_1157_stress_after2:arm64+0x1000064c4)

  Previous write of size 4 at 0x0001104034e8 by thread T6:
    #0 STEPControl_ActorWrite::SetGroupMode(int) STEPControl_ActorWrite.cxx:473 (occt_1157_stress_after2:arm64+0x100530a00)
    #1 STEPControl_Writer::Transfer(TopoDS_Shape const&, STEPControl_StepModelType, DESTEP_Parameters const&, bool, Message_ProgressRange const&) STEPControl_Writer.cxx:156 (occt_1157_stress_after2:arm64+0x100552ce0)
    #2 STEPControl_Writer::Transfer(TopoDS_Shape const&, STEPControl_StepModelType, bool, Message_ProgressRange const&) STEPControl_Writer.cxx:111 (occt_1157_stress_after2:arm64+0x1005527ac)
    #3 runStepWriteIndependent(int, int) occt_1157_stress.cpp:88 (occt_1157_stress_after2:arm64+0x100000b14)
    #4 void* std::__1::__thread_proxy[abi:nqe210106]<std::__1::tuple<std::__1::unique_ptr<std::__1::__thread_struct, std::__1::default_delete<std::__1::__thread_struct>>, void (*)(int, int), int, int>>(void*) thread.h:168 (occt_1157_stress_after2:arm64+0x1000064c4)

  Location is heap block of size 440 at 0x000110403480 allocated by main thread:
    #0 calloc <null> (libclang_rt.tsan_osx_dynamic.dylib:arm64e+0x67c40)
    #1 Standard::Allocate(unsigned long) Standard.cxx:386 (occt_1157_stress_after2:arm64+0x1008c3340)
    #2 STEPControl_Controller::STEPControl_Controller() STEPControl_Controller.cxx:345 (occt_1157_stress_after2:arm64+0x100545ca8)
    #3 STEPControl_Controller::Init() STEPControl_Controller.cxx:494 (occt_1157_stress_after2:arm64+0x100548158)
    #4 STEPControl_Writer::STEPControl_Writer() STEPControl_Writer.cxx:38 (occt_1157_stress_after2:arm64+0x100551e3c)
    #5 STEPControl_Writer::STEPControl_Writer() STEPControl_Writer.cxx:37 (occt_1157_stress_after2:arm64+0x1005520b8)
    #6 runStepWriteIndependent(int, int) occt_1157_stress.cpp:85 (occt_1157_stress_after2:arm64+0x100000ad8)
    #7 runOne(char const*, int, int) occt_1157_stress.cpp:349 (occt_1157_stress_after2:arm64+0x10000384c)
    #8 main occt_1157_stress.cpp:396 (occt_1157_stress_after2:arm64+0x100002e08)

  Thread T8 (tid=367793, running) created by main thread at:
    #0 pthread_create <null> (libclang_rt.tsan_osx_dynamic.dylib:arm64e+0x33834)
    #1 std::__1::thread::thread[abi:nqe210106]<void (*&)(int, int), int&, int&, 0>(void (*&)(int, int), int&, int&) thread.h:216 (occt_1157_stress_after2:arm64+0x10000638c)
    #2 runOne(char const*, int, int) occt_1157_stress.cpp:359 (occt_1157_stress_after2:arm64+0x1000039e0)
    #3 main occt_1157_stress.cpp:396 (occt_1157_stress_after2:arm64+0x100002e08)

  Thread T6 (tid=367791, running) created by main thread at:
    #0 pthread_create <null> (libclang_rt.tsan_osx_dynamic.dylib:arm64e+0x33834)
    #1 std::__1::thread::thread[abi:nqe210106]<void (*&)(int, int), int&, int&, 0>(void (*&)(int, int), int&, int&) thread.h:216 (occt_1157_stress_after2:arm64+0x10000638c)
    #2 runOne(char const*, int, int) occt_1157_stress.cpp:359 (occt_1157_stress_after2:arm64+0x1000039e0)
    #3 main occt_1157_stress.cpp:396 (occt_1157_stress_after2:arm64+0x100002e08)

SUMMARY: ThreadSanitizer: data race STEPControl_ActorWrite.cxx:473 in STEPControl_ActorWrite::SetGroupMode(int)
==================
WARNING: ThreadSanitizer: data race (pid=73731)
  Write of size 4 at 0x0001104034e8 by thread T2:
    #0 STEPControl_ActorWrite::SetGroupMode(int) STEPControl_ActorWrite.cxx:473 (occt_1157_stress_after2:arm64+0x100530a00)
    #1 STEPControl_Writer::Transfer(TopoDS_Shape const&, STEPControl_StepModelType, DESTEP_Parameters const&, bool, Message_ProgressRange const&) STEPControl_Writer.cxx:156 (occt_1157_stress_after2:arm64+0x100552ce0)
    #2 STEPControl_Writer::Transfer(TopoDS_Shape const&, STEPControl_StepModelType, bool, Message_ProgressRange const&) STEPControl_Writer.cxx:111 (occt_1157_stress_after2:arm64+0x1005527ac)
    #3 runStepWriteIndependent(int, int) occt_1157_stress.cpp:88 (occt_1157_stress_after2:arm64+0x100000b14)
    #4 void* std::__1::__thread_proxy[abi:nqe210106]<std::__1::tuple<std::__1::unique_ptr<std::__1::__thread_struct, std::__1::default_delete<std::__1::__thread_struct>>, void (*)(int, int), int, int>>(void*) thread.h:168 (occt_1157_stress_after2:arm64+0x1000064c4)

  Previous write of size 4 at 0x0001104034e8 by thread T1 (mutexes: write M0):
    #0 STEPControl_ActorWrite::SetGroupMode(int) STEPControl_ActorWrite.cxx:473 (occt_1157_stress_after2:arm64+0x100530a00)
    #1 STEPControl_Controller::TransferWriteShape(TopoDS_Shape const&, opencascade::handle<Transfer_FinderProcess> const&, opencascade::handle<Interface_InterfaceModel> const&, int, Message_ProgressRange const&) const STEPControl_Controller.cxx:469 (occt_1157_stress_after2:arm64+0x100547ac4)
    #2 XSControl_TransferWriter::TransferWriteShape(opencascade::handle<Interface_InterfaceModel> const&, TopoDS_Shape const&, Message_ProgressRange const&) XSControl_TransferWriter.cxx:179 (occt_1157_stress_after2:arm64+0x1013ead64)
    #3 XSControl_WorkSession::TransferWriteShape(TopoDS_Shape const&, bool, Message_ProgressRange const&) XSControl_WorkSession.cxx:562 (occt_1157_stress_after2:arm64+0x1013f6874)
    #4 STEPControl_Writer::Transfer(TopoDS_Shape const&, STEPControl_StepModelType, DESTEP_Parameters const&, bool, Message_ProgressRange const&) STEPControl_Writer.cxx:159 (occt_1157_stress_after2:arm64+0x100552d48)
    #5 STEPControl_Writer::Transfer(TopoDS_Shape const&, STEPControl_StepModelType, bool, Message_ProgressRange const&) STEPControl_Writer.cxx:111 (occt_1157_stress_after2:arm64+0x1005527ac)
    #6 runStepWriteIndependent(int, int) occt_1157_stress.cpp:88 (occt_1157_stress_after2:arm64+0x100000b14)
    #7 void* std::__1::__thread_proxy[abi:nqe210106]<std::__1::tuple<std::__1::unique_ptr<std::__1::__thread_struct, std::__1::default_delete<std::__1::__thread_struct>>, void (*)(int, int), int, int>>(void*) thread.h:168 (occt_1157_stress_after2:arm64+0x1000064c4)

  Location is heap block of size 440 at 0x000110403480 allocated by main thread:
    #0 calloc <null> (libclang_rt.tsan_osx_dynamic.dylib:arm64e+0x67c40)
    #1 Standard::Allocate(unsigned long) Standard.cxx:386 (occt_1157_stress_after2:arm64+0x1008c3340)
    #2 STEPControl_Controller::STEPControl_Controller() STEPControl_Controller.cxx:345 (occt_1157_stress_after2:arm64+0x100545ca8)
    #3 STEPControl_Controller::Init() STEPControl_Controller.cxx:494 (occt_1157_stress_after2:arm64+0x100548158)
    #4 STEPControl_Writer::STEPControl_Writer() STEPControl_Writer.cxx:38 (occt_1157_stress_after2:arm64+0x100551e3c)
    #5 STEPControl_Writer::STEPControl_Writer() STEPControl_Writer.cxx:37 (occt_1157_stress_after2:arm64+0x1005520b8)
    #6 runStepWriteIndependent(int, int) occt_1157_stress.cpp:85 (occt_1157_stress_after2:arm64+0x100000ad8)
    #7 runOne(char const*, int, int) occt_1157_stress.cpp:349 (occt_1157_stress_after2:arm64+0x10000384c)
    #8 main occt_1157_stress.cpp:396 (occt_1157_stress_after2:arm64+0x100002e08)

  Mutex M0 (0x0001060d1358) created at:
    #0 pthread_mutex_lock <null> (libclang_rt.tsan_osx_dynamic.dylib:arm64e+0x356bc)
    #1 std::__1::mutex::lock() <null> (libc++.1.dylib:arm64e+0x300c)
    #2 STEPControl_Writer::SetWS(opencascade::handle<XSControl_WorkSession> const&, bool) STEPControl_Writer.cxx:56 (occt_1157_stress_after2:arm64+0x100551ff4)
    #3 STEPControl_Writer::STEPControl_Writer() STEPControl_Writer.cxx:39 (occt_1157_stress_after2:arm64+0x100551e7c)
    #4 STEPControl_Writer::STEPControl_Writer() STEPControl_Writer.cxx:37 (occt_1157_stress_after2:arm64+0x1005520b8)
    #5 runStepWriteIndependent(int, int) occt_1157_stress.cpp:85 (occt_1157_stress_after2:arm64+0x100000ad8)
    #6 runOne(char const*, int, int) occt_1157_stress.cpp:349 (occt_1157_stress_after2:arm64+0x10000384c)
    #7 main occt_1157_stress.cpp:396 (occt_1157_stress_after2:arm64+0x100002e08)

  Thread T2 (tid=367787, running) created by main thread at:
    #0 pthread_create <null> (libclang_rt.tsan_osx_dynamic.dylib:arm64e+0x33834)
    #1 std::__1::thread::thread[abi:nqe210106]<void (*&)(int, int), int&, int&, 0>(void (*&)(int, int), int&, int&) thread.h:216 (occt_1157_stress_after2:arm64+0x10000638c)
    #2 std::__1::thread* std::__1::vector<std::__1::thread, std::__1::allocator<std::__1::thread>>::__emplace_back_slow_path<void (*&)(int, int), int&, int&>(void (*&)(int, int), int&, int&) vector.h:1130 (occt_1157_stress_after2:arm64+0x100006148)
    #3 runOne(char const*, int, int) occt_1157_stress.cpp:359 (occt_1157_stress_after2:arm64+0x100003a08)
    #4 main occt_1157_stress.cpp:396 (occt_1157_stress_after2:arm64+0x100002e08)

  Thread T1 (tid=367786, running) created by main thread at:
    #0 pthread_create <null> (libclang_rt.tsan_osx_dynamic.dylib:arm64e+0x33834)
    #1 std::__1::thread::thread[abi:nqe210106]<void (*&)(int, int), int&, int&, 0>(void (*&)(int, int), int&, int&) thread.h:216 (occt_1157_stress_after2:arm64+0x10000638c)
    #2 std::__1::thread* std::__1::vector<std::__1::thread, std::__1::allocator<std::__1::thread>>::__emplace_back_slow_path<void (*&)(int, int), int&, int&>(void (*&)(int, int), int&, int&) vector.h:1130 (occt_1157_stress_after2:arm64+0x100006148)
    #3 runOne(char const*, int, int) occt_1157_stress.cpp:359 (occt_1157_stress_after2:arm64+0x100003a08)
    #4 main occt_1157_stress.cpp:396 (occt_1157_stress_after2:arm64+0x100002e08)

SUMMARY: ThreadSanitizer: data race STEPControl_ActorWrite.cxx:473 in STEPControl_ActorWrite::SetGroupMode(int)
==================
WARNING: ThreadSanitizer: data race (pid=73731)
  Read of size 8 at 0x0001fab5d950 by thread T6 (mutexes: write M0):
    #0 std::__1::ostreambuf_iterator<char, std::__1::char_traits<char>> std::__1::__pad_and_output[abi:nqe210106]<char, std::__1::char_traits<char>>(std::__1::ostreambuf_iterator<char, std::__1::char_traits<char>>, char const*, char const*, char const*, std::__1::ios_base&, char) pad_and_output.h:54 (occt_1157_stress_after2:arm64+0x10000bfe0)
    #1 std::__1::basic_ostream<char, std::__1::char_traits<char>>& std::__1::__put_character_sequence[abi:nqe210106]<char, std::__1::char_traits<char>>(std::__1::basic_ostream<char, std::__1::char_traits<char>>&, char const*, unsigned long) put_character_sequence.h:37 (occt_1157_stress_after2:arm64+0x10000bec0)
    #2 Message_PrinterOStream::send(TCollection_AsciiString const&, Message_Gravity) const Message_PrinterOStream.cxx:155 (occt_1157_stress_after2:arm64+0x1008f3b48)
    #3 Message_Printer::SendStringStream(std::__1::basic_stringstream<char, std::__1::char_traits<char>, std::__1::allocator<char>> const&, Message_Gravity) const Message_Printer.cxx:70 (occt_1157_stress_after2:arm64+0x1008f314c)
    #4 Message_Messenger::Send(std::__1::basic_stringstream<char, std::__1::char_traits<char>, std::__1::allocator<char>> const&, Message_Gravity) const Message_Messenger.cxx:128 (occt_1157_stress_after2:arm64+0x1008eee80)
    #5 Message_Messenger::StreamBuffer::Flush(bool) Message_Messenger.hxx:75 (occt_1157_stress_after2:arm64+0x1000f0ae8)
    #6 Message_Messenger::StreamBuffer::~StreamBuffer() Message_Messenger.hxx:65 (occt_1157_stress_after2:arm64+0x1000f092c)
    #7 XSControl_TransferWriter::PrintStats(int, int) const XSControl_TransferWriter.cxx:62 (occt_1157_stress_after2:arm64+0x1013ea2ac)
    #8 XSControl_TransferWriter::TransferWriteShape(opencascade::handle<Interface_InterfaceModel> const&, TopoDS_Shape const&, Message_ProgressRange const&) XSControl_TransferWriter.cxx:176 (occt_1157_stress_after2:arm64+0x1013eac9c)
    #9 XSControl_WorkSession::TransferWriteShape(TopoDS_Shape const&, bool, Message_ProgressRange const&) XSControl_WorkSession.cxx:562 (occt_1157_stress_after2:arm64+0x1013f6874)
    #10 STEPControl_Writer::Transfer(TopoDS_Shape const&, STEPControl_StepModelType, DESTEP_Parameters const&, bool, Message_ProgressRange const&) STEPControl_Writer.cxx:159 (occt_1157_stress_after2:arm64+0x100552d48)
    #11 STEPControl_Writer::Transfer(TopoDS_Shape const&, STEPControl_StepModelType, bool, Message_ProgressRange const&) STEPControl_Writer.cxx:111 (occt_1157_stress_after2:arm64+0x1005527ac)
    #12 runStepWriteIndependent(int, int) occt_1157_stress.cpp:88 (occt_1157_stress_after2:arm64+0x100000b14)
    #13 void* std::__1::__thread_proxy[abi:nqe210106]<std::__1::tuple<std::__1::unique_ptr<std::__1::__thread_struct, std::__1::default_delete<std::__1::__thread_struct>>, void (*)(int, int), int, int>>(void*) thread.h:168 (occt_1157_stress_after2:arm64+0x1000064c4)

  Previous write of size 8 at 0x0001fab5d950 by thread T1:
    #0 std::__1::ostreambuf_iterator<char, std::__1::char_traits<char>> std::__1::__pad_and_output[abi:nqe210106]<char, std::__1::char_traits<char>>(std::__1::ostreambuf_iterator<char, std::__1::char_traits<char>>, char const*, char const*, char const*, std::__1::ios_base&, char) pad_and_output.h:80 (occt_1157_stress_after2:arm64+0x10000c178)
    #1 std::__1::basic_ostream<char, std::__1::char_traits<char>>& std::__1::__put_character_sequence[abi:nqe210106]<char, std::__1::char_traits<char>>(std::__1::basic_ostream<char, std::__1::char_traits<char>>&, char const*, unsigned long) put_character_sequence.h:37 (occt_1157_stress_after2:arm64+0x10000bec0)
    #2 Message_PrinterOStream::send(TCollection_AsciiString const&, Message_Gravity) const Message_PrinterOStream.cxx:163 (occt_1157_stress_after2:arm64+0x1008f3b98)
    #3 Message_Printer::SendStringStream(std::__1::basic_stringstream<char, std::__1::char_traits<char>, std::__1::allocator<char>> const&, Message_Gravity) const Message_Printer.cxx:70 (occt_1157_stress_after2:arm64+0x1008f314c)
    #4 Message_Messenger::Send(std::__1::basic_stringstream<char, std::__1::char_traits<char>, std::__1::allocator<char>> const&, Message_Gravity) const Message_Messenger.cxx:128 (occt_1157_stress_after2:arm64+0x1008eee80)
    #5 Message_Messenger::StreamBuffer::Flush(bool) Message_Messenger.hxx:75 (occt_1157_stress_after2:arm64+0x1000f0ae8)
    #6 Message_Messenger::StreamBuffer::~StreamBuffer() Message_Messenger.hxx:65 (occt_1157_stress_after2:arm64+0x1000f092c)
    #7 IFSelect_ModelCopier::SendAll(char const*, Interface_Graph const&, opencascade::handle<IFSelect_WorkLibrary> const&, opencascade::handle<Interface_Protocol> const&) IFSelect_ModelCopier.cxx:313 (occt_1157_stress_after2:arm64+0x10138642c)
    #8 IFSelect_WorkSession::SendAll(char const*, bool) IFSelect_WorkSession.cxx:2602 (occt_1157_stress_after2:arm64+0x1013c049c)
    #9 STEPControl_Writer::Write(char const*) STEPControl_Writer.cxx:173 (occt_1157_stress_after2:arm64+0x100553190)
    #10 runStepWriteIndependent(int, int) occt_1157_stress.cpp:97 (occt_1157_stress_after2:arm64+0x100000fa8)
    #11 void* std::__1::__thread_proxy[abi:nqe210106]<std::__1::tuple<std::__1::unique_ptr<std::__1::__thread_struct, std::__1::default_delete<std::__1::__thread_struct>>, void (*)(int, int), int, int>>(void*) thread.h:168 (occt_1157_stress_after2:arm64+0x1000064c4)

  Location is global 'std::__1::cout' at 0x0001fab5d930 (libc++.1.dylib+0x6cb3a950)

  Mutex M0 (0x0001060d1358) created at:
    #0 pthread_mutex_lock <null> (libclang_rt.tsan_osx_dynamic.dylib:arm64e+0x356bc)
    #1 std::__1::mutex::lock() <null> (libc++.1.dylib:arm64e+0x300c)
    #2 STEPControl_Writer::SetWS(opencascade::handle<XSControl_WorkSession> const&, bool) STEPControl_Writer.cxx:56 (occt_1157_stress_after2:arm64+0x100551ff4)
    #3 STEPControl_Writer::STEPControl_Writer() STEPControl_Writer.cxx:39 (occt_1157_stress_after2:arm64+0x100551e7c)
    #4 STEPControl_Writer::STEPControl_Writer() STEPControl_Writer.cxx:37 (occt_1157_stress_after2:arm64+0x1005520b8)
    #5 runStepWriteIndependent(int, int) occt_1157_stress.cpp:85 (occt_1157_stress_after2:arm64+0x100000ad8)
    #6 runOne(char const*, int, int) occt_1157_stress.cpp:349 (occt_1157_stress_after2:arm64+0x10000384c)
    #7 main occt_1157_stress.cpp:396 (occt_1157_stress_after2:arm64+0x100002e08)

  Thread T6 (tid=367791, running) created by main thread at:
    #0 pthread_create <null> (libclang_rt.tsan_osx_dynamic.dylib:arm64e+0x33834)
    #1 std::__1::thread::thread[abi:nqe210106]<void (*&)(int, int), int&, int&, 0>(void (*&)(int, int), int&, int&) thread.h:216 (occt_1157_stress_after2:arm64+0x10000638c)
    #2 runOne(char const*, int, int) occt_1157_stress.cpp:359 (occt_1157_stress_after2:arm64+0x1000039e0)
    #3 main occt_1157_stress.cpp:396 (occt_1157_stress_after2:arm64+0x100002e08)

  Thread T1 (tid=367786, running) created by main thread at:
    #0 pthread_create <null> (libclang_rt.tsan_osx_dynamic.dylib:arm64e+0x33834)
    #1 std::__1::thread::thread[abi:nqe210106]<void (*&)(int, int), int&, int&, 0>(void (*&)(int, int), int&, int&) thread.h:216 (occt_1157_stress_after2:arm64+0x10000638c)
    #2 std::__1::thread* std::__1::vector<std::__1::thread, std::__1::allocator<std::__1::thread>>::__emplace_back_slow_path<void (*&)(int, int), int&, int&>(void (*&)(int, int), int&, int&) vector.h:1130 (occt_1157_stress_after2:arm64+0x100006148)
    #3 runOne(char const*, int, int) occt_1157_stress.cpp:359 (occt_1157_stress_after2:arm64+0x100003a08)
    #4 main occt_1157_stress.cpp:396 (occt_1157_stress_after2:arm64+0x100002e08)

SUMMARY: ThreadSanitizer: data race pad_and_output.h:54 in std::__1::ostreambuf_iterator<char, std::__1::char_traits<char>> std::__1::__pad_and_output[abi:nqe210106]<char, std::__1::char_traits<char>>(std::__1::ostreambuf_iterator<char, std::__1::char_traits<char>>, char const*, char const*, char const*, std::__1::ios_base&, char)
==================
WARNING: ThreadSanitizer: data race (pid=73731)
  Write of size 8 at 0x0001fab5d950 by thread T6 (mutexes: write M0):
    #0 std::__1::ostreambuf_iterator<char, std::__1::char_traits<char>> std::__1::__pad_and_output[abi:nqe210106]<char, std::__1::char_traits<char>>(std::__1::ostreambuf_iterator<char, std::__1::char_traits<char>>, char const*, char const*, char const*, std::__1::ios_base&, char) pad_and_output.h:80 (occt_1157_stress_after2:arm64+0x10000c178)
    #1 std::__1::basic_ostream<char, std::__1::char_traits<char>>& std::__1::__put_character_sequence[abi:nqe210106]<char, std::__1::char_traits<char>>(std::__1::basic_ostream<char, std::__1::char_traits<char>>&, char const*, unsigned long) put_character_sequence.h:37 (occt_1157_stress_after2:arm64+0x10000bec0)
    #2 Message_PrinterOStream::send(TCollection_AsciiString const&, Message_Gravity) const Message_PrinterOStream.cxx:155 (occt_1157_stress_after2:arm64+0x1008f3b48)
    #3 Message_Printer::SendStringStream(std::__1::basic_stringstream<char, std::__1::char_traits<char>, std::__1::allocator<char>> const&, Message_Gravity) const Message_Printer.cxx:70 (occt_1157_stress_after2:arm64+0x1008f314c)
    #4 Message_Messenger::Send(std::__1::basic_stringstream<char, std::__1::char_traits<char>, std::__1::allocator<char>> const&, Message_Gravity) const Message_Messenger.cxx:128 (occt_1157_stress_after2:arm64+0x1008eee80)
    #5 Message_Messenger::StreamBuffer::Flush(bool) Message_Messenger.hxx:75 (occt_1157_stress_after2:arm64+0x1000f0ae8)
    #6 Message_Messenger::StreamBuffer::~StreamBuffer() Message_Messenger.hxx:65 (occt_1157_stress_after2:arm64+0x1000f092c)
    #7 XSControl_TransferWriter::PrintStats(int, int) const XSControl_TransferWriter.cxx:62 (occt_1157_stress_after2:arm64+0x1013ea2ac)
    #8 XSControl_TransferWriter::TransferWriteShape(opencascade::handle<Interface_InterfaceModel> const&, TopoDS_Shape const&, Message_ProgressRange const&) XSControl_TransferWriter.cxx:176 (occt_1157_stress_after2:arm64+0x1013eac9c)
    #9 XSControl_WorkSession::TransferWriteShape(TopoDS_Shape const&, bool, Message_ProgressRange const&) XSControl_WorkSession.cxx:562 (occt_1157_stress_after2:arm64+0x1013f6874)
    #10 STEPControl_Writer::Transfer(TopoDS_Shape const&, STEPControl_StepModelType, DESTEP_Parameters const&, bool, Message_ProgressRange const&) STEPControl_Writer.cxx:159 (occt_1157_stress_after2:arm64+0x100552d48)
    #11 STEPControl_Writer::Transfer(TopoDS_Shape const&, STEPControl_StepModelType, bool, Message_ProgressRange const&) STEPControl_Writer.cxx:111 (occt_1157_stress_after2:arm64+0x1005527ac)
    #12 runStepWriteIndependent(int, int) occt_1157_stress.cpp:88 (occt_1157_stress_after2:arm64+0x100000b14)
    #13 void* std::__1::__thread_proxy[abi:nqe210106]<std::__1::tuple<std::__1::unique_ptr<std::__1::__thread_struct, std::__1::default_delete<std::__1::__thread_struct>>, void (*)(int, int), int, int>>(void*) thread.h:168 (occt_1157_stress_after2:arm64+0x1000064c4)

  Previous write of size 8 at 0x0001fab5d950 by thread T1:
    #0 std::__1::ostreambuf_iterator<char, std::__1::char_traits<char>> std::__1::__pad_and_output[abi:nqe210106]<char, std::__1::char_traits<char>>(std::__1::ostreambuf_iterator<char, std::__1::char_traits<char>>, char const*, char const*, char const*, std::__1::ios_base&, char) pad_and_output.h:80 (occt_1157_stress_after2:arm64+0x10000c178)
    #1 std::__1::basic_ostream<char, std::__1::char_traits<char>>& std::__1::__put_character_sequence[abi:nqe210106]<char, std::__1::char_traits<char>>(std::__1::basic_ostream<char, std::__1::char_traits<char>>&, char const*, unsigned long) put_character_sequence.h:37 (occt_1157_stress_after2:arm64+0x10000bec0)
    #2 Message_PrinterOStream::send(TCollection_AsciiString const&, Message_Gravity) const Message_PrinterOStream.cxx:163 (occt_1157_stress_after2:arm64+0x1008f3b98)
    #3 Message_Printer::SendStringStream(std::__1::basic_stringstream<char, std::__1::char_traits<char>, std::__1::allocator<char>> const&, Message_Gravity) const Message_Printer.cxx:70 (occt_1157_stress_after2:arm64+0x1008f314c)
    #4 Message_Messenger::Send(std::__1::basic_stringstream<char, std::__1::char_traits<char>, std::__1::allocator<char>> const&, Message_Gravity) const Message_Messenger.cxx:128 (occt_1157_stress_after2:arm64+0x1008eee80)
    #5 Message_Messenger::StreamBuffer::Flush(bool) Message_Messenger.hxx:75 (occt_1157_stress_after2:arm64+0x1000f0ae8)
    #6 Message_Messenger::StreamBuffer::~StreamBuffer() Message_Messenger.hxx:65 (occt_1157_stress_after2:arm64+0x1000f092c)
    #7 StepSelect_WorkLibrary::WriteFile(IFSelect_ContextWrite&) const StepSelect_WorkLibrary.cxx:150 (occt_1157_stress_after2:arm64+0x10082ccf0)
    #8 IFSelect_ModelCopier::SendAll(char const*, Interface_Graph const&, opencascade::handle<IFSelect_WorkLibrary> const&, opencascade::handle<Interface_Protocol> const&) IFSelect_ModelCopier.cxx:343 (occt_1157_stress_after2:arm64+0x10138659c)
    #9 IFSelect_WorkSession::SendAll(char const*, bool) IFSelect_WorkSession.cxx:2602 (occt_1157_stress_after2:arm64+0x1013c049c)
    #10 STEPControl_Writer::Write(char const*) STEPControl_Writer.cxx:173 (occt_1157_stress_after2:arm64+0x100553190)
    #11 runStepWriteIndependent(int, int) occt_1157_stress.cpp:97 (occt_1157_stress_after2:arm64+0x100000fa8)
    #12 void* std::__1::__thread_proxy[abi:nqe210106]<std::__1::tuple<std::__1::unique_ptr<std::__1::__thread_struct, std::__1::default_delete<std::__1::__thread_struct>>, void (*)(int, int), int, int>>(void*) thread.h:168 (occt_1157_stress_after2:arm64+0x1000064c4)

  Location is global 'std::__1::cout' at 0x0001fab5d930 (libc++.1.dylib+0x6cb3a950)

  Mutex M0 (0x0001060d1358) created at:
    #0 pthread_mutex_lock <null> (libclang_rt.tsan_osx_dynamic.dylib:arm64e+0x356bc)
    #1 std::__1::mutex::lock() <null> (libc++.1.dylib:arm64e+0x300c)
    #2 STEPControl_Writer::SetWS(opencascade::handle<XSControl_WorkSession> const&, bool) STEPControl_Writer.cxx:56 (occt_1157_stress_after2:arm64+0x100551ff4)
    #3 STEPControl_Writer::STEPControl_Writer() STEPControl_Writer.cxx:39 (occt_1157_stress_after2:arm64+0x100551e7c)
    #4 STEPControl_Writer::STEPControl_Writer() STEPControl_Writer.cxx:37 (occt_1157_stress_after2:arm64+0x1005520b8)
    #5 runStepWriteIndependent(int, int) occt_1157_stress.cpp:85 (occt_1157_stress_after2:arm64+0x100000ad8)
    #6 runOne(char const*, int, int) occt_1157_stress.cpp:349 (occt_1157_stress_after2:arm64+0x10000384c)
    #7 main occt_1157_stress.cpp:396 (occt_1157_stress_after2:arm64+0x100002e08)

  Thread T6 (tid=367791, running) created by main thread at:
    #0 pthread_create <null> (libclang_rt.tsan_osx_dynamic.dylib:arm64e+0x33834)
    #1 std::__1::thread::thread[abi:nqe210106]<void (*&)(int, int), int&, int&, 0>(void (*&)(int, int), int&, int&) thread.h:216 (occt_1157_stress_after2:arm64+0x10000638c)
    #2 runOne(char const*, int, int) occt_1157_stress.cpp:359 (occt_1157_stress_after2:arm64+0x1000039e0)
    #3 main occt_1157_stress.cpp:396 (occt_1157_stress_after2:arm64+0x100002e08)

  Thread T1 (tid=367786, running) created by main thread at:
    #0 pthread_create <null> (libclang_rt.tsan_osx_dynamic.dylib:arm64e+0x33834)
    #1 std::__1::thread::thread[abi:nqe210106]<void (*&)(int, int), int&, int&, 0>(void (*&)(int, int), int&, int&) thread.h:216 (occt_1157_stress_after2:arm64+0x10000638c)
    #2 std::__1::thread* std::__1::vector<std::__1::thread, std::__1::allocator<std::__1::thread>>::__emplace_back_slow_path<void (*&)(int, int), int&, int&>(void (*&)(int, int), int&, int&) vector.h:1130 (occt_1157_stress_after2:arm64+0x100006148)
    #3 runOne(char const*, int, int) occt_1157_stress.cpp:359 (occt_1157_stress_after2:arm64+0x100003a08)
    #4 main occt_1157_stress.cpp:396 (occt_1157_stress_after2:arm64+0x100002e08)

SUMMARY: ThreadSanitizer: data race pad_and_output.h:80 in std::__1::ostreambuf_iterator<char, std::__1::char_traits<char>> std::__1::__pad_and_output[abi:nqe210106]<char, std::__1::char_traits<char>>(std::__1::ostreambuf_iterator<char, std::__1::char_traits<char>>, char const*, char const*, char const*, std::__1::ios_base&, char)
==================
WARNING: ThreadSanitizer: data race (pid=73731)
  Write of size 1 at 0x0001060dbcf8 by thread T6:
    #0 IFSelect_WorkSession::SendAll(char const*, bool) IFSelect_WorkSession.cxx:2597 (occt_1157_stress_after2:arm64+0x1013c0438)
    #1 STEPControl_Writer::Write(char const*) STEPControl_Writer.cxx:173 (occt_1157_stress_after2:arm64+0x100553190)
    #2 runStepWriteIndependent(int, int) occt_1157_stress.cpp:97 (occt_1157_stress_after2:arm64+0x100000fa8)
    #3 void* std::__1::__thread_proxy[abi:nqe210106]<std::__1::tuple<std::__1::unique_ptr<std::__1::__thread_struct, std::__1::default_delete<std::__1::__thread_struct>>, void (*)(int, int), int, int>>(void*) thread.h:168 (occt_1157_stress_after2:arm64+0x1000064c4)

  Previous write of size 1 at 0x0001060dbcf8 by thread T1:
    #0 IFSelect_WorkSession::IFSelect_WorkSession() IFSelect_WorkSession.cxx:86 (occt_1157_stress_after2:arm64+0x1013b0830)
    #1 XSControl_WorkSession::XSControl_WorkSession() XSControl_WorkSession.cxx:50 (occt_1157_stress_after2:arm64+0x1013f3ac0)
    #2 XSControl_WorkSession::XSControl_WorkSession() XSControl_WorkSession.cxx:54 (occt_1157_stress_after2:arm64+0x1013f3e0c)
    #3 STEPControl_Writer::STEPControl_Writer() STEPControl_Writer.cxx:39 (occt_1157_stress_after2:arm64+0x100551e4c)
    #4 STEPControl_Writer::STEPControl_Writer() STEPControl_Writer.cxx:37 (occt_1157_stress_after2:arm64+0x1005520b8)
    #5 runStepWriteIndependent(int, int) occt_1157_stress.cpp:85 (occt_1157_stress_after2:arm64+0x100000ad8)
    #6 void* std::__1::__thread_proxy[abi:nqe210106]<std::__1::tuple<std::__1::unique_ptr<std::__1::__thread_struct, std::__1::default_delete<std::__1::__thread_struct>>, void (*)(int, int), int, int>>(void*) thread.h:168 (occt_1157_stress_after2:arm64+0x1000064c4)

  Location is global 'errhand' at 0x0001060dbcf8 (occt_1157_stress_after2+0x101cb3cf8)

  Thread T6 (tid=367791, running) created by main thread at:
    #0 pthread_create <null> (libclang_rt.tsan_osx_dynamic.dylib:arm64e+0x33834)
    #1 std::__1::thread::thread[abi:nqe210106]<void (*&)(int, int), int&, int&, 0>(void (*&)(int, int), int&, int&) thread.h:216 (occt_1157_stress_after2:arm64+0x10000638c)
    #2 runOne(char const*, int, int) occt_1157_stress.cpp:359 (occt_1157_stress_after2:arm64+0x1000039e0)
    #3 main occt_1157_stress.cpp:396 (occt_1157_stress_after2:arm64+0x100002e08)

  Thread T1 (tid=367786, running) created by main thread at:
    #0 pthread_create <null> (libclang_rt.tsan_osx_dynamic.dylib:arm64e+0x33834)
    #1 std::__1::thread::thread[abi:nqe210106]<void (*&)(int, int), int&, int&, 0>(void (*&)(int, int), int&, int&) thread.h:216 (occt_1157_stress_after2:arm64+0x10000638c)
    #2 std::__1::thread* std::__1::vector<std::__1::thread, std::__1::allocator<std::__1::thread>>::__emplace_back_slow_path<void (*&)(int, int), int&, int&>(void (*&)(int, int), int&, int&) vector.h:1130 (occt_1157_stress_after2:arm64+0x100006148)
    #3 runOne(char const*, int, int) occt_1157_stress.cpp:359 (occt_1157_stress_after2:arm64+0x100003a08)
    #4 main occt_1157_stress.cpp:396 (occt_1157_stress_after2:arm64+0x100002e08)

SUMMARY: ThreadSanitizer: data race IFSelect_WorkSession.cxx:2597 in IFSelect_WorkSession::SendAll(char const*, bool)
==================
WARNING: ThreadSanitizer: data race (pid=73731)
  Write of size 8 at 0x0001fab5d950 by thread T6:
    #0 std::__1::ostreambuf_iterator<char, std::__1::char_traits<char>> std::__1::__pad_and_output[abi:nqe210106]<char, std::__1::char_traits<char>>(std::__1::ostreambuf_iterator<char, std::__1::char_traits<char>>, char const*, char const*, char const*, std::__1::ios_base&, char) pad_and_output.h:80 (occt_1157_stress_after2:arm64+0x10000c178)
    #1 std::__1::basic_ostream<char, std::__1::char_traits<char>>& std::__1::__put_character_sequence[abi:nqe210106]<char, std::__1::char_traits<char>>(std::__1::basic_ostream<char, std::__1::char_traits<char>>&, char const*, unsigned long) put_character_sequence.h:37 (occt_1157_stress_after2:arm64+0x10000bec0)
    #2 Message_PrinterOStream::send(TCollection_AsciiString const&, Message_Gravity) const Message_PrinterOStream.cxx:155 (occt_1157_stress_after2:arm64+0x1008f3b48)
    #3 Message_Printer::SendStringStream(std::__1::basic_stringstream<char, std::__1::char_traits<char>, std::__1::allocator<char>> const&, Message_Gravity) const Message_Printer.cxx:70 (occt_1157_stress_after2:arm64+0x1008f314c)
    #4 Message_Messenger::Send(std::__1::basic_stringstream<char, std::__1::char_traits<char>, std::__1::allocator<char>> const&, Message_Gravity) const Message_Messenger.cxx:128 (occt_1157_stress_after2:arm64+0x1008eee80)
    #5 Message_Messenger::StreamBuffer::Flush(bool) Message_Messenger.hxx:75 (occt_1157_stress_after2:arm64+0x1000f0ae8)
    #6 Message_Messenger::StreamBuffer::~StreamBuffer() Message_Messenger.hxx:65 (occt_1157_stress_after2:arm64+0x1000f092c)
    #7 IFSelect_ModelCopier::SendAll(char const*, Interface_Graph const&, opencascade::handle<IFSelect_WorkLibrary> const&, opencascade::handle<Interface_Protocol> const&) IFSelect_ModelCopier.cxx:313 (occt_1157_stress_after2:arm64+0x10138642c)
    #8 IFSelect_WorkSession::SendAll(char const*, bool) IFSelect_WorkSession.cxx:2602 (occt_1157_stress_after2:arm64+0x1013c049c)
    #9 STEPControl_Writer::Write(char const*) STEPControl_Writer.cxx:173 (occt_1157_stress_after2:arm64+0x100553190)
    #10 runStepWriteIndependent(int, int) occt_1157_stress.cpp:97 (occt_1157_stress_after2:arm64+0x100000fa8)
    #11 void* std::__1::__thread_proxy[abi:nqe210106]<std::__1::tuple<std::__1::unique_ptr<std::__1::__thread_struct, std::__1::default_delete<std::__1::__thread_struct>>, void (*)(int, int), int, int>>(void*) thread.h:168 (occt_1157_stress_after2:arm64+0x1000064c4)

  Previous write of size 8 at 0x0001fab5d950 by thread T5 (mutexes: write M0):
    #0 std::__1::ostreambuf_iterator<char, std::__1::char_traits<char>> std::__1::__pad_and_output[abi:nqe210106]<char, std::__1::char_traits<char>>(std::__1::ostreambuf_iterator<char, std::__1::char_traits<char>>, char const*, char const*, char const*, std::__1::ios_base&, char) pad_and_output.h:80 (occt_1157_stress_after2:arm64+0x10000c178)
    #1 std::__1::basic_ostream<char, std::__1::char_traits<char>>& std::__1::__put_character_sequence[abi:nqe210106]<char, std::__1::char_traits<char>>(std::__1::basic_ostream<char, std::__1::char_traits<char>>&, char const*, unsigned long) put_character_sequence.h:37 (occt_1157_stress_after2:arm64+0x10000bec0)
    #2 Message_PrinterOStream::send(TCollection_AsciiString const&, Message_Gravity) const Message_PrinterOStream.cxx:163 (occt_1157_stress_after2:arm64+0x1008f3b98)
    #3 Message_Printer::SendStringStream(std::__1::basic_stringstream<char, std::__1::char_traits<char>, std::__1::allocator<char>> const&, Message_Gravity) const Message_Printer.cxx:70 (occt_1157_stress_after2:arm64+0x1008f314c)
    #4 Message_Messenger::Send(std::__1::basic_stringstream<char, std::__1::char_traits<char>, std::__1::allocator<char>> const&, Message_Gravity) const Message_Messenger.cxx:128 (occt_1157_stress_after2:arm64+0x1008eee80)
    #5 Message_Messenger::StreamBuffer::Flush(bool) Message_Messenger.hxx:75 (occt_1157_stress_after2:arm64+0x1000f0ae8)
    #6 Message_Messenger::StreamBuffer::~StreamBuffer() Message_Messenger.hxx:65 (occt_1157_stress_after2:arm64+0x1000f092c)
    #7 XSControl_TransferWriter::TransferWriteShape(opencascade::handle<Interface_InterfaceModel> const&, TopoDS_Shape const&, Message_ProgressRange const&) XSControl_TransferWriter.cxx:193 (occt_1157_stress_after2:arm64+0x1013eadac)
    #8 XSControl_WorkSession::TransferWriteShape(TopoDS_Shape const&, bool, Message_ProgressRange const&) XSControl_WorkSession.cxx:562 (occt_1157_stress_after2:arm64+0x1013f6874)
    #9 STEPControl_Writer::Transfer(TopoDS_Shape const&, STEPControl_StepModelType, DESTEP_Parameters const&, bool, Message_ProgressRange const&) STEPControl_Writer.cxx:159 (occt_1157_stress_after2:arm64+0x100552d48)
    #10 STEPControl_Writer::Transfer(TopoDS_Shape const&, STEPControl_StepModelType, bool, Message_ProgressRange const&) STEPControl_Writer.cxx:111 (occt_1157_stress_after2:arm64+0x1005527ac)
    #11 runStepWriteIndependent(int, int) occt_1157_stress.cpp:88 (occt_1157_stress_after2:arm64+0x100000b14)
    #12 void* std::__1::__thread_proxy[abi:nqe210106]<std::__1::tuple<std::__1::unique_ptr<std::__1::__thread_struct, std::__1::default_delete<std::__1::__thread_struct>>, void (*)(int, int), int, int>>(void*) thread.h:168 (occt_1157_stress_after2:arm64+0x1000064c4)

  Location is global 'std::__1::cout' at 0x0001fab5d930 (libc++.1.dylib+0x6cb3a950)

  Mutex M0 (0x0001060d1358) created at:
    #0 pthread_mutex_lock <null> (libclang_rt.tsan_osx_dynamic.dylib:arm64e+0x356bc)
    #1 std::__1::mutex::lock() <null> (libc++.1.dylib:arm64e+0x300c)
    #2 STEPControl_Writer::SetWS(opencascade::handle<XSControl_WorkSession> const&, bool) STEPControl_Writer.cxx:56 (occt_1157_stress_after2:arm64+0x100551ff4)
    #3 STEPControl_Writer::STEPControl_Writer() STEPControl_Writer.cxx:39 (occt_1157_stress_after2:arm64+0x100551e7c)
    #4 STEPControl_Writer::STEPControl_Writer() STEPControl_Writer.cxx:37 (occt_1157_stress_after2:arm64+0x1005520b8)
    #5 runStepWriteIndependent(int, int) occt_1157_stress.cpp:85 (occt_1157_stress_after2:arm64+0x100000ad8)
    #6 runOne(char const*, int, int) occt_1157_stress.cpp:349 (occt_1157_stress_after2:arm64+0x10000384c)
    #7 main occt_1157_stress.cpp:396 (occt_1157_stress_after2:arm64+0x100002e08)

  Thread T6 (tid=367791, running) created by main thread at:
    #0 pthread_create <null> (libclang_rt.tsan_osx_dynamic.dylib:arm64e+0x33834)
    #1 std::__1::thread::thread[abi:nqe210106]<void (*&)(int, int), int&, int&, 0>(void (*&)(int, int), int&, int&) thread.h:216 (occt_1157_stress_after2:arm64+0x10000638c)
    #2 runOne(char const*, int, int) occt_1157_stress.cpp:359 (occt_1157_stress_after2:arm64+0x1000039e0)
    #3 main occt_1157_stress.cpp:396 (occt_1157_stress_after2:arm64+0x100002e08)

  Thread T5 (tid=367790, running) created by main thread at:
    #0 pthread_create <null> (libclang_rt.tsan_osx_dynamic.dylib:arm64e+0x33834)
    #1 std::__1::thread::thread[abi:nqe210106]<void (*&)(int, int), int&, int&, 0>(void (*&)(int, int), int&, int&) thread.h:216 (occt_1157_stress_after2:arm64+0x10000638c)
    #2 std::__1::thread* std::__1::vector<std::__1::thread, std::__1::allocator<std::__1::thread>>::__emplace_back_slow_path<void (*&)(int, int), int&, int&>(void (*&)(int, int), int&, int&) vector.h:1130 (occt_1157_stress_after2:arm64+0x100006148)
    #3 runOne(char const*, int, int) occt_1157_stress.cpp:359 (occt_1157_stress_after2:arm64+0x100003a08)
    #4 main occt_1157_stress.cpp:396 (occt_1157_stress_after2:arm64+0x100002e08)

SUMMARY: ThreadSanitizer: data race pad_and_output.h:80 in std::__1::ostreambuf_iterator<char, std::__1::char_traits<char>> std::__1::__pad_and_output[abi:nqe210106]<char, std::__1::char_traits<char>>(std::__1::ostreambuf_iterator<char, std::__1::char_traits<char>>, char const*, char const*, char const*, std::__1::ios_base&, char)
==================
WARNING: ThreadSanitizer: data race (pid=73731)
  Write of size 8 at 0x0001fab5d950 by thread T5:
    #0 std::__1::ostreambuf_iterator<char, std::__1::char_traits<char>> std::__1::__pad_and_output[abi:nqe210106]<char, std::__1::char_traits<char>>(std::__1::ostreambuf_iterator<char, std::__1::char_traits<char>>, char const*, char const*, char const*, std::__1::ios_base&, char) pad_and_output.h:80 (occt_1157_stress_after2:arm64+0x10000c178)
    #1 std::__1::basic_ostream<char, std::__1::char_traits<char>>& std::__1::__put_character_sequence[abi:nqe210106]<char, std::__1::char_traits<char>>(std::__1::basic_ostream<char, std::__1::char_traits<char>>&, char const*, unsigned long) put_character_sequence.h:37 (occt_1157_stress_after2:arm64+0x10000bec0)
    #2 Message_PrinterOStream::send(TCollection_AsciiString const&, Message_Gravity) const Message_PrinterOStream.cxx:155 (occt_1157_stress_after2:arm64+0x1008f3b48)
    #3 Message_Printer::SendStringStream(std::__1::basic_stringstream<char, std::__1::char_traits<char>, std::__1::allocator<char>> const&, Message_Gravity) const Message_Printer.cxx:70 (occt_1157_stress_after2:arm64+0x1008f314c)
    #4 Message_Messenger::Send(std::__1::basic_stringstream<char, std::__1::char_traits<char>, std::__1::allocator<char>> const&, Message_Gravity) const Message_Messenger.cxx:128 (occt_1157_stress_after2:arm64+0x1008eee80)
    #5 Message_Messenger::StreamBuffer::Flush(bool) Message_Messenger.hxx:75 (occt_1157_stress_after2:arm64+0x1000f0ae8)
    #6 Message_Messenger::StreamBuffer::~StreamBuffer() Message_Messenger.hxx:65 (occt_1157_stress_after2:arm64+0x1000f092c)
    #7 IFSelect_ModelCopier::SendAll(char const*, Interface_Graph const&, opencascade::handle<IFSelect_WorkLibrary> const&, opencascade::handle<Interface_Protocol> const&) IFSelect_ModelCopier.cxx:313 (occt_1157_stress_after2:arm64+0x10138642c)
    #8 IFSelect_WorkSession::SendAll(char const*, bool) IFSelect_WorkSession.cxx:2618 (occt_1157_stress_after2:arm64+0x1013c0590)
    #9 STEPControl_Writer::Write(char const*) STEPControl_Writer.cxx:173 (occt_1157_stress_after2:arm64+0x100553190)
    #10 runStepWriteIndependent(int, int) occt_1157_stress.cpp:97 (occt_1157_stress_after2:arm64+0x100000fa8)
    #11 void* std::__1::__thread_proxy[abi:nqe210106]<std::__1::tuple<std::__1::unique_ptr<std::__1::__thread_struct, std::__1::default_delete<std::__1::__thread_struct>>, void (*)(int, int), int, int>>(void*) thread.h:168 (occt_1157_stress_after2:arm64+0x1000064c4)

  Previous write of size 8 at 0x0001fab5d950 by thread T7 (mutexes: write M0):
    #0 std::__1::ostreambuf_iterator<char, std::__1::char_traits<char>> std::__1::__pad_and_output[abi:nqe210106]<char, std::__1::char_traits<char>>(std::__1::ostreambuf_iterator<char, std::__1::char_traits<char>>, char const*, char const*, char const*, std::__1::ios_base&, char) pad_and_output.h:80 (occt_1157_stress_after2:arm64+0x10000c178)
    #1 std::__1::basic_ostream<char, std::__1::char_traits<char>>& std::__1::__put_character_sequence[abi:nqe210106]<char, std::__1::char_traits<char>>(std::__1::basic_ostream<char, std::__1::char_traits<char>>&, char const*, unsigned long) put_character_sequence.h:37 (occt_1157_stress_after2:arm64+0x10000bec0)
    #2 Message_PrinterOStream::send(TCollection_AsciiString const&, Message_Gravity) const Message_PrinterOStream.cxx:163 (occt_1157_stress_after2:arm64+0x1008f3b98)
    #3 Message_Printer::SendStringStream(std::__1::basic_stringstream<char, std::__1::char_traits<char>, std::__1::allocator<char>> const&, Message_Gravity) const Message_Printer.cxx:70 (occt_1157_stress_after2:arm64+0x1008f314c)
    #4 Message_Messenger::Send(std::__1::basic_stringstream<char, std::__1::char_traits<char>, std::__1::allocator<char>> const&, Message_Gravity) const Message_Messenger.cxx:128 (occt_1157_stress_after2:arm64+0x1008eee80)
    #5 Message_Messenger::StreamBuffer::Flush(bool) Message_Messenger.hxx:75 (occt_1157_stress_after2:arm64+0x1000f0ae8)
    #6 Message_Messenger::StreamBuffer::~StreamBuffer() Message_Messenger.hxx:65 (occt_1157_stress_after2:arm64+0x1000f092c)
    #7 XSControl_TransferWriter::PrintStats(int, int) const XSControl_TransferWriter.cxx:62 (occt_1157_stress_after2:arm64+0x1013ea2ac)
    #8 XSControl_TransferWriter::TransferWriteShape(opencascade::handle<Interface_InterfaceModel> const&, TopoDS_Shape const&, Message_ProgressRange const&) XSControl_TransferWriter.cxx:176 (occt_1157_stress_after2:arm64+0x1013eac9c)
    #9 XSControl_WorkSession::TransferWriteShape(TopoDS_Shape const&, bool, Message_ProgressRange const&) XSControl_WorkSession.cxx:562 (occt_1157_stress_after2:arm64+0x1013f6874)
    #10 STEPControl_Writer::Transfer(TopoDS_Shape const&, STEPControl_StepModelType, DESTEP_Parameters const&, bool, Message_ProgressRange const&) STEPControl_Writer.cxx:159 (occt_1157_stress_after2:arm64+0x100552d48)
    #11 STEPControl_Writer::Transfer(TopoDS_Shape const&, STEPControl_StepModelType, bool, Message_ProgressRange const&) STEPControl_Writer.cxx:111 (occt_1157_stress_after2:arm64+0x1005527ac)
    #12 runStepWriteIndependent(int, int) occt_1157_stress.cpp:88 (occt_1157_stress_after2:arm64+0x100000b14)
    #13 void* std::__1::__thread_proxy[abi:nqe210106]<std::__1::tuple<std::__1::unique_ptr<std::__1::__thread_struct, std::__1::default_delete<std::__1::__thread_struct>>, void (*)(int, int), int, int>>(void*) thread.h:168 (occt_1157_stress_after2:arm64+0x1000064c4)

  Location is global 'std::__1::cout' at 0x0001fab5d930 (libc++.1.dylib+0x6cb3a950)

  Mutex M0 (0x0001060d1358) created at:
    #0 pthread_mutex_lock <null> (libclang_rt.tsan_osx_dynamic.dylib:arm64e+0x356bc)
    #1 std::__1::mutex::lock() <null> (libc++.1.dylib:arm64e+0x300c)
    #2 STEPControl_Writer::SetWS(opencascade::handle<XSControl_WorkSession> const&, bool) STEPControl_Writer.cxx:56 (occt_1157_stress_after2:arm64+0x100551ff4)
    #3 STEPControl_Writer::STEPControl_Writer() STEPControl_Writer.cxx:39 (occt_1157_stress_after2:arm64+0x100551e7c)
    #4 STEPControl_Writer::STEPControl_Writer() STEPControl_Writer.cxx:37 (occt_1157_stress_after2:arm64+0x1005520b8)
    #5 runStepWriteIndependent(int, int) occt_1157_stress.cpp:85 (occt_1157_stress_after2:arm64+0x100000ad8)
    #6 runOne(char const*, int, int) occt_1157_stress.cpp:349 (occt_1157_stress_after2:arm64+0x10000384c)
    #7 main occt_1157_stress.cpp:396 (occt_1157_stress_after2:arm64+0x100002e08)

  Thread T5 (tid=367790, running) created by main thread at:
    #0 pthread_create <null> (libclang_rt.tsan_osx_dynamic.dylib:arm64e+0x33834)
    #1 std::__1::thread::thread[abi:nqe210106]<void (*&)(int, int), int&, int&, 0>(void (*&)(int, int), int&, int&) thread.h:216 (occt_1157_stress_after2:arm64+0x10000638c)
    #2 std::__1::thread* std::__1::vector<std::__1::thread, std::__1::allocator<std::__1::thread>>::__emplace_back_slow_path<void (*&)(int, int), int&, int&>(void (*&)(int, int), int&, int&) vector.h:1130 (occt_1157_stress_after2:arm64+0x100006148)
    #3 runOne(char const*, int, int) occt_1157_stress.cpp:359 (occt_1157_stress_after2:arm64+0x100003a08)
    #4 main occt_1157_stress.cpp:396 (occt_1157_stress_after2:arm64+0x100002e08)

  Thread T7 (tid=367792, running) created by main thread at:
    #0 pthread_create <null> (libclang_rt.tsan_osx_dynamic.dylib:arm64e+0x33834)
    #1 std::__1::thread::thread[abi:nqe210106]<void (*&)(int, int), int&, int&, 0>(void (*&)(int, int), int&, int&) thread.h:216 (occt_1157_stress_after2:arm64+0x10000638c)
    #2 runOne(char const*, int, int) occt_1157_stress.cpp:359 (occt_1157_stress_after2:arm64+0x1000039e0)
    #3 main occt_1157_stress.cpp:396 (occt_1157_stress_after2:arm64+0x100002e08)

SUMMARY: ThreadSanitizer: data race pad_and_output.h:80 in std::__1::ostreambuf_iterator<char, std::__1::char_traits<char>> std::__1::__pad_and_output[abi:nqe210106]<char, std::__1::char_traits<char>>(std::__1::ostreambuf_iterator<char, std::__1::char_traits<char>>, char const*, char const*, char const*, std::__1::ios_base&, char)
==================
WARNING: ThreadSanitizer: data race (pid=73731)
  Write of size 8 at 0x0001fab5d950 by thread T7 (mutexes: write M0):
    #0 std::__1::ostreambuf_iterator<char, std::__1::char_traits<char>> std::__1::__pad_and_output[abi:nqe210106]<char, std::__1::char_traits<char>>(std::__1::ostreambuf_iterator<char, std::__1::char_traits<char>>, char const*, char const*, char const*, std::__1::ios_base&, char) pad_and_output.h:80 (occt_1157_stress_after2:arm64+0x10000c178)
    #1 std::__1::basic_ostream<char, std::__1::char_traits<char>>& std::__1::__put_character_sequence[abi:nqe210106]<char, std::__1::char_traits<char>>(std::__1::basic_ostream<char, std::__1::char_traits<char>>&, char const*, unsigned long) put_character_sequence.h:37 (occt_1157_stress_after2:arm64+0x10000bec0)
    #2 Message_PrinterOStream::send(TCollection_AsciiString const&, Message_Gravity) const Message_PrinterOStream.cxx:155 (occt_1157_stress_after2:arm64+0x1008f3b48)
    #3 Message_Printer::SendStringStream(std::__1::basic_stringstream<char, std::__1::char_traits<char>, std::__1::allocator<char>> const&, Message_Gravity) const Message_Printer.cxx:70 (occt_1157_stress_after2:arm64+0x1008f314c)
    #4 Message_Messenger::Send(std::__1::basic_stringstream<char, std::__1::char_traits<char>, std::__1::allocator<char>> const&, Message_Gravity) const Message_Messenger.cxx:128 (occt_1157_stress_after2:arm64+0x1008eee80)
    #5 Message_Messenger::StreamBuffer::Flush(bool) Message_Messenger.hxx:75 (occt_1157_stress_after2:arm64+0x1000f0ae8)
    #6 Message_Messenger::StreamBuffer::~StreamBuffer() Message_Messenger.hxx:65 (occt_1157_stress_after2:arm64+0x1000f092c)
    #7 XSControl_TransferWriter::TransferWriteShape(opencascade::handle<Interface_InterfaceModel> const&, TopoDS_Shape const&, Message_ProgressRange const&) XSControl_TransferWriter.cxx:193 (occt_1157_stress_after2:arm64+0x1013eadac)
    #8 XSControl_WorkSession::TransferWriteShape(TopoDS_Shape const&, bool, Message_ProgressRange const&) XSControl_WorkSession.cxx:562 (occt_1157_stress_after2:arm64+0x1013f6874)
    #9 STEPControl_Writer::Transfer(TopoDS_Shape const&, STEPControl_StepModelType, DESTEP_Parameters const&, bool, Message_ProgressRange const&) STEPControl_Writer.cxx:159 (occt_1157_stress_after2:arm64+0x100552d48)
    #10 STEPControl_Writer::Transfer(TopoDS_Shape const&, STEPControl_StepModelType, bool, Message_ProgressRange const&) STEPControl_Writer.cxx:111 (occt_1157_stress_after2:arm64+0x1005527ac)
    #11 runStepWriteIndependent(int, int) occt_1157_stress.cpp:88 (occt_1157_stress_after2:arm64+0x100000b14)
    #12 void* std::__1::__thread_proxy[abi:nqe210106]<std::__1::tuple<std::__1::unique_ptr<std::__1::__thread_struct, std::__1::default_delete<std::__1::__thread_struct>>, void (*)(int, int), int, int>>(void*) thread.h:168 (occt_1157_stress_after2:arm64+0x1000064c4)

  Previous write of size 8 at 0x0001fab5d950 by thread T6:
    #0 std::__1::ostreambuf_iterator<char, std::__1::char_traits<char>> std::__1::__pad_and_output[abi:nqe210106]<char, std::__1::char_traits<char>>(std::__1::ostreambuf_iterator<char, std::__1::char_traits<char>>, char const*, char const*, char const*, std::__1::ios_base&, char) pad_and_output.h:80 (occt_1157_stress_after2:arm64+0x10000c178)
    #1 std::__1::basic_ostream<char, std::__1::char_traits<char>>& std::__1::__put_character_sequence[abi:nqe210106]<char, std::__1::char_traits<char>>(std::__1::basic_ostream<char, std::__1::char_traits<char>>&, char const*, unsigned long) put_character_sequence.h:37 (occt_1157_stress_after2:arm64+0x10000bec0)
    #2 Message_PrinterOStream::send(TCollection_AsciiString const&, Message_Gravity) const Message_PrinterOStream.cxx:155 (occt_1157_stress_after2:arm64+0x1008f3b48)
    #3 Message_Printer::SendStringStream(std::__1::basic_stringstream<char, std::__1::char_traits<char>, std::__1::allocator<char>> const&, Message_Gravity) const Message_Printer.cxx:70 (occt_1157_stress_after2:arm64+0x1008f314c)
    #4 Message_Messenger::Send(std::__1::basic_stringstream<char, std::__1::char_traits<char>, std::__1::allocator<char>> const&, Message_Gravity) const Message_Messenger.cxx:128 (occt_1157_stress_after2:arm64+0x1008eee80)
    #5 Message_Messenger::StreamBuffer::Flush(bool) Message_Messenger.hxx:75 (occt_1157_stress_after2:arm64+0x1000f0ae8)
    #6 Message_Messenger::StreamBuffer::~StreamBuffer() Message_Messenger.hxx:65 (occt_1157_stress_after2:arm64+0x1000f092c)
    #7 StepSelect_WorkLibrary::WriteFile(IFSelect_ContextWrite&) const StepSelect_WorkLibrary.cxx:150 (occt_1157_stress_after2:arm64+0x10082ccf0)
    #8 IFSelect_ModelCopier::SendAll(char const*, Interface_Graph const&, opencascade::handle<IFSelect_WorkLibrary> const&, opencascade::handle<Interface_Protocol> const&) IFSelect_ModelCopier.cxx:343 (occt_1157_stress_after2:arm64+0x10138659c)
    #9 IFSelect_WorkSession::SendAll(char const*, bool) IFSelect_WorkSession.cxx:2602 (occt_1157_stress_after2:arm64+0x1013c049c)
    #10 STEPControl_Writer::Write(char const*) STEPControl_Writer.cxx:173 (occt_1157_stress_after2:arm64+0x100553190)
    #11 runStepWriteIndependent(int, int) occt_1157_stress.cpp:97 (occt_1157_stress_after2:arm64+0x100000fa8)
    #12 void* std::__1::__thread_proxy[abi:nqe210106]<std::__1::tuple<std::__1::unique_ptr<std::__1::__thread_struct, std::__1::default_delete<std::__1::__thread_struct>>, void (*)(int, int), int, int>>(void*) thread.h:168 (occt_1157_stress_after2:arm64+0x1000064c4)

  Location is global 'std::__1::cout' at 0x0001fab5d930 (libc++.1.dylib+0x6cb3a950)

  Mutex M0 (0x0001060d1358) created at:
    #0 pthread_mutex_lock <null> (libclang_rt.tsan_osx_dynamic.dylib:arm64e+0x356bc)
    #1 std::__1::mutex::lock() <null> (libc++.1.dylib:arm64e+0x300c)
    #2 STEPControl_Writer::SetWS(opencascade::handle<XSControl_WorkSession> const&, bool) STEPControl_Writer.cxx:56 (occt_1157_stress_after2:arm64+0x100551ff4)
    #3 STEPControl_Writer::STEPControl_Writer() STEPControl_Writer.cxx:39 (occt_1157_stress_after2:arm64+0x100551e7c)
    #4 STEPControl_Writer::STEPControl_Writer() STEPControl_Writer.cxx:37 (occt_1157_stress_after2:arm64+0x1005520b8)
    #5 runStepWriteIndependent(int, int) occt_1157_stress.cpp:85 (occt_1157_stress_after2:arm64+0x100000ad8)
    #6 runOne(char const*, int, int) occt_1157_stress.cpp:349 (occt_1157_stress_after2:arm64+0x10000384c)
    #7 main occt_1157_stress.cpp:396 (occt_1157_stress_after2:arm64+0x100002e08)

  Thread T7 (tid=367792, running) created by main thread at:
    #0 pthread_create <null> (libclang_rt.tsan_osx_dynamic.dylib:arm64e+0x33834)
    #1 std::__1::thread::thread[abi:nqe210106]<void (*&)(int, int), int&, int&, 0>(void (*&)(int, int), int&, int&) thread.h:216 (occt_1157_stress_after2:arm64+0x10000638c)
    #2 runOne(char const*, int, int) occt_1157_stress.cpp:359 (occt_1157_stress_after2:arm64+0x1000039e0)
    #3 main occt_1157_stress.cpp:396 (occt_1157_stress_after2:arm64+0x100002e08)

  Thread T6 (tid=367791, running) created by main thread at:
    #0 pthread_create <null> (libclang_rt.tsan_osx_dynamic.dylib:arm64e+0x33834)
    #1 std::__1::thread::thread[abi:nqe210106]<void (*&)(int, int), int&, int&, 0>(void (*&)(int, int), int&, int&) thread.h:216 (occt_1157_stress_after2:arm64+0x10000638c)
    #2 runOne(char const*, int, int) occt_1157_stress.cpp:359 (occt_1157_stress_after2:arm64+0x1000039e0)
    #3 main occt_1157_stress.cpp:396 (occt_1157_stress_after2:arm64+0x100002e08)

SUMMARY: ThreadSanitizer: data race pad_and_output.h:80 in std::__1::ostreambuf_iterator<char, std::__1::char_traits<char>> std::__1::__pad_and_output[abi:nqe210106]<char, std::__1::char_traits<char>>(std::__1::ostreambuf_iterator<char, std::__1::char_traits<char>>, char const*, char const*, char const*, std::__1::ios_base&, char)
==================
WARNING: ThreadSanitizer: data race (pid=73731)
  Write of size 8 at 0x0001fab5d950 by thread T5:
    #0 std::__1::ostreambuf_iterator<char, std::__1::char_traits<char>> std::__1::__pad_and_output[abi:nqe210106]<char, std::__1::char_traits<char>>(std::__1::ostreambuf_iterator<char, std::__1::char_traits<char>>, char const*, char const*, char const*, std::__1::ios_base&, char) pad_and_output.h:80 (occt_1157_stress_after2:arm64+0x10000c178)
    #1 std::__1::basic_ostream<char, std::__1::char_traits<char>>& std::__1::__put_character_sequence[abi:nqe210106]<char, std::__1::char_traits<char>>(std::__1::basic_ostream<char, std::__1::char_traits<char>>&, char const*, unsigned long) put_character_sequence.h:37 (occt_1157_stress_after2:arm64+0x10000bec0)
    #2 operator<<(std::__1::basic_ostream<char, std::__1::char_traits<char>>&, TCollection_AsciiString const&) TCollection_AsciiString.cxx:1100 (occt_1157_stress_after2:arm64+0x1008d620c)
    #3 Message_PrinterOStream::send(TCollection_AsciiString const&, Message_Gravity) const Message_PrinterOStream.cxx:156 (occt_1157_stress_after2:arm64+0x1008f3b54)
    #4 Message_Printer::SendStringStream(std::__1::basic_stringstream<char, std::__1::char_traits<char>, std::__1::allocator<char>> const&, Message_Gravity) const Message_Printer.cxx:70 (occt_1157_stress_after2:arm64+0x1008f314c)
    #5 Message_Messenger::Send(std::__1::basic_stringstream<char, std::__1::char_traits<char>, std::__1::allocator<char>> const&, Message_Gravity) const Message_Messenger.cxx:128 (occt_1157_stress_after2:arm64+0x1008eee80)
    #6 Message_Messenger::StreamBuffer::Flush(bool) Message_Messenger.hxx:75 (occt_1157_stress_after2:arm64+0x1000f0ae8)
    #7 Message_Messenger::StreamBuffer::~StreamBuffer() Message_Messenger.hxx:65 (occt_1157_stress_after2:arm64+0x1000f092c)
    #8 IFSelect_ModelCopier::SendAll(char const*, Interface_Graph const&, opencascade::handle<IFSelect_WorkLibrary> const&, opencascade::handle<Interface_Protocol> const&) IFSelect_ModelCopier.cxx:313 (occt_1157_stress_after2:arm64+0x10138642c)
    #9 IFSelect_WorkSession::SendAll(char const*, bool) IFSelect_WorkSession.cxx:2618 (occt_1157_stress_after2:arm64+0x1013c0590)
    #10 STEPControl_Writer::Write(char const*) STEPControl_Writer.cxx:173 (occt_1157_stress_after2:arm64+0x100553190)
    #11 runStepWriteIndependent(int, int) occt_1157_stress.cpp:97 (occt_1157_stress_after2:arm64+0x100000fa8)
    #12 void* std::__1::__thread_proxy[abi:nqe210106]<std::__1::tuple<std::__1::unique_ptr<std::__1::__thread_struct, std::__1::default_delete<std::__1::__thread_struct>>, void (*)(int, int), int, int>>(void*) thread.h:168 (occt_1157_stress_after2:arm64+0x1000064c4)

  Previous write of size 8 at 0x0001fab5d950 by thread T6:
    #0 std::__1::ostreambuf_iterator<char, std::__1::char_traits<char>> std::__1::__pad_and_output[abi:nqe210106]<char, std::__1::char_traits<char>>(std::__1::ostreambuf_iterator<char, std::__1::char_traits<char>>, char const*, char const*, char const*, std::__1::ios_base&, char) pad_and_output.h:80 (occt_1157_stress_after2:arm64+0x10000c178)
    #1 std::__1::basic_ostream<char, std::__1::char_traits<char>>& std::__1::__put_character_sequence[abi:nqe210106]<char, std::__1::char_traits<char>>(std::__1::basic_ostream<char, std::__1::char_traits<char>>&, char const*, unsigned long) put_character_sequence.h:37 (occt_1157_stress_after2:arm64+0x10000bec0)
    #2 Message_PrinterOStream::send(TCollection_AsciiString const&, Message_Gravity) const Message_PrinterOStream.cxx:163 (occt_1157_stress_after2:arm64+0x1008f3b98)
    #3 Message_Printer::SendStringStream(std::__1::basic_stringstream<char, std::__1::char_traits<char>, std::__1::allocator<char>> const&, Message_Gravity) const Message_Printer.cxx:70 (occt_1157_stress_after2:arm64+0x1008f314c)
    #4 Message_Messenger::Send(std::__1::basic_stringstream<char, std::__1::char_traits<char>, std::__1::allocator<char>> const&, Message_Gravity) const Message_Messenger.cxx:128 (occt_1157_stress_after2:arm64+0x1008eee80)
    #5 Message_Messenger::StreamBuffer::Flush(bool) Message_Messenger.hxx:75 (occt_1157_stress_after2:arm64+0x1000f0ae8)
    #6 Message_Messenger::StreamBuffer::~StreamBuffer() Message_Messenger.hxx:65 (occt_1157_stress_after2:arm64+0x1000f092c)
    #7 StepSelect_WorkLibrary::WriteFile(IFSelect_ContextWrite&) const StepSelect_WorkLibrary.cxx:150 (occt_1157_stress_after2:arm64+0x10082ccf0)
    #8 IFSelect_ModelCopier::SendAll(char const*, Interface_Graph const&, opencascade::handle<IFSelect_WorkLibrary> const&, opencascade::handle<Interface_Protocol> const&) IFSelect_ModelCopier.cxx:343 (occt_1157_stress_after2:arm64+0x10138659c)
    #9 IFSelect_WorkSession::SendAll(char const*, bool) IFSelect_WorkSession.cxx:2602 (occt_1157_stress_after2:arm64+0x1013c049c)
    #10 STEPControl_Writer::Write(char const*) STEPControl_Writer.cxx:173 (occt_1157_stress_after2:arm64+0x100553190)
    #11 runStepWriteIndependent(int, int) occt_1157_stress.cpp:97 (occt_1157_stress_after2:arm64+0x100000fa8)
    #12 void* std::__1::__thread_proxy[abi:nqe210106]<std::__1::tuple<std::__1::unique_ptr<std::__1::__thread_struct, std::__1::default_delete<std::__1::__thread_struct>>, void (*)(int, int), int, int>>(void*) thread.h:168 (occt_1157_stress_after2:arm64+0x1000064c4)

  Location is global 'std::__1::cout' at 0x0001fab5d930 (libc++.1.dylib+0x6cb3a950)

  Thread T5 (tid=367790, running) created by main thread at:
    #0 pthread_create <null> (libclang_rt.tsan_osx_dynamic.dylib:arm64e+0x33834)
    #1 std::__1::thread::thread[abi:nqe210106]<void (*&)(int, int), int&, int&, 0>(void (*&)(int, int), int&, int&) thread.h:216 (occt_1157_stress_after2:arm64+0x10000638c)
    #2 std::__1::thread* std::__1::vector<std::__1::thread, std::__1::allocator<std::__1::thread>>::__emplace_back_slow_path<void (*&)(int, int), int&, int&>(void (*&)(int, int), int&, int&) vector.h:1130 (occt_1157_stress_after2:arm64+0x100006148)
    #3 runOne(char const*, int, int) occt_1157_stress.cpp:359 (occt_1157_stress_after2:arm64+0x100003a08)
    #4 main occt_1157_stress.cpp:396 (occt_1157_stress_after2:arm64+0x100002e08)

  Thread T6 (tid=367791, running) created by main thread at:
    #0 pthread_create <null> (libclang_rt.tsan_osx_dynamic.dylib:arm64e+0x33834)
    #1 std::__1::thread::thread[abi:nqe210106]<void (*&)(int, int), int&, int&, 0>(void (*&)(int, int), int&, int&) thread.h:216 (occt_1157_stress_after2:arm64+0x10000638c)
    #2 runOne(char const*, int, int) occt_1157_stress.cpp:359 (occt_1157_stress_after2:arm64+0x1000039e0)
    #3 main occt_1157_stress.cpp:396 (occt_1157_stress_after2:arm64+0x100002e08)

SUMMARY: ThreadSanitizer: data race pad_and_output.h:80 in std::__1::ostreambuf_iterator<char, std::__1::char_traits<char>> std::__1::__pad_and_output[abi:nqe210106]<char, std::__1::char_traits<char>>(std::__1::ostreambuf_iterator<char, std::__1::char_traits<char>>, char const*, char const*, char const*, std::__1::ios_base&, char)
==================
WARNING: ThreadSanitizer: data race (pid=73731)
  Write of size 8 at 0x0001fab5d950 by thread T7:
    #0 std::__1::ostreambuf_iterator<char, std::__1::char_traits<char>> std::__1::__pad_and_output[abi:nqe210106]<char, std::__1::char_traits<char>>(std::__1::ostreambuf_iterator<char, std::__1::char_traits<char>>, char const*, char const*, char const*, std::__1::ios_base&, char) pad_and_output.h:80 (occt_1157_stress_after2:arm64+0x10000c178)
    #1 std::__1::basic_ostream<char, std::__1::char_traits<char>>& std::__1::__put_character_sequence[abi:nqe210106]<char, std::__1::char_traits<char>>(std::__1::basic_ostream<char, std::__1::char_traits<char>>&, char const*, unsigned long) put_character_sequence.h:37 (occt_1157_stress_after2:arm64+0x10000bec0)
    #2 Message_PrinterOStream::send(TCollection_AsciiString const&, Message_Gravity) const Message_PrinterOStream.cxx:155 (occt_1157_stress_after2:arm64+0x1008f3b48)
    #3 Message_Printer::SendStringStream(std::__1::basic_stringstream<char, std::__1::char_traits<char>, std::__1::allocator<char>> const&, Message_Gravity) const Message_Printer.cxx:70 (occt_1157_stress_after2:arm64+0x1008f314c)
    #4 Message_Messenger::Send(std::__1::basic_stringstream<char, std::__1::char_traits<char>, std::__1::allocator<char>> const&, Message_Gravity) const Message_Messenger.cxx:128 (occt_1157_stress_after2:arm64+0x1008eee80)
    #5 Message_Messenger::StreamBuffer::Flush(bool) Message_Messenger.hxx:75 (occt_1157_stress_after2:arm64+0x1000f0ae8)
    #6 Message_Messenger::StreamBuffer::~StreamBuffer() Message_Messenger.hxx:65 (occt_1157_stress_after2:arm64+0x1000f092c)
    #7 IFSelect_ModelCopier::SendAll(char const*, Interface_Graph const&, opencascade::handle<IFSelect_WorkLibrary> const&, opencascade::handle<Interface_Protocol> const&) IFSelect_ModelCopier.cxx:313 (occt_1157_stress_after2:arm64+0x10138642c)
    #8 IFSelect_WorkSession::SendAll(char const*, bool) IFSelect_WorkSession.cxx:2602 (occt_1157_stress_after2:arm64+0x1013c049c)
    #9 STEPControl_Writer::Write(char const*) STEPControl_Writer.cxx:173 (occt_1157_stress_after2:arm64+0x100553190)
    #10 runStepWriteIndependent(int, int) occt_1157_stress.cpp:97 (occt_1157_stress_after2:arm64+0x100000fa8)
    #11 void* std::__1::__thread_proxy[abi:nqe210106]<std::__1::tuple<std::__1::unique_ptr<std::__1::__thread_struct, std::__1::default_delete<std::__1::__thread_struct>>, void (*)(int, int), int, int>>(void*) thread.h:168 (occt_1157_stress_after2:arm64+0x1000064c4)

  Previous write of size 8 at 0x0001fab5d950 by thread T8 (mutexes: write M0):
    #0 std::__1::ostreambuf_iterator<char, std::__1::char_traits<char>> std::__1::__pad_and_output[abi:nqe210106]<char, std::__1::char_traits<char>>(std::__1::ostreambuf_iterator<char, std::__1::char_traits<char>>, char const*, char const*, char const*, std::__1::ios_base&, char) pad_and_output.h:80 (occt_1157_stress_after2:arm64+0x10000c178)
    #1 std::__1::basic_ostream<char, std::__1::char_traits<char>>& std::__1::__put_character_sequence[abi:nqe210106]<char, std::__1::char_traits<char>>(std::__1::basic_ostream<char, std::__1::char_traits<char>>&, char const*, unsigned long) put_character_sequence.h:37 (occt_1157_stress_after2:arm64+0x10000bec0)
    #2 Message_PrinterOStream::send(TCollection_AsciiString const&, Message_Gravity) const Message_PrinterOStream.cxx:163 (occt_1157_stress_after2:arm64+0x1008f3b98)
    #3 Message_Printer::SendStringStream(std::__1::basic_stringstream<char, std::__1::char_traits<char>, std::__1::allocator<char>> const&, Message_Gravity) const Message_Printer.cxx:70 (occt_1157_stress_after2:arm64+0x1008f314c)
    #4 Message_Messenger::Send(std::__1::basic_stringstream<char, std::__1::char_traits<char>, std::__1::allocator<char>> const&, Message_Gravity) const Message_Messenger.cxx:128 (occt_1157_stress_after2:arm64+0x1008eee80)
    #5 Message_Messenger::StreamBuffer::Flush(bool) Message_Messenger.hxx:75 (occt_1157_stress_after2:arm64+0x1000f0ae8)
    #6 Message_Messenger::StreamBuffer::~StreamBuffer() Message_Messenger.hxx:65 (occt_1157_stress_after2:arm64+0x1000f092c)
    #7 XSControl_TransferWriter::PrintStats(int, int) const XSControl_TransferWriter.cxx:62 (occt_1157_stress_after2:arm64+0x1013ea2ac)
    #8 XSControl_TransferWriter::TransferWriteShape(opencascade::handle<Interface_InterfaceModel> const&, TopoDS_Shape const&, Message_ProgressRange const&) XSControl_TransferWriter.cxx:176 (occt_1157_stress_after2:arm64+0x1013eac9c)
    #9 XSControl_WorkSession::TransferWriteShape(TopoDS_Shape const&, bool, Message_ProgressRange const&) XSControl_WorkSession.cxx:562 (occt_1157_stress_after2:arm64+0x1013f6874)
    #10 STEPControl_Writer::Transfer(TopoDS_Shape const&, STEPControl_StepModelType, DESTEP_Parameters const&, bool, Message_ProgressRange const&) STEPControl_Writer.cxx:159 (occt_1157_stress_after2:arm64+0x100552d48)
    #11 STEPControl_Writer::Transfer(TopoDS_Shape const&, STEPControl_StepModelType, bool, Message_ProgressRange const&) STEPControl_Writer.cxx:111 (occt_1157_stress_after2:arm64+0x1005527ac)
    #12 runStepWriteIndependent(int, int) occt_1157_stress.cpp:88 (occt_1157_stress_after2:arm64+0x100000b14)
    #13 void* std::__1::__thread_proxy[abi:nqe210106]<std::__1::tuple<std::__1::unique_ptr<std::__1::__thread_struct, std::__1::default_delete<std::__1::__thread_struct>>, void (*)(int, int), int, int>>(void*) thread.h:168 (occt_1157_stress_after2:arm64+0x1000064c4)

  Location is global 'std::__1::cout' at 0x0001fab5d930 (libc++.1.dylib+0x6cb3a950)

  Mutex M0 (0x0001060d1358) created at:
    #0 pthread_mutex_lock <null> (libclang_rt.tsan_osx_dynamic.dylib:arm64e+0x356bc)
    #1 std::__1::mutex::lock() <null> (libc++.1.dylib:arm64e+0x300c)
    #2 STEPControl_Writer::SetWS(opencascade::handle<XSControl_WorkSession> const&, bool) STEPControl_Writer.cxx:56 (occt_1157_stress_after2:arm64+0x100551ff4)
    #3 STEPControl_Writer::STEPControl_Writer() STEPControl_Writer.cxx:39 (occt_1157_stress_after2:arm64+0x100551e7c)
    #4 STEPControl_Writer::STEPControl_Writer() STEPControl_Writer.cxx:37 (occt_1157_stress_after2:arm64+0x1005520b8)
    #5 runStepWriteIndependent(int, int) occt_1157_stress.cpp:85 (occt_1157_stress_after2:arm64+0x100000ad8)
    #6 runOne(char const*, int, int) occt_1157_stress.cpp:349 (occt_1157_stress_after2:arm64+0x10000384c)
    #7 main occt_1157_stress.cpp:396 (occt_1157_stress_after2:arm64+0x100002e08)

  Thread T7 (tid=367792, running) created by main thread at:
    #0 pthread_create <null> (libclang_rt.tsan_osx_dynamic.dylib:arm64e+0x33834)
    #1 std::__1::thread::thread[abi:nqe210106]<void (*&)(int, int), int&, int&, 0>(void (*&)(int, int), int&, int&) thread.h:216 (occt_1157_stress_after2:arm64+0x10000638c)
    #2 runOne(char const*, int, int) occt_1157_stress.cpp:359 (occt_1157_stress_after2:arm64+0x1000039e0)
    #3 main occt_1157_stress.cpp:396 (occt_1157_stress_after2:arm64+0x100002e08)

  Thread T8 (tid=367793, running) created by main thread at:
    #0 pthread_create <null> (libclang_rt.tsan_osx_dynamic.dylib:arm64e+0x33834)
    #1 std::__1::thread::thread[abi:nqe210106]<void (*&)(int, int), int&, int&, 0>(void (*&)(int, int), int&, int&) thread.h:216 (occt_1157_stress_after2:arm64+0x10000638c)
    #2 runOne(char const*, int, int) occt_1157_stress.cpp:359 (occt_1157_stress_after2:arm64+0x1000039e0)
    #3 main occt_1157_stress.cpp:396 (occt_1157_stress_after2:arm64+0x100002e08)

SUMMARY: ThreadSanitizer: data race pad_and_output.h:80 in std::__1::ostreambuf_iterator<char, std::__1::char_traits<char>> std::__1::__pad_and_output[abi:nqe210106]<char, std::__1::char_traits<char>>(std::__1::ostreambuf_iterator<char, std::__1::char_traits<char>>, char const*, char const*, char const*, std::__1::ios_base&, char)
==================
WARNING: ThreadSanitizer: data race (pid=73731)
  Write of size 8 at 0x0001fab5d950 by thread T5:
    #0 std::__1::ostreambuf_iterator<char, std::__1::char_traits<char>> std::__1::__pad_and_output[abi:nqe210106]<char, std::__1::char_traits<char>>(std::__1::ostreambuf_iterator<char, std::__1::char_traits<char>>, char const*, char const*, char const*, std::__1::ios_base&, char) pad_and_output.h:80 (occt_1157_stress_after2:arm64+0x10000c178)
    #1 std::__1::basic_ostream<char, std::__1::char_traits<char>>& std::__1::__put_character_sequence[abi:nqe210106]<char, std::__1::char_traits<char>>(std::__1::basic_ostream<char, std::__1::char_traits<char>>&, char const*, unsigned long) put_character_sequence.h:37 (occt_1157_stress_after2:arm64+0x10000bec0)
    #2 Message_PrinterOStream::send(TCollection_AsciiString const&, Message_Gravity) const Message_PrinterOStream.cxx:155 (occt_1157_stress_after2:arm64+0x1008f3b48)
    #3 Message_Printer::SendStringStream(std::__1::basic_stringstream<char, std::__1::char_traits<char>, std::__1::allocator<char>> const&, Message_Gravity) const Message_Printer.cxx:70 (occt_1157_stress_after2:arm64+0x1008f314c)
    #4 Message_Messenger::Send(std::__1::basic_stringstream<char, std::__1::char_traits<char>, std::__1::allocator<char>> const&, Message_Gravity) const Message_Messenger.cxx:128 (occt_1157_stress_after2:arm64+0x1008eee80)
    #5 Message_Messenger::StreamBuffer::Flush(bool) Message_Messenger.hxx:75 (occt_1157_stress_after2:arm64+0x1000f0ae8)
    #6 Message_Messenger::StreamBuffer::~StreamBuffer() Message_Messenger.hxx:65 (occt_1157_stress_after2:arm64+0x1000f092c)
    #7 StepSelect_WorkLibrary::WriteFile(IFSelect_ContextWrite&) const StepSelect_WorkLibrary.cxx:150 (occt_1157_stress_after2:arm64+0x10082ccf0)
    #8 IFSelect_ModelCopier::SendAll(char const*, Interface_Graph const&, opencascade::handle<IFSelect_WorkLibrary> const&, opencascade::handle<Interface_Protocol> const&) IFSelect_ModelCopier.cxx:343 (occt_1157_stress_after2:arm64+0x10138659c)
    #9 IFSelect_WorkSession::SendAll(char const*, bool) IFSelect_WorkSession.cxx:2618 (occt_1157_stress_after2:arm64+0x1013c0590)
    #10 STEPControl_Writer::Write(char const*) STEPControl_Writer.cxx:173 (occt_1157_stress_after2:arm64+0x100553190)
    #11 runStepWriteIndependent(int, int) occt_1157_stress.cpp:97 (occt_1157_stress_after2:arm64+0x100000fa8)
    #12 void* std::__1::__thread_proxy[abi:nqe210106]<std::__1::tuple<std::__1::unique_ptr<std::__1::__thread_struct, std::__1::default_delete<std::__1::__thread_struct>>, void (*)(int, int), int, int>>(void*) thread.h:168 (occt_1157_stress_after2:arm64+0x1000064c4)

  Previous write of size 8 at 0x0001fab5d950 by thread T8 (mutexes: write M0):
    #0 std::__1::ostreambuf_iterator<char, std::__1::char_traits<char>> std::__1::__pad_and_output[abi:nqe210106]<char, std::__1::char_traits<char>>(std::__1::ostreambuf_iterator<char, std::__1::char_traits<char>>, char const*, char const*, char const*, std::__1::ios_base&, char) pad_and_output.h:80 (occt_1157_stress_after2:arm64+0x10000c178)
    #1 std::__1::basic_ostream<char, std::__1::char_traits<char>>& std::__1::__put_character_sequence[abi:nqe210106]<char, std::__1::char_traits<char>>(std::__1::basic_ostream<char, std::__1::char_traits<char>>&, char const*, unsigned long) put_character_sequence.h:37 (occt_1157_stress_after2:arm64+0x10000bec0)
    #2 Message_PrinterOStream::send(TCollection_AsciiString const&, Message_Gravity) const Message_PrinterOStream.cxx:163 (occt_1157_stress_after2:arm64+0x1008f3b98)
    #3 Message_Printer::SendStringStream(std::__1::basic_stringstream<char, std::__1::char_traits<char>, std::__1::allocator<char>> const&, Message_Gravity) const Message_Printer.cxx:70 (occt_1157_stress_after2:arm64+0x1008f314c)
    #4 Message_Messenger::Send(std::__1::basic_stringstream<char, std::__1::char_traits<char>, std::__1::allocator<char>> const&, Message_Gravity) const Message_Messenger.cxx:128 (occt_1157_stress_after2:arm64+0x1008eee80)
    #5 Message_Messenger::StreamBuffer::Flush(bool) Message_Messenger.hxx:75 (occt_1157_stress_after2:arm64+0x1000f0ae8)
    #6 Message_Messenger::StreamBuffer::~StreamBuffer() Message_Messenger.hxx:65 (occt_1157_stress_after2:arm64+0x1000f092c)
    #7 XSControl_TransferWriter::TransferWriteShape(opencascade::handle<Interface_InterfaceModel> const&, TopoDS_Shape const&, Message_ProgressRange const&) XSControl_TransferWriter.cxx:193 (occt_1157_stress_after2:arm64+0x1013eadac)
    #8 XSControl_WorkSession::TransferWriteShape(TopoDS_Shape const&, bool, Message_ProgressRange const&) XSControl_WorkSession.cxx:562 (occt_1157_stress_after2:arm64+0x1013f6874)
    #9 STEPControl_Writer::Transfer(TopoDS_Shape const&, STEPControl_StepModelType, DESTEP_Parameters const&, bool, Message_ProgressRange const&) STEPControl_Writer.cxx:159 (occt_1157_stress_after2:arm64+0x100552d48)
    #10 STEPControl_Writer::Transfer(TopoDS_Shape const&, STEPControl_StepModelType, bool, Message_ProgressRange const&) STEPControl_Writer.cxx:111 (occt_1157_stress_after2:arm64+0x1005527ac)
    #11 runStepWriteIndependent(int, int) occt_1157_stress.cpp:88 (occt_1157_stress_after2:arm64+0x100000b14)
    #12 void* std::__1::__thread_proxy[abi:nqe210106]<std::__1::tuple<std::__1::unique_ptr<std::__1::__thread_struct, std::__1::default_delete<std::__1::__thread_struct>>, void (*)(int, int), int, int>>(void*) thread.h:168 (occt_1157_stress_after2:arm64+0x1000064c4)

  Location is global 'std::__1::cout' at 0x0001fab5d930 (libc++.1.dylib+0x6cb3a950)

  Mutex M0 (0x0001060d1358) created at:
    #0 pthread_mutex_lock <null> (libclang_rt.tsan_osx_dynamic.dylib:arm64e+0x356bc)
    #1 std::__1::mutex::lock() <null> (libc++.1.dylib:arm64e+0x300c)
    #2 STEPControl_Writer::SetWS(opencascade::handle<XSControl_WorkSession> const&, bool) STEPControl_Writer.cxx:56 (occt_1157_stress_after2:arm64+0x100551ff4)
    #3 STEPControl_Writer::STEPControl_Writer() STEPControl_Writer.cxx:39 (occt_1157_stress_after2:arm64+0x100551e7c)
    #4 STEPControl_Writer::STEPControl_Writer() STEPControl_Writer.cxx:37 (occt_1157_stress_after2:arm64+0x1005520b8)
    #5 runStepWriteIndependent(int, int) occt_1157_stress.cpp:85 (occt_1157_stress_after2:arm64+0x100000ad8)
    #6 runOne(char const*, int, int) occt_1157_stress.cpp:349 (occt_1157_stress_after2:arm64+0x10000384c)
    #7 main occt_1157_stress.cpp:396 (occt_1157_stress_after2:arm64+0x100002e08)

  Thread T5 (tid=367790, running) created by main thread at:
    #0 pthread_create <null> (libclang_rt.tsan_osx_dynamic.dylib:arm64e+0x33834)
    #1 std::__1::thread::thread[abi:nqe210106]<void (*&)(int, int), int&, int&, 0>(void (*&)(int, int), int&, int&) thread.h:216 (occt_1157_stress_after2:arm64+0x10000638c)
    #2 std::__1::thread* std::__1::vector<std::__1::thread, std::__1::allocator<std::__1::thread>>::__emplace_back_slow_path<void (*&)(int, int), int&, int&>(void (*&)(int, int), int&, int&) vector.h:1130 (occt_1157_stress_after2:arm64+0x100006148)
    #3 runOne(char const*, int, int) occt_1157_stress.cpp:359 (occt_1157_stress_after2:arm64+0x100003a08)
    #4 main occt_1157_stress.cpp:396 (occt_1157_stress_after2:arm64+0x100002e08)

  Thread T8 (tid=367793, running) created by main thread at:
    #0 pthread_create <null> (libclang_rt.tsan_osx_dynamic.dylib:arm64e+0x33834)
    #1 std::__1::thread::thread[abi:nqe210106]<void (*&)(int, int), int&, int&, 0>(void (*&)(int, int), int&, int&) thread.h:216 (occt_1157_stress_after2:arm64+0x10000638c)
    #2 runOne(char const*, int, int) occt_1157_stress.cpp:359 (occt_1157_stress_after2:arm64+0x1000039e0)
    #3 main occt_1157_stress.cpp:396 (occt_1157_stress_after2:arm64+0x100002e08)

SUMMARY: ThreadSanitizer: data race pad_and_output.h:80 in std::__1::ostreambuf_iterator<char, std::__1::char_traits<char>> std::__1::__pad_and_output[abi:nqe210106]<char, std::__1::char_traits<char>>(std::__1::ostreambuf_iterator<char, std::__1::char_traits<char>>, char const*, char const*, char const*, std::__1::ios_base&, char)
==================
WARNING: ThreadSanitizer: data race (pid=73731)
  Write of size 8 at 0x0001fab5d950 by thread T3 (mutexes: write M0):
    #0 std::__1::ostreambuf_iterator<char, std::__1::char_traits<char>> std::__1::__pad_and_output[abi:nqe210106]<char, std::__1::char_traits<char>>(std::__1::ostreambuf_iterator<char, std::__1::char_traits<char>>, char const*, char const*, char const*, std::__1::ios_base&, char) pad_and_output.h:80 (occt_1157_stress_after2:arm64+0x10000c178)
    #1 std::__1::basic_ostream<char, std::__1::char_traits<char>>& std::__1::__put_character_sequence[abi:nqe210106]<char, std::__1::char_traits<char>>(std::__1::basic_ostream<char, std::__1::char_traits<char>>&, char const*, unsigned long) put_character_sequence.h:37 (occt_1157_stress_after2:arm64+0x10000bec0)
    #2 Message_PrinterOStream::send(TCollection_AsciiString const&, Message_Gravity) const Message_PrinterOStream.cxx:155 (occt_1157_stress_after2:arm64+0x1008f3b48)
    #3 Message_Printer::SendStringStream(std::__1::basic_stringstream<char, std::__1::char_traits<char>, std::__1::allocator<char>> const&, Message_Gravity) const Message_Printer.cxx:70 (occt_1157_stress_after2:arm64+0x1008f314c)
    #4 Message_Messenger::Send(std::__1::basic_stringstream<char, std::__1::char_traits<char>, std::__1::allocator<char>> const&, Message_Gravity) const Message_Messenger.cxx:128 (occt_1157_stress_after2:arm64+0x1008eee80)
    #5 Message_Messenger::StreamBuffer::Flush(bool) Message_Messenger.hxx:75 (occt_1157_stress_after2:arm64+0x1000f0ae8)
    #6 Message_Messenger::StreamBuffer::~StreamBuffer() Message_Messenger.hxx:65 (occt_1157_stress_after2:arm64+0x1000f092c)
    #7 XSControl_TransferWriter::PrintStats(int, int) const XSControl_TransferWriter.cxx:62 (occt_1157_stress_after2:arm64+0x1013ea2ac)
    #8 XSControl_TransferWriter::TransferWriteShape(opencascade::handle<Interface_InterfaceModel> const&, TopoDS_Shape const&, Message_ProgressRange const&) XSControl_TransferWriter.cxx:176 (occt_1157_stress_after2:arm64+0x1013eac9c)
    #9 XSControl_WorkSession::TransferWriteShape(TopoDS_Shape const&, bool, Message_ProgressRange const&) XSControl_WorkSession.cxx:562 (occt_1157_stress_after2:arm64+0x1013f6874)
    #10 STEPControl_Writer::Transfer(TopoDS_Shape const&, STEPControl_StepModelType, DESTEP_Parameters const&, bool, Message_ProgressRange const&) STEPControl_Writer.cxx:159 (occt_1157_stress_after2:arm64+0x100552d48)
    #11 STEPControl_Writer::Transfer(TopoDS_Shape const&, STEPControl_StepModelType, bool, Message_ProgressRange const&) STEPControl_Writer.cxx:111 (occt_1157_stress_after2:arm64+0x1005527ac)
    #12 runStepWriteIndependent(int, int) occt_1157_stress.cpp:88 (occt_1157_stress_after2:arm64+0x100000b14)
    #13 void* std::__1::__thread_proxy[abi:nqe210106]<std::__1::tuple<std::__1::unique_ptr<std::__1::__thread_struct, std::__1::default_delete<std::__1::__thread_struct>>, void (*)(int, int), int, int>>(void*) thread.h:168 (occt_1157_stress_after2:arm64+0x1000064c4)

  Previous write of size 8 at 0x0001fab5d950 by thread T8:
    #0 std::__1::ostreambuf_iterator<char, std::__1::char_traits<char>> std::__1::__pad_and_output[abi:nqe210106]<char, std::__1::char_traits<char>>(std::__1::ostreambuf_iterator<char, std::__1::char_traits<char>>, char const*, char const*, char const*, std::__1::ios_base&, char) pad_and_output.h:80 (occt_1157_stress_after2:arm64+0x10000c178)
    #1 std::__1::basic_ostream<char, std::__1::char_traits<char>>& std::__1::__put_character_sequence[abi:nqe210106]<char, std::__1::char_traits<char>>(std::__1::basic_ostream<char, std::__1::char_traits<char>>&, char const*, unsigned long) put_character_sequence.h:37 (occt_1157_stress_after2:arm64+0x10000bec0)
    #2 Message_PrinterOStream::send(TCollection_AsciiString const&, Message_Gravity) const Message_PrinterOStream.cxx:163 (occt_1157_stress_after2:arm64+0x1008f3b98)
    #3 Message_Printer::SendStringStream(std::__1::basic_stringstream<char, std::__1::char_traits<char>, std::__1::allocator<char>> const&, Message_Gravity) const Message_Printer.cxx:70 (occt_1157_stress_after2:arm64+0x1008f314c)
    #4 Message_Messenger::Send(std::__1::basic_stringstream<char, std::__1::char_traits<char>, std::__1::allocator<char>> const&, Message_Gravity) const Message_Messenger.cxx:128 (occt_1157_stress_after2:arm64+0x1008eee80)
    #5 Message_Messenger::StreamBuffer::Flush(bool) Message_Messenger.hxx:75 (occt_1157_stress_after2:arm64+0x1000f0ae8)
    #6 Message_Messenger::StreamBuffer::~StreamBuffer() Message_Messenger.hxx:65 (occt_1157_stress_after2:arm64+0x1000f092c)
    #7 IFSelect_ModelCopier::SendAll(char const*, Interface_Graph const&, opencascade::handle<IFSelect_WorkLibrary> const&, opencascade::handle<Interface_Protocol> const&) IFSelect_ModelCopier.cxx:313 (occt_1157_stress_after2:arm64+0x10138642c)
    #8 IFSelect_WorkSession::SendAll(char const*, bool) IFSelect_WorkSession.cxx:2618 (occt_1157_stress_after2:arm64+0x1013c0590)
    #9 STEPControl_Writer::Write(char const*) STEPControl_Writer.cxx:173 (occt_1157_stress_after2:arm64+0x100553190)
    #10 runStepWriteIndependent(int, int) occt_1157_stress.cpp:97 (occt_1157_stress_after2:arm64+0x100000fa8)
    #11 void* std::__1::__thread_proxy[abi:nqe210106]<std::__1::tuple<std::__1::unique_ptr<std::__1::__thread_struct, std::__1::default_delete<std::__1::__thread_struct>>, void (*)(int, int), int, int>>(void*) thread.h:168 (occt_1157_stress_after2:arm64+0x1000064c4)

  Location is global 'std::__1::cout' at 0x0001fab5d930 (libc++.1.dylib+0x6cb3a950)

  Mutex M0 (0x0001060d1358) created at:
    #0 pthread_mutex_lock <null> (libclang_rt.tsan_osx_dynamic.dylib:arm64e+0x356bc)
    #1 std::__1::mutex::lock() <null> (libc++.1.dylib:arm64e+0x300c)
    #2 STEPControl_Writer::SetWS(opencascade::handle<XSControl_WorkSession> const&, bool) STEPControl_Writer.cxx:56 (occt_1157_stress_after2:arm64+0x100551ff4)
    #3 STEPControl_Writer::STEPControl_Writer() STEPControl_Writer.cxx:39 (occt_1157_stress_after2:arm64+0x100551e7c)
    #4 STEPControl_Writer::STEPControl_Writer() STEPControl_Writer.cxx:37 (occt_1157_stress_after2:arm64+0x1005520b8)
    #5 runStepWriteIndependent(int, int) occt_1157_stress.cpp:85 (occt_1157_stress_after2:arm64+0x100000ad8)
    #6 runOne(char const*, int, int) occt_1157_stress.cpp:349 (occt_1157_stress_after2:arm64+0x10000384c)
    #7 main occt_1157_stress.cpp:396 (occt_1157_stress_after2:arm64+0x100002e08)

  Thread T3 (tid=367788, running) created by main thread at:
    #0 pthread_create <null> (libclang_rt.tsan_osx_dynamic.dylib:arm64e+0x33834)
    #1 std::__1::thread::thread[abi:nqe210106]<void (*&)(int, int), int&, int&, 0>(void (*&)(int, int), int&, int&) thread.h:216 (occt_1157_stress_after2:arm64+0x10000638c)
    #2 std::__1::thread* std::__1::vector<std::__1::thread, std::__1::allocator<std::__1::thread>>::__emplace_back_slow_path<void (*&)(int, int), int&, int&>(void (*&)(int, int), int&, int&) vector.h:1130 (occt_1157_stress_after2:arm64+0x100006148)
    #3 runOne(char const*, int, int) occt_1157_stress.cpp:359 (occt_1157_stress_after2:arm64+0x100003a08)
    #4 main occt_1157_stress.cpp:396 (occt_1157_stress_after2:arm64+0x100002e08)

  Thread T8 (tid=367793, running) created by main thread at:
    #0 pthread_create <null> (libclang_rt.tsan_osx_dynamic.dylib:arm64e+0x33834)
    #1 std::__1::thread::thread[abi:nqe210106]<void (*&)(int, int), int&, int&, 0>(void (*&)(int, int), int&, int&) thread.h:216 (occt_1157_stress_after2:arm64+0x10000638c)
    #2 runOne(char const*, int, int) occt_1157_stress.cpp:359 (occt_1157_stress_after2:arm64+0x1000039e0)
    #3 main occt_1157_stress.cpp:396 (occt_1157_stress_after2:arm64+0x100002e08)

SUMMARY: ThreadSanitizer: data race pad_and_output.h:80 in std::__1::ostreambuf_iterator<char, std::__1::char_traits<char>> std::__1::__pad_and_output[abi:nqe210106]<char, std::__1::char_traits<char>>(std::__1::ostreambuf_iterator<char, std::__1::char_traits<char>>, char const*, char const*, char const*, std::__1::ios_base&, char)
==================
WARNING: ThreadSanitizer: data race (pid=73731)
  Write of size 8 at 0x0001fab5d950 by thread T8:
    #0 std::__1::ostreambuf_iterator<char, std::__1::char_traits<char>> std::__1::__pad_and_output[abi:nqe210106]<char, std::__1::char_traits<char>>(std::__1::ostreambuf_iterator<char, std::__1::char_traits<char>>, char const*, char const*, char const*, std::__1::ios_base&, char) pad_and_output.h:80 (occt_1157_stress_after2:arm64+0x10000c178)
    #1 std::__1::basic_ostream<char, std::__1::char_traits<char>>& std::__1::__put_character_sequence[abi:nqe210106]<char, std::__1::char_traits<char>>(std::__1::basic_ostream<char, std::__1::char_traits<char>>&, char const*, unsigned long) put_character_sequence.h:37 (occt_1157_stress_after2:arm64+0x10000bec0)
    #2 Message_PrinterOStream::send(TCollection_AsciiString const&, Message_Gravity) const Message_PrinterOStream.cxx:155 (occt_1157_stress_after2:arm64+0x1008f3b48)
    #3 Message_Printer::SendStringStream(std::__1::basic_stringstream<char, std::__1::char_traits<char>, std::__1::allocator<char>> const&, Message_Gravity) const Message_Printer.cxx:70 (occt_1157_stress_after2:arm64+0x1008f314c)
    #4 Message_Messenger::Send(std::__1::basic_stringstream<char, std::__1::char_traits<char>, std::__1::allocator<char>> const&, Message_Gravity) const Message_Messenger.cxx:128 (occt_1157_stress_after2:arm64+0x1008eee80)
    #5 Message_Messenger::StreamBuffer::Flush(bool) Message_Messenger.hxx:75 (occt_1157_stress_after2:arm64+0x1000f0ae8)
    #6 Message_Messenger::StreamBuffer::~StreamBuffer() Message_Messenger.hxx:65 (occt_1157_stress_after2:arm64+0x1000f092c)
    #7 StepSelect_WorkLibrary::WriteFile(IFSelect_ContextWrite&) const StepSelect_WorkLibrary.cxx:150 (occt_1157_stress_after2:arm64+0x10082ccf0)
    #8 IFSelect_ModelCopier::SendAll(char const*, Interface_Graph const&, opencascade::handle<IFSelect_WorkLibrary> const&, opencascade::handle<Interface_Protocol> const&) IFSelect_ModelCopier.cxx:343 (occt_1157_stress_after2:arm64+0x10138659c)
    #9 IFSelect_WorkSession::SendAll(char const*, bool) IFSelect_WorkSession.cxx:2618 (occt_1157_stress_after2:arm64+0x1013c0590)
    #10 STEPControl_Writer::Write(char const*) STEPControl_Writer.cxx:173 (occt_1157_stress_after2:arm64+0x100553190)
    #11 runStepWriteIndependent(int, int) occt_1157_stress.cpp:97 (occt_1157_stress_after2:arm64+0x100000fa8)
    #12 void* std::__1::__thread_proxy[abi:nqe210106]<std::__1::tuple<std::__1::unique_ptr<std::__1::__thread_struct, std::__1::default_delete<std::__1::__thread_struct>>, void (*)(int, int), int, int>>(void*) thread.h:168 (occt_1157_stress_after2:arm64+0x1000064c4)

  Previous write of size 8 at 0x0001fab5d950 by thread T7:
    #0 std::__1::ostreambuf_iterator<char, std::__1::char_traits<char>> std::__1::__pad_and_output[abi:nqe210106]<char, std::__1::char_traits<char>>(std::__1::ostreambuf_iterator<char, std::__1::char_traits<char>>, char const*, char const*, char const*, std::__1::ios_base&, char) pad_and_output.h:80 (occt_1157_stress_after2:arm64+0x10000c178)
    #1 std::__1::basic_ostream<char, std::__1::char_traits<char>>& std::__1::__put_character_sequence[abi:nqe210106]<char, std::__1::char_traits<char>>(std::__1::basic_ostream<char, std::__1::char_traits<char>>&, char const*, unsigned long) put_character_sequence.h:37 (occt_1157_stress_after2:arm64+0x10000bec0)
    #2 Message_PrinterOStream::send(TCollection_AsciiString const&, Message_Gravity) const Message_PrinterOStream.cxx:163 (occt_1157_stress_after2:arm64+0x1008f3b98)
    #3 Message_Printer::SendStringStream(std::__1::basic_stringstream<char, std::__1::char_traits<char>, std::__1::allocator<char>> const&, Message_Gravity) const Message_Printer.cxx:70 (occt_1157_stress_after2:arm64+0x1008f314c)
    #4 Message_Messenger::Send(std::__1::basic_stringstream<char, std::__1::char_traits<char>, std::__1::allocator<char>> const&, Message_Gravity) const Message_Messenger.cxx:128 (occt_1157_stress_after2:arm64+0x1008eee80)
    #5 Message_Messenger::StreamBuffer::Flush(bool) Message_Messenger.hxx:75 (occt_1157_stress_after2:arm64+0x1000f0ae8)
    #6 Message_Messenger::StreamBuffer::~StreamBuffer() Message_Messenger.hxx:65 (occt_1157_stress_after2:arm64+0x1000f092c)
    #7 StepSelect_WorkLibrary::WriteFile(IFSelect_ContextWrite&) const StepSelect_WorkLibrary.cxx:150 (occt_1157_stress_after2:arm64+0x10082ccf0)
    #8 IFSelect_ModelCopier::SendAll(char const*, Interface_Graph const&, opencascade::handle<IFSelect_WorkLibrary> const&, opencascade::handle<Interface_Protocol> const&) IFSelect_ModelCopier.cxx:343 (occt_1157_stress_after2:arm64+0x10138659c)
    #9 IFSelect_WorkSession::SendAll(char const*, bool) IFSelect_WorkSession.cxx:2602 (occt_1157_stress_after2:arm64+0x1013c049c)
    #10 STEPControl_Writer::Write(char const*) STEPControl_Writer.cxx:173 (occt_1157_stress_after2:arm64+0x100553190)
    #11 runStepWriteIndependent(int, int) occt_1157_stress.cpp:97 (occt_1157_stress_after2:arm64+0x100000fa8)
    #12 void* std::__1::__thread_proxy[abi:nqe210106]<std::__1::tuple<std::__1::unique_ptr<std::__1::__thread_struct, std::__1::default_delete<std::__1::__thread_struct>>, void (*)(int, int), int, int>>(void*) thread.h:168 (occt_1157_stress_after2:arm64+0x1000064c4)

  Location is global 'std::__1::cout' at 0x0001fab5d930 (libc++.1.dylib+0x6cb3a950)

  Thread T8 (tid=367793, running) created by main thread at:
    #0 pthread_create <null> (libclang_rt.tsan_osx_dynamic.dylib:arm64e+0x33834)
    #1 std::__1::thread::thread[abi:nqe210106]<void (*&)(int, int), int&, int&, 0>(void (*&)(int, int), int&, int&) thread.h:216 (occt_1157_stress_after2:arm64+0x10000638c)
    #2 runOne(char const*, int, int) occt_1157_stress.cpp:359 (occt_1157_stress_after2:arm64+0x1000039e0)
    #3 main occt_1157_stress.cpp:396 (occt_1157_stress_after2:arm64+0x100002e08)

  Thread T7 (tid=367792, running) created by main thread at:
    #0 pthread_create <null> (libclang_rt.tsan_osx_dynamic.dylib:arm64e+0x33834)
    #1 std::__1::thread::thread[abi:nqe210106]<void (*&)(int, int), int&, int&, 0>(void (*&)(int, int), int&, int&) thread.h:216 (occt_1157_stress_after2:arm64+0x10000638c)
    #2 runOne(char const*, int, int) occt_1157_stress.cpp:359 (occt_1157_stress_after2:arm64+0x1000039e0)
    #3 main occt_1157_stress.cpp:396 (occt_1157_stress_after2:arm64+0x100002e08)

SUMMARY: ThreadSanitizer: data race pad_and_output.h:80 in std::__1::ostreambuf_iterator<char, std::__1::char_traits<char>> std::__1::__pad_and_output[abi:nqe210106]<char, std::__1::char_traits<char>>(std::__1::ostreambuf_iterator<char, std::__1::char_traits<char>>, char const*, char const*, char const*, std::__1::ios_base&, char)
==================
WARNING: ThreadSanitizer: data race (pid=73731)
  Write of size 8 at 0x0001fab5d950 by thread T8:
    #0 std::__1::ostreambuf_iterator<char, std::__1::char_traits<char>> std::__1::__pad_and_output[abi:nqe210106]<char, std::__1::char_traits<char>>(std::__1::ostreambuf_iterator<char, std::__1::char_traits<char>>, char const*, char const*, char const*, std::__1::ios_base&, char) pad_and_output.h:80 (occt_1157_stress_after2:arm64+0x10000c178)
    #1 std::__1::basic_ostream<char, std::__1::char_traits<char>>& std::__1::__put_character_sequence[abi:nqe210106]<char, std::__1::char_traits<char>>(std::__1::basic_ostream<char, std::__1::char_traits<char>>&, char const*, unsigned long) put_character_sequence.h:37 (occt_1157_stress_after2:arm64+0x10000bec0)
    #2 operator<<(std::__1::basic_ostream<char, std::__1::char_traits<char>>&, TCollection_AsciiString const&) TCollection_AsciiString.cxx:1100 (occt_1157_stress_after2:arm64+0x1008d620c)
    #3 Message_PrinterOStream::send(TCollection_AsciiString const&, Message_Gravity) const Message_PrinterOStream.cxx:156 (occt_1157_stress_after2:arm64+0x1008f3b54)
    #4 Message_Printer::SendStringStream(std::__1::basic_stringstream<char, std::__1::char_traits<char>, std::__1::allocator<char>> const&, Message_Gravity) const Message_Printer.cxx:70 (occt_1157_stress_after2:arm64+0x1008f314c)
    #5 Message_Messenger::Send(std::__1::basic_stringstream<char, std::__1::char_traits<char>, std::__1::allocator<char>> const&, Message_Gravity) const Message_Messenger.cxx:128 (occt_1157_stress_after2:arm64+0x1008eee80)
    #6 Message_Messenger::StreamBuffer::Flush(bool) Message_Messenger.hxx:75 (occt_1157_stress_after2:arm64+0x1000f0ae8)
    #7 Message_Messenger::StreamBuffer::~StreamBuffer() Message_Messenger.hxx:65 (occt_1157_stress_after2:arm64+0x1000f092c)
    #8 StepSelect_WorkLibrary::WriteFile(IFSelect_ContextWrite&) const StepSelect_WorkLibrary.cxx:150 (occt_1157_stress_after2:arm64+0x10082ccf0)
    #9 IFSelect_ModelCopier::SendAll(char const*, Interface_Graph const&, opencascade::handle<IFSelect_WorkLibrary> const&, opencascade::handle<Interface_Protocol> const&) IFSelect_ModelCopier.cxx:343 (occt_1157_stress_after2:arm64+0x10138659c)
    #10 IFSelect_WorkSession::SendAll(char const*, bool) IFSelect_WorkSession.cxx:2618 (occt_1157_stress_after2:arm64+0x1013c0590)
    #11 STEPControl_Writer::Write(char const*) STEPControl_Writer.cxx:173 (occt_1157_stress_after2:arm64+0x100553190)
    #12 runStepWriteIndependent(int, int) occt_1157_stress.cpp:97 (occt_1157_stress_after2:arm64+0x100000fa8)
    #13 void* std::__1::__thread_proxy[abi:nqe210106]<std::__1::tuple<std::__1::unique_ptr<std::__1::__thread_struct, std::__1::default_delete<std::__1::__thread_struct>>, void (*)(int, int), int, int>>(void*) thread.h:168 (occt_1157_stress_after2:arm64+0x1000064c4)

  Previous write of size 8 at 0x0001fab5d950 by thread T3:
    #0 std::__1::ostreambuf_iterator<char, std::__1::char_traits<char>> std::__1::__pad_and_output[abi:nqe210106]<char, std::__1::char_traits<char>>(std::__1::ostreambuf_iterator<char, std::__1::char_traits<char>>, char const*, char const*, char const*, std::__1::ios_base&, char) pad_and_output.h:80 (occt_1157_stress_after2:arm64+0x10000c178)
    #1 std::__1::basic_ostream<char, std::__1::char_traits<char>>& std::__1::__put_character_sequence[abi:nqe210106]<char, std::__1::char_traits<char>>(std::__1::basic_ostream<char, std::__1::char_traits<char>>&, char const*, unsigned long) put_character_sequence.h:37 (occt_1157_stress_after2:arm64+0x10000bec0)
    #2 Message_PrinterOStream::send(TCollection_AsciiString const&, Message_Gravity) const Message_PrinterOStream.cxx:163 (occt_1157_stress_after2:arm64+0x1008f3b98)
    #3 Message_Printer::SendStringStream(std::__1::basic_stringstream<char, std::__1::char_traits<char>, std::__1::allocator<char>> const&, Message_Gravity) const Message_Printer.cxx:70 (occt_1157_stress_after2:arm64+0x1008f314c)
    #4 Message_Messenger::Send(std::__1::basic_stringstream<char, std::__1::char_traits<char>, std::__1::allocator<char>> const&, Message_Gravity) const Message_Messenger.cxx:128 (occt_1157_stress_after2:arm64+0x1008eee80)
    #5 Message_Messenger::StreamBuffer::Flush(bool) Message_Messenger.hxx:75 (occt_1157_stress_after2:arm64+0x1000f0ae8)
    #6 Message_Messenger::StreamBuffer::~StreamBuffer() Message_Messenger.hxx:65 (occt_1157_stress_after2:arm64+0x1000f092c)
    #7 IFSelect_ModelCopier::SendAll(char const*, Interface_Graph const&, opencascade::handle<IFSelect_WorkLibrary> const&, opencascade::handle<Interface_Protocol> const&) IFSelect_ModelCopier.cxx:313 (occt_1157_stress_after2:arm64+0x10138642c)
    #8 IFSelect_WorkSession::SendAll(char const*, bool) IFSelect_WorkSession.cxx:2602 (occt_1157_stress_after2:arm64+0x1013c049c)
    #9 STEPControl_Writer::Write(char const*) STEPControl_Writer.cxx:173 (occt_1157_stress_after2:arm64+0x100553190)
    #10 runStepWriteIndependent(int, int) occt_1157_stress.cpp:97 (occt_1157_stress_after2:arm64+0x100000fa8)
    #11 void* std::__1::__thread_proxy[abi:nqe210106]<std::__1::tuple<std::__1::unique_ptr<std::__1::__thread_struct, std::__1::default_delete<std::__1::__thread_struct>>, void (*)(int, int), int, int>>(void*) thread.h:168 (occt_1157_stress_after2:arm64+0x1000064c4)

  Location is global 'std::__1::cout' at 0x0001fab5d930 (libc++.1.dylib+0x6cb3a950)

  Thread T8 (tid=367793, running) created by main thread at:
    #0 pthread_create <null> (libclang_rt.tsan_osx_dynamic.dylib:arm64e+0x33834)
    #1 std::__1::thread::thread[abi:nqe210106]<void (*&)(int, int), int&, int&, 0>(void (*&)(int, int), int&, int&) thread.h:216 (occt_1157_stress_after2:arm64+0x10000638c)
    #2 runOne(char const*, int, int) occt_1157_stress.cpp:359 (occt_1157_stress_after2:arm64+0x1000039e0)
    #3 main occt_1157_stress.cpp:396 (occt_1157_stress_after2:arm64+0x100002e08)

  Thread T3 (tid=367788, running) created by main thread at:
    #0 pthread_create <null> (libclang_rt.tsan_osx_dynamic.dylib:arm64e+0x33834)
    #1 std::__1::thread::thread[abi:nqe210106]<void (*&)(int, int), int&, int&, 0>(void (*&)(int, int), int&, int&) thread.h:216 (occt_1157_stress_after2:arm64+0x10000638c)
    #2 std::__1::thread* std::__1::vector<std::__1::thread, std::__1::allocator<std::__1::thread>>::__emplace_back_slow_path<void (*&)(int, int), int&, int&>(void (*&)(int, int), int&, int&) vector.h:1130 (occt_1157_stress_after2:arm64+0x100006148)
    #3 runOne(char const*, int, int) occt_1157_stress.cpp:359 (occt_1157_stress_after2:arm64+0x100003a08)
    #4 main occt_1157_stress.cpp:396 (occt_1157_stress_after2:arm64+0x100002e08)

SUMMARY: ThreadSanitizer: data race pad_and_output.h:80 in std::__1::ostreambuf_iterator<char, std::__1::char_traits<char>> std::__1::__pad_and_output[abi:nqe210106]<char, std::__1::char_traits<char>>(std::__1::ostreambuf_iterator<char, std::__1::char_traits<char>>, char const*, char const*, char const*, std::__1::ios_base&, char)
==================
WARNING: ThreadSanitizer: data race (pid=73731)
  Write of size 8 at 0x0001fab5d950 by thread T3:
    #0 std::__1::ostreambuf_iterator<char, std::__1::char_traits<char>> std::__1::__pad_and_output[abi:nqe210106]<char, std::__1::char_traits<char>>(std::__1::ostreambuf_iterator<char, std::__1::char_traits<char>>, char const*, char const*, char const*, std::__1::ios_base&, char) pad_and_output.h:80 (occt_1157_stress_after2:arm64+0x10000c178)
    #1 std::__1::basic_ostream<char, std::__1::char_traits<char>>& std::__1::__put_character_sequence[abi:nqe210106]<char, std::__1::char_traits<char>>(std::__1::basic_ostream<char, std::__1::char_traits<char>>&, char const*, unsigned long) put_character_sequence.h:37 (occt_1157_stress_after2:arm64+0x10000bec0)
    #2 Message_PrinterOStream::send(TCollection_AsciiString const&, Message_Gravity) const Message_PrinterOStream.cxx:155 (occt_1157_stress_after2:arm64+0x1008f3b48)
    #3 Message_Printer::SendStringStream(std::__1::basic_stringstream<char, std::__1::char_traits<char>, std::__1::allocator<char>> const&, Message_Gravity) const Message_Printer.cxx:70 (occt_1157_stress_after2:arm64+0x1008f314c)
    #4 Message_Messenger::Send(std::__1::basic_stringstream<char, std::__1::char_traits<char>, std::__1::allocator<char>> const&, Message_Gravity) const Message_Messenger.cxx:128 (occt_1157_stress_after2:arm64+0x1008eee80)
    #5 Message_Messenger::StreamBuffer::Flush(bool) Message_Messenger.hxx:75 (occt_1157_stress_after2:arm64+0x1000f0ae8)
    #6 Message_Messenger::StreamBuffer::~StreamBuffer() Message_Messenger.hxx:65 (occt_1157_stress_after2:arm64+0x1000f092c)
    #7 StepSelect_WorkLibrary::WriteFile(IFSelect_ContextWrite&) const StepSelect_WorkLibrary.cxx:150 (occt_1157_stress_after2:arm64+0x10082ccf0)
    #8 IFSelect_ModelCopier::SendAll(char const*, Interface_Graph const&, opencascade::handle<IFSelect_WorkLibrary> const&, opencascade::handle<Interface_Protocol> const&) IFSelect_ModelCopier.cxx:343 (occt_1157_stress_after2:arm64+0x10138659c)
    #9 IFSelect_WorkSession::SendAll(char const*, bool) IFSelect_WorkSession.cxx:2602 (occt_1157_stress_after2:arm64+0x1013c049c)
    #10 STEPControl_Writer::Write(char const*) STEPControl_Writer.cxx:173 (occt_1157_stress_after2:arm64+0x100553190)
    #11 runStepWriteIndependent(int, int) occt_1157_stress.cpp:97 (occt_1157_stress_after2:arm64+0x100000fa8)
    #12 void* std::__1::__thread_proxy[abi:nqe210106]<std::__1::tuple<std::__1::unique_ptr<std::__1::__thread_struct, std::__1::default_delete<std::__1::__thread_struct>>, void (*)(int, int), int, int>>(void*) thread.h:168 (occt_1157_stress_after2:arm64+0x1000064c4)

  Previous write of size 8 at 0x0001fab5d950 by thread T4 (mutexes: write M0):
    #0 std::__1::ostreambuf_iterator<char, std::__1::char_traits<char>> std::__1::__pad_and_output[abi:nqe210106]<char, std::__1::char_traits<char>>(std::__1::ostreambuf_iterator<char, std::__1::char_traits<char>>, char const*, char const*, char const*, std::__1::ios_base&, char) pad_and_output.h:80 (occt_1157_stress_after2:arm64+0x10000c178)
    #1 std::__1::basic_ostream<char, std::__1::char_traits<char>>& std::__1::__put_character_sequence[abi:nqe210106]<char, std::__1::char_traits<char>>(std::__1::basic_ostream<char, std::__1::char_traits<char>>&, char const*, unsigned long) put_character_sequence.h:37 (occt_1157_stress_after2:arm64+0x10000bec0)
    #2 Message_PrinterOStream::send(TCollection_AsciiString const&, Message_Gravity) const Message_PrinterOStream.cxx:163 (occt_1157_stress_after2:arm64+0x1008f3b98)
    #3 Message_Printer::SendStringStream(std::__1::basic_stringstream<char, std::__1::char_traits<char>, std::__1::allocator<char>> const&, Message_Gravity) const Message_Printer.cxx:70 (occt_1157_stress_after2:arm64+0x1008f314c)
    #4 Message_Messenger::Send(std::__1::basic_stringstream<char, std::__1::char_traits<char>, std::__1::allocator<char>> const&, Message_Gravity) const Message_Messenger.cxx:128 (occt_1157_stress_after2:arm64+0x1008eee80)
    #5 Message_Messenger::StreamBuffer::Flush(bool) Message_Messenger.hxx:75 (occt_1157_stress_after2:arm64+0x1000f0ae8)
    #6 Message_Messenger::StreamBuffer::~StreamBuffer() Message_Messenger.hxx:65 (occt_1157_stress_after2:arm64+0x1000f092c)
    #7 XSControl_TransferWriter::TransferWriteShape(opencascade::handle<Interface_InterfaceModel> const&, TopoDS_Shape const&, Message_ProgressRange const&) XSControl_TransferWriter.cxx:193 (occt_1157_stress_after2:arm64+0x1013eadac)
    #8 XSControl_WorkSession::TransferWriteShape(TopoDS_Shape const&, bool, Message_ProgressRange const&) XSControl_WorkSession.cxx:562 (occt_1157_stress_after2:arm64+0x1013f6874)
    #9 STEPControl_Writer::Transfer(TopoDS_Shape const&, STEPControl_StepModelType, DESTEP_Parameters const&, bool, Message_ProgressRange const&) STEPControl_Writer.cxx:159 (occt_1157_stress_after2:arm64+0x100552d48)
    #10 STEPControl_Writer::Transfer(TopoDS_Shape const&, STEPControl_StepModelType, bool, Message_ProgressRange const&) STEPControl_Writer.cxx:111 (occt_1157_stress_after2:arm64+0x1005527ac)
    #11 runStepWriteIndependent(int, int) occt_1157_stress.cpp:88 (occt_1157_stress_after2:arm64+0x100000b14)
    #12 void* std::__1::__thread_proxy[abi:nqe210106]<std::__1::tuple<std::__1::unique_ptr<std::__1::__thread_struct, std::__1::default_delete<std::__1::__thread_struct>>, void (*)(int, int), int, int>>(void*) thread.h:168 (occt_1157_stress_after2:arm64+0x1000064c4)

  Location is global 'std::__1::cout' at 0x0001fab5d930 (libc++.1.dylib+0x6cb3a950)

  Mutex M0 (0x0001060d1358) created at:
    #0 pthread_mutex_lock <null> (libclang_rt.tsan_osx_dynamic.dylib:arm64e+0x356bc)
    #1 std::__1::mutex::lock() <null> (libc++.1.dylib:arm64e+0x300c)
    #2 STEPControl_Writer::SetWS(opencascade::handle<XSControl_WorkSession> const&, bool) STEPControl_Writer.cxx:56 (occt_1157_stress_after2:arm64+0x100551ff4)
    #3 STEPControl_Writer::STEPControl_Writer() STEPControl_Writer.cxx:39 (occt_1157_stress_after2:arm64+0x100551e7c)
    #4 STEPControl_Writer::STEPControl_Writer() STEPControl_Writer.cxx:37 (occt_1157_stress_after2:arm64+0x1005520b8)
    #5 runStepWriteIndependent(int, int) occt_1157_stress.cpp:85 (occt_1157_stress_after2:arm64+0x100000ad8)
    #6 runOne(char const*, int, int) occt_1157_stress.cpp:349 (occt_1157_stress_after2:arm64+0x10000384c)
    #7 main occt_1157_stress.cpp:396 (occt_1157_stress_after2:arm64+0x100002e08)

  Thread T3 (tid=367788, running) created by main thread at:
    #0 pthread_create <null> (libclang_rt.tsan_osx_dynamic.dylib:arm64e+0x33834)
    #1 std::__1::thread::thread[abi:nqe210106]<void (*&)(int, int), int&, int&, 0>(void (*&)(int, int), int&, int&) thread.h:216 (occt_1157_stress_after2:arm64+0x10000638c)
    #2 std::__1::thread* std::__1::vector<std::__1::thread, std::__1::allocator<std::__1::thread>>::__emplace_back_slow_path<void (*&)(int, int), int&, int&>(void (*&)(int, int), int&, int&) vector.h:1130 (occt_1157_stress_after2:arm64+0x100006148)
    #3 runOne(char const*, int, int) occt_1157_stress.cpp:359 (occt_1157_stress_after2:arm64+0x100003a08)
    #4 main occt_1157_stress.cpp:396 (occt_1157_stress_after2:arm64+0x100002e08)

  Thread T4 (tid=367789, running) created by main thread at:
    #0 pthread_create <null> (libclang_rt.tsan_osx_dynamic.dylib:arm64e+0x33834)
    #1 std::__1::thread::thread[abi:nqe210106]<void (*&)(int, int), int&, int&, 0>(void (*&)(int, int), int&, int&) thread.h:216 (occt_1157_stress_after2:arm64+0x10000638c)
    #2 runOne(char const*, int, int) occt_1157_stress.cpp:359 (occt_1157_stress_after2:arm64+0x1000039e0)
    #3 main occt_1157_stress.cpp:396 (occt_1157_stress_after2:arm64+0x100002e08)

SUMMARY: ThreadSanitizer: data race pad_and_output.h:80 in std::__1::ostreambuf_iterator<char, std::__1::char_traits<char>> std::__1::__pad_and_output[abi:nqe210106]<char, std::__1::char_traits<char>>(std::__1::ostreambuf_iterator<char, std::__1::char_traits<char>>, char const*, char const*, char const*, std::__1::ios_base&, char)
==================
WARNING: ThreadSanitizer: data race (pid=73731)
  Write of size 8 at 0x0001fab5d950 by thread T3:
    #0 std::__1::ostreambuf_iterator<char, std::__1::char_traits<char>> std::__1::__pad_and_output[abi:nqe210106]<char, std::__1::char_traits<char>>(std::__1::ostreambuf_iterator<char, std::__1::char_traits<char>>, char const*, char const*, char const*, std::__1::ios_base&, char) pad_and_output.h:80 (occt_1157_stress_after2:arm64+0x10000c178)
    #1 std::__1::basic_ostream<char, std::__1::char_traits<char>>& std::__1::__put_character_sequence[abi:nqe210106]<char, std::__1::char_traits<char>>(std::__1::basic_ostream<char, std::__1::char_traits<char>>&, char const*, unsigned long) put_character_sequence.h:37 (occt_1157_stress_after2:arm64+0x10000bec0)
    #2 operator<<(std::__1::basic_ostream<char, std::__1::char_traits<char>>&, TCollection_AsciiString const&) TCollection_AsciiString.cxx:1100 (occt_1157_stress_after2:arm64+0x1008d620c)
    #3 Message_PrinterOStream::send(TCollection_AsciiString const&, Message_Gravity) const Message_PrinterOStream.cxx:156 (occt_1157_stress_after2:arm64+0x1008f3b54)
    #4 Message_Printer::SendStringStream(std::__1::basic_stringstream<char, std::__1::char_traits<char>, std::__1::allocator<char>> const&, Message_Gravity) const Message_Printer.cxx:70 (occt_1157_stress_after2:arm64+0x1008f314c)
    #5 Message_Messenger::Send(std::__1::basic_stringstream<char, std::__1::char_traits<char>, std::__1::allocator<char>> const&, Message_Gravity) const Message_Messenger.cxx:128 (occt_1157_stress_after2:arm64+0x1008eee80)
    #6 Message_Messenger::StreamBuffer::Flush(bool) Message_Messenger.hxx:75 (occt_1157_stress_after2:arm64+0x1000f0ae8)
    #7 Message_Messenger::StreamBuffer::~StreamBuffer() Message_Messenger.hxx:65 (occt_1157_stress_after2:arm64+0x1000f092c)
    #8 StepSelect_WorkLibrary::WriteFile(IFSelect_ContextWrite&) const StepSelect_WorkLibrary.cxx:150 (occt_1157_stress_after2:arm64+0x10082ccf0)
    #9 IFSelect_ModelCopier::SendAll(char const*, Interface_Graph const&, opencascade::handle<IFSelect_WorkLibrary> const&, opencascade::handle<Interface_Protocol> const&) IFSelect_ModelCopier.cxx:343 (occt_1157_stress_after2:arm64+0x10138659c)
    #10 IFSelect_WorkSession::SendAll(char const*, bool) IFSelect_WorkSession.cxx:2602 (occt_1157_stress_after2:arm64+0x1013c049c)
    #11 STEPControl_Writer::Write(char const*) STEPControl_Writer.cxx:173 (occt_1157_stress_after2:arm64+0x100553190)
    #12 runStepWriteIndependent(int, int) occt_1157_stress.cpp:97 (occt_1157_stress_after2:arm64+0x100000fa8)
    #13 void* std::__1::__thread_proxy[abi:nqe210106]<std::__1::tuple<std::__1::unique_ptr<std::__1::__thread_struct, std::__1::default_delete<std::__1::__thread_struct>>, void (*)(int, int), int, int>>(void*) thread.h:168 (occt_1157_stress_after2:arm64+0x1000064c4)

  Previous write of size 8 at 0x0001fab5d950 by thread T2:
    #0 std::__1::ostreambuf_iterator<char, std::__1::char_traits<char>> std::__1::__pad_and_output[abi:nqe210106]<char, std::__1::char_traits<char>>(std::__1::ostreambuf_iterator<char, std::__1::char_traits<char>>, char const*, char const*, char const*, std::__1::ios_base&, char) pad_and_output.h:80 (occt_1157_stress_after2:arm64+0x10000c178)
    #1 std::__1::basic_ostream<char, std::__1::char_traits<char>>& std::__1::__put_character_sequence[abi:nqe210106]<char, std::__1::char_traits<char>>(std::__1::basic_ostream<char, std::__1::char_traits<char>>&, char const*, unsigned long) put_character_sequence.h:37 (occt_1157_stress_after2:arm64+0x10000bec0)
    #2 Message_PrinterOStream::send(TCollection_AsciiString const&, Message_Gravity) const Message_PrinterOStream.cxx:163 (occt_1157_stress_after2:arm64+0x1008f3b98)
    #3 Message_Printer::SendStringStream(std::__1::basic_stringstream<char, std::__1::char_traits<char>, std::__1::allocator<char>> const&, Message_Gravity) const Message_Printer.cxx:70 (occt_1157_stress_after2:arm64+0x1008f314c)
    #4 Message_Messenger::Send(std::__1::basic_stringstream<char, std::__1::char_traits<char>, std::__1::allocator<char>> const&, Message_Gravity) const Message_Messenger.cxx:128 (occt_1157_stress_after2:arm64+0x1008eee80)
    #5 Message_Messenger::StreamBuffer::Flush(bool) Message_Messenger.hxx:75 (occt_1157_stress_after2:arm64+0x1000f0ae8)
    #6 Message_Messenger::StreamBuffer::~StreamBuffer() Message_Messenger.hxx:65 (occt_1157_stress_after2:arm64+0x1000f092c)
    #7 IFSelect_ModelCopier::SendAll(char const*, Interface_Graph const&, opencascade::handle<IFSelect_WorkLibrary> const&, opencascade::handle<Interface_Protocol> const&) IFSelect_ModelCopier.cxx:313 (occt_1157_stress_after2:arm64+0x10138642c)
    #8 IFSelect_WorkSession::SendAll(char const*, bool) IFSelect_WorkSession.cxx:2602 (occt_1157_stress_after2:arm64+0x1013c049c)
    #9 STEPControl_Writer::Write(char const*) STEPControl_Writer.cxx:173 (occt_1157_stress_after2:arm64+0x100553190)
    #10 runStepWriteIndependent(int, int) occt_1157_stress.cpp:97 (occt_1157_stress_after2:arm64+0x100000fa8)
    #11 void* std::__1::__thread_proxy[abi:nqe210106]<std::__1::tuple<std::__1::unique_ptr<std::__1::__thread_struct, std::__1::default_delete<std::__1::__thread_struct>>, void (*)(int, int), int, int>>(void*) thread.h:168 (occt_1157_stress_after2:arm64+0x1000064c4)

  Location is global 'std::__1::cout' at 0x0001fab5d930 (libc++.1.dylib+0x6cb3a950)

  Thread T3 (tid=367788, running) created by main thread at:
    #0 pthread_create <null> (libclang_rt.tsan_osx_dynamic.dylib:arm64e+0x33834)
    #1 std::__1::thread::thread[abi:nqe210106]<void (*&)(int, int), int&, int&, 0>(void (*&)(int, int), int&, int&) thread.h:216 (occt_1157_stress_after2:arm64+0x10000638c)
    #2 std::__1::thread* std::__1::vector<std::__1::thread, std::__1::allocator<std::__1::thread>>::__emplace_back_slow_path<void (*&)(int, int), int&, int&>(void (*&)(int, int), int&, int&) vector.h:1130 (occt_1157_stress_after2:arm64+0x100006148)
    #3 runOne(char const*, int, int) occt_1157_stress.cpp:359 (occt_1157_stress_after2:arm64+0x100003a08)
    #4 main occt_1157_stress.cpp:396 (occt_1157_stress_after2:arm64+0x100002e08)

  Thread T2 (tid=367787, running) created by main thread at:
    #0 pthread_create <null> (libclang_rt.tsan_osx_dynamic.dylib:arm64e+0x33834)
    #1 std::__1::thread::thread[abi:nqe210106]<void (*&)(int, int), int&, int&, 0>(void (*&)(int, int), int&, int&) thread.h:216 (occt_1157_stress_after2:arm64+0x10000638c)
    #2 std::__1::thread* std::__1::vector<std::__1::thread, std::__1::allocator<std::__1::thread>>::__emplace_back_slow_path<void (*&)(int, int), int&, int&>(void (*&)(int, int), int&, int&) vector.h:1130 (occt_1157_stress_after2:arm64+0x100006148)
    #3 runOne(char const*, int, int) occt_1157_stress.cpp:359 (occt_1157_stress_after2:arm64+0x100003a08)
    #4 main occt_1157_stress.cpp:396 (occt_1157_stress_after2:arm64+0x100002e08)

SUMMARY: ThreadSanitizer: data race pad_and_output.h:80 in std::__1::ostreambuf_iterator<char, std::__1::char_traits<char>> std::__1::__pad_and_output[abi:nqe210106]<char, std::__1::char_traits<char>>(std::__1::ostreambuf_iterator<char, std::__1::char_traits<char>>, char const*, char const*, char const*, std::__1::ios_base&, char)
==================
WARNING: ThreadSanitizer: data race (pid=73731)
  Write of size 8 at 0x0001fab5d950 by thread T4 (mutexes: write M0):
    #0 std::__1::ostreambuf_iterator<char, std::__1::char_traits<char>> std::__1::__pad_and_output[abi:nqe210106]<char, std::__1::char_traits<char>>(std::__1::ostreambuf_iterator<char, std::__1::char_traits<char>>, char const*, char const*, char const*, std::__1::ios_base&, char) pad_and_output.h:80 (occt_1157_stress_after2:arm64+0x10000c178)
    #1 std::__1::basic_ostream<char, std::__1::char_traits<char>>& std::__1::__put_character_sequence[abi:nqe210106]<char, std::__1::char_traits<char>>(std::__1::basic_ostream<char, std::__1::char_traits<char>>&, char const*, unsigned long) put_character_sequence.h:37 (occt_1157_stress_after2:arm64+0x10000bec0)
    #2 Message_PrinterOStream::send(TCollection_AsciiString const&, Message_Gravity) const Message_PrinterOStream.cxx:155 (occt_1157_stress_after2:arm64+0x1008f3b48)
    #3 Message_Printer::SendStringStream(std::__1::basic_stringstream<char, std::__1::char_traits<char>, std::__1::allocator<char>> const&, Message_Gravity) const Message_Printer.cxx:70 (occt_1157_stress_after2:arm64+0x1008f314c)
    #4 Message_Messenger::Send(std::__1::basic_stringstream<char, std::__1::char_traits<char>, std::__1::allocator<char>> const&, Message_Gravity) const Message_Messenger.cxx:128 (occt_1157_stress_after2:arm64+0x1008eee80)
    #5 Message_Messenger::StreamBuffer::Flush(bool) Message_Messenger.hxx:75 (occt_1157_stress_after2:arm64+0x1000f0ae8)
    #6 Message_Messenger::StreamBuffer::~StreamBuffer() Message_Messenger.hxx:65 (occt_1157_stress_after2:arm64+0x1000f092c)
    #7 XSControl_TransferWriter::TransferWriteShape(opencascade::handle<Interface_InterfaceModel> const&, TopoDS_Shape const&, Message_ProgressRange const&) XSControl_TransferWriter.cxx:193 (occt_1157_stress_after2:arm64+0x1013eadac)
    #8 XSControl_WorkSession::TransferWriteShape(TopoDS_Shape const&, bool, Message_ProgressRange const&) XSControl_WorkSession.cxx:562 (occt_1157_stress_after2:arm64+0x1013f6874)
    #9 STEPControl_Writer::Transfer(TopoDS_Shape const&, STEPControl_StepModelType, DESTEP_Parameters const&, bool, Message_ProgressRange const&) STEPControl_Writer.cxx:159 (occt_1157_stress_after2:arm64+0x100552d48)
    #10 STEPControl_Writer::Transfer(TopoDS_Shape const&, STEPControl_StepModelType, bool, Message_ProgressRange const&) STEPControl_Writer.cxx:111 (occt_1157_stress_after2:arm64+0x1005527ac)
    #11 runStepWriteIndependent(int, int) occt_1157_stress.cpp:88 (occt_1157_stress_after2:arm64+0x100000b14)
    #12 void* std::__1::__thread_proxy[abi:nqe210106]<std::__1::tuple<std::__1::unique_ptr<std::__1::__thread_struct, std::__1::default_delete<std::__1::__thread_struct>>, void (*)(int, int), int, int>>(void*) thread.h:168 (occt_1157_stress_after2:arm64+0x1000064c4)

  Previous write of size 8 at 0x0001fab5d950 by thread T3:
    #0 std::__1::ostreambuf_iterator<char, std::__1::char_traits<char>> std::__1::__pad_and_output[abi:nqe210106]<char, std::__1::char_traits<char>>(std::__1::ostreambuf_iterator<char, std::__1::char_traits<char>>, char const*, char const*, char const*, std::__1::ios_base&, char) pad_and_output.h:80 (occt_1157_stress_after2:arm64+0x10000c178)
    #1 std::__1::basic_ostream<char, std::__1::char_traits<char>>& std::__1::__put_character_sequence[abi:nqe210106]<char, std::__1::char_traits<char>>(std::__1::basic_ostream<char, std::__1::char_traits<char>>&, char const*, unsigned long) put_character_sequence.h:37 (occt_1157_stress_after2:arm64+0x10000bec0)
    #2 Message_PrinterOStream::send(TCollection_AsciiString const&, Message_Gravity) const Message_PrinterOStream.cxx:163 (occt_1157_stress_after2:arm64+0x1008f3b98)
    #3 Message_Printer::SendStringStream(std::__1::basic_stringstream<char, std::__1::char_traits<char>, std::__1::allocator<char>> const&, Message_Gravity) const Message_Printer.cxx:70 (occt_1157_stress_after2:arm64+0x1008f314c)
    #4 Message_Messenger::Send(std::__1::basic_stringstream<char, std::__1::char_traits<char>, std::__1::allocator<char>> const&, Message_Gravity) const Message_Messenger.cxx:128 (occt_1157_stress_after2:arm64+0x1008eee80)
    #5 Message_Messenger::StreamBuffer::Flush(bool) Message_Messenger.hxx:75 (occt_1157_stress_after2:arm64+0x1000f0ae8)
    #6 Message_Messenger::StreamBuffer::~StreamBuffer() Message_Messenger.hxx:65 (occt_1157_stress_after2:arm64+0x1000f092c)
    #7 StepSelect_WorkLibrary::WriteFile(IFSelect_ContextWrite&) const StepSelect_WorkLibrary.cxx:150 (occt_1157_stress_after2:arm64+0x10082ccf0)
    #8 IFSelect_ModelCopier::SendAll(char const*, Interface_Graph const&, opencascade::handle<IFSelect_WorkLibrary> const&, opencascade::handle<Interface_Protocol> const&) IFSelect_ModelCopier.cxx:343 (occt_1157_stress_after2:arm64+0x10138659c)
    #9 IFSelect_WorkSession::SendAll(char const*, bool) IFSelect_WorkSession.cxx:2602 (occt_1157_stress_after2:arm64+0x1013c049c)
    #10 STEPControl_Writer::Write(char const*) STEPControl_Writer.cxx:173 (occt_1157_stress_after2:arm64+0x100553190)
    #11 runStepWriteIndependent(int, int) occt_1157_stress.cpp:97 (occt_1157_stress_after2:arm64+0x100000fa8)
    #12 void* std::__1::__thread_proxy[abi:nqe210106]<std::__1::tuple<std::__1::unique_ptr<std::__1::__thread_struct, std::__1::default_delete<std::__1::__thread_struct>>, void (*)(int, int), int, int>>(void*) thread.h:168 (occt_1157_stress_after2:arm64+0x1000064c4)

  Location is global 'std::__1::cout' at 0x0001fab5d930 (libc++.1.dylib+0x6cb3a950)

  Mutex M0 (0x0001060d1358) created at:
    #0 pthread_mutex_lock <null> (libclang_rt.tsan_osx_dynamic.dylib:arm64e+0x356bc)
    #1 std::__1::mutex::lock() <null> (libc++.1.dylib:arm64e+0x300c)
    #2 STEPControl_Writer::SetWS(opencascade::handle<XSControl_WorkSession> const&, bool) STEPControl_Writer.cxx:56 (occt_1157_stress_after2:arm64+0x100551ff4)
    #3 STEPControl_Writer::STEPControl_Writer() STEPControl_Writer.cxx:39 (occt_1157_stress_after2:arm64+0x100551e7c)
    #4 STEPControl_Writer::STEPControl_Writer() STEPControl_Writer.cxx:37 (occt_1157_stress_after2:arm64+0x1005520b8)
    #5 runStepWriteIndependent(int, int) occt_1157_stress.cpp:85 (occt_1157_stress_after2:arm64+0x100000ad8)
    #6 runOne(char const*, int, int) occt_1157_stress.cpp:349 (occt_1157_stress_after2:arm64+0x10000384c)
    #7 main occt_1157_stress.cpp:396 (occt_1157_stress_after2:arm64+0x100002e08)

  Thread T4 (tid=367789, running) created by main thread at:
    #0 pthread_create <null> (libclang_rt.tsan_osx_dynamic.dylib:arm64e+0x33834)
    #1 std::__1::thread::thread[abi:nqe210106]<void (*&)(int, int), int&, int&, 0>(void (*&)(int, int), int&, int&) thread.h:216 (occt_1157_stress_after2:arm64+0x10000638c)
    #2 runOne(char const*, int, int) occt_1157_stress.cpp:359 (occt_1157_stress_after2:arm64+0x1000039e0)
    #3 main occt_1157_stress.cpp:396 (occt_1157_stress_after2:arm64+0x100002e08)

  Thread T3 (tid=367788, running) created by main thread at:
    #0 pthread_create <null> (libclang_rt.tsan_osx_dynamic.dylib:arm64e+0x33834)
    #1 std::__1::thread::thread[abi:nqe210106]<void (*&)(int, int), int&, int&, 0>(void (*&)(int, int), int&, int&) thread.h:216 (occt_1157_stress_after2:arm64+0x10000638c)
    #2 std::__1::thread* std::__1::vector<std::__1::thread, std::__1::allocator<std::__1::thread>>::__emplace_back_slow_path<void (*&)(int, int), int&, int&>(void (*&)(int, int), int&, int&) vector.h:1130 (occt_1157_stress_after2:arm64+0x100006148)
    #3 runOne(char const*, int, int) occt_1157_stress.cpp:359 (occt_1157_stress_after2:arm64+0x100003a08)
    #4 main occt_1157_stress.cpp:396 (occt_1157_stress_after2:arm64+0x100002e08)

SUMMARY: ThreadSanitizer: data race pad_and_output.h:80 in std::__1::ostreambuf_iterator<char, std::__1::char_traits<char>> std::__1::__pad_and_output[abi:nqe210106]<char, std::__1::char_traits<char>>(std::__1::ostreambuf_iterator<char, std::__1::char_traits<char>>, char const*, char const*, char const*, std::__1::ios_base&, char)
==================
WARNING: ThreadSanitizer: data race (pid=73731)
  Write of size 8 at 0x0001fab5d950 by thread T6 (mutexes: write M0):
    #0 std::__1::ostreambuf_iterator<char, std::__1::char_traits<char>> std::__1::__pad_and_output[abi:nqe210106]<char, std::__1::char_traits<char>>(std::__1::ostreambuf_iterator<char, std::__1::char_traits<char>>, char const*, char const*, char const*, std::__1::ios_base&, char) pad_and_output.h:80 (occt_1157_stress_after2:arm64+0x10000c178)
    #1 std::__1::basic_ostream<char, std::__1::char_traits<char>>& std::__1::__put_character_sequence[abi:nqe210106]<char, std::__1::char_traits<char>>(std::__1::basic_ostream<char, std::__1::char_traits<char>>&, char const*, unsigned long) put_character_sequence.h:37 (occt_1157_stress_after2:arm64+0x10000bec0)
    #2 operator<<(std::__1::basic_ostream<char, std::__1::char_traits<char>>&, TCollection_AsciiString const&) TCollection_AsciiString.cxx:1100 (occt_1157_stress_after2:arm64+0x1008d620c)
    #3 Message_PrinterOStream::send(TCollection_AsciiString const&, Message_Gravity) const Message_PrinterOStream.cxx:156 (occt_1157_stress_after2:arm64+0x1008f3b54)
    #4 Message_Printer::SendStringStream(std::__1::basic_stringstream<char, std::__1::char_traits<char>, std::__1::allocator<char>> const&, Message_Gravity) const Message_Printer.cxx:70 (occt_1157_stress_after2:arm64+0x1008f314c)
    #5 Message_Messenger::Send(std::__1::basic_stringstream<char, std::__1::char_traits<char>, std::__1::allocator<char>> const&, Message_Gravity) const Message_Messenger.cxx:128 (occt_1157_stress_after2:arm64+0x1008eee80)
    #6 Message_Messenger::StreamBuffer::Flush(bool) Message_Messenger.hxx:75 (occt_1157_stress_after2:arm64+0x1000f0ae8)
    #7 Message_Messenger::StreamBuffer::~StreamBuffer() Message_Messenger.hxx:65 (occt_1157_stress_after2:arm64+0x1000f092c)
    #8 XSControl_TransferWriter::TransferWriteShape(opencascade::handle<Interface_InterfaceModel> const&, TopoDS_Shape const&, Message_ProgressRange const&) XSControl_TransferWriter.cxx:193 (occt_1157_stress_after2:arm64+0x1013eadac)
    #9 XSControl_WorkSession::TransferWriteShape(TopoDS_Shape const&, bool, Message_ProgressRange const&) XSControl_WorkSession.cxx:562 (occt_1157_stress_after2:arm64+0x1013f6874)
    #10 STEPControl_Writer::Transfer(TopoDS_Shape const&, STEPControl_StepModelType, DESTEP_Parameters const&, bool, Message_ProgressRange const&) STEPControl_Writer.cxx:159 (occt_1157_stress_after2:arm64+0x100552d48)
    #11 STEPControl_Writer::Transfer(TopoDS_Shape const&, STEPControl_StepModelType, bool, Message_ProgressRange const&) STEPControl_Writer.cxx:111 (occt_1157_stress_after2:arm64+0x1005527ac)
    #12 runStepWriteIndependent(int, int) occt_1157_stress.cpp:88 (occt_1157_stress_after2:arm64+0x100000b14)
    #13 void* std::__1::__thread_proxy[abi:nqe210106]<std::__1::tuple<std::__1::unique_ptr<std::__1::__thread_struct, std::__1::default_delete<std::__1::__thread_struct>>, void (*)(int, int), int, int>>(void*) thread.h:168 (occt_1157_stress_after2:arm64+0x1000064c4)

  Previous write of size 8 at 0x0001fab5d950 by thread T5:
    #0 std::__1::ostreambuf_iterator<char, std::__1::char_traits<char>> std::__1::__pad_and_output[abi:nqe210106]<char, std::__1::char_traits<char>>(std::__1::ostreambuf_iterator<char, std::__1::char_traits<char>>, char const*, char const*, char const*, std::__1::ios_base&, char) pad_and_output.h:80 (occt_1157_stress_after2:arm64+0x10000c178)
    #1 std::__1::basic_ostream<char, std::__1::char_traits<char>>& std::__1::__put_character_sequence[abi:nqe210106]<char, std::__1::char_traits<char>>(std::__1::basic_ostream<char, std::__1::char_traits<char>>&, char const*, unsigned long) put_character_sequence.h:37 (occt_1157_stress_after2:arm64+0x10000bec0)
    #2 Message_PrinterOStream::send(TCollection_AsciiString const&, Message_Gravity) const Message_PrinterOStream.cxx:155 (occt_1157_stress_after2:arm64+0x1008f3b48)
    #3 Message_Printer::SendStringStream(std::__1::basic_stringstream<char, std::__1::char_traits<char>, std::__1::allocator<char>> const&, Message_Gravity) const Message_Printer.cxx:70 (occt_1157_stress_after2:arm64+0x1008f314c)
    #4 Message_Messenger::Send(std::__1::basic_stringstream<char, std::__1::char_traits<char>, std::__1::allocator<char>> const&, Message_Gravity) const Message_Messenger.cxx:128 (occt_1157_stress_after2:arm64+0x1008eee80)
    #5 Message_Messenger::StreamBuffer::Flush(bool) Message_Messenger.hxx:75 (occt_1157_stress_after2:arm64+0x1000f0ae8)
    #6 Message_Messenger::StreamBuffer::~StreamBuffer() Message_Messenger.hxx:65 (occt_1157_stress_after2:arm64+0x1000f092c)
    #7 StepSelect_WorkLibrary::WriteFile(IFSelect_ContextWrite&) const StepSelect_WorkLibrary.cxx:150 (occt_1157_stress_after2:arm64+0x10082ccf0)
    #8 IFSelect_ModelCopier::SendAll(char const*, Interface_Graph const&, opencascade::handle<IFSelect_WorkLibrary> const&, opencascade::handle<Interface_Protocol> const&) IFSelect_ModelCopier.cxx:343 (occt_1157_stress_after2:arm64+0x10138659c)
    #9 IFSelect_WorkSession::SendAll(char const*, bool) IFSelect_WorkSession.cxx:2602 (occt_1157_stress_after2:arm64+0x1013c049c)
    #10 STEPControl_Writer::Write(char const*) STEPControl_Writer.cxx:173 (occt_1157_stress_after2:arm64+0x100553190)
    #11 runStepWriteIndependent(int, int) occt_1157_stress.cpp:97 (occt_1157_stress_after2:arm64+0x100000fa8)
    #12 void* std::__1::__thread_proxy[abi:nqe210106]<std::__1::tuple<std::__1::unique_ptr<std::__1::__thread_struct, std::__1::default_delete<std::__1::__thread_struct>>, void (*)(int, int), int, int>>(void*) thread.h:168 (occt_1157_stress_after2:arm64+0x1000064c4)

  Location is global 'std::__1::cout' at 0x0001fab5d930 (libc++.1.dylib+0x6cb3a950)

  Mutex M0 (0x0001060d1358) created at:
    #0 pthread_mutex_lock <null> (libclang_rt.tsan_osx_dynamic.dylib:arm64e+0x356bc)
    #1 std::__1::mutex::lock() <null> (libc++.1.dylib:arm64e+0x300c)
    #2 STEPControl_Writer::SetWS(opencascade::handle<XSControl_WorkSession> const&, bool) STEPControl_Writer.cxx:56 (occt_1157_stress_after2:arm64+0x100551ff4)
    #3 STEPControl_Writer::STEPControl_Writer() STEPControl_Writer.cxx:39 (occt_1157_stress_after2:arm64+0x100551e7c)
    #4 STEPControl_Writer::STEPControl_Writer() STEPControl_Writer.cxx:37 (occt_1157_stress_after2:arm64+0x1005520b8)
    #5 runStepWriteIndependent(int, int) occt_1157_stress.cpp:85 (occt_1157_stress_after2:arm64+0x100000ad8)
    #6 runOne(char const*, int, int) occt_1157_stress.cpp:349 (occt_1157_stress_after2:arm64+0x10000384c)
    #7 main occt_1157_stress.cpp:396 (occt_1157_stress_after2:arm64+0x100002e08)

  Thread T6 (tid=367791, running) created by main thread at:
    #0 pthread_create <null> (libclang_rt.tsan_osx_dynamic.dylib:arm64e+0x33834)
    #1 std::__1::thread::thread[abi:nqe210106]<void (*&)(int, int), int&, int&, 0>(void (*&)(int, int), int&, int&) thread.h:216 (occt_1157_stress_after2:arm64+0x10000638c)
    #2 runOne(char const*, int, int) occt_1157_stress.cpp:359 (occt_1157_stress_after2:arm64+0x1000039e0)
    #3 main occt_1157_stress.cpp:396 (occt_1157_stress_after2:arm64+0x100002e08)

  Thread T5 (tid=367790, running) created by main thread at:
    #0 pthread_create <null> (libclang_rt.tsan_osx_dynamic.dylib:arm64e+0x33834)
    #1 std::__1::thread::thread[abi:nqe210106]<void (*&)(int, int), int&, int&, 0>(void (*&)(int, int), int&, int&) thread.h:216 (occt_1157_stress_after2:arm64+0x10000638c)
    #2 std::__1::thread* std::__1::vector<std::__1::thread, std::__1::allocator<std::__1::thread>>::__emplace_back_slow_path<void (*&)(int, int), int&, int&>(void (*&)(int, int), int&, int&) vector.h:1130 (occt_1157_stress_after2:arm64+0x100006148)
    #3 runOne(char const*, int, int) occt_1157_stress.cpp:359 (occt_1157_stress_after2:arm64+0x100003a08)
    #4 main occt_1157_stress.cpp:396 (occt_1157_stress_after2:arm64+0x100002e08)

SUMMARY: ThreadSanitizer: data race pad_and_output.h:80 in std::__1::ostreambuf_iterator<char, std::__1::char_traits<char>> std::__1::__pad_and_output[abi:nqe210106]<char, std::__1::char_traits<char>>(std::__1::ostreambuf_iterator<char, std::__1::char_traits<char>>, char const*, char const*, char const*, std::__1::ios_base&, char)
==================
WARNING: ThreadSanitizer: data race (pid=73731)
  Write of size 8 at 0x0001fab5d950 by thread T6 (mutexes: write M0):
    #0 std::__1::ostreambuf_iterator<char, std::__1::char_traits<char>> std::__1::__pad_and_output[abi:nqe210106]<char, std::__1::char_traits<char>>(std::__1::ostreambuf_iterator<char, std::__1::char_traits<char>>, char const*, char const*, char const*, std::__1::ios_base&, char) pad_and_output.h:80 (occt_1157_stress_after2:arm64+0x10000c178)
    #1 std::__1::basic_ostream<char, std::__1::char_traits<char>>& std::__1::__put_character_sequence[abi:nqe210106]<char, std::__1::char_traits<char>>(std::__1::basic_ostream<char, std::__1::char_traits<char>>&, char const*, unsigned long) put_character_sequence.h:37 (occt_1157_stress_after2:arm64+0x10000bec0)
    #2 Message_PrinterOStream::send(TCollection_AsciiString const&, Message_Gravity) const Message_PrinterOStream.cxx:157 (occt_1157_stress_after2:arm64+0x1008f3b68)
    #3 Message_Printer::SendStringStream(std::__1::basic_stringstream<char, std::__1::char_traits<char>, std::__1::allocator<char>> const&, Message_Gravity) const Message_Printer.cxx:70 (occt_1157_stress_after2:arm64+0x1008f314c)
    #4 Message_Messenger::Send(std::__1::basic_stringstream<char, std::__1::char_traits<char>, std::__1::allocator<char>> const&, Message_Gravity) const Message_Messenger.cxx:128 (occt_1157_stress_after2:arm64+0x1008eee80)
    #5 Message_Messenger::StreamBuffer::Flush(bool) Message_Messenger.hxx:75 (occt_1157_stress_after2:arm64+0x1000f0ae8)
    #6 Message_Messenger::StreamBuffer::~StreamBuffer() Message_Messenger.hxx:65 (occt_1157_stress_after2:arm64+0x1000f092c)
    #7 XSControl_TransferWriter::TransferWriteShape(opencascade::handle<Interface_InterfaceModel> const&, TopoDS_Shape const&, Message_ProgressRange const&) XSControl_TransferWriter.cxx:193 (occt_1157_stress_after2:arm64+0x1013eadac)
    #8 XSControl_WorkSession::TransferWriteShape(TopoDS_Shape const&, bool, Message_ProgressRange const&) XSControl_WorkSession.cxx:562 (occt_1157_stress_after2:arm64+0x1013f6874)
    #9 STEPControl_Writer::Transfer(TopoDS_Shape const&, STEPControl_StepModelType, DESTEP_Parameters const&, bool, Message_ProgressRange const&) STEPControl_Writer.cxx:159 (occt_1157_stress_after2:arm64+0x100552d48)
    #10 STEPControl_Writer::Transfer(TopoDS_Shape const&, STEPControl_StepModelType, bool, Message_ProgressRange const&) STEPControl_Writer.cxx:111 (occt_1157_stress_after2:arm64+0x1005527ac)
    #11 runStepWriteIndependent(int, int) occt_1157_stress.cpp:88 (occt_1157_stress_after2:arm64+0x100000b14)
    #12 void* std::__1::__thread_proxy[abi:nqe210106]<std::__1::tuple<std::__1::unique_ptr<std::__1::__thread_struct, std::__1::default_delete<std::__1::__thread_struct>>, void (*)(int, int), int, int>>(void*) thread.h:168 (occt_1157_stress_after2:arm64+0x1000064c4)

  Previous write of size 8 at 0x0001fab5d950 by thread T5:
    #0 std::__1::ostreambuf_iterator<char, std::__1::char_traits<char>> std::__1::__pad_and_output[abi:nqe210106]<char, std::__1::char_traits<char>>(std::__1::ostreambuf_iterator<char, std::__1::char_traits<char>>, char const*, char const*, char const*, std::__1::ios_base&, char) pad_and_output.h:80 (occt_1157_stress_after2:arm64+0x10000c178)
    #1 std::__1::basic_ostream<char, std::__1::char_traits<char>>& std::__1::__put_character_sequence[abi:nqe210106]<char, std::__1::char_traits<char>>(std::__1::basic_ostream<char, std::__1::char_traits<char>>&, char const*, unsigned long) put_character_sequence.h:37 (occt_1157_stress_after2:arm64+0x10000bec0)
    #2 Message_PrinterOStream::send(TCollection_AsciiString const&, Message_Gravity) const Message_PrinterOStream.cxx:163 (occt_1157_stress_after2:arm64+0x1008f3b98)
    #3 Message_Printer::SendStringStream(std::__1::basic_stringstream<char, std::__1::char_traits<char>, std::__1::allocator<char>> const&, Message_Gravity) const Message_Printer.cxx:70 (occt_1157_stress_after2:arm64+0x1008f314c)
    #4 Message_Messenger::Send(std::__1::basic_stringstream<char, std::__1::char_traits<char>, std::__1::allocator<char>> const&, Message_Gravity) const Message_Messenger.cxx:128 (occt_1157_stress_after2:arm64+0x1008eee80)
    #5 Message_Messenger::StreamBuffer::Flush(bool) Message_Messenger.hxx:75 (occt_1157_stress_after2:arm64+0x1000f0ae8)
    #6 Message_Messenger::StreamBuffer::~StreamBuffer() Message_Messenger.hxx:65 (occt_1157_stress_after2:arm64+0x1000f092c)
    #7 StepSelect_WorkLibrary::WriteFile(IFSelect_ContextWrite&) const StepSelect_WorkLibrary.cxx:150 (occt_1157_stress_after2:arm64+0x10082ccf0)
    #8 IFSelect_ModelCopier::SendAll(char const*, Interface_Graph const&, opencascade::handle<IFSelect_WorkLibrary> const&, opencascade::handle<Interface_Protocol> const&) IFSelect_ModelCopier.cxx:343 (occt_1157_stress_after2:arm64+0x10138659c)
    #9 IFSelect_WorkSession::SendAll(char const*, bool) IFSelect_WorkSession.cxx:2602 (occt_1157_stress_after2:arm64+0x1013c049c)
    #10 STEPControl_Writer::Write(char const*) STEPControl_Writer.cxx:173 (occt_1157_stress_after2:arm64+0x100553190)
    #11 runStepWriteIndependent(int, int) occt_1157_stress.cpp:97 (occt_1157_stress_after2:arm64+0x100000fa8)
    #12 void* std::__1::__thread_proxy[abi:nqe210106]<std::__1::tuple<std::__1::unique_ptr<std::__1::__thread_struct, std::__1::default_delete<std::__1::__thread_struct>>, void (*)(int, int), int, int>>(void*) thread.h:168 (occt_1157_stress_after2:arm64+0x1000064c4)

  Location is global 'std::__1::cout' at 0x0001fab5d930 (libc++.1.dylib+0x6cb3a950)

  Mutex M0 (0x0001060d1358) created at:
    #0 pthread_mutex_lock <null> (libclang_rt.tsan_osx_dynamic.dylib:arm64e+0x356bc)
    #1 std::__1::mutex::lock() <null> (libc++.1.dylib:arm64e+0x300c)
    #2 STEPControl_Writer::SetWS(opencascade::handle<XSControl_WorkSession> const&, bool) STEPControl_Writer.cxx:56 (occt_1157_stress_after2:arm64+0x100551ff4)
    #3 STEPControl_Writer::STEPControl_Writer() STEPControl_Writer.cxx:39 (occt_1157_stress_after2:arm64+0x100551e7c)
    #4 STEPControl_Writer::STEPControl_Writer() STEPControl_Writer.cxx:37 (occt_1157_stress_after2:arm64+0x1005520b8)
    #5 runStepWriteIndependent(int, int) occt_1157_stress.cpp:85 (occt_1157_stress_after2:arm64+0x100000ad8)
    #6 runOne(char const*, int, int) occt_1157_stress.cpp:349 (occt_1157_stress_after2:arm64+0x10000384c)
    #7 main occt_1157_stress.cpp:396 (occt_1157_stress_after2:arm64+0x100002e08)

  Thread T6 (tid=367791, running) created by main thread at:
    #0 pthread_create <null> (libclang_rt.tsan_osx_dynamic.dylib:arm64e+0x33834)
    #1 std::__1::thread::thread[abi:nqe210106]<void (*&)(int, int), int&, int&, 0>(void (*&)(int, int), int&, int&) thread.h:216 (occt_1157_stress_after2:arm64+0x10000638c)
    #2 runOne(char const*, int, int) occt_1157_stress.cpp:359 (occt_1157_stress_after2:arm64+0x1000039e0)
    #3 main occt_1157_stress.cpp:396 (occt_1157_stress_after2:arm64+0x100002e08)

  Thread T5 (tid=367790, running) created by main thread at:
    #0 pthread_create <null> (libclang_rt.tsan_osx_dynamic.dylib:arm64e+0x33834)
    #1 std::__1::thread::thread[abi:nqe210106]<void (*&)(int, int), int&, int&, 0>(void (*&)(int, int), int&, int&) thread.h:216 (occt_1157_stress_after2:arm64+0x10000638c)
    #2 std::__1::thread* std::__1::vector<std::__1::thread, std::__1::allocator<std::__1::thread>>::__emplace_back_slow_path<void (*&)(int, int), int&, int&>(void (*&)(int, int), int&, int&) vector.h:1130 (occt_1157_stress_after2:arm64+0x100006148)
    #3 runOne(char const*, int, int) occt_1157_stress.cpp:359 (occt_1157_stress_after2:arm64+0x100003a08)
    #4 main occt_1157_stress.cpp:396 (occt_1157_stress_after2:arm64+0x100002e08)

SUMMARY: ThreadSanitizer: data race pad_and_output.h:80 in std::__1::ostreambuf_iterator<char, std::__1::char_traits<char>> std::__1::__pad_and_output[abi:nqe210106]<char, std::__1::char_traits<char>>(std::__1::ostreambuf_iterator<char, std::__1::char_traits<char>>, char const*, char const*, char const*, std::__1::ios_base&, char)
==================
WARNING: ThreadSanitizer: data race (pid=73731)
  Write of size 8 at 0x0001fab5d950 by thread T7 (mutexes: write M0):
    #0 std::__1::ostreambuf_iterator<char, std::__1::char_traits<char>> std::__1::__pad_and_output[abi:nqe210106]<char, std::__1::char_traits<char>>(std::__1::ostreambuf_iterator<char, std::__1::char_traits<char>>, char const*, char const*, char const*, std::__1::ios_base&, char) pad_and_output.h:80 (occt_1157_stress_after2:arm64+0x10000c178)
    #1 std::__1::basic_ostream<char, std::__1::char_traits<char>>& std::__1::__put_character_sequence[abi:nqe210106]<char, std::__1::char_traits<char>>(std::__1::basic_ostream<char, std::__1::char_traits<char>>&, char const*, unsigned long) put_character_sequence.h:37 (occt_1157_stress_after2:arm64+0x10000bec0)
    #2 operator<<(std::__1::basic_ostream<char, std::__1::char_traits<char>>&, TCollection_AsciiString const&) TCollection_AsciiString.cxx:1100 (occt_1157_stress_after2:arm64+0x1008d620c)
    #3 Message_PrinterOStream::send(TCollection_AsciiString const&, Message_Gravity) const Message_PrinterOStream.cxx:156 (occt_1157_stress_after2:arm64+0x1008f3b54)
    #4 Message_Printer::SendStringStream(std::__1::basic_stringstream<char, std::__1::char_traits<char>, std::__1::allocator<char>> const&, Message_Gravity) const Message_Printer.cxx:70 (occt_1157_stress_after2:arm64+0x1008f314c)
    #5 Message_Messenger::Send(std::__1::basic_stringstream<char, std::__1::char_traits<char>, std::__1::allocator<char>> const&, Message_Gravity) const Message_Messenger.cxx:128 (occt_1157_stress_after2:arm64+0x1008eee80)
    #6 Message_Messenger::StreamBuffer::Flush(bool) Message_Messenger.hxx:75 (occt_1157_stress_after2:arm64+0x1000f0ae8)
    #7 Message_Messenger::StreamBuffer::~StreamBuffer() Message_Messenger.hxx:65 (occt_1157_stress_after2:arm64+0x1000f092c)
    #8 XSControl_TransferWriter::TransferWriteShape(opencascade::handle<Interface_InterfaceModel> const&, TopoDS_Shape const&, Message_ProgressRange const&) XSControl_TransferWriter.cxx:193 (occt_1157_stress_after2:arm64+0x1013eadac)
    #9 XSControl_WorkSession::TransferWriteShape(TopoDS_Shape const&, bool, Message_ProgressRange const&) XSControl_WorkSession.cxx:562 (occt_1157_stress_after2:arm64+0x1013f6874)
    #10 STEPControl_Writer::Transfer(TopoDS_Shape const&, STEPControl_StepModelType, DESTEP_Parameters const&, bool, Message_ProgressRange const&) STEPControl_Writer.cxx:159 (occt_1157_stress_after2:arm64+0x100552d48)
    #11 STEPControl_Writer::Transfer(TopoDS_Shape const&, STEPControl_StepModelType, bool, Message_ProgressRange const&) STEPControl_Writer.cxx:111 (occt_1157_stress_after2:arm64+0x1005527ac)
    #12 runStepWriteIndependent(int, int) occt_1157_stress.cpp:88 (occt_1157_stress_after2:arm64+0x100000b14)
    #13 void* std::__1::__thread_proxy[abi:nqe210106]<std::__1::tuple<std::__1::unique_ptr<std::__1::__thread_struct, std::__1::default_delete<std::__1::__thread_struct>>, void (*)(int, int), int, int>>(void*) thread.h:168 (occt_1157_stress_after2:arm64+0x1000064c4)

  Previous write of size 8 at 0x0001fab5d950 by thread T8:
    #0 std::__1::ostreambuf_iterator<char, std::__1::char_traits<char>> std::__1::__pad_and_output[abi:nqe210106]<char, std::__1::char_traits<char>>(std::__1::ostreambuf_iterator<char, std::__1::char_traits<char>>, char const*, char const*, char const*, std::__1::ios_base&, char) pad_and_output.h:80 (occt_1157_stress_after2:arm64+0x10000c178)
    #1 std::__1::basic_ostream<char, std::__1::char_traits<char>>& std::__1::__put_character_sequence[abi:nqe210106]<char, std::__1::char_traits<char>>(std::__1::basic_ostream<char, std::__1::char_traits<char>>&, char const*, unsigned long) put_character_sequence.h:37 (occt_1157_stress_after2:arm64+0x10000bec0)
    #2 Message_PrinterOStream::send(TCollection_AsciiString const&, Message_Gravity) const Message_PrinterOStream.cxx:163 (occt_1157_stress_after2:arm64+0x1008f3b98)
    #3 Message_Printer::SendStringStream(std::__1::basic_stringstream<char, std::__1::char_traits<char>, std::__1::allocator<char>> const&, Message_Gravity) const Message_Printer.cxx:70 (occt_1157_stress_after2:arm64+0x1008f314c)
    #4 Message_Messenger::Send(std::__1::basic_stringstream<char, std::__1::char_traits<char>, std::__1::allocator<char>> const&, Message_Gravity) const Message_Messenger.cxx:128 (occt_1157_stress_after2:arm64+0x1008eee80)
    #5 Message_Messenger::StreamBuffer::Flush(bool) Message_Messenger.hxx:75 (occt_1157_stress_after2:arm64+0x1000f0ae8)
    #6 Message_Messenger::StreamBuffer::~StreamBuffer() Message_Messenger.hxx:65 (occt_1157_stress_after2:arm64+0x1000f092c)
    #7 StepSelect_WorkLibrary::WriteFile(IFSelect_ContextWrite&) const StepSelect_WorkLibrary.cxx:150 (occt_1157_stress_after2:arm64+0x10082ccf0)
    #8 IFSelect_ModelCopier::SendAll(char const*, Interface_Graph const&, opencascade::handle<IFSelect_WorkLibrary> const&, opencascade::handle<Interface_Protocol> const&) IFSelect_ModelCopier.cxx:343 (occt_1157_stress_after2:arm64+0x10138659c)
    #9 IFSelect_WorkSession::SendAll(char const*, bool) IFSelect_WorkSession.cxx:2602 (occt_1157_stress_after2:arm64+0x1013c049c)
    #10 STEPControl_Writer::Write(char const*) STEPControl_Writer.cxx:173 (occt_1157_stress_after2:arm64+0x100553190)
    #11 runStepWriteIndependent(int, int) occt_1157_stress.cpp:97 (occt_1157_stress_after2:arm64+0x100000fa8)
    #12 void* std::__1::__thread_proxy[abi:nqe210106]<std::__1::tuple<std::__1::unique_ptr<std::__1::__thread_struct, std::__1::default_delete<std::__1::__thread_struct>>, void (*)(int, int), int, int>>(void*) thread.h:168 (occt_1157_stress_after2:arm64+0x1000064c4)

  Location is global 'std::__1::cout' at 0x0001fab5d930 (libc++.1.dylib+0x6cb3a950)

  Mutex M0 (0x0001060d1358) created at:
    #0 pthread_mutex_lock <null> (libclang_rt.tsan_osx_dynamic.dylib:arm64e+0x356bc)
    #1 std::__1::mutex::lock() <null> (libc++.1.dylib:arm64e+0x300c)
    #2 STEPControl_Writer::SetWS(opencascade::handle<XSControl_WorkSession> const&, bool) STEPControl_Writer.cxx:56 (occt_1157_stress_after2:arm64+0x100551ff4)
    #3 STEPControl_Writer::STEPControl_Writer() STEPControl_Writer.cxx:39 (occt_1157_stress_after2:arm64+0x100551e7c)
    #4 STEPControl_Writer::STEPControl_Writer() STEPControl_Writer.cxx:37 (occt_1157_stress_after2:arm64+0x1005520b8)
    #5 runStepWriteIndependent(int, int) occt_1157_stress.cpp:85 (occt_1157_stress_after2:arm64+0x100000ad8)
    #6 runOne(char const*, int, int) occt_1157_stress.cpp:349 (occt_1157_stress_after2:arm64+0x10000384c)
    #7 main occt_1157_stress.cpp:396 (occt_1157_stress_after2:arm64+0x100002e08)

  Thread T7 (tid=367792, running) created by main thread at:
    #0 pthread_create <null> (libclang_rt.tsan_osx_dynamic.dylib:arm64e+0x33834)
    #1 std::__1::thread::thread[abi:nqe210106]<void (*&)(int, int), int&, int&, 0>(void (*&)(int, int), int&, int&) thread.h:216 (occt_1157_stress_after2:arm64+0x10000638c)
    #2 runOne(char const*, int, int) occt_1157_stress.cpp:359 (occt_1157_stress_after2:arm64+0x1000039e0)
    #3 main occt_1157_stress.cpp:396 (occt_1157_stress_after2:arm64+0x100002e08)

  Thread T8 (tid=367793, running) created by main thread at:
    #0 pthread_create <null> (libclang_rt.tsan_osx_dynamic.dylib:arm64e+0x33834)
    #1 std::__1::thread::thread[abi:nqe210106]<void (*&)(int, int), int&, int&, 0>(void (*&)(int, int), int&, int&) thread.h:216 (occt_1157_stress_after2:arm64+0x10000638c)
    #2 runOne(char const*, int, int) occt_1157_stress.cpp:359 (occt_1157_stress_after2:arm64+0x1000039e0)
    #3 main occt_1157_stress.cpp:396 (occt_1157_stress_after2:arm64+0x100002e08)

SUMMARY: ThreadSanitizer: data race pad_and_output.h:80 in std::__1::ostreambuf_iterator<char, std::__1::char_traits<char>> std::__1::__pad_and_output[abi:nqe210106]<char, std::__1::char_traits<char>>(std::__1::ostreambuf_iterator<char, std::__1::char_traits<char>>, char const*, char const*, char const*, std::__1::ios_base&, char)
==================
WARNING: ThreadSanitizer: data race (pid=73731)
  Write of size 8 at 0x0001fab5d950 by thread T3 (mutexes: write M0):
    #0 std::__1::ostreambuf_iterator<char, std::__1::char_traits<char>> std::__1::__pad_and_output[abi:nqe210106]<char, std::__1::char_traits<char>>(std::__1::ostreambuf_iterator<char, std::__1::char_traits<char>>, char const*, char const*, char const*, std::__1::ios_base&, char) pad_and_output.h:80 (occt_1157_stress_after2:arm64+0x10000c178)
    #1 std::__1::basic_ostream<char, std::__1::char_traits<char>>& std::__1::__put_character_sequence[abi:nqe210106]<char, std::__1::char_traits<char>>(std::__1::basic_ostream<char, std::__1::char_traits<char>>&, char const*, unsigned long) put_character_sequence.h:37 (occt_1157_stress_after2:arm64+0x10000bec0)
    #2 Message_PrinterOStream::send(TCollection_AsciiString const&, Message_Gravity) const Message_PrinterOStream.cxx:155 (occt_1157_stress_after2:arm64+0x1008f3b48)
    #3 Message_Printer::SendStringStream(std::__1::basic_stringstream<char, std::__1::char_traits<char>, std::__1::allocator<char>> const&, Message_Gravity) const Message_Printer.cxx:70 (occt_1157_stress_after2:arm64+0x1008f314c)
    #4 Message_Messenger::Send(std::__1::basic_stringstream<char, std::__1::char_traits<char>, std::__1::allocator<char>> const&, Message_Gravity) const Message_Messenger.cxx:128 (occt_1157_stress_after2:arm64+0x1008eee80)
    #5 Message_Messenger::StreamBuffer::Flush(bool) Message_Messenger.hxx:75 (occt_1157_stress_after2:arm64+0x1000f0ae8)
    #6 Message_Messenger::StreamBuffer::~StreamBuffer() Message_Messenger.hxx:65 (occt_1157_stress_after2:arm64+0x1000f092c)
    #7 XSControl_TransferWriter::PrintStats(int, int) const XSControl_TransferWriter.cxx:62 (occt_1157_stress_after2:arm64+0x1013ea2ac)
    #8 XSControl_TransferWriter::TransferWriteShape(opencascade::handle<Interface_InterfaceModel> const&, TopoDS_Shape const&, Message_ProgressRange const&) XSControl_TransferWriter.cxx:176 (occt_1157_stress_after2:arm64+0x1013eac9c)
    #9 XSControl_WorkSession::TransferWriteShape(TopoDS_Shape const&, bool, Message_ProgressRange const&) XSControl_WorkSession.cxx:562 (occt_1157_stress_after2:arm64+0x1013f6874)
    #10 STEPControl_Writer::Transfer(TopoDS_Shape const&, STEPControl_StepModelType, DESTEP_Parameters const&, bool, Message_ProgressRange const&) STEPControl_Writer.cxx:159 (occt_1157_stress_after2:arm64+0x100552d48)
    #11 STEPControl_Writer::Transfer(TopoDS_Shape const&, STEPControl_StepModelType, bool, Message_ProgressRange const&) STEPControl_Writer.cxx:111 (occt_1157_stress_after2:arm64+0x1005527ac)
    #12 runStepWriteIndependent(int, int) occt_1157_stress.cpp:88 (occt_1157_stress_after2:arm64+0x100000b14)
    #13 void* std::__1::__thread_proxy[abi:nqe210106]<std::__1::tuple<std::__1::unique_ptr<std::__1::__thread_struct, std::__1::default_delete<std::__1::__thread_struct>>, void (*)(int, int), int, int>>(void*) thread.h:168 (occt_1157_stress_after2:arm64+0x1000064c4)

  Previous write of size 8 at 0x0001fab5d950 by thread T6:
    #0 std::__1::ostreambuf_iterator<char, std::__1::char_traits<char>> std::__1::__pad_and_output[abi:nqe210106]<char, std::__1::char_traits<char>>(std::__1::ostreambuf_iterator<char, std::__1::char_traits<char>>, char const*, char const*, char const*, std::__1::ios_base&, char) pad_and_output.h:80 (occt_1157_stress_after2:arm64+0x10000c178)
    #1 std::__1::basic_ostream<char, std::__1::char_traits<char>>& std::__1::__put_character_sequence[abi:nqe210106]<char, std::__1::char_traits<char>>(std::__1::basic_ostream<char, std::__1::char_traits<char>>&, char const*, unsigned long) put_character_sequence.h:37 (occt_1157_stress_after2:arm64+0x10000bec0)
    #2 Message_PrinterOStream::send(TCollection_AsciiString const&, Message_Gravity) const Message_PrinterOStream.cxx:163 (occt_1157_stress_after2:arm64+0x1008f3b98)
    #3 Message_Printer::SendStringStream(std::__1::basic_stringstream<char, std::__1::char_traits<char>, std::__1::allocator<char>> const&, Message_Gravity) const Message_Printer.cxx:70 (occt_1157_stress_after2:arm64+0x1008f314c)
    #4 Message_Messenger::Send(std::__1::basic_stringstream<char, std::__1::char_traits<char>, std::__1::allocator<char>> const&, Message_Gravity) const Message_Messenger.cxx:128 (occt_1157_stress_after2:arm64+0x1008eee80)
    #5 Message_Messenger::StreamBuffer::Flush(bool) Message_Messenger.hxx:75 (occt_1157_stress_after2:arm64+0x1000f0ae8)
    #6 Message_Messenger::StreamBuffer::~StreamBuffer() Message_Messenger.hxx:65 (occt_1157_stress_after2:arm64+0x1000f092c)
    #7 IFSelect_ModelCopier::SendAll(char const*, Interface_Graph const&, opencascade::handle<IFSelect_WorkLibrary> const&, opencascade::handle<Interface_Protocol> const&) IFSelect_ModelCopier.cxx:313 (occt_1157_stress_after2:arm64+0x10138642c)
    #8 IFSelect_WorkSession::SendAll(char const*, bool) IFSelect_WorkSession.cxx:2602 (occt_1157_stress_after2:arm64+0x1013c049c)
    #9 STEPControl_Writer::Write(char const*) STEPControl_Writer.cxx:173 (occt_1157_stress_after2:arm64+0x100553190)
    #10 runStepWriteIndependent(int, int) occt_1157_stress.cpp:97 (occt_1157_stress_after2:arm64+0x100000fa8)
    #11 void* std::__1::__thread_proxy[abi:nqe210106]<std::__1::tuple<std::__1::unique_ptr<std::__1::__thread_struct, std::__1::default_delete<std::__1::__thread_struct>>, void (*)(int, int), int, int>>(void*) thread.h:168 (occt_1157_stress_after2:arm64+0x1000064c4)

  Location is global 'std::__1::cout' at 0x0001fab5d930 (libc++.1.dylib+0x6cb3a950)

  Mutex M0 (0x0001060d1358) created at:
    #0 pthread_mutex_lock <null> (libclang_rt.tsan_osx_dynamic.dylib:arm64e+0x356bc)
    #1 std::__1::mutex::lock() <null> (libc++.1.dylib:arm64e+0x300c)
    #2 STEPControl_Writer::SetWS(opencascade::handle<XSControl_WorkSession> const&, bool) STEPControl_Writer.cxx:56 (occt_1157_stress_after2:arm64+0x100551ff4)
    #3 STEPControl_Writer::STEPControl_Writer() STEPControl_Writer.cxx:39 (occt_1157_stress_after2:arm64+0x100551e7c)
    #4 STEPControl_Writer::STEPControl_Writer() STEPControl_Writer.cxx:37 (occt_1157_stress_after2:arm64+0x1005520b8)
    #5 runStepWriteIndependent(int, int) occt_1157_stress.cpp:85 (occt_1157_stress_after2:arm64+0x100000ad8)
    #6 runOne(char const*, int, int) occt_1157_stress.cpp:349 (occt_1157_stress_after2:arm64+0x10000384c)
    #7 main occt_1157_stress.cpp:396 (occt_1157_stress_after2:arm64+0x100002e08)

  Thread T3 (tid=367788, running) created by main thread at:
    #0 pthread_create <null> (libclang_rt.tsan_osx_dynamic.dylib:arm64e+0x33834)
    #1 std::__1::thread::thread[abi:nqe210106]<void (*&)(int, int), int&, int&, 0>(void (*&)(int, int), int&, int&) thread.h:216 (occt_1157_stress_after2:arm64+0x10000638c)
    #2 std::__1::thread* std::__1::vector<std::__1::thread, std::__1::allocator<std::__1::thread>>::__emplace_back_slow_path<void (*&)(int, int), int&, int&>(void (*&)(int, int), int&, int&) vector.h:1130 (occt_1157_stress_after2:arm64+0x100006148)
    #3 runOne(char const*, int, int) occt_1157_stress.cpp:359 (occt_1157_stress_after2:arm64+0x100003a08)
    #4 main occt_1157_stress.cpp:396 (occt_1157_stress_after2:arm64+0x100002e08)

  Thread T6 (tid=367791, running) created by main thread at:
    #0 pthread_create <null> (libclang_rt.tsan_osx_dynamic.dylib:arm64e+0x33834)
    #1 std::__1::thread::thread[abi:nqe210106]<void (*&)(int, int), int&, int&, 0>(void (*&)(int, int), int&, int&) thread.h:216 (occt_1157_stress_after2:arm64+0x10000638c)
    #2 runOne(char const*, int, int) occt_1157_stress.cpp:359 (occt_1157_stress_after2:arm64+0x1000039e0)
    #3 main occt_1157_stress.cpp:396 (occt_1157_stress_after2:arm64+0x100002e08)

SUMMARY: ThreadSanitizer: data race pad_and_output.h:80 in std::__1::ostreambuf_iterator<char, std::__1::char_traits<char>> std::__1::__pad_and_output[abi:nqe210106]<char, std::__1::char_traits<char>>(std::__1::ostreambuf_iterator<char, std::__1::char_traits<char>>, char const*, char const*, char const*, std::__1::ios_base&, char)
==================
WARNING: ThreadSanitizer: data race (pid=73731)
  Write of size 8 at 0x0001fab5d950 by thread T3 (mutexes: write M0):
    #0 std::__1::ostreambuf_iterator<char, std::__1::char_traits<char>> std::__1::__pad_and_output[abi:nqe210106]<char, std::__1::char_traits<char>>(std::__1::ostreambuf_iterator<char, std::__1::char_traits<char>>, char const*, char const*, char const*, std::__1::ios_base&, char) pad_and_output.h:80 (occt_1157_stress_after2:arm64+0x10000c178)
    #1 std::__1::basic_ostream<char, std::__1::char_traits<char>>& std::__1::__put_character_sequence[abi:nqe210106]<char, std::__1::char_traits<char>>(std::__1::basic_ostream<char, std::__1::char_traits<char>>&, char const*, unsigned long) put_character_sequence.h:37 (occt_1157_stress_after2:arm64+0x10000bec0)
    #2 operator<<(std::__1::basic_ostream<char, std::__1::char_traits<char>>&, TCollection_AsciiString const&) TCollection_AsciiString.cxx:1100 (occt_1157_stress_after2:arm64+0x1008d620c)
    #3 Message_PrinterOStream::send(TCollection_AsciiString const&, Message_Gravity) const Message_PrinterOStream.cxx:156 (occt_1157_stress_after2:arm64+0x1008f3b54)
    #4 Message_Printer::SendStringStream(std::__1::basic_stringstream<char, std::__1::char_traits<char>, std::__1::allocator<char>> const&, Message_Gravity) const Message_Printer.cxx:70 (occt_1157_stress_after2:arm64+0x1008f314c)
    #5 Message_Messenger::Send(std::__1::basic_stringstream<char, std::__1::char_traits<char>, std::__1::allocator<char>> const&, Message_Gravity) const Message_Messenger.cxx:128 (occt_1157_stress_after2:arm64+0x1008eee80)
    #6 Message_Messenger::StreamBuffer::Flush(bool) Message_Messenger.hxx:75 (occt_1157_stress_after2:arm64+0x1000f0ae8)
    #7 Message_Messenger::StreamBuffer::~StreamBuffer() Message_Messenger.hxx:65 (occt_1157_stress_after2:arm64+0x1000f092c)
    #8 XSControl_TransferWriter::PrintStats(int, int) const XSControl_TransferWriter.cxx:62 (occt_1157_stress_after2:arm64+0x1013ea2ac)
    #9 XSControl_TransferWriter::TransferWriteShape(opencascade::handle<Interface_InterfaceModel> const&, TopoDS_Shape const&, Message_ProgressRange const&) XSControl_TransferWriter.cxx:176 (occt_1157_stress_after2:arm64+0x1013eac9c)
    #10 XSControl_WorkSession::TransferWriteShape(TopoDS_Shape const&, bool, Message_ProgressRange const&) XSControl_WorkSession.cxx:562 (occt_1157_stress_after2:arm64+0x1013f6874)
    #11 STEPControl_Writer::Transfer(TopoDS_Shape const&, STEPControl_StepModelType, DESTEP_Parameters const&, bool, Message_ProgressRange const&) STEPControl_Writer.cxx:159 (occt_1157_stress_after2:arm64+0x100552d48)
    #12 STEPControl_Writer::Transfer(TopoDS_Shape const&, STEPControl_StepModelType, bool, Message_ProgressRange const&) STEPControl_Writer.cxx:111 (occt_1157_stress_after2:arm64+0x1005527ac)
    #13 runStepWriteIndependent(int, int) occt_1157_stress.cpp:88 (occt_1157_stress_after2:arm64+0x100000b14)
    #14 void* std::__1::__thread_proxy[abi:nqe210106]<std::__1::tuple<std::__1::unique_ptr<std::__1::__thread_struct, std::__1::default_delete<std::__1::__thread_struct>>, void (*)(int, int), int, int>>(void*) thread.h:168 (occt_1157_stress_after2:arm64+0x1000064c4)

  Previous write of size 8 at 0x0001fab5d950 by thread T6:
    #0 std::__1::ostreambuf_iterator<char, std::__1::char_traits<char>> std::__1::__pad_and_output[abi:nqe210106]<char, std::__1::char_traits<char>>(std::__1::ostreambuf_iterator<char, std::__1::char_traits<char>>, char const*, char const*, char const*, std::__1::ios_base&, char) pad_and_output.h:80 (occt_1157_stress_after2:arm64+0x10000c178)
    #1 std::__1::basic_ostream<char, std::__1::char_traits<char>>& std::__1::__put_character_sequence[abi:nqe210106]<char, std::__1::char_traits<char>>(std::__1::basic_ostream<char, std::__1::char_traits<char>>&, char const*, unsigned long) put_character_sequence.h:37 (occt_1157_stress_after2:arm64+0x10000bec0)
    #2 Message_PrinterOStream::send(TCollection_AsciiString const&, Message_Gravity) const Message_PrinterOStream.cxx:163 (occt_1157_stress_after2:arm64+0x1008f3b98)
    #3 Message_Printer::SendStringStream(std::__1::basic_stringstream<char, std::__1::char_traits<char>, std::__1::allocator<char>> const&, Message_Gravity) const Message_Printer.cxx:70 (occt_1157_stress_after2:arm64+0x1008f314c)
    #4 Message_Messenger::Send(std::__1::basic_stringstream<char, std::__1::char_traits<char>, std::__1::allocator<char>> const&, Message_Gravity) const Message_Messenger.cxx:128 (occt_1157_stress_after2:arm64+0x1008eee80)
    #5 Message_Messenger::StreamBuffer::Flush(bool) Message_Messenger.hxx:75 (occt_1157_stress_after2:arm64+0x1000f0ae8)
    #6 Message_Messenger::StreamBuffer::~StreamBuffer() Message_Messenger.hxx:65 (occt_1157_stress_after2:arm64+0x1000f092c)
    #7 StepSelect_WorkLibrary::WriteFile(IFSelect_ContextWrite&) const StepSelect_WorkLibrary.cxx:150 (occt_1157_stress_after2:arm64+0x10082ccf0)
    #8 IFSelect_ModelCopier::SendAll(char const*, Interface_Graph const&, opencascade::handle<IFSelect_WorkLibrary> const&, opencascade::handle<Interface_Protocol> const&) IFSelect_ModelCopier.cxx:343 (occt_1157_stress_after2:arm64+0x10138659c)
    #9 IFSelect_WorkSession::SendAll(char const*, bool) IFSelect_WorkSession.cxx:2602 (occt_1157_stress_after2:arm64+0x1013c049c)
    #10 STEPControl_Writer::Write(char const*) STEPControl_Writer.cxx:173 (occt_1157_stress_after2:arm64+0x100553190)
    #11 runStepWriteIndependent(int, int) occt_1157_stress.cpp:97 (occt_1157_stress_after2:arm64+0x100000fa8)
    #12 void* std::__1::__thread_proxy[abi:nqe210106]<std::__1::tuple<std::__1::unique_ptr<std::__1::__thread_struct, std::__1::default_delete<std::__1::__thread_struct>>, void (*)(int, int), int, int>>(void*) thread.h:168 (occt_1157_stress_after2:arm64+0x1000064c4)

  Location is global 'std::__1::cout' at 0x0001fab5d930 (libc++.1.dylib+0x6cb3a950)

  Mutex M0 (0x0001060d1358) created at:
    #0 pthread_mutex_lock <null> (libclang_rt.tsan_osx_dynamic.dylib:arm64e+0x356bc)
    #1 std::__1::mutex::lock() <null> (libc++.1.dylib:arm64e+0x300c)
    #2 STEPControl_Writer::SetWS(opencascade::handle<XSControl_WorkSession> const&, bool) STEPControl_Writer.cxx:56 (occt_1157_stress_after2:arm64+0x100551ff4)
    #3 STEPControl_Writer::STEPControl_Writer() STEPControl_Writer.cxx:39 (occt_1157_stress_after2:arm64+0x100551e7c)
    #4 STEPControl_Writer::STEPControl_Writer() STEPControl_Writer.cxx:37 (occt_1157_stress_after2:arm64+0x1005520b8)
    #5 runStepWriteIndependent(int, int) occt_1157_stress.cpp:85 (occt_1157_stress_after2:arm64+0x100000ad8)
    #6 runOne(char const*, int, int) occt_1157_stress.cpp:349 (occt_1157_stress_after2:arm64+0x10000384c)
    #7 main occt_1157_stress.cpp:396 (occt_1157_stress_after2:arm64+0x100002e08)

  Thread T3 (tid=367788, running) created by main thread at:
    #0 pthread_create <null> (libclang_rt.tsan_osx_dynamic.dylib:arm64e+0x33834)
    #1 std::__1::thread::thread[abi:nqe210106]<void (*&)(int, int), int&, int&, 0>(void (*&)(int, int), int&, int&) thread.h:216 (occt_1157_stress_after2:arm64+0x10000638c)
    #2 std::__1::thread* std::__1::vector<std::__1::thread, std::__1::allocator<std::__1::thread>>::__emplace_back_slow_path<void (*&)(int, int), int&, int&>(void (*&)(int, int), int&, int&) vector.h:1130 (occt_1157_stress_after2:arm64+0x100006148)
    #3 runOne(char const*, int, int) occt_1157_stress.cpp:359 (occt_1157_stress_after2:arm64+0x100003a08)
    #4 main occt_1157_stress.cpp:396 (occt_1157_stress_after2:arm64+0x100002e08)

  Thread T6 (tid=367791, running) created by main thread at:
    #0 pthread_create <null> (libclang_rt.tsan_osx_dynamic.dylib:arm64e+0x33834)
    #1 std::__1::thread::thread[abi:nqe210106]<void (*&)(int, int), int&, int&, 0>(void (*&)(int, int), int&, int&) thread.h:216 (occt_1157_stress_after2:arm64+0x10000638c)
    #2 runOne(char const*, int, int) occt_1157_stress.cpp:359 (occt_1157_stress_after2:arm64+0x1000039e0)
    #3 main occt_1157_stress.cpp:396 (occt_1157_stress_after2:arm64+0x100002e08)

SUMMARY: ThreadSanitizer: data race pad_and_output.h:80 in std::__1::ostreambuf_iterator<char, std::__1::char_traits<char>> std::__1::__pad_and_output[abi:nqe210106]<char, std::__1::char_traits<char>>(std::__1::ostreambuf_iterator<char, std::__1::char_traits<char>>, char const*, char const*, char const*, std::__1::ios_base&, char)
==================
WARNING: ThreadSanitizer: data race (pid=73731)
  Write of size 8 at 0x0001fab5d950 by thread T6:
    #0 std::__1::ostreambuf_iterator<char, std::__1::char_traits<char>> std::__1::__pad_and_output[abi:nqe210106]<char, std::__1::char_traits<char>>(std::__1::ostreambuf_iterator<char, std::__1::char_traits<char>>, char const*, char const*, char const*, std::__1::ios_base&, char) pad_and_output.h:80 (occt_1157_stress_after2:arm64+0x10000c178)
    #1 std::__1::basic_ostream<char, std::__1::char_traits<char>>& std::__1::__put_character_sequence[abi:nqe210106]<char, std::__1::char_traits<char>>(std::__1::basic_ostream<char, std::__1::char_traits<char>>&, char const*, unsigned long) put_character_sequence.h:37 (occt_1157_stress_after2:arm64+0x10000bec0)
    #2 Message_PrinterOStream::send(TCollection_AsciiString const&, Message_Gravity) const Message_PrinterOStream.cxx:155 (occt_1157_stress_after2:arm64+0x1008f3b48)
    #3 Message_Printer::SendStringStream(std::__1::basic_stringstream<char, std::__1::char_traits<char>, std::__1::allocator<char>> const&, Message_Gravity) const Message_Printer.cxx:70 (occt_1157_stress_after2:arm64+0x1008f314c)
    #4 Message_Messenger::Send(std::__1::basic_stringstream<char, std::__1::char_traits<char>, std::__1::allocator<char>> const&, Message_Gravity) const Message_Messenger.cxx:128 (occt_1157_stress_after2:arm64+0x1008eee80)
    #5 Message_Messenger::StreamBuffer::Flush(bool) Message_Messenger.hxx:75 (occt_1157_stress_after2:arm64+0x1000f0ae8)
    #6 Message_Messenger::StreamBuffer::~StreamBuffer() Message_Messenger.hxx:65 (occt_1157_stress_after2:arm64+0x1000f092c)
    #7 StepSelect_WorkLibrary::WriteFile(IFSelect_ContextWrite&) const StepSelect_WorkLibrary.cxx:150 (occt_1157_stress_after2:arm64+0x10082ccf0)
    #8 IFSelect_ModelCopier::SendAll(char const*, Interface_Graph const&, opencascade::handle<IFSelect_WorkLibrary> const&, opencascade::handle<Interface_Protocol> const&) IFSelect_ModelCopier.cxx:343 (occt_1157_stress_after2:arm64+0x10138659c)
    #9 IFSelect_WorkSession::SendAll(char const*, bool) IFSelect_WorkSession.cxx:2602 (occt_1157_stress_after2:arm64+0x1013c049c)
    #10 STEPControl_Writer::Write(char const*) STEPControl_Writer.cxx:173 (occt_1157_stress_after2:arm64+0x100553190)
    #11 runStepWriteIndependent(int, int) occt_1157_stress.cpp:97 (occt_1157_stress_after2:arm64+0x100000fa8)
    #12 void* std::__1::__thread_proxy[abi:nqe210106]<std::__1::tuple<std::__1::unique_ptr<std::__1::__thread_struct, std::__1::default_delete<std::__1::__thread_struct>>, void (*)(int, int), int, int>>(void*) thread.h:168 (occt_1157_stress_after2:arm64+0x1000064c4)

  Previous write of size 8 at 0x0001fab5d950 by thread T5 (mutexes: write M0):
    #0 std::__1::ostreambuf_iterator<char, std::__1::char_traits<char>> std::__1::__pad_and_output[abi:nqe210106]<char, std::__1::char_traits<char>>(std::__1::ostreambuf_iterator<char, std::__1::char_traits<char>>, char const*, char const*, char const*, std::__1::ios_base&, char) pad_and_output.h:80 (occt_1157_stress_after2:arm64+0x10000c178)
    #1 std::__1::basic_ostream<char, std::__1::char_traits<char>>& std::__1::__put_character_sequence[abi:nqe210106]<char, std::__1::char_traits<char>>(std::__1::basic_ostream<char, std::__1::char_traits<char>>&, char const*, unsigned long) put_character_sequence.h:37 (occt_1157_stress_after2:arm64+0x10000bec0)
    #2 Message_PrinterOStream::send(TCollection_AsciiString const&, Message_Gravity) const Message_PrinterOStream.cxx:163 (occt_1157_stress_after2:arm64+0x1008f3b98)
    #3 Message_Printer::SendStringStream(std::__1::basic_stringstream<char, std::__1::char_traits<char>, std::__1::allocator<char>> const&, Message_Gravity) const Message_Printer.cxx:70 (occt_1157_stress_after2:arm64+0x1008f314c)
    #4 Message_Messenger::Send(std::__1::basic_stringstream<char, std::__1::char_traits<char>, std::__1::allocator<char>> const&, Message_Gravity) const Message_Messenger.cxx:128 (occt_1157_stress_after2:arm64+0x1008eee80)
    #5 Message_Messenger::StreamBuffer::Flush(bool) Message_Messenger.hxx:75 (occt_1157_stress_after2:arm64+0x1000f0ae8)
    #6 Message_Messenger::StreamBuffer::~StreamBuffer() Message_Messenger.hxx:65 (occt_1157_stress_after2:arm64+0x1000f092c)
    #7 XSControl_TransferWriter::PrintStats(int, int) const XSControl_TransferWriter.cxx:62 (occt_1157_stress_after2:arm64+0x1013ea2ac)
    #8 XSControl_TransferWriter::TransferWriteShape(opencascade::handle<Interface_InterfaceModel> const&, TopoDS_Shape const&, Message_ProgressRange const&) XSControl_TransferWriter.cxx:176 (occt_1157_stress_after2:arm64+0x1013eac9c)
    #9 XSControl_WorkSession::TransferWriteShape(TopoDS_Shape const&, bool, Message_ProgressRange const&) XSControl_WorkSession.cxx:562 (occt_1157_stress_after2:arm64+0x1013f6874)
    #10 STEPControl_Writer::Transfer(TopoDS_Shape const&, STEPControl_StepModelType, DESTEP_Parameters const&, bool, Message_ProgressRange const&) STEPControl_Writer.cxx:159 (occt_1157_stress_after2:arm64+0x100552d48)
    #11 STEPControl_Writer::Transfer(TopoDS_Shape const&, STEPControl_StepModelType, bool, Message_ProgressRange const&) STEPControl_Writer.cxx:111 (occt_1157_stress_after2:arm64+0x1005527ac)
    #12 runStepWriteIndependent(int, int) occt_1157_stress.cpp:88 (occt_1157_stress_after2:arm64+0x100000b14)
    #13 void* std::__1::__thread_proxy[abi:nqe210106]<std::__1::tuple<std::__1::unique_ptr<std::__1::__thread_struct, std::__1::default_delete<std::__1::__thread_struct>>, void (*)(int, int), int, int>>(void*) thread.h:168 (occt_1157_stress_after2:arm64+0x1000064c4)

  Location is global 'std::__1::cout' at 0x0001fab5d930 (libc++.1.dylib+0x6cb3a950)

  Mutex M0 (0x0001060d1358) created at:
    #0 pthread_mutex_lock <null> (libclang_rt.tsan_osx_dynamic.dylib:arm64e+0x356bc)
    #1 std::__1::mutex::lock() <null> (libc++.1.dylib:arm64e+0x300c)
    #2 STEPControl_Writer::SetWS(opencascade::handle<XSControl_WorkSession> const&, bool) STEPControl_Writer.cxx:56 (occt_1157_stress_after2:arm64+0x100551ff4)
    #3 STEPControl_Writer::STEPControl_Writer() STEPControl_Writer.cxx:39 (occt_1157_stress_after2:arm64+0x100551e7c)
    #4 STEPControl_Writer::STEPControl_Writer() STEPControl_Writer.cxx:37 (occt_1157_stress_after2:arm64+0x1005520b8)
    #5 runStepWriteIndependent(int, int) occt_1157_stress.cpp:85 (occt_1157_stress_after2:arm64+0x100000ad8)
    #6 runOne(char const*, int, int) occt_1157_stress.cpp:349 (occt_1157_stress_after2:arm64+0x10000384c)
    #7 main occt_1157_stress.cpp:396 (occt_1157_stress_after2:arm64+0x100002e08)

  Thread T6 (tid=367791, running) created by main thread at:
    #0 pthread_create <null> (libclang_rt.tsan_osx_dynamic.dylib:arm64e+0x33834)
    #1 std::__1::thread::thread[abi:nqe210106]<void (*&)(int, int), int&, int&, 0>(void (*&)(int, int), int&, int&) thread.h:216 (occt_1157_stress_after2:arm64+0x10000638c)
    #2 runOne(char const*, int, int) occt_1157_stress.cpp:359 (occt_1157_stress_after2:arm64+0x1000039e0)
    #3 main occt_1157_stress.cpp:396 (occt_1157_stress_after2:arm64+0x100002e08)

  Thread T5 (tid=367790, running) created by main thread at:
    #0 pthread_create <null> (libclang_rt.tsan_osx_dynamic.dylib:arm64e+0x33834)
    #1 std::__1::thread::thread[abi:nqe210106]<void (*&)(int, int), int&, int&, 0>(void (*&)(int, int), int&, int&) thread.h:216 (occt_1157_stress_after2:arm64+0x10000638c)
    #2 std::__1::thread* std::__1::vector<std::__1::thread, std::__1::allocator<std::__1::thread>>::__emplace_back_slow_path<void (*&)(int, int), int&, int&>(void (*&)(int, int), int&, int&) vector.h:1130 (occt_1157_stress_after2:arm64+0x100006148)
    #3 runOne(char const*, int, int) occt_1157_stress.cpp:359 (occt_1157_stress_after2:arm64+0x100003a08)
    #4 main occt_1157_stress.cpp:396 (occt_1157_stress_after2:arm64+0x100002e08)

SUMMARY: ThreadSanitizer: data race pad_and_output.h:80 in std::__1::ostreambuf_iterator<char, std::__1::char_traits<char>> std::__1::__pad_and_output[abi:nqe210106]<char, std::__1::char_traits<char>>(std::__1::ostreambuf_iterator<char, std::__1::char_traits<char>>, char const*, char const*, char const*, std::__1::ios_base&, char)
==================
WARNING: ThreadSanitizer: data race (pid=73731)
  Write of size 8 at 0x0001fab5d950 by thread T7 (mutexes: write M0):
    #0 std::__1::ostreambuf_iterator<char, std::__1::char_traits<char>> std::__1::__pad_and_output[abi:nqe210106]<char, std::__1::char_traits<char>>(std::__1::ostreambuf_iterator<char, std::__1::char_traits<char>>, char const*, char const*, char const*, std::__1::ios_base&, char) pad_and_output.h:80 (occt_1157_stress_after2:arm64+0x10000c178)
    #1 std::__1::basic_ostream<char, std::__1::char_traits<char>>& std::__1::__put_character_sequence[abi:nqe210106]<char, std::__1::char_traits<char>>(std::__1::basic_ostream<char, std::__1::char_traits<char>>&, char const*, unsigned long) put_character_sequence.h:37 (occt_1157_stress_after2:arm64+0x10000bec0)
    #2 Message_PrinterOStream::send(TCollection_AsciiString const&, Message_Gravity) const Message_PrinterOStream.cxx:155 (occt_1157_stress_after2:arm64+0x1008f3b48)
    #3 Message_Printer::SendStringStream(std::__1::basic_stringstream<char, std::__1::char_traits<char>, std::__1::allocator<char>> const&, Message_Gravity) const Message_Printer.cxx:70 (occt_1157_stress_after2:arm64+0x1008f314c)
    #4 Message_Messenger::Send(std::__1::basic_stringstream<char, std::__1::char_traits<char>, std::__1::allocator<char>> const&, Message_Gravity) const Message_Messenger.cxx:128 (occt_1157_stress_after2:arm64+0x1008eee80)
    #5 Message_Messenger::StreamBuffer::Flush(bool) Message_Messenger.hxx:75 (occt_1157_stress_after2:arm64+0x1000f0ae8)
    #6 Message_Messenger::StreamBuffer::~StreamBuffer() Message_Messenger.hxx:65 (occt_1157_stress_after2:arm64+0x1000f092c)
    #7 XSControl_TransferWriter::TransferWriteShape(opencascade::handle<Interface_InterfaceModel> const&, TopoDS_Shape const&, Message_ProgressRange const&) XSControl_TransferWriter.cxx:193 (occt_1157_stress_after2:arm64+0x1013eadac)
    #8 XSControl_WorkSession::TransferWriteShape(TopoDS_Shape const&, bool, Message_ProgressRange const&) XSControl_WorkSession.cxx:562 (occt_1157_stress_after2:arm64+0x1013f6874)
    #9 STEPControl_Writer::Transfer(TopoDS_Shape const&, STEPControl_StepModelType, DESTEP_Parameters const&, bool, Message_ProgressRange const&) STEPControl_Writer.cxx:159 (occt_1157_stress_after2:arm64+0x100552d48)
    #10 STEPControl_Writer::Transfer(TopoDS_Shape const&, STEPControl_StepModelType, bool, Message_ProgressRange const&) STEPControl_Writer.cxx:111 (occt_1157_stress_after2:arm64+0x1005527ac)
    #11 runStepWriteIndependent(int, int) occt_1157_stress.cpp:88 (occt_1157_stress_after2:arm64+0x100000b14)
    #12 void* std::__1::__thread_proxy[abi:nqe210106]<std::__1::tuple<std::__1::unique_ptr<std::__1::__thread_struct, std::__1::default_delete<std::__1::__thread_struct>>, void (*)(int, int), int, int>>(void*) thread.h:168 (occt_1157_stress_after2:arm64+0x1000064c4)

  Previous write of size 8 at 0x0001fab5d950 by thread T5:
    #0 std::__1::ostreambuf_iterator<char, std::__1::char_traits<char>> std::__1::__pad_and_output[abi:nqe210106]<char, std::__1::char_traits<char>>(std::__1::ostreambuf_iterator<char, std::__1::char_traits<char>>, char const*, char const*, char const*, std::__1::ios_base&, char) pad_and_output.h:80 (occt_1157_stress_after2:arm64+0x10000c178)
    #1 std::__1::basic_ostream<char, std::__1::char_traits<char>>& std::__1::__put_character_sequence[abi:nqe210106]<char, std::__1::char_traits<char>>(std::__1::basic_ostream<char, std::__1::char_traits<char>>&, char const*, unsigned long) put_character_sequence.h:37 (occt_1157_stress_after2:arm64+0x10000bec0)
    #2 Message_PrinterOStream::send(TCollection_AsciiString const&, Message_Gravity) const Message_PrinterOStream.cxx:163 (occt_1157_stress_after2:arm64+0x1008f3b98)
    #3 Message_Printer::SendStringStream(std::__1::basic_stringstream<char, std::__1::char_traits<char>, std::__1::allocator<char>> const&, Message_Gravity) const Message_Printer.cxx:70 (occt_1157_stress_after2:arm64+0x1008f314c)
    #4 Message_Messenger::Send(std::__1::basic_stringstream<char, std::__1::char_traits<char>, std::__1::allocator<char>> const&, Message_Gravity) const Message_Messenger.cxx:128 (occt_1157_stress_after2:arm64+0x1008eee80)
    #5 Message_Messenger::StreamBuffer::Flush(bool) Message_Messenger.hxx:75 (occt_1157_stress_after2:arm64+0x1000f0ae8)
    #6 Message_Messenger::StreamBuffer::~StreamBuffer() Message_Messenger.hxx:65 (occt_1157_stress_after2:arm64+0x1000f092c)
    #7 StepSelect_WorkLibrary::WriteFile(IFSelect_ContextWrite&) const StepSelect_WorkLibrary.cxx:150 (occt_1157_stress_after2:arm64+0x10082ccf0)
    #8 IFSelect_ModelCopier::SendAll(char const*, Interface_Graph const&, opencascade::handle<IFSelect_WorkLibrary> const&, opencascade::handle<Interface_Protocol> const&) IFSelect_ModelCopier.cxx:343 (occt_1157_stress_after2:arm64+0x10138659c)
    #9 IFSelect_WorkSession::SendAll(char const*, bool) IFSelect_WorkSession.cxx:2618 (occt_1157_stress_after2:arm64+0x1013c0590)
    #10 STEPControl_Writer::Write(char const*) STEPControl_Writer.cxx:173 (occt_1157_stress_after2:arm64+0x100553190)
    #11 runStepWriteIndependent(int, int) occt_1157_stress.cpp:97 (occt_1157_stress_after2:arm64+0x100000fa8)
    #12 void* std::__1::__thread_proxy[abi:nqe210106]<std::__1::tuple<std::__1::unique_ptr<std::__1::__thread_struct, std::__1::default_delete<std::__1::__thread_struct>>, void (*)(int, int), int, int>>(void*) thread.h:168 (occt_1157_stress_after2:arm64+0x1000064c4)

  Location is global 'std::__1::cout' at 0x0001fab5d930 (libc++.1.dylib+0x6cb3a950)

  Mutex M0 (0x0001060d1358) created at:
    #0 pthread_mutex_lock <null> (libclang_rt.tsan_osx_dynamic.dylib:arm64e+0x356bc)
    #1 std::__1::mutex::lock() <null> (libc++.1.dylib:arm64e+0x300c)
    #2 STEPControl_Writer::SetWS(opencascade::handle<XSControl_WorkSession> const&, bool) STEPControl_Writer.cxx:56 (occt_1157_stress_after2:arm64+0x100551ff4)
    #3 STEPControl_Writer::STEPControl_Writer() STEPControl_Writer.cxx:39 (occt_1157_stress_after2:arm64+0x100551e7c)
    #4 STEPControl_Writer::STEPControl_Writer() STEPControl_Writer.cxx:37 (occt_1157_stress_after2:arm64+0x1005520b8)
    #5 runStepWriteIndependent(int, int) occt_1157_stress.cpp:85 (occt_1157_stress_after2:arm64+0x100000ad8)
    #6 runOne(char const*, int, int) occt_1157_stress.cpp:349 (occt_1157_stress_after2:arm64+0x10000384c)
    #7 main occt_1157_stress.cpp:396 (occt_1157_stress_after2:arm64+0x100002e08)

  Thread T7 (tid=367792, running) created by main thread at:
    #0 pthread_create <null> (libclang_rt.tsan_osx_dynamic.dylib:arm64e+0x33834)
    #1 std::__1::thread::thread[abi:nqe210106]<void (*&)(int, int), int&, int&, 0>(void (*&)(int, int), int&, int&) thread.h:216 (occt_1157_stress_after2:arm64+0x10000638c)
    #2 runOne(char const*, int, int) occt_1157_stress.cpp:359 (occt_1157_stress_after2:arm64+0x1000039e0)
    #3 main occt_1157_stress.cpp:396 (occt_1157_stress_after2:arm64+0x100002e08)

  Thread T5 (tid=367790, running) created by main thread at:
    #0 pthread_create <null> (libclang_rt.tsan_osx_dynamic.dylib:arm64e+0x33834)
    #1 std::__1::thread::thread[abi:nqe210106]<void (*&)(int, int), int&, int&, 0>(void (*&)(int, int), int&, int&) thread.h:216 (occt_1157_stress_after2:arm64+0x10000638c)
    #2 std::__1::thread* std::__1::vector<std::__1::thread, std::__1::allocator<std::__1::thread>>::__emplace_back_slow_path<void (*&)(int, int), int&, int&>(void (*&)(int, int), int&, int&) vector.h:1130 (occt_1157_stress_after2:arm64+0x100006148)
    #3 runOne(char const*, int, int) occt_1157_stress.cpp:359 (occt_1157_stress_after2:arm64+0x100003a08)
    #4 main occt_1157_stress.cpp:396 (occt_1157_stress_after2:arm64+0x100002e08)

SUMMARY: ThreadSanitizer: data race pad_and_output.h:80 in std::__1::ostreambuf_iterator<char, std::__1::char_traits<char>> std::__1::__pad_and_output[abi:nqe210106]<char, std::__1::char_traits<char>>(std::__1::ostreambuf_iterator<char, std::__1::char_traits<char>>, char const*, char const*, char const*, std::__1::ios_base&, char)
==================
WARNING: ThreadSanitizer: data race (pid=73731)
  Read of size 4 at 0x0001104034e8 by thread T8 (mutexes: write M0):
    #0 STEPControl_ActorWrite::IsAssembly(opencascade::handle<StepData_StepModel> const&, TopoDS_Shape&) const STEPControl_ActorWrite.cxx:701 (occt_1157_stress_after2:arm64+0x10053cd4c)
    #1 STEPControl_ActorWrite::TransferShape(opencascade::handle<Transfer_Finder> const&, opencascade::handle<StepShape_ShapeDefinitionRepresentation> const&, opencascade::handle<Transfer_FinderProcess> const&, StepData_Factors const&, opencascade::handle<NCollection_HSequence<TopoDS_Shape>> const&, bool, Message_ProgressRange const&) STEPControl_ActorWrite.cxx:828 (occt_1157_stress_after2:arm64+0x1005325f0)
    #2 STEPControl_ActorWrite::TransferShape(opencascade::handle<Transfer_Finder> const&, opencascade::handle<StepShape_ShapeDefinitionRepresentation> const&, opencascade::handle<Transfer_FinderProcess> const&, StepData_Factors const&, opencascade::handle<NCollection_HSequence<TopoDS_Shape>> const&, bool, Message_ProgressRange const&) STEPControl_ActorWrite.cxx:786 (occt_1157_stress_after2:arm64+0x100532218)
    #3 Transfer_ActorOfFinderProcess::Transferring(opencascade::handle<Transfer_Finder> const&, opencascade::handle<Transfer_ProcessForFinder> const&, Message_ProgressRange const&) Transfer_ActorOfFinderProcess.cxx:67 (occt_1157_stress_after2:arm64+0x101345524)
    #4 Transfer_ProcessForFinder::TransferProduct(opencascade::handle<Transfer_Finder> const&, Message_ProgressRange const&) Transfer_ProcessForFinder_0.cxx:1002 (occt_1157_stress_after2:arm64+0x101355818)
    #5 Transfer_ProcessForFinder::Transferring(opencascade::handle<Transfer_Finder> const&, Message_ProgressRange const&) Transfer_ProcessForFinder_0.cxx:911 (occt_1157_stress_after2:arm64+0x101354b54)
    #6 Transfer_ProcessForFinder::Transfer(opencascade::handle<Transfer_Finder> const&, Message_ProgressRange const&) Transfer_ProcessForFinder_0.cxx:1045 (occt_1157_stress_after2:arm64+0x101355cf4)
    #7 TransferFinder(opencascade::handle<Transfer_ActorOfFinderProcess> const&, opencascade::handle<Transfer_Finder> const&, opencascade::handle<Transfer_FinderProcess> const&, opencascade::handle<Interface_InterfaceModel> const&, int, Message_ProgressRange const&) XSControl_Controller.cxx:278 (occt_1157_stress_after2:arm64+0x1013d77b8)
    #8 XSControl_Controller::TransferWriteShape(TopoDS_Shape const&, opencascade::handle<Transfer_FinderProcess> const&, opencascade::handle<Interface_InterfaceModel> const&, int, Message_ProgressRange const&) const XSControl_Controller.cxx:347 (occt_1157_stress_after2:arm64+0x1013d7ce8)
    #9 STEPControl_Controller::TransferWriteShape(TopoDS_Shape const&, opencascade::handle<Transfer_FinderProcess> const&, opencascade::handle<Interface_InterfaceModel> const&, int, Message_ProgressRange const&) const STEPControl_Controller.cxx:482 (occt_1157_stress_after2:arm64+0x100547d64)
    #10 XSControl_TransferWriter::TransferWriteShape(opencascade::handle<Interface_InterfaceModel> const&, TopoDS_Shape const&, Message_ProgressRange const&) XSControl_TransferWriter.cxx:179 (occt_1157_stress_after2:arm64+0x1013ead64)
    #11 XSControl_WorkSession::TransferWriteShape(TopoDS_Shape const&, bool, Message_ProgressRange const&) XSControl_WorkSession.cxx:562 (occt_1157_stress_after2:arm64+0x1013f6874)
    #12 STEPControl_Writer::Transfer(TopoDS_Shape const&, STEPControl_StepModelType, DESTEP_Parameters const&, bool, Message_ProgressRange const&) STEPControl_Writer.cxx:159 (occt_1157_stress_after2:arm64+0x100552d48)
    #13 STEPControl_Writer::Transfer(TopoDS_Shape const&, STEPControl_StepModelType, bool, Message_ProgressRange const&) STEPControl_Writer.cxx:111 (occt_1157_stress_after2:arm64+0x1005527ac)
    #14 runStepWriteIndependent(int, int) occt_1157_stress.cpp:88 (occt_1157_stress_after2:arm64+0x100000b14)
    #15 void* std::__1::__thread_proxy[abi:nqe210106]<std::__1::tuple<std::__1::unique_ptr<std::__1::__thread_struct, std::__1::default_delete<std::__1::__thread_struct>>, void (*)(int, int), int, int>>(void*) thread.h:168 (occt_1157_stress_after2:arm64+0x1000064c4)

  Previous write of size 4 at 0x0001104034e8 by thread T4:
    #0 STEPControl_ActorWrite::SetGroupMode(int) STEPControl_ActorWrite.cxx:473 (occt_1157_stress_after2:arm64+0x100530a00)
    #1 STEPControl_Writer::Transfer(TopoDS_Shape const&, STEPControl_StepModelType, DESTEP_Parameters const&, bool, Message_ProgressRange const&) STEPControl_Writer.cxx:156 (occt_1157_stress_after2:arm64+0x100552ce0)
    #2 STEPControl_Writer::Transfer(TopoDS_Shape const&, STEPControl_StepModelType, bool, Message_ProgressRange const&) STEPControl_Writer.cxx:111 (occt_1157_stress_after2:arm64+0x1005527ac)
    #3 runStepWriteIndependent(int, int) occt_1157_stress.cpp:88 (occt_1157_stress_after2:arm64+0x100000b14)
    #4 void* std::__1::__thread_proxy[abi:nqe210106]<std::__1::tuple<std::__1::unique_ptr<std::__1::__thread_struct, std::__1::default_delete<std::__1::__thread_struct>>, void (*)(int, int), int, int>>(void*) thread.h:168 (occt_1157_stress_after2:arm64+0x1000064c4)

  Location is heap block of size 440 at 0x000110403480 allocated by main thread:
    #0 calloc <null> (libclang_rt.tsan_osx_dynamic.dylib:arm64e+0x67c40)
    #1 Standard::Allocate(unsigned long) Standard.cxx:386 (occt_1157_stress_after2:arm64+0x1008c3340)
    #2 STEPControl_Controller::STEPControl_Controller() STEPControl_Controller.cxx:345 (occt_1157_stress_after2:arm64+0x100545ca8)
    #3 STEPControl_Controller::Init() STEPControl_Controller.cxx:494 (occt_1157_stress_after2:arm64+0x100548158)
    #4 STEPControl_Writer::STEPControl_Writer() STEPControl_Writer.cxx:38 (occt_1157_stress_after2:arm64+0x100551e3c)
    #5 STEPControl_Writer::STEPControl_Writer() STEPControl_Writer.cxx:37 (occt_1157_stress_after2:arm64+0x1005520b8)
    #6 runStepWriteIndependent(int, int) occt_1157_stress.cpp:85 (occt_1157_stress_after2:arm64+0x100000ad8)
    #7 runOne(char const*, int, int) occt_1157_stress.cpp:349 (occt_1157_stress_after2:arm64+0x10000384c)
    #8 main occt_1157_stress.cpp:396 (occt_1157_stress_after2:arm64+0x100002e08)

  Mutex M0 (0x0001060d1358) created at:
    #0 pthread_mutex_lock <null> (libclang_rt.tsan_osx_dynamic.dylib:arm64e+0x356bc)
    #1 std::__1::mutex::lock() <null> (libc++.1.dylib:arm64e+0x300c)
    #2 STEPControl_Writer::SetWS(opencascade::handle<XSControl_WorkSession> const&, bool) STEPControl_Writer.cxx:56 (occt_1157_stress_after2:arm64+0x100551ff4)
    #3 STEPControl_Writer::STEPControl_Writer() STEPControl_Writer.cxx:39 (occt_1157_stress_after2:arm64+0x100551e7c)
    #4 STEPControl_Writer::STEPControl_Writer() STEPControl_Writer.cxx:37 (occt_1157_stress_after2:arm64+0x1005520b8)
    #5 runStepWriteIndependent(int, int) occt_1157_stress.cpp:85 (occt_1157_stress_after2:arm64+0x100000ad8)
    #6 runOne(char const*, int, int) occt_1157_stress.cpp:349 (occt_1157_stress_after2:arm64+0x10000384c)
    #7 main occt_1157_stress.cpp:396 (occt_1157_stress_after2:arm64+0x100002e08)

  Thread T8 (tid=367793, running) created by main thread at:
    #0 pthread_create <null> (libclang_rt.tsan_osx_dynamic.dylib:arm64e+0x33834)
    #1 std::__1::thread::thread[abi:nqe210106]<void (*&)(int, int), int&, int&, 0>(void (*&)(int, int), int&, int&) thread.h:216 (occt_1157_stress_after2:arm64+0x10000638c)
    #2 runOne(char const*, int, int) occt_1157_stress.cpp:359 (occt_1157_stress_after2:arm64+0x1000039e0)
    #3 main occt_1157_stress.cpp:396 (occt_1157_stress_after2:arm64+0x100002e08)

  Thread T4 (tid=367789, running) created by main thread at:
    #0 pthread_create <null> (libclang_rt.tsan_osx_dynamic.dylib:arm64e+0x33834)
    #1 std::__1::thread::thread[abi:nqe210106]<void (*&)(int, int), int&, int&, 0>(void (*&)(int, int), int&, int&) thread.h:216 (occt_1157_stress_after2:arm64+0x10000638c)
    #2 runOne(char const*, int, int) occt_1157_stress.cpp:359 (occt_1157_stress_after2:arm64+0x1000039e0)
    #3 main occt_1157_stress.cpp:396 (occt_1157_stress_after2:arm64+0x100002e08)

SUMMARY: ThreadSanitizer: data race STEPControl_ActorWrite.cxx:701 in STEPControl_ActorWrite::IsAssembly(opencascade::handle<StepData_StepModel> const&, TopoDS_Shape&) const
==================
WARNING: ThreadSanitizer: data race (pid=73731)
  Write of size 8 at 0x0001fab5d950 by thread T5:
    #0 std::__1::ostreambuf_iterator<char, std::__1::char_traits<char>> std::__1::__pad_and_output[abi:nqe210106]<char, std::__1::char_traits<char>>(std::__1::ostreambuf_iterator<char, std::__1::char_traits<char>>, char const*, char const*, char const*, std::__1::ios_base&, char) pad_and_output.h:80 (occt_1157_stress_after2:arm64+0x10000c178)
    #1 std::__1::basic_ostream<char, std::__1::char_traits<char>>& std::__1::__put_character_sequence[abi:nqe210106]<char, std::__1::char_traits<char>>(std::__1::basic_ostream<char, std::__1::char_traits<char>>&, char const*, unsigned long) put_character_sequence.h:37 (occt_1157_stress_after2:arm64+0x10000bec0)
    #2 Message_PrinterOStream::send(TCollection_AsciiString const&, Message_Gravity) const Message_PrinterOStream.cxx:155 (occt_1157_stress_after2:arm64+0x1008f3b48)
    #3 Message_Printer::SendStringStream(std::__1::basic_stringstream<char, std::__1::char_traits<char>, std::__1::allocator<char>> const&, Message_Gravity) const Message_Printer.cxx:70 (occt_1157_stress_after2:arm64+0x1008f314c)
    #4 Message_Messenger::Send(std::__1::basic_stringstream<char, std::__1::char_traits<char>, std::__1::allocator<char>> const&, Message_Gravity) const Message_Messenger.cxx:128 (occt_1157_stress_after2:arm64+0x1008eee80)
    #5 Message_Messenger::StreamBuffer::Flush(bool) Message_Messenger.hxx:75 (occt_1157_stress_after2:arm64+0x1000f0ae8)
    #6 Message_Messenger::StreamBuffer::~StreamBuffer() Message_Messenger.hxx:65 (occt_1157_stress_after2:arm64+0x1000f092c)
    #7 IFSelect_ModelCopier::SendAll(char const*, Interface_Graph const&, opencascade::handle<IFSelect_WorkLibrary> const&, opencascade::handle<Interface_Protocol> const&) IFSelect_ModelCopier.cxx:313 (occt_1157_stress_after2:arm64+0x10138642c)
    #8 IFSelect_WorkSession::SendAll(char const*, bool) IFSelect_WorkSession.cxx:2618 (occt_1157_stress_after2:arm64+0x1013c0590)
    #9 STEPControl_Writer::Write(char const*) STEPControl_Writer.cxx:173 (occt_1157_stress_after2:arm64+0x100553190)
    #10 runStepWriteIndependent(int, int) occt_1157_stress.cpp:97 (occt_1157_stress_after2:arm64+0x100000fa8)
    #11 void* std::__1::__thread_proxy[abi:nqe210106]<std::__1::tuple<std::__1::unique_ptr<std::__1::__thread_struct, std::__1::default_delete<std::__1::__thread_struct>>, void (*)(int, int), int, int>>(void*) thread.h:168 (occt_1157_stress_after2:arm64+0x1000064c4)

  Previous write of size 8 at 0x0001fab5d950 by thread T7:
    #0 std::__1::ostreambuf_iterator<char, std::__1::char_traits<char>> std::__1::__pad_and_output[abi:nqe210106]<char, std::__1::char_traits<char>>(std::__1::ostreambuf_iterator<char, std::__1::char_traits<char>>, char const*, char const*, char const*, std::__1::ios_base&, char) pad_and_output.h:80 (occt_1157_stress_after2:arm64+0x10000c178)
    #1 std::__1::basic_ostream<char, std::__1::char_traits<char>>& std::__1::__put_character_sequence[abi:nqe210106]<char, std::__1::char_traits<char>>(std::__1::basic_ostream<char, std::__1::char_traits<char>>&, char const*, unsigned long) put_character_sequence.h:37 (occt_1157_stress_after2:arm64+0x10000bec0)
    #2 Message_PrinterOStream::send(TCollection_AsciiString const&, Message_Gravity) const Message_PrinterOStream.cxx:163 (occt_1157_stress_after2:arm64+0x1008f3b98)
    #3 Message_Printer::SendStringStream(std::__1::basic_stringstream<char, std::__1::char_traits<char>, std::__1::allocator<char>> const&, Message_Gravity) const Message_Printer.cxx:70 (occt_1157_stress_after2:arm64+0x1008f314c)
    #4 Message_Messenger::Send(std::__1::basic_stringstream<char, std::__1::char_traits<char>, std::__1::allocator<char>> const&, Message_Gravity) const Message_Messenger.cxx:128 (occt_1157_stress_after2:arm64+0x1008eee80)
    #5 Message_Messenger::StreamBuffer::Flush(bool) Message_Messenger.hxx:75 (occt_1157_stress_after2:arm64+0x1000f0ae8)
    #6 Message_Messenger::StreamBuffer::~StreamBuffer() Message_Messenger.hxx:65 (occt_1157_stress_after2:arm64+0x1000f092c)
    #7 StepSelect_WorkLibrary::WriteFile(IFSelect_ContextWrite&) const StepSelect_WorkLibrary.cxx:150 (occt_1157_stress_after2:arm64+0x10082ccf0)
    #8 IFSelect_ModelCopier::SendAll(char const*, Interface_Graph const&, opencascade::handle<IFSelect_WorkLibrary> const&, opencascade::handle<Interface_Protocol> const&) IFSelect_ModelCopier.cxx:343 (occt_1157_stress_after2:arm64+0x10138659c)
    #9 IFSelect_WorkSession::SendAll(char const*, bool) IFSelect_WorkSession.cxx:2602 (occt_1157_stress_after2:arm64+0x1013c049c)
    #10 STEPControl_Writer::Write(char const*) STEPControl_Writer.cxx:173 (occt_1157_stress_after2:arm64+0x100553190)
    #11 runStepWriteIndependent(int, int) occt_1157_stress.cpp:97 (occt_1157_stress_after2:arm64+0x100000fa8)
    #12 void* std::__1::__thread_proxy[abi:nqe210106]<std::__1::tuple<std::__1::unique_ptr<std::__1::__thread_struct, std::__1::default_delete<std::__1::__thread_struct>>, void (*)(int, int), int, int>>(void*) thread.h:168 (occt_1157_stress_after2:arm64+0x1000064c4)

  Location is global 'std::__1::cout' at 0x0001fab5d930 (libc++.1.dylib+0x6cb3a950)

  Thread T5 (tid=367790, running) created by main thread at:
    #0 pthread_create <null> (libclang_rt.tsan_osx_dynamic.dylib:arm64e+0x33834)
    #1 std::__1::thread::thread[abi:nqe210106]<void (*&)(int, int), int&, int&, 0>(void (*&)(int, int), int&, int&) thread.h:216 (occt_1157_stress_after2:arm64+0x10000638c)
    #2 std::__1::thread* std::__1::vector<std::__1::thread, std::__1::allocator<std::__1::thread>>::__emplace_back_slow_path<void (*&)(int, int), int&, int&>(void (*&)(int, int), int&, int&) vector.h:1130 (occt_1157_stress_after2:arm64+0x100006148)
    #3 runOne(char const*, int, int) occt_1157_stress.cpp:359 (occt_1157_stress_after2:arm64+0x100003a08)
    #4 main occt_1157_stress.cpp:396 (occt_1157_stress_after2:arm64+0x100002e08)

  Thread T7 (tid=367792, finished) created by main thread at:
    #0 pthread_create <null> (libclang_rt.tsan_osx_dynamic.dylib:arm64e+0x33834)
    #1 std::__1::thread::thread[abi:nqe210106]<void (*&)(int, int), int&, int&, 0>(void (*&)(int, int), int&, int&) thread.h:216 (occt_1157_stress_after2:arm64+0x10000638c)
    #2 runOne(char const*, int, int) occt_1157_stress.cpp:359 (occt_1157_stress_after2:arm64+0x1000039e0)
    #3 main occt_1157_stress.cpp:396 (occt_1157_stress_after2:arm64+0x100002e08)

SUMMARY: ThreadSanitizer: data race pad_and_output.h:80 in std::__1::ostreambuf_iterator<char, std::__1::char_traits<char>> std::__1::__pad_and_output[abi:nqe210106]<char, std::__1::char_traits<char>>(std::__1::ostreambuf_iterator<char, std::__1::char_traits<char>>, char const*, char const*, char const*, std::__1::ios_base&, char)
==================
WARNING: ThreadSanitizer: data race (pid=73731)
  Write of size 8 at 0x0001fab5d950 by thread T5:
    #0 std::__1::ostreambuf_iterator<char, std::__1::char_traits<char>> std::__1::__pad_and_output[abi:nqe210106]<char, std::__1::char_traits<char>>(std::__1::ostreambuf_iterator<char, std::__1::char_traits<char>>, char const*, char const*, char const*, std::__1::ios_base&, char) pad_and_output.h:80 (occt_1157_stress_after2:arm64+0x10000c178)
    #1 std::__1::basic_ostream<char, std::__1::char_traits<char>>& std::__1::__put_character_sequence[abi:nqe210106]<char, std::__1::char_traits<char>>(std::__1::basic_ostream<char, std::__1::char_traits<char>>&, char const*, unsigned long) put_character_sequence.h:37 (occt_1157_stress_after2:arm64+0x10000bec0)
    #2 Message_PrinterOStream::send(TCollection_AsciiString const&, Message_Gravity) const Message_PrinterOStream.cxx:155 (occt_1157_stress_after2:arm64+0x1008f3b48)
    #3 Message_Printer::SendStringStream(std::__1::basic_stringstream<char, std::__1::char_traits<char>, std::__1::allocator<char>> const&, Message_Gravity) const Message_Printer.cxx:70 (occt_1157_stress_after2:arm64+0x1008f314c)
    #4 Message_Messenger::Send(std::__1::basic_stringstream<char, std::__1::char_traits<char>, std::__1::allocator<char>> const&, Message_Gravity) const Message_Messenger.cxx:128 (occt_1157_stress_after2:arm64+0x1008eee80)
    #5 Message_Messenger::StreamBuffer::Flush(bool) Message_Messenger.hxx:75 (occt_1157_stress_after2:arm64+0x1000f0ae8)
    #6 Message_Messenger::StreamBuffer::~StreamBuffer() Message_Messenger.hxx:65 (occt_1157_stress_after2:arm64+0x1000f092c)
    #7 StepSelect_WorkLibrary::WriteFile(IFSelect_ContextWrite&) const StepSelect_WorkLibrary.cxx:150 (occt_1157_stress_after2:arm64+0x10082ccf0)
    #8 IFSelect_ModelCopier::SendAll(char const*, Interface_Graph const&, opencascade::handle<IFSelect_WorkLibrary> const&, opencascade::handle<Interface_Protocol> const&) IFSelect_ModelCopier.cxx:343 (occt_1157_stress_after2:arm64+0x10138659c)
    #9 IFSelect_WorkSession::SendAll(char const*, bool) IFSelect_WorkSession.cxx:2618 (occt_1157_stress_after2:arm64+0x1013c0590)
    #10 STEPControl_Writer::Write(char const*) STEPControl_Writer.cxx:173 (occt_1157_stress_after2:arm64+0x100553190)
    #11 runStepWriteIndependent(int, int) occt_1157_stress.cpp:97 (occt_1157_stress_after2:arm64+0x100000fa8)
    #12 void* std::__1::__thread_proxy[abi:nqe210106]<std::__1::tuple<std::__1::unique_ptr<std::__1::__thread_struct, std::__1::default_delete<std::__1::__thread_struct>>, void (*)(int, int), int, int>>(void*) thread.h:168 (occt_1157_stress_after2:arm64+0x1000064c4)

  Previous write of size 8 at 0x0001fab5d950 by thread T8 (mutexes: write M0):
    #0 std::__1::ostreambuf_iterator<char, std::__1::char_traits<char>> std::__1::__pad_and_output[abi:nqe210106]<char, std::__1::char_traits<char>>(std::__1::ostreambuf_iterator<char, std::__1::char_traits<char>>, char const*, char const*, char const*, std::__1::ios_base&, char) pad_and_output.h:80 (occt_1157_stress_after2:arm64+0x10000c178)
    #1 std::__1::basic_ostream<char, std::__1::char_traits<char>>& std::__1::__put_character_sequence[abi:nqe210106]<char, std::__1::char_traits<char>>(std::__1::basic_ostream<char, std::__1::char_traits<char>>&, char const*, unsigned long) put_character_sequence.h:37 (occt_1157_stress_after2:arm64+0x10000bec0)
    #2 Message_PrinterOStream::send(TCollection_AsciiString const&, Message_Gravity) const Message_PrinterOStream.cxx:163 (occt_1157_stress_after2:arm64+0x1008f3b98)
    #3 Message_Printer::SendStringStream(std::__1::basic_stringstream<char, std::__1::char_traits<char>, std::__1::allocator<char>> const&, Message_Gravity) const Message_Printer.cxx:70 (occt_1157_stress_after2:arm64+0x1008f314c)
    #4 Message_Messenger::Send(std::__1::basic_stringstream<char, std::__1::char_traits<char>, std::__1::allocator<char>> const&, Message_Gravity) const Message_Messenger.cxx:128 (occt_1157_stress_after2:arm64+0x1008eee80)
    #5 Message_Messenger::StreamBuffer::Flush(bool) Message_Messenger.hxx:75 (occt_1157_stress_after2:arm64+0x1000f0ae8)
    #6 Message_Messenger::StreamBuffer::~StreamBuffer() Message_Messenger.hxx:65 (occt_1157_stress_after2:arm64+0x1000f092c)
    #7 XSControl_TransferWriter::PrintStats(int, int) const XSControl_TransferWriter.cxx:62 (occt_1157_stress_after2:arm64+0x1013ea2ac)
    #8 XSControl_TransferWriter::TransferWriteShape(opencascade::handle<Interface_InterfaceModel> const&, TopoDS_Shape const&, Message_ProgressRange const&) XSControl_TransferWriter.cxx:176 (occt_1157_stress_after2:arm64+0x1013eac9c)
    #9 XSControl_WorkSession::TransferWriteShape(TopoDS_Shape const&, bool, Message_ProgressRange const&) XSControl_WorkSession.cxx:562 (occt_1157_stress_after2:arm64+0x1013f6874)
    #10 STEPControl_Writer::Transfer(TopoDS_Shape const&, STEPControl_StepModelType, DESTEP_Parameters const&, bool, Message_ProgressRange const&) STEPControl_Writer.cxx:159 (occt_1157_stress_after2:arm64+0x100552d48)
    #11 STEPControl_Writer::Transfer(TopoDS_Shape const&, STEPControl_StepModelType, bool, Message_ProgressRange const&) STEPControl_Writer.cxx:111 (occt_1157_stress_after2:arm64+0x1005527ac)
    #12 runStepWriteIndependent(int, int) occt_1157_stress.cpp:88 (occt_1157_stress_after2:arm64+0x100000b14)
    #13 void* std::__1::__thread_proxy[abi:nqe210106]<std::__1::tuple<std::__1::unique_ptr<std::__1::__thread_struct, std::__1::default_delete<std::__1::__thread_struct>>, void (*)(int, int), int, int>>(void*) thread.h:168 (occt_1157_stress_after2:arm64+0x1000064c4)

  Location is global 'std::__1::cout' at 0x0001fab5d930 (libc++.1.dylib+0x6cb3a950)

  Mutex M0 (0x0001060d1358) created at:
    #0 pthread_mutex_lock <null> (libclang_rt.tsan_osx_dynamic.dylib:arm64e+0x356bc)
    #1 std::__1::mutex::lock() <null> (libc++.1.dylib:arm64e+0x300c)
    #2 STEPControl_Writer::SetWS(opencascade::handle<XSControl_WorkSession> const&, bool) STEPControl_Writer.cxx:56 (occt_1157_stress_after2:arm64+0x100551ff4)
    #3 STEPControl_Writer::STEPControl_Writer() STEPControl_Writer.cxx:39 (occt_1157_stress_after2:arm64+0x100551e7c)
    #4 STEPControl_Writer::STEPControl_Writer() STEPControl_Writer.cxx:37 (occt_1157_stress_after2:arm64+0x1005520b8)
    #5 runStepWriteIndependent(int, int) occt_1157_stress.cpp:85 (occt_1157_stress_after2:arm64+0x100000ad8)
    #6 runOne(char const*, int, int) occt_1157_stress.cpp:349 (occt_1157_stress_after2:arm64+0x10000384c)
    #7 main occt_1157_stress.cpp:396 (occt_1157_stress_after2:arm64+0x100002e08)

  Thread T5 (tid=367790, running) created by main thread at:
    #0 pthread_create <null> (libclang_rt.tsan_osx_dynamic.dylib:arm64e+0x33834)
    #1 std::__1::thread::thread[abi:nqe210106]<void (*&)(int, int), int&, int&, 0>(void (*&)(int, int), int&, int&) thread.h:216 (occt_1157_stress_after2:arm64+0x10000638c)
    #2 std::__1::thread* std::__1::vector<std::__1::thread, std::__1::allocator<std::__1::thread>>::__emplace_back_slow_path<void (*&)(int, int), int&, int&>(void (*&)(int, int), int&, int&) vector.h:1130 (occt_1157_stress_after2:arm64+0x100006148)
    #3 runOne(char const*, int, int) occt_1157_stress.cpp:359 (occt_1157_stress_after2:arm64+0x100003a08)
    #4 main occt_1157_stress.cpp:396 (occt_1157_stress_after2:arm64+0x100002e08)

  Thread T8 (tid=367793, running) created by main thread at:
    #0 pthread_create <null> (libclang_rt.tsan_osx_dynamic.dylib:arm64e+0x33834)
    #1 std::__1::thread::thread[abi:nqe210106]<void (*&)(int, int), int&, int&, 0>(void (*&)(int, int), int&, int&) thread.h:216 (occt_1157_stress_after2:arm64+0x10000638c)
    #2 runOne(char const*, int, int) occt_1157_stress.cpp:359 (occt_1157_stress_after2:arm64+0x1000039e0)
    #3 main occt_1157_stress.cpp:396 (occt_1157_stress_after2:arm64+0x100002e08)

SUMMARY: ThreadSanitizer: data race pad_and_output.h:80 in std::__1::ostreambuf_iterator<char, std::__1::char_traits<char>> std::__1::__pad_and_output[abi:nqe210106]<char, std::__1::char_traits<char>>(std::__1::ostreambuf_iterator<char, std::__1::char_traits<char>>, char const*, char const*, char const*, std::__1::ios_base&, char)
==================
WARNING: ThreadSanitizer: data race (pid=73731)
  Read of size 1 at 0x0001060dbcf8 by thread T8:
    #0 IFSelect_WorkSession::SendAll(char const*, bool) IFSelect_WorkSession.cxx:2595 (occt_1157_stress_after2:arm64+0x1013c0424)
    #1 STEPControl_Writer::Write(char const*) STEPControl_Writer.cxx:173 (occt_1157_stress_after2:arm64+0x100553190)
    #2 runStepWriteIndependent(int, int) occt_1157_stress.cpp:97 (occt_1157_stress_after2:arm64+0x100000fa8)
    #3 void* std::__1::__thread_proxy[abi:nqe210106]<std::__1::tuple<std::__1::unique_ptr<std::__1::__thread_struct, std::__1::default_delete<std::__1::__thread_struct>>, void (*)(int, int), int, int>>(void*) thread.h:168 (occt_1157_stress_after2:arm64+0x1000064c4)

  Previous write of size 1 at 0x0001060dbcf8 by thread T3:
    #0 IFSelect_WorkSession::IFSelect_WorkSession() IFSelect_WorkSession.cxx:86 (occt_1157_stress_after2:arm64+0x1013b0830)
    #1 XSControl_WorkSession::XSControl_WorkSession() XSControl_WorkSession.cxx:50 (occt_1157_stress_after2:arm64+0x1013f3ac0)
    #2 XSControl_WorkSession::XSControl_WorkSession() XSControl_WorkSession.cxx:54 (occt_1157_stress_after2:arm64+0x1013f3e0c)
    #3 STEPControl_Writer::STEPControl_Writer() STEPControl_Writer.cxx:39 (occt_1157_stress_after2:arm64+0x100551e4c)
    #4 STEPControl_Writer::STEPControl_Writer() STEPControl_Writer.cxx:37 (occt_1157_stress_after2:arm64+0x1005520b8)
    #5 runStepWriteIndependent(int, int) occt_1157_stress.cpp:85 (occt_1157_stress_after2:arm64+0x100000ad8)
    #6 void* std::__1::__thread_proxy[abi:nqe210106]<std::__1::tuple<std::__1::unique_ptr<std::__1::__thread_struct, std::__1::default_delete<std::__1::__thread_struct>>, void (*)(int, int), int, int>>(void*) thread.h:168 (occt_1157_stress_after2:arm64+0x1000064c4)

  Location is global 'errhand' at 0x0001060dbcf8 (occt_1157_stress_after2+0x101cb3cf8)

  Thread T8 (tid=367793, running) created by main thread at:
    #0 pthread_create <null> (libclang_rt.tsan_osx_dynamic.dylib:arm64e+0x33834)
    #1 std::__1::thread::thread[abi:nqe210106]<void (*&)(int, int), int&, int&, 0>(void (*&)(int, int), int&, int&) thread.h:216 (occt_1157_stress_after2:arm64+0x10000638c)
    #2 runOne(char const*, int, int) occt_1157_stress.cpp:359 (occt_1157_stress_after2:arm64+0x1000039e0)
    #3 main occt_1157_stress.cpp:396 (occt_1157_stress_after2:arm64+0x100002e08)

  Thread T3 (tid=367788, running) created by main thread at:
    #0 pthread_create <null> (libclang_rt.tsan_osx_dynamic.dylib:arm64e+0x33834)
    #1 std::__1::thread::thread[abi:nqe210106]<void (*&)(int, int), int&, int&, 0>(void (*&)(int, int), int&, int&) thread.h:216 (occt_1157_stress_after2:arm64+0x10000638c)
    #2 std::__1::thread* std::__1::vector<std::__1::thread, std::__1::allocator<std::__1::thread>>::__emplace_back_slow_path<void (*&)(int, int), int&, int&>(void (*&)(int, int), int&, int&) vector.h:1130 (occt_1157_stress_after2:arm64+0x100006148)
    #3 runOne(char const*, int, int) occt_1157_stress.cpp:359 (occt_1157_stress_after2:arm64+0x100003a08)
    #4 main occt_1157_stress.cpp:396 (occt_1157_stress_after2:arm64+0x100002e08)

SUMMARY: ThreadSanitizer: data race IFSelect_WorkSession.cxx:2595 in IFSelect_WorkSession::SendAll(char const*, bool)
==================
WARNING: ThreadSanitizer: data race (pid=73731)
  Write of size 8 at 0x0001fab5d950 by thread T5:
    #0 std::__1::ostreambuf_iterator<char, std::__1::char_traits<char>> std::__1::__pad_and_output[abi:nqe210106]<char, std::__1::char_traits<char>>(std::__1::ostreambuf_iterator<char, std::__1::char_traits<char>>, char const*, char const*, char const*, std::__1::ios_base&, char) pad_and_output.h:80 (occt_1157_stress_after2:arm64+0x10000c178)
    #1 std::__1::basic_ostream<char, std::__1::char_traits<char>>& std::__1::__put_character_sequence[abi:nqe210106]<char, std::__1::char_traits<char>>(std::__1::basic_ostream<char, std::__1::char_traits<char>>&, char const*, unsigned long) put_character_sequence.h:37 (occt_1157_stress_after2:arm64+0x10000bec0)
    #2 operator<<(std::__1::basic_ostream<char, std::__1::char_traits<char>>&, TCollection_AsciiString const&) TCollection_AsciiString.cxx:1100 (occt_1157_stress_after2:arm64+0x1008d620c)
    #3 Message_PrinterOStream::send(TCollection_AsciiString const&, Message_Gravity) const Message_PrinterOStream.cxx:156 (occt_1157_stress_after2:arm64+0x1008f3b54)
    #4 Message_Printer::SendStringStream(std::__1::basic_stringstream<char, std::__1::char_traits<char>, std::__1::allocator<char>> const&, Message_Gravity) const Message_Printer.cxx:70 (occt_1157_stress_after2:arm64+0x1008f314c)
    #5 Message_Messenger::Send(std::__1::basic_stringstream<char, std::__1::char_traits<char>, std::__1::allocator<char>> const&, Message_Gravity) const Message_Messenger.cxx:128 (occt_1157_stress_after2:arm64+0x1008eee80)
    #6 Message_Messenger::StreamBuffer::Flush(bool) Message_Messenger.hxx:75 (occt_1157_stress_after2:arm64+0x1000f0ae8)
    #7 Message_Messenger::StreamBuffer::~StreamBuffer() Message_Messenger.hxx:65 (occt_1157_stress_after2:arm64+0x1000f092c)
    #8 StepSelect_WorkLibrary::WriteFile(IFSelect_ContextWrite&) const StepSelect_WorkLibrary.cxx:150 (occt_1157_stress_after2:arm64+0x10082ccf0)
    #9 IFSelect_ModelCopier::SendAll(char const*, Interface_Graph const&, opencascade::handle<IFSelect_WorkLibrary> const&, opencascade::handle<Interface_Protocol> const&) IFSelect_ModelCopier.cxx:343 (occt_1157_stress_after2:arm64+0x10138659c)
    #10 IFSelect_WorkSession::SendAll(char const*, bool) IFSelect_WorkSession.cxx:2618 (occt_1157_stress_after2:arm64+0x1013c0590)
    #11 STEPControl_Writer::Write(char const*) STEPControl_Writer.cxx:173 (occt_1157_stress_after2:arm64+0x100553190)
    #12 runStepWriteIndependent(int, int) occt_1157_stress.cpp:97 (occt_1157_stress_after2:arm64+0x100000fa8)
    #13 void* std::__1::__thread_proxy[abi:nqe210106]<std::__1::tuple<std::__1::unique_ptr<std::__1::__thread_struct, std::__1::default_delete<std::__1::__thread_struct>>, void (*)(int, int), int, int>>(void*) thread.h:168 (occt_1157_stress_after2:arm64+0x1000064c4)

  Previous write of size 8 at 0x0001fab5d950 by thread T6 (mutexes: write M0):
    #0 std::__1::ostreambuf_iterator<char, std::__1::char_traits<char>> std::__1::__pad_and_output[abi:nqe210106]<char, std::__1::char_traits<char>>(std::__1::ostreambuf_iterator<char, std::__1::char_traits<char>>, char const*, char const*, char const*, std::__1::ios_base&, char) pad_and_output.h:80 (occt_1157_stress_after2:arm64+0x10000c178)
    #1 std::__1::basic_ostream<char, std::__1::char_traits<char>>& std::__1::__put_character_sequence[abi:nqe210106]<char, std::__1::char_traits<char>>(std::__1::basic_ostream<char, std::__1::char_traits<char>>&, char const*, unsigned long) put_character_sequence.h:37 (occt_1157_stress_after2:arm64+0x10000bec0)
    #2 Message_PrinterOStream::send(TCollection_AsciiString const&, Message_Gravity) const Message_PrinterOStream.cxx:163 (occt_1157_stress_after2:arm64+0x1008f3b98)
    #3 Message_Printer::SendStringStream(std::__1::basic_stringstream<char, std::__1::char_traits<char>, std::__1::allocator<char>> const&, Message_Gravity) const Message_Printer.cxx:70 (occt_1157_stress_after2:arm64+0x1008f314c)
    #4 Message_Messenger::Send(std::__1::basic_stringstream<char, std::__1::char_traits<char>, std::__1::allocator<char>> const&, Message_Gravity) const Message_Messenger.cxx:128 (occt_1157_stress_after2:arm64+0x1008eee80)
    #5 Message_Messenger::StreamBuffer::Flush(bool) Message_Messenger.hxx:75 (occt_1157_stress_after2:arm64+0x1000f0ae8)
    #6 Message_Messenger::StreamBuffer::~StreamBuffer() Message_Messenger.hxx:65 (occt_1157_stress_after2:arm64+0x1000f092c)
    #7 XSControl_TransferWriter::PrintStats(int, int) const XSControl_TransferWriter.cxx:62 (occt_1157_stress_after2:arm64+0x1013ea2ac)
    #8 XSControl_TransferWriter::TransferWriteShape(opencascade::handle<Interface_InterfaceModel> const&, TopoDS_Shape const&, Message_ProgressRange const&) XSControl_TransferWriter.cxx:176 (occt_1157_stress_after2:arm64+0x1013eac9c)
    #9 XSControl_WorkSession::TransferWriteShape(TopoDS_Shape const&, bool, Message_ProgressRange const&) XSControl_WorkSession.cxx:562 (occt_1157_stress_after2:arm64+0x1013f6874)
    #10 STEPControl_Writer::Transfer(TopoDS_Shape const&, STEPControl_StepModelType, DESTEP_Parameters const&, bool, Message_ProgressRange const&) STEPControl_Writer.cxx:159 (occt_1157_stress_after2:arm64+0x100552d48)
    #11 STEPControl_Writer::Transfer(TopoDS_Shape const&, STEPControl_StepModelType, bool, Message_ProgressRange const&) STEPControl_Writer.cxx:111 (occt_1157_stress_after2:arm64+0x1005527ac)
    #12 runStepWriteIndependent(int, int) occt_1157_stress.cpp:88 (occt_1157_stress_after2:arm64+0x100000b14)
    #13 void* std::__1::__thread_proxy[abi:nqe210106]<std::__1::tuple<std::__1::unique_ptr<std::__1::__thread_struct, std::__1::default_delete<std::__1::__thread_struct>>, void (*)(int, int), int, int>>(void*) thread.h:168 (occt_1157_stress_after2:arm64+0x1000064c4)

  Location is global 'std::__1::cout' at 0x0001fab5d930 (libc++.1.dylib+0x6cb3a950)

  Mutex M0 (0x0001060d1358) created at:
    #0 pthread_mutex_lock <null> (libclang_rt.tsan_osx_dynamic.dylib:arm64e+0x356bc)
    #1 std::__1::mutex::lock() <null> (libc++.1.dylib:arm64e+0x300c)
    #2 STEPControl_Writer::SetWS(opencascade::handle<XSControl_WorkSession> const&, bool) STEPControl_Writer.cxx:56 (occt_1157_stress_after2:arm64+0x100551ff4)
    #3 STEPControl_Writer::STEPControl_Writer() STEPControl_Writer.cxx:39 (occt_1157_stress_after2:arm64+0x100551e7c)
    #4 STEPControl_Writer::STEPControl_Writer() STEPControl_Writer.cxx:37 (occt_1157_stress_after2:arm64+0x1005520b8)
    #5 runStepWriteIndependent(int, int) occt_1157_stress.cpp:85 (occt_1157_stress_after2:arm64+0x100000ad8)
    #6 runOne(char const*, int, int) occt_1157_stress.cpp:349 (occt_1157_stress_after2:arm64+0x10000384c)
    #7 main occt_1157_stress.cpp:396 (occt_1157_stress_after2:arm64+0x100002e08)

  Thread T5 (tid=367790, running) created by main thread at:
    #0 pthread_create <null> (libclang_rt.tsan_osx_dynamic.dylib:arm64e+0x33834)
    #1 std::__1::thread::thread[abi:nqe210106]<void (*&)(int, int), int&, int&, 0>(void (*&)(int, int), int&, int&) thread.h:216 (occt_1157_stress_after2:arm64+0x10000638c)
    #2 std::__1::thread* std::__1::vector<std::__1::thread, std::__1::allocator<std::__1::thread>>::__emplace_back_slow_path<void (*&)(int, int), int&, int&>(void (*&)(int, int), int&, int&) vector.h:1130 (occt_1157_stress_after2:arm64+0x100006148)
    #3 runOne(char const*, int, int) occt_1157_stress.cpp:359 (occt_1157_stress_after2:arm64+0x100003a08)
    #4 main occt_1157_stress.cpp:396 (occt_1157_stress_after2:arm64+0x100002e08)

  Thread T6 (tid=367791, running) created by main thread at:
    #0 pthread_create <null> (libclang_rt.tsan_osx_dynamic.dylib:arm64e+0x33834)
    #1 std::__1::thread::thread[abi:nqe210106]<void (*&)(int, int), int&, int&, 0>(void (*&)(int, int), int&, int&) thread.h:216 (occt_1157_stress_after2:arm64+0x10000638c)
    #2 runOne(char const*, int, int) occt_1157_stress.cpp:359 (occt_1157_stress_after2:arm64+0x1000039e0)
    #3 main occt_1157_stress.cpp:396 (occt_1157_stress_after2:arm64+0x100002e08)

SUMMARY: ThreadSanitizer: data race pad_and_output.h:80 in std::__1::ostreambuf_iterator<char, std::__1::char_traits<char>> std::__1::__pad_and_output[abi:nqe210106]<char, std::__1::char_traits<char>>(std::__1::ostreambuf_iterator<char, std::__1::char_traits<char>>, char const*, char const*, char const*, std::__1::ios_base&, char)
==================
WARNING: ThreadSanitizer: data race (pid=73731)
  Write of size 8 at 0x0001fab5d950 by thread T6:
    #0 std::__1::ostreambuf_iterator<char, std::__1::char_traits<char>> std::__1::__pad_and_output[abi:nqe210106]<char, std::__1::char_traits<char>>(std::__1::ostreambuf_iterator<char, std::__1::char_traits<char>>, char const*, char const*, char const*, std::__1::ios_base&, char) pad_and_output.h:80 (occt_1157_stress_after2:arm64+0x10000c178)
    #1 std::__1::basic_ostream<char, std::__1::char_traits<char>>& std::__1::__put_character_sequence[abi:nqe210106]<char, std::__1::char_traits<char>>(std::__1::basic_ostream<char, std::__1::char_traits<char>>&, char const*, unsigned long) put_character_sequence.h:37 (occt_1157_stress_after2:arm64+0x10000bec0)
    #2 operator<<(std::__1::basic_ostream<char, std::__1::char_traits<char>>&, TCollection_AsciiString const&) TCollection_AsciiString.cxx:1100 (occt_1157_stress_after2:arm64+0x1008d620c)
    #3 Message_PrinterOStream::send(TCollection_AsciiString const&, Message_Gravity) const Message_PrinterOStream.cxx:156 (occt_1157_stress_after2:arm64+0x1008f3b54)
    #4 Message_Printer::SendStringStream(std::__1::basic_stringstream<char, std::__1::char_traits<char>, std::__1::allocator<char>> const&, Message_Gravity) const Message_Printer.cxx:70 (occt_1157_stress_after2:arm64+0x1008f314c)
    #5 Message_Messenger::Send(std::__1::basic_stringstream<char, std::__1::char_traits<char>, std::__1::allocator<char>> const&, Message_Gravity) const Message_Messenger.cxx:128 (occt_1157_stress_after2:arm64+0x1008eee80)
    #6 Message_Messenger::StreamBuffer::Flush(bool) Message_Messenger.hxx:75 (occt_1157_stress_after2:arm64+0x1000f0ae8)
    #7 Message_Messenger::StreamBuffer::~StreamBuffer() Message_Messenger.hxx:65 (occt_1157_stress_after2:arm64+0x1000f092c)
    #8 IFSelect_ModelCopier::SendAll(char const*, Interface_Graph const&, opencascade::handle<IFSelect_WorkLibrary> const&, opencascade::handle<Interface_Protocol> const&) IFSelect_ModelCopier.cxx:313 (occt_1157_stress_after2:arm64+0x10138642c)
    #9 IFSelect_WorkSession::SendAll(char const*, bool) IFSelect_WorkSession.cxx:2618 (occt_1157_stress_after2:arm64+0x1013c0590)
    #10 STEPControl_Writer::Write(char const*) STEPControl_Writer.cxx:173 (occt_1157_stress_after2:arm64+0x100553190)
    #11 runStepWriteIndependent(int, int) occt_1157_stress.cpp:97 (occt_1157_stress_after2:arm64+0x100000fa8)
    #12 void* std::__1::__thread_proxy[abi:nqe210106]<std::__1::tuple<std::__1::unique_ptr<std::__1::__thread_struct, std::__1::default_delete<std::__1::__thread_struct>>, void (*)(int, int), int, int>>(void*) thread.h:168 (occt_1157_stress_after2:arm64+0x1000064c4)

  Previous write of size 8 at 0x0001fab5d950 by thread T1 (mutexes: write M0):
    #0 std::__1::ostreambuf_iterator<char, std::__1::char_traits<char>> std::__1::__pad_and_output[abi:nqe210106]<char, std::__1::char_traits<char>>(std::__1::ostreambuf_iterator<char, std::__1::char_traits<char>>, char const*, char const*, char const*, std::__1::ios_base&, char) pad_and_output.h:80 (occt_1157_stress_after2:arm64+0x10000c178)
    #1 std::__1::basic_ostream<char, std::__1::char_traits<char>>& std::__1::__put_character_sequence[abi:nqe210106]<char, std::__1::char_traits<char>>(std::__1::basic_ostream<char, std::__1::char_traits<char>>&, char const*, unsigned long) put_character_sequence.h:37 (occt_1157_stress_after2:arm64+0x10000bec0)
    #2 Message_PrinterOStream::send(TCollection_AsciiString const&, Message_Gravity) const Message_PrinterOStream.cxx:163 (occt_1157_stress_after2:arm64+0x1008f3b98)
    #3 Message_Printer::SendStringStream(std::__1::basic_stringstream<char, std::__1::char_traits<char>, std::__1::allocator<char>> const&, Message_Gravity) const Message_Printer.cxx:70 (occt_1157_stress_after2:arm64+0x1008f314c)
    #4 Message_Messenger::Send(std::__1::basic_stringstream<char, std::__1::char_traits<char>, std::__1::allocator<char>> const&, Message_Gravity) const Message_Messenger.cxx:128 (occt_1157_stress_after2:arm64+0x1008eee80)
    #5 Message_Messenger::StreamBuffer::Flush(bool) Message_Messenger.hxx:75 (occt_1157_stress_after2:arm64+0x1000f0ae8)
    #6 Message_Messenger::StreamBuffer::~StreamBuffer() Message_Messenger.hxx:65 (occt_1157_stress_after2:arm64+0x1000f092c)
    #7 XSControl_TransferWriter::PrintStats(int, int) const XSControl_TransferWriter.cxx:62 (occt_1157_stress_after2:arm64+0x1013ea2ac)
    #8 XSControl_TransferWriter::TransferWriteShape(opencascade::handle<Interface_InterfaceModel> const&, TopoDS_Shape const&, Message_ProgressRange const&) XSControl_TransferWriter.cxx:176 (occt_1157_stress_after2:arm64+0x1013eac9c)
    #9 XSControl_WorkSession::TransferWriteShape(TopoDS_Shape const&, bool, Message_ProgressRange const&) XSControl_WorkSession.cxx:562 (occt_1157_stress_after2:arm64+0x1013f6874)
    #10 STEPControl_Writer::Transfer(TopoDS_Shape const&, STEPControl_StepModelType, DESTEP_Parameters const&, bool, Message_ProgressRange const&) STEPControl_Writer.cxx:159 (occt_1157_stress_after2:arm64+0x100552d48)
    #11 STEPControl_Writer::Transfer(TopoDS_Shape const&, STEPControl_StepModelType, bool, Message_ProgressRange const&) STEPControl_Writer.cxx:111 (occt_1157_stress_after2:arm64+0x1005527ac)
    #12 runStepWriteIndependent(int, int) occt_1157_stress.cpp:88 (occt_1157_stress_after2:arm64+0x100000b14)
    #13 void* std::__1::__thread_proxy[abi:nqe210106]<std::__1::tuple<std::__1::unique_ptr<std::__1::__thread_struct, std::__1::default_delete<std::__1::__thread_struct>>, void (*)(int, int), int, int>>(void*) thread.h:168 (occt_1157_stress_after2:arm64+0x1000064c4)

  Location is global 'std::__1::cout' at 0x0001fab5d930 (libc++.1.dylib+0x6cb3a950)

  Mutex M0 (0x0001060d1358) created at:
    #0 pthread_mutex_lock <null> (libclang_rt.tsan_osx_dynamic.dylib:arm64e+0x356bc)
    #1 std::__1::mutex::lock() <null> (libc++.1.dylib:arm64e+0x300c)
    #2 STEPControl_Writer::SetWS(opencascade::handle<XSControl_WorkSession> const&, bool) STEPControl_Writer.cxx:56 (occt_1157_stress_after2:arm64+0x100551ff4)
    #3 STEPControl_Writer::STEPControl_Writer() STEPControl_Writer.cxx:39 (occt_1157_stress_after2:arm64+0x100551e7c)
    #4 STEPControl_Writer::STEPControl_Writer() STEPControl_Writer.cxx:37 (occt_1157_stress_after2:arm64+0x1005520b8)
    #5 runStepWriteIndependent(int, int) occt_1157_stress.cpp:85 (occt_1157_stress_after2:arm64+0x100000ad8)
    #6 runOne(char const*, int, int) occt_1157_stress.cpp:349 (occt_1157_stress_after2:arm64+0x10000384c)
    #7 main occt_1157_stress.cpp:396 (occt_1157_stress_after2:arm64+0x100002e08)

  Thread T6 (tid=367791, running) created by main thread at:
    #0 pthread_create <null> (libclang_rt.tsan_osx_dynamic.dylib:arm64e+0x33834)
    #1 std::__1::thread::thread[abi:nqe210106]<void (*&)(int, int), int&, int&, 0>(void (*&)(int, int), int&, int&) thread.h:216 (occt_1157_stress_after2:arm64+0x10000638c)
    #2 runOne(char const*, int, int) occt_1157_stress.cpp:359 (occt_1157_stress_after2:arm64+0x1000039e0)
    #3 main occt_1157_stress.cpp:396 (occt_1157_stress_after2:arm64+0x100002e08)

  Thread T1 (tid=367786, running) created by main thread at:
    #0 pthread_create <null> (libclang_rt.tsan_osx_dynamic.dylib:arm64e+0x33834)
    #1 std::__1::thread::thread[abi:nqe210106]<void (*&)(int, int), int&, int&, 0>(void (*&)(int, int), int&, int&) thread.h:216 (occt_1157_stress_after2:arm64+0x10000638c)
    #2 std::__1::thread* std::__1::vector<std::__1::thread, std::__1::allocator<std::__1::thread>>::__emplace_back_slow_path<void (*&)(int, int), int&, int&>(void (*&)(int, int), int&, int&) vector.h:1130 (occt_1157_stress_after2:arm64+0x100006148)
    #3 runOne(char const*, int, int) occt_1157_stress.cpp:359 (occt_1157_stress_after2:arm64+0x100003a08)
    #4 main occt_1157_stress.cpp:396 (occt_1157_stress_after2:arm64+0x100002e08)

SUMMARY: ThreadSanitizer: data race pad_and_output.h:80 in std::__1::ostreambuf_iterator<char, std::__1::char_traits<char>> std::__1::__pad_and_output[abi:nqe210106]<char, std::__1::char_traits<char>>(std::__1::ostreambuf_iterator<char, std::__1::char_traits<char>>, char const*, char const*, char const*, std::__1::ios_base&, char)
==================
WARNING: ThreadSanitizer: data race (pid=73731)
  Write of size 8 at 0x0001fab5d950 by thread T3 (mutexes: write M0):
    #0 std::__1::ostreambuf_iterator<char, std::__1::char_traits<char>> std::__1::__pad_and_output[abi:nqe210106]<char, std::__1::char_traits<char>>(std::__1::ostreambuf_iterator<char, std::__1::char_traits<char>>, char const*, char const*, char const*, std::__1::ios_base&, char) pad_and_output.h:80 (occt_1157_stress_after2:arm64+0x10000c178)
    #1 std::__1::basic_ostream<char, std::__1::char_traits<char>>& std::__1::__put_character_sequence[abi:nqe210106]<char, std::__1::char_traits<char>>(std::__1::basic_ostream<char, std::__1::char_traits<char>>&, char const*, unsigned long) put_character_sequence.h:37 (occt_1157_stress_after2:arm64+0x10000bec0)
    #2 Message_PrinterOStream::send(TCollection_AsciiString const&, Message_Gravity) const Message_PrinterOStream.cxx:155 (occt_1157_stress_after2:arm64+0x1008f3b48)
    #3 Message_Printer::SendStringStream(std::__1::basic_stringstream<char, std::__1::char_traits<char>, std::__1::allocator<char>> const&, Message_Gravity) const Message_Printer.cxx:70 (occt_1157_stress_after2:arm64+0x1008f314c)
    #4 Message_Messenger::Send(std::__1::basic_stringstream<char, std::__1::char_traits<char>, std::__1::allocator<char>> const&, Message_Gravity) const Message_Messenger.cxx:128 (occt_1157_stress_after2:arm64+0x1008eee80)
    #5 Message_Messenger::StreamBuffer::Flush(bool) Message_Messenger.hxx:75 (occt_1157_stress_after2:arm64+0x1000f0ae8)
    #6 Message_Messenger::StreamBuffer::~StreamBuffer() Message_Messenger.hxx:65 (occt_1157_stress_after2:arm64+0x1000f092c)
    #7 XSControl_TransferWriter::PrintStats(int, int) const XSControl_TransferWriter.cxx:62 (occt_1157_stress_after2:arm64+0x1013ea2ac)
    #8 XSControl_TransferWriter::TransferWriteShape(opencascade::handle<Interface_InterfaceModel> const&, TopoDS_Shape const&, Message_ProgressRange const&) XSControl_TransferWriter.cxx:176 (occt_1157_stress_after2:arm64+0x1013eac9c)
    #9 XSControl_WorkSession::TransferWriteShape(TopoDS_Shape const&, bool, Message_ProgressRange const&) XSControl_WorkSession.cxx:562 (occt_1157_stress_after2:arm64+0x1013f6874)
    #10 STEPControl_Writer::Transfer(TopoDS_Shape const&, STEPControl_StepModelType, DESTEP_Parameters const&, bool, Message_ProgressRange const&) STEPControl_Writer.cxx:159 (occt_1157_stress_after2:arm64+0x100552d48)
    #11 STEPControl_Writer::Transfer(TopoDS_Shape const&, STEPControl_StepModelType, bool, Message_ProgressRange const&) STEPControl_Writer.cxx:111 (occt_1157_stress_after2:arm64+0x1005527ac)
    #12 runStepWriteIndependent(int, int) occt_1157_stress.cpp:88 (occt_1157_stress_after2:arm64+0x100000b14)
    #13 void* std::__1::__thread_proxy[abi:nqe210106]<std::__1::tuple<std::__1::unique_ptr<std::__1::__thread_struct, std::__1::default_delete<std::__1::__thread_struct>>, void (*)(int, int), int, int>>(void*) thread.h:168 (occt_1157_stress_after2:arm64+0x1000064c4)

  Previous write of size 8 at 0x0001fab5d950 by thread T6:
    #0 std::__1::ostreambuf_iterator<char, std::__1::char_traits<char>> std::__1::__pad_and_output[abi:nqe210106]<char, std::__1::char_traits<char>>(std::__1::ostreambuf_iterator<char, std::__1::char_traits<char>>, char const*, char const*, char const*, std::__1::ios_base&, char) pad_and_output.h:80 (occt_1157_stress_after2:arm64+0x10000c178)
    #1 std::__1::basic_ostream<char, std::__1::char_traits<char>>& std::__1::__put_character_sequence[abi:nqe210106]<char, std::__1::char_traits<char>>(std::__1::basic_ostream<char, std::__1::char_traits<char>>&, char const*, unsigned long) put_character_sequence.h:37 (occt_1157_stress_after2:arm64+0x10000bec0)
    #2 Message_PrinterOStream::send(TCollection_AsciiString const&, Message_Gravity) const Message_PrinterOStream.cxx:163 (occt_1157_stress_after2:arm64+0x1008f3b98)
    #3 Message_Printer::SendStringStream(std::__1::basic_stringstream<char, std::__1::char_traits<char>, std::__1::allocator<char>> const&, Message_Gravity) const Message_Printer.cxx:70 (occt_1157_stress_after2:arm64+0x1008f314c)
    #4 Message_Messenger::Send(std::__1::basic_stringstream<char, std::__1::char_traits<char>, std::__1::allocator<char>> const&, Message_Gravity) const Message_Messenger.cxx:128 (occt_1157_stress_after2:arm64+0x1008eee80)
    #5 Message_Messenger::StreamBuffer::Flush(bool) Message_Messenger.hxx:75 (occt_1157_stress_after2:arm64+0x1000f0ae8)
    #6 Message_Messenger::StreamBuffer::~StreamBuffer() Message_Messenger.hxx:65 (occt_1157_stress_after2:arm64+0x1000f092c)
    #7 StepSelect_WorkLibrary::WriteFile(IFSelect_ContextWrite&) const StepSelect_WorkLibrary.cxx:150 (occt_1157_stress_after2:arm64+0x10082ccf0)
    #8 IFSelect_ModelCopier::SendAll(char const*, Interface_Graph const&, opencascade::handle<IFSelect_WorkLibrary> const&, opencascade::handle<Interface_Protocol> const&) IFSelect_ModelCopier.cxx:343 (occt_1157_stress_after2:arm64+0x10138659c)
    #9 IFSelect_WorkSession::SendAll(char const*, bool) IFSelect_WorkSession.cxx:2618 (occt_1157_stress_after2:arm64+0x1013c0590)
    #10 STEPControl_Writer::Write(char const*) STEPControl_Writer.cxx:173 (occt_1157_stress_after2:arm64+0x100553190)
    #11 runStepWriteIndependent(int, int) occt_1157_stress.cpp:97 (occt_1157_stress_after2:arm64+0x100000fa8)
    #12 void* std::__1::__thread_proxy[abi:nqe210106]<std::__1::tuple<std::__1::unique_ptr<std::__1::__thread_struct, std::__1::default_delete<std::__1::__thread_struct>>, void (*)(int, int), int, int>>(void*) thread.h:168 (occt_1157_stress_after2:arm64+0x1000064c4)

  Location is global 'std::__1::cout' at 0x0001fab5d930 (libc++.1.dylib+0x6cb3a950)

  Mutex M0 (0x0001060d1358) created at:
    #0 pthread_mutex_lock <null> (libclang_rt.tsan_osx_dynamic.dylib:arm64e+0x356bc)
    #1 std::__1::mutex::lock() <null> (libc++.1.dylib:arm64e+0x300c)
    #2 STEPControl_Writer::SetWS(opencascade::handle<XSControl_WorkSession> const&, bool) STEPControl_Writer.cxx:56 (occt_1157_stress_after2:arm64+0x100551ff4)
    #3 STEPControl_Writer::STEPControl_Writer() STEPControl_Writer.cxx:39 (occt_1157_stress_after2:arm64+0x100551e7c)
    #4 STEPControl_Writer::STEPControl_Writer() STEPControl_Writer.cxx:37 (occt_1157_stress_after2:arm64+0x1005520b8)
    #5 runStepWriteIndependent(int, int) occt_1157_stress.cpp:85 (occt_1157_stress_after2:arm64+0x100000ad8)
    #6 runOne(char const*, int, int) occt_1157_stress.cpp:349 (occt_1157_stress_after2:arm64+0x10000384c)
    #7 main occt_1157_stress.cpp:396 (occt_1157_stress_after2:arm64+0x100002e08)

  Thread T3 (tid=367788, running) created by main thread at:
    #0 pthread_create <null> (libclang_rt.tsan_osx_dynamic.dylib:arm64e+0x33834)
    #1 std::__1::thread::thread[abi:nqe210106]<void (*&)(int, int), int&, int&, 0>(void (*&)(int, int), int&, int&) thread.h:216 (occt_1157_stress_after2:arm64+0x10000638c)
    #2 std::__1::thread* std::__1::vector<std::__1::thread, std::__1::allocator<std::__1::thread>>::__emplace_back_slow_path<void (*&)(int, int), int&, int&>(void (*&)(int, int), int&, int&) vector.h:1130 (occt_1157_stress_after2:arm64+0x100006148)
    #3 runOne(char const*, int, int) occt_1157_stress.cpp:359 (occt_1157_stress_after2:arm64+0x100003a08)
    #4 main occt_1157_stress.cpp:396 (occt_1157_stress_after2:arm64+0x100002e08)

  Thread T6 (tid=367791, finished) created by main thread at:
    #0 pthread_create <null> (libclang_rt.tsan_osx_dynamic.dylib:arm64e+0x33834)
    #1 std::__1::thread::thread[abi:nqe210106]<void (*&)(int, int), int&, int&, 0>(void (*&)(int, int), int&, int&) thread.h:216 (occt_1157_stress_after2:arm64+0x10000638c)
    #2 runOne(char const*, int, int) occt_1157_stress.cpp:359 (occt_1157_stress_after2:arm64+0x1000039e0)
    #3 main occt_1157_stress.cpp:396 (occt_1157_stress_after2:arm64+0x100002e08)

SUMMARY: ThreadSanitizer: data race pad_and_output.h:80 in std::__1::ostreambuf_iterator<char, std::__1::char_traits<char>> std::__1::__pad_and_output[abi:nqe210106]<char, std::__1::char_traits<char>>(std::__1::ostreambuf_iterator<char, std::__1::char_traits<char>>, char const*, char const*, char const*, std::__1::ios_base&, char)
==================
ThreadSanitizer: reported 32 warnings
