WARNING: ThreadSanitizer: data race (pid=71650)
  Read of size 8 at 0x0001060dbef8 by thread T8:
    #0 Interface_Static::Static(char const*) Interface_Static.cxx:295 (occt_1157_stress_before:arm64+0x10133e79c)
    #1 XSControl_Controller::TraceStatic(char const*, int) XSControl_Controller.cxx:80 (occt_1157_stress_before:arm64+0x1013d5268)
    #2 XSControl_Controller::XSControl_Controller(char const*, char const*) XSControl_Controller.cxx:70 (occt_1157_stress_before:arm64+0x1013d5140)
    #3 IGESControl_Controller::IGESControl_Controller(bool) IGESControl_Controller.cxx:72 (occt_1157_stress_before:arm64+0x10037b1e8)
    #4 IGESControl_Controller::Init() IGESControl_Controller.cxx:364 (occt_1157_stress_before:arm64+0x100380778)
    #5 IGESControl_Writer::IGESControl_Writer(char const*, int) IGESControl_Writer.cxx:73 (occt_1157_stress_before:arm64+0x10038b760)
    #6 IGESControl_Writer::IGESControl_Writer(char const*, int) IGESControl_Writer.cxx:72 (occt_1157_stress_before:arm64+0x10038b928)
    #7 runIgesWriteIndependent(int, int) occt_1157_stress.cpp:160 (occt_1157_stress_before:arm64+0x100001b64)
    #8 void* std::__1::__thread_proxy[abi:nqe210106]<std::__1::tuple<std::__1::unique_ptr<std::__1::__thread_struct, std::__1::default_delete<std::__1::__thread_struct>>, void (*)(int, int), int, int>>(void*) thread.h:168 (occt_1157_stress_before:arm64+0x100006494)

  Previous write of size 8 at 0x0001060dbef8 by thread T6:
    #0 std::__1::conditional<false, opencascade::handle<Standard_Transient>&, bool>::type NCollection_DataMap<TCollection_AsciiString, opencascade::handle<Standard_Transient>, NCollection_DefaultHasher<TCollection_AsciiString>>::emplaceImpl<TCollection_AsciiString, false, false, opencascade::handle<Standard_Transient> const&>(TCollection_AsciiString&&, std::__1::integral_constant<bool, false>, std::__1::integral_constant<bool, false>, opencascade::handle<Standard_Transient> const&) NCollection_DataMap.hxx:814 (occt_1157_stress_before:arm64+0x10083fe18)
    #1 Interface_Static::Init(char const*, char const*, Interface_ParamType, char const*) Interface_Static.cxx:183 (occt_1157_stress_before:arm64+0x10133e614)
    #2 Interface_Static::Init(char const*, char const*, char, char const*) Interface_Static.cxx:275 (occt_1157_stress_before:arm64+0x10133eb34)
    #3 Interface_Static::Standards() Interface_StaticStandards.cxx:33 (occt_1157_stress_before:arm64+0x101340ab8)
    #4 XSControl_Controller::XSControl_Controller(char const*, char const*) XSControl_Controller.cxx:69 (occt_1157_stress_before:arm64+0x1013d512c)
    #5 IGESControl_Controller::IGESControl_Controller(bool) IGESControl_Controller.cxx:72 (occt_1157_stress_before:arm64+0x10037b1e8)
    #6 IGESControl_Controller::Init() IGESControl_Controller.cxx:364 (occt_1157_stress_before:arm64+0x100380778)
    #7 IGESControl_Writer::IGESControl_Writer(char const*, int) IGESControl_Writer.cxx:73 (occt_1157_stress_before:arm64+0x10038b760)
    #8 IGESControl_Writer::IGESControl_Writer(char const*, int) IGESControl_Writer.cxx:72 (occt_1157_stress_before:arm64+0x10038b928)
    #9 runIgesWriteIndependent(int, int) occt_1157_stress.cpp:160 (occt_1157_stress_before:arm64+0x100001b64)
    #10 void* std::__1::__thread_proxy[abi:nqe210106]<std::__1::tuple<std::__1::unique_ptr<std::__1::__thread_struct, std::__1::default_delete<std::__1::__thread_struct>>, void (*)(int, int), int, int>>(void*) thread.h:168 (occt_1157_stress_before:arm64+0x100006494)

  Location is global 'astats' at 0x0001060dbed0 (occt_1157_stress_before+0x101cb3ef8)

  Thread T8 (tid=360579, running) created by main thread at:
    #0 pthread_create <null> (libclang_rt.tsan_osx_dynamic.dylib:arm64e+0x33834)
    #1 std::__1::thread::thread[abi:nqe210106]<void (*&)(int, int), int&, int&, 0>(void (*&)(int, int), int&, int&) thread.h:216 (occt_1157_stress_before:arm64+0x10000635c)
    #2 runOne(char const*, int, int) occt_1157_stress.cpp:343 (occt_1157_stress_before:arm64+0x1000039b0)
    #3 main occt_1157_stress.cpp:380 (occt_1157_stress_before:arm64+0x100002e08)

  Thread T6 (tid=360577, running) created by main thread at:
    #0 pthread_create <null> (libclang_rt.tsan_osx_dynamic.dylib:arm64e+0x33834)
    #1 std::__1::thread::thread[abi:nqe210106]<void (*&)(int, int), int&, int&, 0>(void (*&)(int, int), int&, int&) thread.h:216 (occt_1157_stress_before:arm64+0x10000635c)
    #2 runOne(char const*, int, int) occt_1157_stress.cpp:343 (occt_1157_stress_before:arm64+0x1000039b0)
    #3 main occt_1157_stress.cpp:380 (occt_1157_stress_before:arm64+0x100002e08)

SUMMARY: ThreadSanitizer: data race Interface_Static.cxx:295 in Interface_Static::Static(char const*)
==================
WARNING: ThreadSanitizer: data race (pid=71650)
  Read of size 8 at 0x0001060dbee0 by thread T7:
    #0 Interface_Static::Static(char const*) Interface_Static.cxx:295 (occt_1157_stress_before:arm64+0x10133e7ac)
    #1 XSControl_Controller::TraceStatic(char const*, int) XSControl_Controller.cxx:80 (occt_1157_stress_before:arm64+0x1013d5268)
    #2 XSControl_Controller::XSControl_Controller(char const*, char const*) XSControl_Controller.cxx:70 (occt_1157_stress_before:arm64+0x1013d5140)
    #3 IGESControl_Controller::IGESControl_Controller(bool) IGESControl_Controller.cxx:72 (occt_1157_stress_before:arm64+0x10037b1e8)
    #4 IGESControl_Controller::Init() IGESControl_Controller.cxx:364 (occt_1157_stress_before:arm64+0x100380778)
    #5 IGESControl_Writer::IGESControl_Writer(char const*, int) IGESControl_Writer.cxx:73 (occt_1157_stress_before:arm64+0x10038b760)
    #6 IGESControl_Writer::IGESControl_Writer(char const*, int) IGESControl_Writer.cxx:72 (occt_1157_stress_before:arm64+0x10038b928)
    #7 runIgesWriteIndependent(int, int) occt_1157_stress.cpp:160 (occt_1157_stress_before:arm64+0x100001b64)
    #8 void* std::__1::__thread_proxy[abi:nqe210106]<std::__1::tuple<std::__1::unique_ptr<std::__1::__thread_struct, std::__1::default_delete<std::__1::__thread_struct>>, void (*)(int, int), int, int>>(void*) thread.h:168 (occt_1157_stress_before:arm64+0x100006494)

  Previous write of size 8 at 0x0001060dbee0 by thread T6:
    #0 NCollection_BaseMap::EndResize(unsigned long, unsigned long, NCollection_ListNode**, NCollection_ListNode**) NCollection_BaseMap.cxx:63 (occt_1157_stress_before:arm64+0x1008df9c8)
    #1 NCollection_DataMap<TCollection_AsciiString, opencascade::handle<Standard_Transient>, NCollection_DefaultHasher<TCollection_AsciiString>>::ReSize(unsigned long) NCollection_DataMap.hxx:387 (occt_1157_stress_before:arm64+0x1008401f0)
    #2 std::__1::conditional<false, opencascade::handle<Standard_Transient>&, bool>::type NCollection_DataMap<TCollection_AsciiString, opencascade::handle<Standard_Transient>, NCollection_DefaultHasher<TCollection_AsciiString>>::emplaceImpl<TCollection_AsciiString, false, false, opencascade::handle<Standard_Transient> const&>(TCollection_AsciiString&&, std::__1::integral_constant<bool, false>, std::__1::integral_constant<bool, false>, opencascade::handle<Standard_Transient> const&) NCollection_DataMap.hxx:795 (occt_1157_stress_before:arm64+0x10083fcbc)
    #3 Interface_Static::Init(char const*, char const*, Interface_ParamType, char const*) Interface_Static.cxx:183 (occt_1157_stress_before:arm64+0x10133e614)
    #4 Interface_Static::Init(char const*, char const*, char, char const*) Interface_Static.cxx:275 (occt_1157_stress_before:arm64+0x10133eb34)
    #5 Interface_Static::Standards() Interface_StaticStandards.cxx:33 (occt_1157_stress_before:arm64+0x101340ab8)
    #6 XSControl_Controller::XSControl_Controller(char const*, char const*) XSControl_Controller.cxx:69 (occt_1157_stress_before:arm64+0x1013d512c)
    #7 IGESControl_Controller::IGESControl_Controller(bool) IGESControl_Controller.cxx:72 (occt_1157_stress_before:arm64+0x10037b1e8)
    #8 IGESControl_Controller::Init() IGESControl_Controller.cxx:364 (occt_1157_stress_before:arm64+0x100380778)
    #9 IGESControl_Writer::IGESControl_Writer(char const*, int) IGESControl_Writer.cxx:73 (occt_1157_stress_before:arm64+0x10038b760)
    #10 IGESControl_Writer::IGESControl_Writer(char const*, int) IGESControl_Writer.cxx:72 (occt_1157_stress_before:arm64+0x10038b928)
    #11 runIgesWriteIndependent(int, int) occt_1157_stress.cpp:160 (occt_1157_stress_before:arm64+0x100001b64)
    #12 void* std::__1::__thread_proxy[abi:nqe210106]<std::__1::tuple<std::__1::unique_ptr<std::__1::__thread_struct, std::__1::default_delete<std::__1::__thread_struct>>, void (*)(int, int), int, int>>(void*) thread.h:168 (occt_1157_stress_before:arm64+0x100006494)

  Location is global 'astats' at 0x0001060dbed0 (occt_1157_stress_before+0x101cb3ee0)

  Thread T7 (tid=360578, running) created by main thread at:
    #0 pthread_create <null> (libclang_rt.tsan_osx_dynamic.dylib:arm64e+0x33834)
    #1 std::__1::thread::thread[abi:nqe210106]<void (*&)(int, int), int&, int&, 0>(void (*&)(int, int), int&, int&) thread.h:216 (occt_1157_stress_before:arm64+0x10000635c)
    #2 runOne(char const*, int, int) occt_1157_stress.cpp:343 (occt_1157_stress_before:arm64+0x1000039b0)
    #3 main occt_1157_stress.cpp:380 (occt_1157_stress_before:arm64+0x100002e08)

  Thread T6 (tid=360577, running) created by main thread at:
    #0 pthread_create <null> (libclang_rt.tsan_osx_dynamic.dylib:arm64e+0x33834)
    #1 std::__1::thread::thread[abi:nqe210106]<void (*&)(int, int), int&, int&, 0>(void (*&)(int, int), int&, int&) thread.h:216 (occt_1157_stress_before:arm64+0x10000635c)
    #2 runOne(char const*, int, int) occt_1157_stress.cpp:343 (occt_1157_stress_before:arm64+0x1000039b0)
    #3 main occt_1157_stress.cpp:380 (occt_1157_stress_before:arm64+0x100002e08)

SUMMARY: ThreadSanitizer: data race Interface_Static.cxx:295 in Interface_Static::Static(char const*)
==================
WARNING: ThreadSanitizer: data race (pid=71650)
  Read of size 8 at 0x000111d36c08 by thread T4:
    #0 Interface_Static::Static(char const*) Interface_Static.cxx:295 (occt_1157_stress_before:arm64+0x10133e854)
    #1 XSControl_Controller::TraceStatic(char const*, int) XSControl_Controller.cxx:80 (occt_1157_stress_before:arm64+0x1013d5268)
    #2 XSControl_Controller::XSControl_Controller(char const*, char const*) XSControl_Controller.cxx:70 (occt_1157_stress_before:arm64+0x1013d5140)
    #3 IGESControl_Controller::IGESControl_Controller(bool) IGESControl_Controller.cxx:72 (occt_1157_stress_before:arm64+0x10037b1e8)
    #4 IGESControl_Controller::Init() IGESControl_Controller.cxx:364 (occt_1157_stress_before:arm64+0x100380778)
    #5 IGESControl_Writer::IGESControl_Writer(char const*, int) IGESControl_Writer.cxx:73 (occt_1157_stress_before:arm64+0x10038b760)
    #6 IGESControl_Writer::IGESControl_Writer(char const*, int) IGESControl_Writer.cxx:72 (occt_1157_stress_before:arm64+0x10038b928)
    #7 runIgesWriteIndependent(int, int) occt_1157_stress.cpp:160 (occt_1157_stress_before:arm64+0x100001b64)
    #8 void* std::__1::__thread_proxy[abi:nqe210106]<std::__1::tuple<std::__1::unique_ptr<std::__1::__thread_struct, std::__1::default_delete<std::__1::__thread_struct>>, void (*)(int, int), int, int>>(void*) thread.h:168 (occt_1157_stress_before:arm64+0x100006494)

  Previous write of size 8 at 0x000111d36c08 by thread T6:
    #0 std::__1::conditional<false, opencascade::handle<Standard_Transient>&, bool>::type NCollection_DataMap<TCollection_AsciiString, opencascade::handle<Standard_Transient>, NCollection_DefaultHasher<TCollection_AsciiString>>::emplaceImpl<TCollection_AsciiString, false, false, opencascade::handle<Standard_Transient> const&>(TCollection_AsciiString&&, std::__1::integral_constant<bool, false>, std::__1::integral_constant<bool, false>, opencascade::handle<Standard_Transient> const&) NCollection_DataMap.hxx:810 (occt_1157_stress_before:arm64+0x10083fe04)
    #1 Interface_Static::Init(char const*, char const*, Interface_ParamType, char const*) Interface_Static.cxx:183 (occt_1157_stress_before:arm64+0x10133e614)
    #2 Interface_Static::Init(char const*, char const*, char, char const*) Interface_Static.cxx:275 (occt_1157_stress_before:arm64+0x10133eb34)
    #3 Interface_Static::Standards() Interface_StaticStandards.cxx:33 (occt_1157_stress_before:arm64+0x101340ab8)
    #4 XSControl_Controller::XSControl_Controller(char const*, char const*) XSControl_Controller.cxx:69 (occt_1157_stress_before:arm64+0x1013d512c)
    #5 IGESControl_Controller::IGESControl_Controller(bool) IGESControl_Controller.cxx:72 (occt_1157_stress_before:arm64+0x10037b1e8)
    #6 IGESControl_Controller::Init() IGESControl_Controller.cxx:364 (occt_1157_stress_before:arm64+0x100380778)
    #7 IGESControl_Writer::IGESControl_Writer(char const*, int) IGESControl_Writer.cxx:73 (occt_1157_stress_before:arm64+0x10038b760)
    #8 IGESControl_Writer::IGESControl_Writer(char const*, int) IGESControl_Writer.cxx:72 (occt_1157_stress_before:arm64+0x10038b928)
    #9 runIgesWriteIndependent(int, int) occt_1157_stress.cpp:160 (occt_1157_stress_before:arm64+0x100001b64)
    #10 void* std::__1::__thread_proxy[abi:nqe210106]<std::__1::tuple<std::__1::unique_ptr<std::__1::__thread_struct, std::__1::default_delete<std::__1::__thread_struct>>, void (*)(int, int), int, int>>(void*) thread.h:168 (occt_1157_stress_before:arm64+0x100006494)

  Location is heap block of size 816 at 0x000111d36b00 allocated by thread T6:
    #0 calloc <null> (libclang_rt.tsan_osx_dynamic.dylib:arm64e+0x67c40)
    #1 Standard::Allocate(unsigned long) Standard.cxx:386 (occt_1157_stress_before:arm64+0x1008bed34)
    #2 NCollection_BaseMap::BeginResize(unsigned long, unsigned long&, NCollection_ListNode**&, NCollection_ListNode**&) const NCollection_BaseMap.cxx:42 (occt_1157_stress_before:arm64+0x1008df8cc)
    #3 NCollection_DataMap<TCollection_AsciiString, opencascade::handle<Standard_Transient>, NCollection_DefaultHasher<TCollection_AsciiString>>::ReSize(unsigned long) NCollection_DataMap.hxx:365 (occt_1157_stress_before:arm64+0x100840088)
    #4 std::__1::conditional<false, opencascade::handle<Standard_Transient>&, bool>::type NCollection_DataMap<TCollection_AsciiString, opencascade::handle<Standard_Transient>, NCollection_DefaultHasher<TCollection_AsciiString>>::emplaceImpl<TCollection_AsciiString, false, false, opencascade::handle<Standard_Transient> const&>(TCollection_AsciiString&&, std::__1::integral_constant<bool, false>, std::__1::integral_constant<bool, false>, opencascade::handle<Standard_Transient> const&) NCollection_DataMap.hxx:795 (occt_1157_stress_before:arm64+0x10083fcbc)
    #5 Interface_Static::Init(char const*, char const*, Interface_ParamType, char const*) Interface_Static.cxx:183 (occt_1157_stress_before:arm64+0x10133e614)
    #6 Interface_Static::Init(char const*, char const*, char, char const*) Interface_Static.cxx:275 (occt_1157_stress_before:arm64+0x10133eb34)
    #7 Interface_Static::Standards() Interface_StaticStandards.cxx:33 (occt_1157_stress_before:arm64+0x101340ab8)
    #8 XSControl_Controller::XSControl_Controller(char const*, char const*) XSControl_Controller.cxx:69 (occt_1157_stress_before:arm64+0x1013d512c)
    #9 IGESControl_Controller::IGESControl_Controller(bool) IGESControl_Controller.cxx:72 (occt_1157_stress_before:arm64+0x10037b1e8)
    #10 IGESControl_Controller::Init() IGESControl_Controller.cxx:364 (occt_1157_stress_before:arm64+0x100380778)
    #11 IGESControl_Writer::IGESControl_Writer(char const*, int) IGESControl_Writer.cxx:73 (occt_1157_stress_before:arm64+0x10038b760)
    #12 IGESControl_Writer::IGESControl_Writer(char const*, int) IGESControl_Writer.cxx:72 (occt_1157_stress_before:arm64+0x10038b928)
    #13 runIgesWriteIndependent(int, int) occt_1157_stress.cpp:160 (occt_1157_stress_before:arm64+0x100001b64)
    #14 void* std::__1::__thread_proxy[abi:nqe210106]<std::__1::tuple<std::__1::unique_ptr<std::__1::__thread_struct, std::__1::default_delete<std::__1::__thread_struct>>, void (*)(int, int), int, int>>(void*) thread.h:168 (occt_1157_stress_before:arm64+0x100006494)

  Thread T4 (tid=360575, running) created by main thread at:
    #0 pthread_create <null> (libclang_rt.tsan_osx_dynamic.dylib:arm64e+0x33834)
    #1 std::__1::thread::thread[abi:nqe210106]<void (*&)(int, int), int&, int&, 0>(void (*&)(int, int), int&, int&) thread.h:216 (occt_1157_stress_before:arm64+0x10000635c)
    #2 runOne(char const*, int, int) occt_1157_stress.cpp:343 (occt_1157_stress_before:arm64+0x1000039b0)
    #3 main occt_1157_stress.cpp:380 (occt_1157_stress_before:arm64+0x100002e08)

  Thread T6 (tid=360577, running) created by main thread at:
    #0 pthread_create <null> (libclang_rt.tsan_osx_dynamic.dylib:arm64e+0x33834)
    #1 std::__1::thread::thread[abi:nqe210106]<void (*&)(int, int), int&, int&, 0>(void (*&)(int, int), int&, int&) thread.h:216 (occt_1157_stress_before:arm64+0x10000635c)
    #2 runOne(char const*, int, int) occt_1157_stress.cpp:343 (occt_1157_stress_before:arm64+0x1000039b0)
    #3 main occt_1157_stress.cpp:380 (occt_1157_stress_before:arm64+0x100002e08)

SUMMARY: ThreadSanitizer: data race Interface_Static.cxx:295 in Interface_Static::Static(char const*)
==================
WARNING: ThreadSanitizer: data race (pid=71650)
  Read of size 8 at 0x0001060dbef0 by thread T2:
    #0 Interface_Static::Static(char const*) Interface_Static.cxx:295 (occt_1157_stress_before:arm64+0x10133e7b8)
    #1 XSControl_Controller::TraceStatic(char const*, int) XSControl_Controller.cxx:80 (occt_1157_stress_before:arm64+0x1013d5268)
    #2 XSControl_Controller::XSControl_Controller(char const*, char const*) XSControl_Controller.cxx:70 (occt_1157_stress_before:arm64+0x1013d5140)
    #3 IGESControl_Controller::IGESControl_Controller(bool) IGESControl_Controller.cxx:72 (occt_1157_stress_before:arm64+0x10037b1e8)
    #4 IGESControl_Controller::Init() IGESControl_Controller.cxx:364 (occt_1157_stress_before:arm64+0x100380778)
    #5 IGESControl_Writer::IGESControl_Writer(char const*, int) IGESControl_Writer.cxx:73 (occt_1157_stress_before:arm64+0x10038b760)
    #6 IGESControl_Writer::IGESControl_Writer(char const*, int) IGESControl_Writer.cxx:72 (occt_1157_stress_before:arm64+0x10038b928)
    #7 runIgesWriteIndependent(int, int) occt_1157_stress.cpp:160 (occt_1157_stress_before:arm64+0x100001b64)
    #8 void* std::__1::__thread_proxy[abi:nqe210106]<std::__1::tuple<std::__1::unique_ptr<std::__1::__thread_struct, std::__1::default_delete<std::__1::__thread_struct>>, void (*)(int, int), int, int>>(void*) thread.h:168 (occt_1157_stress_before:arm64+0x100006494)

  Previous write of size 8 at 0x0001060dbef0 by thread T6:
    #0 NCollection_BaseMap::EndResize(unsigned long, unsigned long, NCollection_ListNode**, NCollection_ListNode**) NCollection_BaseMap.cxx:68 (occt_1157_stress_before:arm64+0x1008df9f8)
    #1 NCollection_DataMap<TCollection_AsciiString, opencascade::handle<Standard_Transient>, NCollection_DefaultHasher<TCollection_AsciiString>>::ReSize(unsigned long) NCollection_DataMap.hxx:387 (occt_1157_stress_before:arm64+0x1008401f0)
    #2 std::__1::conditional<false, opencascade::handle<Standard_Transient>&, bool>::type NCollection_DataMap<TCollection_AsciiString, opencascade::handle<Standard_Transient>, NCollection_DefaultHasher<TCollection_AsciiString>>::emplaceImpl<TCollection_AsciiString, false, false, opencascade::handle<Standard_Transient> const&>(TCollection_AsciiString&&, std::__1::integral_constant<bool, false>, std::__1::integral_constant<bool, false>, opencascade::handle<Standard_Transient> const&) NCollection_DataMap.hxx:795 (occt_1157_stress_before:arm64+0x10083fcbc)
    #3 Interface_Static::Init(char const*, char const*, Interface_ParamType, char const*) Interface_Static.cxx:183 (occt_1157_stress_before:arm64+0x10133e614)
    #4 Interface_Static::Init(char const*, char const*, char, char const*) Interface_Static.cxx:275 (occt_1157_stress_before:arm64+0x10133eb34)
    #5 Interface_Static::Standards() Interface_StaticStandards.cxx:33 (occt_1157_stress_before:arm64+0x101340ab8)
    #6 XSControl_Controller::XSControl_Controller(char const*, char const*) XSControl_Controller.cxx:69 (occt_1157_stress_before:arm64+0x1013d512c)
    #7 IGESControl_Controller::IGESControl_Controller(bool) IGESControl_Controller.cxx:72 (occt_1157_stress_before:arm64+0x10037b1e8)
    #8 IGESControl_Controller::Init() IGESControl_Controller.cxx:364 (occt_1157_stress_before:arm64+0x100380778)
    #9 IGESControl_Writer::IGESControl_Writer(char const*, int) IGESControl_Writer.cxx:73 (occt_1157_stress_before:arm64+0x10038b760)
    #10 IGESControl_Writer::IGESControl_Writer(char const*, int) IGESControl_Writer.cxx:72 (occt_1157_stress_before:arm64+0x10038b928)
    #11 runIgesWriteIndependent(int, int) occt_1157_stress.cpp:160 (occt_1157_stress_before:arm64+0x100001b64)
    #12 void* std::__1::__thread_proxy[abi:nqe210106]<std::__1::tuple<std::__1::unique_ptr<std::__1::__thread_struct, std::__1::default_delete<std::__1::__thread_struct>>, void (*)(int, int), int, int>>(void*) thread.h:168 (occt_1157_stress_before:arm64+0x100006494)

  Location is global 'astats' at 0x0001060dbed0 (occt_1157_stress_before+0x101cb3ef0)

  Thread T2 (tid=360573, running) created by main thread at:
    #0 pthread_create <null> (libclang_rt.tsan_osx_dynamic.dylib:arm64e+0x33834)
    #1 std::__1::thread::thread[abi:nqe210106]<void (*&)(int, int), int&, int&, 0>(void (*&)(int, int), int&, int&) thread.h:216 (occt_1157_stress_before:arm64+0x10000635c)
    #2 std::__1::thread* std::__1::vector<std::__1::thread, std::__1::allocator<std::__1::thread>>::__emplace_back_slow_path<void (*&)(int, int), int&, int&>(void (*&)(int, int), int&, int&) vector.h:1130 (occt_1157_stress_before:arm64+0x100006118)
    #3 runOne(char const*, int, int) occt_1157_stress.cpp:343 (occt_1157_stress_before:arm64+0x1000039d8)
    #4 main occt_1157_stress.cpp:380 (occt_1157_stress_before:arm64+0x100002e08)

  Thread T6 (tid=360577, running) created by main thread at:
    #0 pthread_create <null> (libclang_rt.tsan_osx_dynamic.dylib:arm64e+0x33834)
    #1 std::__1::thread::thread[abi:nqe210106]<void (*&)(int, int), int&, int&, 0>(void (*&)(int, int), int&, int&) thread.h:216 (occt_1157_stress_before:arm64+0x10000635c)
    #2 runOne(char const*, int, int) occt_1157_stress.cpp:343 (occt_1157_stress_before:arm64+0x1000039b0)
    #3 main occt_1157_stress.cpp:380 (occt_1157_stress_before:arm64+0x100002e08)

SUMMARY: ThreadSanitizer: data race Interface_Static.cxx:295 in Interface_Static::Static(char const*)
==================
WARNING: ThreadSanitizer: data race (pid=71650)
  Read of size 8 at 0x00010fe050a8 by thread T8:
    #0 Interface_Static::Static(char const*) Interface_Static.cxx:295 (occt_1157_stress_before:arm64+0x10133e8a0)
    #1 XSControl_Controller::TraceStatic(char const*, int) XSControl_Controller.cxx:80 (occt_1157_stress_before:arm64+0x1013d5268)
    #2 XSControl_Controller::XSControl_Controller(char const*, char const*) XSControl_Controller.cxx:70 (occt_1157_stress_before:arm64+0x1013d5140)
    #3 IGESControl_Controller::IGESControl_Controller(bool) IGESControl_Controller.cxx:72 (occt_1157_stress_before:arm64+0x10037b1e8)
    #4 IGESControl_Controller::Init() IGESControl_Controller.cxx:364 (occt_1157_stress_before:arm64+0x100380778)
    #5 IGESControl_Writer::IGESControl_Writer(char const*, int) IGESControl_Writer.cxx:73 (occt_1157_stress_before:arm64+0x10038b760)
    #6 IGESControl_Writer::IGESControl_Writer(char const*, int) IGESControl_Writer.cxx:72 (occt_1157_stress_before:arm64+0x10038b928)
    #7 runIgesWriteIndependent(int, int) occt_1157_stress.cpp:160 (occt_1157_stress_before:arm64+0x100001b64)
    #8 void* std::__1::__thread_proxy[abi:nqe210106]<std::__1::tuple<std::__1::unique_ptr<std::__1::__thread_struct, std::__1::default_delete<std::__1::__thread_struct>>, void (*)(int, int), int, int>>(void*) thread.h:168 (occt_1157_stress_before:arm64+0x100006494)

  Previous write of size 8 at 0x00010fe050a8 by thread T6:
    #0 std::__1::conditional<false, opencascade::handle<Standard_Transient>&, bool>::type NCollection_DataMap<TCollection_AsciiString, opencascade::handle<Standard_Transient>, NCollection_DefaultHasher<TCollection_AsciiString>>::emplaceImpl<TCollection_AsciiString, false, false, opencascade::handle<Standard_Transient> const&>(TCollection_AsciiString&&, std::__1::integral_constant<bool, false>, std::__1::integral_constant<bool, false>, opencascade::handle<Standard_Transient> const&) NCollection_DataMap.hxx:810 (occt_1157_stress_before:arm64+0x10083fdc8)
    #1 Interface_Static::Init(char const*, char const*, Interface_ParamType, char const*) Interface_Static.cxx:183 (occt_1157_stress_before:arm64+0x10133e614)
    #2 Interface_Static::Init(char const*, char const*, char, char const*) Interface_Static.cxx:275 (occt_1157_stress_before:arm64+0x10133eb34)
    #3 Interface_Static::Standards() Interface_StaticStandards.cxx:33 (occt_1157_stress_before:arm64+0x101340ab8)
    #4 XSControl_Controller::XSControl_Controller(char const*, char const*) XSControl_Controller.cxx:69 (occt_1157_stress_before:arm64+0x1013d512c)
    #5 IGESControl_Controller::IGESControl_Controller(bool) IGESControl_Controller.cxx:72 (occt_1157_stress_before:arm64+0x10037b1e8)
    #6 IGESControl_Controller::Init() IGESControl_Controller.cxx:364 (occt_1157_stress_before:arm64+0x100380778)
    #7 IGESControl_Writer::IGESControl_Writer(char const*, int) IGESControl_Writer.cxx:73 (occt_1157_stress_before:arm64+0x10038b760)
    #8 IGESControl_Writer::IGESControl_Writer(char const*, int) IGESControl_Writer.cxx:72 (occt_1157_stress_before:arm64+0x10038b928)
    #9 runIgesWriteIndependent(int, int) occt_1157_stress.cpp:160 (occt_1157_stress_before:arm64+0x100001b64)
    #10 void* std::__1::__thread_proxy[abi:nqe210106]<std::__1::tuple<std::__1::unique_ptr<std::__1::__thread_struct, std::__1::default_delete<std::__1::__thread_struct>>, void (*)(int, int), int, int>>(void*) thread.h:168 (occt_1157_stress_before:arm64+0x100006494)

  Location is heap block of size 32 at 0x00010fe050a0 allocated by thread T6:
    #0 calloc <null> (libclang_rt.tsan_osx_dynamic.dylib:arm64e+0x67c40)
    #1 Standard::Allocate(unsigned long) Standard.cxx:386 (occt_1157_stress_before:arm64+0x1008bed34)
    #2 NCollection_BaseAllocator::Allocate(unsigned long) NCollection_BaseAllocator.cxx:22 (occt_1157_stress_before:arm64+0x1008de93c)
    #3 std::__1::conditional<false, opencascade::handle<Standard_Transient>&, bool>::type NCollection_DataMap<TCollection_AsciiString, opencascade::handle<Standard_Transient>, NCollection_DefaultHasher<TCollection_AsciiString>>::emplaceImpl<TCollection_AsciiString, false, false, opencascade::handle<Standard_Transient> const&>(TCollection_AsciiString&&, std::__1::integral_constant<bool, false>, std::__1::integral_constant<bool, false>, opencascade::handle<Standard_Transient> const&) NCollection_DataMap.hxx:810 (occt_1157_stress_before:arm64+0x10083fd88)
    #4 Interface_Static::Init(char const*, char const*, Interface_ParamType, char const*) Interface_Static.cxx:183 (occt_1157_stress_before:arm64+0x10133e614)
    #5 Interface_Static::Init(char const*, char const*, char, char const*) Interface_Static.cxx:275 (occt_1157_stress_before:arm64+0x10133eb34)
    #6 Interface_Static::Standards() Interface_StaticStandards.cxx:33 (occt_1157_stress_before:arm64+0x101340ab8)
    #7 XSControl_Controller::XSControl_Controller(char const*, char const*) XSControl_Controller.cxx:69 (occt_1157_stress_before:arm64+0x1013d512c)
    #8 IGESControl_Controller::IGESControl_Controller(bool) IGESControl_Controller.cxx:72 (occt_1157_stress_before:arm64+0x10037b1e8)
    #9 IGESControl_Controller::Init() IGESControl_Controller.cxx:364 (occt_1157_stress_before:arm64+0x100380778)
    #10 IGESControl_Writer::IGESControl_Writer(char const*, int) IGESControl_Writer.cxx:73 (occt_1157_stress_before:arm64+0x10038b760)
    #11 IGESControl_Writer::IGESControl_Writer(char const*, int) IGESControl_Writer.cxx:72 (occt_1157_stress_before:arm64+0x10038b928)
    #12 runIgesWriteIndependent(int, int) occt_1157_stress.cpp:160 (occt_1157_stress_before:arm64+0x100001b64)
    #13 void* std::__1::__thread_proxy[abi:nqe210106]<std::__1::tuple<std::__1::unique_ptr<std::__1::__thread_struct, std::__1::default_delete<std::__1::__thread_struct>>, void (*)(int, int), int, int>>(void*) thread.h:168 (occt_1157_stress_before:arm64+0x100006494)

  Thread T8 (tid=360579, running) created by main thread at:
    #0 pthread_create <null> (libclang_rt.tsan_osx_dynamic.dylib:arm64e+0x33834)
    #1 std::__1::thread::thread[abi:nqe210106]<void (*&)(int, int), int&, int&, 0>(void (*&)(int, int), int&, int&) thread.h:216 (occt_1157_stress_before:arm64+0x10000635c)
    #2 runOne(char const*, int, int) occt_1157_stress.cpp:343 (occt_1157_stress_before:arm64+0x1000039b0)
    #3 main occt_1157_stress.cpp:380 (occt_1157_stress_before:arm64+0x100002e08)

  Thread T6 (tid=360577, running) created by main thread at:
    #0 pthread_create <null> (libclang_rt.tsan_osx_dynamic.dylib:arm64e+0x33834)
    #1 std::__1::thread::thread[abi:nqe210106]<void (*&)(int, int), int&, int&, 0>(void (*&)(int, int), int&, int&) thread.h:216 (occt_1157_stress_before:arm64+0x10000635c)
    #2 runOne(char const*, int, int) occt_1157_stress.cpp:343 (occt_1157_stress_before:arm64+0x1000039b0)
    #3 main occt_1157_stress.cpp:380 (occt_1157_stress_before:arm64+0x100002e08)

SUMMARY: ThreadSanitizer: data race Interface_Static.cxx:295 in Interface_Static::Static(char const*)
==================
WARNING: ThreadSanitizer: data race (pid=71650)
  Read of size 8 at 0x00010fe050b0 by thread T3:
    #0 TCollection_AsciiString::IsEqual(char const*, int) const TCollection_AsciiString.cxx:779 (occt_1157_stress_before:arm64+0x1008d0ce4)
    #1 Interface_Static::Static(char const*) Interface_Static.cxx:295 (occt_1157_stress_before:arm64+0x10133e880)
    #2 XSControl_Controller::TraceStatic(char const*, int) XSControl_Controller.cxx:80 (occt_1157_stress_before:arm64+0x1013d5268)
    #3 XSControl_Controller::XSControl_Controller(char const*, char const*) XSControl_Controller.cxx:70 (occt_1157_stress_before:arm64+0x1013d5140)
    #4 IGESControl_Controller::IGESControl_Controller(bool) IGESControl_Controller.cxx:72 (occt_1157_stress_before:arm64+0x10037b1e8)
    #5 IGESControl_Controller::Init() IGESControl_Controller.cxx:364 (occt_1157_stress_before:arm64+0x100380778)
    #6 IGESControl_Writer::IGESControl_Writer(char const*, int) IGESControl_Writer.cxx:73 (occt_1157_stress_before:arm64+0x10038b760)
    #7 IGESControl_Writer::IGESControl_Writer(char const*, int) IGESControl_Writer.cxx:72 (occt_1157_stress_before:arm64+0x10038b928)
    #8 runIgesWriteIndependent(int, int) occt_1157_stress.cpp:160 (occt_1157_stress_before:arm64+0x100001b64)
    #9 void* std::__1::__thread_proxy[abi:nqe210106]<std::__1::tuple<std::__1::unique_ptr<std::__1::__thread_struct, std::__1::default_delete<std::__1::__thread_struct>>, void (*)(int, int), int, int>>(void*) thread.h:168 (occt_1157_stress_before:arm64+0x100006494)

  Previous write of size 8 at 0x00010fe050b0 by thread T6:
    #0 TCollection_AsciiString::TCollection_AsciiString(TCollection_AsciiString&&) TCollection_AsciiString.cxx:175 (occt_1157_stress_before:arm64+0x1008cd880)
    #1 std::__1::conditional<false, opencascade::handle<Standard_Transient>&, bool>::type NCollection_DataMap<TCollection_AsciiString, opencascade::handle<Standard_Transient>, NCollection_DefaultHasher<TCollection_AsciiString>>::emplaceImpl<TCollection_AsciiString, false, false, opencascade::handle<Standard_Transient> const&>(TCollection_AsciiString&&, std::__1::integral_constant<bool, false>, std::__1::integral_constant<bool, false>, opencascade::handle<Standard_Transient> const&) NCollection_DataMap.hxx:810 (occt_1157_stress_before:arm64+0x10083fdec)
    #2 Interface_Static::Init(char const*, char const*, Interface_ParamType, char const*) Interface_Static.cxx:183 (occt_1157_stress_before:arm64+0x10133e614)
    #3 Interface_Static::Init(char const*, char const*, char, char const*) Interface_Static.cxx:275 (occt_1157_stress_before:arm64+0x10133eb34)
    #4 Interface_Static::Standards() Interface_StaticStandards.cxx:33 (occt_1157_stress_before:arm64+0x101340ab8)
    #5 XSControl_Controller::XSControl_Controller(char const*, char const*) XSControl_Controller.cxx:69 (occt_1157_stress_before:arm64+0x1013d512c)
    #6 IGESControl_Controller::IGESControl_Controller(bool) IGESControl_Controller.cxx:72 (occt_1157_stress_before:arm64+0x10037b1e8)
    #7 IGESControl_Controller::Init() IGESControl_Controller.cxx:364 (occt_1157_stress_before:arm64+0x100380778)
    #8 IGESControl_Writer::IGESControl_Writer(char const*, int) IGESControl_Writer.cxx:73 (occt_1157_stress_before:arm64+0x10038b760)
    #9 IGESControl_Writer::IGESControl_Writer(char const*, int) IGESControl_Writer.cxx:72 (occt_1157_stress_before:arm64+0x10038b928)
    #10 runIgesWriteIndependent(int, int) occt_1157_stress.cpp:160 (occt_1157_stress_before:arm64+0x100001b64)
    #11 void* std::__1::__thread_proxy[abi:nqe210106]<std::__1::tuple<std::__1::unique_ptr<std::__1::__thread_struct, std::__1::default_delete<std::__1::__thread_struct>>, void (*)(int, int), int, int>>(void*) thread.h:168 (occt_1157_stress_before:arm64+0x100006494)

  Location is heap block of size 32 at 0x00010fe050a0 allocated by thread T6:
    #0 calloc <null> (libclang_rt.tsan_osx_dynamic.dylib:arm64e+0x67c40)
    #1 Standard::Allocate(unsigned long) Standard.cxx:386 (occt_1157_stress_before:arm64+0x1008bed34)
    #2 NCollection_BaseAllocator::Allocate(unsigned long) NCollection_BaseAllocator.cxx:22 (occt_1157_stress_before:arm64+0x1008de93c)
    #3 std::__1::conditional<false, opencascade::handle<Standard_Transient>&, bool>::type NCollection_DataMap<TCollection_AsciiString, opencascade::handle<Standard_Transient>, NCollection_DefaultHasher<TCollection_AsciiString>>::emplaceImpl<TCollection_AsciiString, false, false, opencascade::handle<Standard_Transient> const&>(TCollection_AsciiString&&, std::__1::integral_constant<bool, false>, std::__1::integral_constant<bool, false>, opencascade::handle<Standard_Transient> const&) NCollection_DataMap.hxx:810 (occt_1157_stress_before:arm64+0x10083fd88)
    #4 Interface_Static::Init(char const*, char const*, Interface_ParamType, char const*) Interface_Static.cxx:183 (occt_1157_stress_before:arm64+0x10133e614)
    #5 Interface_Static::Init(char const*, char const*, char, char const*) Interface_Static.cxx:275 (occt_1157_stress_before:arm64+0x10133eb34)
    #6 Interface_Static::Standards() Interface_StaticStandards.cxx:33 (occt_1157_stress_before:arm64+0x101340ab8)
    #7 XSControl_Controller::XSControl_Controller(char const*, char const*) XSControl_Controller.cxx:69 (occt_1157_stress_before:arm64+0x1013d512c)
    #8 IGESControl_Controller::IGESControl_Controller(bool) IGESControl_Controller.cxx:72 (occt_1157_stress_before:arm64+0x10037b1e8)
    #9 IGESControl_Controller::Init() IGESControl_Controller.cxx:364 (occt_1157_stress_before:arm64+0x100380778)
    #10 IGESControl_Writer::IGESControl_Writer(char const*, int) IGESControl_Writer.cxx:73 (occt_1157_stress_before:arm64+0x10038b760)
    #11 IGESControl_Writer::IGESControl_Writer(char const*, int) IGESControl_Writer.cxx:72 (occt_1157_stress_before:arm64+0x10038b928)
    #12 runIgesWriteIndependent(int, int) occt_1157_stress.cpp:160 (occt_1157_stress_before:arm64+0x100001b64)
    #13 void* std::__1::__thread_proxy[abi:nqe210106]<std::__1::tuple<std::__1::unique_ptr<std::__1::__thread_struct, std::__1::default_delete<std::__1::__thread_struct>>, void (*)(int, int), int, int>>(void*) thread.h:168 (occt_1157_stress_before:arm64+0x100006494)

  Thread T3 (tid=360574, running) created by main thread at:
    #0 pthread_create <null> (libclang_rt.tsan_osx_dynamic.dylib:arm64e+0x33834)
    #1 std::__1::thread::thread[abi:nqe210106]<void (*&)(int, int), int&, int&, 0>(void (*&)(int, int), int&, int&) thread.h:216 (occt_1157_stress_before:arm64+0x10000635c)
    #2 std::__1::thread* std::__1::vector<std::__1::thread, std::__1::allocator<std::__1::thread>>::__emplace_back_slow_path<void (*&)(int, int), int&, int&>(void (*&)(int, int), int&, int&) vector.h:1130 (occt_1157_stress_before:arm64+0x100006118)
    #3 runOne(char const*, int, int) occt_1157_stress.cpp:343 (occt_1157_stress_before:arm64+0x1000039d8)
    #4 main occt_1157_stress.cpp:380 (occt_1157_stress_before:arm64+0x100002e08)

  Thread T6 (tid=360577, running) created by main thread at:
    #0 pthread_create <null> (libclang_rt.tsan_osx_dynamic.dylib:arm64e+0x33834)
    #1 std::__1::thread::thread[abi:nqe210106]<void (*&)(int, int), int&, int&, 0>(void (*&)(int, int), int&, int&) thread.h:216 (occt_1157_stress_before:arm64+0x10000635c)
    #2 runOne(char const*, int, int) occt_1157_stress.cpp:343 (occt_1157_stress_before:arm64+0x1000039b0)
    #3 main occt_1157_stress.cpp:380 (occt_1157_stress_before:arm64+0x100002e08)

SUMMARY: ThreadSanitizer: data race TCollection_AsciiString.cxx:779 in TCollection_AsciiString::IsEqual(char const*, int) const
==================
WARNING: ThreadSanitizer: data race (pid=71650)
  Read of size 8 at 0x0001060d21e0 by thread T2:
    #0 IGESData::Init() IGESData.cxx:36 (occt_1157_stress_before:arm64+0x1000becb0)
    #1 IGESBasic::Init() IGESBasic.cxx:31 (occt_1157_stress_before:arm64+0x1001038bc)
    #2 IGESGeom::Init() IGESGeom.cxx:32 (occt_1157_stress_before:arm64+0x100140910)
    #3 IGESSolid::Init() IGESSolid.cxx:32 (occt_1157_stress_before:arm64+0x100217fac)
    #4 IGESControl_Controller::IGESControl_Controller(bool) IGESControl_Controller.cxx:79 (occt_1157_stress_before:arm64+0x10037b228)
    #5 IGESControl_Controller::Init() IGESControl_Controller.cxx:364 (occt_1157_stress_before:arm64+0x100380778)
    #6 IGESControl_Writer::IGESControl_Writer(char const*, int) IGESControl_Writer.cxx:73 (occt_1157_stress_before:arm64+0x10038b760)
    #7 IGESControl_Writer::IGESControl_Writer(char const*, int) IGESControl_Writer.cxx:72 (occt_1157_stress_before:arm64+0x10038b928)
    #8 runIgesWriteIndependent(int, int) occt_1157_stress.cpp:160 (occt_1157_stress_before:arm64+0x100001b64)
    #9 void* std::__1::__thread_proxy[abi:nqe210106]<std::__1::tuple<std::__1::unique_ptr<std::__1::__thread_struct, std::__1::default_delete<std::__1::__thread_struct>>, void (*)(int, int), int, int>>(void*) thread.h:168 (occt_1157_stress_before:arm64+0x100006494)

  Previous write of size 8 at 0x0001060d21e0 by thread T4:
    #0 IGESData::Init() IGESData.cxx:38 (occt_1157_stress_before:arm64+0x1000bfc70)
    #1 IGESBasic::Init() IGESBasic.cxx:31 (occt_1157_stress_before:arm64+0x1001038bc)
    #2 IGESGeom::Init() IGESGeom.cxx:32 (occt_1157_stress_before:arm64+0x100140910)
    #3 IGESSolid::Init() IGESSolid.cxx:32 (occt_1157_stress_before:arm64+0x100217fac)
    #4 IGESControl_Controller::IGESControl_Controller(bool) IGESControl_Controller.cxx:79 (occt_1157_stress_before:arm64+0x10037b228)
    #5 IGESControl_Controller::Init() IGESControl_Controller.cxx:364 (occt_1157_stress_before:arm64+0x100380778)
    #6 IGESControl_Writer::IGESControl_Writer(char const*, int) IGESControl_Writer.cxx:73 (occt_1157_stress_before:arm64+0x10038b760)
    #7 IGESControl_Writer::IGESControl_Writer(char const*, int) IGESControl_Writer.cxx:72 (occt_1157_stress_before:arm64+0x10038b928)
    #8 runIgesWriteIndependent(int, int) occt_1157_stress.cpp:160 (occt_1157_stress_before:arm64+0x100001b64)
    #9 void* std::__1::__thread_proxy[abi:nqe210106]<std::__1::tuple<std::__1::unique_ptr<std::__1::__thread_struct, std::__1::default_delete<std::__1::__thread_struct>>, void (*)(int, int), int, int>>(void*) thread.h:168 (occt_1157_stress_before:arm64+0x100006494)

  Location is global 'proto' at 0x0001060d21e0 (occt_1157_stress_before+0x101caa1e0)

  Thread T2 (tid=360573, running) created by main thread at:
    #0 pthread_create <null> (libclang_rt.tsan_osx_dynamic.dylib:arm64e+0x33834)
    #1 std::__1::thread::thread[abi:nqe210106]<void (*&)(int, int), int&, int&, 0>(void (*&)(int, int), int&, int&) thread.h:216 (occt_1157_stress_before:arm64+0x10000635c)
    #2 std::__1::thread* std::__1::vector<std::__1::thread, std::__1::allocator<std::__1::thread>>::__emplace_back_slow_path<void (*&)(int, int), int&, int&>(void (*&)(int, int), int&, int&) vector.h:1130 (occt_1157_stress_before:arm64+0x100006118)
    #3 runOne(char const*, int, int) occt_1157_stress.cpp:343 (occt_1157_stress_before:arm64+0x1000039d8)
    #4 main occt_1157_stress.cpp:380 (occt_1157_stress_before:arm64+0x100002e08)

  Thread T4 (tid=360575, running) created by main thread at:
    #0 pthread_create <null> (libclang_rt.tsan_osx_dynamic.dylib:arm64e+0x33834)
    #1 std::__1::thread::thread[abi:nqe210106]<void (*&)(int, int), int&, int&, 0>(void (*&)(int, int), int&, int&) thread.h:216 (occt_1157_stress_before:arm64+0x10000635c)
    #2 runOne(char const*, int, int) occt_1157_stress.cpp:343 (occt_1157_stress_before:arm64+0x1000039b0)
    #3 main occt_1157_stress.cpp:380 (occt_1157_stress_before:arm64+0x100002e08)

SUMMARY: ThreadSanitizer: data race IGESData.cxx:36 in IGESData::Init()
==================
WARNING: ThreadSanitizer: data race (pid=71650)
  Atomic write of size 4 at 0x000111313808 by thread T7:
    #0 Interface_Static::Static(char const*) Interface_Static.cxx:295 (occt_1157_stress_before:arm64+0x10133e920)
    #1 XSControl_Controller::TraceStatic(char const*, int) XSControl_Controller.cxx:80 (occt_1157_stress_before:arm64+0x1013d5268)
    #2 XSControl_Controller::XSControl_Controller(char const*, char const*) XSControl_Controller.cxx:70 (occt_1157_stress_before:arm64+0x1013d5140)
    #3 IGESControl_Controller::IGESControl_Controller(bool) IGESControl_Controller.cxx:72 (occt_1157_stress_before:arm64+0x10037b1e8)
    #4 IGESControl_Controller::Init() IGESControl_Controller.cxx:364 (occt_1157_stress_before:arm64+0x100380778)
    #5 IGESControl_Writer::IGESControl_Writer(char const*, int) IGESControl_Writer.cxx:73 (occt_1157_stress_before:arm64+0x10038b760)
    #6 IGESControl_Writer::IGESControl_Writer(char const*, int) IGESControl_Writer.cxx:72 (occt_1157_stress_before:arm64+0x10038b928)
    #7 runIgesWriteIndependent(int, int) occt_1157_stress.cpp:160 (occt_1157_stress_before:arm64+0x100001b64)
    #8 void* std::__1::__thread_proxy[abi:nqe210106]<std::__1::tuple<std::__1::unique_ptr<std::__1::__thread_struct, std::__1::default_delete<std::__1::__thread_struct>>, void (*)(int, int), int, int>>(void*) thread.h:168 (occt_1157_stress_before:arm64+0x100006494)

  Previous write of size 4 at 0x000111313808 by thread T6:
    #0 MoniTool_TypedValue::MoniTool_TypedValue(char const*, MoniTool_ValueType, char const*) MoniTool_TypedValue.cxx:70 (occt_1157_stress_before:arm64+0x10140254c)
    #1 Interface_TypedValue::Interface_TypedValue(char const*, Interface_ParamType, char const*) Interface_TypedValue.cxx:33 (occt_1157_stress_before:arm64+0x101341144)
    #2 Interface_Static::Interface_Static(char const*, char const*, Interface_ParamType, char const*) Interface_Static.cxx:39 (occt_1157_stress_before:arm64+0x10133d464)
    #3 Interface_Static::Init(char const*, char const*, Interface_ParamType, char const*) Interface_Static.cxx:180 (occt_1157_stress_before:arm64+0x10133e45c)
    #4 Interface_Static::Init(char const*, char const*, char, char const*) Interface_Static.cxx:275 (occt_1157_stress_before:arm64+0x10133eb34)
    #5 Interface_Static::Standards() Interface_StaticStandards.cxx:33 (occt_1157_stress_before:arm64+0x101340ab8)
    #6 XSControl_Controller::XSControl_Controller(char const*, char const*) XSControl_Controller.cxx:69 (occt_1157_stress_before:arm64+0x1013d512c)
    #7 IGESControl_Controller::IGESControl_Controller(bool) IGESControl_Controller.cxx:72 (occt_1157_stress_before:arm64+0x10037b1e8)
    #8 IGESControl_Controller::Init() IGESControl_Controller.cxx:364 (occt_1157_stress_before:arm64+0x100380778)
    #9 IGESControl_Writer::IGESControl_Writer(char const*, int) IGESControl_Writer.cxx:73 (occt_1157_stress_before:arm64+0x10038b760)
    #10 IGESControl_Writer::IGESControl_Writer(char const*, int) IGESControl_Writer.cxx:72 (occt_1157_stress_before:arm64+0x10038b928)
    #11 runIgesWriteIndependent(int, int) occt_1157_stress.cpp:160 (occt_1157_stress_before:arm64+0x100001b64)
    #12 void* std::__1::__thread_proxy[abi:nqe210106]<std::__1::tuple<std::__1::unique_ptr<std::__1::__thread_struct, std::__1::default_delete<std::__1::__thread_struct>>, void (*)(int, int), int, int>>(void*) thread.h:168 (occt_1157_stress_before:arm64+0x100006494)

  Location is heap block of size 648 at 0x000111313800 allocated by thread T6:
    #0 calloc <null> (libclang_rt.tsan_osx_dynamic.dylib:arm64e+0x67c40)
    #1 Standard::Allocate(unsigned long) Standard.cxx:386 (occt_1157_stress_before:arm64+0x1008bed34)
    #2 Interface_Static::Init(char const*, char const*, Interface_ParamType, char const*) Interface_Static.cxx:180 (occt_1157_stress_before:arm64+0x10133e444)
    #3 Interface_Static::Init(char const*, char const*, char, char const*) Interface_Static.cxx:275 (occt_1157_stress_before:arm64+0x10133eb34)
    #4 Interface_Static::Standards() Interface_StaticStandards.cxx:33 (occt_1157_stress_before:arm64+0x101340ab8)
    #5 XSControl_Controller::XSControl_Controller(char const*, char const*) XSControl_Controller.cxx:69 (occt_1157_stress_before:arm64+0x1013d512c)
    #6 IGESControl_Controller::IGESControl_Controller(bool) IGESControl_Controller.cxx:72 (occt_1157_stress_before:arm64+0x10037b1e8)
    #7 IGESControl_Controller::Init() IGESControl_Controller.cxx:364 (occt_1157_stress_before:arm64+0x100380778)
    #8 IGESControl_Writer::IGESControl_Writer(char const*, int) IGESControl_Writer.cxx:73 (occt_1157_stress_before:arm64+0x10038b760)
    #9 IGESControl_Writer::IGESControl_Writer(char const*, int) IGESControl_Writer.cxx:72 (occt_1157_stress_before:arm64+0x10038b928)
    #10 runIgesWriteIndependent(int, int) occt_1157_stress.cpp:160 (occt_1157_stress_before:arm64+0x100001b64)
    #11 void* std::__1::__thread_proxy[abi:nqe210106]<std::__1::tuple<std::__1::unique_ptr<std::__1::__thread_struct, std::__1::default_delete<std::__1::__thread_struct>>, void (*)(int, int), int, int>>(void*) thread.h:168 (occt_1157_stress_before:arm64+0x100006494)

  Thread T7 (tid=360578, running) created by main thread at:
    #0 pthread_create <null> (libclang_rt.tsan_osx_dynamic.dylib:arm64e+0x33834)
    #1 std::__1::thread::thread[abi:nqe210106]<void (*&)(int, int), int&, int&, 0>(void (*&)(int, int), int&, int&) thread.h:216 (occt_1157_stress_before:arm64+0x10000635c)
    #2 runOne(char const*, int, int) occt_1157_stress.cpp:343 (occt_1157_stress_before:arm64+0x1000039b0)
    #3 main occt_1157_stress.cpp:380 (occt_1157_stress_before:arm64+0x100002e08)

  Thread T6 (tid=360577, running) created by main thread at:
    #0 pthread_create <null> (libclang_rt.tsan_osx_dynamic.dylib:arm64e+0x33834)
    #1 std::__1::thread::thread[abi:nqe210106]<void (*&)(int, int), int&, int&, 0>(void (*&)(int, int), int&, int&) thread.h:216 (occt_1157_stress_before:arm64+0x10000635c)
    #2 runOne(char const*, int, int) occt_1157_stress.cpp:343 (occt_1157_stress_before:arm64+0x1000039b0)
    #3 main occt_1157_stress.cpp:380 (occt_1157_stress_before:arm64+0x100002e08)

SUMMARY: ThreadSanitizer: data race Interface_Static.cxx:295 in Interface_Static::Static(char const*)
==================
WARNING: ThreadSanitizer: data race (pid=71650)
  Read of size 8 at 0x0001060d21f0 by thread T3:
    #0 IGESData::Init() IGESData.cxx:44 (occt_1157_stress_before:arm64+0x1000bece0)
    #1 IGESBasic::Init() IGESBasic.cxx:31 (occt_1157_stress_before:arm64+0x1001038bc)
    #2 IGESGeom::Init() IGESGeom.cxx:32 (occt_1157_stress_before:arm64+0x100140910)
    #3 IGESSolid::Init() IGESSolid.cxx:32 (occt_1157_stress_before:arm64+0x100217fac)
    #4 IGESControl_Controller::IGESControl_Controller(bool) IGESControl_Controller.cxx:79 (occt_1157_stress_before:arm64+0x10037b228)
    #5 IGESControl_Controller::Init() IGESControl_Controller.cxx:364 (occt_1157_stress_before:arm64+0x100380778)
    #6 IGESControl_Writer::IGESControl_Writer(char const*, int) IGESControl_Writer.cxx:73 (occt_1157_stress_before:arm64+0x10038b760)
    #7 IGESControl_Writer::IGESControl_Writer(char const*, int) IGESControl_Writer.cxx:72 (occt_1157_stress_before:arm64+0x10038b928)
    #8 runIgesWriteIndependent(int, int) occt_1157_stress.cpp:160 (occt_1157_stress_before:arm64+0x100001b64)
    #9 void* std::__1::__thread_proxy[abi:nqe210106]<std::__1::tuple<std::__1::unique_ptr<std::__1::__thread_struct, std::__1::default_delete<std::__1::__thread_struct>>, void (*)(int, int), int, int>>(void*) thread.h:168 (occt_1157_stress_before:arm64+0x100006494)

  Previous write of size 8 at 0x0001060d21f0 by thread T4:
    #0 IGESData::Init() IGESData.cxx:46 (occt_1157_stress_before:arm64+0x1000bfd90)
    #1 IGESBasic::Init() IGESBasic.cxx:31 (occt_1157_stress_before:arm64+0x1001038bc)
    #2 IGESGeom::Init() IGESGeom.cxx:32 (occt_1157_stress_before:arm64+0x100140910)
    #3 IGESSolid::Init() IGESSolid.cxx:32 (occt_1157_stress_before:arm64+0x100217fac)
    #4 IGESControl_Controller::IGESControl_Controller(bool) IGESControl_Controller.cxx:79 (occt_1157_stress_before:arm64+0x10037b228)
    #5 IGESControl_Controller::Init() IGESControl_Controller.cxx:364 (occt_1157_stress_before:arm64+0x100380778)
    #6 IGESControl_Writer::IGESControl_Writer(char const*, int) IGESControl_Writer.cxx:73 (occt_1157_stress_before:arm64+0x10038b760)
    #7 IGESControl_Writer::IGESControl_Writer(char const*, int) IGESControl_Writer.cxx:72 (occt_1157_stress_before:arm64+0x10038b928)
    #8 runIgesWriteIndependent(int, int) occt_1157_stress.cpp:160 (occt_1157_stress_before:arm64+0x100001b64)
    #9 void* std::__1::__thread_proxy[abi:nqe210106]<std::__1::tuple<std::__1::unique_ptr<std::__1::__thread_struct, std::__1::default_delete<std::__1::__thread_struct>>, void (*)(int, int), int, int>>(void*) thread.h:168 (occt_1157_stress_before:arm64+0x100006494)

  Location is global 'speci' at 0x0001060d21f0 (occt_1157_stress_before+0x101caa1f0)

  Thread T3 (tid=360574, running) created by main thread at:
    #0 pthread_create <null> (libclang_rt.tsan_osx_dynamic.dylib:arm64e+0x33834)
    #1 std::__1::thread::thread[abi:nqe210106]<void (*&)(int, int), int&, int&, 0>(void (*&)(int, int), int&, int&) thread.h:216 (occt_1157_stress_before:arm64+0x10000635c)
    #2 std::__1::thread* std::__1::vector<std::__1::thread, std::__1::allocator<std::__1::thread>>::__emplace_back_slow_path<void (*&)(int, int), int&, int&>(void (*&)(int, int), int&, int&) vector.h:1130 (occt_1157_stress_before:arm64+0x100006118)
    #3 runOne(char const*, int, int) occt_1157_stress.cpp:343 (occt_1157_stress_before:arm64+0x1000039d8)
    #4 main occt_1157_stress.cpp:380 (occt_1157_stress_before:arm64+0x100002e08)

  Thread T4 (tid=360575, running) created by main thread at:
    #0 pthread_create <null> (libclang_rt.tsan_osx_dynamic.dylib:arm64e+0x33834)
    #1 std::__1::thread::thread[abi:nqe210106]<void (*&)(int, int), int&, int&, 0>(void (*&)(int, int), int&, int&) thread.h:216 (occt_1157_stress_before:arm64+0x10000635c)
    #2 runOne(char const*, int, int) occt_1157_stress.cpp:343 (occt_1157_stress_before:arm64+0x1000039b0)
    #3 main occt_1157_stress.cpp:380 (occt_1157_stress_before:arm64+0x100002e08)

SUMMARY: ThreadSanitizer: data race IGESData.cxx:44 in IGESData::Init()
==================
WARNING: ThreadSanitizer: data race (pid=71650)
  Read of size 4 at 0x00010fe050b8 by thread T1:
    #0 TCollection_AsciiString::IsEqual(char const*, int) const TCollection_AsciiString.cxx:769 (occt_1157_stress_before:arm64+0x1008d0ccc)
    #1 Interface_Static::Static(char const*) Interface_Static.cxx:295 (occt_1157_stress_before:arm64+0x10133e880)
    #2 XSControl_Controller::TraceStatic(char const*, int) XSControl_Controller.cxx:80 (occt_1157_stress_before:arm64+0x1013d5268)
    #3 XSControl_Controller::XSControl_Controller(char const*, char const*) XSControl_Controller.cxx:70 (occt_1157_stress_before:arm64+0x1013d5140)
    #4 IGESControl_Controller::IGESControl_Controller(bool) IGESControl_Controller.cxx:72 (occt_1157_stress_before:arm64+0x10037b1e8)
    #5 IGESControl_Controller::Init() IGESControl_Controller.cxx:364 (occt_1157_stress_before:arm64+0x100380778)
    #6 IGESControl_Writer::IGESControl_Writer(char const*, int) IGESControl_Writer.cxx:73 (occt_1157_stress_before:arm64+0x10038b760)
    #7 IGESControl_Writer::IGESControl_Writer(char const*, int) IGESControl_Writer.cxx:72 (occt_1157_stress_before:arm64+0x10038b928)
    #8 runIgesWriteIndependent(int, int) occt_1157_stress.cpp:160 (occt_1157_stress_before:arm64+0x100001b64)
    #9 void* std::__1::__thread_proxy[abi:nqe210106]<std::__1::tuple<std::__1::unique_ptr<std::__1::__thread_struct, std::__1::default_delete<std::__1::__thread_struct>>, void (*)(int, int), int, int>>(void*) thread.h:168 (occt_1157_stress_before:arm64+0x100006494)

  Previous write of size 4 at 0x00010fe050b8 by thread T6:
    #0 TCollection_AsciiString::TCollection_AsciiString(TCollection_AsciiString&&) TCollection_AsciiString.cxx:175 (occt_1157_stress_before:arm64+0x1008cd88c)
    #1 std::__1::conditional<false, opencascade::handle<Standard_Transient>&, bool>::type NCollection_DataMap<TCollection_AsciiString, opencascade::handle<Standard_Transient>, NCollection_DefaultHasher<TCollection_AsciiString>>::emplaceImpl<TCollection_AsciiString, false, false, opencascade::handle<Standard_Transient> const&>(TCollection_AsciiString&&, std::__1::integral_constant<bool, false>, std::__1::integral_constant<bool, false>, opencascade::handle<Standard_Transient> const&) NCollection_DataMap.hxx:810 (occt_1157_stress_before:arm64+0x10083fdec)
    #2 Interface_Static::Init(char const*, char const*, Interface_ParamType, char const*) Interface_Static.cxx:183 (occt_1157_stress_before:arm64+0x10133e614)
    #3 Interface_Static::Init(char const*, char const*, char, char const*) Interface_Static.cxx:275 (occt_1157_stress_before:arm64+0x10133eb34)
    #4 Interface_Static::Standards() Interface_StaticStandards.cxx:33 (occt_1157_stress_before:arm64+0x101340ab8)
    #5 XSControl_Controller::XSControl_Controller(char const*, char const*) XSControl_Controller.cxx:69 (occt_1157_stress_before:arm64+0x1013d512c)
    #6 IGESControl_Controller::IGESControl_Controller(bool) IGESControl_Controller.cxx:72 (occt_1157_stress_before:arm64+0x10037b1e8)
    #7 IGESControl_Controller::Init() IGESControl_Controller.cxx:364 (occt_1157_stress_before:arm64+0x100380778)
    #8 IGESControl_Writer::IGESControl_Writer(char const*, int) IGESControl_Writer.cxx:73 (occt_1157_stress_before:arm64+0x10038b760)
    #9 IGESControl_Writer::IGESControl_Writer(char const*, int) IGESControl_Writer.cxx:72 (occt_1157_stress_before:arm64+0x10038b928)
    #10 runIgesWriteIndependent(int, int) occt_1157_stress.cpp:160 (occt_1157_stress_before:arm64+0x100001b64)
    #11 void* std::__1::__thread_proxy[abi:nqe210106]<std::__1::tuple<std::__1::unique_ptr<std::__1::__thread_struct, std::__1::default_delete<std::__1::__thread_struct>>, void (*)(int, int), int, int>>(void*) thread.h:168 (occt_1157_stress_before:arm64+0x100006494)

  Location is heap block of size 32 at 0x00010fe050a0 allocated by thread T6:
    #0 calloc <null> (libclang_rt.tsan_osx_dynamic.dylib:arm64e+0x67c40)
    #1 Standard::Allocate(unsigned long) Standard.cxx:386 (occt_1157_stress_before:arm64+0x1008bed34)
    #2 NCollection_BaseAllocator::Allocate(unsigned long) NCollection_BaseAllocator.cxx:22 (occt_1157_stress_before:arm64+0x1008de93c)
    #3 std::__1::conditional<false, opencascade::handle<Standard_Transient>&, bool>::type NCollection_DataMap<TCollection_AsciiString, opencascade::handle<Standard_Transient>, NCollection_DefaultHasher<TCollection_AsciiString>>::emplaceImpl<TCollection_AsciiString, false, false, opencascade::handle<Standard_Transient> const&>(TCollection_AsciiString&&, std::__1::integral_constant<bool, false>, std::__1::integral_constant<bool, false>, opencascade::handle<Standard_Transient> const&) NCollection_DataMap.hxx:810 (occt_1157_stress_before:arm64+0x10083fd88)
    #4 Interface_Static::Init(char const*, char const*, Interface_ParamType, char const*) Interface_Static.cxx:183 (occt_1157_stress_before:arm64+0x10133e614)
    #5 Interface_Static::Init(char const*, char const*, char, char const*) Interface_Static.cxx:275 (occt_1157_stress_before:arm64+0x10133eb34)
    #6 Interface_Static::Standards() Interface_StaticStandards.cxx:33 (occt_1157_stress_before:arm64+0x101340ab8)
    #7 XSControl_Controller::XSControl_Controller(char const*, char const*) XSControl_Controller.cxx:69 (occt_1157_stress_before:arm64+0x1013d512c)
    #8 IGESControl_Controller::IGESControl_Controller(bool) IGESControl_Controller.cxx:72 (occt_1157_stress_before:arm64+0x10037b1e8)
    #9 IGESControl_Controller::Init() IGESControl_Controller.cxx:364 (occt_1157_stress_before:arm64+0x100380778)
    #10 IGESControl_Writer::IGESControl_Writer(char const*, int) IGESControl_Writer.cxx:73 (occt_1157_stress_before:arm64+0x10038b760)
    #11 IGESControl_Writer::IGESControl_Writer(char const*, int) IGESControl_Writer.cxx:72 (occt_1157_stress_before:arm64+0x10038b928)
    #12 runIgesWriteIndependent(int, int) occt_1157_stress.cpp:160 (occt_1157_stress_before:arm64+0x100001b64)
    #13 void* std::__1::__thread_proxy[abi:nqe210106]<std::__1::tuple<std::__1::unique_ptr<std::__1::__thread_struct, std::__1::default_delete<std::__1::__thread_struct>>, void (*)(int, int), int, int>>(void*) thread.h:168 (occt_1157_stress_before:arm64+0x100006494)

  Thread T1 (tid=360572, running) created by main thread at:
    #0 pthread_create <null> (libclang_rt.tsan_osx_dynamic.dylib:arm64e+0x33834)
    #1 std::__1::thread::thread[abi:nqe210106]<void (*&)(int, int), int&, int&, 0>(void (*&)(int, int), int&, int&) thread.h:216 (occt_1157_stress_before:arm64+0x10000635c)
    #2 std::__1::thread* std::__1::vector<std::__1::thread, std::__1::allocator<std::__1::thread>>::__emplace_back_slow_path<void (*&)(int, int), int&, int&>(void (*&)(int, int), int&, int&) vector.h:1130 (occt_1157_stress_before:arm64+0x100006118)
    #3 runOne(char const*, int, int) occt_1157_stress.cpp:343 (occt_1157_stress_before:arm64+0x1000039d8)
    #4 main occt_1157_stress.cpp:380 (occt_1157_stress_before:arm64+0x100002e08)

  Thread T6 (tid=360577, running) created by main thread at:
    #0 pthread_create <null> (libclang_rt.tsan_osx_dynamic.dylib:arm64e+0x33834)
    #1 std::__1::thread::thread[abi:nqe210106]<void (*&)(int, int), int&, int&, 0>(void (*&)(int, int), int&, int&) thread.h:216 (occt_1157_stress_before:arm64+0x10000635c)
    #2 runOne(char const*, int, int) occt_1157_stress.cpp:343 (occt_1157_stress_before:arm64+0x1000039b0)
    #3 main occt_1157_stress.cpp:380 (occt_1157_stress_before:arm64+0x100002e08)

SUMMARY: ThreadSanitizer: data race TCollection_AsciiString.cxx:769 in TCollection_AsciiString::IsEqual(char const*, int) const
==================
WARNING: ThreadSanitizer: data race (pid=71650)
  Read of size 4 at 0x00010fe05a18 by thread T7:
    #0 TCollection_AsciiString::IsEqual(char const*, int) const TCollection_AsciiString.cxx:769 (occt_1157_stress_before:arm64+0x1008d0ccc)
    #1 Interface_Static::Init(char const*, char const*, Interface_ParamType, char const*) Interface_Static.cxx:164 (occt_1157_stress_before:arm64+0x10133e410)
    #2 Interface_Static::Init(char const*, char const*, char, char const*) Interface_Static.cxx:275 (occt_1157_stress_before:arm64+0x10133eb34)
    #3 IGESData::Init() IGESData.cxx:60 (occt_1157_stress_before:arm64+0x1000bed24)
    #4 IGESBasic::Init() IGESBasic.cxx:31 (occt_1157_stress_before:arm64+0x1001038bc)
    #5 IGESGeom::Init() IGESGeom.cxx:32 (occt_1157_stress_before:arm64+0x100140910)
    #6 IGESSolid::Init() IGESSolid.cxx:32 (occt_1157_stress_before:arm64+0x100217fac)
    #7 IGESControl_Controller::IGESControl_Controller(bool) IGESControl_Controller.cxx:79 (occt_1157_stress_before:arm64+0x10037b228)
    #8 IGESControl_Controller::Init() IGESControl_Controller.cxx:364 (occt_1157_stress_before:arm64+0x100380778)
    #9 IGESControl_Writer::IGESControl_Writer(char const*, int) IGESControl_Writer.cxx:73 (occt_1157_stress_before:arm64+0x10038b760)
    #10 IGESControl_Writer::IGESControl_Writer(char const*, int) IGESControl_Writer.cxx:72 (occt_1157_stress_before:arm64+0x10038b928)
    #11 runIgesWriteIndependent(int, int) occt_1157_stress.cpp:160 (occt_1157_stress_before:arm64+0x100001b64)
    #12 void* std::__1::__thread_proxy[abi:nqe210106]<std::__1::tuple<std::__1::unique_ptr<std::__1::__thread_struct, std::__1::default_delete<std::__1::__thread_struct>>, void (*)(int, int), int, int>>(void*) thread.h:168 (occt_1157_stress_before:arm64+0x100006494)

  Previous write of size 4 at 0x00010fe05a18 by thread T4:
    #0 TCollection_AsciiString::TCollection_AsciiString(TCollection_AsciiString&&) TCollection_AsciiString.cxx:175 (occt_1157_stress_before:arm64+0x1008cd88c)
    #1 std::__1::conditional<false, opencascade::handle<Standard_Transient>&, bool>::type NCollection_DataMap<TCollection_AsciiString, opencascade::handle<Standard_Transient>, NCollection_DefaultHasher<TCollection_AsciiString>>::emplaceImpl<TCollection_AsciiString, false, false, opencascade::handle<Standard_Transient> const&>(TCollection_AsciiString&&, std::__1::integral_constant<bool, false>, std::__1::integral_constant<bool, false>, opencascade::handle<Standard_Transient> const&) NCollection_DataMap.hxx:810 (occt_1157_stress_before:arm64+0x10083fdec)
    #2 Interface_Static::Init(char const*, char const*, Interface_ParamType, char const*) Interface_Static.cxx:183 (occt_1157_stress_before:arm64+0x10133e614)
    #3 Interface_Static::Init(char const*, char const*, char, char const*) Interface_Static.cxx:275 (occt_1157_stress_before:arm64+0x10133eb34)
    #4 IGESData::Init() IGESData.cxx:60 (occt_1157_stress_before:arm64+0x1000bed24)
    #5 IGESBasic::Init() IGESBasic.cxx:31 (occt_1157_stress_before:arm64+0x1001038bc)
    #6 IGESGeom::Init() IGESGeom.cxx:32 (occt_1157_stress_before:arm64+0x100140910)
    #7 IGESSolid::Init() IGESSolid.cxx:32 (occt_1157_stress_before:arm64+0x100217fac)
    #8 IGESControl_Controller::IGESControl_Controller(bool) IGESControl_Controller.cxx:79 (occt_1157_stress_before:arm64+0x10037b228)
    #9 IGESControl_Controller::Init() IGESControl_Controller.cxx:364 (occt_1157_stress_before:arm64+0x100380778)
    #10 IGESControl_Writer::IGESControl_Writer(char const*, int) IGESControl_Writer.cxx:73 (occt_1157_stress_before:arm64+0x10038b760)
    #11 IGESControl_Writer::IGESControl_Writer(char const*, int) IGESControl_Writer.cxx:72 (occt_1157_stress_before:arm64+0x10038b928)
    #12 runIgesWriteIndependent(int, int) occt_1157_stress.cpp:160 (occt_1157_stress_before:arm64+0x100001b64)
    #13 void* std::__1::__thread_proxy[abi:nqe210106]<std::__1::tuple<std::__1::unique_ptr<std::__1::__thread_struct, std::__1::default_delete<std::__1::__thread_struct>>, void (*)(int, int), int, int>>(void*) thread.h:168 (occt_1157_stress_before:arm64+0x100006494)

  Location is heap block of size 32 at 0x00010fe05a00 allocated by thread T4:
    #0 calloc <null> (libclang_rt.tsan_osx_dynamic.dylib:arm64e+0x67c40)
    #1 Standard::Allocate(unsigned long) Standard.cxx:386 (occt_1157_stress_before:arm64+0x1008bed34)
    #2 NCollection_BaseAllocator::Allocate(unsigned long) NCollection_BaseAllocator.cxx:22 (occt_1157_stress_before:arm64+0x1008de93c)
    #3 std::__1::conditional<false, opencascade::handle<Standard_Transient>&, bool>::type NCollection_DataMap<TCollection_AsciiString, opencascade::handle<Standard_Transient>, NCollection_DefaultHasher<TCollection_AsciiString>>::emplaceImpl<TCollection_AsciiString, false, false, opencascade::handle<Standard_Transient> const&>(TCollection_AsciiString&&, std::__1::integral_constant<bool, false>, std::__1::integral_constant<bool, false>, opencascade::handle<Standard_Transient> const&) NCollection_DataMap.hxx:810 (occt_1157_stress_before:arm64+0x10083fd88)
    #4 Interface_Static::Init(char const*, char const*, Interface_ParamType, char const*) Interface_Static.cxx:183 (occt_1157_stress_before:arm64+0x10133e614)
    #5 Interface_Static::Init(char const*, char const*, char, char const*) Interface_Static.cxx:275 (occt_1157_stress_before:arm64+0x10133eb34)
    #6 IGESData::Init() IGESData.cxx:60 (occt_1157_stress_before:arm64+0x1000bed24)
    #7 IGESBasic::Init() IGESBasic.cxx:31 (occt_1157_stress_before:arm64+0x1001038bc)
    #8 IGESGeom::Init() IGESGeom.cxx:32 (occt_1157_stress_before:arm64+0x100140910)
    #9 IGESSolid::Init() IGESSolid.cxx:32 (occt_1157_stress_before:arm64+0x100217fac)
    #10 IGESControl_Controller::IGESControl_Controller(bool) IGESControl_Controller.cxx:79 (occt_1157_stress_before:arm64+0x10037b228)
    #11 IGESControl_Controller::Init() IGESControl_Controller.cxx:364 (occt_1157_stress_before:arm64+0x100380778)
    #12 IGESControl_Writer::IGESControl_Writer(char const*, int) IGESControl_Writer.cxx:73 (occt_1157_stress_before:arm64+0x10038b760)
    #13 IGESControl_Writer::IGESControl_Writer(char const*, int) IGESControl_Writer.cxx:72 (occt_1157_stress_before:arm64+0x10038b928)
    #14 runIgesWriteIndependent(int, int) occt_1157_stress.cpp:160 (occt_1157_stress_before:arm64+0x100001b64)
    #15 void* std::__1::__thread_proxy[abi:nqe210106]<std::__1::tuple<std::__1::unique_ptr<std::__1::__thread_struct, std::__1::default_delete<std::__1::__thread_struct>>, void (*)(int, int), int, int>>(void*) thread.h:168 (occt_1157_stress_before:arm64+0x100006494)

  Thread T7 (tid=360578, running) created by main thread at:
    #0 pthread_create <null> (libclang_rt.tsan_osx_dynamic.dylib:arm64e+0x33834)
    #1 std::__1::thread::thread[abi:nqe210106]<void (*&)(int, int), int&, int&, 0>(void (*&)(int, int), int&, int&) thread.h:216 (occt_1157_stress_before:arm64+0x10000635c)
    #2 runOne(char const*, int, int) occt_1157_stress.cpp:343 (occt_1157_stress_before:arm64+0x1000039b0)
    #3 main occt_1157_stress.cpp:380 (occt_1157_stress_before:arm64+0x100002e08)

  Thread T4 (tid=360575, running) created by main thread at:
    #0 pthread_create <null> (libclang_rt.tsan_osx_dynamic.dylib:arm64e+0x33834)
    #1 std::__1::thread::thread[abi:nqe210106]<void (*&)(int, int), int&, int&, 0>(void (*&)(int, int), int&, int&) thread.h:216 (occt_1157_stress_before:arm64+0x10000635c)
    #2 runOne(char const*, int, int) occt_1157_stress.cpp:343 (occt_1157_stress_before:arm64+0x1000039b0)
    #3 main occt_1157_stress.cpp:380 (occt_1157_stress_before:arm64+0x100002e08)

SUMMARY: ThreadSanitizer: data race TCollection_AsciiString.cxx:769 in TCollection_AsciiString::IsEqual(char const*, int) const
==================
WARNING: ThreadSanitizer: data race (pid=71650)
  Read of size 1 at 0x0001060db788 by thread T5:
    #0 Interface_Static::Standards() Interface_StaticStandards.cxx:24 (occt_1157_stress_before:arm64+0x101340a80)
    #1 XSControl_Controller::XSControl_Controller(char const*, char const*) XSControl_Controller.cxx:69 (occt_1157_stress_before:arm64+0x1013d512c)
    #2 IGESControl_Controller::IGESControl_Controller(bool) IGESControl_Controller.cxx:72 (occt_1157_stress_before:arm64+0x10037b1e8)
    #3 IGESControl_Controller::Init() IGESControl_Controller.cxx:364 (occt_1157_stress_before:arm64+0x100380778)
    #4 IGESControl_Writer::IGESControl_Writer(char const*, int) IGESControl_Writer.cxx:73 (occt_1157_stress_before:arm64+0x10038b760)
    #5 IGESControl_Writer::IGESControl_Writer(char const*, int) IGESControl_Writer.cxx:72 (occt_1157_stress_before:arm64+0x10038b928)
    #6 runIgesWriteIndependent(int, int) occt_1157_stress.cpp:160 (occt_1157_stress_before:arm64+0x100001b64)
    #7 void* std::__1::__thread_proxy[abi:nqe210106]<std::__1::tuple<std::__1::unique_ptr<std::__1::__thread_struct, std::__1::default_delete<std::__1::__thread_struct>>, void (*)(int, int), int, int>>(void*) thread.h:168 (occt_1157_stress_before:arm64+0x100006494)

  Previous write of size 1 at 0x0001060db788 by thread T6:
    #0 Interface_Static::Standards() Interface_StaticStandards.cxx:29 (occt_1157_stress_before:arm64+0x101340a90)
    #1 XSControl_Controller::XSControl_Controller(char const*, char const*) XSControl_Controller.cxx:69 (occt_1157_stress_before:arm64+0x1013d512c)
    #2 IGESControl_Controller::IGESControl_Controller(bool) IGESControl_Controller.cxx:72 (occt_1157_stress_before:arm64+0x10037b1e8)
    #3 IGESControl_Controller::Init() IGESControl_Controller.cxx:364 (occt_1157_stress_before:arm64+0x100380778)
    #4 IGESControl_Writer::IGESControl_Writer(char const*, int) IGESControl_Writer.cxx:73 (occt_1157_stress_before:arm64+0x10038b760)
    #5 IGESControl_Writer::IGESControl_Writer(char const*, int) IGESControl_Writer.cxx:72 (occt_1157_stress_before:arm64+0x10038b928)
    #6 runIgesWriteIndependent(int, int) occt_1157_stress.cpp:160 (occt_1157_stress_before:arm64+0x100001b64)
    #7 void* std::__1::__thread_proxy[abi:nqe210106]<std::__1::tuple<std::__1::unique_ptr<std::__1::__thread_struct, std::__1::default_delete<std::__1::__thread_struct>>, void (*)(int, int), int, int>>(void*) thread.h:168 (occt_1157_stress_before:arm64+0x100006494)

  Location is global 'THE_Interface_Static_deja' at 0x0001060db788 (occt_1157_stress_before+0x101cb3788)

  Thread T5 (tid=360576, running) created by main thread at:
    #0 pthread_create <null> (libclang_rt.tsan_osx_dynamic.dylib:arm64e+0x33834)
    #1 std::__1::thread::thread[abi:nqe210106]<void (*&)(int, int), int&, int&, 0>(void (*&)(int, int), int&, int&) thread.h:216 (occt_1157_stress_before:arm64+0x10000635c)
    #2 std::__1::thread* std::__1::vector<std::__1::thread, std::__1::allocator<std::__1::thread>>::__emplace_back_slow_path<void (*&)(int, int), int&, int&>(void (*&)(int, int), int&, int&) vector.h:1130 (occt_1157_stress_before:arm64+0x100006118)
    #3 runOne(char const*, int, int) occt_1157_stress.cpp:343 (occt_1157_stress_before:arm64+0x1000039d8)
    #4 main occt_1157_stress.cpp:380 (occt_1157_stress_before:arm64+0x100002e08)

  Thread T6 (tid=360577, running) created by main thread at:
    #0 pthread_create <null> (libclang_rt.tsan_osx_dynamic.dylib:arm64e+0x33834)
    #1 std::__1::thread::thread[abi:nqe210106]<void (*&)(int, int), int&, int&, 0>(void (*&)(int, int), int&, int&) thread.h:216 (occt_1157_stress_before:arm64+0x10000635c)
    #2 runOne(char const*, int, int) occt_1157_stress.cpp:343 (occt_1157_stress_before:arm64+0x1000039b0)
    #3 main occt_1157_stress.cpp:380 (occt_1157_stress_before:arm64+0x100002e08)

SUMMARY: ThreadSanitizer: data race Interface_StaticStandards.cxx:24 in Interface_Static::Standards()
==================
WARNING: ThreadSanitizer: data race (pid=71650)
  Read of size 8 at 0x0001060d21e8 by thread T8:
    #0 IGESData::Init() IGESData.cxx:40 (occt_1157_stress_before:arm64+0x1000becc8)
    #1 IGESBasic::Init() IGESBasic.cxx:31 (occt_1157_stress_before:arm64+0x1001038bc)
    #2 IGESGeom::Init() IGESGeom.cxx:32 (occt_1157_stress_before:arm64+0x100140910)
    #3 IGESSolid::Init() IGESSolid.cxx:32 (occt_1157_stress_before:arm64+0x100217fac)
    #4 IGESControl_Controller::IGESControl_Controller(bool) IGESControl_Controller.cxx:79 (occt_1157_stress_before:arm64+0x10037b228)
    #5 IGESControl_Controller::Init() IGESControl_Controller.cxx:364 (occt_1157_stress_before:arm64+0x100380778)
    #6 IGESControl_Writer::IGESControl_Writer(char const*, int) IGESControl_Writer.cxx:73 (occt_1157_stress_before:arm64+0x10038b760)
    #7 IGESControl_Writer::IGESControl_Writer(char const*, int) IGESControl_Writer.cxx:72 (occt_1157_stress_before:arm64+0x10038b928)
    #8 runIgesWriteIndependent(int, int) occt_1157_stress.cpp:160 (occt_1157_stress_before:arm64+0x100001b64)
    #9 void* std::__1::__thread_proxy[abi:nqe210106]<std::__1::tuple<std::__1::unique_ptr<std::__1::__thread_struct, std::__1::default_delete<std::__1::__thread_struct>>, void (*)(int, int), int, int>>(void*) thread.h:168 (occt_1157_stress_before:arm64+0x100006494)

  Previous write of size 8 at 0x0001060d21e8 by thread T4:
    #0 IGESData::Init() IGESData.cxx:42 (occt_1157_stress_before:arm64+0x1000bfd00)
    #1 IGESBasic::Init() IGESBasic.cxx:31 (occt_1157_stress_before:arm64+0x1001038bc)
    #2 IGESGeom::Init() IGESGeom.cxx:32 (occt_1157_stress_before:arm64+0x100140910)
    #3 IGESSolid::Init() IGESSolid.cxx:32 (occt_1157_stress_before:arm64+0x100217fac)
    #4 IGESControl_Controller::IGESControl_Controller(bool) IGESControl_Controller.cxx:79 (occt_1157_stress_before:arm64+0x10037b228)
    #5 IGESControl_Controller::Init() IGESControl_Controller.cxx:364 (occt_1157_stress_before:arm64+0x100380778)
    #6 IGESControl_Writer::IGESControl_Writer(char const*, int) IGESControl_Writer.cxx:73 (occt_1157_stress_before:arm64+0x10038b760)
    #7 IGESControl_Writer::IGESControl_Writer(char const*, int) IGESControl_Writer.cxx:72 (occt_1157_stress_before:arm64+0x10038b928)
    #8 runIgesWriteIndependent(int, int) occt_1157_stress.cpp:160 (occt_1157_stress_before:arm64+0x100001b64)
    #9 void* std::__1::__thread_proxy[abi:nqe210106]<std::__1::tuple<std::__1::unique_ptr<std::__1::__thread_struct, std::__1::default_delete<std::__1::__thread_struct>>, void (*)(int, int), int, int>>(void*) thread.h:168 (occt_1157_stress_before:arm64+0x100006494)

  Location is global 'stmod' at 0x0001060d21e8 (occt_1157_stress_before+0x101caa1e8)

  Thread T8 (tid=360579, running) created by main thread at:
    #0 pthread_create <null> (libclang_rt.tsan_osx_dynamic.dylib:arm64e+0x33834)
    #1 std::__1::thread::thread[abi:nqe210106]<void (*&)(int, int), int&, int&, 0>(void (*&)(int, int), int&, int&) thread.h:216 (occt_1157_stress_before:arm64+0x10000635c)
    #2 runOne(char const*, int, int) occt_1157_stress.cpp:343 (occt_1157_stress_before:arm64+0x1000039b0)
    #3 main occt_1157_stress.cpp:380 (occt_1157_stress_before:arm64+0x100002e08)

  Thread T4 (tid=360575, running) created by main thread at:
    #0 pthread_create <null> (libclang_rt.tsan_osx_dynamic.dylib:arm64e+0x33834)
    #1 std::__1::thread::thread[abi:nqe210106]<void (*&)(int, int), int&, int&, 0>(void (*&)(int, int), int&, int&) thread.h:216 (occt_1157_stress_before:arm64+0x10000635c)
    #2 runOne(char const*, int, int) occt_1157_stress.cpp:343 (occt_1157_stress_before:arm64+0x1000039b0)
    #3 main occt_1157_stress.cpp:380 (occt_1157_stress_before:arm64+0x100002e08)

SUMMARY: ThreadSanitizer: data race IGESData.cxx:40 in IGESData::Init()
==================
WARNING: ThreadSanitizer: data race (pid=71650)
  Write of size 8 at 0x000111d36d50 by thread T6:
    #0 std::__1::conditional<false, opencascade::handle<Standard_Transient>&, bool>::type NCollection_DataMap<TCollection_AsciiString, opencascade::handle<Standard_Transient>, NCollection_DefaultHasher<TCollection_AsciiString>>::emplaceImpl<TCollection_AsciiString, false, false, opencascade::handle<Standard_Transient> const&>(TCollection_AsciiString&&, std::__1::integral_constant<bool, false>, std::__1::integral_constant<bool, false>, opencascade::handle<Standard_Transient> const&) NCollection_DataMap.hxx:810 (occt_1157_stress_before:arm64+0x10083fe04)
    #1 Interface_Static::Init(char const*, char const*, Interface_ParamType, char const*) Interface_Static.cxx:183 (occt_1157_stress_before:arm64+0x10133e614)
    #2 Interface_Static::Init(char const*, char const*, char, char const*) Interface_Static.cxx:275 (occt_1157_stress_before:arm64+0x10133eb34)
    #3 Interface_Static::Standards() Interface_StaticStandards.cxx:39 (occt_1157_stress_before:arm64+0x101340b48)
    #4 XSControl_Controller::XSControl_Controller(char const*, char const*) XSControl_Controller.cxx:69 (occt_1157_stress_before:arm64+0x1013d512c)
    #5 IGESControl_Controller::IGESControl_Controller(bool) IGESControl_Controller.cxx:72 (occt_1157_stress_before:arm64+0x10037b1e8)
    #6 IGESControl_Controller::Init() IGESControl_Controller.cxx:364 (occt_1157_stress_before:arm64+0x100380778)
    #7 IGESControl_Writer::IGESControl_Writer(char const*, int) IGESControl_Writer.cxx:73 (occt_1157_stress_before:arm64+0x10038b760)
    #8 IGESControl_Writer::IGESControl_Writer(char const*, int) IGESControl_Writer.cxx:72 (occt_1157_stress_before:arm64+0x10038b928)
    #9 runIgesWriteIndependent(int, int) occt_1157_stress.cpp:160 (occt_1157_stress_before:arm64+0x100001b64)
    #10 void* std::__1::__thread_proxy[abi:nqe210106]<std::__1::tuple<std::__1::unique_ptr<std::__1::__thread_struct, std::__1::default_delete<std::__1::__thread_struct>>, void (*)(int, int), int, int>>(void*) thread.h:168 (occt_1157_stress_before:arm64+0x100006494)

  Previous read of size 8 at 0x000111d36d50 by thread T2:
    #0 Interface_Static::Static(char const*) Interface_Static.cxx:295 (occt_1157_stress_before:arm64+0x10133e854)
    #1 XSControl_Controller::TraceStatic(char const*, int) XSControl_Controller.cxx:80 (occt_1157_stress_before:arm64+0x1013d5268)
    #2 XSControl_Controller::XSControl_Controller(char const*, char const*) XSControl_Controller.cxx:71 (occt_1157_stress_before:arm64+0x1013d5154)
    #3 IGESControl_Controller::IGESControl_Controller(bool) IGESControl_Controller.cxx:72 (occt_1157_stress_before:arm64+0x10037b1e8)
    #4 IGESControl_Controller::Init() IGESControl_Controller.cxx:364 (occt_1157_stress_before:arm64+0x100380778)
    #5 IGESControl_Writer::IGESControl_Writer(char const*, int) IGESControl_Writer.cxx:73 (occt_1157_stress_before:arm64+0x10038b760)
    #6 IGESControl_Writer::IGESControl_Writer(char const*, int) IGESControl_Writer.cxx:72 (occt_1157_stress_before:arm64+0x10038b928)
    #7 runIgesWriteIndependent(int, int) occt_1157_stress.cpp:160 (occt_1157_stress_before:arm64+0x100001b64)
    #8 void* std::__1::__thread_proxy[abi:nqe210106]<std::__1::tuple<std::__1::unique_ptr<std::__1::__thread_struct, std::__1::default_delete<std::__1::__thread_struct>>, void (*)(int, int), int, int>>(void*) thread.h:168 (occt_1157_stress_before:arm64+0x100006494)

  Location is heap block of size 816 at 0x000111d36b00 allocated by thread T6:
    #0 calloc <null> (libclang_rt.tsan_osx_dynamic.dylib:arm64e+0x67c40)
    #1 Standard::Allocate(unsigned long) Standard.cxx:386 (occt_1157_stress_before:arm64+0x1008bed34)
    #2 NCollection_BaseMap::BeginResize(unsigned long, unsigned long&, NCollection_ListNode**&, NCollection_ListNode**&) const NCollection_BaseMap.cxx:42 (occt_1157_stress_before:arm64+0x1008df8cc)
    #3 NCollection_DataMap<TCollection_AsciiString, opencascade::handle<Standard_Transient>, NCollection_DefaultHasher<TCollection_AsciiString>>::ReSize(unsigned long) NCollection_DataMap.hxx:365 (occt_1157_stress_before:arm64+0x100840088)
    #4 std::__1::conditional<false, opencascade::handle<Standard_Transient>&, bool>::type NCollection_DataMap<TCollection_AsciiString, opencascade::handle<Standard_Transient>, NCollection_DefaultHasher<TCollection_AsciiString>>::emplaceImpl<TCollection_AsciiString, false, false, opencascade::handle<Standard_Transient> const&>(TCollection_AsciiString&&, std::__1::integral_constant<bool, false>, std::__1::integral_constant<bool, false>, opencascade::handle<Standard_Transient> const&) NCollection_DataMap.hxx:795 (occt_1157_stress_before:arm64+0x10083fcbc)
    #5 Interface_Static::Init(char const*, char const*, Interface_ParamType, char const*) Interface_Static.cxx:183 (occt_1157_stress_before:arm64+0x10133e614)
    #6 Interface_Static::Init(char const*, char const*, char, char const*) Interface_Static.cxx:275 (occt_1157_stress_before:arm64+0x10133eb34)
    #7 Interface_Static::Standards() Interface_StaticStandards.cxx:33 (occt_1157_stress_before:arm64+0x101340ab8)
    #8 XSControl_Controller::XSControl_Controller(char const*, char const*) XSControl_Controller.cxx:69 (occt_1157_stress_before:arm64+0x1013d512c)
    #9 IGESControl_Controller::IGESControl_Controller(bool) IGESControl_Controller.cxx:72 (occt_1157_stress_before:arm64+0x10037b1e8)
    #10 IGESControl_Controller::Init() IGESControl_Controller.cxx:364 (occt_1157_stress_before:arm64+0x100380778)
    #11 IGESControl_Writer::IGESControl_Writer(char const*, int) IGESControl_Writer.cxx:73 (occt_1157_stress_before:arm64+0x10038b760)
    #12 IGESControl_Writer::IGESControl_Writer(char const*, int) IGESControl_Writer.cxx:72 (occt_1157_stress_before:arm64+0x10038b928)
    #13 runIgesWriteIndependent(int, int) occt_1157_stress.cpp:160 (occt_1157_stress_before:arm64+0x100001b64)
    #14 void* std::__1::__thread_proxy[abi:nqe210106]<std::__1::tuple<std::__1::unique_ptr<std::__1::__thread_struct, std::__1::default_delete<std::__1::__thread_struct>>, void (*)(int, int), int, int>>(void*) thread.h:168 (occt_1157_stress_before:arm64+0x100006494)

  Thread T6 (tid=360577, running) created by main thread at:
    #0 pthread_create <null> (libclang_rt.tsan_osx_dynamic.dylib:arm64e+0x33834)
    #1 std::__1::thread::thread[abi:nqe210106]<void (*&)(int, int), int&, int&, 0>(void (*&)(int, int), int&, int&) thread.h:216 (occt_1157_stress_before:arm64+0x10000635c)
    #2 runOne(char const*, int, int) occt_1157_stress.cpp:343 (occt_1157_stress_before:arm64+0x1000039b0)
    #3 main occt_1157_stress.cpp:380 (occt_1157_stress_before:arm64+0x100002e08)

  Thread T2 (tid=360573, running) created by main thread at:
    #0 pthread_create <null> (libclang_rt.tsan_osx_dynamic.dylib:arm64e+0x33834)
    #1 std::__1::thread::thread[abi:nqe210106]<void (*&)(int, int), int&, int&, 0>(void (*&)(int, int), int&, int&) thread.h:216 (occt_1157_stress_before:arm64+0x10000635c)
    #2 std::__1::thread* std::__1::vector<std::__1::thread, std::__1::allocator<std::__1::thread>>::__emplace_back_slow_path<void (*&)(int, int), int&, int&>(void (*&)(int, int), int&, int&) vector.h:1130 (occt_1157_stress_before:arm64+0x100006118)
    #3 runOne(char const*, int, int) occt_1157_stress.cpp:343 (occt_1157_stress_before:arm64+0x1000039d8)
    #4 main occt_1157_stress.cpp:380 (occt_1157_stress_before:arm64+0x100002e08)

SUMMARY: ThreadSanitizer: data race NCollection_DataMap.hxx:810 in std::__1::conditional<false, opencascade::handle<Standard_Transient>&, bool>::type NCollection_DataMap<TCollection_AsciiString, opencascade::handle<Standard_Transient>, NCollection_DefaultHasher<TCollection_AsciiString>>::emplaceImpl<TCollection_AsciiString, false, false, opencascade::handle<Standard_Transient> const&>(TCollection_AsciiString&&, std::__1::integral_constant<bool, false>, std::__1::integral_constant<bool, false>, opencascade::handle<Standard_Transient> const&)
==================
WARNING: ThreadSanitizer: data race (pid=71650)
  Read of size 8 at 0x000111d36c70 by thread T2:
    #0 Interface_Static::Init(char const*, char const*, Interface_ParamType, char const*) Interface_Static.cxx:164 (occt_1157_stress_before:arm64+0x10133e3dc)
    #1 Interface_Static::Init(char const*, char const*, char, char const*) Interface_Static.cxx:275 (occt_1157_stress_before:arm64+0x10133eb34)
    #2 IGESData::Init() IGESData.cxx:60 (occt_1157_stress_before:arm64+0x1000bed24)
    #3 IGESBasic::Init() IGESBasic.cxx:31 (occt_1157_stress_before:arm64+0x1001038bc)
    #4 IGESGeom::Init() IGESGeom.cxx:32 (occt_1157_stress_before:arm64+0x100140910)
    #5 IGESSolid::Init() IGESSolid.cxx:32 (occt_1157_stress_before:arm64+0x100217fac)
    #6 IGESControl_Controller::IGESControl_Controller(bool) IGESControl_Controller.cxx:79 (occt_1157_stress_before:arm64+0x10037b228)
    #7 IGESControl_Controller::Init() IGESControl_Controller.cxx:364 (occt_1157_stress_before:arm64+0x100380778)
    #8 IGESControl_Writer::IGESControl_Writer(char const*, int) IGESControl_Writer.cxx:73 (occt_1157_stress_before:arm64+0x10038b760)
    #9 IGESControl_Writer::IGESControl_Writer(char const*, int) IGESControl_Writer.cxx:72 (occt_1157_stress_before:arm64+0x10038b928)
    #10 runIgesWriteIndependent(int, int) occt_1157_stress.cpp:160 (occt_1157_stress_before:arm64+0x100001b64)
    #11 void* std::__1::__thread_proxy[abi:nqe210106]<std::__1::tuple<std::__1::unique_ptr<std::__1::__thread_struct, std::__1::default_delete<std::__1::__thread_struct>>, void (*)(int, int), int, int>>(void*) thread.h:168 (occt_1157_stress_before:arm64+0x100006494)

  Previous write of size 8 at 0x000111d36c70 by thread T4:
    #0 std::__1::conditional<false, opencascade::handle<Standard_Transient>&, bool>::type NCollection_DataMap<TCollection_AsciiString, opencascade::handle<Standard_Transient>, NCollection_DefaultHasher<TCollection_AsciiString>>::emplaceImpl<TCollection_AsciiString, false, false, opencascade::handle<Standard_Transient> const&>(TCollection_AsciiString&&, std::__1::integral_constant<bool, false>, std::__1::integral_constant<bool, false>, opencascade::handle<Standard_Transient> const&) NCollection_DataMap.hxx:810 (occt_1157_stress_before:arm64+0x10083fe04)
    #1 Interface_Static::Init(char const*, char const*, Interface_ParamType, char const*) Interface_Static.cxx:183 (occt_1157_stress_before:arm64+0x10133e614)
    #2 Interface_Static::Init(char const*, char const*, char, char const*) Interface_Static.cxx:275 (occt_1157_stress_before:arm64+0x10133eb34)
    #3 IGESData::Init() IGESData.cxx:60 (occt_1157_stress_before:arm64+0x1000bed24)
    #4 IGESBasic::Init() IGESBasic.cxx:31 (occt_1157_stress_before:arm64+0x1001038bc)
    #5 IGESGeom::Init() IGESGeom.cxx:32 (occt_1157_stress_before:arm64+0x100140910)
    #6 IGESSolid::Init() IGESSolid.cxx:32 (occt_1157_stress_before:arm64+0x100217fac)
    #7 IGESControl_Controller::IGESControl_Controller(bool) IGESControl_Controller.cxx:79 (occt_1157_stress_before:arm64+0x10037b228)
    #8 IGESControl_Controller::Init() IGESControl_Controller.cxx:364 (occt_1157_stress_before:arm64+0x100380778)
    #9 IGESControl_Writer::IGESControl_Writer(char const*, int) IGESControl_Writer.cxx:73 (occt_1157_stress_before:arm64+0x10038b760)
    #10 IGESControl_Writer::IGESControl_Writer(char const*, int) IGESControl_Writer.cxx:72 (occt_1157_stress_before:arm64+0x10038b928)
    #11 runIgesWriteIndependent(int, int) occt_1157_stress.cpp:160 (occt_1157_stress_before:arm64+0x100001b64)
    #12 void* std::__1::__thread_proxy[abi:nqe210106]<std::__1::tuple<std::__1::unique_ptr<std::__1::__thread_struct, std::__1::default_delete<std::__1::__thread_struct>>, void (*)(int, int), int, int>>(void*) thread.h:168 (occt_1157_stress_before:arm64+0x100006494)

  Location is heap block of size 816 at 0x000111d36b00 allocated by thread T6:
    #0 calloc <null> (libclang_rt.tsan_osx_dynamic.dylib:arm64e+0x67c40)
    #1 Standard::Allocate(unsigned long) Standard.cxx:386 (occt_1157_stress_before:arm64+0x1008bed34)
    #2 NCollection_BaseMap::BeginResize(unsigned long, unsigned long&, NCollection_ListNode**&, NCollection_ListNode**&) const NCollection_BaseMap.cxx:42 (occt_1157_stress_before:arm64+0x1008df8cc)
    #3 NCollection_DataMap<TCollection_AsciiString, opencascade::handle<Standard_Transient>, NCollection_DefaultHasher<TCollection_AsciiString>>::ReSize(unsigned long) NCollection_DataMap.hxx:365 (occt_1157_stress_before:arm64+0x100840088)
    #4 std::__1::conditional<false, opencascade::handle<Standard_Transient>&, bool>::type NCollection_DataMap<TCollection_AsciiString, opencascade::handle<Standard_Transient>, NCollection_DefaultHasher<TCollection_AsciiString>>::emplaceImpl<TCollection_AsciiString, false, false, opencascade::handle<Standard_Transient> const&>(TCollection_AsciiString&&, std::__1::integral_constant<bool, false>, std::__1::integral_constant<bool, false>, opencascade::handle<Standard_Transient> const&) NCollection_DataMap.hxx:795 (occt_1157_stress_before:arm64+0x10083fcbc)
    #5 Interface_Static::Init(char const*, char const*, Interface_ParamType, char const*) Interface_Static.cxx:183 (occt_1157_stress_before:arm64+0x10133e614)
    #6 Interface_Static::Init(char const*, char const*, char, char const*) Interface_Static.cxx:275 (occt_1157_stress_before:arm64+0x10133eb34)
    #7 Interface_Static::Standards() Interface_StaticStandards.cxx:33 (occt_1157_stress_before:arm64+0x101340ab8)
    #8 XSControl_Controller::XSControl_Controller(char const*, char const*) XSControl_Controller.cxx:69 (occt_1157_stress_before:arm64+0x1013d512c)
    #9 IGESControl_Controller::IGESControl_Controller(bool) IGESControl_Controller.cxx:72 (occt_1157_stress_before:arm64+0x10037b1e8)
    #10 IGESControl_Controller::Init() IGESControl_Controller.cxx:364 (occt_1157_stress_before:arm64+0x100380778)
    #11 IGESControl_Writer::IGESControl_Writer(char const*, int) IGESControl_Writer.cxx:73 (occt_1157_stress_before:arm64+0x10038b760)
    #12 IGESControl_Writer::IGESControl_Writer(char const*, int) IGESControl_Writer.cxx:72 (occt_1157_stress_before:arm64+0x10038b928)
    #13 runIgesWriteIndependent(int, int) occt_1157_stress.cpp:160 (occt_1157_stress_before:arm64+0x100001b64)
    #14 void* std::__1::__thread_proxy[abi:nqe210106]<std::__1::tuple<std::__1::unique_ptr<std::__1::__thread_struct, std::__1::default_delete<std::__1::__thread_struct>>, void (*)(int, int), int, int>>(void*) thread.h:168 (occt_1157_stress_before:arm64+0x100006494)

  Thread T2 (tid=360573, running) created by main thread at:
    #0 pthread_create <null> (libclang_rt.tsan_osx_dynamic.dylib:arm64e+0x33834)
    #1 std::__1::thread::thread[abi:nqe210106]<void (*&)(int, int), int&, int&, 0>(void (*&)(int, int), int&, int&) thread.h:216 (occt_1157_stress_before:arm64+0x10000635c)
    #2 std::__1::thread* std::__1::vector<std::__1::thread, std::__1::allocator<std::__1::thread>>::__emplace_back_slow_path<void (*&)(int, int), int&, int&>(void (*&)(int, int), int&, int&) vector.h:1130 (occt_1157_stress_before:arm64+0x100006118)
    #3 runOne(char const*, int, int) occt_1157_stress.cpp:343 (occt_1157_stress_before:arm64+0x1000039d8)
    #4 main occt_1157_stress.cpp:380 (occt_1157_stress_before:arm64+0x100002e08)

  Thread T4 (tid=360575, running) created by main thread at:
    #0 pthread_create <null> (libclang_rt.tsan_osx_dynamic.dylib:arm64e+0x33834)
    #1 std::__1::thread::thread[abi:nqe210106]<void (*&)(int, int), int&, int&, 0>(void (*&)(int, int), int&, int&) thread.h:216 (occt_1157_stress_before:arm64+0x10000635c)
    #2 runOne(char const*, int, int) occt_1157_stress.cpp:343 (occt_1157_stress_before:arm64+0x1000039b0)
    #3 main occt_1157_stress.cpp:380 (occt_1157_stress_before:arm64+0x100002e08)

  Thread T6 (tid=360577, running) created by main thread at:
    #0 pthread_create <null> (libclang_rt.tsan_osx_dynamic.dylib:arm64e+0x33834)
    #1 std::__1::thread::thread[abi:nqe210106]<void (*&)(int, int), int&, int&, 0>(void (*&)(int, int), int&, int&) thread.h:216 (occt_1157_stress_before:arm64+0x10000635c)
    #2 runOne(char const*, int, int) occt_1157_stress.cpp:343 (occt_1157_stress_before:arm64+0x1000039b0)
    #3 main occt_1157_stress.cpp:380 (occt_1157_stress_before:arm64+0x100002e08)

SUMMARY: ThreadSanitizer: data race Interface_Static.cxx:164 in Interface_Static::Init(char const*, char const*, Interface_ParamType, char const*)
==================
WARNING: ThreadSanitizer: data race (pid=71650)
  Read of size 8 at 0x00010fe05a10 by thread T3:
    #0 TCollection_AsciiString::IsEqual(char const*, int) const TCollection_AsciiString.cxx:779 (occt_1157_stress_before:arm64+0x1008d0ce4)
    #1 Interface_Static::Init(char const*, char const*, Interface_ParamType, char const*) Interface_Static.cxx:164 (occt_1157_stress_before:arm64+0x10133e410)
    #2 Interface_Static::Init(char const*, char const*, char, char const*) Interface_Static.cxx:275 (occt_1157_stress_before:arm64+0x10133eb34)
    #3 IGESData::Init() IGESData.cxx:60 (occt_1157_stress_before:arm64+0x1000bed24)
    #4 IGESBasic::Init() IGESBasic.cxx:31 (occt_1157_stress_before:arm64+0x1001038bc)
    #5 IGESGeom::Init() IGESGeom.cxx:32 (occt_1157_stress_before:arm64+0x100140910)
    #6 IGESSolid::Init() IGESSolid.cxx:32 (occt_1157_stress_before:arm64+0x100217fac)
    #7 IGESControl_Controller::IGESControl_Controller(bool) IGESControl_Controller.cxx:79 (occt_1157_stress_before:arm64+0x10037b228)
    #8 IGESControl_Controller::Init() IGESControl_Controller.cxx:364 (occt_1157_stress_before:arm64+0x100380778)
    #9 IGESControl_Writer::IGESControl_Writer(char const*, int) IGESControl_Writer.cxx:73 (occt_1157_stress_before:arm64+0x10038b760)
    #10 IGESControl_Writer::IGESControl_Writer(char const*, int) IGESControl_Writer.cxx:72 (occt_1157_stress_before:arm64+0x10038b928)
    #11 runIgesWriteIndependent(int, int) occt_1157_stress.cpp:160 (occt_1157_stress_before:arm64+0x100001b64)
    #12 void* std::__1::__thread_proxy[abi:nqe210106]<std::__1::tuple<std::__1::unique_ptr<std::__1::__thread_struct, std::__1::default_delete<std::__1::__thread_struct>>, void (*)(int, int), int, int>>(void*) thread.h:168 (occt_1157_stress_before:arm64+0x100006494)

  Previous write of size 8 at 0x00010fe05a10 by thread T4:
    #0 TCollection_AsciiString::TCollection_AsciiString(TCollection_AsciiString&&) TCollection_AsciiString.cxx:175 (occt_1157_stress_before:arm64+0x1008cd880)
    #1 std::__1::conditional<false, opencascade::handle<Standard_Transient>&, bool>::type NCollection_DataMap<TCollection_AsciiString, opencascade::handle<Standard_Transient>, NCollection_DefaultHasher<TCollection_AsciiString>>::emplaceImpl<TCollection_AsciiString, false, false, opencascade::handle<Standard_Transient> const&>(TCollection_AsciiString&&, std::__1::integral_constant<bool, false>, std::__1::integral_constant<bool, false>, opencascade::handle<Standard_Transient> const&) NCollection_DataMap.hxx:810 (occt_1157_stress_before:arm64+0x10083fdec)
    #2 Interface_Static::Init(char const*, char const*, Interface_ParamType, char const*) Interface_Static.cxx:183 (occt_1157_stress_before:arm64+0x10133e614)
    #3 Interface_Static::Init(char const*, char const*, char, char const*) Interface_Static.cxx:275 (occt_1157_stress_before:arm64+0x10133eb34)
    #4 IGESData::Init() IGESData.cxx:60 (occt_1157_stress_before:arm64+0x1000bed24)
    #5 IGESBasic::Init() IGESBasic.cxx:31 (occt_1157_stress_before:arm64+0x1001038bc)
    #6 IGESGeom::Init() IGESGeom.cxx:32 (occt_1157_stress_before:arm64+0x100140910)
    #7 IGESSolid::Init() IGESSolid.cxx:32 (occt_1157_stress_before:arm64+0x100217fac)
    #8 IGESControl_Controller::IGESControl_Controller(bool) IGESControl_Controller.cxx:79 (occt_1157_stress_before:arm64+0x10037b228)
    #9 IGESControl_Controller::Init() IGESControl_Controller.cxx:364 (occt_1157_stress_before:arm64+0x100380778)
    #10 IGESControl_Writer::IGESControl_Writer(char const*, int) IGESControl_Writer.cxx:73 (occt_1157_stress_before:arm64+0x10038b760)
    #11 IGESControl_Writer::IGESControl_Writer(char const*, int) IGESControl_Writer.cxx:72 (occt_1157_stress_before:arm64+0x10038b928)
    #12 runIgesWriteIndependent(int, int) occt_1157_stress.cpp:160 (occt_1157_stress_before:arm64+0x100001b64)
    #13 void* std::__1::__thread_proxy[abi:nqe210106]<std::__1::tuple<std::__1::unique_ptr<std::__1::__thread_struct, std::__1::default_delete<std::__1::__thread_struct>>, void (*)(int, int), int, int>>(void*) thread.h:168 (occt_1157_stress_before:arm64+0x100006494)

  Location is heap block of size 32 at 0x00010fe05a00 allocated by thread T4:
    #0 calloc <null> (libclang_rt.tsan_osx_dynamic.dylib:arm64e+0x67c40)
    #1 Standard::Allocate(unsigned long) Standard.cxx:386 (occt_1157_stress_before:arm64+0x1008bed34)
    #2 NCollection_BaseAllocator::Allocate(unsigned long) NCollection_BaseAllocator.cxx:22 (occt_1157_stress_before:arm64+0x1008de93c)
    #3 std::__1::conditional<false, opencascade::handle<Standard_Transient>&, bool>::type NCollection_DataMap<TCollection_AsciiString, opencascade::handle<Standard_Transient>, NCollection_DefaultHasher<TCollection_AsciiString>>::emplaceImpl<TCollection_AsciiString, false, false, opencascade::handle<Standard_Transient> const&>(TCollection_AsciiString&&, std::__1::integral_constant<bool, false>, std::__1::integral_constant<bool, false>, opencascade::handle<Standard_Transient> const&) NCollection_DataMap.hxx:810 (occt_1157_stress_before:arm64+0x10083fd88)
    #4 Interface_Static::Init(char const*, char const*, Interface_ParamType, char const*) Interface_Static.cxx:183 (occt_1157_stress_before:arm64+0x10133e614)
    #5 Interface_Static::Init(char const*, char const*, char, char const*) Interface_Static.cxx:275 (occt_1157_stress_before:arm64+0x10133eb34)
    #6 IGESData::Init() IGESData.cxx:60 (occt_1157_stress_before:arm64+0x1000bed24)
    #7 IGESBasic::Init() IGESBasic.cxx:31 (occt_1157_stress_before:arm64+0x1001038bc)
    #8 IGESGeom::Init() IGESGeom.cxx:32 (occt_1157_stress_before:arm64+0x100140910)
    #9 IGESSolid::Init() IGESSolid.cxx:32 (occt_1157_stress_before:arm64+0x100217fac)
    #10 IGESControl_Controller::IGESControl_Controller(bool) IGESControl_Controller.cxx:79 (occt_1157_stress_before:arm64+0x10037b228)
    #11 IGESControl_Controller::Init() IGESControl_Controller.cxx:364 (occt_1157_stress_before:arm64+0x100380778)
    #12 IGESControl_Writer::IGESControl_Writer(char const*, int) IGESControl_Writer.cxx:73 (occt_1157_stress_before:arm64+0x10038b760)
    #13 IGESControl_Writer::IGESControl_Writer(char const*, int) IGESControl_Writer.cxx:72 (occt_1157_stress_before:arm64+0x10038b928)
    #14 runIgesWriteIndependent(int, int) occt_1157_stress.cpp:160 (occt_1157_stress_before:arm64+0x100001b64)
    #15 void* std::__1::__thread_proxy[abi:nqe210106]<std::__1::tuple<std::__1::unique_ptr<std::__1::__thread_struct, std::__1::default_delete<std::__1::__thread_struct>>, void (*)(int, int), int, int>>(void*) thread.h:168 (occt_1157_stress_before:arm64+0x100006494)

  Thread T3 (tid=360574, running) created by main thread at:
    #0 pthread_create <null> (libclang_rt.tsan_osx_dynamic.dylib:arm64e+0x33834)
    #1 std::__1::thread::thread[abi:nqe210106]<void (*&)(int, int), int&, int&, 0>(void (*&)(int, int), int&, int&) thread.h:216 (occt_1157_stress_before:arm64+0x10000635c)
    #2 std::__1::thread* std::__1::vector<std::__1::thread, std::__1::allocator<std::__1::thread>>::__emplace_back_slow_path<void (*&)(int, int), int&, int&>(void (*&)(int, int), int&, int&) vector.h:1130 (occt_1157_stress_before:arm64+0x100006118)
    #3 runOne(char const*, int, int) occt_1157_stress.cpp:343 (occt_1157_stress_before:arm64+0x1000039d8)
    #4 main occt_1157_stress.cpp:380 (occt_1157_stress_before:arm64+0x100002e08)

  Thread T4 (tid=360575, running) created by main thread at:
    #0 pthread_create <null> (libclang_rt.tsan_osx_dynamic.dylib:arm64e+0x33834)
    #1 std::__1::thread::thread[abi:nqe210106]<void (*&)(int, int), int&, int&, 0>(void (*&)(int, int), int&, int&) thread.h:216 (occt_1157_stress_before:arm64+0x10000635c)
    #2 runOne(char const*, int, int) occt_1157_stress.cpp:343 (occt_1157_stress_before:arm64+0x1000039b0)
    #3 main occt_1157_stress.cpp:380 (occt_1157_stress_before:arm64+0x100002e08)

SUMMARY: ThreadSanitizer: data race TCollection_AsciiString.cxx:779 in TCollection_AsciiString::IsEqual(char const*, int) const
==================
WARNING: ThreadSanitizer: data race (pid=71650)
  Write of size 4 at 0x000111323458 by thread T2:
    #0 MoniTool_TypedValue::StartEnum(int, bool) MoniTool_TypedValue.cxx:545 (occt_1157_stress_before:arm64+0x101405174)
    #1 Interface_Static::Init(char const*, char const*, char, char const*) Interface_Static.cxx (occt_1157_stress_before:arm64+0x10133edd8)
    #2 IGESData::Init() IGESData.cxx:61 (occt_1157_stress_before:arm64+0x1000bed44)
    #3 IGESBasic::Init() IGESBasic.cxx:31 (occt_1157_stress_before:arm64+0x1001038bc)
    #4 IGESGeom::Init() IGESGeom.cxx:32 (occt_1157_stress_before:arm64+0x100140910)
    #5 IGESSolid::Init() IGESSolid.cxx:32 (occt_1157_stress_before:arm64+0x100217fac)
    #6 IGESControl_Controller::IGESControl_Controller(bool) IGESControl_Controller.cxx:79 (occt_1157_stress_before:arm64+0x10037b228)
    #7 IGESControl_Controller::Init() IGESControl_Controller.cxx:364 (occt_1157_stress_before:arm64+0x100380778)
    #8 IGESControl_Writer::IGESControl_Writer(char const*, int) IGESControl_Writer.cxx:73 (occt_1157_stress_before:arm64+0x10038b760)
    #9 IGESControl_Writer::IGESControl_Writer(char const*, int) IGESControl_Writer.cxx:72 (occt_1157_stress_before:arm64+0x10038b928)
    #10 runIgesWriteIndependent(int, int) occt_1157_stress.cpp:160 (occt_1157_stress_before:arm64+0x100001b64)
    #11 void* std::__1::__thread_proxy[abi:nqe210106]<std::__1::tuple<std::__1::unique_ptr<std::__1::__thread_struct, std::__1::default_delete<std::__1::__thread_struct>>, void (*)(int, int), int, int>>(void*) thread.h:168 (occt_1157_stress_before:arm64+0x100006494)

  Previous write of size 4 at 0x000111323458 by thread T4:
    #0 MoniTool_TypedValue::StartEnum(int, bool) MoniTool_TypedValue.cxx:545 (occt_1157_stress_before:arm64+0x101405174)
    #1 Interface_Static::Init(char const*, char const*, char, char const*) Interface_Static.cxx (occt_1157_stress_before:arm64+0x10133edd8)
    #2 IGESData::Init() IGESData.cxx:61 (occt_1157_stress_before:arm64+0x1000bed44)
    #3 IGESBasic::Init() IGESBasic.cxx:31 (occt_1157_stress_before:arm64+0x1001038bc)
    #4 IGESGeom::Init() IGESGeom.cxx:32 (occt_1157_stress_before:arm64+0x100140910)
    #5 IGESSolid::Init() IGESSolid.cxx:32 (occt_1157_stress_before:arm64+0x100217fac)
    #6 IGESControl_Controller::IGESControl_Controller(bool) IGESControl_Controller.cxx:79 (occt_1157_stress_before:arm64+0x10037b228)
    #7 IGESControl_Controller::Init() IGESControl_Controller.cxx:364 (occt_1157_stress_before:arm64+0x100380778)
    #8 IGESControl_Writer::IGESControl_Writer(char const*, int) IGESControl_Writer.cxx:73 (occt_1157_stress_before:arm64+0x10038b760)
    #9 IGESControl_Writer::IGESControl_Writer(char const*, int) IGESControl_Writer.cxx:72 (occt_1157_stress_before:arm64+0x10038b928)
    #10 runIgesWriteIndependent(int, int) occt_1157_stress.cpp:160 (occt_1157_stress_before:arm64+0x100001b64)
    #11 void* std::__1::__thread_proxy[abi:nqe210106]<std::__1::tuple<std::__1::unique_ptr<std::__1::__thread_struct, std::__1::default_delete<std::__1::__thread_struct>>, void (*)(int, int), int, int>>(void*) thread.h:168 (occt_1157_stress_before:arm64+0x100006494)

  Location is heap block of size 648 at 0x000111323400 allocated by thread T4:
    #0 calloc <null> (libclang_rt.tsan_osx_dynamic.dylib:arm64e+0x67c40)
    #1 Standard::Allocate(unsigned long) Standard.cxx:386 (occt_1157_stress_before:arm64+0x1008bed34)
    #2 Interface_Static::Init(char const*, char const*, Interface_ParamType, char const*) Interface_Static.cxx:180 (occt_1157_stress_before:arm64+0x10133e444)
    #3 Interface_Static::Init(char const*, char const*, char, char const*) Interface_Static.cxx:275 (occt_1157_stress_before:arm64+0x10133eb34)
    #4 IGESData::Init() IGESData.cxx:60 (occt_1157_stress_before:arm64+0x1000bed24)
    #5 IGESBasic::Init() IGESBasic.cxx:31 (occt_1157_stress_before:arm64+0x1001038bc)
    #6 IGESGeom::Init() IGESGeom.cxx:32 (occt_1157_stress_before:arm64+0x100140910)
    #7 IGESSolid::Init() IGESSolid.cxx:32 (occt_1157_stress_before:arm64+0x100217fac)
    #8 IGESControl_Controller::IGESControl_Controller(bool) IGESControl_Controller.cxx:79 (occt_1157_stress_before:arm64+0x10037b228)
    #9 IGESControl_Controller::Init() IGESControl_Controller.cxx:364 (occt_1157_stress_before:arm64+0x100380778)
    #10 IGESControl_Writer::IGESControl_Writer(char const*, int) IGESControl_Writer.cxx:73 (occt_1157_stress_before:arm64+0x10038b760)
    #11 IGESControl_Writer::IGESControl_Writer(char const*, int) IGESControl_Writer.cxx:72 (occt_1157_stress_before:arm64+0x10038b928)
    #12 runIgesWriteIndependent(int, int) occt_1157_stress.cpp:160 (occt_1157_stress_before:arm64+0x100001b64)
    #13 void* std::__1::__thread_proxy[abi:nqe210106]<std::__1::tuple<std::__1::unique_ptr<std::__1::__thread_struct, std::__1::default_delete<std::__1::__thread_struct>>, void (*)(int, int), int, int>>(void*) thread.h:168 (occt_1157_stress_before:arm64+0x100006494)

  Thread T2 (tid=360573, running) created by main thread at:
    #0 pthread_create <null> (libclang_rt.tsan_osx_dynamic.dylib:arm64e+0x33834)
    #1 std::__1::thread::thread[abi:nqe210106]<void (*&)(int, int), int&, int&, 0>(void (*&)(int, int), int&, int&) thread.h:216 (occt_1157_stress_before:arm64+0x10000635c)
    #2 std::__1::thread* std::__1::vector<std::__1::thread, std::__1::allocator<std::__1::thread>>::__emplace_back_slow_path<void (*&)(int, int), int&, int&>(void (*&)(int, int), int&, int&) vector.h:1130 (occt_1157_stress_before:arm64+0x100006118)
    #3 runOne(char const*, int, int) occt_1157_stress.cpp:343 (occt_1157_stress_before:arm64+0x1000039d8)
    #4 main occt_1157_stress.cpp:380 (occt_1157_stress_before:arm64+0x100002e08)

  Thread T4 (tid=360575, running) created by main thread at:
    #0 pthread_create <null> (libclang_rt.tsan_osx_dynamic.dylib:arm64e+0x33834)
    #1 std::__1::thread::thread[abi:nqe210106]<void (*&)(int, int), int&, int&, 0>(void (*&)(int, int), int&, int&) thread.h:216 (occt_1157_stress_before:arm64+0x10000635c)
    #2 runOne(char const*, int, int) occt_1157_stress.cpp:343 (occt_1157_stress_before:arm64+0x1000039b0)
    #3 main occt_1157_stress.cpp:380 (occt_1157_stress_before:arm64+0x100002e08)

SUMMARY: ThreadSanitizer: data race MoniTool_TypedValue.cxx:545 in MoniTool_TypedValue::StartEnum(int, bool)
==================
WARNING: ThreadSanitizer: data race (pid=71650)
  Write of size 4 at 0x000111323450 by thread T3:
    #0 MoniTool_TypedValue::StartEnum(int, bool) MoniTool_TypedValue.cxx (occt_1157_stress_before:arm64+0x101405168)
    #1 Interface_Static::Init(char const*, char const*, char, char const*) Interface_Static.cxx (occt_1157_stress_before:arm64+0x10133edd8)
    #2 IGESData::Init() IGESData.cxx:61 (occt_1157_stress_before:arm64+0x1000bed44)
    #3 IGESBasic::Init() IGESBasic.cxx:31 (occt_1157_stress_before:arm64+0x1001038bc)
    #4 IGESGeom::Init() IGESGeom.cxx:32 (occt_1157_stress_before:arm64+0x100140910)
    #5 IGESSolid::Init() IGESSolid.cxx:32 (occt_1157_stress_before:arm64+0x100217fac)
    #6 IGESControl_Controller::IGESControl_Controller(bool) IGESControl_Controller.cxx:79 (occt_1157_stress_before:arm64+0x10037b228)
    #7 IGESControl_Controller::Init() IGESControl_Controller.cxx:364 (occt_1157_stress_before:arm64+0x100380778)
    #8 IGESControl_Writer::IGESControl_Writer(char const*, int) IGESControl_Writer.cxx:73 (occt_1157_stress_before:arm64+0x10038b760)
    #9 IGESControl_Writer::IGESControl_Writer(char const*, int) IGESControl_Writer.cxx:72 (occt_1157_stress_before:arm64+0x10038b928)
    #10 runIgesWriteIndependent(int, int) occt_1157_stress.cpp:160 (occt_1157_stress_before:arm64+0x100001b64)
    #11 void* std::__1::__thread_proxy[abi:nqe210106]<std::__1::tuple<std::__1::unique_ptr<std::__1::__thread_struct, std::__1::default_delete<std::__1::__thread_struct>>, void (*)(int, int), int, int>>(void*) thread.h:168 (occt_1157_stress_before:arm64+0x100006494)

  Previous write of size 4 at 0x000111323450 by thread T2:
    #0 MoniTool_TypedValue::StartEnum(int, bool) MoniTool_TypedValue.cxx (occt_1157_stress_before:arm64+0x101405168)
    #1 Interface_Static::Init(char const*, char const*, char, char const*) Interface_Static.cxx (occt_1157_stress_before:arm64+0x10133edd8)
    #2 IGESData::Init() IGESData.cxx:61 (occt_1157_stress_before:arm64+0x1000bed44)
    #3 IGESBasic::Init() IGESBasic.cxx:31 (occt_1157_stress_before:arm64+0x1001038bc)
    #4 IGESGeom::Init() IGESGeom.cxx:32 (occt_1157_stress_before:arm64+0x100140910)
    #5 IGESSolid::Init() IGESSolid.cxx:32 (occt_1157_stress_before:arm64+0x100217fac)
    #6 IGESControl_Controller::IGESControl_Controller(bool) IGESControl_Controller.cxx:79 (occt_1157_stress_before:arm64+0x10037b228)
    #7 IGESControl_Controller::Init() IGESControl_Controller.cxx:364 (occt_1157_stress_before:arm64+0x100380778)
    #8 IGESControl_Writer::IGESControl_Writer(char const*, int) IGESControl_Writer.cxx:73 (occt_1157_stress_before:arm64+0x10038b760)
    #9 IGESControl_Writer::IGESControl_Writer(char const*, int) IGESControl_Writer.cxx:72 (occt_1157_stress_before:arm64+0x10038b928)
    #10 runIgesWriteIndependent(int, int) occt_1157_stress.cpp:160 (occt_1157_stress_before:arm64+0x100001b64)
    #11 void* std::__1::__thread_proxy[abi:nqe210106]<std::__1::tuple<std::__1::unique_ptr<std::__1::__thread_struct, std::__1::default_delete<std::__1::__thread_struct>>, void (*)(int, int), int, int>>(void*) thread.h:168 (occt_1157_stress_before:arm64+0x100006494)

  Location is heap block of size 648 at 0x000111323400 allocated by thread T4:
    #0 calloc <null> (libclang_rt.tsan_osx_dynamic.dylib:arm64e+0x67c40)
    #1 Standard::Allocate(unsigned long) Standard.cxx:386 (occt_1157_stress_before:arm64+0x1008bed34)
    #2 Interface_Static::Init(char const*, char const*, Interface_ParamType, char const*) Interface_Static.cxx:180 (occt_1157_stress_before:arm64+0x10133e444)
    #3 Interface_Static::Init(char const*, char const*, char, char const*) Interface_Static.cxx:275 (occt_1157_stress_before:arm64+0x10133eb34)
    #4 IGESData::Init() IGESData.cxx:60 (occt_1157_stress_before:arm64+0x1000bed24)
    #5 IGESBasic::Init() IGESBasic.cxx:31 (occt_1157_stress_before:arm64+0x1001038bc)
    #6 IGESGeom::Init() IGESGeom.cxx:32 (occt_1157_stress_before:arm64+0x100140910)
    #7 IGESSolid::Init() IGESSolid.cxx:32 (occt_1157_stress_before:arm64+0x100217fac)
    #8 IGESControl_Controller::IGESControl_Controller(bool) IGESControl_Controller.cxx:79 (occt_1157_stress_before:arm64+0x10037b228)
    #9 IGESControl_Controller::Init() IGESControl_Controller.cxx:364 (occt_1157_stress_before:arm64+0x100380778)
    #10 IGESControl_Writer::IGESControl_Writer(char const*, int) IGESControl_Writer.cxx:73 (occt_1157_stress_before:arm64+0x10038b760)
    #11 IGESControl_Writer::IGESControl_Writer(char const*, int) IGESControl_Writer.cxx:72 (occt_1157_stress_before:arm64+0x10038b928)
    #12 runIgesWriteIndependent(int, int) occt_1157_stress.cpp:160 (occt_1157_stress_before:arm64+0x100001b64)
    #13 void* std::__1::__thread_proxy[abi:nqe210106]<std::__1::tuple<std::__1::unique_ptr<std::__1::__thread_struct, std::__1::default_delete<std::__1::__thread_struct>>, void (*)(int, int), int, int>>(void*) thread.h:168 (occt_1157_stress_before:arm64+0x100006494)

  Thread T3 (tid=360574, running) created by main thread at:
    #0 pthread_create <null> (libclang_rt.tsan_osx_dynamic.dylib:arm64e+0x33834)
    #1 std::__1::thread::thread[abi:nqe210106]<void (*&)(int, int), int&, int&, 0>(void (*&)(int, int), int&, int&) thread.h:216 (occt_1157_stress_before:arm64+0x10000635c)
    #2 std::__1::thread* std::__1::vector<std::__1::thread, std::__1::allocator<std::__1::thread>>::__emplace_back_slow_path<void (*&)(int, int), int&, int&>(void (*&)(int, int), int&, int&) vector.h:1130 (occt_1157_stress_before:arm64+0x100006118)
    #3 runOne(char const*, int, int) occt_1157_stress.cpp:343 (occt_1157_stress_before:arm64+0x1000039d8)
    #4 main occt_1157_stress.cpp:380 (occt_1157_stress_before:arm64+0x100002e08)

  Thread T2 (tid=360573, running) created by main thread at:
    #0 pthread_create <null> (libclang_rt.tsan_osx_dynamic.dylib:arm64e+0x33834)
    #1 std::__1::thread::thread[abi:nqe210106]<void (*&)(int, int), int&, int&, 0>(void (*&)(int, int), int&, int&) thread.h:216 (occt_1157_stress_before:arm64+0x10000635c)
    #2 std::__1::thread* std::__1::vector<std::__1::thread, std::__1::allocator<std::__1::thread>>::__emplace_back_slow_path<void (*&)(int, int), int&, int&>(void (*&)(int, int), int&, int&) vector.h:1130 (occt_1157_stress_before:arm64+0x100006118)
    #3 runOne(char const*, int, int) occt_1157_stress.cpp:343 (occt_1157_stress_before:arm64+0x1000039d8)
    #4 main occt_1157_stress.cpp:380 (occt_1157_stress_before:arm64+0x100002e08)

  Thread T4 (tid=360575, running) created by main thread at:
    #0 pthread_create <null> (libclang_rt.tsan_osx_dynamic.dylib:arm64e+0x33834)
    #1 std::__1::thread::thread[abi:nqe210106]<void (*&)(int, int), int&, int&, 0>(void (*&)(int, int), int&, int&) thread.h:216 (occt_1157_stress_before:arm64+0x10000635c)
    #2 runOne(char const*, int, int) occt_1157_stress.cpp:343 (occt_1157_stress_before:arm64+0x1000039b0)
    #3 main occt_1157_stress.cpp:380 (occt_1157_stress_before:arm64+0x100002e08)

SUMMARY: ThreadSanitizer: data race MoniTool_TypedValue.cxx in MoniTool_TypedValue::StartEnum(int, bool)
==================
WARNING: ThreadSanitizer: data race (pid=71650)
  Write of size 8 at 0x0001060dbef8 by thread T6:
    #0 std::__1::conditional<false, opencascade::handle<Standard_Transient>&, bool>::type NCollection_DataMap<TCollection_AsciiString, opencascade::handle<Standard_Transient>, NCollection_DefaultHasher<TCollection_AsciiString>>::emplaceImpl<TCollection_AsciiString, false, false, opencascade::handle<Standard_Transient> const&>(TCollection_AsciiString&&, std::__1::integral_constant<bool, false>, std::__1::integral_constant<bool, false>, opencascade::handle<Standard_Transient> const&) NCollection_DataMap.hxx:814 (occt_1157_stress_before:arm64+0x10083fe18)
    #1 Interface_Static::Init(char const*, char const*, Interface_ParamType, char const*) Interface_Static.cxx:183 (occt_1157_stress_before:arm64+0x10133e614)
    #2 Interface_Static::Init(char const*, char const*, char, char const*) Interface_Static.cxx:275 (occt_1157_stress_before:arm64+0x10133eb34)
    #3 Interface_Static::Standards() Interface_StaticStandards.cxx:39 (occt_1157_stress_before:arm64+0x101340b48)
    #4 XSControl_Controller::XSControl_Controller(char const*, char const*) XSControl_Controller.cxx:69 (occt_1157_stress_before:arm64+0x1013d512c)
    #5 IGESControl_Controller::IGESControl_Controller(bool) IGESControl_Controller.cxx:72 (occt_1157_stress_before:arm64+0x10037b1e8)
    #6 IGESControl_Controller::Init() IGESControl_Controller.cxx:364 (occt_1157_stress_before:arm64+0x100380778)
    #7 IGESControl_Writer::IGESControl_Writer(char const*, int) IGESControl_Writer.cxx:73 (occt_1157_stress_before:arm64+0x10038b760)
    #8 IGESControl_Writer::IGESControl_Writer(char const*, int) IGESControl_Writer.cxx:72 (occt_1157_stress_before:arm64+0x10038b928)
    #9 runIgesWriteIndependent(int, int) occt_1157_stress.cpp:160 (occt_1157_stress_before:arm64+0x100001b64)
    #10 void* std::__1::__thread_proxy[abi:nqe210106]<std::__1::tuple<std::__1::unique_ptr<std::__1::__thread_struct, std::__1::default_delete<std::__1::__thread_struct>>, void (*)(int, int), int, int>>(void*) thread.h:168 (occt_1157_stress_before:arm64+0x100006494)

  Previous write of size 8 at 0x0001060dbef8 by thread T4:
    #0 std::__1::conditional<false, opencascade::handle<Standard_Transient>&, bool>::type NCollection_DataMap<TCollection_AsciiString, opencascade::handle<Standard_Transient>, NCollection_DefaultHasher<TCollection_AsciiString>>::emplaceImpl<TCollection_AsciiString, false, false, opencascade::handle<Standard_Transient> const&>(TCollection_AsciiString&&, std::__1::integral_constant<bool, false>, std::__1::integral_constant<bool, false>, opencascade::handle<Standard_Transient> const&) NCollection_DataMap.hxx:814 (occt_1157_stress_before:arm64+0x10083fe18)
    #1 Interface_Static::Init(char const*, char const*, Interface_ParamType, char const*) Interface_Static.cxx:183 (occt_1157_stress_before:arm64+0x10133e614)
    #2 Interface_Static::Init(char const*, char const*, char, char const*) Interface_Static.cxx:275 (occt_1157_stress_before:arm64+0x10133eb34)
    #3 IGESData::Init() IGESData.cxx:114 (occt_1157_stress_before:arm64+0x1000bf2a4)
    #4 IGESBasic::Init() IGESBasic.cxx:31 (occt_1157_stress_before:arm64+0x1001038bc)
    #5 IGESGeom::Init() IGESGeom.cxx:32 (occt_1157_stress_before:arm64+0x100140910)
    #6 IGESSolid::Init() IGESSolid.cxx:32 (occt_1157_stress_before:arm64+0x100217fac)
    #7 IGESControl_Controller::IGESControl_Controller(bool) IGESControl_Controller.cxx:79 (occt_1157_stress_before:arm64+0x10037b228)
    #8 IGESControl_Controller::Init() IGESControl_Controller.cxx:364 (occt_1157_stress_before:arm64+0x100380778)
    #9 IGESControl_Writer::IGESControl_Writer(char const*, int) IGESControl_Writer.cxx:73 (occt_1157_stress_before:arm64+0x10038b760)
    #10 IGESControl_Writer::IGESControl_Writer(char const*, int) IGESControl_Writer.cxx:72 (occt_1157_stress_before:arm64+0x10038b928)
    #11 runIgesWriteIndependent(int, int) occt_1157_stress.cpp:160 (occt_1157_stress_before:arm64+0x100001b64)
    #12 void* std::__1::__thread_proxy[abi:nqe210106]<std::__1::tuple<std::__1::unique_ptr<std::__1::__thread_struct, std::__1::default_delete<std::__1::__thread_struct>>, void (*)(int, int), int, int>>(void*) thread.h:168 (occt_1157_stress_before:arm64+0x100006494)

  Location is global 'astats' at 0x0001060dbed0 (occt_1157_stress_before+0x101cb3ef8)

  Thread T6 (tid=360577, running) created by main thread at:
    #0 pthread_create <null> (libclang_rt.tsan_osx_dynamic.dylib:arm64e+0x33834)
    #1 std::__1::thread::thread[abi:nqe210106]<void (*&)(int, int), int&, int&, 0>(void (*&)(int, int), int&, int&) thread.h:216 (occt_1157_stress_before:arm64+0x10000635c)
    #2 runOne(char const*, int, int) occt_1157_stress.cpp:343 (occt_1157_stress_before:arm64+0x1000039b0)
    #3 main occt_1157_stress.cpp:380 (occt_1157_stress_before:arm64+0x100002e08)

  Thread T4 (tid=360575, running) created by main thread at:
    #0 pthread_create <null> (libclang_rt.tsan_osx_dynamic.dylib:arm64e+0x33834)
    #1 std::__1::thread::thread[abi:nqe210106]<void (*&)(int, int), int&, int&, 0>(void (*&)(int, int), int&, int&) thread.h:216 (occt_1157_stress_before:arm64+0x10000635c)
    #2 runOne(char const*, int, int) occt_1157_stress.cpp:343 (occt_1157_stress_before:arm64+0x1000039b0)
    #3 main occt_1157_stress.cpp:380 (occt_1157_stress_before:arm64+0x100002e08)

SUMMARY: ThreadSanitizer: data race NCollection_DataMap.hxx:814 in std::__1::conditional<false, opencascade::handle<Standard_Transient>&, bool>::type NCollection_DataMap<TCollection_AsciiString, opencascade::handle<Standard_Transient>, NCollection_DefaultHasher<TCollection_AsciiString>>::emplaceImpl<TCollection_AsciiString, false, false, opencascade::handle<Standard_Transient> const&>(TCollection_AsciiString&&, std::__1::integral_constant<bool, false>, std::__1::integral_constant<bool, false>, opencascade::handle<Standard_Transient> const&)
==================
WARNING: ThreadSanitizer: data race (pid=71650)
  Write of size 4 at 0x00011132345c by thread T3:
    #0 MoniTool_TypedValue::StartEnum(int, bool) MoniTool_TypedValue.cxx:546 (occt_1157_stress_before:arm64+0x101405184)
    #1 Interface_Static::Init(char const*, char const*, char, char const*) Interface_Static.cxx (occt_1157_stress_before:arm64+0x10133edd8)
    #2 IGESData::Init() IGESData.cxx:61 (occt_1157_stress_before:arm64+0x1000bed44)
    #3 IGESBasic::Init() IGESBasic.cxx:31 (occt_1157_stress_before:arm64+0x1001038bc)
    #4 IGESGeom::Init() IGESGeom.cxx:32 (occt_1157_stress_before:arm64+0x100140910)
    #5 IGESSolid::Init() IGESSolid.cxx:32 (occt_1157_stress_before:arm64+0x100217fac)
    #6 IGESControl_Controller::IGESControl_Controller(bool) IGESControl_Controller.cxx:79 (occt_1157_stress_before:arm64+0x10037b228)
    #7 IGESControl_Controller::Init() IGESControl_Controller.cxx:364 (occt_1157_stress_before:arm64+0x100380778)
    #8 IGESControl_Writer::IGESControl_Writer(char const*, int) IGESControl_Writer.cxx:73 (occt_1157_stress_before:arm64+0x10038b760)
    #9 IGESControl_Writer::IGESControl_Writer(char const*, int) IGESControl_Writer.cxx:72 (occt_1157_stress_before:arm64+0x10038b928)
    #10 runIgesWriteIndependent(int, int) occt_1157_stress.cpp:160 (occt_1157_stress_before:arm64+0x100001b64)
    #11 void* std::__1::__thread_proxy[abi:nqe210106]<std::__1::tuple<std::__1::unique_ptr<std::__1::__thread_struct, std::__1::default_delete<std::__1::__thread_struct>>, void (*)(int, int), int, int>>(void*) thread.h:168 (occt_1157_stress_before:arm64+0x100006494)

  Previous write of size 4 at 0x00011132345c by thread T2:
    #0 MoniTool_TypedValue::StartEnum(int, bool) MoniTool_TypedValue.cxx:546 (occt_1157_stress_before:arm64+0x101405184)
    #1 Interface_Static::Init(char const*, char const*, char, char const*) Interface_Static.cxx (occt_1157_stress_before:arm64+0x10133edd8)
    #2 IGESData::Init() IGESData.cxx:61 (occt_1157_stress_before:arm64+0x1000bed44)
    #3 IGESBasic::Init() IGESBasic.cxx:31 (occt_1157_stress_before:arm64+0x1001038bc)
    #4 IGESGeom::Init() IGESGeom.cxx:32 (occt_1157_stress_before:arm64+0x100140910)
    #5 IGESSolid::Init() IGESSolid.cxx:32 (occt_1157_stress_before:arm64+0x100217fac)
    #6 IGESControl_Controller::IGESControl_Controller(bool) IGESControl_Controller.cxx:79 (occt_1157_stress_before:arm64+0x10037b228)
    #7 IGESControl_Controller::Init() IGESControl_Controller.cxx:364 (occt_1157_stress_before:arm64+0x100380778)
    #8 IGESControl_Writer::IGESControl_Writer(char const*, int) IGESControl_Writer.cxx:73 (occt_1157_stress_before:arm64+0x10038b760)
    #9 IGESControl_Writer::IGESControl_Writer(char const*, int) IGESControl_Writer.cxx:72 (occt_1157_stress_before:arm64+0x10038b928)
    #10 runIgesWriteIndependent(int, int) occt_1157_stress.cpp:160 (occt_1157_stress_before:arm64+0x100001b64)
    #11 void* std::__1::__thread_proxy[abi:nqe210106]<std::__1::tuple<std::__1::unique_ptr<std::__1::__thread_struct, std::__1::default_delete<std::__1::__thread_struct>>, void (*)(int, int), int, int>>(void*) thread.h:168 (occt_1157_stress_before:arm64+0x100006494)

  Location is heap block of size 648 at 0x000111323400 allocated by thread T4:
    #0 calloc <null> (libclang_rt.tsan_osx_dynamic.dylib:arm64e+0x67c40)
    #1 Standard::Allocate(unsigned long) Standard.cxx:386 (occt_1157_stress_before:arm64+0x1008bed34)
    #2 Interface_Static::Init(char const*, char const*, Interface_ParamType, char const*) Interface_Static.cxx:180 (occt_1157_stress_before:arm64+0x10133e444)
    #3 Interface_Static::Init(char const*, char const*, char, char const*) Interface_Static.cxx:275 (occt_1157_stress_before:arm64+0x10133eb34)
    #4 IGESData::Init() IGESData.cxx:60 (occt_1157_stress_before:arm64+0x1000bed24)
    #5 IGESBasic::Init() IGESBasic.cxx:31 (occt_1157_stress_before:arm64+0x1001038bc)
    #6 IGESGeom::Init() IGESGeom.cxx:32 (occt_1157_stress_before:arm64+0x100140910)
    #7 IGESSolid::Init() IGESSolid.cxx:32 (occt_1157_stress_before:arm64+0x100217fac)
    #8 IGESControl_Controller::IGESControl_Controller(bool) IGESControl_Controller.cxx:79 (occt_1157_stress_before:arm64+0x10037b228)
    #9 IGESControl_Controller::Init() IGESControl_Controller.cxx:364 (occt_1157_stress_before:arm64+0x100380778)
    #10 IGESControl_Writer::IGESControl_Writer(char const*, int) IGESControl_Writer.cxx:73 (occt_1157_stress_before:arm64+0x10038b760)
    #11 IGESControl_Writer::IGESControl_Writer(char const*, int) IGESControl_Writer.cxx:72 (occt_1157_stress_before:arm64+0x10038b928)
    #12 runIgesWriteIndependent(int, int) occt_1157_stress.cpp:160 (occt_1157_stress_before:arm64+0x100001b64)
    #13 void* std::__1::__thread_proxy[abi:nqe210106]<std::__1::tuple<std::__1::unique_ptr<std::__1::__thread_struct, std::__1::default_delete<std::__1::__thread_struct>>, void (*)(int, int), int, int>>(void*) thread.h:168 (occt_1157_stress_before:arm64+0x100006494)

  Thread T3 (tid=360574, running) created by main thread at:
    #0 pthread_create <null> (libclang_rt.tsan_osx_dynamic.dylib:arm64e+0x33834)
    #1 std::__1::thread::thread[abi:nqe210106]<void (*&)(int, int), int&, int&, 0>(void (*&)(int, int), int&, int&) thread.h:216 (occt_1157_stress_before:arm64+0x10000635c)
    #2 std::__1::thread* std::__1::vector<std::__1::thread, std::__1::allocator<std::__1::thread>>::__emplace_back_slow_path<void (*&)(int, int), int&, int&>(void (*&)(int, int), int&, int&) vector.h:1130 (occt_1157_stress_before:arm64+0x100006118)
    #3 runOne(char const*, int, int) occt_1157_stress.cpp:343 (occt_1157_stress_before:arm64+0x1000039d8)
    #4 main occt_1157_stress.cpp:380 (occt_1157_stress_before:arm64+0x100002e08)

  Thread T2 (tid=360573, running) created by main thread at:
    #0 pthread_create <null> (libclang_rt.tsan_osx_dynamic.dylib:arm64e+0x33834)
    #1 std::__1::thread::thread[abi:nqe210106]<void (*&)(int, int), int&, int&, 0>(void (*&)(int, int), int&, int&) thread.h:216 (occt_1157_stress_before:arm64+0x10000635c)
    #2 std::__1::thread* std::__1::vector<std::__1::thread, std::__1::allocator<std::__1::thread>>::__emplace_back_slow_path<void (*&)(int, int), int&, int&>(void (*&)(int, int), int&, int&) vector.h:1130 (occt_1157_stress_before:arm64+0x100006118)
    #3 runOne(char const*, int, int) occt_1157_stress.cpp:343 (occt_1157_stress_before:arm64+0x1000039d8)
    #4 main occt_1157_stress.cpp:380 (occt_1157_stress_before:arm64+0x100002e08)

  Thread T4 (tid=360575, running) created by main thread at:
    #0 pthread_create <null> (libclang_rt.tsan_osx_dynamic.dylib:arm64e+0x33834)
    #1 std::__1::thread::thread[abi:nqe210106]<void (*&)(int, int), int&, int&, 0>(void (*&)(int, int), int&, int&) thread.h:216 (occt_1157_stress_before:arm64+0x10000635c)
    #2 runOne(char const*, int, int) occt_1157_stress.cpp:343 (occt_1157_stress_before:arm64+0x1000039b0)
    #3 main occt_1157_stress.cpp:380 (occt_1157_stress_before:arm64+0x100002e08)

SUMMARY: ThreadSanitizer: data race MoniTool_TypedValue.cxx:546 in MoniTool_TypedValue::StartEnum(int, bool)
==================
WARNING: ThreadSanitizer: data race (pid=71650)
  Read of size 8 at 0x000111323480 by thread T2:
    #0 MoniTool_TypedValue::AddEnum(char const*, char const*, char const*, char const*, char const*, char const*, char const*, char const*, char const*, char const*) MoniTool_TypedValue.cxx:564 (occt_1157_stress_before:arm64+0x101405254)
    #1 Interface_Static::Init(char const*, char const*, char, char const*) Interface_Static.cxx:264 (occt_1157_stress_before:arm64+0x10133edb8)
    #2 IGESData::Init() IGESData.cxx:62 (occt_1157_stress_before:arm64+0x1000bed64)
    #3 IGESBasic::Init() IGESBasic.cxx:31 (occt_1157_stress_before:arm64+0x1001038bc)
    #4 IGESGeom::Init() IGESGeom.cxx:32 (occt_1157_stress_before:arm64+0x100140910)
    #5 IGESSolid::Init() IGESSolid.cxx:32 (occt_1157_stress_before:arm64+0x100217fac)
    #6 IGESControl_Controller::IGESControl_Controller(bool) IGESControl_Controller.cxx:79 (occt_1157_stress_before:arm64+0x10037b228)
    #7 IGESControl_Controller::Init() IGESControl_Controller.cxx:364 (occt_1157_stress_before:arm64+0x100380778)
    #8 IGESControl_Writer::IGESControl_Writer(char const*, int) IGESControl_Writer.cxx:73 (occt_1157_stress_before:arm64+0x10038b760)
    #9 IGESControl_Writer::IGESControl_Writer(char const*, int) IGESControl_Writer.cxx:72 (occt_1157_stress_before:arm64+0x10038b928)
    #10 runIgesWriteIndependent(int, int) occt_1157_stress.cpp:160 (occt_1157_stress_before:arm64+0x100001b64)
    #11 void* std::__1::__thread_proxy[abi:nqe210106]<std::__1::tuple<std::__1::unique_ptr<std::__1::__thread_struct, std::__1::default_delete<std::__1::__thread_struct>>, void (*)(int, int), int, int>>(void*) thread.h:168 (occt_1157_stress_before:arm64+0x100006494)

  Previous write of size 8 at 0x000111323480 by thread T4:
    #0 MoniTool_TypedValue::AddEnum(char const*, char const*, char const*, char const*, char const*, char const*, char const*, char const*, char const*, char const*) MoniTool_TypedValue.cxx:566 (occt_1157_stress_before:arm64+0x101405644)
    #1 Interface_Static::Init(char const*, char const*, char, char const*) Interface_Static.cxx:264 (occt_1157_stress_before:arm64+0x10133edb8)
    #2 IGESData::Init() IGESData.cxx:62 (occt_1157_stress_before:arm64+0x1000bed64)
    #3 IGESBasic::Init() IGESBasic.cxx:31 (occt_1157_stress_before:arm64+0x1001038bc)
    #4 IGESGeom::Init() IGESGeom.cxx:32 (occt_1157_stress_before:arm64+0x100140910)
    #5 IGESSolid::Init() IGESSolid.cxx:32 (occt_1157_stress_before:arm64+0x100217fac)
    #6 IGESControl_Controller::IGESControl_Controller(bool) IGESControl_Controller.cxx:79 (occt_1157_stress_before:arm64+0x10037b228)
    #7 IGESControl_Controller::Init() IGESControl_Controller.cxx:364 (occt_1157_stress_before:arm64+0x100380778)
    #8 IGESControl_Writer::IGESControl_Writer(char const*, int) IGESControl_Writer.cxx:73 (occt_1157_stress_before:arm64+0x10038b760)
    #9 IGESControl_Writer::IGESControl_Writer(char const*, int) IGESControl_Writer.cxx:72 (occt_1157_stress_before:arm64+0x10038b928)
    #10 runIgesWriteIndependent(int, int) occt_1157_stress.cpp:160 (occt_1157_stress_before:arm64+0x100001b64)
    #11 void* std::__1::__thread_proxy[abi:nqe210106]<std::__1::tuple<std::__1::unique_ptr<std::__1::__thread_struct, std::__1::default_delete<std::__1::__thread_struct>>, void (*)(int, int), int, int>>(void*) thread.h:168 (occt_1157_stress_before:arm64+0x100006494)

  Location is heap block of size 648 at 0x000111323400 allocated by thread T4:
    #0 calloc <null> (libclang_rt.tsan_osx_dynamic.dylib:arm64e+0x67c40)
    #1 Standard::Allocate(unsigned long) Standard.cxx:386 (occt_1157_stress_before:arm64+0x1008bed34)
    #2 Interface_Static::Init(char const*, char const*, Interface_ParamType, char const*) Interface_Static.cxx:180 (occt_1157_stress_before:arm64+0x10133e444)
    #3 Interface_Static::Init(char const*, char const*, char, char const*) Interface_Static.cxx:275 (occt_1157_stress_before:arm64+0x10133eb34)
    #4 IGESData::Init() IGESData.cxx:60 (occt_1157_stress_before:arm64+0x1000bed24)
    #5 IGESBasic::Init() IGESBasic.cxx:31 (occt_1157_stress_before:arm64+0x1001038bc)
    #6 IGESGeom::Init() IGESGeom.cxx:32 (occt_1157_stress_before:arm64+0x100140910)
    #7 IGESSolid::Init() IGESSolid.cxx:32 (occt_1157_stress_before:arm64+0x100217fac)
    #8 IGESControl_Controller::IGESControl_Controller(bool) IGESControl_Controller.cxx:79 (occt_1157_stress_before:arm64+0x10037b228)
    #9 IGESControl_Controller::Init() IGESControl_Controller.cxx:364 (occt_1157_stress_before:arm64+0x100380778)
    #10 IGESControl_Writer::IGESControl_Writer(char const*, int) IGESControl_Writer.cxx:73 (occt_1157_stress_before:arm64+0x10038b760)
    #11 IGESControl_Writer::IGESControl_Writer(char const*, int) IGESControl_Writer.cxx:72 (occt_1157_stress_before:arm64+0x10038b928)
    #12 runIgesWriteIndependent(int, int) occt_1157_stress.cpp:160 (occt_1157_stress_before:arm64+0x100001b64)
    #13 void* std::__1::__thread_proxy[abi:nqe210106]<std::__1::tuple<std::__1::unique_ptr<std::__1::__thread_struct, std::__1::default_delete<std::__1::__thread_struct>>, void (*)(int, int), int, int>>(void*) thread.h:168 (occt_1157_stress_before:arm64+0x100006494)

  Thread T2 (tid=360573, running) created by main thread at:
    #0 pthread_create <null> (libclang_rt.tsan_osx_dynamic.dylib:arm64e+0x33834)
    #1 std::__1::thread::thread[abi:nqe210106]<void (*&)(int, int), int&, int&, 0>(void (*&)(int, int), int&, int&) thread.h:216 (occt_1157_stress_before:arm64+0x10000635c)
    #2 std::__1::thread* std::__1::vector<std::__1::thread, std::__1::allocator<std::__1::thread>>::__emplace_back_slow_path<void (*&)(int, int), int&, int&>(void (*&)(int, int), int&, int&) vector.h:1130 (occt_1157_stress_before:arm64+0x100006118)
    #3 runOne(char const*, int, int) occt_1157_stress.cpp:343 (occt_1157_stress_before:arm64+0x1000039d8)
    #4 main occt_1157_stress.cpp:380 (occt_1157_stress_before:arm64+0x100002e08)

  Thread T4 (tid=360575, running) created by main thread at:
    #0 pthread_create <null> (libclang_rt.tsan_osx_dynamic.dylib:arm64e+0x33834)
    #1 std::__1::thread::thread[abi:nqe210106]<void (*&)(int, int), int&, int&, 0>(void (*&)(int, int), int&, int&) thread.h:216 (occt_1157_stress_before:arm64+0x10000635c)
    #2 runOne(char const*, int, int) occt_1157_stress.cpp:343 (occt_1157_stress_before:arm64+0x1000039b0)
    #3 main occt_1157_stress.cpp:380 (occt_1157_stress_before:arm64+0x100002e08)

SUMMARY: ThreadSanitizer: data race MoniTool_TypedValue.cxx:564 in MoniTool_TypedValue::AddEnum(char const*, char const*, char const*, char const*, char const*, char const*, char const*, char const*, char const*, char const*)
==================
WARNING: ThreadSanitizer: data race (pid=71650)
  Read of size 8 at 0x00010fc036d0 by thread T3:
    #0 MoniTool_TypedValue::AddEnum(char const*, char const*, char const*, char const*, char const*, char const*, char const*, char const*, char const*, char const*) MoniTool_TypedValue.cxx:568 (occt_1157_stress_before:arm64+0x101405274)
    #1 Interface_Static::Init(char const*, char const*, char, char const*) Interface_Static.cxx:264 (occt_1157_stress_before:arm64+0x10133edb8)
    #2 IGESData::Init() IGESData.cxx:62 (occt_1157_stress_before:arm64+0x1000bed64)
    #3 IGESBasic::Init() IGESBasic.cxx:31 (occt_1157_stress_before:arm64+0x1001038bc)
    #4 IGESGeom::Init() IGESGeom.cxx:32 (occt_1157_stress_before:arm64+0x100140910)
    #5 IGESSolid::Init() IGESSolid.cxx:32 (occt_1157_stress_before:arm64+0x100217fac)
    #6 IGESControl_Controller::IGESControl_Controller(bool) IGESControl_Controller.cxx:79 (occt_1157_stress_before:arm64+0x10037b228)
    #7 IGESControl_Controller::Init() IGESControl_Controller.cxx:364 (occt_1157_stress_before:arm64+0x100380778)
    #8 IGESControl_Writer::IGESControl_Writer(char const*, int) IGESControl_Writer.cxx:73 (occt_1157_stress_before:arm64+0x10038b760)
    #9 IGESControl_Writer::IGESControl_Writer(char const*, int) IGESControl_Writer.cxx:72 (occt_1157_stress_before:arm64+0x10038b928)
    #10 runIgesWriteIndependent(int, int) occt_1157_stress.cpp:160 (occt_1157_stress_before:arm64+0x100001b64)
    #11 void* std::__1::__thread_proxy[abi:nqe210106]<std::__1::tuple<std::__1::unique_ptr<std::__1::__thread_struct, std::__1::default_delete<std::__1::__thread_struct>>, void (*)(int, int), int, int>>(void*) thread.h:168 (occt_1157_stress_before:arm64+0x100006494)

  Previous write of size 8 at 0x00010fc036d0 by thread T4:
    #0 MoniTool_TypedValue::AddEnum(char const*, char const*, char const*, char const*, char const*, char const*, char const*, char const*, char const*, char const*) MoniTool_TypedValue.cxx:566 (occt_1157_stress_before:arm64+0x10140550c)
    #1 Interface_Static::Init(char const*, char const*, char, char const*) Interface_Static.cxx:264 (occt_1157_stress_before:arm64+0x10133edb8)
    #2 IGESData::Init() IGESData.cxx:62 (occt_1157_stress_before:arm64+0x1000bed64)
    #3 IGESBasic::Init() IGESBasic.cxx:31 (occt_1157_stress_before:arm64+0x1001038bc)
    #4 IGESGeom::Init() IGESGeom.cxx:32 (occt_1157_stress_before:arm64+0x100140910)
    #5 IGESSolid::Init() IGESSolid.cxx:32 (occt_1157_stress_before:arm64+0x100217fac)
    #6 IGESControl_Controller::IGESControl_Controller(bool) IGESControl_Controller.cxx:79 (occt_1157_stress_before:arm64+0x10037b228)
    #7 IGESControl_Controller::Init() IGESControl_Controller.cxx:364 (occt_1157_stress_before:arm64+0x100380778)
    #8 IGESControl_Writer::IGESControl_Writer(char const*, int) IGESControl_Writer.cxx:73 (occt_1157_stress_before:arm64+0x10038b760)
    #9 IGESControl_Writer::IGESControl_Writer(char const*, int) IGESControl_Writer.cxx:72 (occt_1157_stress_before:arm64+0x10038b928)
    #10 runIgesWriteIndependent(int, int) occt_1157_stress.cpp:160 (occt_1157_stress_before:arm64+0x100001b64)
    #11 void* std::__1::__thread_proxy[abi:nqe210106]<std::__1::tuple<std::__1::unique_ptr<std::__1::__thread_struct, std::__1::default_delete<std::__1::__thread_struct>>, void (*)(int, int), int, int>>(void*) thread.h:168 (occt_1157_stress_before:arm64+0x100006494)

  Location is heap block of size 56 at 0x00010fc036c0 allocated by thread T4:
    #0 calloc <null> (libclang_rt.tsan_osx_dynamic.dylib:arm64e+0x67c40)
    #1 Standard::Allocate(unsigned long) Standard.cxx:386 (occt_1157_stress_before:arm64+0x1008bed34)
    #2 MoniTool_TypedValue::AddEnum(char const*, char const*, char const*, char const*, char const*, char const*, char const*, char const*, char const*, char const*) MoniTool_TypedValue.cxx:566 (occt_1157_stress_before:arm64+0x1014054b4)
    #3 Interface_Static::Init(char const*, char const*, char, char const*) Interface_Static.cxx:264 (occt_1157_stress_before:arm64+0x10133edb8)
    #4 IGESData::Init() IGESData.cxx:62 (occt_1157_stress_before:arm64+0x1000bed64)
    #5 IGESBasic::Init() IGESBasic.cxx:31 (occt_1157_stress_before:arm64+0x1001038bc)
    #6 IGESGeom::Init() IGESGeom.cxx:32 (occt_1157_stress_before:arm64+0x100140910)
    #7 IGESSolid::Init() IGESSolid.cxx:32 (occt_1157_stress_before:arm64+0x100217fac)
    #8 IGESControl_Controller::IGESControl_Controller(bool) IGESControl_Controller.cxx:79 (occt_1157_stress_before:arm64+0x10037b228)
    #9 IGESControl_Controller::Init() IGESControl_Controller.cxx:364 (occt_1157_stress_before:arm64+0x100380778)
    #10 IGESControl_Writer::IGESControl_Writer(char const*, int) IGESControl_Writer.cxx:73 (occt_1157_stress_before:arm64+0x10038b760)
    #11 IGESControl_Writer::IGESControl_Writer(char const*, int) IGESControl_Writer.cxx:72 (occt_1157_stress_before:arm64+0x10038b928)
    #12 runIgesWriteIndependent(int, int) occt_1157_stress.cpp:160 (occt_1157_stress_before:arm64+0x100001b64)
    #13 void* std::__1::__thread_proxy[abi:nqe210106]<std::__1::tuple<std::__1::unique_ptr<std::__1::__thread_struct, std::__1::default_delete<std::__1::__thread_struct>>, void (*)(int, int), int, int>>(void*) thread.h:168 (occt_1157_stress_before:arm64+0x100006494)

  Thread T3 (tid=360574, running) created by main thread at:
    #0 pthread_create <null> (libclang_rt.tsan_osx_dynamic.dylib:arm64e+0x33834)
    #1 std::__1::thread::thread[abi:nqe210106]<void (*&)(int, int), int&, int&, 0>(void (*&)(int, int), int&, int&) thread.h:216 (occt_1157_stress_before:arm64+0x10000635c)
    #2 std::__1::thread* std::__1::vector<std::__1::thread, std::__1::allocator<std::__1::thread>>::__emplace_back_slow_path<void (*&)(int, int), int&, int&>(void (*&)(int, int), int&, int&) vector.h:1130 (occt_1157_stress_before:arm64+0x100006118)
    #3 runOne(char const*, int, int) occt_1157_stress.cpp:343 (occt_1157_stress_before:arm64+0x1000039d8)
    #4 main occt_1157_stress.cpp:380 (occt_1157_stress_before:arm64+0x100002e08)

  Thread T4 (tid=360575, running) created by main thread at:
    #0 pthread_create <null> (libclang_rt.tsan_osx_dynamic.dylib:arm64e+0x33834)
    #1 std::__1::thread::thread[abi:nqe210106]<void (*&)(int, int), int&, int&, 0>(void (*&)(int, int), int&, int&) thread.h:216 (occt_1157_stress_before:arm64+0x10000635c)
    #2 runOne(char const*, int, int) occt_1157_stress.cpp:343 (occt_1157_stress_before:arm64+0x1000039b0)
    #3 main occt_1157_stress.cpp:380 (occt_1157_stress_before:arm64+0x100002e08)

SUMMARY: ThreadSanitizer: data race MoniTool_TypedValue.cxx:568 in MoniTool_TypedValue::AddEnum(char const*, char const*, char const*, char const*, char const*, char const*, char const*, char const*, char const*, char const*)
==================
WARNING: ThreadSanitizer: data race (pid=71650)
  Write of size 4 at 0x00011132345c by thread T2:
    #0 MoniTool_TypedValue::AddEnum(char const*, char const*, char const*, char const*, char const*, char const*, char const*, char const*, char const*, char const*) MoniTool_TypedValue.cxx:581 (occt_1157_stress_before:arm64+0x1014057ac)
    #1 Interface_Static::Init(char const*, char const*, char, char const*) Interface_Static.cxx:264 (occt_1157_stress_before:arm64+0x10133edb8)
    #2 IGESData::Init() IGESData.cxx:62 (occt_1157_stress_before:arm64+0x1000bed64)
    #3 IGESBasic::Init() IGESBasic.cxx:31 (occt_1157_stress_before:arm64+0x1001038bc)
    #4 IGESGeom::Init() IGESGeom.cxx:32 (occt_1157_stress_before:arm64+0x100140910)
    #5 IGESSolid::Init() IGESSolid.cxx:32 (occt_1157_stress_before:arm64+0x100217fac)
    #6 IGESControl_Controller::IGESControl_Controller(bool) IGESControl_Controller.cxx:79 (occt_1157_stress_before:arm64+0x10037b228)
    #7 IGESControl_Controller::Init() IGESControl_Controller.cxx:364 (occt_1157_stress_before:arm64+0x100380778)
    #8 IGESControl_Writer::IGESControl_Writer(char const*, int) IGESControl_Writer.cxx:73 (occt_1157_stress_before:arm64+0x10038b760)
    #9 IGESControl_Writer::IGESControl_Writer(char const*, int) IGESControl_Writer.cxx:72 (occt_1157_stress_before:arm64+0x10038b928)
    #10 runIgesWriteIndependent(int, int) occt_1157_stress.cpp:160 (occt_1157_stress_before:arm64+0x100001b64)
    #11 void* std::__1::__thread_proxy[abi:nqe210106]<std::__1::tuple<std::__1::unique_ptr<std::__1::__thread_struct, std::__1::default_delete<std::__1::__thread_struct>>, void (*)(int, int), int, int>>(void*) thread.h:168 (occt_1157_stress_before:arm64+0x100006494)

  Previous write of size 4 at 0x00011132345c by thread T8:
    #0 MoniTool_TypedValue::StartEnum(int, bool) MoniTool_TypedValue.cxx:546 (occt_1157_stress_before:arm64+0x101405184)
    #1 Interface_Static::Init(char const*, char const*, char, char const*) Interface_Static.cxx (occt_1157_stress_before:arm64+0x10133edd8)
    #2 IGESData::Init() IGESData.cxx:61 (occt_1157_stress_before:arm64+0x1000bed44)
    #3 IGESBasic::Init() IGESBasic.cxx:31 (occt_1157_stress_before:arm64+0x1001038bc)
    #4 IGESGeom::Init() IGESGeom.cxx:32 (occt_1157_stress_before:arm64+0x100140910)
    #5 IGESSolid::Init() IGESSolid.cxx:32 (occt_1157_stress_before:arm64+0x100217fac)
    #6 IGESControl_Controller::IGESControl_Controller(bool) IGESControl_Controller.cxx:79 (occt_1157_stress_before:arm64+0x10037b228)
    #7 IGESControl_Controller::Init() IGESControl_Controller.cxx:364 (occt_1157_stress_before:arm64+0x100380778)
    #8 IGESControl_Writer::IGESControl_Writer(char const*, int) IGESControl_Writer.cxx:73 (occt_1157_stress_before:arm64+0x10038b760)
    #9 IGESControl_Writer::IGESControl_Writer(char const*, int) IGESControl_Writer.cxx:72 (occt_1157_stress_before:arm64+0x10038b928)
    #10 runIgesWriteIndependent(int, int) occt_1157_stress.cpp:160 (occt_1157_stress_before:arm64+0x100001b64)
    #11 void* std::__1::__thread_proxy[abi:nqe210106]<std::__1::tuple<std::__1::unique_ptr<std::__1::__thread_struct, std::__1::default_delete<std::__1::__thread_struct>>, void (*)(int, int), int, int>>(void*) thread.h:168 (occt_1157_stress_before:arm64+0x100006494)

  Location is heap block of size 648 at 0x000111323400 allocated by thread T4:
    #0 calloc <null> (libclang_rt.tsan_osx_dynamic.dylib:arm64e+0x67c40)
    #1 Standard::Allocate(unsigned long) Standard.cxx:386 (occt_1157_stress_before:arm64+0x1008bed34)
    #2 Interface_Static::Init(char const*, char const*, Interface_ParamType, char const*) Interface_Static.cxx:180 (occt_1157_stress_before:arm64+0x10133e444)
    #3 Interface_Static::Init(char const*, char const*, char, char const*) Interface_Static.cxx:275 (occt_1157_stress_before:arm64+0x10133eb34)
    #4 IGESData::Init() IGESData.cxx:60 (occt_1157_stress_before:arm64+0x1000bed24)
    #5 IGESBasic::Init() IGESBasic.cxx:31 (occt_1157_stress_before:arm64+0x1001038bc)
    #6 IGESGeom::Init() IGESGeom.cxx:32 (occt_1157_stress_before:arm64+0x100140910)
    #7 IGESSolid::Init() IGESSolid.cxx:32 (occt_1157_stress_before:arm64+0x100217fac)
    #8 IGESControl_Controller::IGESControl_Controller(bool) IGESControl_Controller.cxx:79 (occt_1157_stress_before:arm64+0x10037b228)
    #9 IGESControl_Controller::Init() IGESControl_Controller.cxx:364 (occt_1157_stress_before:arm64+0x100380778)
    #10 IGESControl_Writer::IGESControl_Writer(char const*, int) IGESControl_Writer.cxx:73 (occt_1157_stress_before:arm64+0x10038b760)
    #11 IGESControl_Writer::IGESControl_Writer(char const*, int) IGESControl_Writer.cxx:72 (occt_1157_stress_before:arm64+0x10038b928)
    #12 runIgesWriteIndependent(int, int) occt_1157_stress.cpp:160 (occt_1157_stress_before:arm64+0x100001b64)
    #13 void* std::__1::__thread_proxy[abi:nqe210106]<std::__1::tuple<std::__1::unique_ptr<std::__1::__thread_struct, std::__1::default_delete<std::__1::__thread_struct>>, void (*)(int, int), int, int>>(void*) thread.h:168 (occt_1157_stress_before:arm64+0x100006494)

  Thread T2 (tid=360573, running) created by main thread at:
    #0 pthread_create <null> (libclang_rt.tsan_osx_dynamic.dylib:arm64e+0x33834)
    #1 std::__1::thread::thread[abi:nqe210106]<void (*&)(int, int), int&, int&, 0>(void (*&)(int, int), int&, int&) thread.h:216 (occt_1157_stress_before:arm64+0x10000635c)
    #2 std::__1::thread* std::__1::vector<std::__1::thread, std::__1::allocator<std::__1::thread>>::__emplace_back_slow_path<void (*&)(int, int), int&, int&>(void (*&)(int, int), int&, int&) vector.h:1130 (occt_1157_stress_before:arm64+0x100006118)
    #3 runOne(char const*, int, int) occt_1157_stress.cpp:343 (occt_1157_stress_before:arm64+0x1000039d8)
    #4 main occt_1157_stress.cpp:380 (occt_1157_stress_before:arm64+0x100002e08)

  Thread T8 (tid=360579, running) created by main thread at:
    #0 pthread_create <null> (libclang_rt.tsan_osx_dynamic.dylib:arm64e+0x33834)
    #1 std::__1::thread::thread[abi:nqe210106]<void (*&)(int, int), int&, int&, 0>(void (*&)(int, int), int&, int&) thread.h:216 (occt_1157_stress_before:arm64+0x10000635c)
    #2 runOne(char const*, int, int) occt_1157_stress.cpp:343 (occt_1157_stress_before:arm64+0x1000039b0)
    #3 main occt_1157_stress.cpp:380 (occt_1157_stress_before:arm64+0x100002e08)

  Thread T4 (tid=360575, running) created by main thread at:
    #0 pthread_create <null> (libclang_rt.tsan_osx_dynamic.dylib:arm64e+0x33834)
    #1 std::__1::thread::thread[abi:nqe210106]<void (*&)(int, int), int&, int&, 0>(void (*&)(int, int), int&, int&) thread.h:216 (occt_1157_stress_before:arm64+0x10000635c)
    #2 runOne(char const*, int, int) occt_1157_stress.cpp:343 (occt_1157_stress_before:arm64+0x1000039b0)
    #3 main occt_1157_stress.cpp:380 (occt_1157_stress_before:arm64+0x100002e08)

SUMMARY: ThreadSanitizer: data race MoniTool_TypedValue.cxx:581 in MoniTool_TypedValue::AddEnum(char const*, char const*, char const*, char const*, char const*, char const*, char const*, char const*, char const*, char const*)
==================
WARNING: ThreadSanitizer: data race (pid=71650)
  Read of size 4 at 0x00010fc036c8 by thread T8:
    #0 MoniTool_TypedValue::AddEnum(char const*, char const*, char const*, char const*, char const*, char const*, char const*, char const*, char const*, char const*) MoniTool_TypedValue.cxx:568 (occt_1157_stress_before:arm64+0x101405264)
    #1 Interface_Static::Init(char const*, char const*, char, char const*) Interface_Static.cxx:264 (occt_1157_stress_before:arm64+0x10133edb8)
    #2 IGESData::Init() IGESData.cxx:62 (occt_1157_stress_before:arm64+0x1000bed64)
    #3 IGESBasic::Init() IGESBasic.cxx:31 (occt_1157_stress_before:arm64+0x1001038bc)
    #4 IGESGeom::Init() IGESGeom.cxx:32 (occt_1157_stress_before:arm64+0x100140910)
    #5 IGESSolid::Init() IGESSolid.cxx:32 (occt_1157_stress_before:arm64+0x100217fac)
    #6 IGESControl_Controller::IGESControl_Controller(bool) IGESControl_Controller.cxx:79 (occt_1157_stress_before:arm64+0x10037b228)
    #7 IGESControl_Controller::Init() IGESControl_Controller.cxx:364 (occt_1157_stress_before:arm64+0x100380778)
    #8 IGESControl_Writer::IGESControl_Writer(char const*, int) IGESControl_Writer.cxx:73 (occt_1157_stress_before:arm64+0x10038b760)
    #9 IGESControl_Writer::IGESControl_Writer(char const*, int) IGESControl_Writer.cxx:72 (occt_1157_stress_before:arm64+0x10038b928)
    #10 runIgesWriteIndependent(int, int) occt_1157_stress.cpp:160 (occt_1157_stress_before:arm64+0x100001b64)
    #11 void* std::__1::__thread_proxy[abi:nqe210106]<std::__1::tuple<std::__1::unique_ptr<std::__1::__thread_struct, std::__1::default_delete<std::__1::__thread_struct>>, void (*)(int, int), int, int>>(void*) thread.h:168 (occt_1157_stress_before:arm64+0x100006494)

  Previous write of size 4 at 0x00010fc036c8 by thread T4:
    #0 MoniTool_TypedValue::AddEnum(char const*, char const*, char const*, char const*, char const*, char const*, char const*, char const*, char const*, char const*) MoniTool_TypedValue.cxx:566 (occt_1157_stress_before:arm64+0x101405500)
    #1 Interface_Static::Init(char const*, char const*, char, char const*) Interface_Static.cxx:264 (occt_1157_stress_before:arm64+0x10133edb8)
    #2 IGESData::Init() IGESData.cxx:62 (occt_1157_stress_before:arm64+0x1000bed64)
    #3 IGESBasic::Init() IGESBasic.cxx:31 (occt_1157_stress_before:arm64+0x1001038bc)
    #4 IGESGeom::Init() IGESGeom.cxx:32 (occt_1157_stress_before:arm64+0x100140910)
    #5 IGESSolid::Init() IGESSolid.cxx:32 (occt_1157_stress_before:arm64+0x100217fac)
    #6 IGESControl_Controller::IGESControl_Controller(bool) IGESControl_Controller.cxx:79 (occt_1157_stress_before:arm64+0x10037b228)
    #7 IGESControl_Controller::Init() IGESControl_Controller.cxx:364 (occt_1157_stress_before:arm64+0x100380778)
    #8 IGESControl_Writer::IGESControl_Writer(char const*, int) IGESControl_Writer.cxx:73 (occt_1157_stress_before:arm64+0x10038b760)
    #9 IGESControl_Writer::IGESControl_Writer(char const*, int) IGESControl_Writer.cxx:72 (occt_1157_stress_before:arm64+0x10038b928)
    #10 runIgesWriteIndependent(int, int) occt_1157_stress.cpp:160 (occt_1157_stress_before:arm64+0x100001b64)
    #11 void* std::__1::__thread_proxy[abi:nqe210106]<std::__1::tuple<std::__1::unique_ptr<std::__1::__thread_struct, std::__1::default_delete<std::__1::__thread_struct>>, void (*)(int, int), int, int>>(void*) thread.h:168 (occt_1157_stress_before:arm64+0x100006494)

  Location is heap block of size 56 at 0x00010fc036c0 allocated by thread T4:
    #0 calloc <null> (libclang_rt.tsan_osx_dynamic.dylib:arm64e+0x67c40)
    #1 Standard::Allocate(unsigned long) Standard.cxx:386 (occt_1157_stress_before:arm64+0x1008bed34)
    #2 MoniTool_TypedValue::AddEnum(char const*, char const*, char const*, char const*, char const*, char const*, char const*, char const*, char const*, char const*) MoniTool_TypedValue.cxx:566 (occt_1157_stress_before:arm64+0x1014054b4)
    #3 Interface_Static::Init(char const*, char const*, char, char const*) Interface_Static.cxx:264 (occt_1157_stress_before:arm64+0x10133edb8)
    #4 IGESData::Init() IGESData.cxx:62 (occt_1157_stress_before:arm64+0x1000bed64)
    #5 IGESBasic::Init() IGESBasic.cxx:31 (occt_1157_stress_before:arm64+0x1001038bc)
    #6 IGESGeom::Init() IGESGeom.cxx:32 (occt_1157_stress_before:arm64+0x100140910)
    #7 IGESSolid::Init() IGESSolid.cxx:32 (occt_1157_stress_before:arm64+0x100217fac)
    #8 IGESControl_Controller::IGESControl_Controller(bool) IGESControl_Controller.cxx:79 (occt_1157_stress_before:arm64+0x10037b228)
    #9 IGESControl_Controller::Init() IGESControl_Controller.cxx:364 (occt_1157_stress_before:arm64+0x100380778)
    #10 IGESControl_Writer::IGESControl_Writer(char const*, int) IGESControl_Writer.cxx:73 (occt_1157_stress_before:arm64+0x10038b760)
    #11 IGESControl_Writer::IGESControl_Writer(char const*, int) IGESControl_Writer.cxx:72 (occt_1157_stress_before:arm64+0x10038b928)
    #12 runIgesWriteIndependent(int, int) occt_1157_stress.cpp:160 (occt_1157_stress_before:arm64+0x100001b64)
    #13 void* std::__1::__thread_proxy[abi:nqe210106]<std::__1::tuple<std::__1::unique_ptr<std::__1::__thread_struct, std::__1::default_delete<std::__1::__thread_struct>>, void (*)(int, int), int, int>>(void*) thread.h:168 (occt_1157_stress_before:arm64+0x100006494)

  Thread T8 (tid=360579, running) created by main thread at:
    #0 pthread_create <null> (libclang_rt.tsan_osx_dynamic.dylib:arm64e+0x33834)
    #1 std::__1::thread::thread[abi:nqe210106]<void (*&)(int, int), int&, int&, 0>(void (*&)(int, int), int&, int&) thread.h:216 (occt_1157_stress_before:arm64+0x10000635c)
    #2 runOne(char const*, int, int) occt_1157_stress.cpp:343 (occt_1157_stress_before:arm64+0x1000039b0)
    #3 main occt_1157_stress.cpp:380 (occt_1157_stress_before:arm64+0x100002e08)

  Thread T4 (tid=360575, running) created by main thread at:
    #0 pthread_create <null> (libclang_rt.tsan_osx_dynamic.dylib:arm64e+0x33834)
    #1 std::__1::thread::thread[abi:nqe210106]<void (*&)(int, int), int&, int&, 0>(void (*&)(int, int), int&, int&) thread.h:216 (occt_1157_stress_before:arm64+0x10000635c)
    #2 runOne(char const*, int, int) occt_1157_stress.cpp:343 (occt_1157_stress_before:arm64+0x1000039b0)
    #3 main occt_1157_stress.cpp:380 (occt_1157_stress_before:arm64+0x100002e08)

SUMMARY: ThreadSanitizer: data race MoniTool_TypedValue.cxx:568 in MoniTool_TypedValue::AddEnum(char const*, char const*, char const*, char const*, char const*, char const*, char const*, char const*, char const*, char const*)
==================
WARNING: ThreadSanitizer: data race (pid=71650)
  Read of size 8 at 0x000111d36ca0 by thread T6:
    #0 Interface_Static::Init(char const*, char const*, Interface_ParamType, char const*) Interface_Static.cxx:164 (occt_1157_stress_before:arm64+0x10133e3dc)
    #1 Interface_Static::Init(char const*, char const*, char, char const*) Interface_Static.cxx:275 (occt_1157_stress_before:arm64+0x10133eb34)
    #2 Interface_Static::Standards() Interface_StaticStandards.cxx:51 (occt_1157_stress_before:arm64+0x101340c18)
    #3 XSControl_Controller::XSControl_Controller(char const*, char const*) XSControl_Controller.cxx:69 (occt_1157_stress_before:arm64+0x1013d512c)
    #4 IGESControl_Controller::IGESControl_Controller(bool) IGESControl_Controller.cxx:72 (occt_1157_stress_before:arm64+0x10037b1e8)
    #5 IGESControl_Controller::Init() IGESControl_Controller.cxx:364 (occt_1157_stress_before:arm64+0x100380778)
    #6 IGESControl_Writer::IGESControl_Writer(char const*, int) IGESControl_Writer.cxx:73 (occt_1157_stress_before:arm64+0x10038b760)
    #7 IGESControl_Writer::IGESControl_Writer(char const*, int) IGESControl_Writer.cxx:72 (occt_1157_stress_before:arm64+0x10038b928)
    #8 runIgesWriteIndependent(int, int) occt_1157_stress.cpp:160 (occt_1157_stress_before:arm64+0x100001b64)
    #9 void* std::__1::__thread_proxy[abi:nqe210106]<std::__1::tuple<std::__1::unique_ptr<std::__1::__thread_struct, std::__1::default_delete<std::__1::__thread_struct>>, void (*)(int, int), int, int>>(void*) thread.h:168 (occt_1157_stress_before:arm64+0x100006494)

  Previous write of size 8 at 0x000111d36ca0 by thread T4:
    #0 std::__1::conditional<false, opencascade::handle<Standard_Transient>&, bool>::type NCollection_DataMap<TCollection_AsciiString, opencascade::handle<Standard_Transient>, NCollection_DefaultHasher<TCollection_AsciiString>>::emplaceImpl<TCollection_AsciiString, false, false, opencascade::handle<Standard_Transient> const&>(TCollection_AsciiString&&, std::__1::integral_constant<bool, false>, std::__1::integral_constant<bool, false>, opencascade::handle<Standard_Transient> const&) NCollection_DataMap.hxx:810 (occt_1157_stress_before:arm64+0x10083fe04)
    #1 Interface_Static::Init(char const*, char const*, Interface_ParamType, char const*) Interface_Static.cxx:183 (occt_1157_stress_before:arm64+0x10133e614)
    #2 Interface_Static::Init(char const*, char const*, char, char const*) Interface_Static.cxx:275 (occt_1157_stress_before:arm64+0x10133eb34)
    #3 IGESData::Init() IGESData.cxx:111 (occt_1157_stress_before:arm64+0x1000bf244)
    #4 IGESBasic::Init() IGESBasic.cxx:31 (occt_1157_stress_before:arm64+0x1001038bc)
    #5 IGESGeom::Init() IGESGeom.cxx:32 (occt_1157_stress_before:arm64+0x100140910)
    #6 IGESSolid::Init() IGESSolid.cxx:32 (occt_1157_stress_before:arm64+0x100217fac)
    #7 IGESControl_Controller::IGESControl_Controller(bool) IGESControl_Controller.cxx:79 (occt_1157_stress_before:arm64+0x10037b228)
    #8 IGESControl_Controller::Init() IGESControl_Controller.cxx:364 (occt_1157_stress_before:arm64+0x100380778)
    #9 IGESControl_Writer::IGESControl_Writer(char const*, int) IGESControl_Writer.cxx:73 (occt_1157_stress_before:arm64+0x10038b760)
    #10 IGESControl_Writer::IGESControl_Writer(char const*, int) IGESControl_Writer.cxx:72 (occt_1157_stress_before:arm64+0x10038b928)
    #11 runIgesWriteIndependent(int, int) occt_1157_stress.cpp:160 (occt_1157_stress_before:arm64+0x100001b64)
    #12 void* std::__1::__thread_proxy[abi:nqe210106]<std::__1::tuple<std::__1::unique_ptr<std::__1::__thread_struct, std::__1::default_delete<std::__1::__thread_struct>>, void (*)(int, int), int, int>>(void*) thread.h:168 (occt_1157_stress_before:arm64+0x100006494)

  Location is heap block of size 816 at 0x000111d36b00 allocated by thread T6:
    #0 calloc <null> (libclang_rt.tsan_osx_dynamic.dylib:arm64e+0x67c40)
    #1 Standard::Allocate(unsigned long) Standard.cxx:386 (occt_1157_stress_before:arm64+0x1008bed34)
    #2 NCollection_BaseMap::BeginResize(unsigned long, unsigned long&, NCollection_ListNode**&, NCollection_ListNode**&) const NCollection_BaseMap.cxx:42 (occt_1157_stress_before:arm64+0x1008df8cc)
    #3 NCollection_DataMap<TCollection_AsciiString, opencascade::handle<Standard_Transient>, NCollection_DefaultHasher<TCollection_AsciiString>>::ReSize(unsigned long) NCollection_DataMap.hxx:365 (occt_1157_stress_before:arm64+0x100840088)
    #4 std::__1::conditional<false, opencascade::handle<Standard_Transient>&, bool>::type NCollection_DataMap<TCollection_AsciiString, opencascade::handle<Standard_Transient>, NCollection_DefaultHasher<TCollection_AsciiString>>::emplaceImpl<TCollection_AsciiString, false, false, opencascade::handle<Standard_Transient> const&>(TCollection_AsciiString&&, std::__1::integral_constant<bool, false>, std::__1::integral_constant<bool, false>, opencascade::handle<Standard_Transient> const&) NCollection_DataMap.hxx:795 (occt_1157_stress_before:arm64+0x10083fcbc)
    #5 Interface_Static::Init(char const*, char const*, Interface_ParamType, char const*) Interface_Static.cxx:183 (occt_1157_stress_before:arm64+0x10133e614)
    #6 Interface_Static::Init(char const*, char const*, char, char const*) Interface_Static.cxx:275 (occt_1157_stress_before:arm64+0x10133eb34)
    #7 Interface_Static::Standards() Interface_StaticStandards.cxx:33 (occt_1157_stress_before:arm64+0x101340ab8)
    #8 XSControl_Controller::XSControl_Controller(char const*, char const*) XSControl_Controller.cxx:69 (occt_1157_stress_before:arm64+0x1013d512c)
    #9 IGESControl_Controller::IGESControl_Controller(bool) IGESControl_Controller.cxx:72 (occt_1157_stress_before:arm64+0x10037b1e8)
    #10 IGESControl_Controller::Init() IGESControl_Controller.cxx:364 (occt_1157_stress_before:arm64+0x100380778)
    #11 IGESControl_Writer::IGESControl_Writer(char const*, int) IGESControl_Writer.cxx:73 (occt_1157_stress_before:arm64+0x10038b760)
    #12 IGESControl_Writer::IGESControl_Writer(char const*, int) IGESControl_Writer.cxx:72 (occt_1157_stress_before:arm64+0x10038b928)
    #13 runIgesWriteIndependent(int, int) occt_1157_stress.cpp:160 (occt_1157_stress_before:arm64+0x100001b64)
    #14 void* std::__1::__thread_proxy[abi:nqe210106]<std::__1::tuple<std::__1::unique_ptr<std::__1::__thread_struct, std::__1::default_delete<std::__1::__thread_struct>>, void (*)(int, int), int, int>>(void*) thread.h:168 (occt_1157_stress_before:arm64+0x100006494)

  Thread T6 (tid=360577, running) created by main thread at:
    #0 pthread_create <null> (libclang_rt.tsan_osx_dynamic.dylib:arm64e+0x33834)
    #1 std::__1::thread::thread[abi:nqe210106]<void (*&)(int, int), int&, int&, 0>(void (*&)(int, int), int&, int&) thread.h:216 (occt_1157_stress_before:arm64+0x10000635c)
    #2 runOne(char const*, int, int) occt_1157_stress.cpp:343 (occt_1157_stress_before:arm64+0x1000039b0)
    #3 main occt_1157_stress.cpp:380 (occt_1157_stress_before:arm64+0x100002e08)

  Thread T4 (tid=360575, running) created by main thread at:
    #0 pthread_create <null> (libclang_rt.tsan_osx_dynamic.dylib:arm64e+0x33834)
    #1 std::__1::thread::thread[abi:nqe210106]<void (*&)(int, int), int&, int&, 0>(void (*&)(int, int), int&, int&) thread.h:216 (occt_1157_stress_before:arm64+0x10000635c)
    #2 runOne(char const*, int, int) occt_1157_stress.cpp:343 (occt_1157_stress_before:arm64+0x1000039b0)
    #3 main occt_1157_stress.cpp:380 (occt_1157_stress_before:arm64+0x100002e08)

SUMMARY: ThreadSanitizer: data race Interface_Static.cxx:164 in Interface_Static::Init(char const*, char const*, Interface_ParamType, char const*)
==================
WARNING: ThreadSanitizer: data race (pid=71650)
  Write of size 4 at 0x00011132345c by thread T8:
    #0 MoniTool_TypedValue::AddEnum(char const*, char const*, char const*, char const*, char const*, char const*, char const*, char const*, char const*, char const*) MoniTool_TypedValue.cxx:581 (occt_1157_stress_before:arm64+0x1014057ac)
    #1 Interface_Static::Init(char const*, char const*, char, char const*) Interface_Static.cxx:264 (occt_1157_stress_before:arm64+0x10133edb8)
    #2 IGESData::Init() IGESData.cxx:62 (occt_1157_stress_before:arm64+0x1000bed64)
    #3 IGESBasic::Init() IGESBasic.cxx:31 (occt_1157_stress_before:arm64+0x1001038bc)
    #4 IGESGeom::Init() IGESGeom.cxx:32 (occt_1157_stress_before:arm64+0x100140910)
    #5 IGESSolid::Init() IGESSolid.cxx:32 (occt_1157_stress_before:arm64+0x100217fac)
    #6 IGESControl_Controller::IGESControl_Controller(bool) IGESControl_Controller.cxx:79 (occt_1157_stress_before:arm64+0x10037b228)
    #7 IGESControl_Controller::Init() IGESControl_Controller.cxx:364 (occt_1157_stress_before:arm64+0x100380778)
    #8 IGESControl_Writer::IGESControl_Writer(char const*, int) IGESControl_Writer.cxx:73 (occt_1157_stress_before:arm64+0x10038b760)
    #9 IGESControl_Writer::IGESControl_Writer(char const*, int) IGESControl_Writer.cxx:72 (occt_1157_stress_before:arm64+0x10038b928)
    #10 runIgesWriteIndependent(int, int) occt_1157_stress.cpp:160 (occt_1157_stress_before:arm64+0x100001b64)
    #11 void* std::__1::__thread_proxy[abi:nqe210106]<std::__1::tuple<std::__1::unique_ptr<std::__1::__thread_struct, std::__1::default_delete<std::__1::__thread_struct>>, void (*)(int, int), int, int>>(void*) thread.h:168 (occt_1157_stress_before:arm64+0x100006494)

  Previous write of size 4 at 0x00011132345c by thread T3:
    #0 MoniTool_TypedValue::AddEnum(char const*, char const*, char const*, char const*, char const*, char const*, char const*, char const*, char const*, char const*) MoniTool_TypedValue.cxx:581 (occt_1157_stress_before:arm64+0x1014057ac)
    #1 Interface_Static::Init(char const*, char const*, char, char const*) Interface_Static.cxx:264 (occt_1157_stress_before:arm64+0x10133edb8)
    #2 IGESData::Init() IGESData.cxx:62 (occt_1157_stress_before:arm64+0x1000bed64)
    #3 IGESBasic::Init() IGESBasic.cxx:31 (occt_1157_stress_before:arm64+0x1001038bc)
    #4 IGESGeom::Init() IGESGeom.cxx:32 (occt_1157_stress_before:arm64+0x100140910)
    #5 IGESSolid::Init() IGESSolid.cxx:32 (occt_1157_stress_before:arm64+0x100217fac)
    #6 IGESControl_Controller::IGESControl_Controller(bool) IGESControl_Controller.cxx:79 (occt_1157_stress_before:arm64+0x10037b228)
    #7 IGESControl_Controller::Init() IGESControl_Controller.cxx:364 (occt_1157_stress_before:arm64+0x100380778)
    #8 IGESControl_Writer::IGESControl_Writer(char const*, int) IGESControl_Writer.cxx:73 (occt_1157_stress_before:arm64+0x10038b760)
    #9 IGESControl_Writer::IGESControl_Writer(char const*, int) IGESControl_Writer.cxx:72 (occt_1157_stress_before:arm64+0x10038b928)
    #10 runIgesWriteIndependent(int, int) occt_1157_stress.cpp:160 (occt_1157_stress_before:arm64+0x100001b64)
    #11 void* std::__1::__thread_proxy[abi:nqe210106]<std::__1::tuple<std::__1::unique_ptr<std::__1::__thread_struct, std::__1::default_delete<std::__1::__thread_struct>>, void (*)(int, int), int, int>>(void*) thread.h:168 (occt_1157_stress_before:arm64+0x100006494)

  Location is heap block of size 648 at 0x000111323400 allocated by thread T4:
    #0 calloc <null> (libclang_rt.tsan_osx_dynamic.dylib:arm64e+0x67c40)
    #1 Standard::Allocate(unsigned long) Standard.cxx:386 (occt_1157_stress_before:arm64+0x1008bed34)
    #2 Interface_Static::Init(char const*, char const*, Interface_ParamType, char const*) Interface_Static.cxx:180 (occt_1157_stress_before:arm64+0x10133e444)
    #3 Interface_Static::Init(char const*, char const*, char, char const*) Interface_Static.cxx:275 (occt_1157_stress_before:arm64+0x10133eb34)
    #4 IGESData::Init() IGESData.cxx:60 (occt_1157_stress_before:arm64+0x1000bed24)
    #5 IGESBasic::Init() IGESBasic.cxx:31 (occt_1157_stress_before:arm64+0x1001038bc)
    #6 IGESGeom::Init() IGESGeom.cxx:32 (occt_1157_stress_before:arm64+0x100140910)
    #7 IGESSolid::Init() IGESSolid.cxx:32 (occt_1157_stress_before:arm64+0x100217fac)
    #8 IGESControl_Controller::IGESControl_Controller(bool) IGESControl_Controller.cxx:79 (occt_1157_stress_before:arm64+0x10037b228)
    #9 IGESControl_Controller::Init() IGESControl_Controller.cxx:364 (occt_1157_stress_before:arm64+0x100380778)
    #10 IGESControl_Writer::IGESControl_Writer(char const*, int) IGESControl_Writer.cxx:73 (occt_1157_stress_before:arm64+0x10038b760)
    #11 IGESControl_Writer::IGESControl_Writer(char const*, int) IGESControl_Writer.cxx:72 (occt_1157_stress_before:arm64+0x10038b928)
    #12 runIgesWriteIndependent(int, int) occt_1157_stress.cpp:160 (occt_1157_stress_before:arm64+0x100001b64)
    #13 void* std::__1::__thread_proxy[abi:nqe210106]<std::__1::tuple<std::__1::unique_ptr<std::__1::__thread_struct, std::__1::default_delete<std::__1::__thread_struct>>, void (*)(int, int), int, int>>(void*) thread.h:168 (occt_1157_stress_before:arm64+0x100006494)

  Thread T8 (tid=360579, running) created by main thread at:
    #0 pthread_create <null> (libclang_rt.tsan_osx_dynamic.dylib:arm64e+0x33834)
    #1 std::__1::thread::thread[abi:nqe210106]<void (*&)(int, int), int&, int&, 0>(void (*&)(int, int), int&, int&) thread.h:216 (occt_1157_stress_before:arm64+0x10000635c)
    #2 runOne(char const*, int, int) occt_1157_stress.cpp:343 (occt_1157_stress_before:arm64+0x1000039b0)
    #3 main occt_1157_stress.cpp:380 (occt_1157_stress_before:arm64+0x100002e08)

  Thread T3 (tid=360574, running) created by main thread at:
    #0 pthread_create <null> (libclang_rt.tsan_osx_dynamic.dylib:arm64e+0x33834)
    #1 std::__1::thread::thread[abi:nqe210106]<void (*&)(int, int), int&, int&, 0>(void (*&)(int, int), int&, int&) thread.h:216 (occt_1157_stress_before:arm64+0x10000635c)
    #2 std::__1::thread* std::__1::vector<std::__1::thread, std::__1::allocator<std::__1::thread>>::__emplace_back_slow_path<void (*&)(int, int), int&, int&>(void (*&)(int, int), int&, int&) vector.h:1130 (occt_1157_stress_before:arm64+0x100006118)
    #3 runOne(char const*, int, int) occt_1157_stress.cpp:343 (occt_1157_stress_before:arm64+0x1000039d8)
    #4 main occt_1157_stress.cpp:380 (occt_1157_stress_before:arm64+0x100002e08)

  Thread T4 (tid=360575, running) created by main thread at:
    #0 pthread_create <null> (libclang_rt.tsan_osx_dynamic.dylib:arm64e+0x33834)
    #1 std::__1::thread::thread[abi:nqe210106]<void (*&)(int, int), int&, int&, 0>(void (*&)(int, int), int&, int&) thread.h:216 (occt_1157_stress_before:arm64+0x10000635c)
    #2 runOne(char const*, int, int) occt_1157_stress.cpp:343 (occt_1157_stress_before:arm64+0x1000039b0)
    #3 main occt_1157_stress.cpp:380 (occt_1157_stress_before:arm64+0x100002e08)

SUMMARY: ThreadSanitizer: data race MoniTool_TypedValue.cxx:581 in MoniTool_TypedValue::AddEnum(char const*, char const*, char const*, char const*, char const*, char const*, char const*, char const*, char const*, char const*)
==================
WARNING: ThreadSanitizer: data race (pid=71650)
  Read of size 8 at 0x000110b05490 by thread T2:
    #0 TCollection_AsciiString::Move(TCollection_AsciiString&&) TCollection_AsciiString.cxx:557 (occt_1157_stress_before:arm64+0x1008d0134)
    #1 NCollection_Array1<TCollection_AsciiString>::SetValue(int, TCollection_AsciiString&&) NCollection_Array1.hxx:394 (occt_1157_stress_before:arm64+0x1014041d0)
    #2 MoniTool_TypedValue::AddEnum(char const*, char const*, char const*, char const*, char const*, char const*, char const*, char const*, char const*, char const*) MoniTool_TypedValue.cxx:582 (occt_1157_stress_before:arm64+0x1014057f0)
    #3 Interface_Static::Init(char const*, char const*, char, char const*) Interface_Static.cxx:264 (occt_1157_stress_before:arm64+0x10133edb8)
    #4 IGESData::Init() IGESData.cxx:62 (occt_1157_stress_before:arm64+0x1000bed64)
    #5 IGESBasic::Init() IGESBasic.cxx:31 (occt_1157_stress_before:arm64+0x1001038bc)
    #6 IGESGeom::Init() IGESGeom.cxx:32 (occt_1157_stress_before:arm64+0x100140910)
    #7 IGESSolid::Init() IGESSolid.cxx:32 (occt_1157_stress_before:arm64+0x100217fac)
    #8 IGESControl_Controller::IGESControl_Controller(bool) IGESControl_Controller.cxx:79 (occt_1157_stress_before:arm64+0x10037b228)
    #9 IGESControl_Controller::Init() IGESControl_Controller.cxx:364 (occt_1157_stress_before:arm64+0x100380778)
    #10 IGESControl_Writer::IGESControl_Writer(char const*, int) IGESControl_Writer.cxx:73 (occt_1157_stress_before:arm64+0x10038b760)
    #11 IGESControl_Writer::IGESControl_Writer(char const*, int) IGESControl_Writer.cxx:72 (occt_1157_stress_before:arm64+0x10038b928)
    #12 runIgesWriteIndependent(int, int) occt_1157_stress.cpp:160 (occt_1157_stress_before:arm64+0x100001b64)
    #13 void* std::__1::__thread_proxy[abi:nqe210106]<std::__1::tuple<std::__1::unique_ptr<std::__1::__thread_struct, std::__1::default_delete<std::__1::__thread_struct>>, void (*)(int, int), int, int>>(void*) thread.h:168 (occt_1157_stress_before:arm64+0x100006494)

  Previous write of size 8 at 0x000110b05490 by thread T4:
    #0 TCollection_AsciiString::TCollection_AsciiString() TCollection_AsciiString.cxx:98 (occt_1157_stress_before:arm64+0x1008ccb58)
    #1 MoniTool_TypedValue::AddEnum(char const*, char const*, char const*, char const*, char const*, char const*, char const*, char const*, char const*, char const*) MoniTool_TypedValue.cxx:566 (occt_1157_stress_before:arm64+0x10140557c)
    #2 Interface_Static::Init(char const*, char const*, char, char const*) Interface_Static.cxx:264 (occt_1157_stress_before:arm64+0x10133edb8)
    #3 IGESData::Init() IGESData.cxx:62 (occt_1157_stress_before:arm64+0x1000bed64)
    #4 IGESBasic::Init() IGESBasic.cxx:31 (occt_1157_stress_before:arm64+0x1001038bc)
    #5 IGESGeom::Init() IGESGeom.cxx:32 (occt_1157_stress_before:arm64+0x100140910)
    #6 IGESSolid::Init() IGESSolid.cxx:32 (occt_1157_stress_before:arm64+0x100217fac)
    #7 IGESControl_Controller::IGESControl_Controller(bool) IGESControl_Controller.cxx:79 (occt_1157_stress_before:arm64+0x10037b228)
    #8 IGESControl_Controller::Init() IGESControl_Controller.cxx:364 (occt_1157_stress_before:arm64+0x100380778)
    #9 IGESControl_Writer::IGESControl_Writer(char const*, int) IGESControl_Writer.cxx:73 (occt_1157_stress_before:arm64+0x10038b760)
    #10 IGESControl_Writer::IGESControl_Writer(char const*, int) IGESControl_Writer.cxx:72 (occt_1157_stress_before:arm64+0x10038b928)
    #11 runIgesWriteIndependent(int, int) occt_1157_stress.cpp:160 (occt_1157_stress_before:arm64+0x100001b64)
    #12 void* std::__1::__thread_proxy[abi:nqe210106]<std::__1::tuple<std::__1::unique_ptr<std::__1::__thread_struct, std::__1::default_delete<std::__1::__thread_struct>>, void (*)(int, int), int, int>>(void*) thread.h:168 (occt_1157_stress_before:arm64+0x100006494)

  Location is heap block of size 176 at 0x000110b05490 allocated by thread T4:
    #0 malloc <null> (libclang_rt.tsan_osx_dynamic.dylib:arm64e+0x679b4)
    #1 Standard::AllocateOptimal(unsigned long) Standard.cxx:406 (occt_1157_stress_before:arm64+0x1008bedf8)
    #2 MoniTool_TypedValue::AddEnum(char const*, char const*, char const*, char const*, char const*, char const*, char const*, char const*, char const*, char const*) MoniTool_TypedValue.cxx:566 (occt_1157_stress_before:arm64+0x101405534)
    #3 Interface_Static::Init(char const*, char const*, char, char const*) Interface_Static.cxx:264 (occt_1157_stress_before:arm64+0x10133edb8)
    #4 IGESData::Init() IGESData.cxx:62 (occt_1157_stress_before:arm64+0x1000bed64)
    #5 IGESBasic::Init() IGESBasic.cxx:31 (occt_1157_stress_before:arm64+0x1001038bc)
    #6 IGESGeom::Init() IGESGeom.cxx:32 (occt_1157_stress_before:arm64+0x100140910)
    #7 IGESSolid::Init() IGESSolid.cxx:32 (occt_1157_stress_before:arm64+0x100217fac)
    #8 IGESControl_Controller::IGESControl_Controller(bool) IGESControl_Controller.cxx:79 (occt_1157_stress_before:arm64+0x10037b228)
    #9 IGESControl_Controller::Init() IGESControl_Controller.cxx:364 (occt_1157_stress_before:arm64+0x100380778)
    #10 IGESControl_Writer::IGESControl_Writer(char const*, int) IGESControl_Writer.cxx:73 (occt_1157_stress_before:arm64+0x10038b760)
    #11 IGESControl_Writer::IGESControl_Writer(char const*, int) IGESControl_Writer.cxx:72 (occt_1157_stress_before:arm64+0x10038b928)
    #12 runIgesWriteIndependent(int, int) occt_1157_stress.cpp:160 (occt_1157_stress_before:arm64+0x100001b64)
    #13 void* std::__1::__thread_proxy[abi:nqe210106]<std::__1::tuple<std::__1::unique_ptr<std::__1::__thread_struct, std::__1::default_delete<std::__1::__thread_struct>>, void (*)(int, int), int, int>>(void*) thread.h:168 (occt_1157_stress_before:arm64+0x100006494)

  Thread T2 (tid=360573, running) created by main thread at:
    #0 pthread_create <null> (libclang_rt.tsan_osx_dynamic.dylib:arm64e+0x33834)
    #1 std::__1::thread::thread[abi:nqe210106]<void (*&)(int, int), int&, int&, 0>(void (*&)(int, int), int&, int&) thread.h:216 (occt_1157_stress_before:arm64+0x10000635c)
    #2 std::__1::thread* std::__1::vector<std::__1::thread, std::__1::allocator<std::__1::thread>>::__emplace_back_slow_path<void (*&)(int, int), int&, int&>(void (*&)(int, int), int&, int&) vector.h:1130 (occt_1157_stress_before:arm64+0x100006118)
    #3 runOne(char const*, int, int) occt_1157_stress.cpp:343 (occt_1157_stress_before:arm64+0x1000039d8)
    #4 main occt_1157_stress.cpp:380 (occt_1157_stress_before:arm64+0x100002e08)

  Thread T4 (tid=360575, running) created by main thread at:
    #0 pthread_create <null> (libclang_rt.tsan_osx_dynamic.dylib:arm64e+0x33834)
    #1 std::__1::thread::thread[abi:nqe210106]<void (*&)(int, int), int&, int&, 0>(void (*&)(int, int), int&, int&) thread.h:216 (occt_1157_stress_before:arm64+0x10000635c)
    #2 runOne(char const*, int, int) occt_1157_stress.cpp:343 (occt_1157_stress_before:arm64+0x1000039b0)
    #3 main occt_1157_stress.cpp:380 (occt_1157_stress_before:arm64+0x100002e08)

SUMMARY: ThreadSanitizer: data race TCollection_AsciiString.cxx:557 in TCollection_AsciiString::Move(TCollection_AsciiString&&)
==================
WARNING: ThreadSanitizer: data race (pid=71650)
  Read of size 8 at 0x000110b054a0 by thread T8:
    #0 TCollection_AsciiString::Move(TCollection_AsciiString&&) TCollection_AsciiString.cxx:557 (occt_1157_stress_before:arm64+0x1008d0134)
    #1 NCollection_Array1<TCollection_AsciiString>::SetValue(int, TCollection_AsciiString&&) NCollection_Array1.hxx:394 (occt_1157_stress_before:arm64+0x1014041d0)
    #2 MoniTool_TypedValue::AddEnum(char const*, char const*, char const*, char const*, char const*, char const*, char const*, char const*, char const*, char const*) MoniTool_TypedValue.cxx:582 (occt_1157_stress_before:arm64+0x1014057f0)
    #3 Interface_Static::Init(char const*, char const*, char, char const*) Interface_Static.cxx:264 (occt_1157_stress_before:arm64+0x10133edb8)
    #4 IGESData::Init() IGESData.cxx:62 (occt_1157_stress_before:arm64+0x1000bed64)
    #5 IGESBasic::Init() IGESBasic.cxx:31 (occt_1157_stress_before:arm64+0x1001038bc)
    #6 IGESGeom::Init() IGESGeom.cxx:32 (occt_1157_stress_before:arm64+0x100140910)
    #7 IGESSolid::Init() IGESSolid.cxx:32 (occt_1157_stress_before:arm64+0x100217fac)
    #8 IGESControl_Controller::IGESControl_Controller(bool) IGESControl_Controller.cxx:79 (occt_1157_stress_before:arm64+0x10037b228)
    #9 IGESControl_Controller::Init() IGESControl_Controller.cxx:364 (occt_1157_stress_before:arm64+0x100380778)
    #10 IGESControl_Writer::IGESControl_Writer(char const*, int) IGESControl_Writer.cxx:73 (occt_1157_stress_before:arm64+0x10038b760)
    #11 IGESControl_Writer::IGESControl_Writer(char const*, int) IGESControl_Writer.cxx:72 (occt_1157_stress_before:arm64+0x10038b928)
    #12 runIgesWriteIndependent(int, int) occt_1157_stress.cpp:160 (occt_1157_stress_before:arm64+0x100001b64)
    #13 void* std::__1::__thread_proxy[abi:nqe210106]<std::__1::tuple<std::__1::unique_ptr<std::__1::__thread_struct, std::__1::default_delete<std::__1::__thread_struct>>, void (*)(int, int), int, int>>(void*) thread.h:168 (occt_1157_stress_before:arm64+0x100006494)

  Previous write of size 8 at 0x000110b054a0 by thread T4:
    #0 TCollection_AsciiString::Move(TCollection_AsciiString&&) TCollection_AsciiString.cxx:561 (occt_1157_stress_before:arm64+0x1008d0164)
    #1 NCollection_Array1<TCollection_AsciiString>::SetValue(int, TCollection_AsciiString&&) NCollection_Array1.hxx:394 (occt_1157_stress_before:arm64+0x1014041d0)
    #2 MoniTool_TypedValue::AddEnum(char const*, char const*, char const*, char const*, char const*, char const*, char const*, char const*, char const*, char const*) MoniTool_TypedValue.cxx:582 (occt_1157_stress_before:arm64+0x1014057f0)
    #3 Interface_Static::Init(char const*, char const*, char, char const*) Interface_Static.cxx:264 (occt_1157_stress_before:arm64+0x10133edb8)
    #4 IGESData::Init() IGESData.cxx:63 (occt_1157_stress_before:arm64+0x1000bed84)
    #5 IGESBasic::Init() IGESBasic.cxx:31 (occt_1157_stress_before:arm64+0x1001038bc)
    #6 IGESGeom::Init() IGESGeom.cxx:32 (occt_1157_stress_before:arm64+0x100140910)
    #7 IGESSolid::Init() IGESSolid.cxx:32 (occt_1157_stress_before:arm64+0x100217fac)
    #8 IGESControl_Controller::IGESControl_Controller(bool) IGESControl_Controller.cxx:79 (occt_1157_stress_before:arm64+0x10037b228)
    #9 IGESControl_Controller::Init() IGESControl_Controller.cxx:364 (occt_1157_stress_before:arm64+0x100380778)
    #10 IGESControl_Writer::IGESControl_Writer(char const*, int) IGESControl_Writer.cxx:73 (occt_1157_stress_before:arm64+0x10038b760)
    #11 IGESControl_Writer::IGESControl_Writer(char const*, int) IGESControl_Writer.cxx:72 (occt_1157_stress_before:arm64+0x10038b928)
    #12 runIgesWriteIndependent(int, int) occt_1157_stress.cpp:160 (occt_1157_stress_before:arm64+0x100001b64)
    #13 void* std::__1::__thread_proxy[abi:nqe210106]<std::__1::tuple<std::__1::unique_ptr<std::__1::__thread_struct, std::__1::default_delete<std::__1::__thread_struct>>, void (*)(int, int), int, int>>(void*) thread.h:168 (occt_1157_stress_before:arm64+0x100006494)

  Location is heap block of size 176 at 0x000110b05490 allocated by thread T4:
    #0 malloc <null> (libclang_rt.tsan_osx_dynamic.dylib:arm64e+0x679b4)
    #1 Standard::AllocateOptimal(unsigned long) Standard.cxx:406 (occt_1157_stress_before:arm64+0x1008bedf8)
    #2 MoniTool_TypedValue::AddEnum(char const*, char const*, char const*, char const*, char const*, char const*, char const*, char const*, char const*, char const*) MoniTool_TypedValue.cxx:566 (occt_1157_stress_before:arm64+0x101405534)
    #3 Interface_Static::Init(char const*, char const*, char, char const*) Interface_Static.cxx:264 (occt_1157_stress_before:arm64+0x10133edb8)
    #4 IGESData::Init() IGESData.cxx:62 (occt_1157_stress_before:arm64+0x1000bed64)
    #5 IGESBasic::Init() IGESBasic.cxx:31 (occt_1157_stress_before:arm64+0x1001038bc)
    #6 IGESGeom::Init() IGESGeom.cxx:32 (occt_1157_stress_before:arm64+0x100140910)
    #7 IGESSolid::Init() IGESSolid.cxx:32 (occt_1157_stress_before:arm64+0x100217fac)
    #8 IGESControl_Controller::IGESControl_Controller(bool) IGESControl_Controller.cxx:79 (occt_1157_stress_before:arm64+0x10037b228)
    #9 IGESControl_Controller::Init() IGESControl_Controller.cxx:364 (occt_1157_stress_before:arm64+0x100380778)
    #10 IGESControl_Writer::IGESControl_Writer(char const*, int) IGESControl_Writer.cxx:73 (occt_1157_stress_before:arm64+0x10038b760)
    #11 IGESControl_Writer::IGESControl_Writer(char const*, int) IGESControl_Writer.cxx:72 (occt_1157_stress_before:arm64+0x10038b928)
    #12 runIgesWriteIndependent(int, int) occt_1157_stress.cpp:160 (occt_1157_stress_before:arm64+0x100001b64)
    #13 void* std::__1::__thread_proxy[abi:nqe210106]<std::__1::tuple<std::__1::unique_ptr<std::__1::__thread_struct, std::__1::default_delete<std::__1::__thread_struct>>, void (*)(int, int), int, int>>(void*) thread.h:168 (occt_1157_stress_before:arm64+0x100006494)

  Thread T8 (tid=360579, running) created by main thread at:
    #0 pthread_create <null> (libclang_rt.tsan_osx_dynamic.dylib:arm64e+0x33834)
    #1 std::__1::thread::thread[abi:nqe210106]<void (*&)(int, int), int&, int&, 0>(void (*&)(int, int), int&, int&) thread.h:216 (occt_1157_stress_before:arm64+0x10000635c)
    #2 runOne(char const*, int, int) occt_1157_stress.cpp:343 (occt_1157_stress_before:arm64+0x1000039b0)
    #3 main occt_1157_stress.cpp:380 (occt_1157_stress_before:arm64+0x100002e08)

  Thread T4 (tid=360575, running) created by main thread at:
    #0 pthread_create <null> (libclang_rt.tsan_osx_dynamic.dylib:arm64e+0x33834)
    #1 std::__1::thread::thread[abi:nqe210106]<void (*&)(int, int), int&, int&, 0>(void (*&)(int, int), int&, int&) thread.h:216 (occt_1157_stress_before:arm64+0x10000635c)
    #2 runOne(char const*, int, int) occt_1157_stress.cpp:343 (occt_1157_stress_before:arm64+0x1000039b0)
    #3 main occt_1157_stress.cpp:380 (occt_1157_stress_before:arm64+0x100002e08)

SUMMARY: ThreadSanitizer: data race TCollection_AsciiString.cxx:557 in TCollection_AsciiString::Move(TCollection_AsciiString&&)
==================
WARNING: ThreadSanitizer: data race (pid=71650)
  Read of size 8 at 0x00010fc036d8 by thread T3:
    #0 NCollection_Array1<TCollection_AsciiString>::SetValue(int, TCollection_AsciiString&&) NCollection_Array1.hxx:394 (occt_1157_stress_before:arm64+0x1014041c0)
    #1 MoniTool_TypedValue::AddEnum(char const*, char const*, char const*, char const*, char const*, char const*, char const*, char const*, char const*, char const*) MoniTool_TypedValue.cxx:582 (occt_1157_stress_before:arm64+0x1014057f0)
    #2 Interface_Static::Init(char const*, char const*, char, char const*) Interface_Static.cxx:264 (occt_1157_stress_before:arm64+0x10133edb8)
    #3 IGESData::Init() IGESData.cxx:62 (occt_1157_stress_before:arm64+0x1000bed64)
    #4 IGESBasic::Init() IGESBasic.cxx:31 (occt_1157_stress_before:arm64+0x1001038bc)
    #5 IGESGeom::Init() IGESGeom.cxx:32 (occt_1157_stress_before:arm64+0x100140910)
    #6 IGESSolid::Init() IGESSolid.cxx:32 (occt_1157_stress_before:arm64+0x100217fac)
    #7 IGESControl_Controller::IGESControl_Controller(bool) IGESControl_Controller.cxx:79 (occt_1157_stress_before:arm64+0x10037b228)
    #8 IGESControl_Controller::Init() IGESControl_Controller.cxx:364 (occt_1157_stress_before:arm64+0x100380778)
    #9 IGESControl_Writer::IGESControl_Writer(char const*, int) IGESControl_Writer.cxx:73 (occt_1157_stress_before:arm64+0x10038b760)
    #10 IGESControl_Writer::IGESControl_Writer(char const*, int) IGESControl_Writer.cxx:72 (occt_1157_stress_before:arm64+0x10038b928)
    #11 runIgesWriteIndependent(int, int) occt_1157_stress.cpp:160 (occt_1157_stress_before:arm64+0x100001b64)
    #12 void* std::__1::__thread_proxy[abi:nqe210106]<std::__1::tuple<std::__1::unique_ptr<std::__1::__thread_struct, std::__1::default_delete<std::__1::__thread_struct>>, void (*)(int, int), int, int>>(void*) thread.h:168 (occt_1157_stress_before:arm64+0x100006494)

  Previous write of size 8 at 0x00010fc036d8 by thread T4:
    #0 MoniTool_TypedValue::AddEnum(char const*, char const*, char const*, char const*, char const*, char const*, char const*, char const*, char const*, char const*) MoniTool_TypedValue.cxx:566 (occt_1157_stress_before:arm64+0x10140551c)
    #1 Interface_Static::Init(char const*, char const*, char, char const*) Interface_Static.cxx:264 (occt_1157_stress_before:arm64+0x10133edb8)
    #2 IGESData::Init() IGESData.cxx:62 (occt_1157_stress_before:arm64+0x1000bed64)
    #3 IGESBasic::Init() IGESBasic.cxx:31 (occt_1157_stress_before:arm64+0x1001038bc)
    #4 IGESGeom::Init() IGESGeom.cxx:32 (occt_1157_stress_before:arm64+0x100140910)
    #5 IGESSolid::Init() IGESSolid.cxx:32 (occt_1157_stress_before:arm64+0x100217fac)
    #6 IGESControl_Controller::IGESControl_Controller(bool) IGESControl_Controller.cxx:79 (occt_1157_stress_before:arm64+0x10037b228)
    #7 IGESControl_Controller::Init() IGESControl_Controller.cxx:364 (occt_1157_stress_before:arm64+0x100380778)
    #8 IGESControl_Writer::IGESControl_Writer(char const*, int) IGESControl_Writer.cxx:73 (occt_1157_stress_before:arm64+0x10038b760)
    #9 IGESControl_Writer::IGESControl_Writer(char const*, int) IGESControl_Writer.cxx:72 (occt_1157_stress_before:arm64+0x10038b928)
    #10 runIgesWriteIndependent(int, int) occt_1157_stress.cpp:160 (occt_1157_stress_before:arm64+0x100001b64)
    #11 void* std::__1::__thread_proxy[abi:nqe210106]<std::__1::tuple<std::__1::unique_ptr<std::__1::__thread_struct, std::__1::default_delete<std::__1::__thread_struct>>, void (*)(int, int), int, int>>(void*) thread.h:168 (occt_1157_stress_before:arm64+0x100006494)

  Location is heap block of size 56 at 0x00010fc036c0 allocated by thread T4:
    #0 calloc <null> (libclang_rt.tsan_osx_dynamic.dylib:arm64e+0x67c40)
    #1 Standard::Allocate(unsigned long) Standard.cxx:386 (occt_1157_stress_before:arm64+0x1008bed34)
    #2 MoniTool_TypedValue::AddEnum(char const*, char const*, char const*, char const*, char const*, char const*, char const*, char const*, char const*, char const*) MoniTool_TypedValue.cxx:566 (occt_1157_stress_before:arm64+0x1014054b4)
    #3 Interface_Static::Init(char const*, char const*, char, char const*) Interface_Static.cxx:264 (occt_1157_stress_before:arm64+0x10133edb8)
    #4 IGESData::Init() IGESData.cxx:62 (occt_1157_stress_before:arm64+0x1000bed64)
    #5 IGESBasic::Init() IGESBasic.cxx:31 (occt_1157_stress_before:arm64+0x1001038bc)
    #6 IGESGeom::Init() IGESGeom.cxx:32 (occt_1157_stress_before:arm64+0x100140910)
    #7 IGESSolid::Init() IGESSolid.cxx:32 (occt_1157_stress_before:arm64+0x100217fac)
    #8 IGESControl_Controller::IGESControl_Controller(bool) IGESControl_Controller.cxx:79 (occt_1157_stress_before:arm64+0x10037b228)
    #9 IGESControl_Controller::Init() IGESControl_Controller.cxx:364 (occt_1157_stress_before:arm64+0x100380778)
    #10 IGESControl_Writer::IGESControl_Writer(char const*, int) IGESControl_Writer.cxx:73 (occt_1157_stress_before:arm64+0x10038b760)
    #11 IGESControl_Writer::IGESControl_Writer(char const*, int) IGESControl_Writer.cxx:72 (occt_1157_stress_before:arm64+0x10038b928)
    #12 runIgesWriteIndependent(int, int) occt_1157_stress.cpp:160 (occt_1157_stress_before:arm64+0x100001b64)
    #13 void* std::__1::__thread_proxy[abi:nqe210106]<std::__1::tuple<std::__1::unique_ptr<std::__1::__thread_struct, std::__1::default_delete<std::__1::__thread_struct>>, void (*)(int, int), int, int>>(void*) thread.h:168 (occt_1157_stress_before:arm64+0x100006494)

  Thread T3 (tid=360574, running) created by main thread at:
    #0 pthread_create <null> (libclang_rt.tsan_osx_dynamic.dylib:arm64e+0x33834)
    #1 std::__1::thread::thread[abi:nqe210106]<void (*&)(int, int), int&, int&, 0>(void (*&)(int, int), int&, int&) thread.h:216 (occt_1157_stress_before:arm64+0x10000635c)
    #2 std::__1::thread* std::__1::vector<std::__1::thread, std::__1::allocator<std::__1::thread>>::__emplace_back_slow_path<void (*&)(int, int), int&, int&>(void (*&)(int, int), int&, int&) vector.h:1130 (occt_1157_stress_before:arm64+0x100006118)
    #3 runOne(char const*, int, int) occt_1157_stress.cpp:343 (occt_1157_stress_before:arm64+0x1000039d8)
    #4 main occt_1157_stress.cpp:380 (occt_1157_stress_before:arm64+0x100002e08)

  Thread T4 (tid=360575, running) created by main thread at:
    #0 pthread_create <null> (libclang_rt.tsan_osx_dynamic.dylib:arm64e+0x33834)
    #1 std::__1::thread::thread[abi:nqe210106]<void (*&)(int, int), int&, int&, 0>(void (*&)(int, int), int&, int&) thread.h:216 (occt_1157_stress_before:arm64+0x10000635c)
    #2 runOne(char const*, int, int) occt_1157_stress.cpp:343 (occt_1157_stress_before:arm64+0x1000039b0)
    #3 main occt_1157_stress.cpp:380 (occt_1157_stress_before:arm64+0x100002e08)

SUMMARY: ThreadSanitizer: data race NCollection_Array1.hxx:394 in NCollection_Array1<TCollection_AsciiString>::SetValue(int, TCollection_AsciiString&&)
==================
WARNING: ThreadSanitizer: data race (pid=71650)
  Read of size 4 at 0x00010fe08698 by thread T6:
    #0 TCollection_AsciiString::IsEqual(char const*, int) const TCollection_AsciiString.cxx:769 (occt_1157_stress_before:arm64+0x1008d0ccc)
    #1 Interface_Static::Init(char const*, char const*, Interface_ParamType, char const*) Interface_Static.cxx:164 (occt_1157_stress_before:arm64+0x10133e410)
    #2 Interface_Static::Init(char const*, char const*, char, char const*) Interface_Static.cxx:275 (occt_1157_stress_before:arm64+0x10133eb34)
    #3 Interface_Static::Standards() Interface_StaticStandards.cxx:51 (occt_1157_stress_before:arm64+0x101340c18)
    #4 XSControl_Controller::XSControl_Controller(char const*, char const*) XSControl_Controller.cxx:69 (occt_1157_stress_before:arm64+0x1013d512c)
    #5 IGESControl_Controller::IGESControl_Controller(bool) IGESControl_Controller.cxx:72 (occt_1157_stress_before:arm64+0x10037b1e8)
    #6 IGESControl_Controller::Init() IGESControl_Controller.cxx:364 (occt_1157_stress_before:arm64+0x100380778)
    #7 IGESControl_Writer::IGESControl_Writer(char const*, int) IGESControl_Writer.cxx:73 (occt_1157_stress_before:arm64+0x10038b760)
    #8 IGESControl_Writer::IGESControl_Writer(char const*, int) IGESControl_Writer.cxx:72 (occt_1157_stress_before:arm64+0x10038b928)
    #9 runIgesWriteIndependent(int, int) occt_1157_stress.cpp:160 (occt_1157_stress_before:arm64+0x100001b64)
    #10 void* std::__1::__thread_proxy[abi:nqe210106]<std::__1::tuple<std::__1::unique_ptr<std::__1::__thread_struct, std::__1::default_delete<std::__1::__thread_struct>>, void (*)(int, int), int, int>>(void*) thread.h:168 (occt_1157_stress_before:arm64+0x100006494)

  Previous write of size 4 at 0x00010fe08698 by thread T4:
    #0 TCollection_AsciiString::TCollection_AsciiString(TCollection_AsciiString&&) TCollection_AsciiString.cxx:175 (occt_1157_stress_before:arm64+0x1008cd88c)
    #1 std::__1::conditional<false, opencascade::handle<Standard_Transient>&, bool>::type NCollection_DataMap<TCollection_AsciiString, opencascade::handle<Standard_Transient>, NCollection_DefaultHasher<TCollection_AsciiString>>::emplaceImpl<TCollection_AsciiString, false, false, opencascade::handle<Standard_Transient> const&>(TCollection_AsciiString&&, std::__1::integral_constant<bool, false>, std::__1::integral_constant<bool, false>, opencascade::handle<Standard_Transient> const&) NCollection_DataMap.hxx:810 (occt_1157_stress_before:arm64+0x10083fdec)
    #2 Interface_Static::Init(char const*, char const*, Interface_ParamType, char const*) Interface_Static.cxx:183 (occt_1157_stress_before:arm64+0x10133e614)
    #3 Interface_Static::Init(char const*, char const*, char, char const*) Interface_Static.cxx:275 (occt_1157_stress_before:arm64+0x10133eb34)
    #4 IGESData::Init() IGESData.cxx:111 (occt_1157_stress_before:arm64+0x1000bf244)
    #5 IGESBasic::Init() IGESBasic.cxx:31 (occt_1157_stress_before:arm64+0x1001038bc)
    #6 IGESGeom::Init() IGESGeom.cxx:32 (occt_1157_stress_before:arm64+0x100140910)
    #7 IGESSolid::Init() IGESSolid.cxx:32 (occt_1157_stress_before:arm64+0x100217fac)
    #8 IGESControl_Controller::IGESControl_Controller(bool) IGESControl_Controller.cxx:79 (occt_1157_stress_before:arm64+0x10037b228)
    #9 IGESControl_Controller::Init() IGESControl_Controller.cxx:364 (occt_1157_stress_before:arm64+0x100380778)
    #10 IGESControl_Writer::IGESControl_Writer(char const*, int) IGESControl_Writer.cxx:73 (occt_1157_stress_before:arm64+0x10038b760)
    #11 IGESControl_Writer::IGESControl_Writer(char const*, int) IGESControl_Writer.cxx:72 (occt_1157_stress_before:arm64+0x10038b928)
    #12 runIgesWriteIndependent(int, int) occt_1157_stress.cpp:160 (occt_1157_stress_before:arm64+0x100001b64)
    #13 void* std::__1::__thread_proxy[abi:nqe210106]<std::__1::tuple<std::__1::unique_ptr<std::__1::__thread_struct, std::__1::default_delete<std::__1::__thread_struct>>, void (*)(int, int), int, int>>(void*) thread.h:168 (occt_1157_stress_before:arm64+0x100006494)

  Location is heap block of size 32 at 0x00010fe08680 allocated by thread T4:
    #0 calloc <null> (libclang_rt.tsan_osx_dynamic.dylib:arm64e+0x67c40)
    #1 Standard::Allocate(unsigned long) Standard.cxx:386 (occt_1157_stress_before:arm64+0x1008bed34)
    #2 NCollection_BaseAllocator::Allocate(unsigned long) NCollection_BaseAllocator.cxx:22 (occt_1157_stress_before:arm64+0x1008de93c)
    #3 std::__1::conditional<false, opencascade::handle<Standard_Transient>&, bool>::type NCollection_DataMap<TCollection_AsciiString, opencascade::handle<Standard_Transient>, NCollection_DefaultHasher<TCollection_AsciiString>>::emplaceImpl<TCollection_AsciiString, false, false, opencascade::handle<Standard_Transient> const&>(TCollection_AsciiString&&, std::__1::integral_constant<bool, false>, std::__1::integral_constant<bool, false>, opencascade::handle<Standard_Transient> const&) NCollection_DataMap.hxx:810 (occt_1157_stress_before:arm64+0x10083fd88)
    #4 Interface_Static::Init(char const*, char const*, Interface_ParamType, char const*) Interface_Static.cxx:183 (occt_1157_stress_before:arm64+0x10133e614)
    #5 Interface_Static::Init(char const*, char const*, char, char const*) Interface_Static.cxx:275 (occt_1157_stress_before:arm64+0x10133eb34)
    #6 IGESData::Init() IGESData.cxx:111 (occt_1157_stress_before:arm64+0x1000bf244)
    #7 IGESBasic::Init() IGESBasic.cxx:31 (occt_1157_stress_before:arm64+0x1001038bc)
    #8 IGESGeom::Init() IGESGeom.cxx:32 (occt_1157_stress_before:arm64+0x100140910)
    #9 IGESSolid::Init() IGESSolid.cxx:32 (occt_1157_stress_before:arm64+0x100217fac)
    #10 IGESControl_Controller::IGESControl_Controller(bool) IGESControl_Controller.cxx:79 (occt_1157_stress_before:arm64+0x10037b228)
    #11 IGESControl_Controller::Init() IGESControl_Controller.cxx:364 (occt_1157_stress_before:arm64+0x100380778)
    #12 IGESControl_Writer::IGESControl_Writer(char const*, int) IGESControl_Writer.cxx:73 (occt_1157_stress_before:arm64+0x10038b760)
    #13 IGESControl_Writer::IGESControl_Writer(char const*, int) IGESControl_Writer.cxx:72 (occt_1157_stress_before:arm64+0x10038b928)
    #14 runIgesWriteIndependent(int, int) occt_1157_stress.cpp:160 (occt_1157_stress_before:arm64+0x100001b64)
    #15 void* std::__1::__thread_proxy[abi:nqe210106]<std::__1::tuple<std::__1::unique_ptr<std::__1::__thread_struct, std::__1::default_delete<std::__1::__thread_struct>>, void (*)(int, int), int, int>>(void*) thread.h:168 (occt_1157_stress_before:arm64+0x100006494)

  Thread T6 (tid=360577, running) created by main thread at:
    #0 pthread_create <null> (libclang_rt.tsan_osx_dynamic.dylib:arm64e+0x33834)
    #1 std::__1::thread::thread[abi:nqe210106]<void (*&)(int, int), int&, int&, 0>(void (*&)(int, int), int&, int&) thread.h:216 (occt_1157_stress_before:arm64+0x10000635c)
    #2 runOne(char const*, int, int) occt_1157_stress.cpp:343 (occt_1157_stress_before:arm64+0x1000039b0)
    #3 main occt_1157_stress.cpp:380 (occt_1157_stress_before:arm64+0x100002e08)

  Thread T4 (tid=360575, running) created by main thread at:
    #0 pthread_create <null> (libclang_rt.tsan_osx_dynamic.dylib:arm64e+0x33834)
    #1 std::__1::thread::thread[abi:nqe210106]<void (*&)(int, int), int&, int&, 0>(void (*&)(int, int), int&, int&) thread.h:216 (occt_1157_stress_before:arm64+0x10000635c)
    #2 runOne(char const*, int, int) occt_1157_stress.cpp:343 (occt_1157_stress_before:arm64+0x1000039b0)
    #3 main occt_1157_stress.cpp:380 (occt_1157_stress_before:arm64+0x100002e08)

SUMMARY: ThreadSanitizer: data race TCollection_AsciiString.cxx:769 in TCollection_AsciiString::IsEqual(char const*, int) const
==================
WARNING: ThreadSanitizer: data race (pid=71650)
  Write of size 8 at 0x000110b05490 by thread T3:
    #0 TCollection_AsciiString::Move(TCollection_AsciiString&&) TCollection_AsciiString.cxx:559 (occt_1157_stress_before:arm64+0x1008d0154)
    #1 NCollection_Array1<TCollection_AsciiString>::SetValue(int, TCollection_AsciiString&&) NCollection_Array1.hxx:394 (occt_1157_stress_before:arm64+0x1014041d0)
    #2 MoniTool_TypedValue::AddEnum(char const*, char const*, char const*, char const*, char const*, char const*, char const*, char const*, char const*, char const*) MoniTool_TypedValue.cxx:582 (occt_1157_stress_before:arm64+0x1014057f0)
    #3 Interface_Static::Init(char const*, char const*, char, char const*) Interface_Static.cxx:264 (occt_1157_stress_before:arm64+0x10133edb8)
    #4 IGESData::Init() IGESData.cxx:62 (occt_1157_stress_before:arm64+0x1000bed64)
    #5 IGESBasic::Init() IGESBasic.cxx:31 (occt_1157_stress_before:arm64+0x1001038bc)
    #6 IGESGeom::Init() IGESGeom.cxx:32 (occt_1157_stress_before:arm64+0x100140910)
    #7 IGESSolid::Init() IGESSolid.cxx:32 (occt_1157_stress_before:arm64+0x100217fac)
    #8 IGESControl_Controller::IGESControl_Controller(bool) IGESControl_Controller.cxx:79 (occt_1157_stress_before:arm64+0x10037b228)
    #9 IGESControl_Controller::Init() IGESControl_Controller.cxx:364 (occt_1157_stress_before:arm64+0x100380778)
    #10 IGESControl_Writer::IGESControl_Writer(char const*, int) IGESControl_Writer.cxx:73 (occt_1157_stress_before:arm64+0x10038b760)
    #11 IGESControl_Writer::IGESControl_Writer(char const*, int) IGESControl_Writer.cxx:72 (occt_1157_stress_before:arm64+0x10038b928)
    #12 runIgesWriteIndependent(int, int) occt_1157_stress.cpp:160 (occt_1157_stress_before:arm64+0x100001b64)
    #13 void* std::__1::__thread_proxy[abi:nqe210106]<std::__1::tuple<std::__1::unique_ptr<std::__1::__thread_struct, std::__1::default_delete<std::__1::__thread_struct>>, void (*)(int, int), int, int>>(void*) thread.h:168 (occt_1157_stress_before:arm64+0x100006494)

  Previous write of size 8 at 0x000110b05490 by thread T2:
    #0 TCollection_AsciiString::Move(TCollection_AsciiString&&) TCollection_AsciiString.cxx:559 (occt_1157_stress_before:arm64+0x1008d0154)
    #1 NCollection_Array1<TCollection_AsciiString>::SetValue(int, TCollection_AsciiString&&) NCollection_Array1.hxx:394 (occt_1157_stress_before:arm64+0x1014041d0)
    #2 MoniTool_TypedValue::AddEnum(char const*, char const*, char const*, char const*, char const*, char const*, char const*, char const*, char const*, char const*) MoniTool_TypedValue.cxx:582 (occt_1157_stress_before:arm64+0x1014057f0)
    #3 Interface_Static::Init(char const*, char const*, char, char const*) Interface_Static.cxx:264 (occt_1157_stress_before:arm64+0x10133edb8)
    #4 IGESData::Init() IGESData.cxx:62 (occt_1157_stress_before:arm64+0x1000bed64)
    #5 IGESBasic::Init() IGESBasic.cxx:31 (occt_1157_stress_before:arm64+0x1001038bc)
    #6 IGESGeom::Init() IGESGeom.cxx:32 (occt_1157_stress_before:arm64+0x100140910)
    #7 IGESSolid::Init() IGESSolid.cxx:32 (occt_1157_stress_before:arm64+0x100217fac)
    #8 IGESControl_Controller::IGESControl_Controller(bool) IGESControl_Controller.cxx:79 (occt_1157_stress_before:arm64+0x10037b228)
    #9 IGESControl_Controller::Init() IGESControl_Controller.cxx:364 (occt_1157_stress_before:arm64+0x100380778)
    #10 IGESControl_Writer::IGESControl_Writer(char const*, int) IGESControl_Writer.cxx:73 (occt_1157_stress_before:arm64+0x10038b760)
    #11 IGESControl_Writer::IGESControl_Writer(char const*, int) IGESControl_Writer.cxx:72 (occt_1157_stress_before:arm64+0x10038b928)
    #12 runIgesWriteIndependent(int, int) occt_1157_stress.cpp:160 (occt_1157_stress_before:arm64+0x100001b64)
    #13 void* std::__1::__thread_proxy[abi:nqe210106]<std::__1::tuple<std::__1::unique_ptr<std::__1::__thread_struct, std::__1::default_delete<std::__1::__thread_struct>>, void (*)(int, int), int, int>>(void*) thread.h:168 (occt_1157_stress_before:arm64+0x100006494)

  Location is heap block of size 176 at 0x000110b05490 allocated by thread T4:
    #0 malloc <null> (libclang_rt.tsan_osx_dynamic.dylib:arm64e+0x679b4)
    #1 Standard::AllocateOptimal(unsigned long) Standard.cxx:406 (occt_1157_stress_before:arm64+0x1008bedf8)
    #2 MoniTool_TypedValue::AddEnum(char const*, char const*, char const*, char const*, char const*, char const*, char

[... truncated: 406 total race warnings in the full run, this file keeps the first ~200KB (a representative sample of distinct sites) rather than the full raw transcript, per this file size vs. repo convention. Total race count and process exit status (SIGABRT) are quoted in README.md and were captured directly from the untruncated run. ...]
