==================
WARNING: ThreadSanitizer: data race (pid=70666)
  Read of size 1 at 0x0001063f7788 by thread T4:
    #0 Interface_Static::Standards() Interface_StaticStandards.cxx:24 (occt_1157_stress:arm64+0x101340bd0)
    #1 XSControl_Controller::XSControl_Controller(char const*, char const*) XSControl_Controller.cxx:69 (occt_1157_stress:arm64+0x1013d527c)
    #2 IGESControl_Controller::IGESControl_Controller(bool) IGESControl_Controller.cxx:72 (occt_1157_stress:arm64+0x10037b2f0)
    #3 IGESControl_Controller::IGESControl_Controller(bool) IGESControl_Controller.cxx:75 (occt_1157_stress:arm64+0x100380880)
    #4 IGESControl_Controller::Init() IGESControl_Controller.cxx:364 (occt_1157_stress:arm64+0x100380880)
    #5 IGESControl_Writer::IGESControl_Writer(char const*, int) IGESControl_Writer.cxx:73 (occt_1157_stress:arm64+0x10038b868)
    #6 IGESControl_Writer::IGESControl_Writer(char const*, int) IGESControl_Writer.cxx:72 (occt_1157_stress:arm64+0x10038ba30)
    #7 runIgesWriteIndependent(int, int) occt_1157_stress.cpp:160 (occt_1157_stress:arm64+0x100001b50)
    #8 std::__1::__invoke_result_impl<void, void (*)(int, int), int, int>::type std::__1::__invoke[abi:nqe220106]<void (*)(int, int), int, int>(void (*&&)(int, int), int&&, int&&) invoke.h:90 (occt_1157_stress:arm64+0x100006214)
    #9 void std::__1::__thread_execute[abi:nqe220106]<std::__1::unique_ptr<std::__1::__thread_struct, std::__1::default_delete<std::__1::__thread_struct>>, void (*)(int, int), int, int, 0ul, 1ul, 2ul>(std::__1::tuple<std::__1::unique_ptr<std::__1::__thread_struct, std::__1::default_delete<std::__1::__thread_struct>>, void (*)(int, int), int, int>&, std::__1::__integer_sequence<unsigned long, 0ul, 1ul, 2ul>) thread.h:161 (occt_1157_stress:arm64+0x100006214)
    #10 void* std::__1::__thread_proxy[abi:nqe220106]<std::__1::tuple<std::__1::unique_ptr<std::__1::__thread_struct, std::__1::default_delete<std::__1::__thread_struct>>, void (*)(int, int), int, int>>(void*) thread.h:169 (occt_1157_stress:arm64+0x100006214)

  Previous write of size 1 at 0x0001063f7788 by thread T1:
    #0 Interface_Static::Standards() Interface_StaticStandards.cxx:29 (occt_1157_stress:arm64+0x101340be0)
    #1 XSControl_Controller::XSControl_Controller(char const*, char const*) XSControl_Controller.cxx:69 (occt_1157_stress:arm64+0x1013d527c)
    #2 IGESControl_Controller::IGESControl_Controller(bool) IGESControl_Controller.cxx:72 (occt_1157_stress:arm64+0x10037b2f0)
    #3 IGESControl_Controller::IGESControl_Controller(bool) IGESControl_Controller.cxx:75 (occt_1157_stress:arm64+0x100380880)
    #4 IGESControl_Controller::Init() IGESControl_Controller.cxx:364 (occt_1157_stress:arm64+0x100380880)
    #5 IGESControl_Writer::IGESControl_Writer(char const*, int) IGESControl_Writer.cxx:73 (occt_1157_stress:arm64+0x10038b868)
    #6 IGESControl_Writer::IGESControl_Writer(char const*, int) IGESControl_Writer.cxx:72 (occt_1157_stress:arm64+0x10038ba30)
    #7 runIgesWriteIndependent(int, int) occt_1157_stress.cpp:160 (occt_1157_stress:arm64+0x100001b50)
    #8 std::__1::__invoke_result_impl<void, void (*)(int, int), int, int>::type std::__1::__invoke[abi:nqe220106]<void (*)(int, int), int, int>(void (*&&)(int, int), int&&, int&&) invoke.h:90 (occt_1157_stress:arm64+0x100006214)
    #9 void std::__1::__thread_execute[abi:nqe220106]<std::__1::unique_ptr<std::__1::__thread_struct, std::__1::default_delete<std::__1::__thread_struct>>, void (*)(int, int), int, int, 0ul, 1ul, 2ul>(std::__1::tuple<std::__1::unique_ptr<std::__1::__thread_struct, std::__1::default_delete<std::__1::__thread_struct>>, void (*)(int, int), int, int>&, std::__1::__integer_sequence<unsigned long, 0ul, 1ul, 2ul>) thread.h:161 (occt_1157_stress:arm64+0x100006214)
    #10 void* std::__1::__thread_proxy[abi:nqe220106]<std::__1::tuple<std::__1::unique_ptr<std::__1::__thread_struct, std::__1::default_delete<std::__1::__thread_struct>>, void (*)(int, int), int, int>>(void*) thread.h:169 (occt_1157_stress:arm64+0x100006214)

  Location is global 'THE_Interface_Static_deja' at 0x0001063f7788 (occt_1157_stress+0x101cb3788)

  Thread T4 (tid=14909937, running) created by main thread at:
    #0 pthread_create <null> (libclang_rt.tsan_osx_dynamic.dylib:arm64e+0x33bac)
    #1 std::__1::__libcpp_thread_create[abi:nqe220106](_opaque_pthread_t**, void* (*)(void*), void*) pthread.h:182 (occt_1157_stress:arm64+0x1000060dc)
    #2 std::__1::thread::thread[abi:nqe220106]<void (*&)(int, int), int&, int&, 0>(void (*&)(int, int), int&, int&) thread.h:221 (occt_1157_stress:arm64+0x1000060dc)
    #3 std::__1::thread::thread[abi:nqe220106]<void (*&)(int, int), int&, int&, 0>(void (*&)(int, int), int&, int&) thread.h:212 (occt_1157_stress:arm64+0x1000038c8)
    #4 void std::__1::allocator<std::__1::thread>::construct[abi:nqe220106]<std::__1::thread, void (*&)(int, int), int&, int&>(std::__1::thread*, void (*&)(int, int), int&, int&) allocator.h:141 (occt_1157_stress:arm64+0x1000038c8)
    #5 void std::__1::allocator_traits<std::__1::allocator<std::__1::thread>>::construct[abi:nqe220106]<std::__1::thread, void (*&)(int, int), int&, int&, 0>(std::__1::allocator<std::__1::thread>&, std::__1::thread*, void (*&)(int, int), int&, int&) allocator_traits.h:296 (occt_1157_stress:arm64+0x1000038c8)
    #6 void std::__1::vector<std::__1::thread, std::__1::allocator<std::__1::thread>>::__emplace_back_assume_capacity[abi:nqe220106]<void (*&)(int, int), int&, int&>(void (*&)(int, int), int&, int&) vector.h:483 (occt_1157_stress:arm64+0x1000038c8)
    #7 std::__1::thread& std::__1::vector<std::__1::thread, std::__1::allocator<std::__1::thread>>::emplace_back<void (*&)(int, int), int&, int&>(void (*&)(int, int), int&, int&)::'lambda'()::operator()() const vector.h:1146 (occt_1157_stress:arm64+0x1000038c8)
    #8 void std::__1::__if_likely_else[abi:nqe220106]<std::__1::thread& std::__1::vector<std::__1::thread, std::__1::allocator<std::__1::thread>>::emplace_back<void (*&)(int, int), int&, int&>(void (*&)(int, int), int&, int&)::'lambda'(), std::__1::thread& std::__1::vector<std::__1::thread, std::__1::allocator<std::__1::thread>>::emplace_back<void (*&)(int, int), int&, int&>(void (*&)(int, int), int&, int&)::'lambda0'()>(bool, std::__1::thread& std::__1::vector<std::__1::thread, std::__1::allocator<std::__1::thread>>::emplace_back<void (*&)(int, int), int&, int&>(void (*&)(int, int), int&, int&)::'lambda'(), std::__1::thread& std::__1::vector<std::__1::thread, std::__1::allocator<std::__1::thread>>::emplace_back<void (*&)(int, int), int&, int&>(void (*&)(int, int), int&, int&)::'lambda0'()) vector.h:1127 (occt_1157_stress:arm64+0x1000038c8)
    #9 std::__1::thread& std::__1::vector<std::__1::thread, std::__1::allocator<std::__1::thread>>::emplace_back<void (*&)(int, int), int&, int&>(void (*&)(int, int), int&, int&) vector.h:1143 (occt_1157_stress:arm64+0x1000038c8)
    #10 runOne(char const*, int, int) occt_1157_stress.cpp:359 (occt_1157_stress:arm64+0x1000038c8)
    #11 main occt_1157_stress.cpp:396 (occt_1157_stress:arm64+0x100002de4)

  Thread T1 (tid=14909934, running) created by main thread at:
    #0 pthread_create <null> (libclang_rt.tsan_osx_dynamic.dylib:arm64e+0x33bac)
    #1 std::__1::__libcpp_thread_create[abi:nqe220106](_opaque_pthread_t**, void* (*)(void*), void*) pthread.h:182 (occt_1157_stress:arm64+0x1000060dc)
    #2 std::__1::thread::thread[abi:nqe220106]<void (*&)(int, int), int&, int&, 0>(void (*&)(int, int), int&, int&) thread.h:221 (occt_1157_stress:arm64+0x1000060dc)
    #3 std::__1::thread::thread[abi:nqe220106]<void (*&)(int, int), int&, int&, 0>(void (*&)(int, int), int&, int&) thread.h:212 (occt_1157_stress:arm64+0x10000645c)
    #4 void std::__1::allocator<std::__1::thread>::construct[abi:nqe220106]<std::__1::thread, void (*&)(int, int), int&, int&>(std::__1::thread*, void (*&)(int, int), int&, int&) allocator.h:141 (occt_1157_stress:arm64+0x10000645c)
    #5 void std::__1::allocator_traits<std::__1::allocator<std::__1::thread>>::construct[abi:nqe220106]<std::__1::thread, void (*&)(int, int), int&, int&, 0>(std::__1::allocator<std::__1::thread>&, std::__1::thread*, void (*&)(int, int), int&, int&) allocator_traits.h:296 (occt_1157_stress:arm64+0x10000645c)
    #6 std::__1::thread* std::__1::vector<std::__1::thread, std::__1::allocator<std::__1::thread>>::__emplace_back_slow_path<void (*&)(int, int), int&, int&>(void (*&)(int, int), int&, int&) vector.h:1109 (occt_1157_stress:arm64+0x10000645c)
    #7 std::__1::thread& std::__1::vector<std::__1::thread, std::__1::allocator<std::__1::thread>>::emplace_back<void (*&)(int, int), int&, int&>(void (*&)(int, int), int&, int&)::'lambda0'()::operator()() const vector.h:1149 (occt_1157_stress:arm64+0x100003918)
    #8 void std::__1::__if_likely_else[abi:nqe220106]<std::__1::thread& std::__1::vector<std::__1::thread, std::__1::allocator<std::__1::thread>>::emplace_back<void (*&)(int, int), int&, int&>(void (*&)(int, int), int&, int&)::'lambda'(), std::__1::thread& std::__1::vector<std::__1::thread, std::__1::allocator<std::__1::thread>>::emplace_back<void (*&)(int, int), int&, int&>(void (*&)(int, int), int&, int&)::'lambda0'()>(bool, std::__1::thread& std::__1::vector<std::__1::thread, std::__1::allocator<std::__1::thread>>::emplace_back<void (*&)(int, int), int&, int&>(void (*&)(int, int), int&, int&)::'lambda'(), std::__1::thread& std::__1::vector<std::__1::thread, std::__1::allocator<std::__1::thread>>::emplace_back<void (*&)(int, int), int&, int&>(void (*&)(int, int), int&, int&)::'lambda0'()) vector.h:1129 (occt_1157_stress:arm64+0x100003918)
    #9 std::__1::thread& std::__1::vector<std::__1::thread, std::__1::allocator<std::__1::thread>>::emplace_back<void (*&)(int, int), int&, int&>(void (*&)(int, int), int&, int&) vector.h:1143 (occt_1157_stress:arm64+0x100003918)
    #10 runOne(char const*, int, int) occt_1157_stress.cpp:359 (occt_1157_stress:arm64+0x100003918)
    #11 main occt_1157_stress.cpp:396 (occt_1157_stress:arm64+0x100002de4)

SUMMARY: ThreadSanitizer: data race Interface_StaticStandards.cxx:24 in Interface_Static::Standards()
==================
==================
WARNING: ThreadSanitizer: data race (pid=70666)
  Read of size 8 at 0x0001063f7ee0 by thread T6:
    #0 NCollection_DataMap<TCollection_AsciiString, opencascade::handle<Standard_Transient>, NCollection_DefaultHasher<TCollection_AsciiString>>::lookup(TCollection_AsciiString const&, NCollection_DataMap<TCollection_AsciiString, opencascade::handle<Standard_Transient>, NCollection_DefaultHasher<TCollection_AsciiString>>::DataMapNode*&) const NCollection_DataMap.hxx:741 (occt_1157_stress:arm64+0x10133e8fc)
    #1 NCollection_DataMap<TCollection_AsciiString, opencascade::handle<Standard_Transient>, NCollection_DefaultHasher<TCollection_AsciiString>>::Find(TCollection_AsciiString const&, opencascade::handle<Standard_Transient>&) const NCollection_DataMap.hxx:685 (occt_1157_stress:arm64+0x10133e8fc)
    #2 Interface_Static::Static(char const*) Interface_Static.cxx:295 (occt_1157_stress:arm64+0x10133e8fc)
    #3 XSControl_Controller::TraceStatic(char const*, int) XSControl_Controller.cxx:80 (occt_1157_stress:arm64+0x1013d53b8)
    #4 XSControl_Controller::XSControl_Controller(char const*, char const*) XSControl_Controller.cxx:70 (occt_1157_stress:arm64+0x1013d5290)
    #5 IGESControl_Controller::IGESControl_Controller(bool) IGESControl_Controller.cxx:72 (occt_1157_stress:arm64+0x10037b2f0)
    #6 IGESControl_Controller::IGESControl_Controller(bool) IGESControl_Controller.cxx:75 (occt_1157_stress:arm64+0x100380880)
    #7 IGESControl_Controller::Init() IGESControl_Controller.cxx:364 (occt_1157_stress:arm64+0x100380880)
    #8 IGESControl_Writer::IGESControl_Writer(char const*, int) IGESControl_Writer.cxx:73 (occt_1157_stress:arm64+0x10038b868)
    #9 IGESControl_Writer::IGESControl_Writer(char const*, int) IGESControl_Writer.cxx:72 (occt_1157_stress:arm64+0x10038ba30)
    #10 runIgesWriteIndependent(int, int) occt_1157_stress.cpp:160 (occt_1157_stress:arm64+0x100001b50)
    #11 std::__1::__invoke_result_impl<void, void (*)(int, int), int, int>::type std::__1::__invoke[abi:nqe220106]<void (*)(int, int), int, int>(void (*&&)(int, int), int&&, int&&) invoke.h:90 (occt_1157_stress:arm64+0x100006214)
    #12 void std::__1::__thread_execute[abi:nqe220106]<std::__1::unique_ptr<std::__1::__thread_struct, std::__1::default_delete<std::__1::__thread_struct>>, void (*)(int, int), int, int, 0ul, 1ul, 2ul>(std::__1::tuple<std::__1::unique_ptr<std::__1::__thread_struct, std::__1::default_delete<std::__1::__thread_struct>>, void (*)(int, int), int, int>&, std::__1::__integer_sequence<unsigned long, 0ul, 1ul, 2ul>) thread.h:161 (occt_1157_stress:arm64+0x100006214)
    #13 void* std::__1::__thread_proxy[abi:nqe220106]<std::__1::tuple<std::__1::unique_ptr<std::__1::__thread_struct, std::__1::default_delete<std::__1::__thread_struct>>, void (*)(int, int), int, int>>(void*) thread.h:169 (occt_1157_stress:arm64+0x100006214)

  Previous write of size 8 at 0x0001063f7ee0 by thread T1:
    #0 void Standard::Free<NCollection_ListNode*>(NCollection_ListNode**&) Standard.hxx:61 (occt_1157_stress:arm64+0x1008dfb18)
    #1 NCollection_BaseMap::EndResize(unsigned long, unsigned long, NCollection_ListNode**, NCollection_ListNode**) NCollection_BaseMap.cxx:63 (occt_1157_stress:arm64+0x1008dfb18)
    #2 NCollection_DataMap<TCollection_AsciiString, opencascade::handle<Standard_Transient>, NCollection_DefaultHasher<TCollection_AsciiString>>::ReSize(unsigned long) NCollection_DataMap.hxx:387 (occt_1157_stress:arm64+0x1008402f8)
    #3 NCollection_DataMap<TCollection_AsciiString, opencascade::handle<Standard_Transient>, NCollection_DefaultHasher<TCollection_AsciiString>>::ReSize(int) NCollection_DataMap.hxx:394 (occt_1157_stress:arm64+0x10083fdc4)
    #4 std::__1::conditional<false, opencascade::handle<Standard_Transient>&, bool>::type NCollection_DataMap<TCollection_AsciiString, opencascade::handle<Standard_Transient>, NCollection_DefaultHasher<TCollection_AsciiString>>::emplaceImpl<TCollection_AsciiString, false, false, opencascade::handle<Standard_Transient> const&>(TCollection_AsciiString&&, std::__1::integral_constant<bool, false>, std::__1::integral_constant<bool, false>, opencascade::handle<Standard_Transient> const&) NCollection_DataMap.hxx:795 (occt_1157_stress:arm64+0x10083fdc4)
    #5 NCollection_DataMap<TCollection_AsciiString, opencascade::handle<Standard_Transient>, NCollection_DefaultHasher<TCollection_AsciiString>>::Bind(TCollection_AsciiString&&, opencascade::handle<Standard_Transient> const&) NCollection_DataMap.hxx:414 (occt_1157_stress:arm64+0x10133e764)
    #6 Interface_Static::Init(char const*, char const*, Interface_ParamType, char const*) Interface_Static.cxx:183 (occt_1157_stress:arm64+0x10133e764)
    #7 Interface_Static::Init(char const*, char const*, char, char const*) Interface_Static.cxx:275 (occt_1157_stress:arm64+0x10133ec84)
    #8 Interface_Static::Standards() Interface_StaticStandards.cxx:33 (occt_1157_stress:arm64+0x101340c08)
    #9 XSControl_Controller::XSControl_Controller(char const*, char const*) XSControl_Controller.cxx:69 (occt_1157_stress:arm64+0x1013d527c)
    #10 IGESControl_Controller::IGESControl_Controller(bool) IGESControl_Controller.cxx:72 (occt_1157_stress:arm64+0x10037b2f0)
    #11 IGESControl_Controller::IGESControl_Controller(bool) IGESControl_Controller.cxx:75 (occt_1157_stress:arm64+0x100380880)
    #12 IGESControl_Controller::Init() IGESControl_Controller.cxx:364 (occt_1157_stress:arm64+0x100380880)
    #13 IGESControl_Writer::IGESControl_Writer(char const*, int) IGESControl_Writer.cxx:73 (occt_1157_stress:arm64+0x10038b868)
    #14 IGESControl_Writer::IGESControl_Writer(char const*, int) IGESControl_Writer.cxx:72 (occt_1157_stress:arm64+0x10038ba30)
    #15 runIgesWriteIndependent(int, int) occt_1157_stress.cpp:160 (occt_1157_stress:arm64+0x100001b50)
    #16 std::__1::__invoke_result_impl<void, void (*)(int, int), int, int>::type std::__1::__invoke[abi:nqe220106]<void (*)(int, int), int, int>(void (*&&)(int, int), int&&, int&&) invoke.h:90 (occt_1157_stress:arm64+0x100006214)
    #17 void std::__1::__thread_execute[abi:nqe220106]<std::__1::unique_ptr<std::__1::__thread_struct, std::__1::default_delete<std::__1::__thread_struct>>, void (*)(int, int), int, int, 0ul, 1ul, 2ul>(std::__1::tuple<std::__1::unique_ptr<std::__1::__thread_struct, std::__1::default_delete<std::__1::__thread_struct>>, void (*)(int, int), int, int>&, std::__1::__integer_sequence<unsigned long, 0ul, 1ul, 2ul>) thread.h:161 (occt_1157_stress:arm64+0x100006214)
    #18 void* std::__1::__thread_proxy[abi:nqe220106]<std::__1::tuple<std::__1::unique_ptr<std::__1::__thread_struct, std::__1::default_delete<std::__1::__thread_struct>>, void (*)(int, int), int, int>>(void*) thread.h:169 (occt_1157_stress:arm64+0x100006214)

  Location is global 'astats' at 0x0001063f7ed0 (occt_1157_stress+0x101cb3ee0)

  Thread T6 (tid=14909939, running) created by main thread at:
    #0 pthread_create <null> (libclang_rt.tsan_osx_dynamic.dylib:arm64e+0x33bac)
    #1 std::__1::__libcpp_thread_create[abi:nqe220106](_opaque_pthread_t**, void* (*)(void*), void*) pthread.h:182 (occt_1157_stress:arm64+0x1000060dc)
    #2 std::__1::thread::thread[abi:nqe220106]<void (*&)(int, int), int&, int&, 0>(void (*&)(int, int), int&, int&) thread.h:221 (occt_1157_stress:arm64+0x1000060dc)
    #3 std::__1::thread::thread[abi:nqe220106]<void (*&)(int, int), int&, int&, 0>(void (*&)(int, int), int&, int&) thread.h:212 (occt_1157_stress:arm64+0x1000038c8)
    #4 void std::__1::allocator<std::__1::thread>::construct[abi:nqe220106]<std::__1::thread, void (*&)(int, int), int&, int&>(std::__1::thread*, void (*&)(int, int), int&, int&) allocator.h:141 (occt_1157_stress:arm64+0x1000038c8)
    #5 void std::__1::allocator_traits<std::__1::allocator<std::__1::thread>>::construct[abi:nqe220106]<std::__1::thread, void (*&)(int, int), int&, int&, 0>(std::__1::allocator<std::__1::thread>&, std::__1::thread*, void (*&)(int, int), int&, int&) allocator_traits.h:296 (occt_1157_stress:arm64+0x1000038c8)
    #6 void std::__1::vector<std::__1::thread, std::__1::allocator<std::__1::thread>>::__emplace_back_assume_capacity[abi:nqe220106]<void (*&)(int, int), int&, int&>(void (*&)(int, int), int&, int&) vector.h:483 (occt_1157_stress:arm64+0x1000038c8)
    #7 std::__1::thread& std::__1::vector<std::__1::thread, std::__1::allocator<std::__1::thread>>::emplace_back<void (*&)(int, int), int&, int&>(void (*&)(int, int), int&, int&)::'lambda'()::operator()() const vector.h:1146 (occt_1157_stress:arm64+0x1000038c8)
    #8 void std::__1::__if_likely_else[abi:nqe220106]<std::__1::thread& std::__1::vector<std::__1::thread, std::__1::allocator<std::__1::thread>>::emplace_back<void (*&)(int, int), int&, int&>(void (*&)(int, int), int&, int&)::'lambda'(), std::__1::thread& std::__1::vector<std::__1::thread, std::__1::allocator<std::__1::thread>>::emplace_back<void (*&)(int, int), int&, int&>(void (*&)(int, int), int&, int&)::'lambda0'()>(bool, std::__1::thread& std::__1::vector<std::__1::thread, std::__1::allocator<std::__1::thread>>::emplace_back<void (*&)(int, int), int&, int&>(void (*&)(int, int), int&, int&)::'lambda'(), std::__1::thread& std::__1::vector<std::__1::thread, std::__1::allocator<std::__1::thread>>::emplace_back<void (*&)(int, int), int&, int&>(void (*&)(int, int), int&, int&)::'lambda0'()) vector.h:1127 (occt_1157_stress:arm64+0x1000038c8)
    #9 std::__1::thread& std::__1::vector<std::__1::thread, std::__1::allocator<std::__1::thread>>::emplace_back<void (*&)(int, int), int&, int&>(void (*&)(int, int), int&, int&) vector.h:1143 (occt_1157_stress:arm64+0x1000038c8)
    #10 runOne(char const*, int, int) occt_1157_stress.cpp:359 (occt_1157_stress:arm64+0x1000038c8)
    #11 main occt_1157_stress.cpp:396 (occt_1157_stress:arm64+0x100002de4)

  Thread T1 (tid=14909934, running) created by main thread at:
    #0 pthread_create <null> (libclang_rt.tsan_osx_dynamic.dylib:arm64e+0x33bac)
    #1 std::__1::__libcpp_thread_create[abi:nqe220106](_opaque_pthread_t**, void* (*)(void*), void*) pthread.h:182 (occt_1157_stress:arm64+0x1000060dc)
    #2 std::__1::thread::thread[abi:nqe220106]<void (*&)(int, int), int&, int&, 0>(void (*&)(int, int), int&, int&) thread.h:221 (occt_1157_stress:arm64+0x1000060dc)
    #3 std::__1::thread::thread[abi:nqe220106]<void (*&)(int, int), int&, int&, 0>(void (*&)(int, int), int&, int&) thread.h:212 (occt_1157_stress:arm64+0x10000645c)
    #4 void std::__1::allocator<std::__1::thread>::construct[abi:nqe220106]<std::__1::thread, void (*&)(int, int), int&, int&>(std::__1::thread*, void (*&)(int, int), int&, int&) allocator.h:141 (occt_1157_stress:arm64+0x10000645c)
    #5 void std::__1::allocator_traits<std::__1::allocator<std::__1::thread>>::construct[abi:nqe220106]<std::__1::thread, void (*&)(int, int), int&, int&, 0>(std::__1::allocator<std::__1::thread>&, std::__1::thread*, void (*&)(int, int), int&, int&) allocator_traits.h:296 (occt_1157_stress:arm64+0x10000645c)
    #6 std::__1::thread* std::__1::vector<std::__1::thread, std::__1::allocator<std::__1::thread>>::__emplace_back_slow_path<void (*&)(int, int), int&, int&>(void (*&)(int, int), int&, int&) vector.h:1109 (occt_1157_stress:arm64+0x10000645c)
    #7 std::__1::thread& std::__1::vector<std::__1::thread, std::__1::allocator<std::__1::thread>>::emplace_back<void (*&)(int, int), int&, int&>(void (*&)(int, int), int&, int&)::'lambda0'()::operator()() const vector.h:1149 (occt_1157_stress:arm64+0x100003918)
    #8 void std::__1::__if_likely_else[abi:nqe220106]<std::__1::thread& std::__1::vector<std::__1::thread, std::__1::allocator<std::__1::thread>>::emplace_back<void (*&)(int, int), int&, int&>(void (*&)(int, int), int&, int&)::'lambda'(), std::__1::thread& std::__1::vector<std::__1::thread, std::__1::allocator<std::__1::thread>>::emplace_back<void (*&)(int, int), int&, int&>(void (*&)(int, int), int&, int&)::'lambda0'()>(bool, std::__1::thread& std::__1::vector<std::__1::thread, std::__1::allocator<std::__1::thread>>::emplace_back<void (*&)(int, int), int&, int&>(void (*&)(int, int), int&, int&)::'lambda'(), std::__1::thread& std::__1::vector<std::__1::thread, std::__1::allocator<std::__1::thread>>::emplace_back<void (*&)(int, int), int&, int&>(void (*&)(int, int), int&, int&)::'lambda0'()) vector.h:1129 (occt_1157_stress:arm64+0x100003918)
    #9 std::__1::thread& std::__1::vector<std::__1::thread, std::__1::allocator<std::__1::thread>>::emplace_back<void (*&)(int, int), int&, int&>(void (*&)(int, int), int&, int&) vector.h:1143 (occt_1157_stress:arm64+0x100003918)
    #10 runOne(char const*, int, int) occt_1157_stress.cpp:359 (occt_1157_stress:arm64+0x100003918)
    #11 main occt_1157_stress.cpp:396 (occt_1157_stress:arm64+0x100002de4)

SUMMARY: ThreadSanitizer: data race NCollection_DataMap.hxx:741 in NCollection_DataMap<TCollection_AsciiString, opencascade::handle<Standard_Transient>, NCollection_DefaultHasher<TCollection_AsciiString>>::lookup(TCollection_AsciiString const&, NCollection_DataMap<TCollection_AsciiString, opencascade::handle<Standard_Transient>, NCollection_DefaultHasher<TCollection_AsciiString>>::DataMapNode*&) const
==================
==================
WARNING: ThreadSanitizer: data race (pid=70666)
  Read of size 8 at 0x0001063f7ef8 by thread T5:
    #0 NCollection_BaseMap::IsEmpty() const NCollection_BaseMap.hxx:157 (occt_1157_stress:arm64+0x10133e8ec)
    #1 NCollection_DataMap<TCollection_AsciiString, opencascade::handle<Standard_Transient>, NCollection_DefaultHasher<TCollection_AsciiString>>::lookup(TCollection_AsciiString const&, NCollection_DataMap<TCollection_AsciiString, opencascade::handle<Standard_Transient>, NCollection_DefaultHasher<TCollection_AsciiString>>::DataMapNode*&) const NCollection_DataMap.hxx:739 (occt_1157_stress:arm64+0x10133e8ec)
    #2 NCollection_DataMap<TCollection_AsciiString, opencascade::handle<Standard_Transient>, NCollection_DefaultHasher<TCollection_AsciiString>>::Find(TCollection_AsciiString const&, opencascade::handle<Standard_Transient>&) const NCollection_DataMap.hxx:685 (occt_1157_stress:arm64+0x10133e8ec)
    #3 Interface_Static::Static(char const*) Interface_Static.cxx:295 (occt_1157_stress:arm64+0x10133e8ec)
    #4 XSControl_Controller::TraceStatic(char const*, int) XSControl_Controller.cxx:80 (occt_1157_stress:arm64+0x1013d53b8)
    #5 XSControl_Controller::XSControl_Controller(char const*, char const*) XSControl_Controller.cxx:70 (occt_1157_stress:arm64+0x1013d5290)
    #6 IGESControl_Controller::IGESControl_Controller(bool) IGESControl_Controller.cxx:72 (occt_1157_stress:arm64+0x10037b2f0)
    #7 IGESControl_Controller::IGESControl_Controller(bool) IGESControl_Controller.cxx:75 (occt_1157_stress:arm64+0x100380880)
    #8 IGESControl_Controller::Init() IGESControl_Controller.cxx:364 (occt_1157_stress:arm64+0x100380880)
    #9 IGESControl_Writer::IGESControl_Writer(char const*, int) IGESControl_Writer.cxx:73 (occt_1157_stress:arm64+0x10038b868)
    #10 IGESControl_Writer::IGESControl_Writer(char const*, int) IGESControl_Writer.cxx:72 (occt_1157_stress:arm64+0x10038ba30)
    #11 runIgesWriteIndependent(int, int) occt_1157_stress.cpp:160 (occt_1157_stress:arm64+0x100001b50)
    #12 std::__1::__invoke_result_impl<void, void (*)(int, int), int, int>::type std::__1::__invoke[abi:nqe220106]<void (*)(int, int), int, int>(void (*&&)(int, int), int&&, int&&) invoke.h:90 (occt_1157_stress:arm64+0x100006214)
    #13 void std::__1::__thread_execute[abi:nqe220106]<std::__1::unique_ptr<std::__1::__thread_struct, std::__1::default_delete<std::__1::__thread_struct>>, void (*)(int, int), int, int, 0ul, 1ul, 2ul>(std::__1::tuple<std::__1::unique_ptr<std::__1::__thread_struct, std::__1::default_delete<std::__1::__thread_struct>>, void (*)(int, int), int, int>&, std::__1::__integer_sequence<unsigned long, 0ul, 1ul, 2ul>) thread.h:161 (occt_1157_stress:arm64+0x100006214)
    #14 void* std::__1::__thread_proxy[abi:nqe220106]<std::__1::tuple<std::__1::unique_ptr<std::__1::__thread_struct, std::__1::default_delete<std::__1::__thread_struct>>, void (*)(int, int), int, int>>(void*) thread.h:169 (occt_1157_stress:arm64+0x100006214)

  Previous write of size 8 at 0x0001063f7ef8 by thread T1:
    #0 NCollection_BaseMap::Increment() NCollection_BaseMap.hxx:220 (occt_1157_stress:arm64+0x10083ff20)
    #1 std::__1::conditional<false, opencascade::handle<Standard_Transient>&, bool>::type NCollection_DataMap<TCollection_AsciiString, opencascade::handle<Standard_Transient>, NCollection_DefaultHasher<TCollection_AsciiString>>::emplaceImpl<TCollection_AsciiString, false, false, opencascade::handle<Standard_Transient> const&>(TCollection_AsciiString&&, std::__1::integral_constant<bool, false>, std::__1::integral_constant<bool, false>, opencascade::handle<Standard_Transient> const&) NCollection_DataMap.hxx:814 (occt_1157_stress:arm64+0x10083ff20)
    #2 NCollection_DataMap<TCollection_AsciiString, opencascade::handle<Standard_Transient>, NCollection_DefaultHasher<TCollection_AsciiString>>::Bind(TCollection_AsciiString&&, opencascade::handle<Standard_Transient> const&) NCollection_DataMap.hxx:414 (occt_1157_stress:arm64+0x10133e764)
    #3 Interface_Static::Init(char const*, char const*, Interface_ParamType, char const*) Interface_Static.cxx:183 (occt_1157_stress:arm64+0x10133e764)
    #4 Interface_Static::Init(char const*, char const*, char, char const*) Interface_Static.cxx:275 (occt_1157_stress:arm64+0x10133ec84)
    #5 Interface_Static::Standards() Interface_StaticStandards.cxx:56 (occt_1157_stress:arm64+0x101340d88)
    #6 XSControl_Controller::XSControl_Controller(char const*, char const*) XSControl_Controller.cxx:69 (occt_1157_stress:arm64+0x1013d527c)
    #7 IGESControl_Controller::IGESControl_Controller(bool) IGESControl_Controller.cxx:72 (occt_1157_stress:arm64+0x10037b2f0)
    #8 IGESControl_Controller::IGESControl_Controller(bool) IGESControl_Controller.cxx:75 (occt_1157_stress:arm64+0x100380880)
    #9 IGESControl_Controller::Init() IGESControl_Controller.cxx:364 (occt_1157_stress:arm64+0x100380880)
    #10 IGESControl_Writer::IGESControl_Writer(char const*, int) IGESControl_Writer.cxx:73 (occt_1157_stress:arm64+0x10038b868)
    #11 IGESControl_Writer::IGESControl_Writer(char const*, int) IGESControl_Writer.cxx:72 (occt_1157_stress:arm64+0x10038ba30)
    #12 runIgesWriteIndependent(int, int) occt_1157_stress.cpp:160 (occt_1157_stress:arm64+0x100001b50)
    #13 std::__1::__invoke_result_impl<void, void (*)(int, int), int, int>::type std::__1::__invoke[abi:nqe220106]<void (*)(int, int), int, int>(void (*&&)(int, int), int&&, int&&) invoke.h:90 (occt_1157_stress:arm64+0x100006214)
    #14 void std::__1::__thread_execute[abi:nqe220106]<std::__1::unique_ptr<std::__1::__thread_struct, std::__1::default_delete<std::__1::__thread_struct>>, void (*)(int, int), int, int, 0ul, 1ul, 2ul>(std::__1::tuple<std::__1::unique_ptr<std::__1::__thread_struct, std::__1::default_delete<std::__1::__thread_struct>>, void (*)(int, int), int, int>&, std::__1::__integer_sequence<unsigned long, 0ul, 1ul, 2ul>) thread.h:161 (occt_1157_stress:arm64+0x100006214)
    #15 void* std::__1::__thread_proxy[abi:nqe220106]<std::__1::tuple<std::__1::unique_ptr<std::__1::__thread_struct, std::__1::default_delete<std::__1::__thread_struct>>, void (*)(int, int), int, int>>(void*) thread.h:169 (occt_1157_stress:arm64+0x100006214)

  Location is global 'astats' at 0x0001063f7ed0 (occt_1157_stress+0x101cb3ef8)

  Thread T5 (tid=14909938, running) created by main thread at:
    #0 pthread_create <null> (libclang_rt.tsan_osx_dynamic.dylib:arm64e+0x33bac)
    #1 std::__1::__libcpp_thread_create[abi:nqe220106](_opaque_pthread_t**, void* (*)(void*), void*) pthread.h:182 (occt_1157_stress:arm64+0x1000060dc)
    #2 std::__1::thread::thread[abi:nqe220106]<void (*&)(int, int), int&, int&, 0>(void (*&)(int, int), int&, int&) thread.h:221 (occt_1157_stress:arm64+0x1000060dc)
    #3 std::__1::thread::thread[abi:nqe220106]<void (*&)(int, int), int&, int&, 0>(void (*&)(int, int), int&, int&) thread.h:212 (occt_1157_stress:arm64+0x10000645c)
    #4 void std::__1::allocator<std::__1::thread>::construct[abi:nqe220106]<std::__1::thread, void (*&)(int, int), int&, int&>(std::__1::thread*, void (*&)(int, int), int&, int&) allocator.h:141 (occt_1157_stress:arm64+0x10000645c)
    #5 void std::__1::allocator_traits<std::__1::allocator<std::__1::thread>>::construct[abi:nqe220106]<std::__1::thread, void (*&)(int, int), int&, int&, 0>(std::__1::allocator<std::__1::thread>&, std::__1::thread*, void (*&)(int, int), int&, int&) allocator_traits.h:296 (occt_1157_stress:arm64+0x10000645c)
    #6 std::__1::thread* std::__1::vector<std::__1::thread, std::__1::allocator<std::__1::thread>>::__emplace_back_slow_path<void (*&)(int, int), int&, int&>(void (*&)(int, int), int&, int&) vector.h:1109 (occt_1157_stress:arm64+0x10000645c)
    #7 std::__1::thread& std::__1::vector<std::__1::thread, std::__1::allocator<std::__1::thread>>::emplace_back<void (*&)(int, int), int&, int&>(void (*&)(int, int), int&, int&)::'lambda0'()::operator()() const vector.h:1149 (occt_1157_stress:arm64+0x100003918)
    #8 void std::__1::__if_likely_else[abi:nqe220106]<std::__1::thread& std::__1::vector<std::__1::thread, std::__1::allocator<std::__1::thread>>::emplace_back<void (*&)(int, int), int&, int&>(void (*&)(int, int), int&, int&)::'lambda'(), std::__1::thread& std::__1::vector<std::__1::thread, std::__1::allocator<std::__1::thread>>::emplace_back<void (*&)(int, int), int&, int&>(void (*&)(int, int), int&, int&)::'lambda0'()>(bool, std::__1::thread& std::__1::vector<std::__1::thread, std::__1::allocator<std::__1::thread>>::emplace_back<void (*&)(int, int), int&, int&>(void (*&)(int, int), int&, int&)::'lambda'(), std::__1::thread& std::__1::vector<std::__1::thread, std::__1::allocator<std::__1::thread>>::emplace_back<void (*&)(int, int), int&, int&>(void (*&)(int, int), int&, int&)::'lambda0'()) vector.h:1129 (occt_1157_stress:arm64+0x100003918)
    #9 std::__1::thread& std::__1::vector<std::__1::thread, std::__1::allocator<std::__1::thread>>::emplace_back<void (*&)(int, int), int&, int&>(void (*&)(int, int), int&, int&) vector.h:1143 (occt_1157_stress:arm64+0x100003918)
    #10 runOne(char const*, int, int) occt_1157_stress.cpp:359 (occt_1157_stress:arm64+0x100003918)
    #11 main occt_1157_stress.cpp:396 (occt_1157_stress:arm64+0x100002de4)

  Thread T1 (tid=14909934, running) created by main thread at:
    #0 pthread_create <null> (libclang_rt.tsan_osx_dynamic.dylib:arm64e+0x33bac)
    #1 std::__1::__libcpp_thread_create[abi:nqe220106](_opaque_pthread_t**, void* (*)(void*), void*) pthread.h:182 (occt_1157_stress:arm64+0x1000060dc)
    #2 std::__1::thread::thread[abi:nqe220106]<void (*&)(int, int), int&, int&, 0>(void (*&)(int, int), int&, int&) thread.h:221 (occt_1157_stress:arm64+0x1000060dc)
    #3 std::__1::thread::thread[abi:nqe220106]<void (*&)(int, int), int&, int&, 0>(void (*&)(int, int), int&, int&) thread.h:212 (occt_1157_stress:arm64+0x10000645c)
    #4 void std::__1::allocator<std::__1::thread>::construct[abi:nqe220106]<std::__1::thread, void (*&)(int, int), int&, int&>(std::__1::thread*, void (*&)(int, int), int&, int&) allocator.h:141 (occt_1157_stress:arm64+0x10000645c)
    #5 void std::__1::allocator_traits<std::__1::allocator<std::__1::thread>>::construct[abi:nqe220106]<std::__1::thread, void (*&)(int, int), int&, int&, 0>(std::__1::allocator<std::__1::thread>&, std::__1::thread*, void (*&)(int, int), int&, int&) allocator_traits.h:296 (occt_1157_stress:arm64+0x10000645c)
    #6 std::__1::thread* std::__1::vector<std::__1::thread, std::__1::allocator<std::__1::thread>>::__emplace_back_slow_path<void (*&)(int, int), int&, int&>(void (*&)(int, int), int&, int&) vector.h:1109 (occt_1157_stress:arm64+0x10000645c)
    #7 std::__1::thread& std::__1::vector<std::__1::thread, std::__1::allocator<std::__1::thread>>::emplace_back<void (*&)(int, int), int&, int&>(void (*&)(int, int), int&, int&)::'lambda0'()::operator()() const vector.h:1149 (occt_1157_stress:arm64+0x100003918)
    #8 void std::__1::__if_likely_else[abi:nqe220106]<std::__1::thread& std::__1::vector<std::__1::thread, std::__1::allocator<std::__1::thread>>::emplace_back<void (*&)(int, int), int&, int&>(void (*&)(int, int), int&, int&)::'lambda'(), std::__1::thread& std::__1::vector<std::__1::thread, std::__1::allocator<std::__1::thread>>::emplace_back<void (*&)(int, int), int&, int&>(void (*&)(int, int), int&, int&)::'lambda0'()>(bool, std::__1::thread& std::__1::vector<std::__1::thread, std::__1::allocator<std::__1::thread>>::emplace_back<void (*&)(int, int), int&, int&>(void (*&)(int, int), int&, int&)::'lambda'(), std::__1::thread& std::__1::vector<std::__1::thread, std::__1::allocator<std::__1::thread>>::emplace_back<void (*&)(int, int), int&, int&>(void (*&)(int, int), int&, int&)::'lambda0'()) vector.h:1129 (occt_1157_stress:arm64+0x100003918)
    #9 std::__1::thread& std::__1::vector<std::__1::thread, std::__1::allocator<std::__1::thread>>::emplace_back<void (*&)(int, int), int&, int&>(void (*&)(int, int), int&, int&) vector.h:1143 (occt_1157_stress:arm64+0x100003918)
    #10 runOne(char const*, int, int) occt_1157_stress.cpp:359 (occt_1157_stress:arm64+0x100003918)
    #11 main occt_1157_stress.cpp:396 (occt_1157_stress:arm64+0x100002de4)

SUMMARY: ThreadSanitizer: data race NCollection_BaseMap.hxx:157 in NCollection_BaseMap::IsEmpty() const
==================
==================
WARNING: ThreadSanitizer: data race (pid=70666)
  Read of size 4 at 0x00010ff02758 by thread T6:
    #0 TCollection_AsciiString::IsEqual(char const*, int) const TCollection_AsciiString.cxx:769 (occt_1157_stress:arm64+0x1008d0e1c)
    #1 TCollection_AsciiString::IsEqual(TCollection_AsciiString const&) const TCollection_AsciiString.lxx:249 (occt_1157_stress:arm64+0x10133e9d0)
    #2 TCollection_AsciiString::operator==(TCollection_AsciiString const&) const TCollection_AsciiString.lxx:841 (occt_1157_stress:arm64+0x10133e9d0)
    #3 std::__1::equal_to<TCollection_AsciiString>::operator()[abi:nqe210106](TCollection_AsciiString const&, TCollection_AsciiString const&) const operations.h:300 (occt_1157_stress:arm64+0x10133e9d0)
    #4 std::__1::enable_if<!std::is_enum<TCollection_AsciiString>::value, bool>::type NCollection_DefaultHasher<TCollection_AsciiString>::IsEqual<TCollection_AsciiString>(TCollection_AsciiString const&, TCollection_AsciiString const&) const NCollection_DefaultHasher.hxx:59 (occt_1157_stress:arm64+0x10133e9d0)
    #5 NCollection_DefaultHasher<TCollection_AsciiString>::operator()(TCollection_AsciiString const&, TCollection_AsciiString const&) const NCollection_DefaultHasher.hxx:41 (occt_1157_stress:arm64+0x10133e9d0)
    #6 NCollection_DataMap<TCollection_AsciiString, opencascade::handle<Standard_Transient>, NCollection_DefaultHasher<TCollection_AsciiString>>::IsEqual(TCollection_AsciiString const&, TCollection_AsciiString const&) const NCollection_DataMap.hxx:772 (occt_1157_stress:arm64+0x10133e9d0)
    #7 NCollection_DataMap<TCollection_AsciiString, opencascade::handle<Standard_Transient>, NCollection_DefaultHasher<TCollection_AsciiString>>::lookup(TCollection_AsciiString const&, NCollection_DataMap<TCollection_AsciiString, opencascade::handle<Standard_Transient>, NCollection_DefaultHasher<TCollection_AsciiString>>::DataMapNode*&) const NCollection_DataMap.hxx:744 (occt_1157_stress:arm64+0x10133e9d0)
    #8 NCollection_DataMap<TCollection_AsciiString, opencascade::handle<Standard_Transient>, NCollection_DefaultHasher<TCollection_AsciiString>>::Find(TCollection_AsciiString const&, opencascade::handle<Standard_Transient>&) const NCollection_DataMap.hxx:685 (occt_1157_stress:arm64+0x10133e9d0)
    #9 Interface_Static::Static(char const*) Interface_Static.cxx:295 (occt_1157_stress:arm64+0x10133e9d0)
    #10 XSControl_Controller::TraceStatic(char const*, int) XSControl_Controller.cxx:80 (occt_1157_stress:arm64+0x1013d53b8)
    #11 XSControl_Controller::XSControl_Controller(char const*, char const*) XSControl_Controller.cxx:70 (occt_1157_stress:arm64+0x1013d5290)
    #12 IGESControl_Controller::IGESControl_Controller(bool) IGESControl_Controller.cxx:72 (occt_1157_stress:arm64+0x10037b2f0)
    #13 IGESControl_Controller::IGESControl_Controller(bool) IGESControl_Controller.cxx:75 (occt_1157_stress:arm64+0x100380880)
    #14 IGESControl_Controller::Init() IGESControl_Controller.cxx:364 (occt_1157_stress:arm64+0x100380880)
    #15 IGESControl_Writer::IGESControl_Writer(char const*, int) IGESControl_Writer.cxx:73 (occt_1157_stress:arm64+0x10038b868)
    #16 IGESControl_Writer::IGESControl_Writer(char const*, int) IGESControl_Writer.cxx:72 (occt_1157_stress:arm64+0x10038ba30)
    #17 runIgesWriteIndependent(int, int) occt_1157_stress.cpp:160 (occt_1157_stress:arm64+0x100001b50)
    #18 std::__1::__invoke_result_impl<void, void (*)(int, int), int, int>::type std::__1::__invoke[abi:nqe220106]<void (*)(int, int), int, int>(void (*&&)(int, int), int&&, int&&) invoke.h:90 (occt_1157_stress:arm64+0x100006214)
    #19 void std::__1::__thread_execute[abi:nqe220106]<std::__1::unique_ptr<std::__1::__thread_struct, std::__1::default_delete<std::__1::__thread_struct>>, void (*)(int, int), int, int, 0ul, 1ul, 2ul>(std::__1::tuple<std::__1::unique_ptr<std::__1::__thread_struct, std::__1::default_delete<std::__1::__thread_struct>>, void (*)(int, int), int, int>&, std::__1::__integer_sequence<unsigned long, 0ul, 1ul, 2ul>) thread.h:161 (occt_1157_stress:arm64+0x100006214)
    #20 void* std::__1::__thread_proxy[abi:nqe220106]<std::__1::tuple<std::__1::unique_ptr<std::__1::__thread_struct, std::__1::default_delete<std::__1::__thread_struct>>, void (*)(int, int), int, int>>(void*) thread.h:169 (occt_1157_stress:arm64+0x100006214)

  Previous write of size 4 at 0x00010ff02758 by thread T1:
    #0 TCollection_AsciiString::TCollection_AsciiString(TCollection_AsciiString&&) TCollection_AsciiString.hxx:1529 (occt_1157_stress:arm64+0x1008cd9dc)
    #1 TCollection_AsciiString::TCollection_AsciiString(TCollection_AsciiString&&) TCollection_AsciiString.cxx:175 (occt_1157_stress:arm64+0x1008cd9dc)
    #2 NCollection_DataMap<TCollection_AsciiString, opencascade::handle<Standard_Transient>, NCollection_DefaultHasher<TCollection_AsciiString>>::DataMapNode::DataMapNode<TCollection_AsciiString, opencascade::handle<Standard_Transient> const&>(TCollection_AsciiString&&, std::__1::in_place_t, NCollection_ListNode*, opencascade::handle<Standard_Transient> const&) NCollection_DataMap.hxx:101 (occt_1157_stress:arm64+0x10083fef4)
    #3 NCollection_DataMap<TCollection_AsciiString, opencascade::handle<Standard_Transient>, NCollection_DefaultHasher<TCollection_AsciiString>>::DataMapNode::DataMapNode<TCollection_AsciiString, opencascade::handle<Standard_Transient> const&>(TCollection_AsciiString&&, std::__1::in_place_t, NCollection_ListNode*, opencascade::handle<Standard_Transient> const&) NCollection_DataMap.hxx:102 (occt_1157_stress:arm64+0x10083fef4)
    #4 std::__1::conditional<false, opencascade::handle<Standard_Transient>&, bool>::type NCollection_DataMap<TCollection_AsciiString, opencascade::handle<Standard_Transient>, NCollection_DefaultHasher<TCollection_AsciiString>>::emplaceImpl<TCollection_AsciiString, false, false, opencascade::handle<Standard_Transient> const&>(TCollection_AsciiString&&, std::__1::integral_constant<bool, false>, std::__1::integral_constant<bool, false>, opencascade::handle<Standard_Transient> const&) NCollection_DataMap.hxx:810 (occt_1157_stress:arm64+0x10083fef4)
    #5 NCollection_DataMap<TCollection_AsciiString, opencascade::handle<Standard_Transient>, NCollection_DefaultHasher<TCollection_AsciiString>>::Bind(TCollection_AsciiString&&, opencascade::handle<Standard_Transient> const&) NCollection_DataMap.hxx:414 (occt_1157_stress:arm64+0x10133e764)
    #6 Interface_Static::Init(char const*, char const*, Interface_ParamType, char const*) Interface_Static.cxx:183 (occt_1157_stress:arm64+0x10133e764)
    #7 Interface_Static::Init(char const*, char const*, char, char const*) Interface_Static.cxx:275 (occt_1157_stress:arm64+0x10133ec84)
    #8 Interface_Static::Standards() Interface_StaticStandards.cxx:33 (occt_1157_stress:arm64+0x101340c08)
    #9 XSControl_Controller::XSControl_Controller(char const*, char const*) XSControl_Controller.cxx:69 (occt_1157_stress:arm64+0x1013d527c)
    #10 IGESControl_Controller::IGESControl_Controller(bool) IGESControl_Controller.cxx:72 (occt_1157_stress:arm64+0x10037b2f0)
    #11 IGESControl_Controller::IGESControl_Controller(bool) IGESControl_Controller.cxx:75 (occt_1157_stress:arm64+0x100380880)
    #12 IGESControl_Controller::Init() IGESControl_Controller.cxx:364 (occt_1157_stress:arm64+0x100380880)
    #13 IGESControl_Writer::IGESControl_Writer(char const*, int) IGESControl_Writer.cxx:73 (occt_1157_stress:arm64+0x10038b868)
    #14 IGESControl_Writer::IGESControl_Writer(char const*, int) IGESControl_Writer.cxx:72 (occt_1157_stress:arm64+0x10038ba30)
    #15 runIgesWriteIndependent(int, int) occt_1157_stress.cpp:160 (occt_1157_stress:arm64+0x100001b50)
    #16 std::__1::__invoke_result_impl<void, void (*)(int, int), int, int>::type std::__1::__invoke[abi:nqe220106]<void (*)(int, int), int, int>(void (*&&)(int, int), int&&, int&&) invoke.h:90 (occt_1157_stress:arm64+0x100006214)
    #17 void std::__1::__thread_execute[abi:nqe220106]<std::__1::unique_ptr<std::__1::__thread_struct, std::__1::default_delete<std::__1::__thread_struct>>, void (*)(int, int), int, int, 0ul, 1ul, 2ul>(std::__1::tuple<std::__1::unique_ptr<std::__1::__thread_struct, std::__1::default_delete<std::__1::__thread_struct>>, void (*)(int, int), int, int>&, std::__1::__integer_sequence<unsigned long, 0ul, 1ul, 2ul>) thread.h:161 (occt_1157_stress:arm64+0x100006214)
    #18 void* std::__1::__thread_proxy[abi:nqe220106]<std::__1::tuple<std::__1::unique_ptr<std::__1::__thread_struct, std::__1::default_delete<std::__1::__thread_struct>>, void (*)(int, int), int, int>>(void*) thread.h:169 (occt_1157_stress:arm64+0x100006214)

  Location is heap block of size 32 at 0x00010ff02740 allocated by thread T1:
    #0 calloc <null> (libclang_rt.tsan_osx_dynamic.dylib:arm64e+0x67ff4)
    #1 Standard::Allocate(unsigned long) Standard.cxx:386 (occt_1157_stress:arm64+0x1008bee84)
    #2 NCollection_BaseAllocator::Allocate(unsigned long) NCollection_BaseAllocator.cxx:22 (occt_1157_stress:arm64+0x1008dea8c)
    #3 NCollection_ListNode::operator new(unsigned long, opencascade::handle<NCollection_BaseAllocator> const&) NCollection_ListNode.hxx:30 (occt_1157_stress:arm64+0x10083fe90)
    #4 std::__1::conditional<false, opencascade::handle<Standard_Transient>&, bool>::type NCollection_DataMap<TCollection_AsciiString, opencascade::handle<Standard_Transient>, NCollection_DefaultHasher<TCollection_AsciiString>>::emplaceImpl<TCollection_AsciiString, false, false, opencascade::handle<Standard_Transient> const&>(TCollection_AsciiString&&, std::__1::integral_constant<bool, false>, std::__1::integral_constant<bool, false>, opencascade::handle<Standard_Transient> const&) NCollection_DataMap.hxx:810 (occt_1157_stress:arm64+0x10083fe90)
    #5 NCollection_DataMap<TCollection_AsciiString, opencascade::handle<Standard_Transient>, NCollection_DefaultHasher<TCollection_AsciiString>>::Bind(TCollection_AsciiString&&, opencascade::handle<Standard_Transient> const&) NCollection_DataMap.hxx:414 (occt_1157_stress:arm64+0x10133e764)
    #6 Interface_Static::Init(char const*, char const*, Interface_ParamType, char const*) Interface_Static.cxx:183 (occt_1157_stress:arm64+0x10133e764)
    #7 Interface_Static::Init(char const*, char const*, char, char const*) Interface_Static.cxx:275 (occt_1157_stress:arm64+0x10133ec84)
    #8 Interface_Static::Standards() Interface_StaticStandards.cxx:33 (occt_1157_stress:arm64+0x101340c08)
    #9 XSControl_Controller::XSControl_Controller(char const*, char const*) XSControl_Controller.cxx:69 (occt_1157_stress:arm64+0x1013d527c)
    #10 IGESControl_Controller::IGESControl_Controller(bool) IGESControl_Controller.cxx:72 (occt_1157_stress:arm64+0x10037b2f0)
    #11 IGESControl_Controller::IGESControl_Controller(bool) IGESControl_Controller.cxx:75 (occt_1157_stress:arm64+0x100380880)
    #12 IGESControl_Controller::Init() IGESControl_Controller.cxx:364 (occt_1157_stress:arm64+0x100380880)
    #13 IGESControl_Writer::IGESControl_Writer(char const*, int) IGESControl_Writer.cxx:73 (occt_1157_stress:arm64+0x10038b868)
    #14 IGESControl_Writer::IGESControl_Writer(char const*, int) IGESControl_Writer.cxx:72 (occt_1157_stress:arm64+0x10038ba30)
    #15 runIgesWriteIndependent(int, int) occt_1157_stress.cpp:160 (occt_1157_stress:arm64+0x100001b50)
    #16 std::__1::__invoke_result_impl<void, void (*)(int, int), int, int>::type std::__1::__invoke[abi:nqe220106]<void (*)(int, int), int, int>(void (*&&)(int, int), int&&, int&&) invoke.h:90 (occt_1157_stress:arm64+0x100006214)
    #17 void std::__1::__thread_execute[abi:nqe220106]<std::__1::unique_ptr<std::__1::__thread_struct, std::__1::default_delete<std::__1::__thread_struct>>, void (*)(int, int), int, int, 0ul, 1ul, 2ul>(std::__1::tuple<std::__1::unique_ptr<std::__1::__thread_struct, std::__1::default_delete<std::__1::__thread_struct>>, void (*)(int, int), int, int>&, std::__1::__integer_sequence<unsigned long, 0ul, 1ul, 2ul>) thread.h:161 (occt_1157_stress:arm64+0x100006214)
    #18 void* std::__1::__thread_proxy[abi:nqe220106]<std::__1::tuple<std::__1::unique_ptr<std::__1::__thread_struct, std::__1::default_delete<std::__1::__thread_struct>>, void (*)(int, int), int, int>>(void*) thread.h:169 (occt_1157_stress:arm64+0x100006214)

  Thread T6 (tid=14909939, running) created by main thread at:
    #0 pthread_create <null> (libclang_rt.tsan_osx_dynamic.dylib:arm64e+0x33bac)
    #1 std::__1::__libcpp_thread_create[abi:nqe220106](_opaque_pthread_t**, void* (*)(void*), void*) pthread.h:182 (occt_1157_stress:arm64+0x1000060dc)
    #2 std::__1::thread::thread[abi:nqe220106]<void (*&)(int, int), int&, int&, 0>(void (*&)(int, int), int&, int&) thread.h:221 (occt_1157_stress:arm64+0x1000060dc)
    #3 std::__1::thread::thread[abi:nqe220106]<void (*&)(int, int), int&, int&, 0>(void (*&)(int, int), int&, int&) thread.h:212 (occt_1157_stress:arm64+0x1000038c8)
    #4 void std::__1::allocator<std::__1::thread>::construct[abi:nqe220106]<std::__1::thread, void (*&)(int, int), int&, int&>(std::__1::thread*, void (*&)(int, int), int&, int&) allocator.h:141 (occt_1157_stress:arm64+0x1000038c8)
    #5 void std::__1::allocator_traits<std::__1::allocator<std::__1::thread>>::construct[abi:nqe220106]<std::__1::thread, void (*&)(int, int), int&, int&, 0>(std::__1::allocator<std::__1::thread>&, std::__1::thread*, void (*&)(int, int), int&, int&) allocator_traits.h:296 (occt_1157_stress:arm64+0x1000038c8)
    #6 void std::__1::vector<std::__1::thread, std::__1::allocator<std::__1::thread>>::__emplace_back_assume_capacity[abi:nqe220106]<void (*&)(int, int), int&, int&>(void (*&)(int, int), int&, int&) vector.h:483 (occt_1157_stress:arm64+0x1000038c8)
    #7 std::__1::thread& std::__1::vector<std::__1::thread, std::__1::allocator<std::__1::thread>>::emplace_back<void (*&)(int, int), int&, int&>(void (*&)(int, int), int&, int&)::'lambda'()::operator()() const vector.h:1146 (occt_1157_stress:arm64+0x1000038c8)
    #8 void std::__1::__if_likely_else[abi:nqe220106]<std::__1::thread& std::__1::vector<std::__1::thread, std::__1::allocator<std::__1::thread>>::emplace_back<void (*&)(int, int), int&, int&>(void (*&)(int, int), int&, int&)::'lambda'(), std::__1::thread& std::__1::vector<std::__1::thread, std::__1::allocator<std::__1::thread>>::emplace_back<void (*&)(int, int), int&, int&>(void (*&)(int, int), int&, int&)::'lambda0'()>(bool, std::__1::thread& std::__1::vector<std::__1::thread, std::__1::allocator<std::__1::thread>>::emplace_back<void (*&)(int, int), int&, int&>(void (*&)(int, int), int&, int&)::'lambda'(), std::__1::thread& std::__1::vector<std::__1::thread, std::__1::allocator<std::__1::thread>>::emplace_back<void (*&)(int, int), int&, int&>(void (*&)(int, int), int&, int&)::'lambda0'()) vector.h:1127 (occt_1157_stress:arm64+0x1000038c8)
    #9 std::__1::thread& std::__1::vector<std::__1::thread, std::__1::allocator<std::__1::thread>>::emplace_back<void (*&)(int, int), int&, int&>(void (*&)(int, int), int&, int&) vector.h:1143 (occt_1157_stress:arm64+0x1000038c8)
    #10 runOne(char const*, int, int) occt_1157_stress.cpp:359 (occt_1157_stress:arm64+0x1000038c8)
    #11 main occt_1157_stress.cpp:396 (occt_1157_stress:arm64+0x100002de4)

  Thread T1 (tid=14909934, running) created by main thread at:
    #0 pthread_create <null> (libclang_rt.tsan_osx_dynamic.dylib:arm64e+0x33bac)
    #1 std::__1::__libcpp_thread_create[abi:nqe220106](_opaque_pthread_t**, void* (*)(void*), void*) pthread.h:182 (occt_1157_stress:arm64+0x1000060dc)
    #2 std::__1::thread::thread[abi:nqe220106]<void (*&)(int, int), int&, int&, 0>(void (*&)(int, int), int&, int&) thread.h:221 (occt_1157_stress:arm64+0x1000060dc)
    #3 std::__1::thread::thread[abi:nqe220106]<void (*&)(int, int), int&, int&, 0>(void (*&)(int, int), int&, int&) thread.h:212 (occt_1157_stress:arm64+0x10000645c)
    #4 void std::__1::allocator<std::__1::thread>::construct[abi:nqe220106]<std::__1::thread, void (*&)(int, int), int&, int&>(std::__1::thread*, void (*&)(int, int), int&, int&) allocator.h:141 (occt_1157_stress:arm64+0x10000645c)
    #5 void std::__1::allocator_traits<std::__1::allocator<std::__1::thread>>::construct[abi:nqe220106]<std::__1::thread, void (*&)(int, int), int&, int&, 0>(std::__1::allocator<std::__1::thread>&, std::__1::thread*, void (*&)(int, int), int&, int&) allocator_traits.h:296 (occt_1157_stress:arm64+0x10000645c)
    #6 std::__1::thread* std::__1::vector<std::__1::thread, std::__1::allocator<std::__1::thread>>::__emplace_back_slow_path<void (*&)(int, int), int&, int&>(void (*&)(int, int), int&, int&) vector.h:1109 (occt_1157_stress:arm64+0x10000645c)
    #7 std::__1::thread& std::__1::vector<std::__1::thread, std::__1::allocator<std::__1::thread>>::emplace_back<void (*&)(int, int), int&, int&>(void (*&)(int, int), int&, int&)::'lambda0'()::operator()() const vector.h:1149 (occt_1157_stress:arm64+0x100003918)
    #8 void std::__1::__if_likely_else[abi:nqe220106]<std::__1::thread& std::__1::vector<std::__1::thread, std::__1::allocator<std::__1::thread>>::emplace_back<void (*&)(int, int), int&, int&>(void (*&)(int, int), int&, int&)::'lambda'(), std::__1::thread& std::__1::vector<std::__1::thread, std::__1::allocator<std::__1::thread>>::emplace_back<void (*&)(int, int), int&, int&>(void (*&)(int, int), int&, int&)::'lambda0'()>(bool, std::__1::thread& std::__1::vector<std::__1::thread, std::__1::allocator<std::__1::thread>>::emplace_back<void (*&)(int, int), int&, int&>(void (*&)(int, int), int&, int&)::'lambda'(), std::__1::thread& std::__1::vector<std::__1::thread, std::__1::allocator<std::__1::thread>>::emplace_back<void (*&)(int, int), int&, int&>(void (*&)(int, int), int&, int&)::'lambda0'()) vector.h:1129 (occt_1157_stress:arm64+0x100003918)
    #9 std::__1::thread& std::__1::vector<std::__1::thread, std::__1::allocator<std::__1::thread>>::emplace_back<void (*&)(int, int), int&, int&>(void (*&)(int, int), int&, int&) vector.h:1143 (occt_1157_stress:arm64+0x100003918)
    #10 runOne(char const*, int, int) occt_1157_stress.cpp:359 (occt_1157_stress:arm64+0x100003918)
    #11 main occt_1157_stress.cpp:396 (occt_1157_stress:arm64+0x100002de4)

SUMMARY: ThreadSanitizer: data race TCollection_AsciiString.cxx:769 in TCollection_AsciiString::IsEqual(char const*, int) const
==================
==================
WARNING: ThreadSanitizer: data race (pid=70666)
  Read of size 8 at 0x000111a17408 by thread T4:
    #0 NCollection_DataMap<TCollection_AsciiString, opencascade::handle<Standard_Transient>, NCollection_DefaultHasher<TCollection_AsciiString>>::lookup(TCollection_AsciiString const&, NCollection_DataMap<TCollection_AsciiString, opencascade::handle<Standard_Transient>, NCollection_DefaultHasher<TCollection_AsciiString>>::DataMapNode*&) const NCollection_DataMap.hxx (occt_1157_stress:arm64+0x10133e9a4)
    #1 NCollection_DataMap<TCollection_AsciiString, opencascade::handle<Standard_Transient>, NCollection_DefaultHasher<TCollection_AsciiString>>::Find(TCollection_AsciiString const&, opencascade::handle<Standard_Transient>&) const NCollection_DataMap.hxx:685 (occt_1157_stress:arm64+0x10133e9a4)
    #2 Interface_Static::Static(char const*) Interface_Static.cxx:295 (occt_1157_stress:arm64+0x10133e9a4)
    #3 XSControl_Controller::TraceStatic(char const*, int) XSControl_Controller.cxx:80 (occt_1157_stress:arm64+0x1013d53b8)
    #4 XSControl_Controller::XSControl_Controller(char const*, char const*) XSControl_Controller.cxx:70 (occt_1157_stress:arm64+0x1013d5290)
    #5 IGESControl_Controller::IGESControl_Controller(bool) IGESControl_Controller.cxx:72 (occt_1157_stress:arm64+0x10037b2f0)
    #6 IGESControl_Controller::IGESControl_Controller(bool) IGESControl_Controller.cxx:75 (occt_1157_stress:arm64+0x100380880)
    #7 IGESControl_Controller::Init() IGESControl_Controller.cxx:364 (occt_1157_stress:arm64+0x100380880)
    #8 IGESControl_Writer::IGESControl_Writer(char const*, int) IGESControl_Writer.cxx:73 (occt_1157_stress:arm64+0x10038b868)
    #9 IGESControl_Writer::IGESControl_Writer(char const*, int) IGESControl_Writer.cxx:72 (occt_1157_stress:arm64+0x10038ba30)
    #10 runIgesWriteIndependent(int, int) occt_1157_stress.cpp:160 (occt_1157_stress:arm64+0x100001b50)
    #11 std::__1::__invoke_result_impl<void, void (*)(int, int), int, int>::type std::__1::__invoke[abi:nqe220106]<void (*)(int, int), int, int>(void (*&&)(int, int), int&&, int&&) invoke.h:90 (occt_1157_stress:arm64+0x100006214)
    #12 void std::__1::__thread_execute[abi:nqe220106]<std::__1::unique_ptr<std::__1::__thread_struct, std::__1::default_delete<std::__1::__thread_struct>>, void (*)(int, int), int, int, 0ul, 1ul, 2ul>(std::__1::tuple<std::__1::unique_ptr<std::__1::__thread_struct, std::__1::default_delete<std::__1::__thread_struct>>, void (*)(int, int), int, int>&, std::__1::__integer_sequence<unsigned long, 0ul, 1ul, 2ul>) thread.h:161 (occt_1157_stress:arm64+0x100006214)
    #13 void* std::__1::__thread_proxy[abi:nqe220106]<std::__1::tuple<std::__1::unique_ptr<std::__1::__thread_struct, std::__1::default_delete<std::__1::__thread_struct>>, void (*)(int, int), int, int>>(void*) thread.h:169 (occt_1157_stress:arm64+0x100006214)

  Previous write of size 8 at 0x000111a17408 by thread T1:
    #0 std::__1::conditional<false, opencascade::handle<Standard_Transient>&, bool>::type NCollection_DataMap<TCollection_AsciiString, opencascade::handle<Standard_Transient>, NCollection_DefaultHasher<TCollection_AsciiString>>::emplaceImpl<TCollection_AsciiString, false, false, opencascade::handle<Standard_Transient> const&>(TCollection_AsciiString&&, std::__1::integral_constant<bool, false>, std::__1::integral_constant<bool, false>, opencascade::handle<Standard_Transient> const&) NCollection_DataMap.hxx:810 (occt_1157_stress:arm64+0x10083ff0c)
    #1 NCollection_DataMap<TCollection_AsciiString, opencascade::handle<Standard_Transient>, NCollection_DefaultHasher<TCollection_AsciiString>>::Bind(TCollection_AsciiString&&, opencascade::handle<Standard_Transient> const&) NCollection_DataMap.hxx:414 (occt_1157_stress:arm64+0x10133e764)
    #2 Interface_Static::Init(char const*, char const*, Interface_ParamType, char const*) Interface_Static.cxx:183 (occt_1157_stress:arm64+0x10133e764)
    #3 Interface_Static::Init(char const*, char const*, char, char const*) Interface_Static.cxx:275 (occt_1157_stress:arm64+0x10133ec84)
    #4 Interface_Static::Standards() Interface_StaticStandards.cxx:33 (occt_1157_stress:arm64+0x101340c08)
    #5 XSControl_Controller::XSControl_Controller(char const*, char const*) XSControl_Controller.cxx:69 (occt_1157_stress:arm64+0x1013d527c)
    #6 IGESControl_Controller::IGESControl_Controller(bool) IGESControl_Controller.cxx:72 (occt_1157_stress:arm64+0x10037b2f0)
    #7 IGESControl_Controller::IGESControl_Controller(bool) IGESControl_Controller.cxx:75 (occt_1157_stress:arm64+0x100380880)
    #8 IGESControl_Controller::Init() IGESControl_Controller.cxx:364 (occt_1157_stress:arm64+0x100380880)
    #9 IGESControl_Writer::IGESControl_Writer(char const*, int) IGESControl_Writer.cxx:73 (occt_1157_stress:arm64+0x10038b868)
    #10 IGESControl_Writer::IGESControl_Writer(char const*, int) IGESControl_Writer.cxx:72 (occt_1157_stress:arm64+0x10038ba30)
    #11 runIgesWriteIndependent(int, int) occt_1157_stress.cpp:160 (occt_1157_stress:arm64+0x100001b50)
    #12 std::__1::__invoke_result_impl<void, void (*)(int, int), int, int>::type std::__1::__invoke[abi:nqe220106]<void (*)(int, int), int, int>(void (*&&)(int, int), int&&, int&&) invoke.h:90 (occt_1157_stress:arm64+0x100006214)
    #13 void std::__1::__thread_execute[abi:nqe220106]<std::__1::unique_ptr<std::__1::__thread_struct, std::__1::default_delete<std::__1::__thread_struct>>, void (*)(int, int), int, int, 0ul, 1ul, 2ul>(std::__1::tuple<std::__1::unique_ptr<std::__1::__thread_struct, std::__1::default_delete<std::__1::__thread_struct>>, void (*)(int, int), int, int>&, std::__1::__integer_sequence<unsigned long, 0ul, 1ul, 2ul>) thread.h:161 (occt_1157_stress:arm64+0x100006214)
    #14 void* std::__1::__thread_proxy[abi:nqe220106]<std::__1::tuple<std::__1::unique_ptr<std::__1::__thread_struct, std::__1::default_delete<std::__1::__thread_struct>>, void (*)(int, int), int, int>>(void*) thread.h:169 (occt_1157_stress:arm64+0x100006214)

  Location is heap block of size 816 at 0x000111a17300 allocated by thread T1:
    #0 calloc <null> (libclang_rt.tsan_osx_dynamic.dylib:arm64e+0x67ff4)
    #1 Standard::Allocate(unsigned long) Standard.cxx:386 (occt_1157_stress:arm64+0x1008bee84)
    #2 NCollection_BaseMap::BeginResize(unsigned long, unsigned long&, NCollection_ListNode**&, NCollection_ListNode**&) const NCollection_BaseMap.cxx:42 (occt_1157_stress:arm64+0x1008dfa1c)
    #3 NCollection_DataMap<TCollection_AsciiString, opencascade::handle<Standard_Transient>, NCollection_DefaultHasher<TCollection_AsciiString>>::ReSize(unsigned long) NCollection_DataMap.hxx:365 (occt_1157_stress:arm64+0x100840190)
    #4 NCollection_DataMap<TCollection_AsciiString, opencascade::handle<Standard_Transient>, NCollection_DefaultHasher<TCollection_AsciiString>>::ReSize(int) NCollection_DataMap.hxx:394 (occt_1157_stress:arm64+0x10083fdc4)
    #5 std::__1::conditional<false, opencascade::handle<Standard_Transient>&, bool>::type NCollection_DataMap<TCollection_AsciiString, opencascade::handle<Standard_Transient>, NCollection_DefaultHasher<TCollection_AsciiString>>::emplaceImpl<TCollection_AsciiString, false, false, opencascade::handle<Standard_Transient> const&>(TCollection_AsciiString&&, std::__1::integral_constant<bool, false>, std::__1::integral_constant<bool, false>, opencascade::handle<Standard_Transient> const&) NCollection_DataMap.hxx:795 (occt_1157_stress:arm64+0x10083fdc4)
    #6 NCollection_DataMap<TCollection_AsciiString, opencascade::handle<Standard_Transient>, NCollection_DefaultHasher<TCollection_AsciiString>>::Bind(TCollection_AsciiString&&, opencascade::handle<Standard_Transient> const&) NCollection_DataMap.hxx:414 (occt_1157_stress:arm64+0x10133e764)
    #7 Interface_Static::Init(char const*, char const*, Interface_ParamType, char const*) Interface_Static.cxx:183 (occt_1157_stress:arm64+0x10133e764)
    #8 Interface_Static::Init(char const*, char const*, char, char const*) Interface_Static.cxx:275 (occt_1157_stress:arm64+0x10133ec84)
    #9 Interface_Static::Standards() Interface_StaticStandards.cxx:33 (occt_1157_stress:arm64+0x101340c08)
    #10 XSControl_Controller::XSControl_Controller(char const*, char const*) XSControl_Controller.cxx:69 (occt_1157_stress:arm64+0x1013d527c)
    #11 IGESControl_Controller::IGESControl_Controller(bool) IGESControl_Controller.cxx:72 (occt_1157_stress:arm64+0x10037b2f0)
    #12 IGESControl_Controller::IGESControl_Controller(bool) IGESControl_Controller.cxx:75 (occt_1157_stress:arm64+0x100380880)
    #13 IGESControl_Controller::Init() IGESControl_Controller.cxx:364 (occt_1157_stress:arm64+0x100380880)
    #14 IGESControl_Writer::IGESControl_Writer(char const*, int) IGESControl_Writer.cxx:73 (occt_1157_stress:arm64+0x10038b868)
    #15 IGESControl_Writer::IGESControl_Writer(char const*, int) IGESControl_Writer.cxx:72 (occt_1157_stress:arm64+0x10038ba30)
    #16 runIgesWriteIndependent(int, int) occt_1157_stress.cpp:160 (occt_1157_stress:arm64+0x100001b50)
    #17 std::__1::__invoke_result_impl<void, void (*)(int, int), int, int>::type std::__1::__invoke[abi:nqe220106]<void (*)(int, int), int, int>(void (*&&)(int, int), int&&, int&&) invoke.h:90 (occt_1157_stress:arm64+0x100006214)
    #18 void std::__1::__thread_execute[abi:nqe220106]<std::__1::unique_ptr<std::__1::__thread_struct, std::__1::default_delete<std::__1::__thread_struct>>, void (*)(int, int), int, int, 0ul, 1ul, 2ul>(std::__1::tuple<std::__1::unique_ptr<std::__1::__thread_struct, std::__1::default_delete<std::__1::__thread_struct>>, void (*)(int, int), int, int>&, std::__1::__integer_sequence<unsigned long, 0ul, 1ul, 2ul>) thread.h:161 (occt_1157_stress:arm64+0x100006214)
    #19 void* std::__1::__thread_proxy[abi:nqe220106]<std::__1::tuple<std::__1::unique_ptr<std::__1::__thread_struct, std::__1::default_delete<std::__1::__thread_struct>>, void (*)(int, int), int, int>>(void*) thread.h:169 (occt_1157_stress:arm64+0x100006214)

  Thread T4 (tid=14909937, running) created by main thread at:
    #0 pthread_create <null> (libclang_rt.tsan_osx_dynamic.dylib:arm64e+0x33bac)
    #1 std::__1::__libcpp_thread_create[abi:nqe220106](_opaque_pthread_t**, void* (*)(void*), void*) pthread.h:182 (occt_1157_stress:arm64+0x1000060dc)
    #2 std::__1::thread::thread[abi:nqe220106]<void (*&)(int, int), int&, int&, 0>(void (*&)(int, int), int&, int&) thread.h:221 (occt_1157_stress:arm64+0x1000060dc)
    #3 std::__1::thread::thread[abi:nqe220106]<void (*&)(int, int), int&, int&, 0>(void (*&)(int, int), int&, int&) thread.h:212 (occt_1157_stress:arm64+0x1000038c8)
    #4 void std::__1::allocator<std::__1::thread>::construct[abi:nqe220106]<std::__1::thread, void (*&)(int, int), int&, int&>(std::__1::thread*, void (*&)(int, int), int&, int&) allocator.h:141 (occt_1157_stress:arm64+0x1000038c8)
    #5 void std::__1::allocator_traits<std::__1::allocator<std::__1::thread>>::construct[abi:nqe220106]<std::__1::thread, void (*&)(int, int), int&, int&, 0>(std::__1::allocator<std::__1::thread>&, std::__1::thread*, void (*&)(int, int), int&, int&) allocator_traits.h:296 (occt_1157_stress:arm64+0x1000038c8)
    #6 void std::__1::vector<std::__1::thread, std::__1::allocator<std::__1::thread>>::__emplace_back_assume_capacity[abi:nqe220106]<void (*&)(int, int), int&, int&>(void (*&)(int, int), int&, int&) vector.h:483 (occt_1157_stress:arm64+0x1000038c8)
    #7 std::__1::thread& std::__1::vector<std::__1::thread, std::__1::allocator<std::__1::thread>>::emplace_back<void (*&)(int, int), int&, int&>(void (*&)(int, int), int&, int&)::'lambda'()::operator()() const vector.h:1146 (occt_1157_stress:arm64+0x1000038c8)
    #8 void std::__1::__if_likely_else[abi:nqe220106]<std::__1::thread& std::__1::vector<std::__1::thread, std::__1::allocator<std::__1::thread>>::emplace_back<void (*&)(int, int), int&, int&>(void (*&)(int, int), int&, int&)::'lambda'(), std::__1::thread& std::__1::vector<std::__1::thread, std::__1::allocator<std::__1::thread>>::emplace_back<void (*&)(int, int), int&, int&>(void (*&)(int, int), int&, int&)::'lambda0'()>(bool, std::__1::thread& std::__1::vector<std::__1::thread, std::__1::allocator<std::__1::thread>>::emplace_back<void (*&)(int, int), int&, int&>(void (*&)(int, int), int&, int&)::'lambda'(), std::__1::thread& std::__1::vector<std::__1::thread, std::__1::allocator<std::__1::thread>>::emplace_back<void (*&)(int, int), int&, int&>(void (*&)(int, int), int&, int&)::'lambda0'()) vector.h:1127 (occt_1157_stress:arm64+0x1000038c8)
    #9 std::__1::thread& std::__1::vector<std::__1::thread, std::__1::allocator<std::__1::thread>>::emplace_back<void (*&)(int, int), int&, int&>(void (*&)(int, int), int&, int&) vector.h:1143 (occt_1157_stress:arm64+0x1000038c8)
    #10 runOne(char const*, int, int) occt_1157_stress.cpp:359 (occt_1157_stress:arm64+0x1000038c8)
    #11 main occt_1157_stress.cpp:396 (occt_1157_stress:arm64+0x100002de4)

  Thread T1 (tid=14909934, running) created by main thread at:
    #0 pthread_create <null> (libclang_rt.tsan_osx_dynamic.dylib:arm64e+0x33bac)
    #1 std::__1::__libcpp_thread_create[abi:nqe220106](_opaque_pthread_t**, void* (*)(void*), void*) pthread.h:182 (occt_1157_stress:arm64+0x1000060dc)
    #2 std::__1::thread::thread[abi:nqe220106]<void (*&)(int, int), int&, int&, 0>(void (*&)(int, int), int&, int&) thread.h:221 (occt_1157_stress:arm64+0x1000060dc)
    #3 std::__1::thread::thread[abi:nqe220106]<void (*&)(int, int), int&, int&, 0>(void (*&)(int, int), int&, int&) thread.h:212 (occt_1157_stress:arm64+0x10000645c)
    #4 void std::__1::allocator<std::__1::thread>::construct[abi:nqe220106]<std::__1::thread, void (*&)(int, int), int&, int&>(std::__1::thread*, void (*&)(int, int), int&, int&) allocator.h:141 (occt_1157_stress:arm64+0x10000645c)
    #5 void std::__1::allocator_traits<std::__1::allocator<std::__1::thread>>::construct[abi:nqe220106]<std::__1::thread, void (*&)(int, int), int&, int&, 0>(std::__1::allocator<std::__1::thread>&, std::__1::thread*, void (*&)(int, int), int&, int&) allocator_traits.h:296 (occt_1157_stress:arm64+0x10000645c)
    #6 std::__1::thread* std::__1::vector<std::__1::thread, std::__1::allocator<std::__1::thread>>::__emplace_back_slow_path<void (*&)(int, int), int&, int&>(void (*&)(int, int), int&, int&) vector.h:1109 (occt_1157_stress:arm64+0x10000645c)
    #7 std::__1::thread& std::__1::vector<std::__1::thread, std::__1::allocator<std::__1::thread>>::emplace_back<void (*&)(int, int), int&, int&>(void (*&)(int, int), int&, int&)::'lambda0'()::operator()() const vector.h:1149 (occt_1157_stress:arm64+0x100003918)
    #8 void std::__1::__if_likely_else[abi:nqe220106]<std::__1::thread& std::__1::vector<std::__1::thread, std::__1::allocator<std::__1::thread>>::emplace_back<void (*&)(int, int), int&, int&>(void (*&)(int, int), int&, int&)::'lambda'(), std::__1::thread& std::__1::vector<std::__1::thread, std::__1::allocator<std::__1::thread>>::emplace_back<void (*&)(int, int), int&, int&>(void (*&)(int, int), int&, int&)::'lambda0'()>(bool, std::__1::thread& std::__1::vector<std::__1::thread, std::__1::allocator<std::__1::thread>>::emplace_back<void (*&)(int, int), int&, int&>(void (*&)(int, int), int&, int&)::'lambda'(), std::__1::thread& std::__1::vector<std::__1::thread, std::__1::allocator<std::__1::thread>>::emplace_back<void (*&)(int, int), int&, int&>(void (*&)(int, int), int&, int&)::'lambda0'()) vector.h:1129 (occt_1157_stress:arm64+0x100003918)
    #9 std::__1::thread& std::__1::vector<std::__1::thread, std::__1::allocator<std::__1::thread>>::emplace_back<void (*&)(int, int), int&, int&>(void (*&)(int, int), int&, int&) vector.h:1143 (occt_1157_stress:arm64+0x100003918)
    #10 runOne(char const*, int, int) occt_1157_stress.cpp:359 (occt_1157_stress:arm64+0x100003918)
    #11 main occt_1157_stress.cpp:396 (occt_1157_stress:arm64+0x100002de4)

SUMMARY: ThreadSanitizer: data race NCollection_DataMap.hxx in NCollection_DataMap<TCollection_AsciiString, opencascade::handle<Standard_Transient>, NCollection_DefaultHasher<TCollection_AsciiString>>::lookup(TCollection_AsciiString const&, NCollection_DataMap<TCollection_AsciiString, opencascade::handle<Standard_Transient>, NCollection_DefaultHasher<TCollection_AsciiString>>::DataMapNode*&) const
==================
==================
WARNING: ThreadSanitizer: data race (pid=70666)
  Read of size 8 at 0x0001063f7ef0 by thread T2:
    #0 NCollection_BaseMap::NbBuckets() const NCollection_BaseMap.hxx:145 (occt_1157_stress:arm64+0x10133e908)
    #1 NCollection_DataMap<TCollection_AsciiString, opencascade::handle<Standard_Transient>, NCollection_DefaultHasher<TCollection_AsciiString>>::lookup(TCollection_AsciiString const&, NCollection_DataMap<TCollection_AsciiString, opencascade::handle<Standard_Transient>, NCollection_DefaultHasher<TCollection_AsciiString>>::DataMapNode*&) const NCollection_DataMap.hxx:741 (occt_1157_stress:arm64+0x10133e908)
    #2 NCollection_DataMap<TCollection_AsciiString, opencascade::handle<Standard_Transient>, NCollection_DefaultHasher<TCollection_AsciiString>>::Find(TCollection_AsciiString const&, opencascade::handle<Standard_Transient>&) const NCollection_DataMap.hxx:685 (occt_1157_stress:arm64+0x10133e908)
    #3 Interface_Static::Static(char const*) Interface_Static.cxx:295 (occt_1157_stress:arm64+0x10133e908)
    #4 XSControl_Controller::TraceStatic(char const*, int) XSControl_Controller.cxx:80 (occt_1157_stress:arm64+0x1013d53b8)
    #5 XSControl_Controller::XSControl_Controller(char const*, char const*) XSControl_Controller.cxx:70 (occt_1157_stress:arm64+0x1013d5290)
    #6 IGESControl_Controller::IGESControl_Controller(bool) IGESControl_Controller.cxx:72 (occt_1157_stress:arm64+0x10037b2f0)
    #7 IGESControl_Controller::IGESControl_Controller(bool) IGESControl_Controller.cxx:75 (occt_1157_stress:arm64+0x100380880)
    #8 IGESControl_Controller::Init() IGESControl_Controller.cxx:364 (occt_1157_stress:arm64+0x100380880)
    #9 IGESControl_Writer::IGESControl_Writer(char const*, int) IGESControl_Writer.cxx:73 (occt_1157_stress:arm64+0x10038b868)
    #10 IGESControl_Writer::IGESControl_Writer(char const*, int) IGESControl_Writer.cxx:72 (occt_1157_stress:arm64+0x10038ba30)
    #11 runIgesWriteIndependent(int, int) occt_1157_stress.cpp:160 (occt_1157_stress:arm64+0x100001b50)
    #12 std::__1::__invoke_result_impl<void, void (*)(int, int), int, int>::type std::__1::__invoke[abi:nqe220106]<void (*)(int, int), int, int>(void (*&&)(int, int), int&&, int&&) invoke.h:90 (occt_1157_stress:arm64+0x100006214)
    #13 void std::__1::__thread_execute[abi:nqe220106]<std::__1::unique_ptr<std::__1::__thread_struct, std::__1::default_delete<std::__1::__thread_struct>>, void (*)(int, int), int, int, 0ul, 1ul, 2ul>(std::__1::tuple<std::__1::unique_ptr<std::__1::__thread_struct, std::__1::default_delete<std::__1::__thread_struct>>, void (*)(int, int), int, int>&, std::__1::__integer_sequence<unsigned long, 0ul, 1ul, 2ul>) thread.h:161 (occt_1157_stress:arm64+0x100006214)
    #14 void* std::__1::__thread_proxy[abi:nqe220106]<std::__1::tuple<std::__1::unique_ptr<std::__1::__thread_struct, std::__1::default_delete<std::__1::__thread_struct>>, void (*)(int, int), int, int>>(void*) thread.h:169 (occt_1157_stress:arm64+0x100006214)

  Previous write of size 8 at 0x0001063f7ef0 by thread T1:
    #0 NCollection_BaseMap::EndResize(unsigned long, unsigned long, NCollection_ListNode**, NCollection_ListNode**) NCollection_BaseMap.cxx:68 (occt_1157_stress:arm64+0x1008dfb48)
    #1 NCollection_DataMap<TCollection_AsciiString, opencascade::handle<Standard_Transient>, NCollection_DefaultHasher<TCollection_AsciiString>>::ReSize(unsigned long) NCollection_DataMap.hxx:387 (occt_1157_stress:arm64+0x1008402f8)
    #2 NCollection_DataMap<TCollection_AsciiString, opencascade::handle<Standard_Transient>, NCollection_DefaultHasher<TCollection_AsciiString>>::ReSize(int) NCollection_DataMap.hxx:394 (occt_1157_stress:arm64+0x10083fdc4)
    #3 std::__1::conditional<false, opencascade::handle<Standard_Transient>&, bool>::type NCollection_DataMap<TCollection_AsciiString, opencascade::handle<Standard_Transient>, NCollection_DefaultHasher<TCollection_AsciiString>>::emplaceImpl<TCollection_AsciiString, false, false, opencascade::handle<Standard_Transient> const&>(TCollection_AsciiString&&, std::__1::integral_constant<bool, false>, std::__1::integral_constant<bool, false>, opencascade::handle<Standard_Transient> const&) NCollection_DataMap.hxx:795 (occt_1157_stress:arm64+0x10083fdc4)
    #4 NCollection_DataMap<TCollection_AsciiString, opencascade::handle<Standard_Transient>, NCollection_DefaultHasher<TCollection_AsciiString>>::Bind(TCollection_AsciiString&&, opencascade::handle<Standard_Transient> const&) NCollection_DataMap.hxx:414 (occt_1157_stress:arm64+0x10133e764)
    #5 Interface_Static::Init(char const*, char const*, Interface_ParamType, char const*) Interface_Static.cxx:183 (occt_1157_stress:arm64+0x10133e764)
    #6 Interface_Static::Init(char const*, char const*, char, char const*) Interface_Static.cxx:275 (occt_1157_stress:arm64+0x10133ec84)
    #7 Interface_Static::Standards() Interface_StaticStandards.cxx:33 (occt_1157_stress:arm64+0x101340c08)
    #8 XSControl_Controller::XSControl_Controller(char const*, char const*) XSControl_Controller.cxx:69 (occt_1157_stress:arm64+0x1013d527c)
    #9 IGESControl_Controller::IGESControl_Controller(bool) IGESControl_Controller.cxx:72 (occt_1157_stress:arm64+0x10037b2f0)
    #10 IGESControl_Controller::IGESControl_Controller(bool) IGESControl_Controller.cxx:75 (occt_1157_stress:arm64+0x100380880)
    #11 IGESControl_Controller::Init() IGESControl_Controller.cxx:364 (occt_1157_stress:arm64+0x100380880)
    #12 IGESControl_Writer::IGESControl_Writer(char const*, int) IGESControl_Writer.cxx:73 (occt_1157_stress:arm64+0x10038b868)
    #13 IGESControl_Writer::IGESControl_Writer(char const*, int) IGESControl_Writer.cxx:72 (occt_1157_stress:arm64+0x10038ba30)
    #14 runIgesWriteIndependent(int, int) occt_1157_stress.cpp:160 (occt_1157_stress:arm64+0x100001b50)
    #15 std::__1::__invoke_result_impl<void, void (*)(int, int), int, int>::type std::__1::__invoke[abi:nqe220106]<void (*)(int, int), int, int>(void (*&&)(int, int), int&&, int&&) invoke.h:90 (occt_1157_stress:arm64+0x100006214)
    #16 void std::__1::__thread_execute[abi:nqe220106]<std::__1::unique_ptr<std::__1::__thread_struct, std::__1::default_delete<std::__1::__thread_struct>>, void (*)(int, int), int, int, 0ul, 1ul, 2ul>(std::__1::tuple<std::__1::unique_ptr<std::__1::__thread_struct, std::__1::default_delete<std::__1::__thread_struct>>, void (*)(int, int), int, int>&, std::__1::__integer_sequence<unsigned long, 0ul, 1ul, 2ul>) thread.h:161 (occt_1157_stress:arm64+0x100006214)
    #17 void* std::__1::__thread_proxy[abi:nqe220106]<std::__1::tuple<std::__1::unique_ptr<std::__1::__thread_struct, std::__1::default_delete<std::__1::__thread_struct>>, void (*)(int, int), int, int>>(void*) thread.h:169 (occt_1157_stress:arm64+0x100006214)

  Location is global 'astats' at 0x0001063f7ed0 (occt_1157_stress+0x101cb3ef0)

  Thread T2 (tid=14909935, running) created by main thread at:
    #0 pthread_create <null> (libclang_rt.tsan_osx_dynamic.dylib:arm64e+0x33bac)
    #1 std::__1::__libcpp_thread_create[abi:nqe220106](_opaque_pthread_t**, void* (*)(void*), void*) pthread.h:182 (occt_1157_stress:arm64+0x1000060dc)
    #2 std::__1::thread::thread[abi:nqe220106]<void (*&)(int, int), int&, int&, 0>(void (*&)(int, int), int&, int&) thread.h:221 (occt_1157_stress:arm64+0x1000060dc)
    #3 std::__1::thread::thread[abi:nqe220106]<void (*&)(int, int), int&, int&, 0>(void (*&)(int, int), int&, int&) thread.h:212 (occt_1157_stress:arm64+0x10000645c)
    #4 void std::__1::allocator<std::__1::thread>::construct[abi:nqe220106]<std::__1::thread, void (*&)(int, int), int&, int&>(std::__1::thread*, void (*&)(int, int), int&, int&) allocator.h:141 (occt_1157_stress:arm64+0x10000645c)
    #5 void std::__1::allocator_traits<std::__1::allocator<std::__1::thread>>::construct[abi:nqe220106]<std::__1::thread, void (*&)(int, int), int&, int&, 0>(std::__1::allocator<std::__1::thread>&, std::__1::thread*, void (*&)(int, int), int&, int&) allocator_traits.h:296 (occt_1157_stress:arm64+0x10000645c)
    #6 std::__1::thread* std::__1::vector<std::__1::thread, std::__1::allocator<std::__1::thread>>::__emplace_back_slow_path<void (*&)(int, int), int&, int&>(void (*&)(int, int), int&, int&) vector.h:1109 (occt_1157_stress:arm64+0x10000645c)
    #7 std::__1::thread& std::__1::vector<std::__1::thread, std::__1::allocator<std::__1::thread>>::emplace_back<void (*&)(int, int), int&, int&>(void (*&)(int, int), int&, int&)::'lambda0'()::operator()() const vector.h:1149 (occt_1157_stress:arm64+0x100003918)
    #8 void std::__1::__if_likely_else[abi:nqe220106]<std::__1::thread& std::__1::vector<std::__1::thread, std::__1::allocator<std::__1::thread>>::emplace_back<void (*&)(int, int), int&, int&>(void (*&)(int, int), int&, int&)::'lambda'(), std::__1::thread& std::__1::vector<std::__1::thread, std::__1::allocator<std::__1::thread>>::emplace_back<void (*&)(int, int), int&, int&>(void (*&)(int, int), int&, int&)::'lambda0'()>(bool, std::__1::thread& std::__1::vector<std::__1::thread, std::__1::allocator<std::__1::thread>>::emplace_back<void (*&)(int, int), int&, int&>(void (*&)(int, int), int&, int&)::'lambda'(), std::__1::thread& std::__1::vector<std::__1::thread, std::__1::allocator<std::__1::thread>>::emplace_back<void (*&)(int, int), int&, int&>(void (*&)(int, int), int&, int&)::'lambda0'()) vector.h:1129 (occt_1157_stress:arm64+0x100003918)
    #9 std::__1::thread& std::__1::vector<std::__1::thread, std::__1::allocator<std::__1::thread>>::emplace_back<void (*&)(int, int), int&, int&>(void (*&)(int, int), int&, int&) vector.h:1143 (occt_1157_stress:arm64+0x100003918)
    #10 runOne(char const*, int, int) occt_1157_stress.cpp:359 (occt_1157_stress:arm64+0x100003918)
    #11 main occt_1157_stress.cpp:396 (occt_1157_stress:arm64+0x100002de4)

  Thread T1 (tid=14909934, running) created by main thread at:
    #0 pthread_create <null> (libclang_rt.tsan_osx_dynamic.dylib:arm64e+0x33bac)
    #1 std::__1::__libcpp_thread_create[abi:nqe220106](_opaque_pthread_t**, void* (*)(void*), void*) pthread.h:182 (occt_1157_stress:arm64+0x1000060dc)
    #2 std::__1::thread::thread[abi:nqe220106]<void (*&)(int, int), int&, int&, 0>(void (*&)(int, int), int&, int&) thread.h:221 (occt_1157_stress:arm64+0x1000060dc)
    #3 std::__1::thread::thread[abi:nqe220106]<void (*&)(int, int), int&, int&, 0>(void (*&)(int, int), int&, int&) thread.h:212 (occt_1157_stress:arm64+0x10000645c)
    #4 void std::__1::allocator<std::__1::thread>::construct[abi:nqe220106]<std::__1::thread, void (*&)(int, int), int&, int&>(std::__1::thread*, void (*&)(int, int), int&, int&) allocator.h:141 (occt_1157_stress:arm64+0x10000645c)
    #5 void std::__1::allocator_traits<std::__1::allocator<std::__1::thread>>::construct[abi:nqe220106]<std::__1::thread, void (*&)(int, int), int&, int&, 0>(std::__1::allocator<std::__1::thread>&, std::__1::thread*, void (*&)(int, int), int&, int&) allocator_traits.h:296 (occt_1157_stress:arm64+0x10000645c)
    #6 std::__1::thread* std::__1::vector<std::__1::thread, std::__1::allocator<std::__1::thread>>::__emplace_back_slow_path<void (*&)(int, int), int&, int&>(void (*&)(int, int), int&, int&) vector.h:1109 (occt_1157_stress:arm64+0x10000645c)
    #7 std::__1::thread& std::__1::vector<std::__1::thread, std::__1::allocator<std::__1::thread>>::emplace_back<void (*&)(int, int), int&, int&>(void (*&)(int, int), int&, int&)::'lambda0'()::operator()() const vector.h:1149 (occt_1157_stress:arm64+0x100003918)
    #8 void std::__1::__if_likely_else[abi:nqe220106]<std::__1::thread& std::__1::vector<std::__1::thread, std::__1::allocator<std::__1::thread>>::emplace_back<void (*&)(int, int), int&, int&>(void (*&)(int, int), int&, int&)::'lambda'(), std::__1::thread& std::__1::vector<std::__1::thread, std::__1::allocator<std::__1::thread>>::emplace_back<void (*&)(int, int), int&, int&>(void (*&)(int, int), int&, int&)::'lambda0'()>(bool, std::__1::thread& std::__1::vector<std::__1::thread, std::__1::allocator<std::__1::thread>>::emplace_back<void (*&)(int, int), int&, int&>(void (*&)(int, int), int&, int&)::'lambda'(), std::__1::thread& std::__1::vector<std::__1::thread, std::__1::allocator<std::__1::thread>>::emplace_back<void (*&)(int, int), int&, int&>(void (*&)(int, int), int&, int&)::'lambda0'()) vector.h:1129 (occt_1157_stress:arm64+0x100003918)
    #9 std::__1::thread& std::__1::vector<std::__1::thread, std::__1::allocator<std::__1::thread>>::emplace_back<void (*&)(int, int), int&, int&>(void (*&)(int, int), int&, int&) vector.h:1143 (occt_1157_stress:arm64+0x100003918)
    #10 runOne(char const*, int, int) occt_1157_stress.cpp:359 (occt_1157_stress:arm64+0x100003918)
    #11 main occt_1157_stress.cpp:396 (occt_1157_stress:arm64+0x100002de4)

SUMMARY: ThreadSanitizer: data race NCollection_BaseMap.hxx:145 in NCollection_BaseMap::NbBuckets() const
==================
==================
WARNING: ThreadSanitizer: data race (pid=70666)
  Read of size 8 at 0x00010ff02750 by thread T5:
    #0 TCollection_AsciiString::IsEqual(char const*, int) const TCollection_AsciiString.cxx:779 (occt_1157_stress:arm64+0x1008d0e34)
    #1 TCollection_AsciiString::IsEqual(TCollection_AsciiString const&) const TCollection_AsciiString.lxx:249 (occt_1157_stress:arm64+0x10133e9d0)
    #2 TCollection_AsciiString::operator==(TCollection_AsciiString const&) const TCollection_AsciiString.lxx:841 (occt_1157_stress:arm64+0x10133e9d0)
    #3 std::__1::equal_to<TCollection_AsciiString>::operator()[abi:nqe210106](TCollection_AsciiString const&, TCollection_AsciiString const&) const operations.h:300 (occt_1157_stress:arm64+0x10133e9d0)
    #4 std::__1::enable_if<!std::is_enum<TCollection_AsciiString>::value, bool>::type NCollection_DefaultHasher<TCollection_AsciiString>::IsEqual<TCollection_AsciiString>(TCollection_AsciiString const&, TCollection_AsciiString const&) const NCollection_DefaultHasher.hxx:59 (occt_1157_stress:arm64+0x10133e9d0)
    #5 NCollection_DefaultHasher<TCollection_AsciiString>::operator()(TCollection_AsciiString const&, TCollection_AsciiString const&) const NCollection_DefaultHasher.hxx:41 (occt_1157_stress:arm64+0x10133e9d0)
    #6 NCollection_DataMap<TCollection_AsciiString, opencascade::handle<Standard_Transient>, NCollection_DefaultHasher<TCollection_AsciiString>>::IsEqual(TCollection_AsciiString const&, TCollection_AsciiString const&) const NCollection_DataMap.hxx:772 (occt_1157_stress:arm64+0x10133e9d0)
    #7 NCollection_DataMap<TCollection_AsciiString, opencascade::handle<Standard_Transient>, NCollection_DefaultHasher<TCollection_AsciiString>>::lookup(TCollection_AsciiString const&, NCollection_DataMap<TCollection_AsciiString, opencascade::handle<Standard_Transient>, NCollection_DefaultHasher<TCollection_AsciiString>>::DataMapNode*&) const NCollection_DataMap.hxx:744 (occt_1157_stress:arm64+0x10133e9d0)
    #8 NCollection_DataMap<TCollection_AsciiString, opencascade::handle<Standard_Transient>, NCollection_DefaultHasher<TCollection_AsciiString>>::Find(TCollection_AsciiString const&, opencascade::handle<Standard_Transient>&) const NCollection_DataMap.hxx:685 (occt_1157_stress:arm64+0x10133e9d0)
    #9 Interface_Static::Static(char const*) Interface_Static.cxx:295 (occt_1157_stress:arm64+0x10133e9d0)
    #10 XSControl_Controller::TraceStatic(char const*, int) XSControl_Controller.cxx:80 (occt_1157_stress:arm64+0x1013d53b8)
    #11 XSControl_Controller::XSControl_Controller(char const*, char const*) XSControl_Controller.cxx:70 (occt_1157_stress:arm64+0x1013d5290)
    #12 IGESControl_Controller::IGESControl_Controller(bool) IGESControl_Controller.cxx:72 (occt_1157_stress:arm64+0x10037b2f0)
    #13 IGESControl_Controller::IGESControl_Controller(bool) IGESControl_Controller.cxx:75 (occt_1157_stress:arm64+0x100380880)
    #14 IGESControl_Controller::Init() IGESControl_Controller.cxx:364 (occt_1157_stress:arm64+0x100380880)
    #15 IGESControl_Writer::IGESControl_Writer(char const*, int) IGESControl_Writer.cxx:73 (occt_1157_stress:arm64+0x10038b868)
    #16 IGESControl_Writer::IGESControl_Writer(char const*, int) IGESControl_Writer.cxx:72 (occt_1157_stress:arm64+0x10038ba30)
    #17 runIgesWriteIndependent(int, int) occt_1157_stress.cpp:160 (occt_1157_stress:arm64+0x100001b50)
    #18 std::__1::__invoke_result_impl<void, void (*)(int, int), int, int>::type std::__1::__invoke[abi:nqe220106]<void (*)(int, int), int, int>(void (*&&)(int, int), int&&, int&&) invoke.h:90 (occt_1157_stress:arm64+0x100006214)
    #19 void std::__1::__thread_execute[abi:nqe220106]<std::__1::unique_ptr<std::__1::__thread_struct, std::__1::default_delete<std::__1::__thread_struct>>, void (*)(int, int), int, int, 0ul, 1ul, 2ul>(std::__1::tuple<std::__1::unique_ptr<std::__1::__thread_struct, std::__1::default_delete<std::__1::__thread_struct>>, void (*)(int, int), int, int>&, std::__1::__integer_sequence<unsigned long, 0ul, 1ul, 2ul>) thread.h:161 (occt_1157_stress:arm64+0x100006214)
    #20 void* std::__1::__thread_proxy[abi:nqe220106]<std::__1::tuple<std::__1::unique_ptr<std::__1::__thread_struct, std::__1::default_delete<std::__1::__thread_struct>>, void (*)(int, int), int, int>>(void*) thread.h:169 (occt_1157_stress:arm64+0x100006214)

  Previous write of size 8 at 0x00010ff02750 by thread T1:
    #0 TCollection_AsciiString::TCollection_AsciiString(TCollection_AsciiString&&) TCollection_AsciiString.hxx:1528 (occt_1157_stress:arm64+0x1008cd9d0)
    #1 TCollection_AsciiString::TCollection_AsciiString(TCollection_AsciiString&&) TCollection_AsciiString.cxx:175 (occt_1157_stress:arm64+0x1008cd9d0)
    #2 NCollection_DataMap<TCollection_AsciiString, opencascade::handle<Standard_Transient>, NCollection_DefaultHasher<TCollection_AsciiString>>::DataMapNode::DataMapNode<TCollection_AsciiString, opencascade::handle<Standard_Transient> const&>(TCollection_AsciiString&&, std::__1::in_place_t, NCollection_ListNode*, opencascade::handle<Standard_Transient> const&) NCollection_DataMap.hxx:101 (occt_1157_stress:arm64+0x10083fef4)
    #3 NCollection_DataMap<TCollection_AsciiString, opencascade::handle<Standard_Transient>, NCollection_DefaultHasher<TCollection_AsciiString>>::DataMapNode::DataMapNode<TCollection_AsciiString, opencascade::handle<Standard_Transient> const&>(TCollection_AsciiString&&, std::__1::in_place_t, NCollection_ListNode*, opencascade::handle<Standard_Transient> const&) NCollection_DataMap.hxx:102 (occt_1157_stress:arm64+0x10083fef4)
    #4 std::__1::conditional<false, opencascade::handle<Standard_Transient>&, bool>::type NCollection_DataMap<TCollection_AsciiString, opencascade::handle<Standard_Transient>, NCollection_DefaultHasher<TCollection_AsciiString>>::emplaceImpl<TCollection_AsciiString, false, false, opencascade::handle<Standard_Transient> const&>(TCollection_AsciiString&&, std::__1::integral_constant<bool, false>, std::__1::integral_constant<bool, false>, opencascade::handle<Standard_Transient> const&) NCollection_DataMap.hxx:810 (occt_1157_stress:arm64+0x10083fef4)
    #5 NCollection_DataMap<TCollection_AsciiString, opencascade::handle<Standard_Transient>, NCollection_DefaultHasher<TCollection_AsciiString>>::Bind(TCollection_AsciiString&&, opencascade::handle<Standard_Transient> const&) NCollection_DataMap.hxx:414 (occt_1157_stress:arm64+0x10133e764)
    #6 Interface_Static::Init(char const*, char const*, Interface_ParamType, char const*) Interface_Static.cxx:183 (occt_1157_stress:arm64+0x10133e764)
    #7 Interface_Static::Init(char const*, char const*, char, char const*) Interface_Static.cxx:275 (occt_1157_stress:arm64+0x10133ec84)
    #8 Interface_Static::Standards() Interface_StaticStandards.cxx:33 (occt_1157_stress:arm64+0x101340c08)
    #9 XSControl_Controller::XSControl_Controller(char const*, char const*) XSControl_Controller.cxx:69 (occt_1157_stress:arm64+0x1013d527c)
    #10 IGESControl_Controller::IGESControl_Controller(bool) IGESControl_Controller.cxx:72 (occt_1157_stress:arm64+0x10037b2f0)
    #11 IGESControl_Controller::IGESControl_Controller(bool) IGESControl_Controller.cxx:75 (occt_1157_stress:arm64+0x100380880)
    #12 IGESControl_Controller::Init() IGESControl_Controller.cxx:364 (occt_1157_stress:arm64+0x100380880)
    #13 IGESControl_Writer::IGESControl_Writer(char const*, int) IGESControl_Writer.cxx:73 (occt_1157_stress:arm64+0x10038b868)
    #14 IGESControl_Writer::IGESControl_Writer(char const*, int) IGESControl_Writer.cxx:72 (occt_1157_stress:arm64+0x10038ba30)
    #15 runIgesWriteIndependent(int, int) occt_1157_stress.cpp:160 (occt_1157_stress:arm64+0x100001b50)
    #16 std::__1::__invoke_result_impl<void, void (*)(int, int), int, int>::type std::__1::__invoke[abi:nqe220106]<void (*)(int, int), int, int>(void (*&&)(int, int), int&&, int&&) invoke.h:90 (occt_1157_stress:arm64+0x100006214)
    #17 void std::__1::__thread_execute[abi:nqe220106]<std::__1::unique_ptr<std::__1::__thread_struct, std::__1::default_delete<std::__1::__thread_struct>>, void (*)(int, int), int, int, 0ul, 1ul, 2ul>(std::__1::tuple<std::__1::unique_ptr<std::__1::__thread_struct, std::__1::default_delete<std::__1::__thread_struct>>, void (*)(int, int), int, int>&, std::__1::__integer_sequence<unsigned long, 0ul, 1ul, 2ul>) thread.h:161 (occt_1157_stress:arm64+0x100006214)
    #18 void* std::__1::__thread_proxy[abi:nqe220106]<std::__1::tuple<std::__1::unique_ptr<std::__1::__thread_struct, std::__1::default_delete<std::__1::__thread_struct>>, void (*)(int, int), int, int>>(void*) thread.h:169 (occt_1157_stress:arm64+0x100006214)

  Location is heap block of size 32 at 0x00010ff02740 allocated by thread T1:
    #0 calloc <null> (libclang_rt.tsan_osx_dynamic.dylib:arm64e+0x67ff4)
    #1 Standard::Allocate(unsigned long) Standard.cxx:386 (occt_1157_stress:arm64+0x1008bee84)
    #2 NCollection_BaseAllocator::Allocate(unsigned long) NCollection_BaseAllocator.cxx:22 (occt_1157_stress:arm64+0x1008dea8c)
    #3 NCollection_ListNode::operator new(unsigned long, opencascade::handle<NCollection_BaseAllocator> const&) NCollection_ListNode.hxx:30 (occt_1157_stress:arm64+0x10083fe90)
    #4 std::__1::conditional<false, opencascade::handle<Standard_Transient>&, bool>::type NCollection_DataMap<TCollection_AsciiString, opencascade::handle<Standard_Transient>, NCollection_DefaultHasher<TCollection_AsciiString>>::emplaceImpl<TCollection_AsciiString, false, false, opencascade::handle<Standard_Transient> const&>(TCollection_AsciiString&&, std::__1::integral_constant<bool, false>, std::__1::integral_constant<bool, false>, opencascade::handle<Standard_Transient> const&) NCollection_DataMap.hxx:810 (occt_1157_stress:arm64+0x10083fe90)
    #5 NCollection_DataMap<TCollection_AsciiString, opencascade::handle<Standard_Transient>, NCollection_DefaultHasher<TCollection_AsciiString>>::Bind(TCollection_AsciiString&&, opencascade::handle<Standard_Transient> const&) NCollection_DataMap.hxx:414 (occt_1157_stress:arm64+0x10133e764)
    #6 Interface_Static::Init(char const*, char const*, Interface_ParamType, char const*) Interface_Static.cxx:183 (occt_1157_stress:arm64+0x10133e764)
    #7 Interface_Static::Init(char const*, char const*, char, char const*) Interface_Static.cxx:275 (occt_1157_stress:arm64+0x10133ec84)
    #8 Interface_Static::Standards() Interface_StaticStandards.cxx:33 (occt_1157_stress:arm64+0x101340c08)
    #9 XSControl_Controller::XSControl_Controller(char const*, char const*) XSControl_Controller.cxx:69 (occt_1157_stress:arm64+0x1013d527c)
    #10 IGESControl_Controller::IGESControl_Controller(bool) IGESControl_Controller.cxx:72 (occt_1157_stress:arm64+0x10037b2f0)
    #11 IGESControl_Controller::IGESControl_Controller(bool) IGESControl_Controller.cxx:75 (occt_1157_stress:arm64+0x100380880)
    #12 IGESControl_Controller::Init() IGESControl_Controller.cxx:364 (occt_1157_stress:arm64+0x100380880)
    #13 IGESControl_Writer::IGESControl_Writer(char const*, int) IGESControl_Writer.cxx:73 (occt_1157_stress:arm64+0x10038b868)
    #14 IGESControl_Writer::IGESControl_Writer(char const*, int) IGESControl_Writer.cxx:72 (occt_1157_stress:arm64+0x10038ba30)
    #15 runIgesWriteIndependent(int, int) occt_1157_stress.cpp:160 (occt_1157_stress:arm64+0x100001b50)
    #16 std::__1::__invoke_result_impl<void, void (*)(int, int), int, int>::type std::__1::__invoke[abi:nqe220106]<void (*)(int, int), int, int>(void (*&&)(int, int), int&&, int&&) invoke.h:90 (occt_1157_stress:arm64+0x100006214)
    #17 void std::__1::__thread_execute[abi:nqe220106]<std::__1::unique_ptr<std::__1::__thread_struct, std::__1::default_delete<std::__1::__thread_struct>>, void (*)(int, int), int, int, 0ul, 1ul, 2ul>(std::__1::tuple<std::__1::unique_ptr<std::__1::__thread_struct, std::__1::default_delete<std::__1::__thread_struct>>, void (*)(int, int), int, int>&, std::__1::__integer_sequence<unsigned long, 0ul, 1ul, 2ul>) thread.h:161 (occt_1157_stress:arm64+0x100006214)
    #18 void* std::__1::__thread_proxy[abi:nqe220106]<std::__1::tuple<std::__1::unique_ptr<std::__1::__thread_struct, std::__1::default_delete<std::__1::__thread_struct>>, void (*)(int, int), int, int>>(void*) thread.h:169 (occt_1157_stress:arm64+0x100006214)

  Thread T5 (tid=14909938, running) created by main thread at:
    #0 pthread_create <null> (libclang_rt.tsan_osx_dynamic.dylib:arm64e+0x33bac)
    #1 std::__1::__libcpp_thread_create[abi:nqe220106](_opaque_pthread_t**, void* (*)(void*), void*) pthread.h:182 (occt_1157_stress:arm64+0x1000060dc)
    #2 std::__1::thread::thread[abi:nqe220106]<void (*&)(int, int), int&, int&, 0>(void (*&)(int, int), int&, int&) thread.h:221 (occt_1157_stress:arm64+0x1000060dc)
    #3 std::__1::thread::thread[abi:nqe220106]<void (*&)(int, int), int&, int&, 0>(void (*&)(int, int), int&, int&) thread.h:212 (occt_1157_stress:arm64+0x10000645c)
    #4 void std::__1::allocator<std::__1::thread>::construct[abi:nqe220106]<std::__1::thread, void (*&)(int, int), int&, int&>(std::__1::thread*, void (*&)(int, int), int&, int&) allocator.h:141 (occt_1157_stress:arm64+0x10000645c)
    #5 void std::__1::allocator_traits<std::__1::allocator<std::__1::thread>>::construct[abi:nqe220106]<std::__1::thread, void (*&)(int, int), int&, int&, 0>(std::__1::allocator<std::__1::thread>&, std::__1::thread*, void (*&)(int, int), int&, int&) allocator_traits.h:296 (occt_1157_stress:arm64+0x10000645c)
    #6 std::__1::thread* std::__1::vector<std::__1::thread, std::__1::allocator<std::__1::thread>>::__emplace_back_slow_path<void (*&)(int, int), int&, int&>(void (*&)(int, int), int&, int&) vector.h:1109 (occt_1157_stress:arm64+0x10000645c)
    #7 std::__1::thread& std::__1::vector<std::__1::thread, std::__1::allocator<std::__1::thread>>::emplace_back<void (*&)(int, int), int&, int&>(void (*&)(int, int), int&, int&)::'lambda0'()::operator()() const vector.h:1149 (occt_1157_stress:arm64+0x100003918)
    #8 void std::__1::__if_likely_else[abi:nqe220106]<std::__1::thread& std::__1::vector<std::__1::thread, std::__1::allocator<std::__1::thread>>::emplace_back<void (*&)(int, int), int&, int&>(void (*&)(int, int), int&, int&)::'lambda'(), std::__1::thread& std::__1::vector<std::__1::thread, std::__1::allocator<std::__1::thread>>::emplace_back<void (*&)(int, int), int&, int&>(void (*&)(int, int), int&, int&)::'lambda0'()>(bool, std::__1::thread& std::__1::vector<std::__1::thread, std::__1::allocator<std::__1::thread>>::emplace_back<void (*&)(int, int), int&, int&>(void (*&)(int, int), int&, int&)::'lambda'(), std::__1::thread& std::__1::vector<std::__1::thread, std::__1::allocator<std::__1::thread>>::emplace_back<void (*&)(int, int), int&, int&>(void (*&)(int, int), int&, int&)::'lambda0'()) vector.h:1129 (occt_1157_stress:arm64+0x100003918)
    #9 std::__1::thread& std::__1::vector<std::__1::thread, std::__1::allocator<std::__1::thread>>::emplace_back<void (*&)(int, int), int&, int&>(void (*&)(int, int), int&, int&) vector.h:1143 (occt_1157_stress:arm64+0x100003918)
    #10 runOne(char const*, int, int) occt_1157_stress.cpp:359 (occt_1157_stress:arm64+0x100003918)
    #11 main occt_1157_stress.cpp:396 (occt_1157_stress:arm64+0x100002de4)

  Thread T1 (tid=14909934, running) created by main thread at:
    #0 pthread_create <null> (libclang_rt.tsan_osx_dynamic.dylib:arm64e+0x33bac)
    #1 std::__1::__libcpp_thread_create[abi:nqe220106](_opaque_pthread_t**, void* (*)(void*), void*) pthread.h:182 (occt_1157_stress:arm64+0x1000060dc)
    #2 std::__1::thread::thread[abi:nqe220106]<void (*&)(int, int), int&, int&, 0>(void (*&)(int, int), int&, int&) thread.h:221 (occt_1157_stress:arm64+0x1000060dc)
    #3 std::__1::thread::thread[abi:nqe220106]<void (*&)(int, int), int&, int&, 0>(void (*&)(int, int), int&, int&) thread.h:212 (occt_1157_stress:arm64+0x10000645c)
    #4 void std::__1::allocator<std::__1::thread>::construct[abi:nqe220106]<std::__1::thread, void (*&)(int, int), int&, int&>(std::__1::thread*, void (*&)(int, int), int&, int&) allocator.h:141 (occt_1157_stress:arm64+0x10000645c)
    #5 void std::__1::allocator_traits<std::__1::allocator<std::__1::thread>>::construct[abi:nqe220106]<std::__1::thread, void (*&)(int, int), int&, int&, 0>(std::__1::allocator<std::__1::thread>&, std::__1::thread*, void (*&)(int, int), int&, int&) allocator_traits.h:296 (occt_1157_stress:arm64+0x10000645c)
    #6 std::__1::thread* std::__1::vector<std::__1::thread, std::__1::allocator<std::__1::thread>>::__emplace_back_slow_path<void (*&)(int, int), int&, int&>(void (*&)(int, int), int&, int&) vector.h:1109 (occt_1157_stress:arm64+0x10000645c)
    #7 std::__1::thread& std::__1::vector<std::__1::thread, std::__1::allocator<std::__1::thread>>::emplace_back<void (*&)(int, int), int&, int&>(void (*&)(int, int), int&, int&)::'lambda0'()::operator()() const vector.h:1149 (occt_1157_stress:arm64+0x100003918)
    #8 void std::__1::__if_likely_else[abi:nqe220106]<std::__1::thread& std::__1::vector<std::__1::thread, std::__1::allocator<std::__1::thread>>::emplace_back<void (*&)(int, int), int&, int&>(void (*&)(int, int), int&, int&)::'lambda'(), std::__1::thread& std::__1::vector<std::__1::thread, std::__1::allocator<std::__1::thread>>::emplace_back<void (*&)(int, int), int&, int&>(void (*&)(int, int), int&, int&)::'lambda0'()>(bool, std::__1::thread& std::__1::vector<std::__1::thread, std::__1::allocator<std::__1::thread>>::emplace_back<void (*&)(int, int), int&, int&>(void (*&)(int, int), int&, int&)::'lambda'(), std::__1::thread& std::__1::vector<std::__1::thread, std::__1::allocator<std::__1::thread>>::emplace_back<void (*&)(int, int), int&, int&>(void (*&)(int, int), int&, int&)::'lambda0'()) vector.h:1129 (occt_1157_stress:arm64+0x100003918)
    #9 std::__1::thread& std::__1::vector<std::__1::thread, std::__1::allocator<std::__1::thread>>::emplace_back<void (*&)(int, int), int&, int&>(void (*&)(int, int), int&, int&) vector.h:1143 (occt_1157_stress:arm64+0x100003918)
    #10 runOne(char const*, int, int) occt_1157_stress.cpp:359 (occt_1157_stress:arm64+0x100003918)
    #11 main occt_1157_stress.cpp:396 (occt_1157_stress:arm64+0x100002de4)

SUMMARY: ThreadSanitizer: data race TCollection_AsciiString.cxx:779 in TCollection_AsciiString::IsEqual(char const*, int) const
==================
==================
WARNING: ThreadSanitizer: data race (pid=70666)
  Atomic write of size 4 at 0x000111607b08 by thread T6:
    #0 int std::__1::__cxx_atomic_fetch_add[abi:nqe210106]<int>(std::__1::__cxx_atomic_base_impl<int>*, int, std::__1::memory_order) c11.h:181 (occt_1157_stress:arm64+0x10133ea70)
    #1 std::__1::__atomic_base<int, true>::fetch_add[abi:nqe210106](int, std::__1::memory_order) atomic.h:161 (occt_1157_stress:arm64+0x10133ea70)
    #2 Standard_Transient::IncrementRefCounter() Standard_Transient.hxx:114 (occt_1157_stress:arm64+0x10133ea70)
    #3 opencascade::handle<Standard_Transient>::BeginScope() Standard_Handle.hxx:385 (occt_1157_stress:arm64+0x10133ea70)
    #4 opencascade::handle<Standard_Transient>::Assign(Standard_Transient*) Standard_Handle.hxx:378 (occt_1157_stress:arm64+0x10133ea70)
    #5 opencascade::handle<Standard_Transient>::operator=(opencascade::handle<Standard_Transient> const&) Standard_Handle.hxx:102 (occt_1157_stress:arm64+0x10133ea70)
    #6 NCollection_DataMap<TCollection_AsciiString, opencascade::handle<Standard_Transient>, NCollection_DefaultHasher<TCollection_AsciiString>>::Find(TCollection_AsciiString const&, opencascade::handle<Standard_Transient>&) const NCollection_DataMap.hxx:688 (occt_1157_stress:arm64+0x10133ea70)
    #7 Interface_Static::Static(char const*) Interface_Static.cxx:295 (occt_1157_stress:arm64+0x10133ea70)
    #8 XSControl_Controller::TraceStatic(char const*, int) XSControl_Controller.cxx:80 (occt_1157_stress:arm64+0x1013d53b8)
    #9 XSControl_Controller::XSControl_Controller(char const*, char const*) XSControl_Controller.cxx:70 (occt_1157_stress:arm64+0x1013d5290)
    #10 IGESControl_Controller::IGESControl_Controller(bool) IGESControl_Controller.cxx:72 (occt_1157_stress:arm64+0x10037b2f0)
    #11 IGESControl_Controller::IGESControl_Controller(bool) IGESControl_Controller.cxx:75 (occt_1157_stress:arm64+0x100380880)
    #12 IGESControl_Controller::Init() IGESControl_Controller.cxx:364 (occt_1157_stress:arm64+0x100380880)
    #13 IGESControl_Writer::IGESControl_Writer(char const*, int) IGESControl_Writer.cxx:73 (occt_1157_stress:arm64+0x10038b868)
    #14 IGESControl_Writer::IGESControl_Writer(char const*, int) IGESControl_Writer.cxx:72 (occt_1157_stress:arm64+0x10038ba30)
    #15 runIgesWriteIndependent(int, int) occt_1157_stress.cpp:160 (occt_1157_stress:arm64+0x100001b50)
    #16 std::__1::__invoke_result_impl<void, void (*)(int, int), int, int>::type std::__1::__invoke[abi:nqe220106]<void (*)(int, int), int, int>(void (*&&)(int, int), int&&, int&&) invoke.h:90 (occt_1157_stress:arm64+0x100006214)
    #17 void std::__1::__thread_execute[abi:nqe220106]<std::__1::unique_ptr<std::__1::__thread_struct, std::__1::default_delete<std::__1::__thread_struct>>, void (*)(int, int), int, int, 0ul, 1ul, 2ul>(std::__1::tuple<std::__1::unique_ptr<std::__1::__thread_struct, std::__1::default_delete<std::__1::__thread_struct>>, void (*)(int, int), int, int>&, std::__1::__integer_sequence<unsigned long, 0ul, 1ul, 2ul>) thread.h:161 (occt_1157_stress:arm64+0x100006214)
    #18 void* std::__1::__thread_proxy[abi:nqe220106]<std::__1::tuple<std::__1::unique_ptr<std::__1::__thread_struct, std::__1::default_delete<std::__1::__thread_struct>>, void (*)(int, int), int, int>>(void*) thread.h:169 (occt_1157_stress:arm64+0x100006214)

  Previous write of size 4 at 0x000111607b08 by thread T1:
    #0 std::__1::__cxx_atomic_base_impl<int>::__cxx_atomic_base_impl(int) c11.h:37 (occt_1157_stress:arm64+0x10140269c)
    #1 std::__1::__cxx_atomic_impl<int, std::__1::__cxx_atomic_base_impl<int>>::__cxx_atomic_impl[abi:nqe210106](int) support.h:116 (occt_1157_stress:arm64+0x10140269c)
    #2 std::__1::__cxx_atomic_impl<int, std::__1::__cxx_atomic_base_impl<int>>::__cxx_atomic_impl[abi:nqe210106](int) support.h:116 (occt_1157_stress:arm64+0x10140269c)
    #3 std::__1::__atomic_base<int, false>::__atomic_base[abi:nqe210106](int) atomic.h:140 (occt_1157_stress:arm64+0x10140269c)
    #4 std::__1::__atomic_base<int, true>::__atomic_base[abi:nqe210106](int) atomic.h:155 (occt_1157_stress:arm64+0x10140269c)
    #5 std::__1::atomic<int>::atomic[abi:nqe210106](int) atomic.h:250 (occt_1157_stress:arm64+0x10140269c)
    #6 std::__1::atomic<int>::atomic[abi:nqe210106](int) atomic.h:250 (occt_1157_stress:arm64+0x10140269c)
    #7 Standard_Transient::Standard_Transient() Standard_Transient.hxx:52 (occt_1157_stress:arm64+0x10140269c)
    #8 MoniTool_TypedValue::MoniTool_TypedValue(char const*, MoniTool_ValueType, char const*) MoniTool_TypedValue.cxx:70 (occt_1157_stress:arm64+0x10140269c)
    #9 Interface_TypedValue::Interface_TypedValue(char const*, Interface_ParamType, char const*) Interface_TypedValue.cxx:33 (occt_1157_stress:arm64+0x101341294)
    #10 Interface_Static::Interface_Static(char const*, char const*, Interface_ParamType, char const*) Interface_Static.cxx:39 (occt_1157_stress:arm64+0x10133d5b4)
    #11 Interface_Static::Interface_Static(char const*, char const*, Interface_ParamType, char const*) Interface_Static.cxx:42 (occt_1157_stress:arm64+0x10133e5ac)
    #12 Interface_Static::Init(char const*, char const*, Interface_ParamType, char const*) Interface_Static.cxx:180 (occt_1157_stress:arm64+0x10133e5ac)
    #13 Interface_Static::Init(char const*, char const*, char, char const*) Interface_Static.cxx:275 (occt_1157_stress:arm64+0x10133ec84)
    #14 Interface_Static::Standards() Interface_StaticStandards.cxx:33 (occt_1157_stress:arm64+0x101340c08)
    #15 XSControl_Controller::XSControl_Controller(char const*, char const*) XSControl_Controller.cxx:69 (occt_1157_stress:arm64+0x1013d527c)
    #16 IGESControl_Controller::IGESControl_Controller(bool) IGESControl_Controller.cxx:72 (occt_1157_stress:arm64+0x10037b2f0)
    #17 IGESControl_Controller::IGESControl_Controller(bool) IGESControl_Controller.cxx:75 (occt_1157_stress:arm64+0x100380880)
    #18 IGESControl_Controller::Init() IGESControl_Controller.cxx:364 (occt_1157_stress:arm64+0x100380880)
    #19 IGESControl_Writer::IGESControl_Writer(char const*, int) IGESControl_Writer.cxx:73 (occt_1157_stress:arm64+0x10038b868)
    #20 IGESControl_Writer::IGESControl_Writer(char const*, int) IGESControl_Writer.cxx:72 (occt_1157_stress:arm64+0x10038ba30)
    #21 runIgesWriteIndependent(int, int) occt_1157_stress.cpp:160 (occt_1157_stress:arm64+0x100001b50)
    #22 std::__1::__invoke_result_impl<void, void (*)(int, int), int, int>::type std::__1::__invoke[abi:nqe220106]<void (*)(int, int), int, int>(void (*&&)(int, int), int&&, int&&) invoke.h:90 (occt_1157_stress:arm64+0x100006214)
    #23 void std::__1::__thread_execute[abi:nqe220106]<std::__1::unique_ptr<std::__1::__thread_struct, std::__1::default_delete<std::__1::__thread_struct>>, void (*)(int, int), int, int, 0ul, 1ul, 2ul>(std::__1::tuple<std::__1::unique_ptr<std::__1::__thread_struct, std::__1::default_delete<std::__1::__thread_struct>>, void (*)(int, int), int, int>&, std::__1::__integer_sequence<unsigned long, 0ul, 1ul, 2ul>) thread.h:161 (occt_1157_stress:arm64+0x100006214)
    #24 void* std::__1::__thread_proxy[abi:nqe220106]<std::__1::tuple<std::__1::unique_ptr<std::__1::__thread_struct, std::__1::default_delete<std::__1::__thread_struct>>, void (*)(int, int), int, int>>(void*) thread.h:169 (occt_1157_stress:arm64+0x100006214)

  Location is heap block of size 648 at 0x000111607b00 allocated by thread T1:
    #0 calloc <null> (libclang_rt.tsan_osx_dynamic.dylib:arm64e+0x67ff4)
    #1 Standard::Allocate(unsigned long) Standard.cxx:386 (occt_1157_stress:arm64+0x1008bee84)
    #2 Standard_Transient::operator new(unsigned long) Standard_Transient.hxx:47 (occt_1157_stress:arm64+0x10133e594)
    #3 Interface_Static::Init(char const*, char const*, Interface_ParamType, char const*) Interface_Static.cxx:180 (occt_1157_stress:arm64+0x10133e594)
    #4 Interface_Static::Init(char const*, char const*, char, char const*) Interface_Static.cxx:275 (occt_1157_stress:arm64+0x10133ec84)
    #5 Interface_Static::Standards() Interface_StaticStandards.cxx:33 (occt_1157_stress:arm64+0x101340c08)
    #6 XSControl_Controller::XSControl_Controller(char const*, char const*) XSControl_Controller.cxx:69 (occt_1157_stress:arm64+0x1013d527c)
    #7 IGESControl_Controller::IGESControl_Controller(bool) IGESControl_Controller.cxx:72 (occt_1157_stress:arm64+0x10037b2f0)
    #8 IGESControl_Controller::IGESControl_Controller(bool) IGESControl_Controller.cxx:75 (occt_1157_stress:arm64+0x100380880)
    #9 IGESControl_Controller::Init() IGESControl_Controller.cxx:364 (occt_1157_stress:arm64+0x100380880)
    #10 IGESControl_Writer::IGESControl_Writer(char const*, int) IGESControl_Writer.cxx:73 (occt_1157_stress:arm64+0x10038b868)
    #11 IGESControl_Writer::IGESControl_Writer(char const*, int) IGESControl_Writer.cxx:72 (occt_1157_stress:arm64+0x10038ba30)
    #12 runIgesWriteIndependent(int, int) occt_1157_stress.cpp:160 (occt_1157_stress:arm64+0x100001b50)
    #13 std::__1::__invoke_result_impl<void, void (*)(int, int), int, int>::type std::__1::__invoke[abi:nqe220106]<void (*)(int, int), int, int>(void (*&&)(int, int), int&&, int&&) invoke.h:90 (occt_1157_stress:arm64+0x100006214)
    #14 void std::__1::__thread_execute[abi:nqe220106]<std::__1::unique_ptr<std::__1::__thread_struct, std::__1::default_delete<std::__1::__thread_struct>>, void (*)(int, int), int, int, 0ul, 1ul, 2ul>(std::__1::tuple<std::__1::unique_ptr<std::__1::__thread_struct, std::__1::default_delete<std::__1::__thread_struct>>, void (*)(int, int), int, int>&, std::__1::__integer_sequence<unsigned long, 0ul, 1ul, 2ul>) thread.h:161 (occt_1157_stress:arm64+0x100006214)
    #15 void* std::__1::__thread_proxy[abi:nqe220106]<std::__1::tuple<std::__1::unique_ptr<std::__1::__thread_struct, std::__1::default_delete<std::__1::__thread_struct>>, void (*)(int, int), int, int>>(void*) thread.h:169 (occt_1157_stress:arm64+0x100006214)

  Thread T6 (tid=14909939, running) created by main thread at:
    #0 pthread_create <null> (libclang_rt.tsan_osx_dynamic.dylib:arm64e+0x33bac)
    #1 std::__1::__libcpp_thread_create[abi:nqe220106](_opaque_pthread_t**, void* (*)(void*), void*) pthread.h:182 (occt_1157_stress:arm64+0x1000060dc)
    #2 std::__1::thread::thread[abi:nqe220106]<void (*&)(int, int), int&, int&, 0>(void (*&)(int, int), int&, int&) thread.h:221 (occt_1157_stress:arm64+0x1000060dc)
    #3 std::__1::thread::thread[abi:nqe220106]<void (*&)(int, int), int&, int&, 0>(void (*&)(int, int), int&, int&) thread.h:212 (occt_1157_stress:arm64+0x1000038c8)
    #4 void std::__1::allocator<std::__1::thread>::construct[abi:nqe220106]<std::__1::thread, void (*&)(int, int), int&, int&>(std::__1::thread*, void (*&)(int, int), int&, int&) allocator.h:141 (occt_1157_stress:arm64+0x1000038c8)
    #5 void std::__1::allocator_traits<std::__1::allocator<std::__1::thread>>::construct[abi:nqe220106]<std::__1::thread, void (*&)(int, int), int&, int&, 0>(std::__1::allocator<std::__1::thread>&, std::__1::thread*, void (*&)(int, int), int&, int&) allocator_traits.h:296 (occt_1157_stress:arm64+0x1000038c8)
    #6 void std::__1::vector<std::__1::thread, std::__1::allocator<std::__1::thread>>::__emplace_back_assume_capacity[abi:nqe220106]<void (*&)(int, int), int&, int&>(void (*&)(int, int), int&, int&) vector.h:483 (occt_1157_stress:arm64+0x1000038c8)
    #7 std::__1::thread& std::__1::vector<std::__1::thread, std::__1::allocator<std::__1::thread>>::emplace_back<void (*&)(int, int), int&, int&>(void (*&)(int, int), int&, int&)::'lambda'()::operator()() const vector.h:1146 (occt_1157_stress:arm64+0x1000038c8)
    #8 void std::__1::__if_likely_else[abi:nqe220106]<std::__1::thread& std::__1::vector<std::__1::thread, std::__1::allocator<std::__1::thread>>::emplace_back<void (*&)(int, int), int&, int&>(void (*&)(int, int), int&, int&)::'lambda'(), std::__1::thread& std::__1::vector<std::__1::thread, std::__1::allocator<std::__1::thread>>::emplace_back<void (*&)(int, int), int&, int&>(void (*&)(int, int), int&, int&)::'lambda0'()>(bool, std::__1::thread& std::__1::vector<std::__1::thread, std::__1::allocator<std::__1::thread>>::emplace_back<void (*&)(int, int), int&, int&>(void (*&)(int, int), int&, int&)::'lambda'(), std::__1::thread& std::__1::vector<std::__1::thread, std::__1::allocator<std::__1::thread>>::emplace_back<void (*&)(int, int), int&, int&>(void (*&)(int, int), int&, int&)::'lambda0'()) vector.h:1127 (occt_1157_stress:arm64+0x1000038c8)
    #9 std::__1::thread& std::__1::vector<std::__1::thread, std::__1::allocator<std::__1::thread>>::emplace_back<void (*&)(int, int), int&, int&>(void (*&)(int, int), int&, int&) vector.h:1143 (occt_1157_stress:arm64+0x1000038c8)
    #10 runOne(char const*, int, int) occt_1157_stress.cpp:359 (occt_1157_stress:arm64+0x1000038c8)
    #11 main occt_1157_stress.cpp:396 (occt_1157_stress:arm64+0x100002de4)

  Thread T1 (tid=14909934, running) created by main thread at:
    #0 pthread_create <null> (libclang_rt.tsan_osx_dynamic.dylib:arm64e+0x33bac)
    #1 std::__1::__libcpp_thread_create[abi:nqe220106](_opaque_pthread_t**, void* (*)(void*), void*) pthread.h:182 (occt_1157_stress:arm64+0x1000060dc)
    #2 std::__1::thread::thread[abi:nqe220106]<void (*&)(int, int), int&, int&, 0>(void (*&)(int, int), int&, int&) thread.h:221 (occt_1157_stress:arm64+0x1000060dc)
    #3 std::__1::thread::thread[abi:nqe220106]<void (*&)(int, int), int&, int&, 0>(void (*&)(int, int), int&, int&) thread.h:212 (occt_1157_stress:arm64+0x10000645c)
    #4 void std::__1::allocator<std::__1::thread>::construct[abi:nqe220106]<std::__1::thread, void (*&)(int, int), int&, int&>(std::__1::thread*, void (*&)(int, int), int&, int&) allocator.h:141 (occt_1157_stress:arm64+0x10000645c)
    #5 void std::__1::allocator_traits<std::__1::allocator<std::__1::thread>>::construct[abi:nqe220106]<std::__1::thread, void (*&)(int, int), int&, int&, 0>(std::__1::allocator<std::__1::thread>&, std::__1::thread*, void (*&)(int, int), int&, int&) allocator_traits.h:296 (occt_1157_stress:arm64+0x10000645c)
    #6 std::__1::thread* std::__1::vector<std::__1::thread, std::__1::allocator<std::__1::thread>>::__emplace_back_slow_path<void (*&)(int, int), int&, int&>(void (*&)(int, int), int&, int&) vector.h:1109 (occt_1157_stress:arm64+0x10000645c)
    #7 std::__1::thread& std::__1::vector<std::__1::thread, std::__1::allocator<std::__1::thread>>::emplace_back<void (*&)(int, int), int&, int&>(void (*&)(int, int), int&, int&)::'lambda0'()::operator()() const vector.h:1149 (occt_1157_stress:arm64+0x100003918)
    #8 void std::__1::__if_likely_else[abi:nqe220106]<std::__1::thread& std::__1::vector<std::__1::thread, std::__1::allocator<std::__1::thread>>::emplace_back<void (*&)(int, int), int&, int&>(void (*&)(int, int), int&, int&)::'lambda'(), std::__1::thread& std::__1::vector<std::__1::thread, std::__1::allocator<std::__1::thread>>::emplace_back<void (*&)(int, int), int&, int&>(void (*&)(int, int), int&, int&)::'lambda0'()>(bool, std::__1::thread& std::__1::vector<std::__1::thread, std::__1::allocator<std::__1::thread>>::emplace_back<void (*&)(int, int), int&, int&>(void (*&)(int, int), int&, int&)::'lambda'(), std::__1::thread& std::__1::vector<std::__1::thread, std::__1::allocator<std::__1::thread>>::emplace_back<void (*&)(int, int), int&, int&>(void (*&)(int, int), int&, int&)::'lambda0'()) vector.h:1129 (occt_1157_stress:arm64+0x100003918)
    #9 std::__1::thread& std::__1::vector<std::__1::thread, std::__1::allocator<std::__1::thread>>::emplace_back<void (*&)(int, int), int&, int&>(void (*&)(int, int), int&, int&) vector.h:1143 (occt_1157_stress:arm64+0x100003918)
    #10 runOne(char const*, int, int) occt_1157_stress.cpp:359 (occt_1157_stress:arm64+0x100003918)
    #11 main occt_1157_stress.cpp:396 (occt_1157_stress:arm64+0x100002de4)

SUMMARY: ThreadSanitizer: data race c11.h:181 in int std::__1::__cxx_atomic_fetch_add[abi:nqe210106]<int>(std::__1::__cxx_atomic_base_impl<int>*, int, std::__1::memory_order)
==================
==================
WARNING: ThreadSanitizer: data race (pid=70666)
  Read of size 8 at 0x00010ff02748 by thread T3:
    #0 opencascade::handle<Standard_Transient>::operator=(opencascade::handle<Standard_Transient> const&) Standard_Handle.hxx:102 (occt_1157_stress:arm64+0x10133e9f0)
    #1 NCollection_DataMap<TCollection_AsciiString, opencascade::handle<Standard_Transient>, NCollection_DefaultHasher<TCollection_AsciiString>>::Find(TCollection_AsciiString const&, opencascade::handle<Standard_Transient>&) const NCollection_DataMap.hxx:688 (occt_1157_stress:arm64+0x10133e9f0)
    #2 Interface_Static::Static(char const*) Interface_Static.cxx:295 (occt_1157_stress:arm64+0x10133e9f0)
    #3 XSControl_Controller::TraceStatic(char const*, int) XSControl_Controller.cxx:80 (occt_1157_stress:arm64+0x1013d53b8)
    #4 XSControl_Controller::XSControl_Controller(char const*, char const*) XSControl_Controller.cxx:70 (occt_1157_stress:arm64+0x1013d5290)
    #5 IGESControl_Controller::IGESControl_Controller(bool) IGESControl_Controller.cxx:72 (occt_1157_stress:arm64+0x10037b2f0)
    #6 IGESControl_Controller::IGESControl_Controller(bool) IGESControl_Controller.cxx:75 (occt_1157_stress:arm64+0x100380880)
    #7 IGESControl_Controller::Init() IGESControl_Controller.cxx:364 (occt_1157_stress:arm64+0x100380880)
    #8 IGESControl_Writer::IGESControl_Writer(char const*, int) IGESControl_Writer.cxx:73 (occt_1157_stress:arm64+0x10038b868)
    #9 IGESControl_Writer::IGESControl_Writer(char const*, int) IGESControl_Writer.cxx:72 (occt_1157_stress:arm64+0x10038ba30)
    #10 runIgesWriteIndependent(int, int) occt_1157_stress.cpp:160 (occt_1157_stress:arm64+0x100001b50)
    #11 std::__1::__invoke_result_impl<void, void (*)(int, int), int, int>::type std::__1::__invoke[abi:nqe220106]<void (*)(int, int), int, int>(void (*&&)(int, int), int&&, int&&) invoke.h:90 (occt_1157_stress:arm64+0x100006214)
    #12 void std::__1::__thread_execute[abi:nqe220106]<std::__1::unique_ptr<std::__1::__thread_struct, std::__1::default_delete<std::__1::__thread_struct>>, void (*)(int, int), int, int, 0ul, 1ul, 2ul>(std::__1::tuple<std::__1::unique_ptr<std::__1::__thread_struct, std::__1::default_delete<std::__1::__thread_struct>>, void (*)(int, int), int, int>&, std::__1::__integer_sequence<unsigned long, 0ul, 1ul, 2ul>) thread.h:161 (occt_1157_stress:arm64+0x100006214)
    #13 void* std::__1::__thread_proxy[abi:nqe220106]<std::__1::tuple<std::__1::unique_ptr<std::__1::__thread_struct, std::__1::default_delete<std::__1::__thread_struct>>, void (*)(int, int), int, int>>(void*) thread.h:169 (occt_1157_stress:arm64+0x100006214)

  Previous write of size 8 at 0x00010ff02748 by thread T1:
    #0 opencascade::handle<Standard_Transient>::handle(opencascade::handle<Standard_Transient> const&) Standard_Handle.hxx:75 (occt_1157_stress:arm64+0x10083fed0)
    #1 opencascade::handle<Standard_Transient>::handle(opencascade::handle<Standard_Transient> const&) Standard_Handle.hxx:76 (occt_1157_stress:arm64+0x10083fed0)
    #2 NCollection_TListNode<opencascade::handle<Standard_Transient>>::NCollection_TListNode<opencascade::handle<Standard_Transient> const&>(std::__1::in_place_t, NCollection_ListNode*, opencascade::handle<Standard_Transient> const&) NCollection_TListNode.hxx:47 (occt_1157_stress:arm64+0x10083fed0)
    #3 NCollection_DataMap<TCollection_AsciiString, opencascade::handle<Standard_Transient>, NCollection_DefaultHasher<TCollection_AsciiString>>::DataMapNode::DataMapNode<TCollection_AsciiString, opencascade::handle<Standard_Transient> const&>(TCollection_AsciiString&&, std::__1::in_place_t, NCollection_ListNode*, opencascade::handle<Standard_Transient> const&) NCollection_DataMap.hxx:98 (occt_1157_stress:arm64+0x10083fed0)
    #4 NCollection_DataMap<TCollection_AsciiString, opencascade::handle<Standard_Transient>, NCollection_DefaultHasher<TCollection_AsciiString>>::DataMapNode::DataMapNode<TCollection_AsciiString, opencascade::handle<Standard_Transient> const&>(TCollection_AsciiString&&, std::__1::in_place_t, NCollection_ListNode*, opencascade::handle<Standard_Transient> const&) NCollection_DataMap.hxx:102 (occt_1157_stress:arm64+0x10083fed0)
    #5 std::__1::conditional<false, opencascade::handle<Standard_Transient>&, bool>::type NCollection_DataMap<TCollection_AsciiString, opencascade::handle<Standard_Transient>, NCollection_DefaultHasher<TCollection_AsciiString>>::emplaceImpl<TCollection_AsciiString, false, false, opencascade::handle<Standard_Transient> const&>(TCollection_AsciiString&&, std::__1::integral_constant<bool, false>, std::__1::integral_constant<bool, false>, opencascade::handle<Standard_Transient> const&) NCollection_DataMap.hxx:810 (occt_1157_stress:arm64+0x10083fed0)
    #6 NCollection_DataMap<TCollection_AsciiString, opencascade::handle<Standard_Transient>, NCollection_DefaultHasher<TCollection_AsciiString>>::Bind(TCollection_AsciiString&&, opencascade::handle<Standard_Transient> const&) NCollection_DataMap.hxx:414 (occt_1157_stress:arm64+0x10133e764)
    #7 Interface_Static::Init(char const*, char const*, Interface_ParamType, char const*) Interface_Static.cxx:183 (occt_1157_stress:arm64+0x10133e764)
    #8 Interface_Static::Init(char const*, char const*, char, char const*) Interface_Static.cxx:275 (occt_1157_stress:arm64+0x10133ec84)
    #9 Interface_Static::Standards() Interface_StaticStandards.cxx:33 (occt_1157_stress:arm64+0x101340c08)
    #10 XSControl_Controller::XSControl_Controller(char const*, char const*) XSControl_Controller.cxx:69 (occt_1157_stress:arm64+0x1013d527c)
    #11 IGESControl_Controller::IGESControl_Controller(bool) IGESControl_Controller.cxx:72 (occt_1157_stress:arm64+0x10037b2f0)
    #12 IGESControl_Controller::IGESControl_Controller(bool) IGESControl_Controller.cxx:75 (occt_1157_stress:arm64+0x100380880)
    #13 IGESControl_Controller::Init() IGESControl_Controller.cxx:364 (occt_1157_stress:arm64+0x100380880)
    #14 IGESControl_Writer::IGESControl_Writer(char const*, int) IGESControl_Writer.cxx:73 (occt_1157_stress:arm64+0x10038b868)
    #15 IGESControl_Writer::IGESControl_Writer(char const*, int) IGESControl_Writer.cxx:72 (occt_1157_stress:arm64+0x10038ba30)
    #16 runIgesWriteIndependent(int, int) occt_1157_stress.cpp:160 (occt_1157_stress:arm64+0x100001b50)
    #17 std::__1::__invoke_result_impl<void, void (*)(int, int), int, int>::type std::__1::__invoke[abi:nqe220106]<void (*)(int, int), int, int>(void (*&&)(int, int), int&&, int&&) invoke.h:90 (occt_1157_stress:arm64+0x100006214)
    #18 void std::__1::__thread_execute[abi:nqe220106]<std::__1::unique_ptr<std::__1::__thread_struct, std::__1::default_delete<std::__1::__thread_struct>>, void (*)(int, int), int, int, 0ul, 1ul, 2ul>(std::__1::tuple<std::__1::unique_ptr<std::__1::__thread_struct, std::__1::default_delete<std::__1::__thread_struct>>, void (*)(int, int), int, int>&, std::__1::__integer_sequence<unsigned long, 0ul, 1ul, 2ul>) thread.h:161 (occt_1157_stress:arm64+0x100006214)
    #19 void* std::__1::__thread_proxy[abi:nqe220106]<std::__1::tuple<std::__1::unique_ptr<std::__1::__thread_struct, std::__1::default_delete<std::__1::__thread_struct>>, void (*)(int, int), int, int>>(void*) thread.h:169 (occt_1157_stress:arm64+0x100006214)

  Location is heap block of size 32 at 0x00010ff02740 allocated by thread T1:
    #0 calloc <null> (libclang_rt.tsan_osx_dynamic.dylib:arm64e+0x67ff4)
    #1 Standard::Allocate(unsigned long) Standard.cxx:386 (occt_1157_stress:arm64+0x1008bee84)
    #2 NCollection_BaseAllocator::Allocate(unsigned long) NCollection_BaseAllocator.cxx:22 (occt_1157_stress:arm64+0x1008dea8c)
    #3 NCollection_ListNode::operator new(unsigned long, opencascade::handle<NCollection_BaseAllocator> const&) NCollection_ListNode.hxx:30 (occt_1157_stress:arm64+0x10083fe90)
    #4 std::__1::conditional<false, opencascade::handle<Standard_Transient>&, bool>::type NCollection_DataMap<TCollection_AsciiString, opencascade::handle<Standard_Transient>, NCollection_DefaultHasher<TCollection_AsciiString>>::emplaceImpl<TCollection_AsciiString, false, false, opencascade::handle<Standard_Transient> const&>(TCollection_AsciiString&&, std::__1::integral_constant<bool, false>, std::__1::integral_constant<bool, false>, opencascade::handle<Standard_Transient> const&) NCollection_DataMap.hxx:810 (occt_1157_stress:arm64+0x10083fe90)
    #5 NCollection_DataMap<TCollection_AsciiString, opencascade::handle<Standard_Transient>, NCollection_DefaultHasher<TCollection_AsciiString>>::Bind(TCollection_AsciiString&&, opencascade::handle<Standard_Transient> const&) NCollection_DataMap.hxx:414 (occt_1157_stress:arm64+0x10133e764)
    #6 Interface_Static::Init(char const*, char const*, Interface_ParamType, char const*) Interface_Static.cxx:183 (occt_1157_stress:arm64+0x10133e764)
    #7 Interface_Static::Init(char const*, char const*, char, char const*) Interface_Static.cxx:275 (occt_1157_stress:arm64+0x10133ec84)
    #8 Interface_Static::Standards() Interface_StaticStandards.cxx:33 (occt_1157_stress:arm64+0x101340c08)
    #9 XSControl_Controller::XSControl_Controller(char const*, char const*) XSControl_Controller.cxx:69 (occt_1157_stress:arm64+0x1013d527c)
    #10 IGESControl_Controller::IGESControl_Controller(bool) IGESControl_Controller.cxx:72 (occt_1157_stress:arm64+0x10037b2f0)
    #11 IGESControl_Controller::IGESControl_Controller(bool) IGESControl_Controller.cxx:75 (occt_1157_stress:arm64+0x100380880)
    #12 IGESControl_Controller::Init() IGESControl_Controller.cxx:364 (occt_1157_stress:arm64+0x100380880)
    #13 IGESControl_Writer::IGESControl_Writer(char const*, int) IGESControl_Writer.cxx:73 (occt_1157_stress:arm64+0x10038b868)
    #14 IGESControl_Writer::IGESControl_Writer(char const*, int) IGESControl_Writer.cxx:72 (occt_1157_stress:arm64+0x10038ba30)
    #15 runIgesWriteIndependent(int, int) occt_1157_stress.cpp:160 (occt_1157_stress:arm64+0x100001b50)
    #16 std::__1::__invoke_result_impl<void, void (*)(int, int), int, int>::type std::__1::__invoke[abi:nqe220106]<void (*)(int, int), int, int>(void (*&&)(int, int), int&&, int&&) invoke.h:90 (occt_1157_stress:arm64+0x100006214)
    #17 void std::__1::__thread_execute[abi:nqe220106]<std::__1::unique_ptr<std::__1::__thread_struct, std::__1::default_delete<std::__1::__thread_struct>>, void (*)(int, int), int, int, 0ul, 1ul, 2ul>(std::__1::tuple<std::__1::unique_ptr<std::__1::__thread_struct, std::__1::default_delete<std::__1::__thread_struct>>, void (*)(int, int), int, int>&, std::__1::__integer_sequence<unsigned long, 0ul, 1ul, 2ul>) thread.h:161 (occt_1157_stress:arm64+0x100006214)
    #18 void* std::__1::__thread_proxy[abi:nqe220106]<std::__1::tuple<std::__1::unique_ptr<std::__1::__thread_struct, std::__1::default_delete<std::__1::__thread_struct>>, void (*)(int, int), int, int>>(void*) thread.h:169 (occt_1157_stress:arm64+0x100006214)

  Thread T3 (tid=14909936, running) created by main thread at:
    #0 pthread_create <null> (libclang_rt.tsan_osx_dynamic.dylib:arm64e+0x33bac)
    #1 std::__1::__libcpp_thread_create[abi:nqe220106](_opaque_pthread_t**, void* (*)(void*), void*) pthread.h:182 (occt_1157_stress:arm64+0x1000060dc)
    #2 std::__1::thread::thread[abi:nqe220106]<void (*&)(int, int), int&, int&, 0>(void (*&)(int, int), int&, int&) thread.h:221 (occt_1157_stress:arm64+0x1000060dc)
    #3 std::__1::thread::thread[abi:nqe220106]<void (*&)(int, int), int&, int&, 0>(void (*&)(int, int), int&, int&) thread.h:212 (occt_1157_stress:arm64+0x10000645c)
    #4 void std::__1::allocator<std::__1::thread>::construct[abi:nqe220106]<std::__1::thread, void (*&)(int, int), int&, int&>(std::__1::thread*, void (*&)(int, int), int&, int&) allocator.h:141 (occt_1157_stress:arm64+0x10000645c)
    #5 void std::__1::allocator_traits<std::__1::allocator<std::__1::thread>>::construct[abi:nqe220106]<std::__1::thread, void (*&)(int, int), int&, int&, 0>(std::__1::allocator<std::__1::thread>&, std::__1::thread*, void (*&)(int, int), int&, int&) allocator_traits.h:296 (occt_1157_stress:arm64+0x10000645c)
    #6 std::__1::thread* std::__1::vector<std::__1::thread, std::__1::allocator<std::__1::thread>>::__emplace_back_slow_path<void (*&)(int, int), int&, int&>(void (*&)(int, int), int&, int&) vector.h:1109 (occt_1157_stress:arm64+0x10000645c)
    #7 std::__1::thread& std::__1::vector<std::__1::thread, std::__1::allocator<std::__1::thread>>::emplace_back<void (*&)(int, int), int&, int&>(void (*&)(int, int), int&, int&)::'lambda0'()::operator()() const vector.h:1149 (occt_1157_stress:arm64+0x100003918)
    #8 void std::__1::__if_likely_else[abi:nqe220106]<std::__1::thread& std::__1::vector<std::__1::thread, std::__1::allocator<std::__1::thread>>::emplace_back<void (*&)(int, int), int&, int&>(void (*&)(int, int), int&, int&)::'lambda'(), std::__1::thread& std::__1::vector<std::__1::thread, std::__1::allocator<std::__1::thread>>::emplace_back<void (*&)(int, int), int&, int&>(void (*&)(int, int), int&, int&)::'lambda0'()>(bool, std::__1::thread& std::__1::vector<std::__1::thread, std::__1::allocator<std::__1::thread>>::emplace_back<void (*&)(int, int), int&, int&>(void (*&)(int, int), int&, int&)::'lambda'(), std::__1::thread& std::__1::vector<std::__1::thread, std::__1::allocator<std::__1::thread>>::emplace_back<void (*&)(int, int), int&, int&>(void (*&)(int, int), int&, int&)::'lambda0'()) vector.h:1129 (occt_1157_stress:arm64+0x100003918)
    #9 std::__1::thread& std::__1::vector<std::__1::thread, std::__1::allocator<std::__1::thread>>::emplace_back<void (*&)(int, int), int&, int&>(void (*&)(int, int), int&, int&) vector.h:1143 (occt_1157_stress:arm64+0x100003918)
    #10 runOne(char const*, int, int) occt_1157_stress.cpp:359 (occt_1157_stress:arm64+0x100003918)
    #11 main occt_1157_stress.cpp:396 (occt_1157_stress:arm64+0x100002de4)

  Thread T1 (tid=14909934, running) created by main thread at:
    #0 pthread_create <null> (libclang_rt.tsan_osx_dynamic.dylib:arm64e+0x33bac)
    #1 std::__1::__libcpp_thread_create[abi:nqe220106](_opaque_pthread_t**, void* (*)(void*), void*) pthread.h:182 (occt_1157_stress:arm64+0x1000060dc)
    #2 std::__1::thread::thread[abi:nqe220106]<void (*&)(int, int), int&, int&, 0>(void (*&)(int, int), int&, int&) thread.h:221 (occt_1157_stress:arm64+0x1000060dc)
    #3 std::__1::thread::thread[abi:nqe220106]<void (*&)(int, int), int&, int&, 0>(void (*&)(int, int), int&, int&) thread.h:212 (occt_1157_stress:arm64+0x10000645c)
    #4 void std::__1::allocator<std::__1::thread>::construct[abi:nqe220106]<std::__1::thread, void (*&)(int, int), int&, int&>(std::__1::thread*, void (*&)(int, int), int&, int&) allocator.h:141 (occt_1157_stress:arm64+0x10000645c)
    #5 void std::__1::allocator_traits<std::__1::allocator<std::__1::thread>>::construct[abi:nqe220106]<std::__1::thread, void (*&)(int, int), int&, int&, 0>(std::__1::allocator<std::__1::thread>&, std::__1::thread*, void (*&)(int, int), int&, int&) allocator_traits.h:296 (occt_1157_stress:arm64+0x10000645c)
    #6 std::__1::thread* std::__1::vector<std::__1::thread, std::__1::allocator<std::__1::thread>>::__emplace_back_slow_path<void (*&)(int, int), int&, int&>(void (*&)(int, int), int&, int&) vector.h:1109 (occt_1157_stress:arm64+0x10000645c)
    #7 std::__1::thread& std::__1::vector<std::__1::thread, std::__1::allocator<std::__1::thread>>::emplace_back<void (*&)(int, int), int&, int&>(void (*&)(int, int), int&, int&)::'lambda0'()::operator()() const vector.h:1149 (occt_1157_stress:arm64+0x100003918)
    #8 void std::__1::__if_likely_else[abi:nqe220106]<std::__1::thread& std::__1::vector<std::__1::thread, std::__1::allocator<std::__1::thread>>::emplace_back<void (*&)(int, int), int&, int&>(void (*&)(int, int), int&, int&)::'lambda'(), std::__1::thread& std::__1::vector<std::__1::thread, std::__1::allocator<std::__1::thread>>::emplace_back<void (*&)(int, int), int&, int&>(void (*&)(int, int), int&, int&)::'lambda0'()>(bool, std::__1::thread& std::__1::vector<std::__1::thread, std::__1::allocator<std::__1::thread>>::emplace_back<void (*&)(int, int), int&, int&>(void (*&)(int, int), int&, int&)::'lambda'(), std::__1::thread& std::__1::vector<std::__1::thread, std::__1::allocator<std::__1::thread>>::emplace_back<void (*&)(int, int), int&, int&>(void (*&)(int, int), int&, int&)::'lambda0'()) vector.h:1129 (occt_1157_stress:arm64+0x100003918)
    #9 std::__1::thread& std::__1::vector<std::__1::thread, std::__1::allocator<std::__1::thread>>::emplace_back<void (*&)(int, int), int&, int&>(void (*&)(int, int), int&, int&) vector.h:1143 (occt_1157_stress:arm64+0x100003918)
    #10 runOne(char const*, int, int) occt_1157_stress.cpp:359 (occt_1157_stress:arm64+0x100003918)
    #11 main occt_1157_stress.cpp:396 (occt_1157_stress:arm64+0x100002de4)

SUMMARY: ThreadSanitizer: data race Standard_Handle.hxx:102 in opencascade::handle<Standard_Transient>::operator=(opencascade::handle<Standard_Transient> const&)
==================
==================
WARNING: ThreadSanitizer: data race (pid=70666)
  Read of size 4 at 0x00010ff02858 by thread T2:
    #0 TCollection_AsciiString::IsEqual(char const*, int) const TCollection_AsciiString.cxx:769 (occt_1157_stress:arm64+0x1008d0e1c)
    #1 TCollection_AsciiString::IsEqual(TCollection_AsciiString const&) const TCollection_AsciiString.lxx:249 (occt_1157_stress:arm64+0x10133e9d0)
    #2 TCollection_AsciiString::operator==(TCollection_AsciiString const&) const TCollection_AsciiString.lxx:841 (occt_1157_stress:arm64+0x10133e9d0)
    #3 std::__1::equal_to<TCollection_AsciiString>::operator()[abi:nqe210106](TCollection_AsciiString const&, TCollection_AsciiString const&) const operations.h:300 (occt_1157_stress:arm64+0x10133e9d0)
    #4 std::__1::enable_if<!std::is_enum<TCollection_AsciiString>::value, bool>::type NCollection_DefaultHasher<TCollection_AsciiString>::IsEqual<TCollection_AsciiString>(TCollection_AsciiString const&, TCollection_AsciiString const&) const NCollection_DefaultHasher.hxx:59 (occt_1157_stress:arm64+0x10133e9d0)
    #5 NCollection_DefaultHasher<TCollection_AsciiString>::operator()(TCollection_AsciiString const&, TCollection_AsciiString const&) const NCollection_DefaultHasher.hxx:41 (occt_1157_stress:arm64+0x10133e9d0)
    #6 NCollection_DataMap<TCollection_AsciiString, opencascade::handle<Standard_Transient>, NCollection_DefaultHasher<TCollection_AsciiString>>::IsEqual(TCollection_AsciiString const&, TCollection_AsciiString const&) const NCollection_DataMap.hxx:772 (occt_1157_stress:arm64+0x10133e9d0)
    #7 NCollection_DataMap<TCollection_AsciiString, opencascade::handle<Standard_Transient>, NCollection_DefaultHasher<TCollection_AsciiString>>::lookup(TCollection_AsciiString const&, NCollection_DataMap<TCollection_AsciiString, opencascade::handle<Standard_Transient>, NCollection_DefaultHasher<TCollection_AsciiString>>::DataMapNode*&) const NCollection_DataMap.hxx:744 (occt_1157_stress:arm64+0x10133e9d0)
    #8 NCollection_DataMap<TCollection_AsciiString, opencascade::handle<Standard_Transient>, NCollection_DefaultHasher<TCollection_AsciiString>>::Find(TCollection_AsciiString const&, opencascade::handle<Standard_Transient>&) const NCollection_DataMap.hxx:685 (occt_1157_stress:arm64+0x10133e9d0)
    #9 Interface_Static::Static(char const*) Interface_Static.cxx:295 (occt_1157_stress:arm64+0x10133e9d0)
    #10 XSControl_Controller::TraceStatic(char const*, int) XSControl_Controller.cxx:80 (occt_1157_stress:arm64+0x1013d53b8)
    #11 XSControl_Controller::XSControl_Controller(char const*, char const*) XSControl_Controller.cxx:71 (occt_1157_stress:arm64+0x1013d52a4)
    #12 IGESControl_Controller::IGESControl_Controller(bool) IGESControl_Controller.cxx:72 (occt_1157_stress:arm64+0x10037b2f0)
    #13 IGESControl_Controller::IGESControl_Controller(bool) IGESControl_Controller.cxx:75 (occt_1157_stress:arm64+0x100380880)
    #14 IGESControl_Controller::Init() IGESControl_Controller.cxx:364 (occt_1157_stress:arm64+0x100380880)
    #15 IGESControl_Writer::IGESControl_Writer(char const*, int) IGESControl_Writer.cxx:73 (occt_1157_stress:arm64+0x10038b868)
    #16 IGESControl_Writer::IGESControl_Writer(char const*, int) IGESControl_Writer.cxx:72 (occt_1157_stress:arm64+0x10038ba30)
    #17 runIgesWriteIndependent(int, int) occt_1157_stress.cpp:160 (occt_1157_stress:arm64+0x100001b50)
    #18 std::__1::__invoke_result_impl<void, void (*)(int, int), int, int>::type std::__1::__invoke[abi:nqe220106]<void (*)(int, int), int, int>(void (*&&)(int, int), int&&, int&&) invoke.h:90 (occt_1157_stress:arm64+0x100006214)
    #19 void std::__1::__thread_execute[abi:nqe220106]<std::__1::unique_ptr<std::__1::__thread_struct, std::__1::default_delete<std::__1::__thread_struct>>, void (*)(int, int), int, int, 0ul, 1ul, 2ul>(std::__1::tuple<std::__1::unique_ptr<std::__1::__thread_struct, std::__1::default_delete<std::__1::__thread_struct>>, void (*)(int, int), int, int>&, std::__1::__integer_sequence<unsigned long, 0ul, 1ul, 2ul>) thread.h:161 (occt_1157_stress:arm64+0x100006214)
    #20 void* std::__1::__thread_proxy[abi:nqe220106]<std::__1::tuple<std::__1::unique_ptr<std::__1::__thread_struct, std::__1::default_delete<std::__1::__thread_struct>>, void (*)(int, int), int, int>>(void*) thread.h:169 (occt_1157_stress:arm64+0x100006214)

  Previous write of size 4 at 0x00010ff02858 by thread T1:
    #0 TCollection_AsciiString::TCollection_AsciiString(TCollection_AsciiString&&) TCollection_AsciiString.hxx:1529 (occt_1157_stress:arm64+0x1008cd9dc)
    #1 TCollection_AsciiString::TCollection_AsciiString(TCollection_AsciiString&&) TCollection_AsciiString.cxx:175 (occt_1157_stress:arm64+0x1008cd9dc)
    #2 NCollection_DataMap<TCollection_AsciiString, opencascade::handle<Standard_Transient>, NCollection_DefaultHasher<TCollection_AsciiString>>::DataMapNode::DataMapNode<TCollection_AsciiString, opencascade::handle<Standard_Transient> const&>(TCollection_AsciiString&&, std::__1::in_place_t, NCollection_ListNode*, opencascade::handle<Standard_Transient> const&) NCollection_DataMap.hxx:101 (occt_1157_stress:arm64+0x10083fef4)
    #3 NCollection_DataMap<TCollection_AsciiString, opencascade::handle<Standard_Transient>, NCollection_DefaultHasher<TCollection_AsciiString>>::DataMapNode::DataMapNode<TCollection_AsciiString, opencascade::handle<Standard_Transient> const&>(TCollection_AsciiString&&, std::__1::in_place_t, NCollection_ListNode*, opencascade::handle<Standard_Transient> const&) NCollection_DataMap.hxx:102 (occt_1157_stress:arm64+0x10083fef4)
    #4 std::__1::conditional<false, opencascade::handle<Standard_Transient>&, bool>::type NCollection_DataMap<TCollection_AsciiString, opencascade::handle<Standard_Transient>, NCollection_DefaultHasher<TCollection_AsciiString>>::emplaceImpl<TCollection_AsciiString, false, false, opencascade::handle<Standard_Transient> const&>(TCollection_AsciiString&&, std::__1::integral_constant<bool, false>, std::__1::integral_constant<bool, false>, opencascade::handle<Standard_Transient> const&) NCollection_DataMap.hxx:810 (occt_1157_stress:arm64+0x10083fef4)
    #5 NCollection_DataMap<TCollection_AsciiString, opencascade::handle<Standard_Transient>, NCollection_DefaultHasher<TCollection_AsciiString>>::Bind(TCollection_AsciiString&&, opencascade::handle<Standard_Transient> const&) NCollection_DataMap.hxx:414 (occt_1157_stress:arm64+0x10133e764)
    #6 Interface_Static::Init(char const*, char const*, Interface_ParamType, char const*) Interface_Static.cxx:183 (occt_1157_stress:arm64+0x10133e764)
    #7 Interface_Static::Init(char const*, char const*, char, char const*) Interface_Static.cxx:275 (occt_1157_stress:arm64+0x10133ec84)
    #8 Interface_Static::Standards() Interface_StaticStandards.cxx:39 (occt_1157_stress:arm64+0x101340c98)
    #9 XSControl_Controller::XSControl_Controller(char const*, char const*) XSControl_Controller.cxx:69 (occt_1157_stress:arm64+0x1013d527c)
    #10 IGESControl_Controller::IGESControl_Controller(bool) IGESControl_Controller.cxx:72 (occt_1157_stress:arm64+0x10037b2f0)
    #11 IGESControl_Controller::IGESControl_Controller(bool) IGESControl_Controller.cxx:75 (occt_1157_stress:arm64+0x100380880)
    #12 IGESControl_Controller::Init() IGESControl_Controller.cxx:364 (occt_1157_stress:arm64+0x100380880)
    #13 IGESControl_Writer::IGESControl_Writer(char const*, int) IGESControl_Writer.cxx:73 (occt_1157_stress:arm64+0x10038b868)
    #14 IGESControl_Writer::IGESControl_Writer(char const*, int) IGESControl_Writer.cxx:72 (occt_1157_stress:arm64+0x10038ba30)
    #15 runIgesWriteIndependent(int, int) occt_1157_stress.cpp:160 (occt_1157_stress:arm64+0x100001b50)
    #16 std::__1::__invoke_result_impl<void, void (*)(int, int), int, int>::type std::__1::__invoke[abi:nqe220106]<void (*)(int, int), int, int>(void (*&&)(int, int), int&&, int&&) invoke.h:90 (occt_1157_stress:arm64+0x100006214)
    #17 void std::__1::__thread_execute[abi:nqe220106]<std::__1::unique_ptr<std::__1::__thread_struct, std::__1::default_delete<std::__1::__thread_struct>>, void (*)(int, int), int, int, 0ul, 1ul, 2ul>(std::__1::tuple<std::__1::unique_ptr<std::__1::__thread_struct, std::__1::default_delete<std::__1::__thread_struct>>, void (*)(int, int), int, int>&, std::__1::__integer_sequence<unsigned long, 0ul, 1ul, 2ul>) thread.h:161 (occt_1157_stress:arm64+0x100006214)
    #18 void* std::__1::__thread_proxy[abi:nqe220106]<std::__1::tuple<std::__1::unique_ptr<std::__1::__thread_struct, std::__1::default_delete<std::__1::__thread_struct>>, void (*)(int, int), int, int>>(void*) thread.h:169 (occt_1157_stress:arm64+0x100006214)

  Location is heap block of size 32 at 0x00010ff02840 allocated by thread T1:
    #0 calloc <null> (libclang_rt.tsan_osx_dynamic.dylib:arm64e+0x67ff4)
    #1 Standard::Allocate(unsigned long) Standard.cxx:386 (occt_1157_stress:arm64+0x1008bee84)
    #2 NCollection_BaseAllocator::Allocate(unsigned long) NCollection_BaseAllocator.cxx:22 (occt_1157_stress:arm64+0x1008dea8c)
    #3 NCollection_ListNode::operator new(unsigned long, opencascade::handle<NCollection_BaseAllocator> const&) NCollection_ListNode.hxx:30 (occt_1157_stress:arm64+0x10083fe90)
    #4 std::__1::conditional<false, opencascade::handle<Standard_Transient>&, bool>::type NCollection_DataMap<TCollection_AsciiString, opencascade::handle<Standard_Transient>, NCollection_DefaultHasher<TCollection_AsciiString>>::emplaceImpl<TCollection_AsciiString, false, false, opencascade::handle<Standard_Transient> const&>(TCollection_AsciiString&&, std::__1::integral_constant<bool, false>, std::__1::integral_constant<bool, false>, opencascade::handle<Standard_Transient> const&) NCollection_DataMap.hxx:810 (occt_1157_stress:arm64+0x10083fe90)
    #5 NCollection_DataMap<TCollection_AsciiString, opencascade::handle<Standard_Transient>, NCollection_DefaultHasher<TCollection_AsciiString>>::Bind(TCollection_AsciiString&&, opencascade::handle<Standard_Transient> const&) NCollection_DataMap.hxx:414 (occt_1157_stress:arm64+0x10133e764)
    #6 Interface_Static::Init(char const*, char const*, Interface_ParamType, char const*) Interface_Static.cxx:183 (occt_1157_stress:arm64+0x10133e764)
    #7 Interface_Static::Init(char const*, char const*, char, char const*) Interface_Static.cxx:275 (occt_1157_stress:arm64+0x10133ec84)
    #8 Interface_Static::Standards() Interface_StaticStandards.cxx:39 (occt_1157_stress:arm64+0x101340c98)
    #9 XSControl_Controller::XSControl_Controller(char const*, char const*) XSControl_Controller.cxx:69 (occt_1157_stress:arm64+0x1013d527c)
    #10 IGESControl_Controller::IGESControl_Controller(bool) IGESControl_Controller.cxx:72 (occt_1157_stress:arm64+0x10037b2f0)
    #11 IGESControl_Controller::IGESControl_Controller(bool) IGESControl_Controller.cxx:75 (occt_1157_stress:arm64+0x100380880)
    #12 IGESControl_Controller::Init() IGESControl_Controller.cxx:364 (occt_1157_stress:arm64+0x100380880)
    #13 IGESControl_Writer::IGESControl_Writer(char const*, int) IGESControl_Writer.cxx:73 (occt_1157_stress:arm64+0x10038b868)
    #14 IGESControl_Writer::IGESControl_Writer(char const*, int) IGESControl_Writer.cxx:72 (occt_1157_stress:arm64+0x10038ba30)
    #15 runIgesWriteIndependent(int, int) occt_1157_stress.cpp:160 (occt_1157_stress:arm64+0x100001b50)
    #16 std::__1::__invoke_result_impl<void, void (*)(int, int), int, int>::type std::__1::__invoke[abi:nqe220106]<void (*)(int, int), int, int>(void (*&&)(int, int), int&&, int&&) invoke.h:90 (occt_1157_stress:arm64+0x100006214)
    #17 void std::__1::__thread_execute[abi:nqe220106]<std::__1::unique_ptr<std::__1::__thread_struct, std::__1::default_delete<std::__1::__thread_struct>>, void (*)(int, int), int, int, 0ul, 1ul, 2ul>(std::__1::tuple<std::__1::unique_ptr<std::__1::__thread_struct, std::__1::default_delete<std::__1::__thread_struct>>, void (*)(int, int), int, int>&, std::__1::__integer_sequence<unsigned long, 0ul, 1ul, 2ul>) thread.h:161 (occt_1157_stress:arm64+0x100006214)
    #18 void* std::__1::__thread_proxy[abi:nqe220106]<std::__1::tuple<std::__1::unique_ptr<std::__1::__thread_struct, std::__1::default_delete<std::__1::__thread_struct>>, void (*)(int, int), int, int>>(void*) thread.h:169 (occt_1157_stress:arm64+0x100006214)

  Thread T2 (tid=14909935, running) created by main thread at:
    #0 pthread_create <null> (libclang_rt.tsan_osx_dynamic.dylib:arm64e+0x33bac)
    #1 std::__1::__libcpp_thread_create[abi:nqe220106](_opaque_pthread_t**, void* (*)(void*), void*) pthread.h:182 (occt_1157_stress:arm64+0x1000060dc)
    #2 std::__1::thread::thread[abi:nqe220106]<void (*&)(int, int), int&, int&, 0>(void (*&)(int, int), int&, int&) thread.h:221 (occt_1157_stress:arm64+0x1000060dc)
    #3 std::__1::thread::thread[abi:nqe220106]<void (*&)(int, int), int&, int&, 0>(void (*&)(int, int), int&, int&) thread.h:212 (occt_1157_stress:arm64+0x10000645c)
    #4 void std::__1::allocator<std::__1::thread>::construct[abi:nqe220106]<std::__1::thread, void (*&)(int, int), int&, int&>(std::__1::thread*, void (*&)(int, int), int&, int&) allocator.h:141 (occt_1157_stress:arm64+0x10000645c)
    #5 void std::__1::allocator_traits<std::__1::allocator<std::__1::thread>>::construct[abi:nqe220106]<std::__1::thread, void (*&)(int, int), int&, int&, 0>(std::__1::allocator<std::__1::thread>&, std::__1::thread*, void (*&)(int, int), int&, int&) allocator_traits.h:296 (occt_1157_stress:arm64+0x10000645c)
    #6 std::__1::thread* std::__1::vector<std::__1::thread, std::__1::allocator<std::__1::thread>>::__emplace_back_slow_path<void (*&)(int, int), int&, int&>(void (*&)(int, int), int&, int&) vector.h:1109 (occt_1157_stress:arm64+0x10000645c)
    #7 std::__1::thread& std::__1::vector<std::__1::thread, std::__1::allocator<std::__1::thread>>::emplace_back<void (*&)(int, int), int&, int&>(void (*&)(int, int), int&, int&)::'lambda0'()::operator()() const vector.h:1149 (occt_1157_stress:arm64+0x100003918)
    #8 void std::__1::__if_likely_else[abi:nqe220106]<std::__1::thread& std::__1::vector<std::__1::thread, std::__1::allocator<std::__1::thread>>::emplace_back<void (*&)(int, int), int&, int&>(void (*&)(int, int), int&, int&)::'lambda'(), std::__1::thread& std::__1::vector<std::__1::thread, std::__1::allocator<std::__1::thread>>::emplace_back<void (*&)(int, int), int&, int&>(void (*&)(int, int), int&, int&)::'lambda0'()>(bool, std::__1::thread& std::__1::vector<std::__1::thread, std::__1::allocator<std::__1::thread>>::emplace_back<void (*&)(int, int), int&, int&>(void (*&)(int, int), int&, int&)::'lambda'(), std::__1::thread& std::__1::vector<std::__1::thread, std::__1::allocator<std::__1::thread>>::emplace_back<void (*&)(int, int), int&, int&>(void (*&)(int, int), int&, int&)::'lambda0'()) vector.h:1129 (occt_1157_stress:arm64+0x100003918)
    #9 std::__1::thread& std::__1::vector<std::__1::thread, std::__1::allocator<std::__1::thread>>::emplace_back<void (*&)(int, int), int&, int&>(void (*&)(int, int), int&, int&) vector.h:1143 (occt_1157_stress:arm64+0x100003918)
    #10 runOne(char const*, int, int) occt_1157_stress.cpp:359 (occt_1157_stress:arm64+0x100003918)
    #11 main occt_1157_stress.cpp:396 (occt_1157_stress:arm64+0x100002de4)

  Thread T1 (tid=14909934, running) created by main thread at:
    #0 pthread_create <null> (libclang_rt.tsan_osx_dynamic.dylib:arm64e+0x33bac)
    #1 std::__1::__libcpp_thread_create[abi:nqe220106](_opaque_pthread_t**, void* (*)(void*), void*) pthread.h:182 (occt_1157_stress:arm64+0x1000060dc)
    #2 std::__1::thread::thread[abi:nqe220106]<void (*&)(int, int), int&, int&, 0>(void (*&)(int, int), int&, int&) thread.h:221 (occt_1157_stress:arm64+0x1000060dc)
    #3 std::__1::thread::thread[abi:nqe220106]<void (*&)(int, int), int&, int&, 0>(void (*&)(int, int), int&, int&) thread.h:212 (occt_1157_stress:arm64+0x10000645c)
    #4 void std::__1::allocator<std::__1::thread>::construct[abi:nqe220106]<std::__1::thread, void (*&)(int, int), int&, int&>(std::__1::thread*, void (*&)(int, int), int&, int&) allocator.h:141 (occt_1157_stress:arm64+0x10000645c)
    #5 void std::__1::allocator_traits<std::__1::allocator<std::__1::thread>>::construct[abi:nqe220106]<std::__1::thread, void (*&)(int, int), int&, int&, 0>(std::__1::allocator<std::__1::thread>&, std::__1::thread*, void (*&)(int, int), int&, int&) allocator_traits.h:296 (occt_1157_stress:arm64+0x10000645c)
    #6 std::__1::thread* std::__1::vector<std::__1::thread, std::__1::allocator<std::__1::thread>>::__emplace_back_slow_path<void (*&)(int, int), int&, int&>(void (*&)(int, int), int&, int&) vector.h:1109 (occt_1157_stress:arm64+0x10000645c)
    #7 std::__1::thread& std::__1::vector<std::__1::thread, std::__1::allocator<std::__1::thread>>::emplace_back<void (*&)(int, int), int&, int&>(void (*&)(int, int), int&, int&)::'lambda0'()::operator()() const vector.h:1149 (occt_1157_stress:arm64+0x100003918)
    #8 void std::__1::__if_likely_else[abi:nqe220106]<std::__1::thread& std::__1::vector<std::__1::thread, std::__1::allocator<std::__1::thread>>::emplace_back<void (*&)(int, int), int&, int&>(void (*&)(int, int), int&, int&)::'lambda'(), std::__1::thread& std::__1::vector<std::__1::thread, std::__1::allocator<std::__1::thread>>::emplace_back<void (*&)(int, int), int&, int&>(void (*&)(int, int), int&, int&)::'lambda0'()>(bool, std::__1::thread& std::__1::vector<std::__1::thread, std::__1::allocator<std::__1::thread>>::emplace_back<void (*&)(int, int), int&, int&>(void (*&)(int, int), int&, int&)::'lambda'(), std::__1::thread& std::__1::vector<std::__1::thread, std::__1::allocator<std::__1::thread>>::emplace_back<void (*&)(int, int), int&, int&>(void (*&)(int, int), int&, int&)::'lambda0'()) vector.h:1129 (occt_1157_stress:arm64+0x100003918)
    #9 std::__1::thread& std::__1::vector<std::__1::thread, std::__1::allocator<std::__1::thread>>::emplace_back<void (*&)(int, int), int&, int&>(void (*&)(int, int), int&, int&) vector.h:1143 (occt_1157_stress:arm64+0x100003918)
    #10 runOne(char const*, int, int) occt_1157_stress.cpp:359 (occt_1157_stress:arm64+0x100003918)
    #11 main occt_1157_stress.cpp:396 (occt_1157_stress:arm64+0x100002de4)

SUMMARY: ThreadSanitizer: data race TCollection_AsciiString.cxx:769 in TCollection_AsciiString::IsEqual(char const*, int) const
==================
==================
WARNING: ThreadSanitizer: data race (pid=70666)
  Read of size 8 at 0x000111a17550 by thread T4:
    #0 NCollection_DataMap<TCollection_AsciiString, opencascade::handle<Standard_Transient>, NCollection_DefaultHasher<TCollection_AsciiString>>::lookup(TCollection_AsciiString const&, NCollection_DataMap<TCollection_AsciiString, opencascade::handle<Standard_Transient>, NCollection_DefaultHasher<TCollection_AsciiString>>::DataMapNode*&) const NCollection_DataMap.hxx (occt_1157_stress:arm64+0x10133e9a4)
    #1 NCollection_DataMap<TCollection_AsciiString, opencascade::handle<Standard_Transient>, NCollection_DefaultHasher<TCollection_AsciiString>>::Find(TCollection_AsciiString const&, opencascade::handle<Standard_Transient>&) const NCollection_DataMap.hxx:685 (occt_1157_stress:arm64+0x10133e9a4)
    #2 Interface_Static::Static(char const*) Interface_Static.cxx:295 (occt_1157_stress:arm64+0x10133e9a4)
    #3 XSControl_Controller::TraceStatic(char const*, int) XSControl_Controller.cxx:80 (occt_1157_stress:arm64+0x1013d53b8)
    #4 XSControl_Controller::XSControl_Controller(char const*, char const*) XSControl_Controller.cxx:71 (occt_1157_stress:arm64+0x1013d52a4)
    #5 IGESControl_Controller::IGESControl_Controller(bool) IGESControl_Controller.cxx:72 (occt_1157_stress:arm64+0x10037b2f0)
    #6 IGESControl_Controller::IGESControl_Controller(bool) IGESControl_Controller.cxx:75 (occt_1157_stress:arm64+0x100380880)
    #7 IGESControl_Controller::Init() IGESControl_Controller.cxx:364 (occt_1157_stress:arm64+0x100380880)
    #8 IGESControl_Writer::IGESControl_Writer(char const*, int) IGESControl_Writer.cxx:73 (occt_1157_stress:arm64+0x10038b868)
    #9 IGESControl_Writer::IGESControl_Writer(char const*, int) IGESControl_Writer.cxx:72 (occt_1157_stress:arm64+0x10038ba30)
    #10 runIgesWriteIndependent(int, int) occt_1157_stress.cpp:160 (occt_1157_stress:arm64+0x100001b50)
    #11 std::__1::__invoke_result_impl<void, void (*)(int, int), int, int>::type std::__1::__invoke[abi:nqe220106]<void (*)(int, int), int, int>(void (*&&)(int, int), int&&, int&&) invoke.h:90 (occt_1157_stress:arm64+0x100006214)
    #12 void std::__1::__thread_execute[abi:nqe220106]<std::__1::unique_ptr<std::__1::__thread_struct, std::__1::default_delete<std::__1::__thread_struct>>, void (*)(int, int), int, int, 0ul, 1ul, 2ul>(std::__1::tuple<std::__1::unique_ptr<std::__1::__thread_struct, std::__1::default_delete<std::__1::__thread_struct>>, void (*)(int, int), int, int>&, std::__1::__integer_sequence<unsigned long, 0ul, 1ul, 2ul>) thread.h:161 (occt_1157_stress:arm64+0x100006214)
    #13 void* std::__1::__thread_proxy[abi:nqe220106]<std::__1::tuple<std::__1::unique_ptr<std::__1::__thread_struct, std::__1::default_delete<std::__1::__thread_struct>>, void (*)(int, int), int, int>>(void*) thread.h:169 (occt_1157_stress:arm64+0x100006214)

  Previous write of size 8 at 0x000111a17550 by thread T1:
    #0 std::__1::conditional<false, opencascade::handle<Standard_Transient>&, bool>::type NCollection_DataMap<TCollection_AsciiString, opencascade::handle<Standard_Transient>, NCollection_DefaultHasher<TCollection_AsciiString>>::emplaceImpl<TCollection_AsciiString, false, false, opencascade::handle<Standard_Transient> const&>(TCollection_AsciiString&&, std::__1::integral_constant<bool, false>, std::__1::integral_constant<bool, false>, opencascade::handle<Standard_Transient> const&) NCollection_DataMap.hxx:810 (occt_1157_stress:arm64+0x10083ff0c)
    #1 NCollection_DataMap<TCollection_AsciiString, opencascade::handle<Standard_Transient>, NCollection_DefaultHasher<TCollection_AsciiString>>::Bind(TCollection_AsciiString&&, opencascade::handle<Standard_Transient> const&) NCollection_DataMap.hxx:414 (occt_1157_stress:arm64+0x10133e764)
    #2 Interface_Static::Init(char const*, char const*, Interface_ParamType, char const*) Interface_Static.cxx:183 (occt_1157_stress:arm64+0x10133e764)
    #3 Interface_Static::Init(char const*, char const*, char, char const*) Interface_Static.cxx:275 (occt_1157_stress:arm64+0x10133ec84)
    #4 Interface_Static::Standards() Interface_StaticStandards.cxx:39 (occt_1157_stress:arm64+0x101340c98)
    #5 XSControl_Controller::XSControl_Controller(char const*, char const*) XSControl_Controller.cxx:69 (occt_1157_stress:arm64+0x1013d527c)
    #6 IGESControl_Controller::IGESControl_Controller(bool) IGESControl_Controller.cxx:72 (occt_1157_stress:arm64+0x10037b2f0)
    #7 IGESControl_Controller::IGESControl_Controller(bool) IGESControl_Controller.cxx:75 (occt_1157_stress:arm64+0x100380880)
    #8 IGESControl_Controller::Init() IGESControl_Controller.cxx:364 (occt_1157_stress:arm64+0x100380880)
    #9 IGESControl_Writer::IGESControl_Writer(char const*, int) IGESControl_Writer.cxx:73 (occt_1157_stress:arm64+0x10038b868)
    #10 IGESControl_Writer::IGESControl_Writer(char const*, int) IGESControl_Writer.cxx:72 (occt_1157_stress:arm64+0x10038ba30)
    #11 runIgesWriteIndependent(int, int) occt_1157_stress.cpp:160 (occt_1157_stress:arm64+0x100001b50)
    #12 std::__1::__invoke_result_impl<void, void (*)(int, int), int, int>::type std::__1::__invoke[abi:nqe220106]<void (*)(int, int), int, int>(void (*&&)(int, int), int&&, int&&) invoke.h:90 (occt_1157_stress:arm64+0x100006214)
    #13 void std::__1::__thread_execute[abi:nqe220106]<std::__1::unique_ptr<std::__1::__thread_struct, std::__1::default_delete<std::__1::__thread_struct>>, void (*)(int, int), int, int, 0ul, 1ul, 2ul>(std::__1::tuple<std::__1::unique_ptr<std::__1::__thread_struct, std::__1::default_delete<std::__1::__thread_struct>>, void (*)(int, int), int, int>&, std::__1::__integer_sequence<unsigned long, 0ul, 1ul, 2ul>) thread.h:161 (occt_1157_stress:arm64+0x100006214)
    #14 void* std::__1::__thread_proxy[abi:nqe220106]<std::__1::tuple<std::__1::unique_ptr<std::__1::__thread_struct, std::__1::default_delete<std::__1::__thread_struct>>, void (*)(int, int), int, int>>(void*) thread.h:169 (occt_1157_stress:arm64+0x100006214)

  Location is heap block of size 816 at 0x000111a17300 allocated by thread T1:
    #0 calloc <null> (libclang_rt.tsan_osx_dynamic.dylib:arm64e+0x67ff4)
    #1 Standard::Allocate(unsigned long) Standard.cxx:386 (occt_1157_stress:arm64+0x1008bee84)
    #2 NCollection_BaseMap::BeginResize(unsigned long, unsigned long&, NCollection_ListNode**&, NCollection_ListNode**&) const NCollection_BaseMap.cxx:42 (occt_1157_stress:arm64+0x1008dfa1c)
    #3 NCollection_DataMap<TCollection_AsciiString, opencascade::handle<Standard_Transient>, NCollection_DefaultHasher<TCollection_AsciiString>>::ReSize(unsigned long) NCollection_DataMap.hxx:365 (occt_1157_stress:arm64+0x100840190)
    #4 NCollection_DataMap<TCollection_AsciiString, opencascade::handle<Standard_Transient>, NCollection_DefaultHasher<TCollection_AsciiString>>::ReSize(int) NCollection_DataMap.hxx:394 (occt_1157_stress:arm64+0x10083fdc4)
    #5 std::__1::conditional<false, opencascade::handle<Standard_Transient>&, bool>::type NCollection_DataMap<TCollection_AsciiString, opencascade::handle<Standard_Transient>, NCollection_DefaultHasher<TCollection_AsciiString>>::emplaceImpl<TCollection_AsciiString, false, false, opencascade::handle<Standard_Transient> const&>(TCollection_AsciiString&&, std::__1::integral_constant<bool, false>, std::__1::integral_constant<bool, false>, opencascade::handle<Standard_Transient> const&) NCollection_DataMap.hxx:795 (occt_1157_stress:arm64+0x10083fdc4)
    #6 NCollection_DataMap<TCollection_AsciiString, opencascade::handle<Standard_Transient>, NCollection_DefaultHasher<TCollection_AsciiString>>::Bind(TCollection_AsciiString&&, opencascade::handle<Standard_Transient> const&) NCollection_DataMap.hxx:414 (occt_1157_stress:arm64+0x10133e764)
    #7 Interface_Static::Init(char const*, char const*, Interface_ParamType, char const*) Interface_Static.cxx:183 (occt_1157_stress:arm64+0x10133e764)
    #8 Interface_Static::Init(char const*, char const*, char, char const*) Interface_Static.cxx:275 (occt_1157_stress:arm64+0x10133ec84)
    #9 Interface_Static::Standards() Interface_StaticStandards.cxx:33 (occt_1157_stress:arm64+0x101340c08)
    #10 XSControl_Controller::XSControl_Controller(char const*, char const*) XSControl_Controller.cxx:69 (occt_1157_stress:arm64+0x1013d527c)
    #11 IGESControl_Controller::IGESControl_Controller(bool) IGESControl_Controller.cxx:72 (occt_1157_stress:arm64+0x10037b2f0)
    #12 IGESControl_Controller::IGESControl_Controller(bool) IGESControl_Controller.cxx:75 (occt_1157_stress:arm64+0x100380880)
    #13 IGESControl_Controller::Init() IGESControl_Controller.cxx:364 (occt_1157_stress:arm64+0x100380880)
    #14 IGESControl_Writer::IGESControl_Writer(char const*, int) IGESControl_Writer.cxx:73 (occt_1157_stress:arm64+0x10038b868)
    #15 IGESControl_Writer::IGESControl_Writer(char const*, int) IGESControl_Writer.cxx:72 (occt_1157_stress:arm64+0x10038ba30)
    #16 runIgesWriteIndependent(int, int) occt_1157_stress.cpp:160 (occt_1157_stress:arm64+0x100001b50)
    #17 std::__1::__invoke_result_impl<void, void (*)(int, int), int, int>::type std::__1::__invoke[abi:nqe220106]<void (*)(int, int), int, int>(void (*&&)(int, int), int&&, int&&) invoke.h:90 (occt_1157_stress:arm64+0x100006214)
    #18 void std::__1::__thread_execute[abi:nqe220106]<std::__1::unique_ptr<std::__1::__thread_struct, std::__1::default_delete<std::__1::__thread_struct>>, void (*)(int, int), int, int, 0ul, 1ul, 2ul>(std::__1::tuple<std::__1::unique_ptr<std::__1::__thread_struct, std::__1::default_delete<std::__1::__thread_struct>>, void (*)(int, int), int, int>&, std::__1::__integer_sequence<unsigned long, 0ul, 1ul, 2ul>) thread.h:161 (occt_1157_stress:arm64+0x100006214)
    #19 void* std::__1::__thread_proxy[abi:nqe220106]<std::__1::tuple<std::__1::unique_ptr<std::__1::__thread_struct, std::__1::default_delete<std::__1::__thread_struct>>, void (*)(int, int), int, int>>(void*) thread.h:169 (occt_1157_stress:arm64+0x100006214)

  Thread T4 (tid=14909937, running) created by main thread at:
    #0 pthread_create <null> (libclang_rt.tsan_osx_dynamic.dylib:arm64e+0x33bac)
    #1 std::__1::__libcpp_thread_create[abi:nqe220106](_opaque_pthread_t**, void* (*)(void*), void*) pthread.h:182 (occt_1157_stress:arm64+0x1000060dc)
    #2 std::__1::thread::thread[abi:nqe220106]<void (*&)(int, int), int&, int&, 0>(void (*&)(int, int), int&, int&) thread.h:221 (occt_1157_stress:arm64+0x1000060dc)
    #3 std::__1::thread::thread[abi:nqe220106]<void (*&)(int, int), int&, int&, 0>(void (*&)(int, int), int&, int&) thread.h:212 (occt_1157_stress:arm64+0x1000038c8)
    #4 void std::__1::allocator<std::__1::thread>::construct[abi:nqe220106]<std::__1::thread, void (*&)(int, int), int&, int&>(std::__1::thread*, void (*&)(int, int), int&, int&) allocator.h:141 (occt_1157_stress:arm64+0x1000038c8)
    #5 void std::__1::allocator_traits<std::__1::allocator<std::__1::thread>>::construct[abi:nqe220106]<std::__1::thread, void (*&)(int, int), int&, int&, 0>(std::__1::allocator<std::__1::thread>&, std::__1::thread*, void (*&)(int, int), int&, int&) allocator_traits.h:296 (occt_1157_stress:arm64+0x1000038c8)
    #6 void std::__1::vector<std::__1::thread, std::__1::allocator<std::__1::thread>>::__emplace_back_assume_capacity[abi:nqe220106]<void (*&)(int, int), int&, int&>(void (*&)(int, int), int&, int&) vector.h:483 (occt_1157_stress:arm64+0x1000038c8)
    #7 std::__1::thread& std::__1::vector<std::__1::thread, std::__1::allocator<std::__1::thread>>::emplace_back<void (*&)(int, int), int&, int&>(void (*&)(int, int), int&, int&)::'lambda'()::operator()() const vector.h:1146 (occt_1157_stress:arm64+0x1000038c8)
    #8 void std::__1::__if_likely_else[abi:nqe220106]<std::__1::thread& std::__1::vector<std::__1::thread, std::__1::allocator<std::__1::thread>>::emplace_back<void (*&)(int, int), int&, int&>(void (*&)(int, int), int&, int&)::'lambda'(), std::__1::thread& std::__1::vector<std::__1::thread, std::__1::allocator<std::__1::thread>>::emplace_back<void (*&)(int, int), int&, int&>(void (*&)(int, int), int&, int&)::'lambda0'()>(bool, std::__1::thread& std::__1::vector<std::__1::thread, std::__1::allocator<std::__1::thread>>::emplace_back<void (*&)(int, int), int&, int&>(void (*&)(int, int), int&, int&)::'lambda'(), std::__1::thread& std::__1::vector<std::__1::thread, std::__1::allocator<std::__1::thread>>::emplace_back<void (*&)(int, int), int&, int&>(void (*&)(int, int), int&, int&)::'lambda0'()) vector.h:1127 (occt_1157_stress:arm64+0x1000038c8)
    #9 std::__1::thread& std::__1::vector<std::__1::thread, std::__1::allocator<std::__1::thread>>::emplace_back<void (*&)(int, int), int&, int&>(void (*&)(int, int), int&, int&) vector.h:1143 (occt_1157_stress:arm64+0x1000038c8)
    #10 runOne(char const*, int, int) occt_1157_stress.cpp:359 (occt_1157_stress:arm64+0x1000038c8)
    #11 main occt_1157_stress.cpp:396 (occt_1157_stress:arm64+0x100002de4)

  Thread T1 (tid=14909934, running) created by main thread at:
    #0 pthread_create <null> (libclang_rt.tsan_osx_dynamic.dylib:arm64e+0x33bac)
    #1 std::__1::__libcpp_thread_create[abi:nqe220106](_opaque_pthread_t**, void* (*)(void*), void*) pthread.h:182 (occt_1157_stress:arm64+0x1000060dc)
    #2 std::__1::thread::thread[abi:nqe220106]<void (*&)(int, int), int&, int&, 0>(void (*&)(int, int), int&, int&) thread.h:221 (occt_1157_stress:arm64+0x1000060dc)
    #3 std::__1::thread::thread[abi:nqe220106]<void (*&)(int, int), int&, int&, 0>(void (*&)(int, int), int&, int&) thread.h:212 (occt_1157_stress:arm64+0x10000645c)
    #4 void std::__1::allocator<std::__1::thread>::construct[abi:nqe220106]<std::__1::thread, void (*&)(int, int), int&, int&>(std::__1::thread*, void (*&)(int, int), int&, int&) allocator.h:141 (occt_1157_stress:arm64+0x10000645c)
    #5 void std::__1::allocator_traits<std::__1::allocator<std::__1::thread>>::construct[abi:nqe220106]<std::__1::thread, void (*&)(int, int), int&, int&, 0>(std::__1::allocator<std::__1::thread>&, std::__1::thread*, void (*&)(int, int), int&, int&) allocator_traits.h:296 (occt_1157_stress:arm64+0x10000645c)
    #6 std::__1::thread* std::__1::vector<std::__1::thread, std::__1::allocator<std::__1::thread>>::__emplace_back_slow_path<void (*&)(int, int), int&, int&>(void (*&)(int, int), int&, int&) vector.h:1109 (occt_1157_stress:arm64+0x10000645c)
    #7 std::__1::thread& std::__1::vector<std::__1::thread, std::__1::allocator<std::__1::thread>>::emplace_back<void (*&)(int, int), int&, int&>(void (*&)(int, int), int&, int&)::'lambda0'()::operator()() const vector.h:1149 (occt_1157_stress:arm64+0x100003918)
    #8 void std::__1::__if_likely_else[abi:nqe220106]<std::__1::thread& std::__1::vector<std::__1::thread, std::__1::allocator<std::__1::thread>>::emplace_back<void (*&)(int, int), int&, int&>(void (*&)(int, int), int&, int&)::'lambda'(), std::__1::thread& std::__1::vector<std::__1::thread, std::__1::allocator<std::__1::thread>>::emplace_back<void (*&)(int, int), int&, int&>(void (*&)(int, int), int&, int&)::'lambda0'()>(bool, std::__1::thread& std::__1::vector<std::__1::thread, std::__1::allocator<std::__1::thread>>::emplace_back<void (*&)(int, int), int&, int&>(void (*&)(int, int), int&, int&)::'lambda'(), std::__1::thread& std::__1::vector<std::__1::thread, std::__1::allocator<std::__1::thread>>::emplace_back<void (*&)(int, int), int&, int&>(void (*&)(int, int), int&, int&)::'lambda0'()) vector.h:1129 (occt_1157_stress:arm64+0x100003918)
    #9 std::__1::thread& std::__1::vector<std::__1::thread, std::__1::allocator<std::__1::thread>>::emplace_back<void (*&)(int, int), int&, int&>(void (*&)(int, int), int&, int&) vector.h:1143 (occt_1157_stress:arm64+0x100003918)
    #10 runOne(char const*, int, int) occt_1157_stress.cpp:359 (occt_1157_stress:arm64+0x100003918)
    #11 main occt_1157_stress.cpp:396 (occt_1157_stress:arm64+0x100002de4)

SUMMARY: ThreadSanitizer: data race NCollection_DataMap.hxx in NCollection_DataMap<TCollection_AsciiString, opencascade::handle<Standard_Transient>, NCollection_DefaultHasher<TCollection_AsciiString>>::lookup(TCollection_AsciiString const&, NCollection_DataMap<TCollection_AsciiString, opencascade::handle<Standard_Transient>, NCollection_DefaultHasher<TCollection_AsciiString>>::DataMapNode*&) const
==================
==================
WARNING: ThreadSanitizer: data race (pid=70666)
  Atomic write of size 4 at 0x000111607808 by thread T6:
    #0 int std::__1::__cxx_atomic_fetch_add[abi:nqe210106]<int>(std::__1::__cxx_atomic_base_impl<int>*, int, std::__1::memory_order) c11.h:181 (occt_1157_stress:arm64+0x10133ea70)
    #1 std::__1::__atomic_base<int, true>::fetch_add[abi:nqe210106](int, std::__1::memory_order) atomic.h:161 (occt_1157_stress:arm64+0x10133ea70)
    #2 Standard_Transient::IncrementRefCounter() Standard_Transient.hxx:114 (occt_1157_stress:arm64+0x10133ea70)
    #3 opencascade::handle<Standard_Transient>::BeginScope() Standard_Handle.hxx:385 (occt_1157_stress:arm64+0x10133ea70)
    #4 opencascade::handle<Standard_Transient>::Assign(Standard_Transient*) Standard_Handle.hxx:378 (occt_1157_stress:arm64+0x10133ea70)
    #5 opencascade::handle<Standard_Transient>::operator=(opencascade::handle<Standard_Transient> const&) Standard_Handle.hxx:102 (occt_1157_stress:arm64+0x10133ea70)
    #6 NCollection_DataMap<TCollection_AsciiString, opencascade::handle<Standard_Transient>, NCollection_DefaultHasher<TCollection_AsciiString>>::Find(TCollection_AsciiString const&, opencascade::handle<Standard_Transient>&) const NCollection_DataMap.hxx:688 (occt_1157_stress:arm64+0x10133ea70)
    #7 Interface_Static::Static(char const*) Interface_Static.cxx:295 (occt_1157_stress:arm64+0x10133ea70)
    #8 XSControl_Controller::TraceStatic(char const*, int) XSControl_Controller.cxx:80 (occt_1157_stress:arm64+0x1013d53b8)
    #9 XSControl_Controller::XSControl_Controller(char const*, char const*) XSControl_Controller.cxx:71 (occt_1157_stress:arm64+0x1013d52a4)
    #10 IGESControl_Controller::IGESControl_Controller(bool) IGESControl_Controller.cxx:72 (occt_1157_stress:arm64+0x10037b2f0)
    #11 IGESControl_Controller::IGESControl_Controller(bool) IGESControl_Controller.cxx:75 (occt_1157_stress:arm64+0x100380880)
    #12 IGESControl_Controller::Init() IGESControl_Controller.cxx:364 (occt_1157_stress:arm64+0x100380880)
    #13 IGESControl_Writer::IGESControl_Writer(char const*, int) IGESControl_Writer.cxx:73 (occt_1157_stress:arm64+0x10038b868)
    #14 IGESControl_Writer::IGESControl_Writer(char const*, int) IGESControl_Writer.cxx:72 (occt_1157_stress:arm64+0x10038ba30)
    #15 runIgesWriteIndependent(int, int) occt_1157_stress.cpp:160 (occt_1157_stress:arm64+0x100001b50)
    #16 std::__1::__invoke_result_impl<void, void (*)(int, int), int, int>::type std::__1::__invoke[abi:nqe220106]<void (*)(int, int), int, int>(void (*&&)(int, int), int&&, int&&) invoke.h:90 (occt_1157_stress:arm64+0x100006214)
    #17 void std::__1::__thread_execute[abi:nqe220106]<std::__1::unique_ptr<std::__1::__thread_struct, std::__1::default_delete<std::__1::__thread_struct>>, void (*)(int, int), int, int, 0ul, 1ul, 2ul>(std::__1::tuple<std::__1::unique_ptr<std::__1::__thread_struct, std::__1::default_delete<std::__1::__thread_struct>>, void (*)(int, int), int, int>&, std::__1::__integer_sequence<unsigned long, 0ul, 1ul, 2ul>) thread.h:161 (occt_1157_stress:arm64+0x100006214)
    #18 void* std::__1::__thread_proxy[abi:nqe220106]<std::__1::tuple<std::__1::unique_ptr<std::__1::__thread_struct, std::__1::default_delete<std::__1::__thread_struct>>, void (*)(int, int), int, int>>(void*) thread.h:169 (occt_1157_stress:arm64+0x100006214)

  Previous write of size 4 at 0x000111607808 by thread T1:
    #0 std::__1::__cxx_atomic_base_impl<int>::__cxx_atomic_base_impl(int) c11.h:37 (occt_1157_stress:arm64+0x10140269c)
    #1 std::__1::__cxx_atomic_impl<int, std::__1::__cxx_atomic_base_impl<int>>::__cxx_atomic_impl[abi:nqe210106](int) support.h:116 (occt_1157_stress:arm64+0x10140269c)
    #2 std::__1::__cxx_atomic_impl<int, std::__1::__cxx_atomic_base_impl<int>>::__cxx_atomic_impl[abi:nqe210106](int) support.h:116 (occt_1157_stress:arm64+0x10140269c)
    #3 std::__1::__atomic_base<int, false>::__atomic_base[abi:nqe210106](int) atomic.h:140 (occt_1157_stress:arm64+0x10140269c)
    #4 std::__1::__atomic_base<int, true>::__atomic_base[abi:nqe210106](int) atomic.h:155 (occt_1157_stress:arm64+0x10140269c)
    #5 std::__1::atomic<int>::atomic[abi:nqe210106](int) atomic.h:250 (occt_1157_stress:arm64+0x10140269c)
    #6 std::__1::atomic<int>::atomic[abi:nqe210106](int) atomic.h:250 (occt_1157_stress:arm64+0x10140269c)
    #7 Standard_Transient::Standard_Transient() Standard_Transient.hxx:52 (occt_1157_stress:arm64+0x10140269c)
    #8 MoniTool_TypedValue::MoniTool_TypedValue(char const*, MoniTool_ValueType, char const*) MoniTool_TypedValue.cxx:70 (occt_1157_stress:arm64+0x10140269c)
    #9 Interface_TypedValue::Interface_TypedValue(char const*, Interface_ParamType, char const*) Interface_TypedValue.cxx:33 (occt_1157_stress:arm64+0x101341294)
    #10 Interface_Static::Interface_Static(char const*, char const*, Interface_ParamType, char const*) Interface_Static.cxx:39 (occt_1157_stress:arm64+0x10133d5b4)
    #11 Interface_Static::Interface_Static(char const*, char const*, Interface_ParamType, char const*) Interface_Static.cxx:42 (occt_1157_stress:arm64+0x10133e5ac)
    #12 Interface_Static::Init(char const*, char const*, Interface_ParamType, char const*) Interface_Static.cxx:180 (occt_1157_stress:arm64+0x10133e5ac)
    #13 Interface_Static::Init(char const*, char const*, char, char const*) Interface_Static.cxx:275 (occt_1157_stress:arm64+0x10133ec84)
    #14 Interface_Static::Standards() Interface_StaticStandards.cxx:39 (occt_1157_stress:arm64+0x101340c98)
    #15 XSControl_Controller::XSControl_Controller(char const*, char const*) XSControl_Controller.cxx:69 (occt_1157_stress:arm64+0x1013d527c)
    #16 IGESControl_Controller::IGESControl_Controller(bool) IGESControl_Controller.cxx:72 (occt_1157_stress:arm64+0x10037b2f0)
    #17 IGESControl_Controller::IGESControl_Controller(bool) IGESControl_Controller.cxx:75 (occt_1157_stress:arm64+0x100380880)
    #18 IGESControl_Controller::Init() IGESControl_Controller.cxx:364 (occt_1157_stress:arm64+0x100380880)
    #19 IGESControl_Writer::IGESControl_Writer(char const*, int) IGESControl_Writer.cxx:73 (occt_1157_stress:arm64+0x10038b868)
    #20 IGESControl_Writer::IGESControl_Writer(char const*, int) IGESControl_Writer.cxx:72 (occt_1157_stress:arm64+0x10038ba30)
    #21 runIgesWriteIndependent(int, int) occt_1157_stress.cpp:160 (occt_1157_stress:arm64+0x100001b50)
    #22 std::__1::__invoke_result_impl<void, void (*)(int, int), int, int>::type std::__1::__invoke[abi:nqe220106]<void (*)(int, int), int, int>(void (*&&)(int, int), int&&, int&&) invoke.h:90 (occt_1157_stress:arm64+0x100006214)
    #23 void std::__1::__thread_execute[abi:nqe220106]<std::__1::unique_ptr<std::__1::__thread_struct, std::__1::default_delete<std::__1::__thread_struct>>, void (*)(int, int), int, int, 0ul, 1ul, 2ul>(std::__1::tuple<std::__1::unique_ptr<std::__1::__thread_struct, std::__1::default_delete<std::__1::__thread_struct>>, void (*)(int, int), int, int>&, std::__1::__integer_sequence<unsigned long, 0ul, 1ul, 2ul>) thread.h:161 (occt_1157_stress:arm64+0x100006214)
    #24 void* std::__1::__thread_proxy[abi:nqe220106]<std::__1::tuple<std::__1::unique_ptr<std::__1::__thread_struct, std::__1::default_delete<std::__1::__thread_struct>>, void (*)(int, int), int, int>>(void*) thread.h:169 (occt_1157_stress:arm64+0x100006214)

  Location is heap block of size 648 at 0x000111607800 allocated by thread T1:
    #0 calloc <null> (libclang_rt.tsan_osx_dynamic.dylib:arm64e+0x67ff4)
    #1 Standard::Allocate(unsigned long) Standard.cxx:386 (occt_1157_stress:arm64+0x1008bee84)
    #2 Standard_Transient::operator new(unsigned long) Standard_Transient.hxx:47 (occt_1157_stress:arm64+0x10133e594)
    #3 Interface_Static::Init(char const*, char const*, Interface_ParamType, char const*) Interface_Static.cxx:180 (occt_1157_stress:arm64+0x10133e594)
    #4 Interface_Static::Init(char const*, char const*, char, char const*) Interface_Static.cxx:275 (occt_1157_stress:arm64+0x10133ec84)
    #5 Interface_Static::Standards() Interface_StaticStandards.cxx:39 (occt_1157_stress:arm64+0x101340c98)
    #6 XSControl_Controller::XSControl_Controller(char const*, char const*) XSControl_Controller.cxx:69 (occt_1157_stress:arm64+0x1013d527c)
    #7 IGESControl_Controller::IGESControl_Controller(bool) IGESControl_Controller.cxx:72 (occt_1157_stress:arm64+0x10037b2f0)
    #8 IGESControl_Controller::IGESControl_Controller(bool) IGESControl_Controller.cxx:75 (occt_1157_stress:arm64+0x100380880)
    #9 IGESControl_Controller::Init() IGESControl_Controller.cxx:364 (occt_1157_stress:arm64+0x100380880)
    #10 IGESControl_Writer::IGESControl_Writer(char const*, int) IGESControl_Writer.cxx:73 (occt_1157_stress:arm64+0x10038b868)
    #11 IGESControl_Writer::IGESControl_Writer(char const*, int) IGESControl_Writer.cxx:72 (occt_1157_stress:arm64+0x10038ba30)
    #12 runIgesWriteIndependent(int, int) occt_1157_stress.cpp:160 (occt_1157_stress:arm64+0x100001b50)
    #13 std::__1::__invoke_result_impl<void, void (*)(int, int), int, int>::type std::__1::__invoke[abi:nqe220106]<void (*)(int, int), int, int>(void (*&&)(int, int), int&&, int&&) invoke.h:90 (occt_1157_stress:arm64+0x100006214)
    #14 void std::__1::__thread_execute[abi:nqe220106]<std::__1::unique_ptr<std::__1::__thread_struct, std::__1::default_delete<std::__1::__thread_struct>>, void (*)(int, int), int, int, 0ul, 1ul, 2ul>(std::__1::tuple<std::__1::unique_ptr<std::__1::__thread_struct, std::__1::default_delete<std::__1::__thread_struct>>, void (*)(int, int), int, int>&, std::__1::__integer_sequence<unsigned long, 0ul, 1ul, 2ul>) thread.h:161 (occt_1157_stress:arm64+0x100006214)
    #15 void* std::__1::__thread_proxy[abi:nqe220106]<std::__1::tuple<std::__1::unique_ptr<std::__1::__thread_struct, std::__1::default_delete<std::__1::__thread_struct>>, void (*)(int, int), int, int>>(void*) thread.h:169 (occt_1157_stress:arm64+0x100006214)

  Thread T6 (tid=14909939, running) created by main thread at:
    #0 pthread_create <null> (libclang_rt.tsan_osx_dynamic.dylib:arm64e+0x33bac)
    #1 std::__1::__libcpp_thread_create[abi:nqe220106](_opaque_pthread_t**, void* (*)(void*), void*) pthread.h:182 (occt_1157_stress:arm64+0x1000060dc)
    #2 std::__1::thread::thread[abi:nqe220106]<void (*&)(int, int), int&, int&, 0>(void (*&)(int, int), int&, int&) thread.h:221 (occt_1157_stress:arm64+0x1000060dc)
    #3 std::__1::thread::thread[abi:nqe220106]<void (*&)(int, int), int&, int&, 0>(void (*&)(int, int), int&, int&) thread.h:212 (occt_1157_stress:arm64+0x1000038c8)
    #4 void std::__1::allocator<std::__1::thread>::construct[abi:nqe220106]<std::__1::thread, void (*&)(int, int), int&, int&>(std::__1::thread*, void (*&)(int, int), int&, int&) allocator.h:141 (occt_1157_stress:arm64+0x1000038c8)
    #5 void std::__1::allocator_traits<std::__1::allocator<std::__1::thread>>::construct[abi:nqe220106]<std::__1::thread, void (*&)(int, int), int&, int&, 0>(std::__1::allocator<std::__1::thread>&, std::__1::thread*, void (*&)(int, int), int&, int&) allocator_traits.h:296 (occt_1157_stress:arm64+0x1000038c8)
    #6 void std::__1::vector<std::__1::thread, std::__1::allocator<std::__1::thread>>::__emplace_back_assume_capacity[abi:nqe220106]<void (*&)(int, int), int&, int&>(void (*&)(int, int), int&, int&) vector.h:483 (occt_1157_stress:arm64+0x1000038c8)
    #7 std::__1::thread& std::__1::vector<std::__1::thread, std::__1::allocator<std::__1::thread>>::emplace_back<void (*&)(int, int), int&, int&>(void (*&)(int, int), int&, int&)::'lambda'()::operator()() const vector.h:1146 (occt_1157_stress:arm64+0x1000038c8)
    #8 void std::__1::__if_likely_else[abi:nqe220106]<std::__1::thread& std::__1::vector<std::__1::thread, std::__1::allocator<std::__1::thread>>::emplace_back<void (*&)(int, int), int&, int&>(void (*&)(int, int), int&, int&)::'lambda'(), std::__1::thread& std::__1::vector<std::__1::thread, std::__1::allocator<std::__1::thread>>::emplace_back<void (*&)(int, int), int&, int&>(void (*&)(int, int), int&, int&)::'lambda0'()>(bool, std::__1::thread& std::__1::vector<std::__1::thread, std::__1::allocator<std::__1::thread>>::emplace_back<void (*&)(int, int), int&, int&>(void (*&)(int, int), int&, int&)::'lambda'(), std::__1::thread& std::__1::vector<std::__1::thread, std::__1::allocator<std::__1::thread>>::emplace_back<void (*&)(int, int), int&, int&>(void (*&)(int, int), int&, int&)::'lambda0'()) vector.h:1127 (occt_1157_stress:arm64+0x1000038c8)
    #9 std::__1::thread& std::__1::vector<std::__1::thread, std::__1::allocator<std::__1::thread>>::emplace_back<void (*&)(int, int), int&, int&>(void (*&)(int, int), int&, int&) vector.h:1143 (occt_1157_stress:arm64+0x1000038c8)
    #10 runOne(char const*, int, int) occt_1157_stress.cpp:359 (occt_1157_stress:arm64+0x1000038c8)
    #11 main occt_1157_stress.cpp:396 (occt_1157_stress:arm64+0x100002de4)

  Thread T1 (tid=14909934, running) created by main thread at:
    #0 pthread_create <null> (libclang_rt.tsan_osx_dynamic.dylib:arm64e+0x33bac)
    #1 std::__1::__libcpp_thread_create[abi:nqe220106](_opaque_pthread_t**, void* (*)(void*), void*) pthread.h:182 (occt_1157_stress:arm64+0x1000060dc)
    #2 std::__1::thread::thread[abi:nqe220106]<void (*&)(int, int), int&, int&, 0>(void (*&)(int, int), int&, int&) thread.h:221 (occt_1157_stress:arm64+0x1000060dc)
    #3 std::__1::thread::thread[abi:nqe220106]<void (*&)(int, int), int&, int&, 0>(void (*&)(int, int), int&, int&) thread.h:212 (occt_1157_stress:arm64+0x10000645c)
    #4 void std::__1::allocator<std::__1::thread>::construct[abi:nqe220106]<std::__1::thread, void (*&)(int, int), int&, int&>(std::__1::thread*, void (*&)(int, int), int&, int&) allocator.h:141 (occt_1157_stress:arm64+0x10000645c)
    #5 void std::__1::allocator_traits<std::__1::allocator<std::__1::thread>>::construct[abi:nqe220106]<std::__1::thread, void (*&)(int, int), int&, int&, 0>(std::__1::allocator<std::__1::thread>&, std::__1::thread*, void (*&)(int, int), int&, int&) allocator_traits.h:296 (occt_1157_stress:arm64+0x10000645c)
    #6 std::__1::thread* std::__1::vector<std::__1::thread, std::__1::allocator<std::__1::thread>>::__emplace_back_slow_path<void (*&)(int, int), int&, int&>(void (*&)(int, int), int&, int&) vector.h:1109 (occt_1157_stress:arm64+0x10000645c)
    #7 std::__1::thread& std::__1::vector<std::__1::thread, std::__1::allocator<std::__1::thread>>::emplace_back<void (*&)(int, int), int&, int&>(void (*&)(int, int), int&, int&)::'lambda0'()::operator()() const vector.h:1149 (occt_1157_stress:arm64+0x100003918)
    #8 void std::__1::__if_likely_else[abi:nqe220106]<std::__1::thread& std::__1::vector<std::__1::thread, std::__1::allocator<std::__1::thread>>::emplace_back<void (*&)(int, int), int&, int&>(void (*&)(int, int), int&, int&)::'lambda'(), std::__1::thread& std::__1::vector<std::__1::thread, std::__1::allocator<std::__1::thread>>::emplace_back<void (*&)(int, int), int&, int&>(void (*&)(int, int), int&, int&)::'lambda0'()>(bool, std::__1::thread& std::__1::vector<std::__1::thread, std::__1::allocator<std::__1::thread>>::emplace_back<void (*&)(int, int), int&, int&>(void (*&)(int, int), int&, int&)::'lambda'(), std::__1::thread& std::__1::vector<std::__1::thread, std::__1::allocator<std::__1::thread>>::emplace_back<void (*&)(int, int), int&, int&>(void (*&)(int, int), int&, int&)::'lambda0'()) vector.h:1129 (occt_1157_stress:arm64+0x100003918)
    #9 std::__1::thread& std::__1::vector<std::__1::thread, std::__1::allocator<std::__1::thread>>::emplace_back<void (*&)(int, int), int&, int&>(void (*&)(int, int), int&, int&) vector.h:1143 (occt_1157_stress:arm64+0x100003918)
    #10 runOne(char const*, int, int) occt_1157_stress.cpp:359 (occt_1157_stress:arm64+0x100003918)
    #11 main occt_1157_stress.cpp:396 (occt_1157_stress:arm64+0x100002de4)

SUMMARY: ThreadSanitizer: data race c11.h:181 in int std::__1::__cxx_atomic_fetch_add[abi:nqe210106]<int>(std::__1::__cxx_atomic_base_impl<int>*, int, std::__1::memory_order)
==================
==================
WARNING: ThreadSanitizer: data race (pid=70666)
  Read of size 8 at 0x00010ff05a08 by thread T4:
    #0 opencascade::handle<Standard_Transient>::operator=(opencascade::handle<Standard_Transient> const&) Standard_Handle.hxx:102 (occt_1157_stress:arm64+0x10133e9f0)
    #1 NCollection_DataMap<TCollection_AsciiString, opencascade::handle<Standard_Transient>, NCollection_DefaultHasher<TCollection_AsciiString>>::Find(TCollection_AsciiString const&, opencascade::handle<Standard_Transient>&) const NCollection_DataMap.hxx:688 (occt_1157_stress:arm64+0x10133e9f0)
    #2 Interface_Static::Static(char const*) Interface_Static.cxx:295 (occt_1157_stress:arm64+0x10133e9f0)
    #3 XSControl_Controller::TraceStatic(char const*, int) XSControl_Controller.cxx:80 (occt_1157_stress:arm64+0x1013d53b8)
    #4 XSControl_Controller::XSControl_Controller(char const*, char const*) XSControl_Controller.cxx:72 (occt_1157_stress:arm64+0x1013d52b8)
    #5 IGESControl_Controller::IGESControl_Controller(bool) IGESControl_Controller.cxx:72 (occt_1157_stress:arm64+0x10037b2f0)
    #6 IGESControl_Controller::IGESControl_Controller(bool) IGESControl_Controller.cxx:75 (occt_1157_stress:arm64+0x100380880)
    #7 IGESControl_Controller::Init() IGESControl_Controller.cxx:364 (occt_1157_stress:arm64+0x100380880)
    #8 IGESControl_Writer::IGESControl_Writer(char const*, int) IGESControl_Writer.cxx:73 (occt_1157_stress:arm64+0x10038b868)
    #9 IGESControl_Writer::IGESControl_Writer(char const*, int) IGESControl_Writer.cxx:72 (occt_1157_stress:arm64+0x10038ba30)
    #10 runIgesWriteIndependent(int, int) occt_1157_stress.cpp:160 (occt_1157_stress:arm64+0x100001b50)
    #11 std::__1::__invoke_result_impl<void, void (*)(int, int), int, int>::type std::__1::__invoke[abi:nqe220106]<void (*)(int, int), int, int>(void (*&&)(int, int), int&&, int&&) invoke.h:90 (occt_1157_stress:arm64+0x100006214)
    #12 void std::__1::__thread_execute[abi:nqe220106]<std::__1::unique_ptr<std::__1::__thread_struct, std::__1::default_delete<std::__1::__thread_struct>>, void (*)(int, int), int, int, 0ul, 1ul, 2ul>(std::__1::tuple<std::__1::unique_ptr<std::__1::__thread_struct, std::__1::default_delete<std::__1::__thread_struct>>, void (*)(int, int), int, int>&, std::__1::__integer_sequence<unsigned long, 0ul, 1ul, 2ul>) thread.h:161 (occt_1157_stress:arm64+0x100006214)
    #13 void* std::__1::__thread_proxy[abi:nqe220106]<std::__1::tuple<std::__1::unique_ptr<std::__1::__thread_struct, std::__1::default_delete<std::__1::__thread_struct>>, void (*)(int, int), int, int>>(void*) thread.h:169 (occt_1157_stress:arm64+0x100006214)

  Previous write of size 8 at 0x00010ff05a08 by thread T1:
    #0 opencascade::handle<Standard_Transient>::handle(opencascade::handle<Standard_Transient> const&) Standard_Handle.hxx:75 (occt_1157_stress:arm64+0x10083fed0)
    #1 opencascade::handle<Standard_Transient>::handle(opencascade::handle<Standard_Transient> const&) Standard_Handle.hxx:76 (occt_1157_stress:arm64+0x10083fed0)
    #2 NCollection_TListNode<opencascade::handle<Standard_Transient>>::NCollection_TListNode<opencascade::handle<Standard_Transient> const&>(std::__1::in_place_t, NCollection_ListNode*, opencascade::handle<Standard_Transient> const&) NCollection_TListNode.hxx:47 (occt_1157_stress:arm64+0x10083fed0)
    #3 NCollection_DataMap<TCollection_AsciiString, opencascade::handle<Standard_Transient>, NCollection_DefaultHasher<TCollection_AsciiString>>::DataMapNode::DataMapNode<TCollection_AsciiString, opencascade::handle<Standard_Transient> const&>(TCollection_AsciiString&&, std::__1::in_place_t, NCollection_ListNode*, opencascade::handle<Standard_Transient> const&) NCollection_DataMap.hxx:98 (occt_1157_stress:arm64+0x10083fed0)
    #4 NCollection_DataMap<TCollection_AsciiString, opencascade::handle<Standard_Transient>, NCollection_DefaultHasher<TCollection_AsciiString>>::DataMapNode::DataMapNode<TCollection_AsciiString, opencascade::handle<Standard_Transient> const&>(TCollection_AsciiString&&, std::__1::in_place_t, NCollection_ListNode*, opencascade::handle<Standard_Transient> const&) NCollection_DataMap.hxx:102 (occt_1157_stress:arm64+0x10083fed0)
    #5 std::__1::conditional<false, opencascade::handle<Standard_Transient>&, bool>::type NCollection_DataMap<TCollection_AsciiString, opencascade::handle<Standard_Transient>, NCollection_DefaultHasher<TCollection_AsciiString>>::emplaceImpl<TCollection_AsciiString, false, false, opencascade::handle<Standard_Transient> const&>(TCollection_AsciiString&&, std::__1::integral_constant<bool, false>, std::__1::integral_constant<bool, false>, opencascade::handle<Standard_Transient> const&) NCollection_DataMap.hxx:810 (occt_1157_stress:arm64+0x10083fed0)
    #6 NCollection_DataMap<TCollection_AsciiString, opencascade::handle<Standard_Transient>, NCollection_DefaultHasher<TCollection_AsciiString>>::Bind(TCollection_AsciiString&&, opencascade::handle<Standard_Transient> const&) NCollection_DataMap.hxx:414 (occt_1157_stress:arm64+0x10133e764)
    #7 Interface_Static::Init(char const*, char const*, Interface_ParamType, char const*) Interface_Static.cxx:183 (occt_1157_stress:arm64+0x10133e764)
    #8 Interface_Static::Init(char const*, char const*, char, char const*) Interface_Static.cxx:275 (occt_1157_stress:arm64+0x10133ec84)
    #9 Interface_Static::Standards() Interface_StaticStandards.cxx:68 (occt_1157_stress:arm64+0x101340eb8)
    #10 XSControl_Controller::XSControl_Controller(char const*, char const*) XSControl_Controller.cxx:69 (occt_1157_stress:arm64+0x1013d527c)
    #11 IGESControl_Controller::IGESControl_Controller(bool) IGESControl_Controller.cxx:72 (occt_1157_stress:arm64+0x10037b2f0)
    #12 IGESControl_Controller::IGESControl_Controller(bool) IGESControl_Controller.cxx:75 (occt_1157_stress:arm64+0x100380880)
    #13 IGESControl_Controller::Init() IGESControl_Controller.cxx:364 (occt_1157_stress:arm64+0x100380880)
    #14 IGESControl_Writer::IGESControl_Writer(char const*, int) IGESControl_Writer.cxx:73 (occt_1157_stress:arm64+0x10038b868)
    #15 IGESControl_Writer::IGESControl_Writer(char const*, int) IGESControl_Writer.cxx:72 (occt_1157_stress:arm64+0x10038ba30)
    #16 runIgesWriteIndependent(int, int) occt_1157_stress.cpp:160 (occt_1157_stress:arm64+0x100001b50)
    #17 std::__1::__invoke_result_impl<void, void (*)(int, int), int, int>::type std::__1::__invoke[abi:nqe220106]<void (*)(int, int), int, int>(void (*&&)(int, int), int&&, int&&) invoke.h:90 (occt_1157_stress:arm64+0x100006214)
    #18 void std::__1::__thread_execute[abi:nqe220106]<std::__1::unique_ptr<std::__1::__thread_struct, std::__1::default_delete<std::__1::__thread_struct>>, void (*)(int, int), int, int, 0ul, 1ul, 2ul>(std::__1::tuple<std::__1::unique_ptr<std::__1::__thread_struct, std::__1::default_delete<std::__1::__thread_struct>>, void (*)(int, int), int, int>&, std::__1::__integer_sequence<unsigned long, 0ul, 1ul, 2ul>) thread.h:161 (occt_1157_stress:arm64+0x100006214)
    #19 void* std::__1::__thread_proxy[abi:nqe220106]<std::__1::tuple<std::__1::unique_ptr<std::__1::__thread_struct, std::__1::default_delete<std::__1::__thread_struct>>, void (*)(int, int), int, int>>(void*) thread.h:169 (occt_1157_stress:arm64+0x100006214)

  Location is heap block of size 32 at 0x00010ff05a00 allocated by thread T1:
    #0 calloc <null> (libclang_rt.tsan_osx_dynamic.dylib:arm64e+0x67ff4)
    #1 Standard::Allocate(unsigned long) Standard.cxx:386 (occt_1157_stress:arm64+0x1008bee84)
    #2 NCollection_BaseAllocator::Allocate(unsigned long) NCollection_BaseAllocator.cxx:22 (occt_1157_stress:arm64+0x1008dea8c)
    #3 NCollection_ListNode::operator new(unsigned long, opencascade::handle<NCollection_BaseAllocator> const&) NCollection_ListNode.hxx:30 (occt_1157_stress:arm64+0x10083fe90)
    #4 std::__1::conditional<false, opencascade::handle<Standard_Transient>&, bool>::type NCollection_DataMap<TCollection_AsciiString, opencascade::handle<Standard_Transient>, NCollection_DefaultHasher<TCollection_AsciiString>>::emplaceImpl<TCollection_AsciiString, false, false, opencascade::handle<Standard_Transient> const&>(TCollection_AsciiString&&, std::__1::integral_constant<bool, false>, std::__1::integral_constant<bool, false>, opencascade::handle<Standard_Transient> const&) NCollection_DataMap.hxx:810 (occt_1157_stress:arm64+0x10083fe90)
    #5 NCollection_DataMap<TCollection_AsciiString, opencascade::handle<Standard_Transient>, NCollection_DefaultHasher<TCollection_AsciiString>>::Bind(TCollection_AsciiString&&, opencascade::handle<Standard_Transient> const&) NCollection_DataMap.hxx:414 (occt_1157_stress:arm64+0x10133e764)
    #6 Interface_Static::Init(char const*, char const*, Interface_ParamType, char const*) Interface_Static.cxx:183 (occt_1157_stress:arm64+0x10133e764)
    #7 Interface_Static::Init(char const*, char const*, char, char const*) Interface_Static.cxx:275 (occt_1157_stress:arm64+0x10133ec84)
    #8 Interface_Static::Standards() Interface_StaticStandards.cxx:68 (occt_1157_stress:arm64+0x101340eb8)
    #9 XSControl_Controller::XSControl_Controller(char const*, char const*) XSControl_Controller.cxx:69 (occt_1157_stress:arm64+0x1013d527c)
    #10 IGESControl_Controller::IGESControl_Controller(bool) IGESControl_Controller.cxx:72 (occt_1157_stress:arm64+0x10037b2f0)
    #11 IGESControl_Controller::IGESControl_Controller(bool) IGESControl_Controller.cxx:75 (occt_1157_stress:arm64+0x100380880)
    #12 IGESControl_Controller::Init() IGESControl_Controller.cxx:364 (occt_1157_stress:arm64+0x100380880)
    #13 IGESControl_Writer::IGESControl_Writer(char const*, int) IGESControl_Writer.cxx:73 (occt_1157_stress:arm64+0x10038b868)
    #14 IGESControl_Writer::IGESControl_Writer(char const*, int) IGESControl_Writer.cxx:72 (occt_1157_stress:arm64+0x10038ba30)
    #15 runIgesWriteIndependent(int, int) occt_1157_stress.cpp:160 (occt_1157_stress:arm64+0x100001b50)
    #16 std::__1::__invoke_result_impl<void, void (*)(int, int), int, int>::type std::__1::__invoke[abi:nqe220106]<void (*)(int, int), int, int>(void (*&&)(int, int), int&&, int&&) invoke.h:90 (occt_1157_stress:arm64+0x100006214)
    #17 void std::__1::__thread_execute[abi:nqe220106]<std::__1::unique_ptr<std::__1::__thread_struct, std::__1::default_delete<std::__1::__thread_struct>>, void (*)(int, int), int, int, 0ul, 1ul, 2ul>(std::__1::tuple<std::__1::unique_ptr<std::__1::__thread_struct, std::__1::default_delete<std::__1::__thread_struct>>, void (*)(int, int), int, int>&, std::__1::__integer_sequence<unsigned long, 0ul, 1ul, 2ul>) thread.h:161 (occt_1157_stress:arm64+0x100006214)
    #18 void* std::__1::__thread_proxy[abi:nqe220106]<std::__1::tuple<std::__1::unique_ptr<std::__1::__thread_struct, std::__1::default_delete<std::__1::__thread_struct>>, void (*)(int, int), int, int>>(void*) thread.h:169 (occt_1157_stress:arm64+0x100006214)

  Thread T4 (tid=14909937, running) created by main thread at:
    #0 pthread_create <null> (libclang_rt.tsan_osx_dynamic.dylib:arm64e+0x33bac)
    #1 std::__1::__libcpp_thread_create[abi:nqe220106](_opaque_pthread_t**, void* (*)(void*), void*) pthread.h:182 (occt_1157_stress:arm64+0x1000060dc)
    #2 std::__1::thread::thread[abi:nqe220106]<void (*&)(int, int), int&, int&, 0>(void (*&)(int, int), int&, int&) thread.h:221 (occt_1157_stress:arm64+0x1000060dc)
    #3 std::__1::thread::thread[abi:nqe220106]<void (*&)(int, int), int&, int&, 0>(void (*&)(int, int), int&, int&) thread.h:212 (occt_1157_stress:arm64+0x1000038c8)
    #4 void std::__1::allocator<std::__1::thread>::construct[abi:nqe220106]<std::__1::thread, void (*&)(int, int), int&, int&>(std::__1::thread*, void (*&)(int, int), int&, int&) allocator.h:141 (occt_1157_stress:arm64+0x1000038c8)
    #5 void std::__1::allocator_traits<std::__1::allocator<std::__1::thread>>::construct[abi:nqe220106]<std::__1::thread, void (*&)(int, int), int&, int&, 0>(std::__1::allocator<std::__1::thread>&, std::__1::thread*, void (*&)(int, int), int&, int&) allocator_traits.h:296 (occt_1157_stress:arm64+0x1000038c8)
    #6 void std::__1::vector<std::__1::thread, std::__1::allocator<std::__1::thread>>::__emplace_back_assume_capacity[abi:nqe220106]<void (*&)(int, int), int&, int&>(void (*&)(int, int), int&, int&) vector.h:483 (occt_1157_stress:arm64+0x1000038c8)
    #7 std::__1::thread& std::__1::vector<std::__1::thread, std::__1::allocator<std::__1::thread>>::emplace_back<void (*&)(int, int), int&, int&>(void (*&)(int, int), int&, int&)::'lambda'()::operator()() const vector.h:1146 (occt_1157_stress:arm64+0x1000038c8)
    #8 void std::__1::__if_likely_else[abi:nqe220106]<std::__1::thread& std::__1::vector<std::__1::thread, std::__1::allocator<std::__1::thread>>::emplace_back<void (*&)(int, int), int&, int&>(void (*&)(int, int), int&, int&)::'lambda'(), std::__1::thread& std::__1::vector<std::__1::thread, std::__1::allocator<std::__1::thread>>::emplace_back<void (*&)(int, int), int&, int&>(void (*&)(int, int), int&, int&)::'lambda0'()>(bool, std::__1::thread& std::__1::vector<std::__1::thread, std::__1::allocator<std::__1::thread>>::emplace_back<void (*&)(int, int), int&, int&>(void (*&)(int, int), int&, int&)::'lambda'(), std::__1::thread& std::__1::vector<std::__1::thread, std::__1::allocator<std::__1::thread>>::emplace_back<void (*&)(int, int), int&, int&>(void (*&)(int, int), int&, int&)::'lambda0'()) vector.h:1127 (occt_1157_stress:arm64+0x1000038c8)
    #9 std::__1::thread& std::__1::vector<std::__1::thread, std::__1::allocator<std::__1::thread>>::emplace_back<void (*&)(int, int), int&, int&>(void (*&)(int, int), int&, int&) vector.h:1143 (occt_1157_stress:arm64+0x1000038c8)
    #10 runOne(char const*, int, int) occt_1157_stress.cpp:359 (occt_1157_stress:arm64+0x1000038c8)
    #11 main occt_1157_stress.cpp:396 (occt_1157_stress:arm64+0x100002de4)

  Thread T1 (tid=14909934, running) created by main thread at:
    #0 pthread_create <null> (libclang_rt.tsan_osx_dynamic.dylib:arm64e+0x33bac)
    #1 std::__1::__libcpp_thread_create[abi:nqe220106](_opaque_pthread_t**, void* (*)(void*), void*) pthread.h:182 (occt_1157_stress:arm64+0x1000060dc)
    #2 std::__1::thread::thread[abi:nqe220106]<void (*&)(int, int), int&, int&, 0>(void (*&)(int, int), int&, int&) thread.h:221 (occt_1157_stress:arm64+0x1000060dc)
    #3 std::__1::thread::thread[abi:nqe220106]<void (*&)(int, int), int&, int&, 0>(void (*&)(int, int), int&, int&) thread.h:212 (occt_1157_stress:arm64+0x10000645c)
    #4 void std::__1::allocator<std::__1::thread>::construct[abi:nqe220106]<std::__1::thread, void (*&)(int, int), int&, int&>(std::__1::thread*, void (*&)(int, int), int&, int&) allocator.h:141 (occt_1157_stress:arm64+0x10000645c)
    #5 void std::__1::allocator_traits<std::__1::allocator<std::__1::thread>>::construct[abi:nqe220106]<std::__1::thread, void (*&)(int, int), int&, int&, 0>(std::__1::allocator<std::__1::thread>&, std::__1::thread*, void (*&)(int, int), int&, int&) allocator_traits.h:296 (occt_1157_stress:arm64+0x10000645c)
    #6 std::__1::thread* std::__1::vector<std::__1::thread, std::__1::allocator<std::__1::thread>>::__emplace_back_slow_path<void (*&)(int, int), int&, int&>(void (*&)(int, int), int&, int&) vector.h:1109 (occt_1157_stress:arm64+0x10000645c)
    #7 std::__1::thread& std::__1::vector<std::__1::thread, std::__1::allocator<std::__1::thread>>::emplace_back<void (*&)(int, int), int&, int&>(void (*&)(int, int), int&, int&)::'lambda0'()::operator()() const vector.h:1149 (occt_1157_stress:arm64+0x100003918)
    #8 void std::__1::__if_likely_else[abi:nqe220106]<std::__1::thread& std::__1::vector<std::__1::thread, std::__1::allocator<std::__1::thread>>::emplace_back<void (*&)(int, int), int&, int&>(void (*&)(int, int), int&, int&)::'lambda'(), std::__1::thread& std::__1::vector<std::__1::thread, std::__1::allocator<std::__1::thread>>::emplace_back<void (*&)(int, int), int&, int&>(void (*&)(int, int), int&, int&)::'lambda0'()>(bool, std

[... truncated at 200KB: 129 total race warnings in the full run. Regenerate with
     Scripts/tsan-stress.sh run, which now includes this scenario (#1403 Phase 0). ...]
