==================
WARNING: ThreadSanitizer: data race (pid=70769)
  Write of size 1 at 0x000104323ca8 by thread T2:
    #0 IFSelect_WorkSession::IFSelect_WorkSession() IFSelect_WorkSession.cxx:86 (occt_1157_stress:arm64+0x1013afad4)
    #1 XSControl_WorkSession::XSControl_WorkSession() XSControl_WorkSession.cxx:50 (occt_1157_stress:arm64+0x1013f2d64)
    #2 XSControl_WorkSession::XSControl_WorkSession() XSControl_WorkSession.cxx:54 (occt_1157_stress:arm64+0x1013f30b0)
    #3 XSControl_Reader::XSControl_Reader() XSControl_Reader.cxx:42 (occt_1157_stress:arm64+0x1013d9520)
    #4 IGESControl_Reader::IGESControl_Reader() IGESControl_Reader.cxx:52 (occt_1157_stress:arm64+0x100385154)
    #5 IGESControl_Reader::IGESControl_Reader() IGESControl_Reader.cxx:53 (occt_1157_stress:arm64+0x100385350)
    #6 runIgesReadIndependent(int, int) occt_1157_stress.cpp:188 (occt_1157_stress:arm64+0x100002570)
    #7 std::__1::__invoke_result_impl<void, void (*)(int, int), int, int>::type std::__1::__invoke[abi:nqe220106]<void (*)(int, int), int, int>(void (*&&)(int, int), int&&, int&&) invoke.h:90 (occt_1157_stress:arm64+0x100006214)
    #8 void std::__1::__thread_execute[abi:nqe220106]<std::__1::unique_ptr<std::__1::__thread_struct, std::__1::default_delete<std::__1::__thread_struct>>, void (*)(int, int), int, int, 0ul, 1ul, 2ul>(std::__1::tuple<std::__1::unique_ptr<std::__1::__thread_struct, std::__1::default_delete<std::__1::__thread_struct>>, void (*)(int, int), int, int>&, std::__1::__integer_sequence<unsigned long, 0ul, 1ul, 2ul>) thread.h:161 (occt_1157_stress:arm64+0x100006214)
    #9 void* std::__1::__thread_proxy[abi:nqe220106]<std::__1::tuple<std::__1::unique_ptr<std::__1::__thread_struct, std::__1::default_delete<std::__1::__thread_struct>>, void (*)(int, int), int, int>>(void*) thread.h:169 (occt_1157_stress:arm64+0x100006214)

  Previous write of size 1 at 0x000104323ca8 by thread T1:
    #0 IFSelect_WorkSession::IFSelect_WorkSession() IFSelect_WorkSession.cxx:86 (occt_1157_stress:arm64+0x1013afad4)
    #1 XSControl_WorkSession::XSControl_WorkSession() XSControl_WorkSession.cxx:50 (occt_1157_stress:arm64+0x1013f2d64)
    #2 XSControl_WorkSession::XSControl_WorkSession() XSControl_WorkSession.cxx:54 (occt_1157_stress:arm64+0x1013f30b0)
    #3 IGESControl_Reader::IGESControl_Reader() IGESControl_Reader.cxx:55 (occt_1157_stress:arm64+0x100385180)
    #4 IGESControl_Reader::IGESControl_Reader() IGESControl_Reader.cxx:53 (occt_1157_stress:arm64+0x100385350)
    #5 runIgesReadIndependent(int, int) occt_1157_stress.cpp:188 (occt_1157_stress:arm64+0x100002570)
    #6 std::__1::__invoke_result_impl<void, void (*)(int, int), int, int>::type std::__1::__invoke[abi:nqe220106]<void (*)(int, int), int, int>(void (*&&)(int, int), int&&, int&&) invoke.h:90 (occt_1157_stress:arm64+0x100006214)
    #7 void std::__1::__thread_execute[abi:nqe220106]<std::__1::unique_ptr<std::__1::__thread_struct, std::__1::default_delete<std::__1::__thread_struct>>, void (*)(int, int), int, int, 0ul, 1ul, 2ul>(std::__1::tuple<std::__1::unique_ptr<std::__1::__thread_struct, std::__1::default_delete<std::__1::__thread_struct>>, void (*)(int, int), int, int>&, std::__1::__integer_sequence<unsigned long, 0ul, 1ul, 2ul>) thread.h:161 (occt_1157_stress:arm64+0x100006214)
    #8 void* std::__1::__thread_proxy[abi:nqe220106]<std::__1::tuple<std::__1::unique_ptr<std::__1::__thread_struct, std::__1::default_delete<std::__1::__thread_struct>>, void (*)(int, int), int, int>>(void*) thread.h:169 (occt_1157_stress:arm64+0x100006214)

  Location is global 'errhand' at 0x000104323ca8 (occt_1157_stress+0x101cb3ca8)

  Thread T2 (tid=14910632, running) created by main thread at:
    #0 pthread_create <null> (libclang_rt.tsan_osx_dynamic.dylib:arm64e+0x33bac)
    #1 std::__1::__libcpp_thread_create[abi:nqe220106](_opaque_pthread_t**, void* (*)(void*), void*) pthread.h:182 (occt_1157_stress:arm64+0x1000060dc)
    #2 std::__1::thread::thread[abi:nqe220106]<void (*&)(int, int), int&, int&, 0>(void (*&)(int, int), int&, int&) thread.h:221 (occt_1157_stress:arm64+0x1000060dc)
    #3 std::__1::thread::thread[abi:nqe220106]<void (*&)(int, int), int&, int&, 0>(void (*&)(int, int), int&, int&) thread.h:212 (occt_1157_stress:arm64+0x10000645c)
    #4 void std::__1::allocator<std::__1::thread>::construct[abi:nqe220106]<std::__1::thread, void (*&)(int, int), int&, int&>(std::__1::thread*, void (*&)(int, int), int&, int&) allocator.h:141 (occt_1157_stress:arm64+0x10000645c)
    #5 void std::__1::allocator_traits<std::__1::allocator<std::__1::thread>>::construct[abi:nqe220106]<std::__1::thread, void (*&)(int, int), int&, int&, 0>(std::__1::allocator<std::__1::thread>&, std::__1::thread*, void (*&)(int, int), int&, int&) allocator_traits.h:296 (occt_1157_stress:arm64+0x10000645c)
    #6 std::__1::thread* std::__1::vector<std::__1::thread, std::__1::allocator<std::__1::thread>>::__emplace_back_slow_path<void (*&)(int, int), int&, int&>(void (*&)(int, int), int&, int&) vector.h:1109 (occt_1157_stress:arm64+0x10000645c)
    #7 std::__1::thread& std::__1::vector<std::__1::thread, std::__1::allocator<std::__1::thread>>::emplace_back<void (*&)(int, int), int&, int&>(void (*&)(int, int), int&, int&)::'lambda0'()::operator()() const vector.h:1149 (occt_1157_stress:arm64+0x100003918)
    #8 void std::__1::__if_likely_else[abi:nqe220106]<std::__1::thread& std::__1::vector<std::__1::thread, std::__1::allocator<std::__1::thread>>::emplace_back<void (*&)(int, int), int&, int&>(void (*&)(int, int), int&, int&)::'lambda'(), std::__1::thread& std::__1::vector<std::__1::thread, std::__1::allocator<std::__1::thread>>::emplace_back<void (*&)(int, int), int&, int&>(void (*&)(int, int), int&, int&)::'lambda0'()>(bool, std::__1::thread& std::__1::vector<std::__1::thread, std::__1::allocator<std::__1::thread>>::emplace_back<void (*&)(int, int), int&, int&>(void (*&)(int, int), int&, int&)::'lambda'(), std::__1::thread& std::__1::vector<std::__1::thread, std::__1::allocator<std::__1::thread>>::emplace_back<void (*&)(int, int), int&, int&>(void (*&)(int, int), int&, int&)::'lambda0'()) vector.h:1129 (occt_1157_stress:arm64+0x100003918)
    #9 std::__1::thread& std::__1::vector<std::__1::thread, std::__1::allocator<std::__1::thread>>::emplace_back<void (*&)(int, int), int&, int&>(void (*&)(int, int), int&, int&) vector.h:1143 (occt_1157_stress:arm64+0x100003918)
    #10 runOne(char const*, int, int) occt_1157_stress.cpp:359 (occt_1157_stress:arm64+0x100003918)
    #11 main occt_1157_stress.cpp:396 (occt_1157_stress:arm64+0x100002de4)

  Thread T1 (tid=14910628, running) created by main thread at:
    #0 pthread_create <null> (libclang_rt.tsan_osx_dynamic.dylib:arm64e+0x33bac)
    #1 std::__1::__libcpp_thread_create[abi:nqe220106](_opaque_pthread_t**, void* (*)(void*), void*) pthread.h:182 (occt_1157_stress:arm64+0x1000060dc)
    #2 std::__1::thread::thread[abi:nqe220106]<void (*&)(int, int), int&, int&, 0>(void (*&)(int, int), int&, int&) thread.h:221 (occt_1157_stress:arm64+0x1000060dc)
    #3 std::__1::thread::thread[abi:nqe220106]<void (*&)(int, int), int&, int&, 0>(void (*&)(int, int), int&, int&) thread.h:212 (occt_1157_stress:arm64+0x10000645c)
    #4 void std::__1::allocator<std::__1::thread>::construct[abi:nqe220106]<std::__1::thread, void (*&)(int, int), int&, int&>(std::__1::thread*, void (*&)(int, int), int&, int&) allocator.h:141 (occt_1157_stress:arm64+0x10000645c)
    #5 void std::__1::allocator_traits<std::__1::allocator<std::__1::thread>>::construct[abi:nqe220106]<std::__1::thread, void (*&)(int, int), int&, int&, 0>(std::__1::allocator<std::__1::thread>&, std::__1::thread*, void (*&)(int, int), int&, int&) allocator_traits.h:296 (occt_1157_stress:arm64+0x10000645c)
    #6 std::__1::thread* std::__1::vector<std::__1::thread, std::__1::allocator<std::__1::thread>>::__emplace_back_slow_path<void (*&)(int, int), int&, int&>(void (*&)(int, int), int&, int&) vector.h:1109 (occt_1157_stress:arm64+0x10000645c)
    #7 std::__1::thread& std::__1::vector<std::__1::thread, std::__1::allocator<std::__1::thread>>::emplace_back<void (*&)(int, int), int&, int&>(void (*&)(int, int), int&, int&)::'lambda0'()::operator()() const vector.h:1149 (occt_1157_stress:arm64+0x100003918)
    #8 void std::__1::__if_likely_else[abi:nqe220106]<std::__1::thread& std::__1::vector<std::__1::thread, std::__1::allocator<std::__1::thread>>::emplace_back<void (*&)(int, int), int&, int&>(void (*&)(int, int), int&, int&)::'lambda'(), std::__1::thread& std::__1::vector<std::__1::thread, std::__1::allocator<std::__1::thread>>::emplace_back<void (*&)(int, int), int&, int&>(void (*&)(int, int), int&, int&)::'lambda0'()>(bool, std::__1::thread& std::__1::vector<std::__1::thread, std::__1::allocator<std::__1::thread>>::emplace_back<void (*&)(int, int), int&, int&>(void (*&)(int, int), int&, int&)::'lambda'(), std::__1::thread& std::__1::vector<std::__1::thread, std::__1::allocator<std::__1::thread>>::emplace_back<void (*&)(int, int), int&, int&>(void (*&)(int, int), int&, int&)::'lambda0'()) vector.h:1129 (occt_1157_stress:arm64+0x100003918)
    #9 std::__1::thread& std::__1::vector<std::__1::thread, std::__1::allocator<std::__1::thread>>::emplace_back<void (*&)(int, int), int&, int&>(void (*&)(int, int), int&, int&) vector.h:1143 (occt_1157_stress:arm64+0x100003918)
    #10 runOne(char const*, int, int) occt_1157_stress.cpp:359 (occt_1157_stress:arm64+0x100003918)
    #11 main occt_1157_stress.cpp:396 (occt_1157_stress:arm64+0x100002de4)

SUMMARY: ThreadSanitizer: data race IFSelect_WorkSession.cxx:86 in IFSelect_WorkSession::IFSelect_WorkSession()
==================
==================
WARNING: ThreadSanitizer: data race (pid=70769)
  Read of size 4 at 0x00010f61d4e0 by thread T3:
    #0 MoniTool_TypedValue::IntegerValue() const MoniTool_TypedValue.cxx:1036 (occt_1157_stress:arm64+0x101403f5c)
    #1 Interface_Static::IVal(char const*) Interface_Static.cxx:472 (occt_1157_stress:arm64+0x10133f8f0)
    #2 IGESControl_Reader::IGESControl_Reader() IGESControl_Reader.cxx:57 (occt_1157_stress:arm64+0x100385220)
    #3 IGESControl_Reader::IGESControl_Reader() IGESControl_Reader.cxx:53 (occt_1157_stress:arm64+0x100385350)
    #4 runIgesReadIndependent(int, int) occt_1157_stress.cpp:188 (occt_1157_stress:arm64+0x100002570)
    #5 std::__1::__invoke_result_impl<void, void (*)(int, int), int, int>::type std::__1::__invoke[abi:nqe220106]<void (*)(int, int), int, int>(void (*&&)(int, int), int&&, int&&) invoke.h:90 (occt_1157_stress:arm64+0x100006214)
    #6 void std::__1::__thread_execute[abi:nqe220106]<std::__1::unique_ptr<std::__1::__thread_struct, std::__1::default_delete<std::__1::__thread_struct>>, void (*)(int, int), int, int, 0ul, 1ul, 2ul>(std::__1::tuple<std::__1::unique_ptr<std::__1::__thread_struct, std::__1::default_delete<std::__1::__thread_struct>>, void (*)(int, int), int, int>&, std::__1::__integer_sequence<unsigned long, 0ul, 1ul, 2ul>) thread.h:161 (occt_1157_stress:arm64+0x100006214)
    #7 void* std::__1::__thread_proxy[abi:nqe220106]<std::__1::tuple<std::__1::unique_ptr<std::__1::__thread_struct, std::__1::default_delete<std::__1::__thread_struct>>, void (*)(int, int), int, int>>(void*) thread.h:169 (occt_1157_stress:arm64+0x100006214)

  Previous write of size 4 at 0x00010f61d4e0 by thread T1:
    #0 MoniTool_TypedValue::SetIntegerValue(int) MoniTool_TypedValue.cxx:1059 (occt_1157_stress:arm64+0x101407c8c)
    #1 Interface_Static::SetIVal(char const*, int) Interface_Static.cxx:505 (occt_1157_stress:arm64+0x10133fb8c)
    #2 IGESControl_Reader::NbRootsForTransfer() IGESControl_Reader.cxx:104 (occt_1157_stress:arm64+0x1003857bc)
    #3 XSControl_Reader::TransferRoots(Message_ProgressRange const&) XSControl_Reader.cxx:275 (occt_1157_stress:arm64+0x1013db574)
    #4 runIgesReadIndependent(int, int) occt_1157_stress.cpp:199 (occt_1157_stress:arm64+0x1000025d4)
    #5 std::__1::__invoke_result_impl<void, void (*)(int, int), int, int>::type std::__1::__invoke[abi:nqe220106]<void (*)(int, int), int, int>(void (*&&)(int, int), int&&, int&&) invoke.h:90 (occt_1157_stress:arm64+0x100006214)
    #6 void std::__1::__thread_execute[abi:nqe220106]<std::__1::unique_ptr<std::__1::__thread_struct, std::__1::default_delete<std::__1::__thread_struct>>, void (*)(int, int), int, int, 0ul, 1ul, 2ul>(std::__1::tuple<std::__1::unique_ptr<std::__1::__thread_struct, std::__1::default_delete<std::__1::__thread_struct>>, void (*)(int, int), int, int>&, std::__1::__integer_sequence<unsigned long, 0ul, 1ul, 2ul>) thread.h:161 (occt_1157_stress:arm64+0x100006214)
    #7 void* std::__1::__thread_proxy[abi:nqe220106]<std::__1::tuple<std::__1::unique_ptr<std::__1::__thread_struct, std::__1::default_delete<std::__1::__thread_struct>>, void (*)(int, int), int, int>>(void*) thread.h:169 (occt_1157_stress:arm64+0x100006214)

  Location is heap block of size 648 at 0x00010f61d400 allocated by main thread:
    #0 calloc <null> (libclang_rt.tsan_osx_dynamic.dylib:arm64e+0x67ff4)
    #1 Standard::Allocate(unsigned long) Standard.cxx:386 (occt_1157_stress:arm64+0x1008bee84)
    #2 Standard_Transient::operator new(unsigned long) Standard_Transient.hxx:47 (occt_1157_stress:arm64+0x10133e594)
    #3 Interface_Static::Init(char const*, char const*, Interface_ParamType, char const*) Interface_Static.cxx:180 (occt_1157_stress:arm64+0x10133e594)
    #4 Interface_Static::Init(char const*, char const*, char, char const*) Interface_Static.cxx:275 (occt_1157_stress:arm64+0x10133ec84)
    #5 IGESData::Init() IGESData.cxx:168 (occt_1157_stress:arm64+0x1000bf9ac)
    #6 IGESBasic::Init() IGESBasic.cxx:31 (occt_1157_stress:arm64+0x1001039c4)
    #7 IGESGeom::Init() IGESGeom.cxx:32 (occt_1157_stress:arm64+0x100140a18)
    #8 IGESSolid::Init() IGESSolid.cxx:32 (occt_1157_stress:arm64+0x1002180b4)
    #9 IGESControl_Controller::IGESControl_Controller(bool) IGESControl_Controller.cxx:79 (occt_1157_stress:arm64+0x10037b330)
    #10 IGESControl_Controller::IGESControl_Controller(bool) IGESControl_Controller.cxx:75 (occt_1157_stress:arm64+0x100380880)
    #11 IGESControl_Controller::Init() IGESControl_Controller.cxx:364 (occt_1157_stress:arm64+0x100380880)
    #12 IGESControl_Writer::IGESControl_Writer(char const*, int) IGESControl_Writer.cxx:73 (occt_1157_stress:arm64+0x10038b868)
    #13 IGESControl_Writer::IGESControl_Writer(char const*, int) IGESControl_Writer.cxx:72 (occt_1157_stress:arm64+0x10038ba30)
    #14 writeFixtures() occt_1157_stress.cpp:323 (occt_1157_stress:arm64+0x100003520)
    #15 runOne(char const*, int, int) occt_1157_stress.cpp:334 (occt_1157_stress:arm64+0x100003520)
    #16 main occt_1157_stress.cpp:396 (occt_1157_stress:arm64+0x100002de4)

  Thread T3 (tid=14910635, running) created by main thread at:
    #0 pthread_create <null> (libclang_rt.tsan_osx_dynamic.dylib:arm64e+0x33bac)
    #1 std::__1::__libcpp_thread_create[abi:nqe220106](_opaque_pthread_t**, void* (*)(void*), void*) pthread.h:182 (occt_1157_stress:arm64+0x1000060dc)
    #2 std::__1::thread::thread[abi:nqe220106]<void (*&)(int, int), int&, int&, 0>(void (*&)(int, int), int&, int&) thread.h:221 (occt_1157_stress:arm64+0x1000060dc)
    #3 std::__1::thread::thread[abi:nqe220106]<void (*&)(int, int), int&, int&, 0>(void (*&)(int, int), int&, int&) thread.h:212 (occt_1157_stress:arm64+0x10000645c)
    #4 void std::__1::allocator<std::__1::thread>::construct[abi:nqe220106]<std::__1::thread, void (*&)(int, int), int&, int&>(std::__1::thread*, void (*&)(int, int), int&, int&) allocator.h:141 (occt_1157_stress:arm64+0x10000645c)
    #5 void std::__1::allocator_traits<std::__1::allocator<std::__1::thread>>::construct[abi:nqe220106]<std::__1::thread, void (*&)(int, int), int&, int&, 0>(std::__1::allocator<std::__1::thread>&, std::__1::thread*, void (*&)(int, int), int&, int&) allocator_traits.h:296 (occt_1157_stress:arm64+0x10000645c)
    #6 std::__1::thread* std::__1::vector<std::__1::thread, std::__1::allocator<std::__1::thread>>::__emplace_back_slow_path<void (*&)(int, int), int&, int&>(void (*&)(int, int), int&, int&) vector.h:1109 (occt_1157_stress:arm64+0x10000645c)
    #7 std::__1::thread& std::__1::vector<std::__1::thread, std::__1::allocator<std::__1::thread>>::emplace_back<void (*&)(int, int), int&, int&>(void (*&)(int, int), int&, int&)::'lambda0'()::operator()() const vector.h:1149 (occt_1157_stress:arm64+0x100003918)
    #8 void std::__1::__if_likely_else[abi:nqe220106]<std::__1::thread& std::__1::vector<std::__1::thread, std::__1::allocator<std::__1::thread>>::emplace_back<void (*&)(int, int), int&, int&>(void (*&)(int, int), int&, int&)::'lambda'(), std::__1::thread& std::__1::vector<std::__1::thread, std::__1::allocator<std::__1::thread>>::emplace_back<void (*&)(int, int), int&, int&>(void (*&)(int, int), int&, int&)::'lambda0'()>(bool, std::__1::thread& std::__1::vector<std::__1::thread, std::__1::allocator<std::__1::thread>>::emplace_back<void (*&)(int, int), int&, int&>(void (*&)(int, int), int&, int&)::'lambda'(), std::__1::thread& std::__1::vector<std::__1::thread, std::__1::allocator<std::__1::thread>>::emplace_back<void (*&)(int, int), int&, int&>(void (*&)(int, int), int&, int&)::'lambda0'()) vector.h:1129 (occt_1157_stress:arm64+0x100003918)
    #9 std::__1::thread& std::__1::vector<std::__1::thread, std::__1::allocator<std::__1::thread>>::emplace_back<void (*&)(int, int), int&, int&>(void (*&)(int, int), int&, int&) vector.h:1143 (occt_1157_stress:arm64+0x100003918)
    #10 runOne(char const*, int, int) occt_1157_stress.cpp:359 (occt_1157_stress:arm64+0x100003918)
    #11 main occt_1157_stress.cpp:396 (occt_1157_stress:arm64+0x100002de4)

  Thread T1 (tid=14910628, running) created by main thread at:
    #0 pthread_create <null> (libclang_rt.tsan_osx_dynamic.dylib:arm64e+0x33bac)
    #1 std::__1::__libcpp_thread_create[abi:nqe220106](_opaque_pthread_t**, void* (*)(void*), void*) pthread.h:182 (occt_1157_stress:arm64+0x1000060dc)
    #2 std::__1::thread::thread[abi:nqe220106]<void (*&)(int, int), int&, int&, 0>(void (*&)(int, int), int&, int&) thread.h:221 (occt_1157_stress:arm64+0x1000060dc)
    #3 std::__1::thread::thread[abi:nqe220106]<void (*&)(int, int), int&, int&, 0>(void (*&)(int, int), int&, int&) thread.h:212 (occt_1157_stress:arm64+0x10000645c)
    #4 void std::__1::allocator<std::__1::thread>::construct[abi:nqe220106]<std::__1::thread, void (*&)(int, int), int&, int&>(std::__1::thread*, void (*&)(int, int), int&, int&) allocator.h:141 (occt_1157_stress:arm64+0x10000645c)
    #5 void std::__1::allocator_traits<std::__1::allocator<std::__1::thread>>::construct[abi:nqe220106]<std::__1::thread, void (*&)(int, int), int&, int&, 0>(std::__1::allocator<std::__1::thread>&, std::__1::thread*, void (*&)(int, int), int&, int&) allocator_traits.h:296 (occt_1157_stress:arm64+0x10000645c)
    #6 std::__1::thread* std::__1::vector<std::__1::thread, std::__1::allocator<std::__1::thread>>::__emplace_back_slow_path<void (*&)(int, int), int&, int&>(void (*&)(int, int), int&, int&) vector.h:1109 (occt_1157_stress:arm64+0x10000645c)
    #7 std::__1::thread& std::__1::vector<std::__1::thread, std::__1::allocator<std::__1::thread>>::emplace_back<void (*&)(int, int), int&, int&>(void (*&)(int, int), int&, int&)::'lambda0'()::operator()() const vector.h:1149 (occt_1157_stress:arm64+0x100003918)
    #8 void std::__1::__if_likely_else[abi:nqe220106]<std::__1::thread& std::__1::vector<std::__1::thread, std::__1::allocator<std::__1::thread>>::emplace_back<void (*&)(int, int), int&, int&>(void (*&)(int, int), int&, int&)::'lambda'(), std::__1::thread& std::__1::vector<std::__1::thread, std::__1::allocator<std::__1::thread>>::emplace_back<void (*&)(int, int), int&, int&>(void (*&)(int, int), int&, int&)::'lambda0'()>(bool, std::__1::thread& std::__1::vector<std::__1::thread, std::__1::allocator<std::__1::thread>>::emplace_back<void (*&)(int, int), int&, int&>(void (*&)(int, int), int&, int&)::'lambda'(), std::__1::thread& std::__1::vector<std::__1::thread, std::__1::allocator<std::__1::thread>>::emplace_back<void (*&)(int, int), int&, int&>(void (*&)(int, int), int&, int&)::'lambda0'()) vector.h:1129 (occt_1157_stress:arm64+0x100003918)
    #9 std::__1::thread& std::__1::vector<std::__1::thread, std::__1::allocator<std::__1::thread>>::emplace_back<void (*&)(int, int), int&, int&>(void (*&)(int, int), int&, int&) vector.h:1143 (occt_1157_stress:arm64+0x100003918)
    #10 runOne(char const*, int, int) occt_1157_stress.cpp:359 (occt_1157_stress:arm64+0x100003918)
    #11 main occt_1157_stress.cpp:396 (occt_1157_stress:arm64+0x100002de4)

SUMMARY: ThreadSanitizer: data race MoniTool_TypedValue.cxx:1036 in MoniTool_TypedValue::IntegerValue() const
==================
==================
WARNING: ThreadSanitizer: data race (pid=70769)
  Write of size 1 at 0x000104323ca8 by thread T5:
    #0 IFSelect_WorkSession::IFSelect_WorkSession() IFSelect_WorkSession.cxx:86 (occt_1157_stress:arm64+0x1013afad4)
    #1 XSControl_WorkSession::XSControl_WorkSession() XSControl_WorkSession.cxx:50 (occt_1157_stress:arm64+0x1013f2d64)
    #2 XSControl_WorkSession::XSControl_WorkSession() XSControl_WorkSession.cxx:54 (occt_1157_stress:arm64+0x1013f30b0)
    #3 IGESControl_Reader::IGESControl_Reader() IGESControl_Reader.cxx:55 (occt_1157_stress:arm64+0x100385180)
    #4 IGESControl_Reader::IGESControl_Reader() IGESControl_Reader.cxx:53 (occt_1157_stress:arm64+0x100385350)
    #5 runIgesReadIndependent(int, int) occt_1157_stress.cpp:188 (occt_1157_stress:arm64+0x100002570)
    #6 std::__1::__invoke_result_impl<void, void (*)(int, int), int, int>::type std::__1::__invoke[abi:nqe220106]<void (*)(int, int), int, int>(void (*&&)(int, int), int&&, int&&) invoke.h:90 (occt_1157_stress:arm64+0x100006214)
    #7 void std::__1::__thread_execute[abi:nqe220106]<std::__1::unique_ptr<std::__1::__thread_struct, std::__1::default_delete<std::__1::__thread_struct>>, void (*)(int, int), int, int, 0ul, 1ul, 2ul>(std::__1::tuple<std::__1::unique_ptr<std::__1::__thread_struct, std::__1::default_delete<std::__1::__thread_struct>>, void (*)(int, int), int, int>&, std::__1::__integer_sequence<unsigned long, 0ul, 1ul, 2ul>) thread.h:161 (occt_1157_stress:arm64+0x100006214)
    #8 void* std::__1::__thread_proxy[abi:nqe220106]<std::__1::tuple<std::__1::unique_ptr<std::__1::__thread_struct, std::__1::default_delete<std::__1::__thread_struct>>, void (*)(int, int), int, int>>(void*) thread.h:169 (occt_1157_stress:arm64+0x100006214)

  Previous write of size 1 at 0x000104323ca8 by thread T6:
    #0 IFSelect_WorkSession::IFSelect_WorkSession() IFSelect_WorkSession.cxx:86 (occt_1157_stress:arm64+0x1013afad4)
    #1 XSControl_WorkSession::XSControl_WorkSession() XSControl_WorkSession.cxx:50 (occt_1157_stress:arm64+0x1013f2d64)
    #2 XSControl_WorkSession::XSControl_WorkSession() XSControl_WorkSession.cxx:54 (occt_1157_stress:arm64+0x1013f30b0)
    #3 IGESControl_Reader::IGESControl_Reader() IGESControl_Reader.cxx:55 (occt_1157_stress:arm64+0x100385180)
    #4 IGESControl_Reader::IGESControl_Reader() IGESControl_Reader.cxx:53 (occt_1157_stress:arm64+0x100385350)
    #5 runIgesReadIndependent(int, int) occt_1157_stress.cpp:188 (occt_1157_stress:arm64+0x100002570)
    #6 std::__1::__invoke_result_impl<void, void (*)(int, int), int, int>::type std::__1::__invoke[abi:nqe220106]<void (*)(int, int), int, int>(void (*&&)(int, int), int&&, int&&) invoke.h:90 (occt_1157_stress:arm64+0x100006214)
    #7 void std::__1::__thread_execute[abi:nqe220106]<std::__1::unique_ptr<std::__1::__thread_struct, std::__1::default_delete<std::__1::__thread_struct>>, void (*)(int, int), int, int, 0ul, 1ul, 2ul>(std::__1::tuple<std::__1::unique_ptr<std::__1::__thread_struct, std::__1::default_delete<std::__1::__thread_struct>>, void (*)(int, int), int, int>&, std::__1::__integer_sequence<unsigned long, 0ul, 1ul, 2ul>) thread.h:161 (occt_1157_stress:arm64+0x100006214)
    #8 void* std::__1::__thread_proxy[abi:nqe220106]<std::__1::tuple<std::__1::unique_ptr<std::__1::__thread_struct, std::__1::default_delete<std::__1::__thread_struct>>, void (*)(int, int), int, int>>(void*) thread.h:169 (occt_1157_stress:arm64+0x100006214)

  Location is global 'errhand' at 0x000104323ca8 (occt_1157_stress+0x101cb3ca8)

  Thread T5 (tid=14910667, running) created by main thread at:
    #0 pthread_create <null> (libclang_rt.tsan_osx_dynamic.dylib:arm64e+0x33bac)
    #1 std::__1::__libcpp_thread_create[abi:nqe220106](_opaque_pthread_t**, void* (*)(void*), void*) pthread.h:182 (occt_1157_stress:arm64+0x1000060dc)
    #2 std::__1::thread::thread[abi:nqe220106]<void (*&)(int, int), int&, int&, 0>(void (*&)(int, int), int&, int&) thread.h:221 (occt_1157_stress:arm64+0x1000060dc)
    #3 std::__1::thread::thread[abi:nqe220106]<void (*&)(int, int), int&, int&, 0>(void (*&)(int, int), int&, int&) thread.h:212 (occt_1157_stress:arm64+0x10000645c)
    #4 void std::__1::allocator<std::__1::thread>::construct[abi:nqe220106]<std::__1::thread, void (*&)(int, int), int&, int&>(std::__1::thread*, void (*&)(int, int), int&, int&) allocator.h:141 (occt_1157_stress:arm64+0x10000645c)
    #5 void std::__1::allocator_traits<std::__1::allocator<std::__1::thread>>::construct[abi:nqe220106]<std::__1::thread, void (*&)(int, int), int&, int&, 0>(std::__1::allocator<std::__1::thread>&, std::__1::thread*, void (*&)(int, int), int&, int&) allocator_traits.h:296 (occt_1157_stress:arm64+0x10000645c)
    #6 std::__1::thread* std::__1::vector<std::__1::thread, std::__1::allocator<std::__1::thread>>::__emplace_back_slow_path<void (*&)(int, int), int&, int&>(void (*&)(int, int), int&, int&) vector.h:1109 (occt_1157_stress:arm64+0x10000645c)
    #7 std::__1::thread& std::__1::vector<std::__1::thread, std::__1::allocator<std::__1::thread>>::emplace_back<void (*&)(int, int), int&, int&>(void (*&)(int, int), int&, int&)::'lambda0'()::operator()() const vector.h:1149 (occt_1157_stress:arm64+0x100003918)
    #8 void std::__1::__if_likely_else[abi:nqe220106]<std::__1::thread& std::__1::vector<std::__1::thread, std::__1::allocator<std::__1::thread>>::emplace_back<void (*&)(int, int), int&, int&>(void (*&)(int, int), int&, int&)::'lambda'(), std::__1::thread& std::__1::vector<std::__1::thread, std::__1::allocator<std::__1::thread>>::emplace_back<void (*&)(int, int), int&, int&>(void (*&)(int, int), int&, int&)::'lambda0'()>(bool, std::__1::thread& std::__1::vector<std::__1::thread, std::__1::allocator<std::__1::thread>>::emplace_back<void (*&)(int, int), int&, int&>(void (*&)(int, int), int&, int&)::'lambda'(), std::__1::thread& std::__1::vector<std::__1::thread, std::__1::allocator<std::__1::thread>>::emplace_back<void (*&)(int, int), int&, int&>(void (*&)(int, int), int&, int&)::'lambda0'()) vector.h:1129 (occt_1157_stress:arm64+0x100003918)
    #9 std::__1::thread& std::__1::vector<std::__1::thread, std::__1::allocator<std::__1::thread>>::emplace_back<void (*&)(int, int), int&, int&>(void (*&)(int, int), int&, int&) vector.h:1143 (occt_1157_stress:arm64+0x100003918)
    #10 runOne(char const*, int, int) occt_1157_stress.cpp:359 (occt_1157_stress:arm64+0x100003918)
    #11 main occt_1157_stress.cpp:396 (occt_1157_stress:arm64+0x100002de4)

  Thread T6 (tid=14910668, running) created by main thread at:
    #0 pthread_create <null> (libclang_rt.tsan_osx_dynamic.dylib:arm64e+0x33bac)
    #1 std::__1::__libcpp_thread_create[abi:nqe220106](_opaque_pthread_t**, void* (*)(void*), void*) pthread.h:182 (occt_1157_stress:arm64+0x1000060dc)
    #2 std::__1::thread::thread[abi:nqe220106]<void (*&)(int, int), int&, int&, 0>(void (*&)(int, int), int&, int&) thread.h:221 (occt_1157_stress:arm64+0x1000060dc)
    #3 std::__1::thread::thread[abi:nqe220106]<void (*&)(int, int), int&, int&, 0>(void (*&)(int, int), int&, int&) thread.h:212 (occt_1157_stress:arm64+0x1000038c8)
    #4 void std::__1::allocator<std::__1::thread>::construct[abi:nqe220106]<std::__1::thread, void (*&)(int, int), int&, int&>(std::__1::thread*, void (*&)(int, int), int&, int&) allocator.h:141 (occt_1157_stress:arm64+0x1000038c8)
    #5 void std::__1::allocator_traits<std::__1::allocator<std::__1::thread>>::construct[abi:nqe220106]<std::__1::thread, void (*&)(int, int), int&, int&, 0>(std::__1::allocator<std::__1::thread>&, std::__1::thread*, void (*&)(int, int), int&, int&) allocator_traits.h:296 (occt_1157_stress:arm64+0x1000038c8)
    #6 void std::__1::vector<std::__1::thread, std::__1::allocator<std::__1::thread>>::__emplace_back_assume_capacity[abi:nqe220106]<void (*&)(int, int), int&, int&>(void (*&)(int, int), int&, int&) vector.h:483 (occt_1157_stress:arm64+0x1000038c8)
    #7 std::__1::thread& std::__1::vector<std::__1::thread, std::__1::allocator<std::__1::thread>>::emplace_back<void (*&)(int, int), int&, int&>(void (*&)(int, int), int&, int&)::'lambda'()::operator()() const vector.h:1146 (occt_1157_stress:arm64+0x1000038c8)
    #8 void std::__1::__if_likely_else[abi:nqe220106]<std::__1::thread& std::__1::vector<std::__1::thread, std::__1::allocator<std::__1::thread>>::emplace_back<void (*&)(int, int), int&, int&>(void (*&)(int, int), int&, int&)::'lambda'(), std::__1::thread& std::__1::vector<std::__1::thread, std::__1::allocator<std::__1::thread>>::emplace_back<void (*&)(int, int), int&, int&>(void (*&)(int, int), int&, int&)::'lambda0'()>(bool, std::__1::thread& std::__1::vector<std::__1::thread, std::__1::allocator<std::__1::thread>>::emplace_back<void (*&)(int, int), int&, int&>(void (*&)(int, int), int&, int&)::'lambda'(), std::__1::thread& std::__1::vector<std::__1::thread, std::__1::allocator<std::__1::thread>>::emplace_back<void (*&)(int, int), int&, int&>(void (*&)(int, int), int&, int&)::'lambda0'()) vector.h:1127 (occt_1157_stress:arm64+0x1000038c8)
    #9 std::__1::thread& std::__1::vector<std::__1::thread, std::__1::allocator<std::__1::thread>>::emplace_back<void (*&)(int, int), int&, int&>(void (*&)(int, int), int&, int&) vector.h:1143 (occt_1157_stress:arm64+0x1000038c8)
    #10 runOne(char const*, int, int) occt_1157_stress.cpp:359 (occt_1157_stress:arm64+0x1000038c8)
    #11 main occt_1157_stress.cpp:396 (occt_1157_stress:arm64+0x100002de4)

SUMMARY: ThreadSanitizer: data race IFSelect_WorkSession.cxx:86 in IFSelect_WorkSession::IFSelect_WorkSession()
==================
==================
WARNING: ThreadSanitizer: data race (pid=70769)
  Read of size 8 at 0x00010f0014d0 by thread T3:
    #0 opencascade::handle<NCollection_HSequence<opencascade::handle<TCollection_HAsciiString>>>::IsNull() const Standard_Handle.hxx:94 (occt_1157_stress:arm64+0x1013014b4)
    #1 Interface_Check::SendMsg(Message_Msg const&) Interface_Check.cxx:291 (occt_1157_stress:arm64+0x1013014b4)
    #2 IGESFile_Check(int, Message_Msg&) IGESFile_Read.cxx:328 (occt_1157_stress:arm64+0x1001010c4)
    #3 IGESFile_Read(char*, opencascade::handle<IGESData_IGESModel> const&, opencascade::handle<IGESData_Protocol> const&, opencascade::handle<IGESData_FileRecognizer> const&, bool) IGESFile_Read.cxx:91 (occt_1157_stress:arm64+0x1001010c4)
    #4 IGESFile_Read(char*, opencascade::handle<IGESData_IGESModel> const&, opencascade::handle<IGESData_Protocol> const&) IGESFile_Read.cxx:63 (occt_1157_stress:arm64+0x100100fa8)
    #5 IGESSelect_WorkLibrary::ReadFile(char const*, opencascade::handle<Interface_InterfaceModel>&, opencascade::handle<Interface_Protocol> const&) const IGESSelect_WorkLibrary.cxx:82 (occt_1157_stress:arm64+0x1002ec258)
    #6 IFSelect_WorkSession::ReadFile(char const*) IFSelect_WorkSession.cxx:187 (occt_1157_stress:arm64+0x1013b0a20)
    #7 XSControl_Reader::ReadFile(char const*) XSControl_Reader.cxx:108 (occt_1157_stress:arm64+0x1013d9d94)
    #8 runIgesReadIndependent(int, int) occt_1157_stress.cpp:192 (occt_1157_stress:arm64+0x1000025b0)
    #9 std::__1::__invoke_result_impl<void, void (*)(int, int), int, int>::type std::__1::__invoke[abi:nqe220106]<void (*)(int, int), int, int>(void (*&&)(int, int), int&&, int&&) invoke.h:90 (occt_1157_stress:arm64+0x100006214)
    #10 void std::__1::__thread_execute[abi:nqe220106]<std::__1::unique_ptr<std::__1::__thread_struct, std::__1::default_delete<std::__1::__thread_struct>>, void (*)(int, int), int, int, 0ul, 1ul, 2ul>(std::__1::tuple<std::__1::unique_ptr<std::__1::__thread_struct, std::__1::default_delete<std::__1::__thread_struct>>, void (*)(int, int), int, int>&, std::__1::__integer_sequence<unsigned long, 0ul, 1ul, 2ul>) thread.h:161 (occt_1157_stress:arm64+0x100006214)
    #11 void* std::__1::__thread_proxy[abi:nqe220106]<std::__1::tuple<std::__1::unique_ptr<std::__1::__thread_struct, std::__1::default_delete<std::__1::__thread_struct>>, void (*)(int, int), int, int>>(void*) thread.h:169 (occt_1157_stress:arm64+0x100006214)

  Previous write of size 8 at 0x00010f0014d0 by thread T2:
    #0 opencascade::handle<NCollection_HSequence<opencascade::handle<TCollection_HAsciiString>>>::Assign(Standard_Transient*) Standard_Handle.hxx:377 (occt_1157_stress:arm64+0x101301580)
    #1 opencascade::handle<NCollection_HSequence<opencascade::handle<TCollection_HAsciiString>>>::operator=(NCollection_HSequence<opencascade::handle<TCollection_HAsciiString>> const*) Standard_Handle.hxx:109 (occt_1157_stress:arm64+0x101301580)
    #2 Interface_Check::SendMsg(Message_Msg const&) Interface_Check.cxx:293 (occt_1157_stress:arm64+0x101301580)
    #3 IGESFile_Check(int, Message_Msg&) IGESFile_Read.cxx:328 (occt_1157_stress:arm64+0x100101758)
    #4 IGESFile_Read(char*, opencascade::handle<IGESData_IGESModel> const&, opencascade::handle<IGESData_Protocol> const&, opencascade::handle<IGESData_FileRecognizer> const&, bool) IGESFile_Read.cxx:167 (occt_1157_stress:arm64+0x100101758)
    #5 IGESFile_Read(char*, opencascade::handle<IGESData_IGESModel> const&, opencascade::handle<IGESData_Protocol> const&) IGESFile_Read.cxx:63 (occt_1157_stress:arm64+0x100100fa8)
    #6 IGESSelect_WorkLibrary::ReadFile(char const*, opencascade::handle<Interface_InterfaceModel>&, opencascade::handle<Interface_Protocol> const&) const IGESSelect_WorkLibrary.cxx:82 (occt_1157_stress:arm64+0x1002ec258)
    #7 IFSelect_WorkSession::ReadFile(char const*) IFSelect_WorkSession.cxx:187 (occt_1157_stress:arm64+0x1013b0a20)
    #8 XSControl_Reader::ReadFile(char const*) XSControl_Reader.cxx:108 (occt_1157_stress:arm64+0x1013d9d94)
    #9 runIgesReadIndependent(int, int) occt_1157_stress.cpp:192 (occt_1157_stress:arm64+0x1000025b0)
    #10 std::__1::__invoke_result_impl<void, void (*)(int, int), int, int>::type std::__1::__invoke[abi:nqe220106]<void (*)(int, int), int, int>(void (*&&)(int, int), int&&, int&&) invoke.h:90 (occt_1157_stress:arm64+0x100006214)
    #11 void std::__1::__thread_execute[abi:nqe220106]<std::__1::unique_ptr<std::__1::__thread_struct, std::__1::default_delete<std::__1::__thread_struct>>, void (*)(int, int), int, int, 0ul, 1ul, 2ul>(std::__1::tuple<std::__1::unique_ptr<std::__1::__thread_struct, std::__1::default_delete<std::__1::__thread_struct>>, void (*)(int, int), int, int>&, std::__1::__integer_sequence<unsigned long, 0ul, 1ul, 2ul>) thread.h:161 (occt_1157_stress:arm64+0x100006214)
    #12 void* std::__1::__thread_proxy[abi:nqe220106]<std::__1::tuple<std::__1::unique_ptr<std::__1::__thread_struct, std::__1::default_delete<std::__1::__thread_struct>>, void (*)(int, int), int, int>>(void*) thread.h:169 (occt_1157_stress:arm64+0x100006214)

  Location is heap block of size 72 at 0x00010f0014a0 allocated by thread T1:
    #0 calloc <null> (libclang_rt.tsan_osx_dynamic.dylib:arm64e+0x67ff4)
    #1 Standard::Allocate(unsigned long) Standard.cxx:386 (occt_1157_stress:arm64+0x1008bee84)
    #2 Standard_Transient::operator new(unsigned long) Standard_Transient.hxx:47 (occt_1157_stress:arm64+0x100101f80)
    #3 checkread() IGESFile_Read.cxx:43 (occt_1157_stress:arm64+0x100101f80)
    #4 IGESFile_Check(int, Message_Msg&) IGESFile_Read.cxx (occt_1157_stress:arm64+0x1001010a8)
    #5 IGESFile_Read(char*, opencascade::handle<IGESData_IGESModel> const&, opencascade::handle<IGESData_Protocol> const&, opencascade::handle<IGESData_FileRecognizer> const&, bool) IGESFile_Read.cxx:91 (occt_1157_stress:arm64+0x1001010a8)
    #6 IGESFile_Read(char*, opencascade::handle<IGESData_IGESModel> const&, opencascade::handle<IGESData_Protocol> const&) IGESFile_Read.cxx:63 (occt_1157_stress:arm64+0x100100fa8)
    #7 IGESSelect_WorkLibrary::ReadFile(char const*, opencascade::handle<Interface_InterfaceModel>&, opencascade::handle<Interface_Protocol> const&) const IGESSelect_WorkLibrary.cxx:82 (occt_1157_stress:arm64+0x1002ec258)
    #8 IFSelect_WorkSession::ReadFile(char const*) IFSelect_WorkSession.cxx:187 (occt_1157_stress:arm64+0x1013b0a20)
    #9 XSControl_Reader::ReadFile(char const*) XSControl_Reader.cxx:108 (occt_1157_stress:arm64+0x1013d9d94)
    #10 runIgesReadIndependent(int, int) occt_1157_stress.cpp:192 (occt_1157_stress:arm64+0x1000025b0)
    #11 std::__1::__invoke_result_impl<void, void (*)(int, int), int, int>::type std::__1::__invoke[abi:nqe220106]<void (*)(int, int), int, int>(void (*&&)(int, int), int&&, int&&) invoke.h:90 (occt_1157_stress:arm64+0x100006214)
    #12 void std::__1::__thread_execute[abi:nqe220106]<std::__1::unique_ptr<std::__1::__thread_struct, std::__1::default_delete<std::__1::__thread_struct>>, void (*)(int, int), int, int, 0ul, 1ul, 2ul>(std::__1::tuple<std::__1::unique_ptr<std::__1::__thread_struct, std::__1::default_delete<std::__1::__thread_struct>>, void (*)(int, int), int, int>&, std::__1::__integer_sequence<unsigned long, 0ul, 1ul, 2ul>) thread.h:161 (occt_1157_stress:arm64+0x100006214)
    #13 void* std::__1::__thread_proxy[abi:nqe220106]<std::__1::tuple<std::__1::unique_ptr<std::__1::__thread_struct, std::__1::default_delete<std::__1::__thread_struct>>, void (*)(int, int), int, int>>(void*) thread.h:169 (occt_1157_stress:arm64+0x100006214)

  Thread T3 (tid=14910635, running) created by main thread at:
    #0 pthread_create <null> (libclang_rt.tsan_osx_dynamic.dylib:arm64e+0x33bac)
    #1 std::__1::__libcpp_thread_create[abi:nqe220106](_opaque_pthread_t**, void* (*)(void*), void*) pthread.h:182 (occt_1157_stress:arm64+0x1000060dc)
    #2 std::__1::thread::thread[abi:nqe220106]<void (*&)(int, int), int&, int&, 0>(void (*&)(int, int), int&, int&) thread.h:221 (occt_1157_stress:arm64+0x1000060dc)
    #3 std::__1::thread::thread[abi:nqe220106]<void (*&)(int, int), int&, int&, 0>(void (*&)(int, int), int&, int&) thread.h:212 (occt_1157_stress:arm64+0x10000645c)
    #4 void std::__1::allocator<std::__1::thread>::construct[abi:nqe220106]<std::__1::thread, void (*&)(int, int), int&, int&>(std::__1::thread*, void (*&)(int, int), int&, int&) allocator.h:141 (occt_1157_stress:arm64+0x10000645c)
    #5 void std::__1::allocator_traits<std::__1::allocator<std::__1::thread>>::construct[abi:nqe220106]<std::__1::thread, void (*&)(int, int), int&, int&, 0>(std::__1::allocator<std::__1::thread>&, std::__1::thread*, void (*&)(int, int), int&, int&) allocator_traits.h:296 (occt_1157_stress:arm64+0x10000645c)
    #6 std::__1::thread* std::__1::vector<std::__1::thread, std::__1::allocator<std::__1::thread>>::__emplace_back_slow_path<void (*&)(int, int), int&, int&>(void (*&)(int, int), int&, int&) vector.h:1109 (occt_1157_stress:arm64+0x10000645c)
    #7 std::__1::thread& std::__1::vector<std::__1::thread, std::__1::allocator<std::__1::thread>>::emplace_back<void (*&)(int, int), int&, int&>(void (*&)(int, int), int&, int&)::'lambda0'()::operator()() const vector.h:1149 (occt_1157_stress:arm64+0x100003918)
    #8 void std::__1::__if_likely_else[abi:nqe220106]<std::__1::thread& std::__1::vector<std::__1::thread, std::__1::allocator<std::__1::thread>>::emplace_back<void (*&)(int, int), int&, int&>(void (*&)(int, int), int&, int&)::'lambda'(), std::__1::thread& std::__1::vector<std::__1::thread, std::__1::allocator<std::__1::thread>>::emplace_back<void (*&)(int, int), int&, int&>(void (*&)(int, int), int&, int&)::'lambda0'()>(bool, std::__1::thread& std::__1::vector<std::__1::thread, std::__1::allocator<std::__1::thread>>::emplace_back<void (*&)(int, int), int&, int&>(void (*&)(int, int), int&, int&)::'lambda'(), std::__1::thread& std::__1::vector<std::__1::thread, std::__1::allocator<std::__1::thread>>::emplace_back<void (*&)(int, int), int&, int&>(void (*&)(int, int), int&, int&)::'lambda0'()) vector.h:1129 (occt_1157_stress:arm64+0x100003918)
    #9 std::__1::thread& std::__1::vector<std::__1::thread, std::__1::allocator<std::__1::thread>>::emplace_back<void (*&)(int, int), int&, int&>(void (*&)(int, int), int&, int&) vector.h:1143 (occt_1157_stress:arm64+0x100003918)
    #10 runOne(char const*, int, int) occt_1157_stress.cpp:359 (occt_1157_stress:arm64+0x100003918)
    #11 main occt_1157_stress.cpp:396 (occt_1157_stress:arm64+0x100002de4)

  Thread T2 (tid=14910632, running) created by main thread at:
    #0 pthread_create <null> (libclang_rt.tsan_osx_dynamic.dylib:arm64e+0x33bac)
    #1 std::__1::__libcpp_thread_create[abi:nqe220106](_opaque_pthread_t**, void* (*)(void*), void*) pthread.h:182 (occt_1157_stress:arm64+0x1000060dc)
    #2 std::__1::thread::thread[abi:nqe220106]<void (*&)(int, int), int&, int&, 0>(void (*&)(int, int), int&, int&) thread.h:221 (occt_1157_stress:arm64+0x1000060dc)
    #3 std::__1::thread::thread[abi:nqe220106]<void (*&)(int, int), int&, int&, 0>(void (*&)(int, int), int&, int&) thread.h:212 (occt_1157_stress:arm64+0x10000645c)
    #4 void std::__1::allocator<std::__1::thread>::construct[abi:nqe220106]<std::__1::thread, void (*&)(int, int), int&, int&>(std::__1::thread*, void (*&)(int, int), int&, int&) allocator.h:141 (occt_1157_stress:arm64+0x10000645c)
    #5 void std::__1::allocator_traits<std::__1::allocator<std::__1::thread>>::construct[abi:nqe220106]<std::__1::thread, void (*&)(int, int), int&, int&, 0>(std::__1::allocator<std::__1::thread>&, std::__1::thread*, void (*&)(int, int), int&, int&) allocator_traits.h:296 (occt_1157_stress:arm64+0x10000645c)
    #6 std::__1::thread* std::__1::vector<std::__1::thread, std::__1::allocator<std::__1::thread>>::__emplace_back_slow_path<void (*&)(int, int), int&, int&>(void (*&)(int, int), int&, int&) vector.h:1109 (occt_1157_stress:arm64+0x10000645c)
    #7 std::__1::thread& std::__1::vector<std::__1::thread, std::__1::allocator<std::__1::thread>>::emplace_back<void (*&)(int, int), int&, int&>(void (*&)(int, int), int&, int&)::'lambda0'()::operator()() const vector.h:1149 (occt_1157_stress:arm64+0x100003918)
    #8 void std::__1::__if_likely_else[abi:nqe220106]<std::__1::thread& std::__1::vector<std::__1::thread, std::__1::allocator<std::__1::thread>>::emplace_back<void (*&)(int, int), int&, int&>(void (*&)(int, int), int&, int&)::'lambda'(), std::__1::thread& std::__1::vector<std::__1::thread, std::__1::allocator<std::__1::thread>>::emplace_back<void (*&)(int, int), int&, int&>(void (*&)(int, int), int&, int&)::'lambda0'()>(bool, std::__1::thread& std::__1::vector<std::__1::thread, std::__1::allocator<std::__1::thread>>::emplace_back<void (*&)(int, int), int&, int&>(void (*&)(int, int), int&, int&)::'lambda'(), std::__1::thread& std::__1::vector<std::__1::thread, std::__1::allocator<std::__1::thread>>::emplace_back<void (*&)(int, int), int&, int&>(void (*&)(int, int), int&, int&)::'lambda0'()) vector.h:1129 (occt_1157_stress:arm64+0x100003918)
    #9 std::__1::thread& std::__1::vector<std::__1::thread, std::__1::allocator<std::__1::thread>>::emplace_back<void (*&)(int, int), int&, int&>(void (*&)(int, int), int&, int&) vector.h:1143 (occt_1157_stress:arm64+0x100003918)
    #10 runOne(char const*, int, int) occt_1157_stress.cpp:359 (occt_1157_stress:arm64+0x100003918)
    #11 main occt_1157_stress.cpp:396 (occt_1157_stress:arm64+0x100002de4)

  Thread T1 (tid=14910628, running) created by main thread at:
    #0 pthread_create <null> (libclang_rt.tsan_osx_dynamic.dylib:arm64e+0x33bac)
    #1 std::__1::__libcpp_thread_create[abi:nqe220106](_opaque_pthread_t**, void* (*)(void*), void*) pthread.h:182 (occt_1157_stress:arm64+0x1000060dc)
    #2 std::__1::thread::thread[abi:nqe220106]<void (*&)(int, int), int&, int&, 0>(void (*&)(int, int), int&, int&) thread.h:221 (occt_1157_stress:arm64+0x1000060dc)
    #3 std::__1::thread::thread[abi:nqe220106]<void (*&)(int, int), int&, int&, 0>(void (*&)(int, int), int&, int&) thread.h:212 (occt_1157_stress:arm64+0x10000645c)
    #4 void std::__1::allocator<std::__1::thread>::construct[abi:nqe220106]<std::__1::thread, void (*&)(int, int), int&, int&>(std::__1::thread*, void (*&)(int, int), int&, int&) allocator.h:141 (occt_1157_stress:arm64+0x10000645c)
    #5 void std::__1::allocator_traits<std::__1::allocator<std::__1::thread>>::construct[abi:nqe220106]<std::__1::thread, void (*&)(int, int), int&, int&, 0>(std::__1::allocator<std::__1::thread>&, std::__1::thread*, void (*&)(int, int), int&, int&) allocator_traits.h:296 (occt_1157_stress:arm64+0x10000645c)
    #6 std::__1::thread* std::__1::vector<std::__1::thread, std::__1::allocator<std::__1::thread>>::__emplace_back_slow_path<void (*&)(int, int), int&, int&>(void (*&)(int, int), int&, int&) vector.h:1109 (occt_1157_stress:arm64+0x10000645c)
    #7 std::__1::thread& std::__1::vector<std::__1::thread, std::__1::allocator<std::__1::thread>>::emplace_back<void (*&)(int, int), int&, int&>(void (*&)(int, int), int&, int&)::'lambda0'()::operator()() const vector.h:1149 (occt_1157_stress:arm64+0x100003918)
    #8 void std::__1::__if_likely_else[abi:nqe220106]<std::__1::thread& std::__1::vector<std::__1::thread, std::__1::allocator<std::__1::thread>>::emplace_back<void (*&)(int, int), int&, int&>(void (*&)(int, int), int&, int&)::'lambda'(), std::__1::thread& std::__1::vector<std::__1::thread, std::__1::allocator<std::__1::thread>>::emplace_back<void (*&)(int, int), int&, int&>(void (*&)(int, int), int&, int&)::'lambda0'()>(bool, std::__1::thread& std::__1::vector<std::__1::thread, std::__1::allocator<std::__1::thread>>::emplace_back<void (*&)(int, int), int&, int&>(void (*&)(int, int), int&, int&)::'lambda'(), std::__1::thread& std::__1::vector<std::__1::thread, std::__1::allocator<std::__1::thread>>::emplace_back<void (*&)(int, int), int&, int&>(void (*&)(int, int), int&, int&)::'lambda0'()) vector.h:1129 (occt_1157_stress:arm64+0x100003918)
    #9 std::__1::thread& std::__1::vector<std::__1::thread, std::__1::allocator<std::__1::thread>>::emplace_back<void (*&)(int, int), int&, int&>(void (*&)(int, int), int&, int&) vector.h:1143 (occt_1157_stress:arm64+0x100003918)
    #10 runOne(char const*, int, int) occt_1157_stress.cpp:359 (occt_1157_stress:arm64+0x100003918)
    #11 main occt_1157_stress.cpp:396 (occt_1157_stress:arm64+0x100002de4)

SUMMARY: ThreadSanitizer: data race Standard_Handle.hxx:94 in opencascade::handle<NCollection_HSequence<opencascade::handle<TCollection_HAsciiString>>>::IsNull() const
==================
==================
WARNING: ThreadSanitizer: data race (pid=70769)
  Read of size 8 at 0x00010e702ae8 by thread T4:
    #0 opencascade::handle<Interface_InterfaceModel>::Assign(Standard_Transient*) Standard_Handle.hxx:374 (occt_1157_stress:arm64+0x1002f0cd4)
    #1 opencascade::handle<Interface_InterfaceModel>::operator=(opencascade::handle<Interface_InterfaceModel> const&) Standard_Handle.hxx:102 (occt_1157_stress:arm64+0x1002f0cd4)
    #2 IGESToBRep_Actor::SetModel(opencascade::handle<Interface_InterfaceModel> const&) IGESToBRep_Actor.cxx:96 (occt_1157_stress:arm64+0x1002f0cd4)
    #3 IGESControl_Controller::ActorRead(opencascade::handle<Interface_InterfaceModel> const&) const IGESControl_Controller.cxx:336 (occt_1157_stress:arm64+0x100380610)
    #4 XSControl_TransferReader::Actor() XSControl_TransferReader.cxx:71 (occt_1157_stress:arm64+0x1013e41f8)
    #5 XSControl_TransferReader::BeginTransfer() XSControl_TransferReader.cxx:937 (occt_1157_stress:arm64+0x1013e41f8)
    #6 XSControl_WorkSession::InitTransferReader(int) XSControl_WorkSession.cxx:376 (occt_1157_stress:arm64+0x1013f46b8)
    #7 XSControl_Reader::ReadFile(char const*) XSControl_Reader.cxx:109 (occt_1157_stress:arm64+0x1013d9dac)
    #8 runIgesReadIndependent(int, int) occt_1157_stress.cpp:192 (occt_1157_stress:arm64+0x1000025b0)
    #9 std::__1::__invoke_result_impl<void, void (*)(int, int), int, int>::type std::__1::__invoke[abi:nqe220106]<void (*)(int, int), int, int>(void (*&&)(int, int), int&&, int&&) invoke.h:90 (occt_1157_stress:arm64+0x100006214)
    #10 void std::__1::__thread_execute[abi:nqe220106]<std::__1::unique_ptr<std::__1::__thread_struct, std::__1::default_delete<std::__1::__thread_struct>>, void (*)(int, int), int, int, 0ul, 1ul, 2ul>(std::__1::tuple<std::__1::unique_ptr<std::__1::__thread_struct, std::__1::default_delete<std::__1::__thread_struct>>, void (*)(int, int), int, int>&, std::__1::__integer_sequence<unsigned long, 0ul, 1ul, 2ul>) thread.h:161 (occt_1157_stress:arm64+0x100006214)
    #11 void* std::__1::__thread_proxy[abi:nqe220106]<std::__1::tuple<std::__1::unique_ptr<std::__1::__thread_struct, std::__1::default_delete<std::__1::__thread_struct>>, void (*)(int, int), int, int>>(void*) thread.h:169 (occt_1157_stress:arm64+0x100006214)

  Previous write of size 8 at 0x00010e702ae8 by thread T2:
    #0 opencascade::handle<Interface_InterfaceModel>::Assign(Standard_Transient*) Standard_Handle.hxx:377 (occt_1157_stress:arm64+0x1002f0d30)
    #1 opencascade::handle<Interface_InterfaceModel>::operator=(opencascade::handle<Interface_InterfaceModel> const&) Standard_Handle.hxx:102 (occt_1157_stress:arm64+0x1002f0d30)
    #2 IGESToBRep_Actor::SetModel(opencascade::handle<Interface_InterfaceModel> const&) IGESToBRep_Actor.cxx:96 (occt_1157_stress:arm64+0x1002f0d30)
    #3 IGESControl_Controller::ActorRead(opencascade::handle<Interface_InterfaceModel> const&) const IGESControl_Controller.cxx:336 (occt_1157_stress:arm64+0x100380610)
    #4 XSControl_TransferReader::Actor() XSControl_TransferReader.cxx:71 (occt_1157_stress:arm64+0x1013e41f8)
    #5 XSControl_TransferReader::BeginTransfer() XSControl_TransferReader.cxx:937 (occt_1157_stress:arm64+0x1013e41f8)
    #6 XSControl_WorkSession::InitTransferReader(int) XSControl_WorkSession.cxx:376 (occt_1157_stress:arm64+0x1013f46b8)
    #7 XSControl_Reader::ReadFile(char const*) XSControl_Reader.cxx:109 (occt_1157_stress:arm64+0x1013d9dac)
    #8 runIgesReadIndependent(int, int) occt_1157_stress.cpp:192 (occt_1157_stress:arm64+0x1000025b0)
    #9 std::__1::__invoke_result_impl<void, void (*)(int, int), int, int>::type std::__1::__invoke[abi:nqe220106]<void (*)(int, int), int, int>(void (*&&)(int, int), int&&, int&&) invoke.h:90 (occt_1157_stress:arm64+0x100006214)
    #10 void std::__1::__thread_execute[abi:nqe220106]<std::__1::unique_ptr<std::__1::__thread_struct, std::__1::default_delete<std::__1::__thread_struct>>, void (*)(int, int), int, int, 0ul, 1ul, 2ul>(std::__1::tuple<std::__1::unique_ptr<std::__1::__thread_struct, std::__1::default_delete<std::__1::__thread_struct>>, void (*)(int, int), int, int>&, std::__1::__integer_sequence<unsigned long, 0ul, 1ul, 2ul>) thread.h:161 (occt_1157_stress:arm64+0x100006214)
    #11 void* std::__1::__thread_proxy[abi:nqe220106]<std::__1::tuple<std::__1::unique_ptr<std::__1::__thread_struct, std::__1::default_delete<std::__1::__thread_struct>>, void (*)(int, int), int, int>>(void*) thread.h:169 (occt_1157_stress:arm64+0x100006214)

  Location is heap block of size 128 at 0x00010e702a80 allocated by main thread:
    #0 calloc <null> (libclang_rt.tsan_osx_dynamic.dylib:arm64e+0x67ff4)
    #1 Standard::Allocate(unsigned long) Standard.cxx:386 (occt_1157_stress:arm64+0x1008bee84)
    #2 Standard_Transient::operator new(unsigned long) Standard_Transient.hxx:47 (occt_1157_stress:arm64+0x10037bdc8)
    #3 IGESControl_Controller::IGESControl_Controller(bool) IGESControl_Controller.cxx:143 (occt_1157_stress:arm64+0x10037bdc8)
    #4 IGESControl_Controller::IGESControl_Controller(bool) IGESControl_Controller.cxx:75 (occt_1157_stress:arm64+0x100380880)
    #5 IGESControl_Controller::Init() IGESControl_Controller.cxx:364 (occt_1157_stress:arm64+0x100380880)
    #6 IGESControl_Writer::IGESControl_Writer(char const*, int) IGESControl_Writer.cxx:73 (occt_1157_stress:arm64+0x10038b868)
    #7 IGESControl_Writer::IGESControl_Writer(char const*, int) IGESControl_Writer.cxx:72 (occt_1157_stress:arm64+0x10038ba30)
    #8 writeFixtures() occt_1157_stress.cpp:323 (occt_1157_stress:arm64+0x100003520)
    #9 runOne(char const*, int, int) occt_1157_stress.cpp:334 (occt_1157_stress:arm64+0x100003520)
    #10 main occt_1157_stress.cpp:396 (occt_1157_stress:arm64+0x100002de4)

  Thread T4 (tid=14910641, running) created by main thread at:
    #0 pthread_create <null> (libclang_rt.tsan_osx_dynamic.dylib:arm64e+0x33bac)
    #1 std::__1::__libcpp_thread_create[abi:nqe220106](_opaque_pthread_t**, void* (*)(void*), void*) pthread.h:182 (occt_1157_stress:arm64+0x1000060dc)
    #2 std::__1::thread::thread[abi:nqe220106]<void (*&)(int, int), int&, int&, 0>(void (*&)(int, int), int&, int&) thread.h:221 (occt_1157_stress:arm64+0x1000060dc)
    #3 std::__1::thread::thread[abi:nqe220106]<void (*&)(int, int), int&, int&, 0>(void (*&)(int, int), int&, int&) thread.h:212 (occt_1157_stress:arm64+0x1000038c8)
    #4 void std::__1::allocator<std::__1::thread>::construct[abi:nqe220106]<std::__1::thread, void (*&)(int, int), int&, int&>(std::__1::thread*, void (*&)(int, int), int&, int&) allocator.h:141 (occt_1157_stress:arm64+0x1000038c8)
    #5 void std::__1::allocator_traits<std::__1::allocator<std::__1::thread>>::construct[abi:nqe220106]<std::__1::thread, void (*&)(int, int), int&, int&, 0>(std::__1::allocator<std::__1::thread>&, std::__1::thread*, void (*&)(int, int), int&, int&) allocator_traits.h:296 (occt_1157_stress:arm64+0x1000038c8)
    #6 void std::__1::vector<std::__1::thread, std::__1::allocator<std::__1::thread>>::__emplace_back_assume_capacity[abi:nqe220106]<void (*&)(int, int), int&, int&>(void (*&)(int, int), int&, int&) vector.h:483 (occt_1157_stress:arm64+0x1000038c8)
    #7 std::__1::thread& std::__1::vector<std::__1::thread, std::__1::allocator<std::__1::thread>>::emplace_back<void (*&)(int, int), int&, int&>(void (*&)(int, int), int&, int&)::'lambda'()::operator()() const vector.h:1146 (occt_1157_stress:arm64+0x1000038c8)
    #8 void std::__1::__if_likely_else[abi:nqe220106]<std::__1::thread& std::__1::vector<std::__1::thread, std::__1::allocator<std::__1::thread>>::emplace_back<void (*&)(int, int), int&, int&>(void (*&)(int, int), int&, int&)::'lambda'(), std::__1::thread& std::__1::vector<std::__1::thread, std::__1::allocator<std::__1::thread>>::emplace_back<void (*&)(int, int), int&, int&>(void (*&)(int, int), int&, int&)::'lambda0'()>(bool, std::__1::thread& std::__1::vector<std::__1::thread, std::__1::allocator<std::__1::thread>>::emplace_back<void (*&)(int, int), int&, int&>(void (*&)(int, int), int&, int&)::'lambda'(), std::__1::thread& std::__1::vector<std::__1::thread, std::__1::allocator<std::__1::thread>>::emplace_back<void (*&)(int, int), int&, int&>(void (*&)(int, int), int&, int&)::'lambda0'()) vector.h:1127 (occt_1157_stress:arm64+0x1000038c8)
    #9 std::__1::thread& std::__1::vector<std::__1::thread, std::__1::allocator<std::__1::thread>>::emplace_back<void (*&)(int, int), int&, int&>(void (*&)(int, int), int&, int&) vector.h:1143 (occt_1157_stress:arm64+0x1000038c8)
    #10 runOne(char const*, int, int) occt_1157_stress.cpp:359 (occt_1157_stress:arm64+0x1000038c8)
    #11 main occt_1157_stress.cpp:396 (occt_1157_stress:arm64+0x100002de4)

  Thread T2 (tid=14910632, running) created by main thread at:
    #0 pthread_create <null> (libclang_rt.tsan_osx_dynamic.dylib:arm64e+0x33bac)
    #1 std::__1::__libcpp_thread_create[abi:nqe220106](_opaque_pthread_t**, void* (*)(void*), void*) pthread.h:182 (occt_1157_stress:arm64+0x1000060dc)
    #2 std::__1::thread::thread[abi:nqe220106]<void (*&)(int, int), int&, int&, 0>(void (*&)(int, int), int&, int&) thread.h:221 (occt_1157_stress:arm64+0x1000060dc)
    #3 std::__1::thread::thread[abi:nqe220106]<void (*&)(int, int), int&, int&, 0>(void (*&)(int, int), int&, int&) thread.h:212 (occt_1157_stress:arm64+0x10000645c)
    #4 void std::__1::allocator<std::__1::thread>::construct[abi:nqe220106]<std::__1::thread, void (*&)(int, int), int&, int&>(std::__1::thread*, void (*&)(int, int), int&, int&) allocator.h:141 (occt_1157_stress:arm64+0x10000645c)
    #5 void std::__1::allocator_traits<std::__1::allocator<std::__1::thread>>::construct[abi:nqe220106]<std::__1::thread, void (*&)(int, int), int&, int&, 0>(std::__1::allocator<std::__1::thread>&, std::__1::thread*, void (*&)(int, int), int&, int&) allocator_traits.h:296 (occt_1157_stress:arm64+0x10000645c)
    #6 std::__1::thread* std::__1::vector<std::__1::thread, std::__1::allocator<std::__1::thread>>::__emplace_back_slow_path<void (*&)(int, int), int&, int&>(void (*&)(int, int), int&, int&) vector.h:1109 (occt_1157_stress:arm64+0x10000645c)
    #7 std::__1::thread& std::__1::vector<std::__1::thread, std::__1::allocator<std::__1::thread>>::emplace_back<void (*&)(int, int), int&, int&>(void (*&)(int, int), int&, int&)::'lambda0'()::operator()() const vector.h:1149 (occt_1157_stress:arm64+0x100003918)
    #8 void std::__1::__if_likely_else[abi:nqe220106]<std::__1::thread& std::__1::vector<std::__1::thread, std::__1::allocator<std::__1::thread>>::emplace_back<void (*&)(int, int), int&, int&>(void (*&)(int, int), int&, int&)::'lambda'(), std::__1::thread& std::__1::vector<std::__1::thread, std::__1::allocator<std::__1::thread>>::emplace_back<void (*&)(int, int), int&, int&>(void (*&)(int, int), int&, int&)::'lambda0'()>(bool, std::__1::thread& std::__1::vector<std::__1::thread, std::__1::allocator<std::__1::thread>>::emplace_back<void (*&)(int, int), int&, int&>(void (*&)(int, int), int&, int&)::'lambda'(), std::__1::thread& std::__1::vector<std::__1::thread, std::__1::allocator<std::__1::thread>>::emplace_back<void (*&)(int, int), int&, int&>(void (*&)(int, int), int&, int&)::'lambda0'()) vector.h:1129 (occt_1157_stress:arm64+0x100003918)
    #9 std::__1::thread& std::__1::vector<std::__1::thread, std::__1::allocator<std::__1::thread>>::emplace_back<void (*&)(int, int), int&, int&>(void (*&)(int, int), int&, int&) vector.h:1143 (occt_1157_stress:arm64+0x100003918)
    #10 runOne(char const*, int, int) occt_1157_stress.cpp:359 (occt_1157_stress:arm64+0x100003918)
    #11 main occt_1157_stress.cpp:396 (occt_1157_stress:arm64+0x100002de4)

SUMMARY: ThreadSanitizer: data race Standard_Handle.hxx:374 in opencascade::handle<Interface_InterfaceModel>::Assign(Standard_Transient*)
==================
==================
WARNING: ThreadSanitizer: data race (pid=70769)
  Write of size 8 at 0x00010f0014c0 by thread T3:
    #0 opencascade::handle<NCollection_HSequence<opencascade::handle<TCollection_HAsciiString>>>::EndScope() Standard_Handle.hxx:393 (occt_1157_stress:arm64+0x1013022f4)
    #1 opencascade::handle<NCollection_HSequence<opencascade::handle<TCollection_HAsciiString>>>::Nullify() Standard_Handle.hxx:91 (occt_1157_stress:arm64+0x1013022f4)
    #2 Interface_Check::Clear() Interface_Check.cxx:476 (occt_1157_stress:arm64+0x1013022f4)
    #3 IGESFile_Read(char*, opencascade::handle<IGESData_IGESModel> const&, opencascade::handle<IGESData_Protocol> const&, opencascade::handle<IGESData_FileRecognizer> const&, bool) IGESFile_Read.cxx:93 (occt_1157_stress:arm64+0x1001010d8)
    #4 IGESFile_Read(char*, opencascade::handle<IGESData_IGESModel> const&, opencascade::handle<IGESData_Protocol> const&) IGESFile_Read.cxx:63 (occt_1157_stress:arm64+0x100100fa8)
    #5 IGESSelect_WorkLibrary::ReadFile(char const*, opencascade::handle<Interface_InterfaceModel>&, opencascade::handle<Interface_Protocol> const&) const IGESSelect_WorkLibrary.cxx:82 (occt_1157_stress:arm64+0x1002ec258)
    #6 IFSelect_WorkSession::ReadFile(char const*) IFSelect_WorkSession.cxx:187 (occt_1157_stress:arm64+0x1013b0a20)
    #7 XSControl_Reader::ReadFile(char const*) XSControl_Reader.cxx:108 (occt_1157_stress:arm64+0x1013d9d94)
    #8 runIgesReadIndependent(int, int) occt_1157_stress.cpp:192 (occt_1157_stress:arm64+0x1000025b0)
    #9 std::__1::__invoke_result_impl<void, void (*)(int, int), int, int>::type std::__1::__invoke[abi:nqe220106]<void (*)(int, int), int, int>(void (*&&)(int, int), int&&, int&&) invoke.h:90 (occt_1157_stress:arm64+0x100006214)
    #10 void std::__1::__thread_execute[abi:nqe220106]<std::__1::unique_ptr<std::__1::__thread_struct, std::__1::default_delete<std::__1::__thread_struct>>, void (*)(int, int), int, int, 0ul, 1ul, 2ul>(std::__1::tuple<std::__1::unique_ptr<std::__1::__thread_struct, std::__1::default_delete<std::__1::__thread_struct>>, void (*)(int, int), int, int>&, std::__1::__integer_sequence<unsigned long, 0ul, 1ul, 2ul>) thread.h:161 (occt_1157_stress:arm64+0x100006214)
    #11 void* std::__1::__thread_proxy[abi:nqe220106]<std::__1::tuple<std::__1::unique_ptr<std::__1::__thread_struct, std::__1::default_delete<std::__1::__thread_struct>>, void (*)(int, int), int, int>>(void*) thread.h:169 (occt_1157_stress:arm64+0x100006214)

  Previous read of size 8 at 0x00010f0014c0 by thread T4:
    #0 opencascade::handle<NCollection_HSequence<opencascade::handle<TCollection_HAsciiString>>>::IsNull() const Standard_Handle.hxx:94 (occt_1157_stress:arm64+0x101300ff4)
    #1 Interface_Check::NbWarnings() const Interface_Check.cxx:244 (occt_1157_stress:arm64+0x101300ff4)
    #2 IGESFile_Read(char*, opencascade::handle<IGESData_IGESModel> const&, opencascade::handle<IGESData_Protocol> const&, opencascade::handle<IGESData_FileRecognizer> const&, bool) IGESFile_Read.cxx:183 (occt_1157_stress:arm64+0x100101844)
    #3 IGESFile_Read(char*, opencascade::handle<IGESData_IGESModel> const&, opencascade::handle<IGESData_Protocol> const&) IGESFile_Read.cxx:63 (occt_1157_stress:arm64+0x100100fa8)
    #4 IGESSelect_WorkLibrary::ReadFile(char const*, opencascade::handle<Interface_InterfaceModel>&, opencascade::handle<Interface_Protocol> const&) const IGESSelect_WorkLibrary.cxx:82 (occt_1157_stress:arm64+0x1002ec258)
    #5 IFSelect_WorkSession::ReadFile(char const*) IFSelect_WorkSession.cxx:187 (occt_1157_stress:arm64+0x1013b0a20)
    #6 XSControl_Reader::ReadFile(char const*) XSControl_Reader.cxx:108 (occt_1157_stress:arm64+0x1013d9d94)
    #7 runIgesReadIndependent(int, int) occt_1157_stress.cpp:192 (occt_1157_stress:arm64+0x1000025b0)
    #8 std::__1::__invoke_result_impl<void, void (*)(int, int), int, int>::type std::__1::__invoke[abi:nqe220106]<void (*)(int, int), int, int>(void (*&&)(int, int), int&&, int&&) invoke.h:90 (occt_1157_stress:arm64+0x100006214)
    #9 void std::__1::__thread_execute[abi:nqe220106]<std::__1::unique_ptr<std::__1::__thread_struct, std::__1::default_delete<std::__1::__thread_struct>>, void (*)(int, int), int, int, 0ul, 1ul, 2ul>(std::__1::tuple<std::__1::unique_ptr<std::__1::__thread_struct, std::__1::default_delete<std::__1::__thread_struct>>, void (*)(int, int), int, int>&, std::__1::__integer_sequence<unsigned long, 0ul, 1ul, 2ul>) thread.h:161 (occt_1157_stress:arm64+0x100006214)
    #10 void* std::__1::__thread_proxy[abi:nqe220106]<std::__1::tuple<std::__1::unique_ptr<std::__1::__thread_struct, std::__1::default_delete<std::__1::__thread_struct>>, void (*)(int, int), int, int>>(void*) thread.h:169 (occt_1157_stress:arm64+0x100006214)

  Location is heap block of size 72 at 0x00010f0014a0 allocated by thread T1:
    #0 calloc <null> (libclang_rt.tsan_osx_dynamic.dylib:arm64e+0x67ff4)
    #1 Standard::Allocate(unsigned long) Standard.cxx:386 (occt_1157_stress:arm64+0x1008bee84)
    #2 Standard_Transient::operator new(unsigned long) Standard_Transient.hxx:47 (occt_1157_stress:arm64+0x100101f80)
    #3 checkread() IGESFile_Read.cxx:43 (occt_1157_stress:arm64+0x100101f80)
    #4 IGESFile_Check(int, Message_Msg&) IGESFile_Read.cxx (occt_1157_stress:arm64+0x1001010a8)
    #5 IGESFile_Read(char*, opencascade::handle<IGESData_IGESModel> const&, opencascade::handle<IGESData_Protocol> const&, opencascade::handle<IGESData_FileRecognizer> const&, bool) IGESFile_Read.cxx:91 (occt_1157_stress:arm64+0x1001010a8)
    #6 IGESFile_Read(char*, opencascade::handle<IGESData_IGESModel> const&, opencascade::handle<IGESData_Protocol> const&) IGESFile_Read.cxx:63 (occt_1157_stress:arm64+0x100100fa8)
    #7 IGESSelect_WorkLibrary::ReadFile(char const*, opencascade::handle<Interface_InterfaceModel>&, opencascade::handle<Interface_Protocol> const&) const IGESSelect_WorkLibrary.cxx:82 (occt_1157_stress:arm64+0x1002ec258)
    #8 IFSelect_WorkSession::ReadFile(char const*) IFSelect_WorkSession.cxx:187 (occt_1157_stress:arm64+0x1013b0a20)
    #9 XSControl_Reader::ReadFile(char const*) XSControl_Reader.cxx:108 (occt_1157_stress:arm64+0x1013d9d94)
    #10 runIgesReadIndependent(int, int) occt_1157_stress.cpp:192 (occt_1157_stress:arm64+0x1000025b0)
    #11 std::__1::__invoke_result_impl<void, void (*)(int, int), int, int>::type std::__1::__invoke[abi:nqe220106]<void (*)(int, int), int, int>(void (*&&)(int, int), int&&, int&&) invoke.h:90 (occt_1157_stress:arm64+0x100006214)
    #12 void std::__1::__thread_execute[abi:nqe220106]<std::__1::unique_ptr<std::__1::__thread_struct, std::__1::default_delete<std::__1::__thread_struct>>, void (*)(int, int), int, int, 0ul, 1ul, 2ul>(std::__1::tuple<std::__1::unique_ptr<std::__1::__thread_struct, std::__1::default_delete<std::__1::__thread_struct>>, void (*)(int, int), int, int>&, std::__1::__integer_sequence<unsigned long, 0ul, 1ul, 2ul>) thread.h:161 (occt_1157_stress:arm64+0x100006214)
    #13 void* std::__1::__thread_proxy[abi:nqe220106]<std::__1::tuple<std::__1::unique_ptr<std::__1::__thread_struct, std::__1::default_delete<std::__1::__thread_struct>>, void (*)(int, int), int, int>>(void*) thread.h:169 (occt_1157_stress:arm64+0x100006214)

  Thread T3 (tid=14910635, running) created by main thread at:
    #0 pthread_create <null> (libclang_rt.tsan_osx_dynamic.dylib:arm64e+0x33bac)
    #1 std::__1::__libcpp_thread_create[abi:nqe220106](_opaque_pthread_t**, void* (*)(void*), void*) pthread.h:182 (occt_1157_stress:arm64+0x1000060dc)
    #2 std::__1::thread::thread[abi:nqe220106]<void (*&)(int, int), int&, int&, 0>(void (*&)(int, int), int&, int&) thread.h:221 (occt_1157_stress:arm64+0x1000060dc)
    #3 std::__1::thread::thread[abi:nqe220106]<void (*&)(int, int), int&, int&, 0>(void (*&)(int, int), int&, int&) thread.h:212 (occt_1157_stress:arm64+0x10000645c)
    #4 void std::__1::allocator<std::__1::thread>::construct[abi:nqe220106]<std::__1::thread, void (*&)(int, int), int&, int&>(std::__1::thread*, void (*&)(int, int), int&, int&) allocator.h:141 (occt_1157_stress:arm64+0x10000645c)
    #5 void std::__1::allocator_traits<std::__1::allocator<std::__1::thread>>::construct[abi:nqe220106]<std::__1::thread, void (*&)(int, int), int&, int&, 0>(std::__1::allocator<std::__1::thread>&, std::__1::thread*, void (*&)(int, int), int&, int&) allocator_traits.h:296 (occt_1157_stress:arm64+0x10000645c)
    #6 std::__1::thread* std::__1::vector<std::__1::thread, std::__1::allocator<std::__1::thread>>::__emplace_back_slow_path<void (*&)(int, int), int&, int&>(void (*&)(int, int), int&, int&) vector.h:1109 (occt_1157_stress:arm64+0x10000645c)
    #7 std::__1::thread& std::__1::vector<std::__1::thread, std::__1::allocator<std::__1::thread>>::emplace_back<void (*&)(int, int), int&, int&>(void (*&)(int, int), int&, int&)::'lambda0'()::operator()() const vector.h:1149 (occt_1157_stress:arm64+0x100003918)
    #8 void std::__1::__if_likely_else[abi:nqe220106]<std::__1::thread& std::__1::vector<std::__1::thread, std::__1::allocator<std::__1::thread>>::emplace_back<void (*&)(int, int), int&, int&>(void (*&)(int, int), int&, int&)::'lambda'(), std::__1::thread& std::__1::vector<std::__1::thread, std::__1::allocator<std::__1::thread>>::emplace_back<void (*&)(int, int), int&, int&>(void (*&)(int, int), int&, int&)::'lambda0'()>(bool, std::__1::thread& std::__1::vector<std::__1::thread, std::__1::allocator<std::__1::thread>>::emplace_back<void (*&)(int, int), int&, int&>(void (*&)(int, int), int&, int&)::'lambda'(), std::__1::thread& std::__1::vector<std::__1::thread, std::__1::allocator<std::__1::thread>>::emplace_back<void (*&)(int, int), int&, int&>(void (*&)(int, int), int&, int&)::'lambda0'()) vector.h:1129 (occt_1157_stress:arm64+0x100003918)
    #9 std::__1::thread& std::__1::vector<std::__1::thread, std::__1::allocator<std::__1::thread>>::emplace_back<void (*&)(int, int), int&, int&>(void (*&)(int, int), int&, int&) vector.h:1143 (occt_1157_stress:arm64+0x100003918)
    #10 runOne(char const*, int, int) occt_1157_stress.cpp:359 (occt_1157_stress:arm64+0x100003918)
    #11 main occt_1157_stress.cpp:396 (occt_1157_stress:arm64+0x100002de4)

  Thread T4 (tid=14910641, running) created by main thread at:
    #0 pthread_create <null> (libclang_rt.tsan_osx_dynamic.dylib:arm64e+0x33bac)
    #1 std::__1::__libcpp_thread_create[abi:nqe220106](_opaque_pthread_t**, void* (*)(void*), void*) pthread.h:182 (occt_1157_stress:arm64+0x1000060dc)
    #2 std::__1::thread::thread[abi:nqe220106]<void (*&)(int, int), int&, int&, 0>(void (*&)(int, int), int&, int&) thread.h:221 (occt_1157_stress:arm64+0x1000060dc)
    #3 std::__1::thread::thread[abi:nqe220106]<void (*&)(int, int), int&, int&, 0>(void (*&)(int, int), int&, int&) thread.h:212 (occt_1157_stress:arm64+0x1000038c8)
    #4 void std::__1::allocator<std::__1::thread>::construct[abi:nqe220106]<std::__1::thread, void (*&)(int, int), int&, int&>(std::__1::thread*, void (*&)(int, int), int&, int&) allocator.h:141 (occt_1157_stress:arm64+0x1000038c8)
    #5 void std::__1::allocator_traits<std::__1::allocator<std::__1::thread>>::construct[abi:nqe220106]<std::__1::thread, void (*&)(int, int), int&, int&, 0>(std::__1::allocator<std::__1::thread>&, std::__1::thread*, void (*&)(int, int), int&, int&) allocator_traits.h:296 (occt_1157_stress:arm64+0x1000038c8)
    #6 void std::__1::vector<std::__1::thread, std::__1::allocator<std::__1::thread>>::__emplace_back_assume_capacity[abi:nqe220106]<void (*&)(int, int), int&, int&>(void (*&)(int, int), int&, int&) vector.h:483 (occt_1157_stress:arm64+0x1000038c8)
    #7 std::__1::thread& std::__1::vector<std::__1::thread, std::__1::allocator<std::__1::thread>>::emplace_back<void (*&)(int, int), int&, int&>(void (*&)(int, int), int&, int&)::'lambda'()::operator()() const vector.h:1146 (occt_1157_stress:arm64+0x1000038c8)
    #8 void std::__1::__if_likely_else[abi:nqe220106]<std::__1::thread& std::__1::vector<std::__1::thread, std::__1::allocator<std::__1::thread>>::emplace_back<void (*&)(int, int), int&, int&>(void (*&)(int, int), int&, int&)::'lambda'(), std::__1::thread& std::__1::vector<std::__1::thread, std::__1::allocator<std::__1::thread>>::emplace_back<void (*&)(int, int), int&, int&>(void (*&)(int, int), int&, int&)::'lambda0'()>(bool, std::__1::thread& std::__1::vector<std::__1::thread, std::__1::allocator<std::__1::thread>>::emplace_back<void (*&)(int, int), int&, int&>(void (*&)(int, int), int&, int&)::'lambda'(), std::__1::thread& std::__1::vector<std::__1::thread, std::__1::allocator<std::__1::thread>>::emplace_back<void (*&)(int, int), int&, int&>(void (*&)(int, int), int&, int&)::'lambda0'()) vector.h:1127 (occt_1157_stress:arm64+0x1000038c8)
    #9 std::__1::thread& std::__1::vector<std::__1::thread, std::__1::allocator<std::__1::thread>>::emplace_back<void (*&)(int, int), int&, int&>(void (*&)(int, int), int&, int&) vector.h:1143 (occt_1157_stress:arm64+0x1000038c8)
    #10 runOne(char const*, int, int) occt_1157_stress.cpp:359 (occt_1157_stress:arm64+0x1000038c8)
    #11 main occt_1157_stress.cpp:396 (occt_1157_stress:arm64+0x100002de4)

  Thread T1 (tid=14910628, running) created by main thread at:
    #0 pthread_create <null> (libclang_rt.tsan_osx_dynamic.dylib:arm64e+0x33bac)
    #1 std::__1::__libcpp_thread_create[abi:nqe220106](_opaque_pthread_t**, void* (*)(void*), void*) pthread.h:182 (occt_1157_stress:arm64+0x1000060dc)
    #2 std::__1::thread::thread[abi:nqe220106]<void (*&)(int, int), int&, int&, 0>(void (*&)(int, int), int&, int&) thread.h:221 (occt_1157_stress:arm64+0x1000060dc)
    #3 std::__1::thread::thread[abi:nqe220106]<void (*&)(int, int), int&, int&, 0>(void (*&)(int, int), int&, int&) thread.h:212 (occt_1157_stress:arm64+0x10000645c)
    #4 void std::__1::allocator<std::__1::thread>::construct[abi:nqe220106]<std::__1::thread, void (*&)(int, int), int&, int&>(std::__1::thread*, void (*&)(int, int), int&, int&) allocator.h:141 (occt_1157_stress:arm64+0x10000645c)
    #5 void std::__1::allocator_traits<std::__1::allocator<std::__1::thread>>::construct[abi:nqe220106]<std::__1::thread, void (*&)(int, int), int&, int&, 0>(std::__1::allocator<std::__1::thread>&, std::__1::thread*, void (*&)(int, int), int&, int&) allocator_traits.h:296 (occt_1157_stress:arm64+0x10000645c)
    #6 std::__1::thread* std::__1::vector<std::__1::thread, std::__1::allocator<std::__1::thread>>::__emplace_back_slow_path<void (*&)(int, int), int&, int&>(void (*&)(int, int), int&, int&) vector.h:1109 (occt_1157_stress:arm64+0x10000645c)
    #7 std::__1::thread& std::__1::vector<std::__1::thread, std::__1::allocator<std::__1::thread>>::emplace_back<void (*&)(int, int), int&, int&>(void (*&)(int, int), int&, int&)::'lambda0'()::operator()() const vector.h:1149 (occt_1157_stress:arm64+0x100003918)
    #8 void std::__1::__if_likely_else[abi:nqe220106]<std::__1::thread& std::__1::vector<std::__1::thread, std::__1::allocator<std::__1::thread>>::emplace_back<void (*&)(int, int), int&, int&>(void (*&)(int, int), int&, int&)::'lambda'(), std::__1::thread& std::__1::vector<std::__1::thread, std::__1::allocator<std::__1::thread>>::emplace_back<void (*&)(int, int), int&, int&>(void (*&)(int, int), int&, int&)::'lambda0'()>(bool, std::__1::thread& std::__1::vector<std::__1::thread, std::__1::allocator<std::__1::thread>>::emplace_back<void (*&)(int, int), int&, int&>(void (*&)(int, int), int&, int&)::'lambda'(), std::__1::thread& std::__1::vector<std::__1::thread, std::__1::allocator<std::__1::thread>>::emplace_back<void (*&)(int, int), int&, int&>(void (*&)(int, int), int&, int&)::'lambda0'()) vector.h:1129 (occt_1157_stress:arm64+0x100003918)
    #9 std::__1::thread& std::__1::vector<std::__1::thread, std::__1::allocator<std::__1::thread>>::emplace_back<void (*&)(int, int), int&, int&>(void (*&)(int, int), int&, int&) vector.h:1143 (occt_1157_stress:arm64+0x100003918)
    #10 runOne(char const*, int, int) occt_1157_stress.cpp:359 (occt_1157_stress:arm64+0x100003918)
    #11 main occt_1157_stress.cpp:396 (occt_1157_stress:arm64+0x100002de4)

SUMMARY: ThreadSanitizer: data race Standard_Handle.hxx:393 in opencascade::handle<NCollection_HSequence<opencascade::handle<TCollection_HAsciiString>>>::EndScope()
==================
==================
WARNING: ThreadSanitizer: data race (pid=70769)
  Write of size 8 at 0x00010df21760 by thread T7:
    #0 NCollection_SeqNode::SetNext(NCollection_SeqNode*) NCollection_BaseSequence.hxx:41 (occt_1157_stress:arm64+0x1008dfdb0)
    #1 NCollection_BaseSequence::PAppend(NCollection_SeqNode*) NCollection_BaseSequence.cxx:51 (occt_1157_stress:arm64+0x1008dfdb0)
    #2 NCollection_Sequence<opencascade::handle<TCollection_HAsciiString>>::Append(opencascade::handle<TCollection_HAsciiString> const&) NCollection_Sequence.hxx:274 (occt_1157_stress:arm64+0x1013016fc)
    #3 NCollection_HSequence<opencascade::handle<TCollection_HAsciiString>>::Append(opencascade::handle<TCollection_HAsciiString> const&) NCollection_HSequence.hxx:53 (occt_1157_stress:arm64+0x1013016fc)
    #4 Interface_Check::SendMsg(Message_Msg const&) Interface_Check.cxx:299 (occt_1157_stress:arm64+0x1013016fc)
    #5 IGESFile_Check(int, Message_Msg&) IGESFile_Read.cxx:328 (occt_1157_stress:arm64+0x1001010c4)
    #6 IGESFile_Read(char*, opencascade::handle<IGESData_IGESModel> const&, opencascade::handle<IGESData_Protocol> const&, opencascade::handle<IGESData_FileRecognizer> const&, bool) IGESFile_Read.cxx:91 (occt_1157_stress:arm64+0x1001010c4)
    #7 IGESFile_Read(char*, opencascade::handle<IGESData_IGESModel> const&, opencascade::handle<IGESData_Protocol> const&) IGESFile_Read.cxx:63 (occt_1157_stress:arm64+0x100100fa8)
    #8 IGESSelect_WorkLibrary::ReadFile(char const*, opencascade::handle<Interface_InterfaceModel>&, opencascade::handle<Interface_Protocol> const&) const IGESSelect_WorkLibrary.cxx:82 (occt_1157_stress:arm64+0x1002ec258)
    #9 IFSelect_WorkSession::ReadFile(char const*) IFSelect_WorkSession.cxx:187 (occt_1157_stress:arm64+0x1013b0a20)
    #10 XSControl_Reader::ReadFile(char const*) XSControl_Reader.cxx:108 (occt_1157_stress:arm64+0x1013d9d94)
    #11 runIgesReadIndependent(int, int) occt_1157_stress.cpp:192 (occt_1157_stress:arm64+0x1000025b0)
    #12 std::__1::__invoke_result_impl<void, void (*)(int, int), int, int>::type std::__1::__invoke[abi:nqe220106]<void (*)(int, int), int, int>(void (*&&)(int, int), int&&, int&&) invoke.h:90 (occt_1157_stress:arm64+0x100006214)
    #13 void std::__1::__thread_execute[abi:nqe220106]<std::__1::unique_ptr<std::__1::__thread_struct, std::__1::default_delete<std::__1::__thread_struct>>, void (*)(int, int), int, int, 0ul, 1ul, 2ul>(std::__1::tuple<std::__1::unique_ptr<std::__1::__thread_struct, std::__1::default_delete<std::__1::__thread_struct>>, void (*)(int, int), int, int>&, std::__1::__integer_sequence<unsigned long, 0ul, 1ul, 2ul>) thread.h:161 (occt_1157_stress:arm64+0x100006214)
    #14 void* std::__1::__thread_proxy[abi:nqe220106]<std::__1::tuple<std::__1::unique_ptr<std::__1::__thread_struct, std::__1::default_delete<std::__1::__thread_struct>>, void (*)(int, int), int, int>>(void*) thread.h:169 (occt_1157_stress:arm64+0x100006214)

  Previous write of size 8 at 0x00010df21760 by thread T3:
    #0 NCollection_SeqNode::SetNext(NCollection_SeqNode*) NCollection_BaseSequence.hxx:41 (occt_1157_stress:arm64+0x1008dfdc8)
    #1 NCollection_BaseSequence::PAppend(NCollection_SeqNode*) NCollection_BaseSequence.cxx:53 (occt_1157_stress:arm64+0x1008dfdc8)
    #2 NCollection_Sequence<opencascade::handle<TCollection_HAsciiString>>::Append(opencascade::handle<TCollection_HAsciiString> const&) NCollection_Sequence.hxx:274 (occt_1157_stress:arm64+0x1013016fc)
    #3 NCollection_HSequence<opencascade::handle<TCollection_HAsciiString>>::Append(opencascade::handle<TCollection_HAsciiString> const&) NCollection_HSequence.hxx:53 (occt_1157_stress:arm64+0x1013016fc)
    #4 Interface_Check::SendMsg(Message_Msg const&) Interface_Check.cxx:299 (occt_1157_stress:arm64+0x1013016fc)
    #5 IGESFile_Check(int, Message_Msg&) IGESFile_Read.cxx:328 (occt_1157_stress:arm64+0x1001010c4)
    #6 IGESFile_Read(char*, opencascade::handle<IGESData_IGESModel> const&, opencascade::handle<IGESData_Protocol> const&, opencascade::handle<IGESData_FileRecognizer> const&, bool) IGESFile_Read.cxx:91 (occt_1157_stress:arm64+0x1001010c4)
    #7 IGESFile_Read(char*, opencascade::handle<IGESData_IGESModel> const&, opencascade::handle<IGESData_Protocol> const&) IGESFile_Read.cxx:63 (occt_1157_stress:arm64+0x100100fa8)
    #8 IGESSelect_WorkLibrary::ReadFile(char const*, opencascade::handle<Interface_InterfaceModel>&, opencascade::handle<Interface_Protocol> const&) const IGESSelect_WorkLibrary.cxx:82 (occt_1157_stress:arm64+0x1002ec258)
    #9 IFSelect_WorkSession::ReadFile(char const*) IFSelect_WorkSession.cxx:187 (occt_1157_stress:arm64+0x1013b0a20)
    #10 XSControl_Reader::ReadFile(char const*) XSControl_Reader.cxx:108 (occt_1157_stress:arm64+0x1013d9d94)
    #11 runIgesReadIndependent(int, int) occt_1157_stress.cpp:192 (occt_1157_stress:arm64+0x1000025b0)
    #12 std::__1::__invoke_result_impl<void, void (*)(int, int), int, int>::type std::__1::__invoke[abi:nqe220106]<void (*)(int, int), int, int>(void (*&&)(int, int), int&&, int&&) invoke.h:90 (occt_1157_stress:arm64+0x100006214)
    #13 void std::__1::__thread_execute[abi:nqe220106]<std::__1::unique_ptr<std::__1::__thread_struct, std::__1::default_delete<std::__1::__thread_struct>>, void (*)(int, int), int, int, 0ul, 1ul, 2ul>(std::__1::tuple<std::__1::unique_ptr<std::__1::__thread_struct, std::__1::default_delete<std::__1::__thread_struct>>, void (*)(int, int), int, int>&, std::__1::__integer_sequence<unsigned long, 0ul, 1ul, 2ul>) thread.h:161 (occt_1157_stress:arm64+0x100006214)
    #14 void* std::__1::__thread_proxy[abi:nqe220106]<std::__1::tuple<std::__1::unique_ptr<std::__1::__thread_struct, std::__1::default_delete<std::__1::__thread_struct>>, void (*)(int, int), int, int>>(void*) thread.h:169 (occt_1157_stress:arm64+0x100006214)

  Location is heap block of size 24 at 0x00010df21760 allocated by thread T3:
    #0 calloc <null> (libclang_rt.tsan_osx_dynamic.dylib:arm64e+0x67ff4)
    #1 Standard::Allocate(unsigned long) Standard.cxx:386 (occt_1157_stress:arm64+0x1008bee84)
    #2 NCollection_BaseAllocator::Allocate(unsigned long) NCollection_BaseAllocator.cxx:22 (occt_1157_stress:arm64+0x1008dea8c)
    #3 NCollection_SeqNode::operator new(unsigned long, opencascade::handle<NCollection_BaseAllocator> const&) NCollection_BaseSequence.hxx:29 (occt_1157_stress:arm64+0x1013016b0)
    #4 NCollection_Sequence<opencascade::handle<TCollection_HAsciiString>>::Append(opencascade::handle<TCollection_HAsciiString> const&) NCollection_Sequence.hxx:274 (occt_1157_stress:arm64+0x1013016b0)
    #5 NCollection_HSequence<opencascade::handle<TCollection_HAsciiString>>::Append(opencascade::handle<TCollection_HAsciiString> const&) NCollection_HSequence.hxx:53 (occt_1157_stress:arm64+0x1013016b0)
    #6 Interface_Check::SendMsg(Message_Msg const&) Interface_Check.cxx:299 (occt_1157_stress:arm64+0x1013016b0)
    #7 IGESFile_Check(int, Message_Msg&) IGESFile_Read.cxx:328 (occt_1157_stress:arm64+0x1001010c4)
    #8 IGESFile_Read(char*, opencascade::handle<IGESData_IGESModel> const&, opencascade::handle<IGESData_Protocol> const&, opencascade::handle<IGESData_FileRecognizer> const&, bool) IGESFile_Read.cxx:91 (occt_1157_stress:arm64+0x1001010c4)
    #9 IGESFile_Read(char*, opencascade::handle<IGESData_IGESModel> const&, opencascade::handle<IGESData_Protocol> const&) IGESFile_Read.cxx:63 (occt_1157_stress:arm64+0x100100fa8)
    #10 IGESSelect_WorkLibrary::ReadFile(char const*, opencascade::handle<Interface_InterfaceModel>&, opencascade::handle<Interface_Protocol> const&) const IGESSelect_WorkLibrary.cxx:82 (occt_1157_stress:arm64+0x1002ec258)
    #11 IFSelect_WorkSession::ReadFile(char const*) IFSelect_WorkSession.cxx:187 (occt_1157_stress:arm64+0x1013b0a20)
    #12 XSControl_Reader::ReadFile(char const*) XSControl_Reader.cxx:108 (occt_1157_stress:arm64+0x1013d9d94)
    #13 runIgesReadIndependent(int, int) occt_1157_stress.cpp:192 (occt_1157_stress:arm64+0x1000025b0)
    #14 std::__1::__invoke_result_impl<void, void (*)(int, int), int, int>::type std::__1::__invoke[abi:nqe220106]<void (*)(int, int), int, int>(void (*&&)(int, int), int&&, int&&) invoke.h:90 (occt_1157_stress:arm64+0x100006214)
    #15 void std::__1::__thread_execute[abi:nqe220106]<std::__1::unique_ptr<std::__1::__thread_struct, std::__1::default_delete<std::__1::__thread_struct>>, void (*)(int, int), int, int, 0ul, 1ul, 2ul>(std::__1::tuple<std::__1::unique_ptr<std::__1::__thread_struct, std::__1::default_delete<std::__1::__thread_struct>>, void (*)(int, int), int, int>&, std::__1::__integer_sequence<unsigned long, 0ul, 1ul, 2ul>) thread.h:161 (occt_1157_stress:arm64+0x100006214)
    #16 void* std::__1::__thread_proxy[abi:nqe220106]<std::__1::tuple<std::__1::unique_ptr<std::__1::__thread_struct, std::__1::default_delete<std::__1::__thread_struct>>, void (*)(int, int), int, int>>(void*) thread.h:169 (occt_1157_stress:arm64+0x100006214)

  Thread T7 (tid=14910669, running) created by main thread at:
    #0 pthread_create <null> (libclang_rt.tsan_osx_dynamic.dylib:arm64e+0x33bac)
    #1 std::__1::__libcpp_thread_create[abi:nqe220106](_opaque_pthread_t**, void* (*)(void*), void*) pthread.h:182 (occt_1157_stress:arm64+0x1000060dc)
    #2 std::__1::thread::thread[abi:nqe220106]<void (*&)(int, int), int&, int&, 0>(void (*&)(int, int), int&, int&) thread.h:221 (occt_1157_stress:arm64+0x1000060dc)
    #3 std::__1::thread::thread[abi:nqe220106]<void (*&)(int, int), int&, int&, 0>(void (*&)(int, int), int&, int&) thread.h:212 (occt_1157_stress:arm64+0x1000038c8)
    #4 void std::__1::allocator<std::__1::thread>::construct[abi:nqe220106]<std::__1::thread, void (*&)(int, int), int&, int&>(std::__1::thread*, void (*&)(int, int), int&, int&) allocator.h:141 (occt_1157_stress:arm64+0x1000038c8)
    #5 void std::__1::allocator_traits<std::__1::allocator<std::__1::thread>>::construct[abi:nqe220106]<std::__1::thread, void (*&)(int, int), int&, int&, 0>(std::__1::allocator<std::__1::thread>&, std::__1::thread*, void (*&)(int, int), int&, int&) allocator_traits.h:296 (occt_1157_stress:arm64+0x1000038c8)
    #6 void std::__1::vector<std::__1::thread, std::__1::allocator<std::__1::thread>>::__emplace_back_assume_capacity[abi:nqe220106]<void (*&)(int, int), int&, int&>(void (*&)(int, int), int&, int&) vector.h:483 (occt_1157_stress:arm64+0x1000038c8)
    #7 std::__1::thread& std::__1::vector<std::__1::thread, std::__1::allocator<std::__1::thread>>::emplace_back<void (*&)(int, int), int&, int&>(void (*&)(int, int), int&, int&)::'lambda'()::operator()() const vector.h:1146 (occt_1157_stress:arm64+0x1000038c8)
    #8 void std::__1::__if_likely_else[abi:nqe220106]<std::__1::thread& std::__1::vector<std::__1::thread, std::__1::allocator<std::__1::thread>>::emplace_back<void (*&)(int, int), int&, int&>(void (*&)(int, int), int&, int&)::'lambda'(), std::__1::thread& std::__1::vector<std::__1::thread, std::__1::allocator<std::__1::thread>>::emplace_back<void (*&)(int, int), int&, int&>(void (*&)(int, int), int&, int&)::'lambda0'()>(bool, std::__1::thread& std::__1::vector<std::__1::thread, std::__1::allocator<std::__1::thread>>::emplace_back<void (*&)(int, int), int&, int&>(void (*&)(int, int), int&, int&)::'lambda'(), std::__1::thread& std::__1::vector<std::__1::thread, std::__1::allocator<std::__1::thread>>::emplace_back<void (*&)(int, int), int&, int&>(void (*&)(int, int), int&, int&)::'lambda0'()) vector.h:1127 (occt_1157_stress:arm64+0x1000038c8)
    #9 std::__1::thread& std::__1::vector<std::__1::thread, std::__1::allocator<std::__1::thread>>::emplace_back<void (*&)(int, int), int&, int&>(void (*&)(int, int), int&, int&) vector.h:1143 (occt_1157_stress:arm64+0x1000038c8)
    #10 runOne(char const*, int, int) occt_1157_stress.cpp:359 (occt_1157_stress:arm64+0x1000038c8)
    #11 main occt_1157_stress.cpp:396 (occt_1157_stress:arm64+0x100002de4)

  Thread T3 (tid=14910635, running) created by main thread at:
    #0 pthread_create <null> (libclang_rt.tsan_osx_dynamic.dylib:arm64e+0x33bac)
    #1 std::__1::__libcpp_thread_create[abi:nqe220106](_opaque_pthread_t**, void* (*)(void*), void*) pthread.h:182 (occt_1157_stress:arm64+0x1000060dc)
    #2 std::__1::thread::thread[abi:nqe220106]<void (*&)(int, int), int&, int&, 0>(void (*&)(int, int), int&, int&) thread.h:221 (occt_1157_stress:arm64+0x1000060dc)
    #3 std::__1::thread::thread[abi:nqe220106]<void (*&)(int, int), int&, int&, 0>(void (*&)(int, int), int&, int&) thread.h:212 (occt_1157_stress:arm64+0x10000645c)
    #4 void std::__1::allocator<std::__1::thread>::construct[abi:nqe220106]<std::__1::thread, void (*&)(int, int), int&, int&>(std::__1::thread*, void (*&)(int, int), int&, int&) allocator.h:141 (occt_1157_stress:arm64+0x10000645c)
    #5 void std::__1::allocator_traits<std::__1::allocator<std::__1::thread>>::construct[abi:nqe220106]<std::__1::thread, void (*&)(int, int), int&, int&, 0>(std::__1::allocator<std::__1::thread>&, std::__1::thread*, void (*&)(int, int), int&, int&) allocator_traits.h:296 (occt_1157_stress:arm64+0x10000645c)
    #6 std::__1::thread* std::__1::vector<std::__1::thread, std::__1::allocator<std::__1::thread>>::__emplace_back_slow_path<void (*&)(int, int), int&, int&>(void (*&)(int, int), int&, int&) vector.h:1109 (occt_1157_stress:arm64+0x10000645c)
    #7 std::__1::thread& std::__1::vector<std::__1::thread, std::__1::allocator<std::__1::thread>>::emplace_back<void (*&)(int, int), int&, int&>(void (*&)(int, int), int&, int&)::'lambda0'()::operator()() const vector.h:1149 (occt_1157_stress:arm64+0x100003918)
    #8 void std::__1::__if_likely_else[abi:nqe220106]<std::__1::thread& std::__1::vector<std::__1::thread, std::__1::allocator<std::__1::thread>>::emplace_back<void (*&)(int, int), int&, int&>(void (*&)(int, int), int&, int&)::'lambda'(), std::__1::thread& std::__1::vector<std::__1::thread, std::__1::allocator<std::__1::thread>>::emplace_back<void (*&)(int, int), int&, int&>(void (*&)(int, int), int&, int&)::'lambda0'()>(bool, std::__1::thread& std::__1::vector<std::__1::thread, std::__1::allocator<std::__1::thread>>::emplace_back<void (*&)(int, int), int&, int&>(void (*&)(int, int), int&, int&)::'lambda'(), std::__1::thread& std::__1::vector<std::__1::thread, std::__1::allocator<std::__1::thread>>::emplace_back<void (*&)(int, int), int&, int&>(void (*&)(int, int), int&, int&)::'lambda0'()) vector.h:1129 (occt_1157_stress:arm64+0x100003918)
    #9 std::__1::thread& std::__1::vector<std::__1::thread, std::__1::allocator<std::__1::thread>>::emplace_back<void (*&)(int, int), int&, int&>(void (*&)(int, int), int&, int&) vector.h:1143 (occt_1157_stress:arm64+0x100003918)
    #10 runOne(char const*, int, int) occt_1157_stress.cpp:359 (occt_1157_stress:arm64+0x100003918)
    #11 main occt_1157_stress.cpp:396 (occt_1157_stress:arm64+0x100002de4)

SUMMARY: ThreadSanitizer: data race NCollection_BaseSequence.hxx:41 in NCollection_SeqNode::SetNext(NCollection_SeqNode*)
==================
==================
WARNING: ThreadSanitizer: data race (pid=70769)
  Write of size 8 at 0x00010e702af8 by thread T4:
    #0 IGESToBRep_Actor::SetModel(opencascade::handle<Interface_InterfaceModel> const&) IGESToBRep_Actor.cxx:97 (occt_1157_stress:arm64+0x1002f0d9c)
    #1 IGESControl_Controller::ActorRead(opencascade::handle<Interface_InterfaceModel> const&) const IGESControl_Controller.cxx:336 (occt_1157_stress:arm64+0x100380610)
    #2 XSControl_TransferReader::Actor() XSControl_TransferReader.cxx:71 (occt_1157_stress:arm64+0x1013e41f8)
    #3 XSControl_TransferReader::BeginTransfer() XSControl_TransferReader.cxx:937 (occt_1157_stress:arm64+0x1013e41f8)
    #4 XSControl_WorkSession::InitTransferReader(int) XSControl_WorkSession.cxx:376 (occt_1157_stress:arm64+0x1013f46b8)
    #5 XSControl_Reader::ReadFile(char const*) XSControl_Reader.cxx:109 (occt_1157_stress:arm64+0x1013d9dac)
    #6 runIgesReadIndependent(int, int) occt_1157_stress.cpp:192 (occt_1157_stress:arm64+0x1000025b0)
    #7 std::__1::__invoke_result_impl<void, void (*)(int, int), int, int>::type std::__1::__invoke[abi:nqe220106]<void (*)(int, int), int, int>(void (*&&)(int, int), int&&, int&&) invoke.h:90 (occt_1157_stress:arm64+0x100006214)
    #8 void std::__1::__thread_execute[abi:nqe220106]<std::__1::unique_ptr<std::__1::__thread_struct, std::__1::default_delete<std::__1::__thread_struct>>, void (*)(int, int), int, int, 0ul, 1ul, 2ul>(std::__1::tuple<std::__1::unique_ptr<std::__1::__thread_struct, std::__1::default_delete<std::__1::__thread_struct>>, void (*)(int, int), int, int>&, std::__1::__integer_sequence<unsigned long, 0ul, 1ul, 2ul>) thread.h:161 (occt_1157_stress:arm64+0x100006214)
    #9 void* std::__1::__thread_proxy[abi:nqe220106]<std::__1::tuple<std::__1::unique_ptr<std::__1::__thread_struct, std::__1::default_delete<std::__1::__thread_struct>>, void (*)(int, int), int, int>>(void*) thread.h:169 (occt_1157_stress:arm64+0x100006214)

  Previous read of size 8 at 0x00010e702af8 by thread T2:
    #0 IGESToBRep_Actor::Transfer(opencascade::handle<Standard_Transient> const&, opencascade::handle<Transfer_TransientProcess> const&, Message_ProgressRange const&) IGESToBRep_Actor.cxx:210 (occt_1157_stress:arm64+0x1002f19ac)
    #1 Transfer_ActorOfTransientProcess::Transferring(opencascade::handle<Standard_Transient> const&, opencascade::handle<Transfer_ProcessForTransient> const&, Message_ProgressRange const&) Transfer_ActorOfTransientProcess.cxx:47 (occt_1157_stress:arm64+0x101345ff8)
    #2 Transfer_ProcessForTransient::TransferProduct(opencascade::handle<Standard_Transient> const&, Message_ProgressRange const&) Transfer_ProcessForTransient_0.cxx:989 (occt_1157_stress:arm64+0x10135db4c)
    #3 Transfer_ProcessForTransient::Transferring(opencascade::handle<Standard_Transient> const&, Message_ProgressRange const&) Transfer_ProcessForTransient_0.cxx:903 (occt_1157_stress:arm64+0x10135cf00)
    #4 Transfer_ProcessForTransient::Transfer(opencascade::handle<Standard_Transient> const&, Message_ProgressRange const&) Transfer_ProcessForTransient_0.cxx:1031 (occt_1157_stress:arm64+0x10135e028)
    #5 Transfer_TransferOutput::Transfer(opencascade::handle<Standard_Transient> const&, Message_ProgressRange const&) Transfer_TransferOutput.cxx:77 (occt_1157_stress:arm64+0x101366664)
    #6 XSControl_TransferReader::TransferOne(opencascade::handle<Standard_Transient> const&, bool, Message_ProgressRange const&) XSControl_TransferReader.cxx:1023 (occt_1157_stress:arm64+0x1013e49b4)
    #7 XSControl_Reader::TransferRoots(Message_ProgressRange const&) XSControl_Reader.cxx:286 (occt_1157_stress:arm64+0x1013db918)
    #8 runIgesReadIndependent(int, int) occt_1157_stress.cpp:199 (occt_1157_stress:arm64+0x1000025d4)
    #9 std::__1::__invoke_result_impl<void, void (*)(int, int), int, int>::type std::__1::__invoke[abi:nqe220106]<void (*)(int, int), int, int>(void (*&&)(int, int), int&&, int&&) invoke.h:90 (occt_1157_stress:arm64+0x100006214)
    #10 void std::__1::__thread_execute[abi:nqe220106]<std::__1::unique_ptr<std::__1::__thread_struct, std::__1::default_delete<std::__1::__thread_struct>>, void (*)(int, int), int, int, 0ul, 1ul, 2ul>(std::__1::tuple<std::__1::unique_ptr<std::__1::__thread_struct, std::__1::default_delete<std::__1::__thread_struct>>, void (*)(int, int), int, int>&, std::__1::__integer_sequence<unsigned long, 0ul, 1ul, 2ul>) thread.h:161 (occt_1157_stress:arm64+0x100006214)
    #11 void* std::__1::__thread_proxy[abi:nqe220106]<std::__1::tuple<std::__1::unique_ptr<std::__1::__thread_struct, std::__1::default_delete<std::__1::__thread_struct>>, void (*)(int, int), int, int>>(void*) thread.h:169 (occt_1157_stress:arm64+0x100006214)

  Location is heap block of size 128 at 0x00010e702a80 allocated by main thread:
    #0 calloc <null> (libclang_rt.tsan_osx_dynamic.dylib:arm64e+0x67ff4)
    #1 Standard::Allocate(unsigned long) Standard.cxx:386 (occt_1157_stress:arm64+0x1008bee84)
    #2 Standard_Transient::operator new(unsigned long) Standard_Transient.hxx:47 (occt_1157_stress:arm64+0x10037bdc8)
    #3 IGESControl_Controller::IGESControl_Controller(bool) IGESControl_Controller.cxx:143 (occt_1157_stress:arm64+0x10037bdc8)
    #4 IGESControl_Controller::IGESControl_Controller(bool) IGESControl_Controller.cxx:75 (occt_1157_stress:arm64+0x100380880)
    #5 IGESControl_Controller::Init() IGESControl_Controller.cxx:364 (occt_1157_stress:arm64+0x100380880)
    #6 IGESControl_Writer::IGESControl_Writer(char const*, int) IGESControl_Writer.cxx:73 (occt_1157_stress:arm64+0x10038b868)
    #7 IGESControl_Writer::IGESControl_Writer(char const*, int) IGESControl_Writer.cxx:72 (occt_1157_stress:arm64+0x10038ba30)
    #8 writeFixtures() occt_1157_stress.cpp:323 (occt_1157_stress:arm64+0x100003520)
    #9 runOne(char const*, int, int) occt_1157_stress.cpp:334 (occt_1157_stress:arm64+0x100003520)
    #10 main occt_1157_stress.cpp:396 (occt_1157_stress:arm64+0x100002de4)

  Thread T4 (tid=14910641, running) created by main thread at:
    #0 pthread_create <null> (libclang_rt.tsan_osx_dynamic.dylib:arm64e+0x33bac)
    #1 std::__1::__libcpp_thread_create[abi:nqe220106](_opaque_pthread_t**, void* (*)(void*), void*) pthread.h:182 (occt_1157_stress:arm64+0x1000060dc)
    #2 std::__1::thread::thread[abi:nqe220106]<void (*&)(int, int), int&, int&, 0>(void (*&)(int, int), int&, int&) thread.h:221 (occt_1157_stress:arm64+0x1000060dc)
    #3 std::__1::thread::thread[abi:nqe220106]<void (*&)(int, int), int&, int&, 0>(void (*&)(int, int), int&, int&) thread.h:212 (occt_1157_stress:arm64+0x1000038c8)
    #4 void std::__1::allocator<std::__1::thread>::construct[abi:nqe220106]<std::__1::thread, void (*&)(int, int), int&, int&>(std::__1::thread*, void (*&)(int, int), int&, int&) allocator.h:141 (occt_1157_stress:arm64+0x1000038c8)
    #5 void std::__1::allocator_traits<std::__1::allocator<std::__1::thread>>::construct[abi:nqe220106]<std::__1::thread, void (*&)(int, int), int&, int&, 0>(std::__1::allocator<std::__1::thread>&, std::__1::thread*, void (*&)(int, int), int&, int&) allocator_traits.h:296 (occt_1157_stress:arm64+0x1000038c8)
    #6 void std::__1::vector<std::__1::thread, std::__1::allocator<std::__1::thread>>::__emplace_back_assume_capacity[abi:nqe220106]<void (*&)(int, int), int&, int&>(void (*&)(int, int), int&, int&) vector.h:483 (occt_1157_stress:arm64+0x1000038c8)
    #7 std::__1::thread& std::__1::vector<std::__1::thread, std::__1::allocator<std::__1::thread>>::emplace_back<void (*&)(int, int), int&, int&>(void (*&)(int, int), int&, int&)::'lambda'()::operator()() const vector.h:1146 (occt_1157_stress:arm64+0x1000038c8)
    #8 void std::__1::__if_likely_else[abi:nqe220106]<std::__1::thread& std::__1::vector<std::__1::thread, std::__1::allocator<std::__1::thread>>::emplace_back<void (*&)(int, int), int&, int&>(void (*&)(int, int), int&, int&)::'lambda'(), std::__1::thread& std::__1::vector<std::__1::thread, std::__1::allocator<std::__1::thread>>::emplace_back<void (*&)(int, int), int&, int&>(void (*&)(int, int), int&, int&)::'lambda0'()>(bool, std::__1::thread& std::__1::vector<std::__1::thread, std::__1::allocator<std::__1::thread>>::emplace_back<void (*&)(int, int), int&, int&>(void (*&)(int, int), int&, int&)::'lambda'(), std::__1::thread& std::__1::vector<std::__1::thread, std::__1::allocator<std::__1::thread>>::emplace_back<void (*&)(int, int), int&, int&>(void (*&)(int, int), int&, int&)::'lambda0'()) vector.h:1127 (occt_1157_stress:arm64+0x1000038c8)
    #9 std::__1::thread& std::__1::vector<std::__1::thread, std::__1::allocator<std::__1::thread>>::emplace_back<void (*&)(int, int), int&, int&>(void (*&)(int, int), int&, int&) vector.h:1143 (occt_1157_stress:arm64+0x1000038c8)
    #10 runOne(char const*, int, int) occt_1157_stress.cpp:359 (occt_1157_stress:arm64+0x1000038c8)
    #11 main occt_1157_stress.cpp:396 (occt_1157_stress:arm64+0x100002de4)

  Thread T2 (tid=14910632, running) created by main thread at:
    #0 pthread_create <null> (libclang_rt.tsan_osx_dynamic.dylib:arm64e+0x33bac)
    #1 std::__1::__libcpp_thread_create[abi:nqe220106](_opaque_pthread_t**, void* (*)(void*), void*) pthread.h:182 (occt_1157_stress:arm64+0x1000060dc)
    #2 std::__1::thread::thread[abi:nqe220106]<void (*&)(int, int), int&, int&, 0>(void (*&)(int, int), int&, int&) thread.h:221 (occt_1157_stress:arm64+0x1000060dc)
    #3 std::__1::thread::thread[abi:nqe220106]<void (*&)(int, int), int&, int&, 0>(void (*&)(int, int), int&, int&) thread.h:212 (occt_1157_stress:arm64+0x10000645c)
    #4 void std::__1::allocator<std::__1::thread>::construct[abi:nqe220106]<std::__1::thread, void (*&)(int, int), int&, int&>(std::__1::thread*, void (*&)(int, int), int&, int&) allocator.h:141 (occt_1157_stress:arm64+0x10000645c)
    #5 void std::__1::allocator_traits<std::__1::allocator<std::__1::thread>>::construct[abi:nqe220106]<std::__1::thread, void (*&)(int, int), int&, int&, 0>(std::__1::allocator<std::__1::thread>&, std::__1::thread*, void (*&)(int, int), int&, int&) allocator_traits.h:296 (occt_1157_stress:arm64+0x10000645c)
    #6 std::__1::thread* std::__1::vector<std::__1::thread, std::__1::allocator<std::__1::thread>>::__emplace_back_slow_path<void (*&)(int, int), int&, int&>(void (*&)(int, int), int&, int&) vector.h:1109 (occt_1157_stress:arm64+0x10000645c)
    #7 std::__1::thread& std::__1::vector<std::__1::thread, std::__1::allocator<std::__1::thread>>::emplace_back<void (*&)(int, int), int&, int&>(void (*&)(int, int), int&, int&)::'lambda0'()::operator()() const vector.h:1149 (occt_1157_stress:arm64+0x100003918)
    #8 void std::__1::__if_likely_else[abi:nqe220106]<std::__1::thread& std::__1::vector<std::__1::thread, std::__1::allocator<std::__1::thread>>::emplace_back<void (*&)(int, int), int&, int&>(void (*&)(int, int), int&, int&)::'lambda'(), std::__1::thread& std::__1::vector<std::__1::thread, std::__1::allocator<std::__1::thread>>::emplace_back<void (*&)(int, int), int&, int&>(void (*&)(int, int), int&, int&)::'lambda0'()>(bool, std::__1::thread& std::__1::vector<std::__1::thread, std::__1::allocator<std::__1::thread>>::emplace_back<void (*&)(int, int), int&, int&>(void (*&)(int, int), int&, int&)::'lambda'(), std::__1::thread& std::__1::vector<std::__1::thread, std::__1::allocator<std::__1::thread>>::emplace_back<void (*&)(int, int), int&, int&>(void (*&)(int, int), int&, int&)::'lambda0'()) vector.h:1129 (occt_1157_stress:arm64+0x100003918)
    #9 std::__1::thread& std::__1::vector<std::__1::thread, std::__1::allocator<std::__1::thread>>::emplace_back<void (*&)(int, int), int&, int&>(void (*&)(int, int), int&, int&) vector.h:1143 (occt_1157_stress:arm64+0x100003918)
    #10 runOne(char const*, int, int) occt_1157_stress.cpp:359 (occt_1157_stress:arm64+0x100003918)
    #11 main occt_1157_stress.cpp:396 (occt_1157_stress:arm64+0x100002de4)

SUMMARY: ThreadSanitizer: data race IGESToBRep_Actor.cxx:97 in IGESToBRep_Actor::SetModel(opencascade::handle<Interface_InterfaceModel> const&)
==================
==================
WARNING: ThreadSanitizer: data race (pid=70769)
  Write of size 8 at 0x00010f008280 by thread T7:
    #0 NCollection_BaseSequence::PAppend(NCollection_SeqNode*) NCollection_BaseSequence.cxx (occt_1157_stress:arm64+0x1008dfe1c)
    #1 NCollection_Sequence<opencascade::handle<TCollection_HAsciiString>>::Append(opencascade::handle<TCollection_HAsciiString> const&) NCollection_Sequence.hxx:274 (occt_1157_stress:arm64+0x1013016fc)
    #2 NCollection_HSequence<opencascade::handle<TCollection_HAsciiString>>::Append(opencascade::handle<TCollection_HAsciiString> const&) NCollection_HSequence.hxx:53 (occt_1157_stress:arm64+0x1013016fc)
    #3 Interface_Check::SendMsg(Message_Msg const&) Interface_Check.cxx:299 (occt_1157_stress:arm64+0x1013016fc)
    #4 IGESFile_Check(int, Message_Msg&) IGESFile_Read.cxx:328 (occt_1157_stress:arm64+0x1001010c4)
    #5 IGESFile_Read(char*, opencascade::handle<IGESData_IGESModel> const&, opencascade::handle<IGESData_Protocol> const&, opencascade::handle<IGESData_FileRecognizer> const&, bool) IGESFile_Read.cxx:91 (occt_1157_stress:arm64+0x1001010c4)
    #6 IGESFile_Read(char*, opencascade::handle<IGESData_IGESModel> const&, opencascade::handle<IGESData_Protocol> const&) IGESFile_Read.cxx:63 (occt_1157_stress:arm64+0x100100fa8)
    #7 IGESSelect_WorkLibrary::ReadFile(char const*, opencascade::handle<Interface_InterfaceModel>&, opencascade::handle<Interface_Protocol> const&) const IGESSelect_WorkLibrary.cxx:82 (occt_1157_stress:arm64+0x1002ec258)
    #8 IFSelect_WorkSession::ReadFile(char const*) IFSelect_WorkSession.cxx:187 (occt_1157_stress:arm64+0x1013b0a20)
    #9 XSControl_Reader::ReadFile(char const*) XSControl_Reader.cxx:108 (occt_1157_stress:arm64+0x1013d9d94)
    #10 runIgesReadIndependent(int, int) occt_1157_stress.cpp:192 (occt_1157_stress:arm64+0x1000025b0)
    #11 std::__1::__invoke_result_impl<void, void (*)(int, int), int, int>::type std::__1::__invoke[abi:nqe220106]<void (*)(int, int), int, int>(void (*&&)(int, int), int&&, int&&) invoke.h:90 (occt_1157_stress:arm64+0x100006214)
    #12 void std::__1::__thread_execute[abi:nqe220106]<std::__1::unique_ptr<std::__1::__thread_struct, std::__1::default_delete<std::__1::__thread_struct>>, void (*)(int, int), int, int, 0ul, 1ul, 2ul>(std::__1::tuple<std::__1::unique_ptr<std::__1::__thread_struct, std::__1::default_delete<std::__1::__thread_struct>>, void (*)(int, int), int, int>&, std::__1::__integer_sequence<unsigned long, 0ul, 1ul, 2ul>) thread.h:161 (occt_1157_stress:arm64+0x100006214)
    #13 void* std::__1::__thread_proxy[abi:nqe220106]<std::__1::tuple<std::__1::unique_ptr<std::__1::__thread_struct, std::__1::default_delete<std::__1::__thread_struct>>, void (*)(int, int), int, int>>(void*) thread.h:169 (occt_1157_stress:arm64+0x100006214)

  Previous write of size 8 at 0x00010f008280 by thread T3:
    #0 NCollection_BaseSequence::PAppend(NCollection_SeqNode*) NCollection_BaseSequence.cxx (occt_1157_stress:arm64+0x1008dfe1c)
    #1 NCollection_Sequence<opencascade::handle<TCollection_HAsciiString>>::Append(opencascade::handle<TCollection_HAsciiString> const&) NCollection_Sequence.hxx:274 (occt_1157_stress:arm64+0x1013016fc)
    #2 NCollection_HSequence<opencascade::handle<TCollection_HAsciiString>>::Append(opencascade::handle<TCollection_HAsciiString> const&) NCollection_HSequence.hxx:53 (occt_1157_stress:arm64+0x1013016fc)
    #3 Interface_Check::SendMsg(Message_Msg const&) Interface_Check.cxx:299 (occt_1157_stress:arm64+0x1013016fc)
    #4 IGESFile_Check(int, Message_Msg&) IGESFile_Read.cxx:328 (occt_1157_stress:arm64+0x1001010c4)
    #5 IGESFile_Read(char*, opencascade::handle<IGESData_IGESModel> const&, opencascade::handle<IGESData_Protocol> const&, opencascade::handle<IGESData_FileRecognizer> const&, bool) IGESFile_Read.cxx:91 (occt_1157_stress:arm64+0x1001010c4)
    #6 IGESFile_Read(char*, opencascade::handle<IGESData_IGESModel> const&, opencascade::handle<IGESData_Protocol> const&) IGESFile_Read.cxx:63 (occt_1157_stress:arm64+0x100100fa8)
    #7 IGESSelect_WorkLibrary::ReadFile(char const*, opencascade::handle<Interface_InterfaceModel>&, opencascade::handle<Interface_Protocol> const&) const IGESSelect_WorkLibrary.cxx:82 (occt_1157_stress:arm64+0x1002ec258)
    #8 IFSelect_WorkSession::ReadFile(char const*) IFSelect_WorkSession.cxx:187 (occt_1157_stress:arm64+0x1013b0a20)
    #9 XSControl_Reader::ReadFile(char const*) XSControl_Reader.cxx:108 (occt_1157_stress:arm64+0x1013d9d94)
    #10 runIgesReadIndependent(int, int) occt_1157_stress.cpp:192 (occt_1157_stress:arm64+0x1000025b0)
    #11 std::__1::__invoke_result_impl<void, void (*)(int, int), int, int>::type std::__1::__invoke[abi:nqe220106]<void (*)(int, int), int, int>(void (*&&)(int, int), int&&, int&&) invoke.h:90 (occt_1157_stress:arm64+0x100006214)
    #12 void std::__1::__thread_execute[abi:nqe220106]<std::__1::unique_ptr<std::__1::__thread_struct, std::__1::default_delete<std::__1::__thread_struct>>, void (*)(int, int), int, int, 0ul, 1ul, 2ul>(std::__1::tuple<std::__1::unique_ptr<std::__1::__thread_struct, std::__1::default_delete<std::__1::__thread_struct>>, void (*)(int, int), int, int>&, std::__1::__integer_sequence<unsigned long, 0ul, 1ul, 2ul>) thread.h:161 (occt_1157_stress:arm64+0x100006214)
    #13 void* std::__1::__thread_proxy[abi:nqe220106]<std::__1::tuple<std::__1::unique_ptr<std::__1::__thread_struct, std::__1::default_delete<std::__1::__thread_struct>>, void (*)(int, int), int, int>>(void*) thread.h:169 (occt_1157_stress:arm64+0x100006214)

  Thread T7 (tid=14910669, running) created by main thread at:
    #0 pthread_create <null> (libclang_rt.tsan_osx_dynamic.dylib:arm64e+0x33bac)
    #1 std::__1::__libcpp_thread_create[abi:nqe220106](_opaque_pthread_t**, void* (*)(void*), void*) pthread.h:182 (occt_1157_stress:arm64+0x1000060dc)
    #2 std::__1::thread::thread[abi:nqe220106]<void (*&)(int, int), int&, int&, 0>(void (*&)(int, int), int&, int&) thread.h:221 (occt_1157_stress:arm64+0x1000060dc)
    #3 std::__1::thread::thread[abi:nqe220106]<void (*&)(int, int), int&, int&, 0>(void (*&)(int, int), int&, int&) thread.h:212 (occt_1157_stress:arm64+0x1000038c8)
    #4 void std::__1::allocator<std::__1::thread>::construct[abi:nqe220106]<std::__1::thread, void (*&)(int, int), int&, int&>(std::__1::thread*, void (*&)(int, int), int&, int&) allocator.h:141 (occt_1157_stress:arm64+0x1000038c8)
    #5 void std::__1::allocator_traits<std::__1::allocator<std::__1::thread>>::construct[abi:nqe220106]<std::__1::thread, void (*&)(int, int), int&, int&, 0>(std::__1::allocator<std::__1::thread>&, std::__1::thread*, void (*&)(int, int), int&, int&) allocator_traits.h:296 (occt_1157_stress:arm64+0x1000038c8)
    #6 void std::__1::vector<std::__1::thread, std::__1::allocator<std::__1::thread>>::__emplace_back_assume_capacity[abi:nqe220106]<void (*&)(int, int), int&, int&>(void (*&)(int, int), int&, int&) vector.h:483 (occt_1157_stress:arm64+0x1000038c8)
    #7 std::__1::thread& std::__1::vector<std::__1::thread, std::__1::allocator<std::__1::thread>>::emplace_back<void (*&)(int, int), int&, int&>(void (*&)(int, int), int&, int&)::'lambda'()::operator()() const vector.h:1146 (occt_1157_stress:arm64+0x1000038c8)
    #8 void std::__1::__if_likely_else[abi:nqe220106]<std::__1::thread& std::__1::vector<std::__1::thread, std::__1::allocator<std::__1::thread>>::emplace_back<void (*&)(int, int), int&, int&>(void (*&)(int, int), int&, int&)::'lambda'(), std::__1::thread& std::__1::vector<std::__1::thread, std::__1::allocator<std::__1::thread>>::emplace_back<void (*&)(int, int), int&, int&>(void (*&)(int, int), int&, int&)::'lambda0'()>(bool, std::__1::thread& std::__1::vector<std::__1::thread, std::__1::allocator<std::__1::thread>>::emplace_back<void (*&)(int, int), int&, int&>(void (*&)(int, int), int&, int&)::'lambda'(), std::__1::thread& std::__1::vector<std::__1::thread, std::__1::allocator<std::__1::thread>>::emplace_back<void (*&)(int, int), int&, int&>(void (*&)(int, int), int&, int&)::'lambda0'()) vector.h:1127 (occt_1157_stress:arm64+0x1000038c8)
    #9 std::__1::thread& std::__1::vector<std::__1::thread, std::__1::allocator<std::__1::thread>>::emplace_back<void (*&)(int, int), int&, int&>(void (*&)(int, int), int&, int&) vector.h:1143 (occt_1157_stress:arm64+0x1000038c8)
    #10 runOne(char const*, int, int) occt_1157_stress.cpp:359 (occt_1157_stress:arm64+0x1000038c8)
    #11 main occt_1157_stress.cpp:396 (occt_1157_stress:arm64+0x100002de4)

  Thread T3 (tid=14910635, running) created by main thread at:
    #0 pthread_create <null> (libclang_rt.tsan_osx_dynamic.dylib:arm64e+0x33bac)
    #1 std::__1::__libcpp_thread_create[abi:nqe220106](_opaque_pthread_t**, void* (*)(void*), void*) pthread.h:182 (occt_1157_stress:arm64+0x1000060dc)
    #2 std::__1::thread::thread[abi:nqe220106]<void (*&)(int, int), int&, int&, 0>(void (*&)(int, int), int&, int&) thread.h:221 (occt_1157_stress:arm64+0x1000060dc)
    #3 std::__1::thread::thread[abi:nqe220106]<void (*&)(int, int), int&, int&, 0>(void (*&)(int, int), int&, int&) thread.h:212 (occt_1157_stress:arm64+0x10000645c)
    #4 void std::__1::allocator<std::__1::thread>::construct[abi:nqe220106]<std::__1::thread, void (*&)(int, int), int&, int&>(std::__1::thread*, void (*&)(int, int), int&, int&) allocator.h:141 (occt_1157_stress:arm64+0x10000645c)
    #5 void std::__1::allocator_traits<std::__1::allocator<std::__1::thread>>::construct[abi:nqe220106]<std::__1::thread, void (*&)(int, int), int&, int&, 0>(std::__1::allocator<std::__1::thread>&, std::__1::thread*, void (*&)(int, int), int&, int&) allocator_traits.h:296 (occt_1157_stress:arm64+0x10000645c)
    #6 std::__1::thread* std::__1::vector<std::__1::thread, std::__1::allocator<std::__1::thread>>::__emplace_back_slow_path<void (*&)(int, int), int&, int&>(void (*&)(int, int), int&, int&) vector.h:1109 (occt_1157_stress:arm64+0x10000645c)
    #7 std::__1::thread& std::__1::vector<std::__1::thread, std::__1::allocator<std::__1::thread>>::emplace_back<void (*&)(int, int), int&, int&>(void (*&)(int, int), int&, int&)::'lambda0'()::operator()() const vector.h:1149 (occt_1157_stress:arm64+0x100003918)
    #8 void std::__1::__if_likely_else[abi:nqe220106]<std::__1::thread& std::__1::vector<std::__1::thread, std::__1::allocator<std::__1::thread>>::emplace_back<void (*&)(int, int), int&, int&>(void (*&)(int, int), int&, int&)::'lambda'(), std::__1::thread& std::__1::vector<std::__1::thread, std::__1::allocator<std::__1::thread>>::emplace_back<void (*&)(int, int), int&, int&>(void (*&)(int, int), int&, int&)::'lambda0'()>(bool, std::__1::thread& std::__1::vector<std::__1::thread, std::__1::allocator<std::__1::thread>>::emplace_back<void (*&)(int, int), int&, int&>(void (*&)(int, int), int&, int&)::'lambda'(), std::__1::thread& std::__1::vector<std::__1::thread, std::__1::allocator<std::__1::thread>>::emplace_back<void (*&)(int, int), int&, int&>(void (*&)(int, int), int&, int&)::'lambda0'()) vector.h:1129 (occt_1157_stress:arm64+0x100003918)
    #9 std::__1::thread& std::__1::vector<std::__1::thread, std::__1::allocator<std::__1::thread>>::emplace_back<void (*&)(int, int), int&, int&>(void (*&)(int, int), int&, int&) vector.h:1143 (occt_1157_stress:arm64+0x100003918)
    #10 runOne(char const*, int, int) occt_1157_stress.cpp:359 (occt_1157_stress:arm64+0x100003918)
    #11 main occt_1157_stress.cpp:396 (occt_1157_stress:arm64+0x100002de4)

SUMMARY: ThreadSanitizer: data race NCollection_BaseSequence.cxx in NCollection_BaseSequence::PAppend(NCollection_SeqNode*)
==================
==================
WARNING: ThreadSanitizer: data race (pid=70769)
  Read of size 8 at 0x00010f006ef8 by thread T6:
    #0 opencascade::handle<NCollection_BaseAllocator>::operator->() const Standard_Handle.hxx:125 (occt_1157_stress:arm64+0x101301690)
    #1 NCollection_SeqNode::operator new(unsigned long, opencascade::handle<NCollection_BaseAllocator> const&) NCollection_BaseSequence.hxx:29 (occt_1157_stress:arm64+0x101301690)
    #2 NCollection_Sequence<opencascade::handle<TCollection_HAsciiString>>::Append(opencascade::handle<TCollection_HAsciiString> const&) NCollection_Sequence.hxx:274 (occt_1157_stress:arm64+0x101301690)
    #3 NCollection_HSequence<opencascade::handle<TCollection_HAsciiString>>::Append(opencascade::handle<TCollection_HAsciiString> const&) NCollection_HSequence.hxx:53 (occt_1157_stress:arm64+0x101301690)
    #4 Interface_Check::SendMsg(Message_Msg const&) Interface_Check.cxx:299 (occt_1157_stress:arm64+0x101301690)
    #5 IGESFile_Check(int, Message_Msg&) IGESFile_Read.cxx:328 (occt_1157_stress:arm64+0x1001010c4)
    #6 IGESFile_Read(char*, opencascade::handle<IGESData_IGESModel> const&, opencascade::handle<IGESData_Protocol> const&, opencascade::handle<IGESData_FileRecognizer> const&, bool) IGESFile_Read.cxx:91 (occt_1157_stress:arm64+0x1001010c4)
    #7 IGESFile_Read(char*, opencascade::handle<IGESData_IGESModel> const&, opencascade::handle<IGESData_Protocol> const&) IGESFile_Read.cxx:63 (occt_1157_stress:arm64+0x100100fa8)
    #8 IGESSelect_WorkLibrary::ReadFile(char const*, opencascade::handle<Interface_InterfaceModel>&, opencascade::handle<Interface_Protocol> const&) const IGESSelect_WorkLibrary.cxx:82 (occt_1157_stress:arm64+0x1002ec258)
    #9 IFSelect_WorkSession::ReadFile(char const*) IFSelect_WorkSession.cxx:187 (occt_1157_stress:arm64+0x1013b0a20)
    #10 XSControl_Reader::ReadFile(char const*) XSControl_Reader.cxx:108 (occt_1157_stress:arm64+0x1013d9d94)
    #11 runIgesReadIndependent(int, int) occt_1157_stress.cpp:192 (occt_1157_stress:arm64+0x1000025b0)
    #12 std::__1::__invoke_result_impl<void, void (*)(int, int), int, int>::type std::__1::__invoke[abi:nqe220106]<void (*)(int, int), int, int>(void (*&&)(int, int), int&&, int&&) invoke.h:90 (occt_1157_stress:arm64+0x100006214)
    #13 void std::__1::__thread_execute[abi:nqe220106]<std::__1::unique_ptr<std::__1::__thread_struct, std::__1::default_delete<std::__1::__thread_struct>>, void (*)(int, int), int, int, 0ul, 1ul, 2ul>(std::__1::tuple<std::__1::unique_ptr<std::__1::__thread_struct, std::__1::default_delete<std::__1::__thread_struct>>, void (*)(int, int), int, int>&, std::__1::__integer_sequence<unsigned long, 0ul, 1ul, 2ul>) thread.h:161 (occt_1157_stress:arm64+0x100006214)
    #14 void* std::__1::__thread_proxy[abi:nqe220106]<std::__1::tuple<std::__1::unique_ptr<std::__1::__thread_struct, std::__1::default_delete<std::__1::__thread_struct>>, void (*)(int, int), int, int>>(void*) thread.h:169 (occt_1157_stress:arm64+0x100006214)

  Previous write of size 8 at 0x00010f006ef8 by thread T3:
    #0 opencascade::handle<NCollection_BaseAllocator>::Assign(Standard_Transient*) Standard_Handle.hxx:377 (occt_1157_stress:arm64+0x1000df140)
    #1 opencascade::handle<NCollection_BaseAllocator>::operator=(opencascade::handle<NCollection_BaseAllocator> const&) Standard_Handle.hxx:102 (occt_1157_stress:arm64+0x1000df140)
    #2 NCollection_BaseSequence::NCollection_BaseSequence(opencascade::handle<NCollection_BaseAllocator> const&) NCollection_BaseSequence.hxx:126 (occt_1157_stress:arm64+0x1000df140)
    #3 NCollection_Sequence<opencascade::handle<TCollection_HAsciiString>>::NCollection_Sequence() NCollection_Sequence.hxx:149 (occt_1157_stress:arm64+0x1000df140)
    #4 NCollection_HSequence<opencascade::handle<TCollection_HAsciiString>>::NCollection_HSequence() NCollection_HSequence.hxx:36 (occt_1157_stress:arm64+0x1013014dc)
    #5 NCollection_HSequence<opencascade::handle<TCollection_HAsciiString>>::NCollection_HSequence() NCollection_HSequence.hxx:36 (occt_1157_stress:arm64+0x1013014dc)
    #6 Interface_Check::SendMsg(Message_Msg const&) Interface_Check.cxx:293 (occt_1157_stress:arm64+0x1013014dc)
    #7 IGESFile_Check(int, Message_Msg&) IGESFile_Read.cxx:328 (occt_1157_stress:arm64+0x100101758)
    #8 IGESFile_Read(char*, opencascade::handle<IGESData_IGESModel> const&, opencascade::handle<IGESData_Protocol> const&, opencascade::handle<IGESData_FileRecognizer> const&, bool) IGESFile_Read.cxx:167 (occt_1157_stress:arm64+0x100101758)
    #9 IGESFile_Read(char*, opencascade::handle<IGESData_IGESModel> const&, opencascade::handle<IGESData_Protocol> const&) IGESFile_Read.cxx:63 (occt_1157_stress:arm64+0x100100fa8)
    #10 IGESSelect_WorkLibrary::ReadFile(char const*, opencascade::handle<Interface_InterfaceModel>&, opencascade::handle<Interface_Protocol> const&) const IGESSelect_WorkLibrary.cxx:82 (occt_1157_stress:arm64+0x1002ec258)
    #11 IFSelect_WorkSession::ReadFile(char const*) IFSelect_WorkSession.cxx:187 (occt_1157_stress:arm64+0x1013b0a20)
    #12 XSControl_Reader::ReadFile(char const*) XSControl_Reader.cxx:108 (occt_1157_stress:arm64+0x1013d9d94)
    #13 runIgesReadIndependent(int, int) occt_1157_stress.cpp:192 (occt_1157_stress:arm64+0x1000025b0)
    #14 std::__1::__invoke_result_impl<void, void (*)(int, int), int, int>::type std::__1::__invoke[abi:nqe220106]<void (*)(int, int), int, int>(void (*&&)(int, int), int&&, int&&) invoke.h:90 (occt_1157_stress:arm64+0x100006214)
    #15 void std::__1::__thread_execute[abi:nqe220106]<std::__1::unique_ptr<std::__1::__thread_struct, std::__1::default_delete<std::__1::__thread_struct>>, void (*)(int, int), int, int, 0ul, 1ul, 2ul>(std::__1::tuple<std::__1::unique_ptr<std::__1::__thread_struct, std::__1::default_delete<std::__1::__thread_struct>>, void (*)(int, int), int, int>&, std::__1::__integer_sequence<unsigned long, 0ul, 1ul, 2ul>) thread.h:161 (occt_1157_stress:arm64+0x100006214)
    #16 void* std::__1::__thread_proxy[abi:nqe220106]<std::__1::tuple<std::__1::unique_ptr<std::__1::__thread_struct, std::__1::default_delete<std::__1::__thread_struct>>, void (*)(int, int), int, int>>(void*) thread.h:169 (occt_1157_stress:arm64+0x100006214)

  Location is heap block of size 72 at 0x00010f006ef0 allocated by thread T3:
    #0 calloc <null> (libclang_rt.tsan_osx_dynamic.dylib:arm64e+0x67ff4)
    #1 Standard::Allocate(unsigned long) Standard.cxx:386 (occt_1157_stress:arm64+0x1008bee84)
    #2 NCollection_HSequence<opencascade::handle<TCollection_HAsciiString>>::operator new(unsigned long) NCollection_HSequence.hxx:28 (occt_1157_stress:arm64+0x1013014c4)
    #3 Interface_Check::SendMsg(Message_Msg const&) Interface_Check.cxx:293 (occt_1157_stress:arm64+0x1013014c4)
    #4 IGESFile_Check(int, Message_Msg&) IGESFile_Read.cxx:328 (occt_1157_stress:arm64+0x100101758)
    #5 IGESFile_Read(char*, opencascade::handle<IGESData_IGESModel> const&, opencascade::handle<IGESData_Protocol> const&, opencascade::handle<IGESData_FileRecognizer> const&, bool) IGESFile_Read.cxx:167 (occt_1157_stress:arm64+0x100101758)
    #6 IGESFile_Read(char*, opencascade::handle<IGESData_IGESModel> const&, opencascade::handle<IGESData_Protocol> const&) IGESFile_Read.cxx:63 (occt_1157_stress:arm64+0x100100fa8)
    #7 IGESSelect_WorkLibrary::ReadFile(char const*, opencascade::handle<Interface_InterfaceModel>&, opencascade::handle<Interface_Protocol> const&) const IGESSelect_WorkLibrary.cxx:82 (occt_1157_stress:arm64+0x1002ec258)
    #8 IFSelect_WorkSession::ReadFile(char const*) IFSelect_WorkSession.cxx:187 (occt_1157_stress:arm64+0x1013b0a20)
    #9 XSControl_Reader::ReadFile(char const*) XSControl_Reader.cxx:108 (occt_1157_stress:arm64+0x1013d9d94)
    #10 runIgesReadIndependent(int, int) occt_1157_stress.cpp:192 (occt_1157_stress:arm64+0x1000025b0)
    #11 std::__1::__invoke_result_impl<void, void (*)(int, int), int, int>::type std::__1::__invoke[abi:nqe220106]<void (*)(int, int), int, int>(void (*&&)(int, int), int&&, int&&) invoke.h:90 (occt_1157_stress:arm64+0x100006214)
    #12 void std::__1::__thread_execute[abi:nqe220106]<std::__1::unique_ptr<std::__1::__thread_struct, std::__1::default_delete<std::__1::__thread_struct>>, void (*)(int, int), int, int, 0ul, 1ul, 2ul>(std::__1::tuple<std::__1::unique_ptr<std::__1::__thread_struct, std::__1::default_delete<std::__1::__thread_struct>>, void (*)(int, int), int, int>&, std::__1::__integer_sequence<unsigned long, 0ul, 1ul, 2ul>) thread.h:161 (occt_1157_stress:arm64+0x100006214)
    #13 void* std::__1::__thread_proxy[abi:nqe220106]<std::__1::tuple<std::__1::unique_ptr<std::__1::__thread_struct, std::__1::default_delete<std::__1::__thread_struct>>, void (*)(int, int), int, int>>(void*) thread.h:169 (occt_1157_stress:arm64+0x100006214)

  Thread T6 (tid=14910668, running) created by main thread at:
    #0 pthread_create <null> (libclang_rt.tsan_osx_dynamic.dylib:arm64e+0x33bac)
    #1 std::__1::__libcpp_thread_create[abi:nqe220106](_opaque_pthread_t**, void* (*)(void*), void*) pthread.h:182 (occt_1157_stress:arm64+0x1000060dc)
    #2 std::__1::thread::thread[abi:nqe220106]<void (*&)(int, int), int&, int&, 0>(void (*&)(int, int), int&, int&) thread.h:221 (occt_1157_stress:arm64+0x1000060dc)
    #3 std::__1::thread::thread[abi:nqe220106]<void (*&)(int, int), int&, int&, 0>(void (*&)(int, int), int&, int&) thread.h:212 (occt_1157_stress:arm64+0x1000038c8)
    #4 void std::__1::allocator<std::__1::thread>::construct[abi:nqe220106]<std::__1::thread, void (*&)(int, int), int&, int&>(std::__1::thread*, void (*&)(int, int), int&, int&) allocator.h:141 (occt_1157_stress:arm64+0x1000038c8)
    #5 void std::__1::allocator_traits<std::__1::allocator<std::__1::thread>>::construct[abi:nqe220106]<std::__1::thread, void (*&)(int, int), int&, int&, 0>(std::__1::allocator<std::__1::thread>&, std::__1::thread*, void (*&)(int, int), int&, int&) allocator_traits.h:296 (occt_1157_stress:arm64+0x1000038c8)
    #6 void std::__1::vector<std::__1::thread, std::__1::allocator<std::__1::thread>>::__emplace_back_assume_capacity[abi:nqe220106]<void (*&)(int, int), int&, int&>(void (*&)(int, int), int&, int&) vector.h:483 (occt_1157_stress:arm64+0x1000038c8)
    #7 std::__1::thread& std::__1::vector<std::__1::thread, std::__1::allocator<std::__1::thread>>::emplace_back<void (*&)(int, int), int&, int&>(void (*&)(int, int), int&, int&)::'lambda'()::operator()() const vector.h:1146 (occt_1157_stress:arm64+0x1000038c8)
    #8 void std::__1::__if_likely_else[abi:nqe220106]<std::__1::thread& std::__1::vector<std::__1::thread, std::__1::allocator<std::__1::thread>>::emplace_back<void (*&)(int, int), int&, int&>(void (*&)(int, int), int&, int&)::'lambda'(), std::__1::thread& std::__1::vector<std::__1::thread, std::__1::allocator<std::__1::thread>>::emplace_back<void (*&)(int, int), int&, int&>(void (*&)(int, int), int&, int&)::'lambda0'()>(bool, std::__1::thread& std::__1::vector<std::__1::thread, std::__1::allocator<std::__1::thread>>::emplace_back<void (*&)(int, int), int&, int&>(void (*&)(int, int), int&, int&)::'lambda'(), std::__1::thread& std::__1::vector<std::__1::thread, std::__1::allocator<std::__1::thread>>::emplace_back<void (*&)(int, int), int&, int&>(void (*&)(int, int), int&, int&)::'lambda0'()) vector.h:1127 (occt_1157_stress:arm64+0x1000038c8)
    #9 std::__1::thread& std::__1::vector<std::__1::thread, std::__1::allocator<std::__1::thread>>::emplace_back<void (*&)(int, int), int&, int&>(void (*&)(int, int), int&, int&) vector.h:1143 (occt_1157_stress:arm64+0x1000038c8)
    #10 runOne(char const*, int, int) occt_1157_stress.cpp:359 (occt_1157_stress:arm64+0x1000038c8)
    #11 main occt_1157_stress.cpp:396 (occt_1157_stress:arm64+0x100002de4)

  Thread T3 (tid=14910635, running) created by main thread at:
    #0 pthread_create <null> (libclang_rt.tsan_osx_dynamic.dylib:arm64e+0x33bac)
    #1 std::__1::__libcpp_thread_create[abi:nqe220106](_opaque_pthread_t**, void* (*)(void*), void*) pthread.h:182 (occt_1157_stress:arm64+0x1000060dc)
    #2 std::__1::thread::thread[abi:nqe220106]<void (*&)(int, int), int&, int&, 0>(void (*&)(int, int), int&, int&) thread.h:221 (occt_1157_stress:arm64+0x1000060dc)
    #3 std::__1::thread::thread[abi:nqe220106]<void (*&)(int, int), int&, int&, 0>(void (*&)(int, int), int&, int&) thread.h:212 (occt_1157_stress:arm64+0x10000645c)
    #4 void std::__1::allocator<std::__1::thread>::construct[abi:nqe220106]<std::__1::thread, void (*&)(int, int), int&, int&>(std::__1::thread*, void (*&)(int, int), int&, int&) allocator.h:141 (occt_1157_stress:arm64+0x10000645c)
    #5 void std::__1::allocator_traits<std::__1::allocator<std::__1::thread>>::construct[abi:nqe220106]<std::__1::thread, void (*&)(int, int), int&, int&, 0>(std::__1::allocator<std::__1::thread>&, std::__1::thread*, void (*&)(int, int), int&, int&) allocator_traits.h:296 (occt_1157_stress:arm64+0x10000645c)
    #6 std::__1::thread* std::__1::vector<std::__1::thread, std::__1::allocator<std::__1::thread>>::__emplace_back_slow_path<void (*&)(int, int), int&, int&>(void (*&)(int, int), int&, int&) vector.h:1109 (occt_1157_stress:arm64+0x10000645c)
    #7 std::__1::thread& std::__1::vector<std::__1::thread, std::__1::allocator<std::__1::thread>>::emplace_back<void (*&)(int, int), int&, int&>(void (*&)(int, int), int&, int&)::'lambda0'()::operator()() const vector.h:1149 (occt_1157_stress:arm64+0x100003918)
    #8 void std::__1::__if_likely_else[abi:nqe220106]<std::__1::thread& std::__1::vector<std::__1::thread, std::__1::allocator<std::__1::thread>>::emplace_back<void (*&)(int, int), int&, int&>(void (*&)(int, int), int&, int&)::'lambda'(), std::__1::thread& std::__1::vector<std::__1::thread, std::__1::allocator<std::__1::thread>>::emplace_back<void (*&)(int, int), int&, int&>(void (*&)(int, int), int&, int&)::'lambda0'()>(bool, std::__1::thread& std::__1::vector<std::__1::thread, std::__1::allocator<std::__1::thread>>::emplace_back<void (*&)(int, int), int&, int&>(void (*&)(int, int), int&, int&)::'lambda'(), std::__1::thread& std::__1::vector<std::__1::thread, std::__1::allocator<std::__1::thread>>::emplace_back<void (*&)(int, int), int&, int&>(void (*&)(int, int), int&, int&)::'lambda0'()) vector.h:1129 (occt_1157_stress:arm64+0x100003918)
    #9 std::__1::thread& std::__1::vector<std::__1::thread, std::__1::allocator<std::__1::thread>>::emplace_back<void (*&)(int, int), int&, int&>(void (*&)(int, int), int&, int&) vector.h:1143 (occt_1157_stress:arm64+0x100003918)
    #10 runOne(char const*, int, int) occt_1157_stress.cpp:359 (occt_1157_stress:arm64+0x100003918)
    #11 main occt_1157_stress.cpp:396 (occt_1157_stress:arm64+0x100002de4)

SUMMARY: ThreadSanitizer: data race Standard_Handle.hxx:125 in opencascade::handle<NCollection_BaseAllocator>::operator->() const
==================
==================
WARNING: ThreadSanitizer: data race (pid=70769)
  Read of size 8 at 0x00010f006e08 by thread T7:
    #0 opencascade::handle<NCollection_BaseAllocator>::operator->() const Standard_Handle.hxx:125 (occt_1157_stress:arm64+0x101301710)
    #1 NCollection_SeqNode::operator new(unsigned long, opencascade::handle<NCollection_BaseAllocator> const&) NCollection_BaseSequence.hxx:29 (occt_1157_stress:arm64+0x101301710)
    #2 NCollection_Sequence<opencascade::handle<TCollection_HAsciiString>>::Append(opencascade::handle<TCollection_HAsciiString> const&) NCollection_Sequence.hxx:274 (occt_1157_stress:arm64+0x101301710)
    #3 NCollection_HSequence<opencascade::handle<TCollection_HAsciiString>>::Append(opencascade::handle<TCollection_HAsciiString> const&) NCollection_HSequence.hxx:53 (occt_1157_stress:arm64+0x101301710)
    #4 Interface_Check::SendMsg(Message_Msg const&) Interface_Check.cxx:300 (occt_1157_stress:arm64+0x101301710)
    #5 IGESFile_Check(int, Message_Msg&) IGESFile_Read.cxx:328 (occt_1157_stress:arm64+0x1001010c4)
    #6 IGESFile_Read(char*, opencascade::handle<IGESData_IGESModel> const&, opencascade::handle<IGESData_Protocol> const&, opencascade::handle<IGESData_FileRecognizer> const&, bool) IGESFile_Read.cxx:91 (occt_1157_stress:arm64+0x1001010c4)
    #7 IGESFile_Read(char*, opencascade::handle<IGESData_IGESModel> const&, opencascade::handle<IGESData_Protocol> const&) IGESFile_Read.cxx:63 (occt_1157_stress:arm64+0x100100fa8)
    #8 IGESSelect_WorkLibrary::ReadFile(char const*, opencascade::handle<Interface_InterfaceModel>&, opencascade::handle<Interface_Protocol> const&) const IGESSelect_WorkLibrary.cxx:82 (occt_1157_stress:arm64+0x1002ec258)
    #9 IFSelect_WorkSession::ReadFile(char const*) IFSelect_WorkSession.cxx:187 (occt_1157_stress:arm64+0x1013b0a20)
    #10 XSControl_Reader::ReadFile(char const*) XSControl_Reader.cxx:108 (occt_1157_stress:arm64+0x1013d9d94)
    #11 runIgesReadIndependent(int, int) occt_1157_stress.cpp:192 (occt_1157_stress:arm64+0x1000025b0)
    #12 std::__1::__invoke_result_impl<void, void (*)(int, int), int, int>::type std::__1::__invoke[abi:nqe220106]<void (*)(int, int), int, int>(void (*&&)(int, int), int&&, int&&) invoke.h:90 (occt_1157_stress:arm64+0x100006214)
    #13 void std::__1::__thread_execute[abi:nqe220106]<std::__1::unique_ptr<std::__1::__thread_struct, std::__1::default_delete<std::__1::__thread_struct>>, void (*)(int, int), int, int, 0ul, 1ul, 2ul>(std::__1::tuple<std::__1::unique_ptr<std::__1::__thread_struct, std::__1::default_delete<std::__1::__thread_struct>>, void (*)(int, int), int, int>&, std::__1::__integer_sequence<unsigned long, 0ul, 1ul, 2ul>) thread.h:161 (occt_1157_stress:arm64+0x100006214)
    #14 void* std::__1::__thread_proxy[abi:nqe220106]<std::__1::tuple<std::__1::unique_ptr<std::__1::__thread_struct, std::__1::default_delete<std::__1::__thread_struct>>, void (*)(int, int), int, int>>(void*) thread.h:169 (occt_1157_stress:arm64+0x100006214)

  Previous write of size 8 at 0x00010f006e08 by thread T3:
    #0 opencascade::handle<NCollection_BaseAllocator>::Assign(Standard_Transient*) Standard_Handle.hxx:377 (occt_1157_stress:arm64+0x1000df140)
    #1 opencascade::handle<NCollection_BaseAllocator>::operator=(opencascade::handle<NCollection_BaseAllocator> const&) Standard_Handle.hxx:102 (occt_1157_stress:arm64+0x1000df140)
    #2 NCollection_BaseSequence::NCollection_BaseSequence(opencascade::handle<NCollection_BaseAllocator> const&) NCollection_BaseSequence.hxx:126 (occt_1157_stress:arm64+0x1000df140)
    #3 NCollection_Sequence<opencascade::handle<TCollection_HAsciiString>>::NCollection_Sequence() NCollection_Sequence.hxx:149 (occt_1157_stress:arm64+0x1000df140)
    #4 NCollection_HSequence<opencascade::handle<TCollection_HAsciiString>>::NCollection_HSequence() NCollection_HSequence.hxx:36 (occt_1157_stress:arm64+0x1013015c4)
    #5 NCollection_HSequence<opencascade::handle<TCollection_HAsciiString>>::NCollection_HSequence() NCollection_HSequence.hxx:36 (occt_1157_stress:arm64+0x1013015c4)
    #6 Interface_Check::SendMsg(Message_Msg const&) Interface_Check.cxx:297 (occt_1157_stress:arm64+0x1013015c4)
    #7 IGESFile_Check(int, Message_Msg&) IGESFile_Read.cxx:328 (occt_1157_stress:arm64+0x100101758)
    #8 IGESFile_Read(char*, opencascade::handle<IGESData_IGESModel> const&, opencascade::handle<IGESData_Protocol> const&, opencascade::handle<IGESData_FileRecognizer> const&, bool) IGESFile_Read.cxx:167 (occt_1157_stress:arm64+0x100101758)
    #9 IGESFile_Read(char*, opencascade::handle<IGESData_IGESModel> const&, opencascade::handle<IGESData_Protocol> const&) IGESFile_Read.cxx:63 (occt_1157_stress:arm64+0x100100fa8)
    #10 IGESSelect_WorkLibrary::ReadFile(char const*, opencascade::handle<Interface_InterfaceModel>&, opencascade::handle<Interface_Protocol> const&) const IGESSelect_WorkLibrary.cxx:82 (occt_1157_stress:arm64+0x1002ec258)
    #11 IFSelect_WorkSession::ReadFile(char const*) IFSelect_WorkSession.cxx:187 (occt_1157_stress:arm64+0x1013b0a20)
    #12 XSControl_Reader::ReadFile(char const*) XSControl_Reader.cxx:108 (occt_1157_stress:arm64+0x1013d9d94)
    #13 runIgesReadIndependent(int, int) occt_1157_stress.cpp:192 (occt_1157_stress:arm64+0x1000025b0)
    #14 std::__1::__invoke_result_impl<void, void (*)(int, int), int, int>::type std::__1::__invoke[abi:nqe220106]<void (*)(int, int), int, int>(void (*&&)(int, int), int&&, int&&) invoke.h:90 (occt_1157_stress:arm64+0x100006214)
    #15 void std::__1::__thread_execute[abi:nqe220106]<std::__1::unique_ptr<std::__1::__thread_struct, std::__1::default_delete<std::__1::__thread_struct>>, void (*)(int, int), int, int, 0ul, 1ul, 2ul>(std::__1::tuple<std::__1::unique_ptr<std::__1::__thread_struct, std::__1::default_delete<std::__1::__thread_struct>>, void (*)(int, int), int, int>&, std::__1::__integer_sequence<unsigned long, 0ul, 1ul, 2ul>) thread.h:161 (occt_1157_stress:arm64+0x100006214)
    #16 void* std::__1::__thread_proxy[abi:nqe220106]<std::__1::tuple<std::__1::unique_ptr<std::__1::__thread_struct, std::__1::default_delete<std::__1::__thread_struct>>, void (*)(int, int), int, int>>(void*) thread.h:169 (occt_1157_stress:arm64+0x100006214)

  Location is heap block of size 72 at 0x00010f006e00 allocated by thread T3:
    #0 calloc <null> (libclang_rt.tsan_osx_dynamic.dylib:arm64e+0x67ff4)
    #1 Standard::Allocate(unsigned long) Standard.cxx:386 (occt_1157_stress:arm64+0x1008bee84)
    #2 NCollection_HSequence<opencascade::handle<TCollection_HAsciiString>>::operator new(unsigned long) NCollection_HSequence.hxx:28 (occt_1157_stress:arm64+0x1013015ac)
    #3 Interface_Check::SendMsg(Message_Msg const&) Interface_Check.cxx:297 (occt_1157_stress:arm64+0x1013015ac)
    #4 IGESFile_Check(int, Message_Msg&) IGESFile_Read.cxx:328 (occt_1157_stress:arm64+0x100101758)
    #5 IGESFile_Read(char*, opencascade::handle<IGESData_IGESModel> const&, opencascade::handle<IGESData_Protocol> const&, opencascade::handle<IGESData_FileRecognizer> const&, bool) IGESFile_Read.cxx:167 (occt_1157_stress:arm64+0x100101758)
    #6 IGESFile_Read(char*, opencascade::handle<IGESData_IGESModel> const&, opencascade::handle<IGESData_Protocol> const&) IGESFile_Read.cxx:63 (occt_1157_stress:arm64+0x100100fa8)
    #7 IGESSelect_WorkLibrary::ReadFile(char const*, opencascade::handle<Interface_InterfaceModel>&, opencascade::handle<Interface_Protocol> const&) const IGESSelect_WorkLibrary.cxx:82 (occt_1157_stress:arm64+0x1002ec258)
    #8 IFSelect_WorkSession::ReadFile(char const*) IFSelect_WorkSession.cxx:187 (occt_1157_stress:arm64+0x1013b0a20)
    #9 XSControl_Reader::ReadFile(char const*) XSControl_Reader.cxx:108 (occt_1157_stress:arm64+0x1013d9d94)
    #10 runIgesReadIndependent(int, int) occt_1157_stress.cpp:192 (occt_1157_stress:arm64+0x1000025b0)
    #11 std::__1::__invoke_result_impl<void, void (*)(int, int), int, int>::type std::__1::__invoke[abi:nqe220106]<void (*)(int, int), int, int>(void (*&&)(int, int), int&&, int&&) invoke.h:90 (occt_1157_stress:arm64+0x100006214)
    #12 void std::__1::__thread_execute[abi:nqe220106]<std::__1::unique_ptr<std::__1::__thread_struct, std::__1::default_delete<std::__1::__thread_struct>>, void (*)(int, int), int, int, 0ul, 1ul, 2ul>(std::__1::tuple<std::__1::unique_ptr<std::__1::__thread_struct, std::__1::default_delete<std::__1::__thread_struct>>, void (*)(int, int), int, int>&, std::__1::__integer_sequence<unsigned long, 0ul, 1ul, 2ul>) thread.h:161 (occt_1157_stress:arm64+0x100006214)
    #13 void* std::__1::__thread_proxy[abi:nqe220106]<std::__1::tuple<std::__1::unique_ptr<std::__1::__thread_struct, std::__1::default_delete<std::__1::__thread_struct>>, void (*)(int, int), int, int>>(void*) thread.h:169 (occt_1157_stress:arm64+0x100006214)

  Thread T7 (tid=14910669, running) created by main thread at:
    #0 pthread_create <null> (libclang_rt.tsan_osx_dynamic.dylib:arm64e+0x33bac)
    #1 std::__1::__libcpp_thread_create[abi:nqe220106](_opaque_pthread_t**, void* (*)(void*), void*) pthread.h:182 (occt_1157_stress:arm64+0x1000060dc)
    #2 std::__1::thread::thread[abi:nqe220106]<void (*&)(int, int), int&, int&, 0>(void (*&)(int, int), int&, int&) thread.h:221 (occt_1157_stress:arm64+0x1000060dc)
    #3 std::__1::thread::thread[abi:nqe220106]<void (*&)(int, int), int&, int&, 0>(void (*&)(int, int), int&, int&) thread.h:212 (occt_1157_stress:arm64+0x1000038c8)
    #4 void std::__1::allocator<std::__1::thread>::construct[abi:nqe220106]<std::__1::thread, void (*&)(int, int), int&, int&>(std::__1::thread*, void (*&)(int, int), int&, int&) allocator.h:141 (occt_1157_stress:arm64+0x1000038c8)
    #5 void std::__1::allocator_traits<std::__1::allocator<std::__1::thread>>::construct[abi:nqe220106]<std::__1::thread, void (*&)(int, int), int&, int&, 0>(std::__1::allocator<std::__1::thread>&, std::__1::thread*, void (*&)(int, int), int&, int&) allocator_traits.h:296 (occt_1157_stress:arm64+0x1000038c8)
    #6 void std::__1::vector<std::__1::thread, std::__1::allocator<std::__1::thread>>::__emplace_back_assume_capacity[abi:nqe220106]<void (*&)(int, int), int&, int&>(void (*&)(int, int), int&, int&) vector.h:483 (occt_1157_stress:arm64+0x1000038c8)
    #7 std::__1::thread& std::__1::vector<std::__1::thread, std::__1::allocator<std::__1::thread>>::emplace_back<void (*&)(int, int), int&, int&>(void (*&)(int, int), int&, int&)::'lambda'()::operator()() const vector.h:1146 (occt_1157_stress:arm64+0x1000038c8)
    #8 void std::__1::__if_likely_else[abi:nqe220106]<std::__1::thread& std::__1::vector<std::__1::thread, std::__1::allocator<std::__1::thread>>::emplace_back<void (*&)(int, int), int&, int&>(void (*&)(int, int), int&, int&)::'lambda'(), std::__1::thread& std::__1::vector<std::__1::thread, std::__1::allocator<std::__1::thread>>::emplace_back<void (*&)(int, int), int&, int&>(void (*&)(int, int), int&, int&)::'lambda0'()>(bool, std::__1::thread& std::__1::vector<std::__1::thread, std::__1::allocator<std::__1::thread>>::emplace_back<void (*&)(int, int), int&, int&>(void (*&)(int, int), int&, int&)::'lambda'(), std::__1::thread& std::__1::vector<std::__1::thread, std::__1::allocator<std::__1::thread>>::emplace_back<void (*&)(int, int), int&, int&>(void (*&)(int, int), int&, int&)::'lambda0'()) vector.h:1127 (occt_1157_stress:arm64+0x1000038c8)
    #9 std::__1::thread& std::__1::vector<std::__1::thread, std::__1::allocator<std::__1::thread>>::emplace_back<void (*&)(int, int), int&, int&>(void (*&)(int, int), int&, int&) vector.h:1143 (occt_1157_stress:arm64+0x1000038c8)
    #10 runOne(char const*, int, int) occt_1157_stress.cpp:359 (occt_1157_stress:arm64+0x1000038c8)
    #11 main occt_1157_stress.cpp:396 (occt_1157_stress:arm64+0x100002de4)

  Thread T3 (tid=14910635, running) created by main thread at:
    #0 pthread_create <null> (libclang_rt.tsan_osx_dynamic.dylib:arm64e+0x33bac)
    #1 std::__1::__libcpp_thread_create[abi:nqe220106](_opaque_pthread_t**, void* (*)(void*), void*) pthread.h:182 (occt_1157_stress:arm64+0x1000060dc)
    #2 std::__1::thread::thread[abi:nqe220106]<void (*&)(int, int), int&, int&, 0>(void (*&)(int, int), int&, int&) thread.h:221 (occt_1157_stress:arm64+0x1000060dc)
    #3 std::__1::thread::thread[abi:nqe220106]<void (*&)(int, int), int&, int&, 0>(void (*&)(int, int), int&, int&) thread.h:212 (occt_1157_stress:arm64+0x10000645c)
    #4 void std::__1::allocator<std::__1::thread>::construct[abi:nqe220106]<std::__1::thread, void (*&)(int, int), int&, int&>(std::__1::thread*, void (*&)(int, int), int&, int&) allocator.h:141 (occt_1157_stress:arm64+0x10000645c)
    #5 void std::__1::allocator_traits<std::__1::allocator<std::__1::thread>>::construct[abi:nqe220106]<std::__1::thread, void (*&)(int, int), int&, int&, 0>(std::__1::allocator<std::__1::thread>&, std::__1::thread*, void (*&)(int, int), int&, int&) allocator_traits.h:296 (occt_1157_stress:arm64+0x10000645c)
    #6 std::__1::thread* std::__1::vector<std::__1::thread, std::__1::allocator<std::__1::thread>>::__emplace_back_slow_path<void (*&)(int, int), int&, int&>(void (*&)(int, int), int&, int&) vector.h:1109 (occt_1157_stress:arm64+0x10000645c)
    #7 std::__1::thread& std::__1::vector<std::__1::thread, std::__1::allocator<std::__1::thread>>::emplace_back<void (*&)(int, int), int&, int&>(void (*&)(int, int), int&, int&)::'lambda0'()::operator()() const vector.h:1149 (occt_1157_stress:arm64+0x100003918)
    #8 void std::__1::__if_likely_else[abi:nqe220106]<std::__1::thread& std::__1::vector<std::__1::thread, std::__1::allocator<std::__1::thread>>::emplace_back<void (*&)(int, int), int&, int&>(void (*&)(int, int), int&, int&)::'lambda'(), std::__1::thread& std::__1::vector<std::__1::thread, std::__1::allocator<std::__1::thread>>::emplace_back<void (*&)(int, int), int&, int&>(void (*&)(int, int), int&, int&)::'lambda0'()>(bool, std::__1::thread& std::__1::vector<std::__1::thread, std::__1::allocator<std::__1::thread>>::emplace_back<void (*&)(int, int), int&, int&>(void (*&)(int, int), int&, int&)::'lambda'(), std::__1::thread& std::__1::vector<std::__1::thread, std::__1::allocator<std::__1::thread>>::emplace_back<void (*&)(int, int), int&, int&>(void (*&)(int, int), int&, int&)::'lambda0'()) vector.h:1129 (occt_1157_stress:arm64+0x100003918)
    #9 std::__1::thread& std::__1::vector<std::__1::thread, std::__1::allocator<std::__1::thread>>::emplace_back<void (*&)(int, int), int&, int&>(void (*&)(int, int), int&, int&) vector.h:1143 (occt_1157_stress:arm64+0x100003918)
    #10 runOne(char const*, int, int) occt_1157_stress.cpp:359 (occt_1157_stress:arm64+0x100003918)
    #11 main occt_1157_stress.cpp:396 (occt_1157_stress:arm64+0x100002de4)

SUMMARY: ThreadSanitizer: data race Standard_Handle.hxx:125 in opencascade::handle<NCollection_BaseAllocator>::operator->() const
==================
==================
WARNING: ThreadSanitizer: data race (pid=70769)
  Read of size 8 at 0x00010f006f20 by thread T6:
    #0 NCollection_BaseSequence::PAppend(NCollection_SeqNode*) NCollection_BaseSequence.cxx:44 (occt_1157_stress:arm64+0x1008dfd98)
    #1 NCollection_Sequence<opencascade::handle<TCollection_HAsciiString>>::Append(opencascade::handle<TCollection_HAsciiString> const&) NCollection_Sequence.hxx:274 (occt_1157_stress:arm64+0x1013016fc)
    #2 NCollection_HSequence<opencascade::handle<TCollection_HAsciiString>>::Append(opencascade::handle<TCollection_HAsciiString> const&) NCollection_HSequence.hxx:53 (occt_1157_stress:arm64+0x1013016fc)
    #3 Interface_Check::SendMsg(Message_Msg const&) Interface_Check.cxx:299 (occt_1157_stress:arm64+0x1013016fc)
    #4 IGESFile_Check(int, Message_Msg&) IGESFile_Read.cxx:328 (occt_1157_stress:arm64+0x1001010c4)
    #5 IGESFile_Read(char*, opencascade::handle<IGESData_IGESModel> const&, opencascade::handle<IGESData_Protocol> const&, opencascade::handle<IGESData_FileRecognizer> const&, bool) IGESFile_Read.cxx:91 (occt_1157_stress:arm64+0x1001010c4)
    #6 IGESFile_Read(char*, opencascade::handle<IGESData_IGESModel> const&, opencascade::handle<IGESData_Protocol> const&) IGESFile_Read.cxx:63 (occt_1157_stress:arm64+0x100100fa8)
    #7 IGESSelect_WorkLibrary::ReadFile(char const*, opencascade::handle<Interface_InterfaceModel>&, opencascade::handle<Interface_Protocol> const&) const IGESSelect_WorkLibrary.cxx:82 (occt_1157_stress:arm64+0x1002ec258)
    #8 IFSelect_WorkSession::ReadFile(char const*) IFSelect_WorkSession.cxx:187 (occt_1157_stress:arm64+0x1013b0a20)
    #9 XSControl_Reader::ReadFile(char const*) XSControl_Reader.cxx:108 (occt_1157_stress:arm64+0x1013d9d94)
    #10 runIgesReadIndependent(int, int) occt_1157_stress.cpp:192 (occt_1157_stress:arm64+0x1000025b0)
    #11 std::__1::__invoke_result_impl<void, void (*)(int, int), int, int>::type std::__1::__invoke[abi:nqe220106]<void (*)(int, int), int, int>(void (*&&)(int, int), int&&, int&&) invoke.h:90 (occt_1157_stress:arm64+0x100006214)
    #12 void std::__1::__thread_execute[abi:nqe220106]<std::__1::unique_ptr<std::__1::__thread_struct, std::__1::default_delete<std::__1::__thread_struct>>, void (*)(int, int), int, int, 0ul, 1ul, 2ul>(std::__1::tuple<std::__1::unique_ptr<std::__1::__thread_struct, std::__1::default_delete<std::__1::__thread_struct>>, void (*)(int, int), int, int>&, std::__1::__integer_sequence<unsigned long, 0ul, 1ul, 2ul>) thread.h:161 (occt_1157_stress:arm64+0x100006214)
    #13 void* std::__1::__thread_proxy[abi:nqe220106]<std::__1::tuple<std::__1::unique_ptr<std::__1::__thread_struct, std::__1::default_delete<std::__1::__thread_struct>>, void (*)(int, int), int, int>>(void*) thread.h:169 (occt_1157_stress:arm64+0x100006214)

  Previous write of size 8 at 0x00010f006f20 by thread T3:
    #0 NCollection_BaseSequence::PAppend(NCollection_SeqNode*) NCollection_BaseSequence.cxx (occt_1157_stress:arm64+0x1008dfe1c)
    #1 NCollection_Sequence<opencascade::handle<TCollection_HAsciiString>>::Append(opencascade::handle<TCollection_HAsciiString> const&) NCollection_Sequence.hxx:274 (occt_1157_stress:arm64+0x1013016fc)
    #2 NCollection_HSequence<opencascade::handle<TCollection_HAsciiString>>::Append(opencascade::handle<TCollection_HAsciiString> const&) NCollection_HSequence.hxx:53 (occt_1157_stress:arm64+0x1013016fc)
    #3 Interface_Check::SendMsg(Message_Msg const&) Interface_Check.cxx:299 (occt_1157_stress:arm64+0x1013016fc)
    #4 IGESFile_Check(int, Message_Msg&) IGESFile_Read.cxx:328 (occt_1157_stress:arm64+0x100101758)
    #5 IGESFile_Read(char*, opencascade::handle<IGESData_IGESModel> const&, opencascade::handle<IGESData_Protocol> const&, opencascade::handle<IGESData_FileRecognizer> const&, bool) IGESFile_Read.cxx:167 (occt_1157_stress:arm64+0x100101758)
    #6 IGESFile_Read(char*, opencascade::handle<IGESData_IGESModel> const&, opencascade::handle<IGESData_Protocol> const&) IGESFile_Read.cxx:63 (occt_1157_stress:arm64+0x100100fa8)
    #7 IGESSelect_WorkLibrary::ReadFile(char const*, opencascade::handle<Interface_InterfaceModel>&, opencascade::handle<Interface_Protocol> const&) const IGESSelect_WorkLibrary.cxx:82 (occt_1157_stress:arm64+0x1002ec258)
    #8 IFSelect_WorkSession::ReadFile(char const*) IFSelect_WorkSession.cxx:187 (occt_1157_stress:arm64+0x1013b0a20)
    #9 XSControl_Reader::ReadFile(char const*) XSControl_Reader.cxx:108 (occt_1157_stress:arm64+0x1013d9d94)
    #10 runIgesReadIndependent(int, int) occt_1157_stress.cpp:192 (occt_1157_stress:arm64+0x1000025b0)
    #11 std::__1::__invoke_result_impl<void, void (*)(int, int), int, int>::type std::__1::__invoke[abi:nqe220106]<void (*)(int, int), int, int>(void (*&&)(int, int), int&&, int&&) invoke.h:90 (occt_1157_stress:arm64+0x100006214)
    #12 void std::__1::__thread_execute[abi:nqe220106]<std::__1::unique_ptr<std::__1::__thread_struct, std::__1::default_delete<std::__1::__thread_struct>>, void (*)(int, int), int, int, 0ul, 1ul, 2ul>(std::__1::tuple<std::__1::unique_ptr<std::__1::__thread_struct, std::__1::default_delete<std::__1::__thread_struct>>, void (*)(int, int), int, int>&, std::__1::__integer_sequence<unsigned long, 0ul, 1ul, 2ul>) thread.h:161 (occt_1157_stress:arm64+0x100006214)
    #13 void* std::__1::__thread_proxy[abi:nqe220106]<std::__1::tuple<std::__1::unique_ptr<std::__1::__thread_struct, std::__1::default_delete<std::__1::__thread_struct>>, void (*)(int, int), int, int>>(void*) thread.h:169 (occt_1157_stress:arm64+0x100006214)

  Location is heap block of size 72 at 0x00010f006ef0 allocated by thread T3:
    #0 calloc <null> (libclang_rt.tsan_osx_dynamic.dylib:arm64e+0x67ff4)
    #1 Standard::Allocate(unsigned long) Standard.cxx:386 (occt_1157_stress:arm64+0x1008bee84)
    #2 NCollection_HSequence<opencascade::handle<TCollection_HAsciiString>>::operator new(unsigned long) NCollection_HSequence.hxx:28 (occt_1157_stress:arm64+0x1013014c4)
    #3 Interface_Check::SendMsg(Message_Msg const&) Interface_Check.cxx:293 (occt_1157_stress:arm64+0x1013014c4)
    #4 IGESFile_Check(int, Message_Msg&) IGESFile_Read.cxx:328 (occt_1157_stress:arm64+0x100101758)
    #5 IGESFile_Read(char*, opencascade::handle<IGESData_IGESModel> const&, opencascade::handle<IGESData_Protocol> const&, opencascade::handle<IGESData_FileRecognizer> const&, bool) IGESFile_Read.cxx:167 (occt_1157_stress:arm64+0x100101758)
    #6 IGESFile_Read(char*, opencascade::handle<IGESData_IGESModel> const&, opencascade::handle<IGESData_Protocol> const&) IGESFile_Read.cxx:63 (occt_1157_stress:arm64+0x100100fa8)
    #7 IGESSelect_WorkLibrary::ReadFile(char const*, opencascade::handle<Interface_InterfaceModel>&, opencascade::handle<Interface_Protocol> const&) const IGESSelect_WorkLibrary.cxx:82 (occt_1157_stress:arm64+0x1002ec258)
    #8 IFSelect_WorkSession::ReadFile(char const*) IFSelect_WorkSession.cxx:187 (occt_1157_stress:arm64+0x1013b0a20)
    #9 XSControl_Reader::ReadFile(char const*) XSControl_Reader.cxx:108 (occt_1157_stress:arm64+0x1013d9d94)
    #10 runIgesReadIndependent(int, int) occt_1157_stress.cpp:192 (occt_1157_stress:arm64+0x1000025b0)
    #11 std::__1::__invoke_result_impl<void, void (*)(int, int), int, int>::type std::__1::__invoke[abi:nqe220106]<void (*)(int, int), int, int>(void (*&&)(int, int), int&&, int&&) invoke.h:90 (occt_1157_stress:arm64+0x100006214)
    #12 void std::__1::__thread_execute[abi:nqe220106]<std::__1::unique_ptr<std::__1::__thread_struct, std::__1::default_delete<std::__1::__thread_struct>>, void (*)(int, int), int, int, 0ul, 1ul, 2ul>(std::__1::tuple<std::__1::unique_ptr<std::__1::__thread_struct, std::__1::default_delete<std::__1::__thread_struct>>, void (*)(int, int), int, int>&, std::__1::__integer_sequence<unsigned long, 0ul, 1ul, 2ul>) thread.h:161 (occt_1157_stress:arm64+0x100006214)
    #13 void* std::__1::__thread_proxy[abi:nqe220106]<std::__1::tuple<std::__1::unique_ptr<std::__1::__thread_struct, std::__1::default_delete<std::__1::__thread_struct>>, void (*)(int, int), int, int>>(void*) thread.h:169 (occt_1157_stress:arm64+0x100006214)

  Thread T6 (tid=14910668, running) created by main thread at:
    #0 pthread_create <null> (libclang_rt.tsan_osx_dynamic.dylib:arm64e+0x33bac)
    #1 std::__1::__libcpp_thread_create[abi:nqe220106](_opaque_pthread_t**, void* (*)(void*), void*) pthread.h:182 (occt_1157_stress:arm64+0x1000060dc)
    #2 std::__1::thread::thread[abi:nqe220106]<void (*&)(int, int), int&, int&, 0>(void (*&)(int, int), int&, int&) thread.h:221 (occt_1157_stress:arm64+0x1000060dc)
    #3 std::__1::thread::thread[abi:nqe220106]<void (*&)(int, int), int&, int&, 0>(void (*&)(int, int), int&, int&) thread.h:212 (occt_1157_stress:arm64+0x1000038c8)
    #4 void std::__1::allocator<std::__1::thread>::construct[abi:nqe220106]<std::__1::thread, void (*&)(int, int), int&, int&>(std::__1::thread*, void (*&)(int, int), int&, int&) allocator.h:141 (occt_1157_stress:arm64+0x1000038c8)
    #5 void std::__1::allocator_traits<std::__1::allocator<std::__1::thread>>::construct[abi:nqe220106]<std::__1::thread, void (*&)(int, int), int&, int&, 0>(std::__1::allocator<std::__1::thread>&, std::__1::thread*, void (*&)(int, int), int&, int&) allocator_traits.h:296 (occt_1157_stress:arm64+0x1000038c8)
    #6 void std::__1::vector<std::__1::thread, std::__1::allocator<std::__1::thread>>::__emplace_back_assume_capacity[abi:nqe220106]<void (*&)(int, int), int&, int&>(void (*&)(int, int), int&, int&) vector.h:483 (occt_1157_stress:arm64+0x1000038c8)
    #7 std::__1::thread& std::__1::vector<std::__1::thread, std::__1::allocator<std::__1::thread>>::emplace_back<void (*&)(int, int), int&, int&>(void (*&)(int, int), int&, int&)::'lambda'()::operator()() const vector.h:1146 (occt_1157_stress:arm64+0x1000038c8)
    #8 void std::__1::__if_likely_else[abi:nqe220106]<std::__1::thread& std::__1::vector<std::__1::thread, std::__1::allocator<std::__1::thread>>::emplace_back<void (*&)(int, int), int&, int&>(void (*&)(int, int), int&, int&)::'lambda'(), std::__1::thread& std::__1::vector<std::__1::thread, std::__1::allocator<std::__1::thread>>::emplace_back<void (*&)(int, int), int&, int&>(void (*&)(int, int), int&, int&)::'lambda0'()>(bool, std::__1::thread& std::__1::vector<std::__1::thread, std::__1::allocator<std::__1::thread>>::emplace_back<void (*&)(int, int), int&, int&>(void (*&)(int, int), int&, int&)::'lambda'(), std::__1::thread& std::__1::vector<std::__1::thread, std::__1::allocator<std::__1::thread>>::emplace_back<void (*&)(int, int), int&, int&>(void (*&)(int, int), int&, int&)::'lambda0'()) vector.h:1127 (occt_1157_stress:arm64+0x1000038c8)
    #9 std::__1::thread& std::__1::vector<std::__1::thread, std::__1::allocator<std::__1::thread>>::emplace_back<void (*&)(int, int), int&, int&>(void (*&)(int, int), int&, int&) vector.h:1143 (occt_1157_stress:arm64+0x1000038c8)
    #10 runOne(char const*, int, int) occt_1157_stress.cpp:359 (occt_1157_stress:arm64+0x1000038c8)
    #11 main occt_1157_stress.cpp:396 (occt_1157_stress:arm64+0x100002de4)

  Thread T3 (tid=14910635, running) created by main thread at:
    #0 pthread_create <null> (libclang_rt.tsan_osx_dynamic.dylib:arm64e+0x33bac)
    #1 std::__1::__libcpp_thread_create[abi:nqe220106](_opaque_pthread_t**, void* (*)(void*), void*) pthread.h:182 (occt_1157_stress:arm64+0x1000060dc)
    #2 std::__1::thread::thread[abi:nqe220106]<void (*&)(int, int), int&, int&, 0>(void (*&)(int, int), int&, int&) thread.h:221 (occt_1157_stress:arm64+0x1000060dc)
    #3 std::__1::thread::thread[abi:nqe220106]<void (*&)(int, int), int&, int&, 0>(void (*&)(int, int), int&, int&) thread.h:212 (occt_1157_stress:arm64+0x10000645c)
    #4 void std::__1::allocator<std::__1::thread>::construct[abi:nqe220106]<std::__1::thread, void (*&)(int, int), int&, int&>(std::__1::thread*, void (*&)(int, int), int&, int&) allocator.h:141 (occt_1157_stress:arm64+0x10000645c)
    #5 void std::__1::allocator_traits<std::__1::allocator<std::__1::thread>>::construct[abi:nqe220106]<std::__1::thread, void (*&)(int, int), int&, int&, 0>(std::__1::allocator<std::__1::thread>&, std::__1::thread*, void (*&)(int, int), int&, int&) allocator_traits.h:296 (occt_1157_stress:arm64+0x10000645c)
    #6 std::__1::thread* std::__1::vector<std::__1::thread, std::__1::allocator<std::__1::thread>>::__emplace_back_slow_path<void (*&)(int, int), int&, int&>(void (*&)(int, int), int&, int&) vector.h:1109 (occt_1157_stress:arm64+0x10000645c)
    #7 std::__1::thread& std::__1::vector<std::__1::thread, std::__1::allocator<std::__1::thread>>::emplace_back<void (*&)(int, int), int&, int&>(void (*&)(int, int), int&, int&)::'lambda0'()::operator()() const vector.h:1149 (occt_1157_stress:arm64+0x100003918)
    #8 void std::__1::__if_likely_else[abi:nqe220106]<std::__1::thread& std::__1::vector<std::__1::thread, std::__1::allocator<std::__1::thread>>::emplace_back<void (*&)(int, int), int&, int&>(void (*&)(int, int), int&, int&)::'lambda'(), std::__1::thread& std::__1::vector<std::__1::thread, std::__1::allocator<std::__1::thread>>::emplace_back<void (*&)(int, int), int&, int&>(void (*&)(int, int), int&, int&)::'lambda0'()>(bool, std::__1::thread& std::__1::vector<std::__1::thread, std::__1::allocator<std::__1::thread>>::emplace_back<void (*&)(int, int), int&, int&>(void (*&)(int, int), int&, int&)::'lambda'(), std::__1::thread& std::__1::vector<std::__1::thread, std::__1::allocator<std::__1::thread>>::emplace_back<void (*&)(int, int), int&, int&>(void (*&)(int, int), int&, int&)::'lambda0'()) vector.h:1129 (occt_1157_stress:arm64+0x100003918)
    #9 std::__1::thread& std::__1::vector<std::__1::thread, std::__1::allocator<std::__1::thread>>::emplace_back<void (*&)(int, int), int&, int&>(void (*&)(int, int), int&, int&) vector.h:1143 (occt_1157_stress:arm64+0x100003918)
    #10 runOne(char const*, int, int) occt_1157_stress.cpp:359 (occt_1157_stress:arm64+0x100003918)
    #11 main occt_1157_stress.cpp:396 (occt_1157_stress:arm64+0x100002de4)

SUMMARY: ThreadSanitizer: data race NCollection_BaseSequence.cxx:44 in NCollection_BaseSequence::PAppend(NCollection_SeqNode*)
==================
==================
WARNING: ThreadSanitizer: data race (pid=70769)
  Read of size 8 at 0x00010f006e30 by thread T7:
    #0 NCollection_BaseSequence::PAppend(NCollection_SeqNode*) NCollection_BaseSequence.cxx:44 (occt_1157_stress:arm64+0x1008dfd98)
    #1 NCollection_Sequence<opencascade::handle<TCollection_HAsciiString>>::Append(opencascade::handle<TCollection_HAsciiString> const&) NCollection_Sequence.hxx:274 (occt_1157_stress:arm64+0x101301770)
    #2 NCollection_HSequence<opencascade::handle<TCollection_HAsciiString>>::Append(opencascade::handle<TCollection_HAsciiString> const&) NCollection_HSequence.hxx:53 (occt_1157_stress:arm64+0x101301770)
    #3 Interface_Check::SendMsg(Message_Msg const&) Interface_Check.cxx:300 (occt_1157_stress:arm64+0x101301770)
    #4 IGESFile_Check(int, Message_Msg&) IGESFile_Read.cxx:328 (occt_1157_stress:arm64+0x1001010c4)
    #5 IGESFile_Read(char*, opencascade::handle<IGESData_IGESModel> const&, opencascade::handle<IGESData_Protocol> const&, opencascade::handle<IGESData_FileRecognizer> const&, bool) IGESFile_Read.cxx:91 (occt_1157_stress:arm64+0x1001010c4)
    #6 IGESFile_Read(char*, opencascade::handle<IGESData_IGESModel> const&, opencascade::handle<IGESData_Protocol> const&) IGESFile_Read.cxx:63 (occt_1157_stress:arm64+0x100100fa8)
    #7 IGESSelect_WorkLibrary::ReadFile(char const*, opencascade::handle<Interface_InterfaceModel>&, opencascade::handle<Interface_Protocol> const&) const IGESSelect_WorkLibrary.cxx:82 (occt_1157_stress:arm64+0x1002ec258)
    #8 IFSelect_WorkSession::ReadFile(char const*) IFSelect_WorkSession.cxx:187 (occt_1157_stress:arm64+0x1013b0a20)
    #9 XSControl_Reader::ReadFile(char const*) XSControl_Reader.cxx:108 (occt_1157_stress:arm64+0x1013d9d94)
    #10 runIgesReadIndependent(int, int) occt_1157_stress.cpp:192 (occt_1157_stress:arm64+0x1000025b0)
    #11 std::__1::__invoke_result_impl<void, void (*)(int, int), int, int>::type std::__1::__invoke[abi:nqe220106]<void (*)(int, int), int, int>(void (*&&)(int, int), int&&, int&&) invoke.h:90 (occt_1157_stress:arm64+0x100006214)
    #12 void std::__1::__thread_execute[abi:nqe220106]<std::__1::unique_ptr<std::__1::__thread_struct, std::__1::default_delete<std::__1::__thread_struct>>, void (*)(int, int), int, int, 0ul, 1ul, 2ul>(std::__1::tuple<std::__1::unique_ptr<std::__1::__thread_struct, std::__1::default_delete<std::__1::__thread_struct>>, void (*)(int, int), int, int>&, std::__1::__integer_sequence<unsigned long, 0ul, 1ul, 2ul>) thread.h:161 (occt_1157_stress:arm64+0x100006214)
    #13 void* std::__1::__thread_proxy[abi:nqe220106]<std::__1::tuple<std::__1::unique_ptr<std::__1::__thread_struct, std::__1::default_delete<std::__1::__thread_struct>>, void (*)(int, int), int, int>>(void*) thread.h:169 (occt_1157_stress:arm64+0x100006214)

  Previous write of size 8 at 0x00010f006e30 by thread T3:
    #0 NCollection_BaseSequence::PAppend(NCollection_SeqNode*) NCollection_BaseSequence.cxx (occt_1157_stress:arm64+0x1008dfe1c)
    #1 NCollection_Sequence<opencascade::handle<TCollection_HAsciiString>>::Append(opencascade::handle<TCollection_HAsciiString> const&) NCollection_Sequence.hxx:274 (occt_1157_stress:arm64+0x101301770)
    #2 NCollection_HSequence<opencascade::handle<TCollection_HAsciiString>>::Append(opencascade::handle<TCollection_HAsciiString> const&) NCollection_HSequence.hxx:53 (occt_1157_stress:arm64+0x101301770)
    #3 Interface_Check::SendMsg(Message_Msg const&) Interface_Check.cxx:300 (occt_1157_stress:arm64+0x101301770)
    #4 IGESFile_Check(int, Message_Msg&) IGESFile_Read.cxx:328 (occt_1157_stress:arm64+0x100101758)
    #5 IGESFile_Read(char*, opencascade::handle<IGESData_IGESModel> const&, opencascade::handle<IGESData_Protocol> const&, opencascade::handle<IGESData_FileRecognizer> const&, bool) IGESFile_Read.cxx:167 (occt_1157_stress:arm64+0x100101758)
    #6 IGESFile_Read(char*, opencascade::handle<IGESData_IGESModel> const&, opencascade::handle<IGESData_Protocol> const&) IGESFile_Read.cxx:63 (occt_1157_stress:arm64+0x100100fa8)
    #7 IGESSelect_WorkLibrary::ReadFile(char const*, opencascade::handle<Interface_InterfaceModel>&, opencascade::handle<Interface_Protocol> const&) const IGESSelect_WorkLibrary.cxx:82 (occt_1157_stress:arm64+0x1002ec258)
    #8 IFSelect_WorkSession::ReadFile(char const*) IFSelect_WorkSession.cxx:187 (occt_1157_stress:arm64+0x1013b0a20)
    #9 XSControl_Reader::ReadFile(char const*) XSControl_Reader.cxx:108 (occt_1157_stress:arm64+0x1013d9d94)
    #10 runIgesReadIndependent(int, int) occt_1157_stress.cpp:192 (occt_1157_stress:arm64+0x1000025b0)
    #11 std::__1::__invoke_result_impl<void, void (*)(int, int), int, int>::type std::__1::__invoke[abi:nqe220106]<void (*)(int, int), int, int>(void (*&&)(int, int), int&&, int&&) invoke.h:90 (occt_1157_stress:arm64+0x100006214)
    #12 void std::__1::__thread_execute[abi:nqe220106]<std::__1::unique_ptr<std::__1::__thread_struct, std::__1::default_delete<std::__1::__thread_struct>>, void (*)(int, int), int, int, 0ul, 1ul, 2ul>(std::__1::tuple<std::__1::unique_ptr<std::__1::__thread_struct, std::__1::default_delete<std::__1::__thread_struct>>, void (*)(int, int), int, int>&, std::__1::__integer_sequence<unsigned long, 0ul, 1ul, 2ul>) thread.h:161 (occt_1157_stress:arm64+0x100006214)
    #13 void* std::__1::__thread_proxy[abi:nqe220106]<std::__1::tuple<std::__1::unique_ptr<std::__1::__thread_struct, std::__1::default_delete<std::__1::__thread_struct>>, void (*)(int, int), int, int>>(void*) thread.h:169 (occt_1157_stress:arm64+0x100006214)

  Location is heap block of size 72 at 0x00010f006e00 allocated by thread T3:
    #0 calloc <null> (libclang_rt.tsan_osx_dynamic.dylib:arm64e+0x67ff4)
    #1 Standard::Allocate(unsigned long) Standard.cxx:386 (occt_1157_stress:arm64+0x1008bee84)
    #2 NCollection_HSequence<opencascade::handle<TCollection_HAsciiString>>::operator new(unsigned long) NCollection_HSequence.hxx:28 (occt_1157_stress:arm64+0x1013015ac)
    #3 Interface_Check::SendMsg(Message_Msg const&) Interface_Check.cxx:297 (occt_1157_stress:arm64+0x1013015ac)
    #4 IGESFile_Check(int, Message_Msg&) IGESFile_Read.cxx:328 (occt_1157_stress:arm64+0x100101758)
    #5 IGESFile_Read(char*, opencascade::handle<IGESData_IGESModel> const&, opencascade::handle<IGESData_Protocol> const&, opencascade::handle<IGESData_FileRecognizer> const&, bool) IGESFile_Read.cxx:167 (occt_1157_stress:arm64+0x100101758)
    #6 IGESFile_Read(char*, opencascade::handle<IGESData_IGESModel> const&, opencascade::handle<IGESData_Protocol> const&) IGESFile_Read.cxx:63 (occt_1157_stress:arm64+0x100100fa8)
    #7 IGESSelect_WorkLibrary::ReadFile(char const*, opencascade::handle<Interface_InterfaceModel>&, opencascade::handle<Interface_Protocol> const&) const IGESSelect_WorkLibrary.cxx:82 (occt_1157_stress:arm64+0x1002ec258)
    #8 IFSelect_WorkSession::ReadFile(char const*) IFSelect_WorkSession.cxx:187 (occt_1157_stress:arm64+0x1013b0a20)
    #9 XSControl_Reader::ReadFile(char const*) XSControl_Reader.cxx:108 (occt_1157_stress:arm64+0x1013d9d94)
    #10 runIgesReadIndependent(int, int) occt_1157_stress.cpp:192 (occt_1157_stress:arm64+0x1000025b0)
    #11 std::__1::__invoke_result_impl<void, void (*)(int, int), int, int>::type std::__1::__invoke[abi:nqe220106]<void (*)(int, int), int, int>(void (*&&)(int, int), int&&, int&&) invoke.h:90 (occt_1157_stress:arm64+0x100006214)
    #12 void std::__1::__thread_execute[abi:nqe220106]<std::__1::unique_ptr<std::__1::__thread_struct, std::__1::default_delete<std::__1::__thread_struct>>, void (*)(int, int), int, int, 0ul, 1ul, 2ul>(std::__1::tuple<std::__1::unique_ptr<std::__1::__thread_struct, std::__1::default_delete<std::__1::__thread_struct>>, void (*)(int, int), int, int>&, std::__1::__integer_sequence<unsigned long, 0ul, 1ul, 2ul>) thread.h:161 (occt_1157_stress:arm64+0x100006214)
    #13 void* std::__1::__thread_proxy[abi:nqe220106]<std::__1::tuple<std::__1::unique_ptr<std::__1::__thread_struct, std::__1::default_delete<std::__1::__thread_struct>>, void (*)(int, int), int, int>>(void*) thread.h:169 (occt_1157_stress:arm64+0x100006214)

  Thread T7 (tid=14910669, running) created by main thread at:
    #0 pthread_create <null> (libclang_rt.tsan_osx_dynamic.dylib:arm64e+0x33bac)
    #1 std::__1::__libcpp_thread_create[abi:nqe220106](_opaque_pthread_t**, void* (*)(void*), void*) pthread.h:182 (occt_1157_stress:arm64+0x1000060dc)
    #2 std::__1::thread::thread[abi:nqe220106]<void (*&)(int, int), int&, int&, 0>(void (*&)(int, int), int&, int&) thread.h:221 (occt_1157_stress:arm64+0x1000060dc)
    #3 std::__1::thread::thread[abi:nqe220106]<void (*&)(int, int), int&, int&, 0>(void (*&)(int, int), int&, int&) thread.h:212 (occt_1157_stress:arm64+0x1000038c8)
    #4 void std::__1::allocator<std::__1::thread>::construct[abi:nqe220106]<std::__1::thread, void (*&)(int, int), int&, int&>(std::__1::thread*, void (*&)(int, int), int&, int&) allocator.h:141 (occt_1157_stress:arm64+0x1000038c8)
    #5 void std::__1::allocator_traits<std::__1::allocator<std::__1::thread>>::construct[abi:nqe220106]<std::__1::thread, void (*&)(int, int), int&, int&, 0>(std::__1::allocator<std::__1::thread>&, std::__1::thread*, void (*&)(int, int), int&, int&) allocator_traits.h:296 (occt_1157_stress:arm64+0x1000038c8)
    #6 void std::__1::vector<std::__1::thread, std::__1::allocator<std::__1::thread>>::__emplace_back_assume_capacity[abi:nqe220106]<void (*&)(int, int), int&, int&>(void (*&)(int, int), int&, int&) vector.h:483 (occt_1157_stress:arm64+0x1000038c8)
    #7 std::__1::thread& std::__1::vector<std::__1::thread, std::__1::allocator<std::__1::thread>>::emplace_back<void (*&)(int, int), int&, int&>(void (*&)(int, int), int&, int&)::'lambda'()::operator()() const vector.h:1146 (occt_1157_stress:arm64+0x1000038c8)
    #8 void std::__1::__if_likely_else[abi:nqe220106]<std::__1::thread& std::__1::vector<std::__1::thread, std::__1::allocator<std::__1::thread>>::emplace_back<void (*&)(int, int), int&, int&>(void (*&)(int, int), int&, int&)::'lambda'(), std::__1::thread& std::__1::vector<std::__1::thread, std::__1::allocator<std::__1::thread>>::emplace_back<void (*&)(int, int), int&, int&>(void (*&)(int, int), int&, int&)::'lambda0'()>(bool, std::__1::thread& std::__1::vector<std::__1::thread, std::__1::allocator<std::__1::thread>>::emplace_back<void (*&)(int, int), int&, int&>(void (*&)(int, int), int&, int&)::'lambda'(), std::__1::thread& std::__1::vector<std::__1::thread, std::__1::allocator<std::__1::thread>>::emplace_back<void (*&)(int, int), int&, int&>(void (*&)(int, int), int&, int&)::'lambda0'()) vector.h:1127 (occt_1157_stress:arm64+0x1000038c8)
    #9 std::__1::thread& std::__1::vector<std::__1::thread, std::__1::allocator<std::__1::thread>>::emplace_back<void (*&)(int, int), int&, int&>(void (*&)(int, int), int&, int&) vector.h:1143 (occt_1157_stress:arm64+0x1000038c8)
    #10 runOne(char const*, int, int) occt_1157_stress.cpp:359 (occt_1157_stress:arm64+0x1000038c8)
    #11 main occt_1157_stress.cpp:396 (occt_1157_stress:arm64+0x100002de4)

  Thread T3 (tid=14910635, running) created by main thread at:
    #0 pthread_create <null> (libclang_rt.tsan_osx_dynamic.dylib:arm64e+0x33bac)
    #1 std::__1::__libcpp_thread_create[abi:nqe220106](_opaque_pthread_t**, void* (*)(void*), void*) pthread.h:182 (occt_1157_stress:arm64+0x1000060dc)
    #2 std::__1::thread::thread[abi:nqe220106]<void (*&)(int, int), int&, int&, 0>(void (*&)(int, int), int&, int&) thread.h:221 (occt_1157_stress:arm64+0x1000060dc)
    #3 std::__1::thread::thread[abi:nqe220106]<void (*&)(int, int), int&, int&, 0>(void (*&)(int, int), int&, int&) thread.h:212 (occt_1157_stress:arm64+0x10000645c)
    #4 void std::__1::allocator<std::__1::thread>::construct[abi:nqe220106]<std::__1::thread, void (*&)(int, int), int&, int&>(std::__1::thread*, void (*&)(int, int), int&, int&) allocator.h:141 (occt_1157_stress:arm64+0x10000645c)
    #5 void std::__1::allocator_traits<std::__1::allocator<std::__1::thread>>::construct[abi:nqe220106]<std::__1::thread, void (*&)(int, int), int&, int&, 0>(std::__1::allocator<std::__1::thread>&, std::__1::thread*, void (*&)(int, int), int&, int&) allocator_traits.h:296 (occt_1157_stress:arm64+0x10000645c)
    #6 std::__1::thread* std::__1::vector<std::__1::thread, std::__1::allocator<std::__1::thread>>::__emplace_back_slow_path<void (*&)(int, int), int&, int&>(void (*&)(int, int), int&, int&) vector.h:1109 (occt_1157_stress:arm64+0x10000645c)
    #7 std::__1::thread& std::__1::vector<std::__1::thread, std::__1::allocator<std::__1::thread>>::emplace_back<void (*&)(int, int), int&, int&>(void (*&)(int, int), int&, int&)::'lambda0'()::operator()() const vector.h:1149 (occt_1157_stress:arm64+0x100003918)
    #8 void std::__1::__if_likely_else[abi:nqe220106]<std::__1::thread& std::__1::vector<std::__1::thread, std::__1::allocator<std::__1::thread>>::emplace_back<void (*&)(int, int), int&, int&>(void (*&)(int, int), int&, int&)::'lambda'(), std::__1::thread& std::__1::vector<std::__1::thread, std::__1::allocator<std::__1::thread>>::emplace_back<void (*&)(int, int), int&, int&>(void (*&)(int, int), int&, int&)::'lambda0'()>(bool, std::__1::thread& std::__1::vector<std::__1::thread, std::__1::allocator<std::__1::thread>>::emplace_back<void (*&)(int, int), int&, int&>(void (*&)(int, int), int&, int&)::'lambda'(), std::__1::thread& std::__1::vector<std::__1::thread, std::__1::allocator<std::__1::thread>>::emplace_back<void (*&)(int, int), int&, int&>(void (*&)(int, int), int&, int&)::'lambda0'()) vector.h:1129 (occt_1157_stress:arm64+0x100003918)
    #9 std::__1::thread& std::__1::vector<std::__1::thread, std::__1::allocator<std::__1::thread>>::emplace_back<void (*&)(int, int), int&, int&>(void (*&)(int, int), int&, int&) vector.h:1143 (occt_1157_stress:arm64+0x100003918)
    #10 runOne(char const*, int, int) occt_1157_stress.cpp:359 (occt_1157_stress:arm64+0x100003918)
    #11 main occt_1157_stress.cpp:396 (occt_1157_stress:arm64+0x100002de4)

SUMMARY: ThreadSanitizer: data race NCollection_BaseSequence.cxx:44 in NCollection_BaseSequence::PAppend(NCollection_SeqNode*)
==================
==================
WARNING: ThreadSanitizer: data race (pid=70769)
  Write of size 8 at 0x00010f006f08 by thread T6:
    #0 NCollection_BaseSequence::PAppend(NCollection_SeqNode*) NCollection_BaseSequence.cxx:54 (occt_1157_stress:arm64+0x1008dfdd4)
    #1 NCollection_Sequence<opencascade::handle<TCollection_HAsciiString>>::Append(opencascade::handle<TCollection_HAsciiString> const&) NCollection_Sequence.hxx:274 (occt_1157_stress:arm64+0x1013016fc)
    #2 NCollection_HSequence<opencascade::handle<TCollection_HAsciiString>>::Append(opencascade::handle<TCollection_HAsciiString> const&) NCollection_HSequence.hxx:53 (occt_1157_stress:arm64+0x1013016fc)
    #3 Interface_Check::SendMsg(Message_Msg const&) Interface_Check.cxx:299 (occt_1157_stress:arm64+0x1013016fc)
    #4 IGESFile_Check(int, Message_Msg&) IGESFile_Read.cxx:328 (occt_1157_stress:arm64+0x1001010c4)
    #5 IGESFile_Read(char*, opencascade::handle<IGESData_IGESModel> const&, opencascade::handle<IGESData_Protocol> const&, opencascade::handle<IGESData_FileRecognizer> const&, bool) IGESFile_Read.cxx:91 (occt_1157_stress:arm64+0x1001010c4)
    #6 IGESFile_Read(char*, opencascade::handle<IGESData_IGESModel> const&, opencascade::handle<IGESData_Protocol> const&) IGESFile_Read.cxx:63 (occt_1157_stress:arm64+0x100100fa8)
    #7 IGESSelect_WorkLibrary::ReadFile(char const*, opencascade::handle<Interface_InterfaceModel>&, opencascade::handle<Interface_Protocol> const&) const IGESSelect_WorkLibrary.cxx:82 (occt_1157_stress:arm64+0x1002ec258)
    #8 IFSelect_WorkSession::ReadFile(char const*) IFSelect_WorkSession.cxx:187 (occt_1157_stress:arm64+0x1013b0a20)
    #9 XSControl_Reader::ReadFile(char const*) XSControl_Reader.cxx:108 (occt_1157_stress:arm64+0x1013d9d94)
    #10 runIgesReadIndependent(int, int) occt_1157_stress.cpp:192 (occt_1157_stress:arm64+0x1000025b0)
    #11 std::__1::__invoke_result_impl<void, void (*)(int, int), int, int>::type std::__1::__invoke[abi:nqe220106]<void (*)(int, int), int, int>(void (*&&)(int, int), int&&, int&&) invoke.h:90 (occt_1157_stress:arm64+0x100006214)
    #12 void std::__1::__thread_execute[abi:nqe220106]<std::__1::unique_ptr<std::__1::__thread_struct, std::__1::default_delete<std::__1::__thread_struct>>, void (*)(int, int), int, int, 0ul, 1ul, 2ul>(std::__1::tuple<std::__1::unique_ptr<std::__1::__thread_struct, std::__1::default_delete<std::__1::__thread_struct>>, void (*)(int, int), int, int>&, std::__1::__integer_sequence<unsigned long, 0ul, 1ul, 2ul>) thread.h:161 (occt_1157_stress:arm64+0x100006214)
    #13 void* std::__1::__thread_proxy[abi:nqe220106]<std::__1::tuple<std::__1::unique_ptr<std::__1::__thread_struct, std::__1::default_delete<std::__1::__thread_struct>>, void (*)(int, int), int, int>>(void*) thread.h:169 (occt_1157_stress:arm64+0x100006214)

  Previous write of size 8 at 0x00010f006f08 by thread T3:
    #0 NCollection_BaseSequence::PAppend(NCollection_SeqNode*) NCollection_BaseSequence.cxx:46 (occt_1157_stress:arm64+0x1008dfdf4)
    #1 NCollection_Sequence<opencascade::handle<TCollection_HAsciiString>>::Append(opencascade::handle<TCollection_HAsciiString> const&) NCollection_Sequence.hxx:274 (occt_1157_stress:arm64+0x1013016fc)
    #2 NCollection_HSequence<opencascade::handle<TCollection_HAsciiString>>::Append(opencascade::handle<TCollection_HAsciiString> const&) NCollection_HSequence.hxx:53 (occt_1157_stress:arm64+0x1013016fc)
    #3 Interface_Check::SendMsg(Message_Msg const&) Interface_Check.cxx:299 (occt_1157_stress:arm64+0x1013016fc)
    #4 IGESFile_Check(int, Message_Msg&) IGESFile_Read.cxx:328 (occt_1157_stress:arm64+0x100101758)
    #5 IGESFile_Read(char*, opencascade::handle<IGESData_IGESModel> const&, opencascade::handle<IGESData_Protocol> const&, opencascade::handle<IGESData_FileRecognizer> const&, bool) IGESFile_Read.cxx:167 (occt_1157_stress:arm64+0x100101758)
    #6 IGESFile_Read(char*, opencascade::handle<IGESData_IGESModel> const&, opencascade::handle<IGESData_Protocol> const&) IGESFile_Read.cxx:63 (occt_1157_stress:arm64+0x100100fa8)
    #7 IGESSelect_WorkLibrary::ReadFile(char const*, opencascade::handle<Interface_InterfaceModel>&, opencascade::handle<Interface_Protocol> const&) const IGESSelect_WorkLibrary.cxx:82 (occt_1157_stress:arm64+0x1002ec258)
    #8 IFSelect_WorkSession::ReadFile(char const*) IFSelect_WorkSession.cxx:187 (occt_1157_stress:arm64+0x1013b0a20)
    #9 XSControl_Reader::ReadFile(char const*) XSControl_Reader.cxx:108 (occt_1157_stress:arm64+0x1013d9d94)
    #10 runIgesReadIndependent(int, int) occt_1157_stress.cpp:192 (occt_1157_stress:arm64+0x1000025b0)
    #11 std::__1::__invoke_result_impl<void, void (*)(int, int), int, int>::type std::__1::__invoke[abi:nqe220106]<void (*)(int, int), int, int>(void (*&&)(int, int), int&&, int&&) invoke.h:90 (occt_1157_stress:arm64+0x100006214)
    #12 void std::__1::__thread_execute[abi:nqe220106]<std::__1::unique_ptr<std::__1::__thread_struct, std::__1::default_delete<std::__1::__thread_struct>>, void (*)(int, int), int, int, 0ul, 1ul, 2ul>(std::__1::tuple<std::__1::unique_ptr<std::__1::__thread_struct, std::__1::default_delete<std::__1::__thread_struct>>, void (*)(int, int), int, int>&, std::__1::__integer_sequence<unsigned long, 0ul, 1ul, 2ul>) thread.h:161 (occt_1157_stress:arm64+0x100006214)
    #13 void* std::__1::__thread_proxy[abi:nqe220106]<std::__1::tuple<std::__1::unique_ptr<std::__1::__thread_struct, std::__1::default_delete<std::__1::__thread_struct>>, void (*)(int, int), int, int>>(void*) thread.h:169 (occt_1157_stress:arm64+0x100006214)

  Location is heap block of size 72 at 0x00010f006ef0 allocated by thread T3:
    #0 calloc <null> (libclang_rt.tsan_osx_dynamic.dylib:arm64e+0x67ff4)
    #1 Standard::Allocate(unsigned long) Standard.cxx:386 (occt_1157_stress:arm64+0x1008bee84)
    #2 NCollection_HSequence<opencascade::handle<TCollection_HAsciiString>>::operator new(unsigned long) NCollection_HSequence.hxx:28 (occt_1157_stress:arm64+0x1013014c4)
    #3 Interface_Check::SendMsg(Message_Msg const&) Interface_Check.cxx:293 (occt_1157_stress:arm64+0x1013014c4)
    #4 IGESFile_Check(int, Message_Msg&) IGESFile_Read.cxx:328 (occt_1157_stress:arm64+0x100101758)
    #5 IGESFile_Read(char*, opencascade::handle<IGESData_IGESModel> const&, opencascade::handle<IGESData_Protocol> const&, opencascade::handle<IGESData_FileRecognizer> const&, bool) IGESFile_Read.cxx:167 (occt_1157_stress:arm64+0x100101758)
    #6 IGESFile_Read(char*, opencascade::handle<IGESData_IGESModel> const&, opencascade::handle<IGESData_Protocol> const&) IGESFile_Read.cxx:63 (occt_1157_stress:arm64+0x100100fa8)
    #7 IGESSelect_WorkLibrary::ReadFile(char const*, opencascade::handle<Interface_InterfaceModel>&, opencascade::handle<Interface_Protocol> const&) const IGESSelect_WorkLibrary.cxx:82 (occt_1157_stress:arm64+0x1002ec258)
    #8 IFSelect_WorkSession::ReadFile(char const*) IFSelect_WorkSession.cxx:187 (occt_1157_stress:arm64+0x1013b0a20)
    #9 XSControl_Reader::ReadFile(char const*) XSControl_Reader.cxx:108 (occt_1157_stress:arm64+0x1013d9d94)
    #10 runIgesReadIndependent(int, int) occt_1157_stress.cpp:192 (occt_1157_stress:arm64+0x1000025b0)
    #11 std::__1::__invoke_result_impl<void, void (*)(int, int), int, int>::type std::__1::__invoke[abi:nqe220106]<void (*)(int, int), int, int>(void (*&&)(int, int), int&&, int&&) invoke.h:90 (occt_1157_stress:arm64+0x100006214)
    #12 void std::__1::__thread_execute[abi:nqe220106]<std::__1::unique_ptr<std::__1::__thread_struct, std::__1::default_delete<std::__1::__thread_struct>>, void (*)(int, int), int, int, 0ul, 1ul, 2ul>(std::__1::tuple<std::__1::unique_ptr<std::__1::__thread_struct, std::__1::default_delete<std::__1::__thread_struct>>, void (*)(int, int), int, int>&, std::__1::__integer_sequence<unsigned long, 0ul, 1ul, 2ul>) thread.h:161 (occt_1157_stress:arm64+0x100006214)
    #13 void* std::__1::__thread_proxy[abi:nqe220106]<std::__1::tuple<std::__1::unique_ptr<std::__1::__thread_struct, std::__1::default_delete<std::__1::__thread_struct>>, void (*)(int, int), int, int>>(void*) thread.h:169 (occt_1157_stress:arm64+0x100006214)

  Thread T6 (tid=14910668, running) created by main thread at:
    #0 pthread_create <null> (libclang_rt.tsan_osx_dynamic.dylib:arm64e+0x33bac)
    #1 std::__1::__libcpp_thread_create[abi:nqe220106](_opaque_pthread_t**, void* (*)(void*), void*) pthread.h:182 (occt_1157_stress:arm64+0x1000060dc)
    #2 std::__1::thread::thread[abi:nqe220106]<void (*&)(int, int), int&, int&, 0>(void (*&)(int, int), int&, int&) thread.h:221 (occt_1157_stress:arm64+0x1000060dc)
    #3 std::__1::thread::thread[abi:nqe220106]<void (*&)(int, int), int&, int&, 0>(void (*&)(int, int), int&, int&) thread.h:212 (occt_1157_stress:arm64+0x1000038c8)
    #4 void std::__1::allocator<std::__1::thread>::construct[abi:nqe220106]<std::__1::thread, void (*&)(int, int), int&, int&>(std::__1::thread*, void (*&)(int, int), int&, int&) allocator.h:141 (occt_1157_stress:arm64+0x1000038c8)
    #5 void std::__1::allocator_traits<std::__1::allocator<std::__1::thread>>::construct[abi:nqe220106]<std::__1::thread, void (*&)(int, int), int&, int&, 0>(std::__1::allocator<std::__1::thread>&, std::__1::thread*, void (*&)(int, int), int&, int&) allocator_traits.h:296 (occt_1157_stress:arm64+0x1000038c8)
    #6 void std::__1::vector<std::__1::thread, std::__1::allocator<std::__1::thread>>::__emplace_back_assume_capacity[abi:nqe220106]<void (*&)(int, int), int&, int&>(void (*&)(int, int), int&, int&) vector.h:483 (occt_1157_stress:arm64+0x1000038c8)
    #7 std::__1::thread& std::__1::vector<std::__1::thread, std::__1::allocator<std::__1::thread>>::emplace_back<void (*&)(int, int), int&, int&>(void (*&)(int, int), int&, int&)::'lambda'()::operator()() const vector.h:1146 (occt_1157_stress:arm64+0x1000038c8)
    #8 void std::__1::__if_likely_else[abi:nqe220106]<std::__1::thread& std::__1::vector<std::__1::thread, std::__1::allocator<std::__1::thread>>::emplace_back<void (*&)(int, int), int&, int&>(void (*&)(int, int), int&, int&)::'lambda'(), std::__1::thread& std::__1::vector<std::__1::thread, std::__1::allocator<std::__1::thread>>::emplace_back<void (*&)(int, int), int&, int&>(void (*&)(int, int), int&, int&)::'lambda0'()>(bool, std::__1::thread& std::__1::vector<std::__1::thread, std::__1::allocator<std::__1::thread>>::emplace_back<void (*&)(int, int), int&, int&>(void (*&)(int, int), int&, int&)::'lambda'(), std::__1::thread& std::__1::vector<std::__1::thread, std::__1::allocator<std::__1::thread>>::emplace_back<void (*&)(int, int), int&, int&>(void (*&)(int, int), int&, int&)::'lambda0'()) vector.h:1127 (occt_1157_stress:arm64+0x1000038c8)
    #9 std::__1::thread& std::__1::vector<std::__1::thread, std::__1::allocator<std::__1::thread>>::emplace_back<void (*&)(int, int), int&, int&>(void (*&)(int, int), int&, int&) vector.h:1143 (occt_1157_stress:arm64+0x1000038c8)
    #10 runOne(char const*, int, int) occt_1157_stress.cpp:359 (occt_1157_stress:arm64+0x1000038c8)
    #11 main occt_1157_stress.cpp:396 (occt_1157_stress:arm64+0x100002de4)

  Thread T3 (tid=14910635, running) created by main thread at:
    #0 pthread_create <null> (libclang_rt.tsan_osx_dynamic.dylib:arm64e+0x33bac)
    #1 std::__1::__libcpp_thread_create[abi:nqe220106](_opaque_pthread_t**, void* (*)(void*), void*) pthread.h:182 (occt_1157_stress:arm64+0x1000060dc)
    #2 std::__1::thread::thread[abi:nqe220106]<void (*&)(int, int), int&, int&, 0>(void (*&)(int, int), int&, int&) thread.h:221 (occt_1157_stress:arm64+0x1000060dc)
    #3 std::__1::thread::thread[abi:nqe220106]<void (*&)(int, int), int&, int&, 0>(void (*&)(int, int), int&, int&) thread.h:212 (occt_1157_stress:arm64+0x10000645c)
    #4 void std::__1::allocator<std::__1::thread>::construct[abi:nqe220106]<std::__1::thread, void (*&)(int, int), int&, int&>(std::__1::thread*, void (*&)(int, int), int&, int&) allocator.h:141 (occt_1157_stress:arm64+0x10000645c)
    #5 void std::__1::allocator_traits<std::__1::allocator<std::__1::thread>>::construct[abi:nqe220106]<std::__1::thread, void (*&)(int, int), int&, int&, 0>(std::__1::allocator<std::__1::thread>&, std::__1::thread*, void (*&)(int, int), int&, int&) allocator_traits.h:296 (occt_1157_stress:arm64+0x10000645c)
    #6 std::__1::thread* std::__1::vector<std::__1::thread, std::__1::allocator<std::__1::thread>>::__emplace_back_slow_path<void (*&)(int, int), int&, int&>(void (*&)(int, int), int&, int&) vector.h:1109 (occt_1157_stress:arm64+0x10000645c)
    #7 std::__1::thread& std::__1::vector<std::__1::thread, std::__1::allocator<std::__1::thread>>::emplace_back<void (*&)(int, int), int&, int&>(void (*&)(int, int), int&, int&)::'lambda0'()::operator()() const vector.h:1149 (occt_1157_stress:arm64+0x100003918)
    #8 void std::__1::__if_likely_else[abi:nqe220106]<std::__1::thread& std::__1::vector<std::__1::thread, std::__1::allocator<std::__1::thread>>::emplace_back<void (*&)(int, int), int&, int&>(void (*&)(int, int), int&, int&)::'lambda'(), std::__1::thread& std::__1::vector<std::__1::thread, std::__1::allocator<std::__1::thread>>::emplace_back<void (*&)(int, int), int&, int&>(void (*&)(int, int), int&, int&)::'lambda0'()>(bool, std::__1::thread& std::__1::vector<std::__1::thread, std::__1::allocator<std::__1::thread>>::emplace_back<void (*&)(int, int), int&, int&>(void (*&)(int, int), int&, int&)::'lambda'(), std::__1::thread& std::__1::vector<std::__1::thread, std::__1::allocator<std::__1::thread>>::emplace_back<void (*&)(int, int), int&, int&>(void (*&)(int, int), int&, int&)::'lambda0'()) vector.h:1129 (occt_1157_stress:arm64+0x100003918)
    #9 std::__1::thread& std::__1::vector<std::__1::thread, std::__1::allocator<std::__1::thread>>::emplace_back<void (*&)(int, int), int&, int&>(void (*&)(int, int), int&, int&) vector.h:1143 (occt_1157_stress:arm64+0x100003918)
    #10 runOne(char const*, int, int) occt_1157_stress.cpp:359 (occt_1157_stress:arm64+0x100003918)
    #11 main occt_1157_stress.cpp:396 (occt_1157_stress:arm64+0x100002de4)

SUMMARY: ThreadSanitizer: data race NCollection_BaseSequence.cxx:54 in NCollection_BaseSequence::PAppend(NCollection_SeqNode*)
==================
==================
WARNING: ThreadSanitizer: data race (pid=70769)
  Write of size 8 at 0x00010df21860 by thread T5:
    #0 NCollection_SeqNode::SetNext(NCollection_SeqNode*) NCollection_BaseSequence.hxx:41 (occt_1157_stress:arm64+0x1008dfdb0)
    #1 NCollection_BaseSequence::PAppend(NCollection_SeqNode*) NCollection_BaseSequence.cxx:51 (occt_1157_stress:arm64+0x1008dfdb0)
    #2 NCollection_Sequence<opencascade::handle<TCollection_HAsciiString>>::Append(opencascade::handle<TCollection_HAsciiString> const&) NCollection_Sequence.hxx:274 (occt_1157_stress:arm64+0x1013016fc)
    #3 NCollection_HSequence<opencascade::handle<TCollection_HAsciiString>>::Append(opencascade::handle<TCollection_HAsciiString> const&) NCollection_HSequence.hxx:53 (occt_1157_stress:arm64+0x1013016fc)
    #4 Interface_Check::SendMsg(Message_Msg const&) Interface_Check.cxx:299 (occt_1157_stress:arm64+0x1013016fc)
    #5 IGESFile_Check(int, Message_Msg&) IGESFile_Read.cxx:328 (occt_1157_stress:arm64+0x1001010c4)
    #6 IGESFile_Read(char*, opencascade::handle<IGESData_IGESModel> const&, opencascade::handle<IGESData_Protocol> const&, opencascade::handle<IGESData_FileRecognizer> const&, bool) IGESFile_Read.cxx:91 (occt_1157_stress:arm64+0x1001010c4)
    #7 IGESFile_Read(char*, opencascade::handle<IGESData_IGESModel> const&, opencascade::handle<IGESData_Protocol> const&) IGESFile_Read.cxx:63 (occt_1157_stress:arm64+0x100100fa8)
    #8 IGESSelect_WorkLibrary::ReadFile(char const*, opencascade::handle<Interface_InterfaceModel>&, opencascade::handle<Interface_Protocol> const&) const IGESSelect_WorkLibrary.cxx:82 (occt_1157_stress:arm64+0x1002ec258)
    #9 IFSelect_WorkSession::ReadFile(char const*) IFSelect_WorkSession.cxx:187 (occt_1157_stress:arm64+0x1013b0a20)
    #10 XSControl_Reader::ReadFile(char const*) XSControl_Reader.cxx:108 (occt_1157_stress:arm64+0x1013d9d94)
    #11 runIgesReadIndependent(int, int) occt_1157_stress.cpp:192 (occt_1157_stress:arm64+0x1000025b0)
    #12 std::__1::__invoke_result_impl<void, void (*)(int, int), int, int>::type std::__1::__invoke[abi:nqe220106]<void (*)(int, int), int, int>(void (*&&)(int, int), int&&, int&&) invoke.h:90 (occt_1157_stress:arm64+0x100006214)
    #13 void std::__1::__thread_execute[abi:nqe220106]<std::__1::unique_ptr<std::__1::__thread_struct, std::__1::default_delete<std::__1::__thread_struct>>, void (*)(int, int), int, int, 0ul, 1ul, 2ul>(std::__1::tuple<std::__1::unique_ptr<std::__1::__thread_struct, std::__1::default_delete<std::__1::__thread_struct>>, void (*)(int, int), int, int>&, std::__1::__integer_sequence<unsigned long, 0ul, 1ul, 2ul>) thread.h:161 (occt_1157_stress:arm64+0x100006214)
    #14 void* std::__1::__thread_proxy[abi:nqe220106]<std::__1::tuple<std::__1::unique_ptr<std::__1::__thread_struct, std::__1::default_delete<std::__1::__thread_struct>>, void (*)(int, int), int, int>>(void*) thread.h:169 (occt_1157_stress:arm64+0x100006214)

  Previous write of size 8 at 0x00010df21860 by thread T6:
    #0 NCollection_SeqNode::SetNext(NCollection_SeqNode*) NCollection_BaseSequence.hxx:41 (occt_1157_stress:arm64+0x1008dfdb0)
    #1 NCollection_BaseSequence::PAppend(NCollection_SeqNode*) NCollection_BaseSequence.cxx:51 (occt_1157_stress:arm64+0x1008dfdb0)
    #2 NCollection_Sequence<opencascade::handle<TCollection_HAsciiString>>::Append(opencascade::handle<TCollection_HAsciiString> const&) NCollection_Sequence.hxx:274 (occt_1157_stress:arm64+0x1013016fc)
    #3 NCollection_HSequence<opencascade::handle<TCollection_HAsciiString>>::Append(opencascade::handle<TCollection_HAsciiString> const&) NCollection_HSequence.hxx:53 (occt_1157_stress:arm64+0x1013016fc)
    #4 Interface_Check::SendMsg(Message_Msg const&) Interface_Check.cxx:299 (occt_1157_stress:arm64+0x1013016fc)
    #5 IGESFile_Check(int, Message_Msg&) IGESFile_Read.cxx:328 (occt_1157_stress:arm64+0x1001010c4)
    #6 IGESFile_Read(char*, opencascade::handle<IGESData_IGESModel> const&, opencascade::handle<IGESData_Protocol> const&, opencascade::handle<IGESData_FileRecognizer> const&, bool) IGESFile_Read.cxx:91 (occt_1157_stress:arm64+0x1001010c4)
    #7 IGESFile_Read(char*, opencascade::handle<IGESData_IGESModel> const&, opencascade::handle<IGESData_Protocol> const&) IGESFile_Read.cxx:63 (occt_1157_stress:arm64+0x100100fa8)
    #8 IGESSelect_WorkLibrary::ReadFile(char const*, opencascade::handle<Interface_InterfaceModel>&, opencascade::handle<Interface_Protocol> const&) const IGESSelect_WorkLibrary.cxx:82 (occt_1157_stress:arm64+0x1002ec258)
    #9 IFSelect_WorkSession::ReadFile(char const*) IFSelect_WorkSession.cxx:187 (occt_1157_stress:arm64+0x1013b0a20)
    #10 XSControl_Reader::ReadFile(char const*) XSControl_Reader.cxx:108 (occt_1157_stress:arm64+0x1013d9d94)
    #11 runIgesReadIndependent(int, int) occt_1157_stress.cpp:192 (occt_1157_stress:arm64+0x1000025b0)
    #12 std::__1::__invoke_result_impl<void, void (*)(int, int), int, int>::type std::__1::__invoke[abi:nqe220106]<void (*)(int, int), int, int>(void (*&&)(int, int), int&&, int&&) invoke.h:90 (occt_1157_stress:arm64+0x100006214)
    #13 void std::__1::__thread_execute[abi:nqe220106]<std::__1::unique_ptr<std::__1::__thread_struct, std::__1::default_delete<std::__1::__thread_struct>>, void (*)(int, int), int, int, 0ul, 1ul, 2ul>(std::__1::tuple<std::__1::unique_ptr<std::__1::__thread_struct, std::__1::default_delete<std::__1::__thread_struct>>, void (*)(int, int), int, int>&, std::__1::__integer_sequence<unsigned long, 0ul, 1ul, 2ul>) thread.h:161 (occt_1157_stress:arm64+0x100006214)
    #14 void* std::__1::__thread_proxy[abi:nqe220106]<std::__1::tuple<std::__1::unique_ptr<std::__1::__thread_struct, std::__1::default_delete<std::__1::__thread_struct>>, void (*)(int, int), int, int>>(void*) thread.h:169 (occt_1157_stress:arm64+0x100006214)

  Location is heap block of size 24 at 0x00010df21860 allocated by thread T3:
    #0 calloc <null> (libclang_rt.tsan_osx_dynamic.dylib:arm64e+0x67ff4)
    #1 Standard::Allocate(unsigned long) Standard.cxx:386 (occt_1157_stress:arm64+0x1008bee84)
    #2 NCollection_BaseAllocator::Allocate(unsigned long) NCollection_BaseAllocator.cxx:22 (occt_1157_stress:arm64+0x1008dea8c)
    #3 NCollection_SeqNode::operator new(unsigned long, opencascade::handle<NCollection_BaseAllocator> const&) NCollection_BaseSequence.hxx:29 (occt_1157_stress:arm64+0x1013016b0)
    #4 NCollection_Sequence<opencascade::handle<TCollection_HAsciiString>>::Append(opencascade::handle<TCollection_HAsciiString> const&) NCollection_Sequence.hxx:274 (occt_1157_stress:arm64+0x1013016b0)
    #5 NCollection_HSequence<opencascade::handle<TCollection_HAsciiString>>::Append(opencascade::handle<TCollection_HAsciiString> const&) NCollection_HSequence.hxx:53 (occt_1157_stress:arm64+0x1013016b0)
    #6 Interface_Check::SendMsg(Message_Msg const&) Interface_Check.cxx:299 (occt_1157_stress:arm64+0x1013016b0)
    #7 IGESFile_Check(int, Message_Msg&) IGESFile_Read.cxx:328 (occt_1157_stress:arm64+0x100101758)
    #8 IGESFile_Read(char*, opencascade::handle<IGESData_IGESModel> const&, opencascade::handle<IGESData_Protocol> const&, opencascade::handle<IGESData_FileRecognizer> const&, bool) IGESFile_Read.cxx:167 (occt_1157_stress:arm64+0x100101758)
    #9 IGESFile_Read(char*, opencascade::handle<IGESData_IGESModel> const&, opencascade::handle<IGESData_Protocol> const&) IGESFile_Read.cxx:63 (occt_1157_stress:arm64+0x100100fa8)
    #10 IGESSelect_WorkLibrary::ReadFile(char const*, opencascade::handle<Interface_InterfaceModel>&, opencascade::handle<Interface_Protocol> const&) const IGESSelect_WorkLibrary.cxx:82 (occt_1157_stress:arm64+0x1002ec258)
    #11 IFSelect_WorkSession::ReadFile(char const*) IFSelect_WorkSession.cxx:187 (occt_1157_stress:arm64+0x1013b0a20)
    #12 XSControl_Reader::ReadFile(char const*) XSControl_Reader.cxx:108 (occt_1157_stress:arm64+0x1013d9d94)
    #13 runIgesReadIndependent(int, int) occt_1157_stress.cpp:192 (occt_1157_stress:arm64+0x1000025b0)
    #14 std::__1::__invoke_result_impl<void, void (*)(int, int), int, int>::type std::__1::__invoke[abi:nqe220106]<void (*)(int, int), int, int>(void (*&&)(int, int), int&&, int&&) invoke.h:90 (occt_1157_stress:arm64+0x100006214)
    #15 void std::__1::__thread_execute[abi:nqe220106]<std::__1::unique_ptr<std::__1::__thread_struct, std::__1::default_delete<std::__1::__thread_struct>>, void (*)(int, int), int, int, 0ul, 1ul, 2ul>(std::__1::tuple<std::__1::unique_ptr<std::__1::__thread_struct, std::__1::default_delete<std::__1::__thread_struct>>, void (*)(int, int), int, int>&, std::__1::__integer_sequence<unsigned long, 0ul, 1ul, 2ul>) thread.h:161 (occt_1157_stress:arm64+0x100006214)
    #16 void* std::__1::__thread_proxy[abi:nqe220106]<std::__1::tuple<std::__1::unique_ptr<std::__1::__thread_struct, std::__1::default_delete<std::__1::__thread_struct>>, void (*)(int, int), int, int>>(void*) thread.h:169 (occt_1157_stress:arm64+0x100006214)

  Thread T5 (tid=14910667, running) created by main thread at:
    #0 pthread_create <null> (libclang_rt.tsan_osx_dynamic.dylib:arm64e+0x33bac)
    #1 std::__1::__libcpp_thread_create[abi:nqe220106](_opaque_pthread_t**, void* (*)(void*), void*) pthread.h:182 (occt_1157_stress:arm64+0x1000060dc)
    #2 std::__1::thread::thread[abi:nqe220106]<void (*&)(int, int), int&, int&, 0>(void (*&)(int, int), int&, int&) thread.h:221 (occt_1157_stress:arm64+0x1000060dc)
    #3 std::__1::thread::thread[abi:nqe220106]<void (*&)(int, int), int&, int&, 0>(void (*&)(int, int), int&, int&) thread.h:212 (occt_1157_stress:arm64+0x10000645c)
    #4 void std::__1::allocator<std::__1::thread>::construct[abi:nqe220106]<std::__1::thread, void (*&)(int, int), int&, int&>(std::__1::thread*, void (*&)(int, int), int&, int&) allocator.h:141 (occt_1157_stress:arm64+0x10000645c)
    #5 void std::__1::allocator_traits<std::__1::allocator<std::__1::thread>>::construct[abi:nqe220106]<std::__1::thread, void (*&)(int, int), int&, int&, 0>(std::__1::allocator<std::__1::thread>&, std::__1::thread*, void (*&)(int, int), int&, int&) allocator_traits.h:296 (occt_1157_stress:arm64+0x10000645c)
    #6 std::__1::thread* std::__1::vector<std::__1::thread, std::__1::allocator<std::__1::thread>>::__emplace_back_slow_path<void (*&)(int, int), int&, int&>(void (*&)(int, int), int&, int&) vector.h:1109 (occt_1157_stress:arm64+0x10000645c)
    #7 std::__1::thread& std::__1::vector<std::__1::thread, std::__1::allocator<std::__1::thread>>::emplace_back<void (*&)(int, int), int&, int&>(void (*&)(int, int), int&, int&)::'lambda0'()::operator()() const vector.h:1149 (occt_1157_stress:arm64+0x100003918)
    #8 void std::__1::__if_likely_else[abi:nqe220106]<std::__1::thread& std::__1::vector<std::__1::thread, std::__1::allocator<std::__1::thread>>::emplace_back<void (*&)(int, int), int&, int&>(void (*&)(int, int), int&, int&)::'lambda'(), std::__1::thread& std::__1::vector<std::__1::thread, std::__1::allocator<std::__1::thread>>::emplace_back<void (*&)(int, int), int&, int&>(void (*&)(int, int), int&, int&)::'lambda0'()>(bool, std::__1::thread& std::__1::vector<std::__1::thread, std::__1::allocator<std::__1::thread>>::emplace_back<void (*&)(int, int), int&, int&>(void (*&)(int, int), int&, int&)::'lambda'(), std::__1::thread& std::__1::vector<std::__1::thread, std::__1::allocator<std::__1::thread>>::emplace_back<void (*&)(int, int), int&, int&>(void (*&)(int, int), int&, int&)::'lambda0'()) vector.h:1129 (occt_1157_stress:arm64+0x100003918)
    #9 std::__1::thread& std::__1::vector<std::__1::thread, std::__1::allocator<std::__1::thread>>::emplace_back<void (*&)(int, int), int&, int&>(void (*&)(int, int), int&, int&) vector.h:1143 (occt_1157_stress:arm64+0x100003918)
    #10 runOne(char const*, int, int) occt_1157_stress.cpp:359 (occt_1157_stress:arm64+0x100003918)
    #11 main occt_1157_stress.cpp:396 (occt_1157_stress:arm64+0x100002de4)

  Thread T6 (tid=14910668, running) created by main thread at:
    #0 pthread_create <null> (libclang_rt.tsan_osx_dynamic.dylib:arm64e+0x33bac)
    #1 std::__1::__libcpp_thread_create[abi:nqe220106](_opaque_pthread_t**, void* (*)(void*), void*) pthread.h:182 (occt_1157_stress:arm64+0x1000060dc)
    #2 std::__1::thread::thread[abi:nqe220106]<void (*&)(int, int), int&, int&, 0>(void (*&)(int, int), int&, int&) thread.h:221 (occt_1157_stress:arm64+0x1000060dc)
    #3 std::__1::thread::thread[abi:nqe220106]<void (*&)(int, int), int&, int&, 0>(void (*&)(int, int), int&, int&) thread.h:212 (occt_1157_stress:arm64+0x1000038c8)
    #4 void std::__1::allocator<std::__1::thread>::construct[abi:nqe220106]<std::__1::thread, void (*&)(int, int), int&, int&>(std::__1::thread*, void (*&)(int, int), int&, int&) allocator.h:141 (occt_1157_stress:arm64+0x1000038c8)
    #5 void std::__1::allocator_traits<std::__1::allocator<std::__1::thread>>::construct[abi:nqe220106]<std::__1::thread, void (*&)(int, int), int&, int&, 0>(std::__1::allocator<std::__1::thread>&, std::__1::thread*, void (*&)(int, int), int&, int&) allocator_traits.h:296 (occt_1157_stress:arm64+0x1000038c8)
    #6 void std::__1::vector<std::__1::thread, std::__1::allocator<std::__1::thread>>::__emplace_back_assume_capacity[abi:nqe220106]<void (*&)(int, int), int&, int&>(void (*&)(int, int), int&, int&) vector.h:483 (occt_1157_stress:arm64+0x1000038c8)
    #7 std::__1::thread& std::__1::vector<std::__1::thread, std::__1::allocator<std::__1::thread>>::emplace_back<void (*&)(int, int), int&, int&>(void (*&)(int, int), int&, int&)::'lambda'()::operator()() const vector.h:1146 (occt_1157_stress:arm64+0x1000038c8)
    #8 void std::__1::__if_likely_else[abi:nqe220106]<std::__1::thread& std::__1::vector<std::__1::thread, std::__1::allocator<std::__1::thread>>::emplace_back<void (*&)(int, int), int&, int&>(void (*&)(int, int), int&, int&)::'lambda'(), std::__1::thread& std::__1::vector<std::__1::thread, std::__1::allocator<std::__1::thread>>::emplace_back<void (*&)(int, int), int&, int&>(void (*&)(int, int), int&, int&)::'lambda0'()>(bool, std::__1::thread& std::__1::vector<std::__1::thread, std::__1::allocator<std::__1::thread>>::emplace_back<void (*&)(int, int), int&, int&>(void (*&)(int, int), int&, int&)::'lambda'(), std::__1::thread& std::__1::vector<std::__1::thread, std::__1::allocator<std::__1::thread>>::emplace_back<void (*&)(int, int), int&, int&>(void (*&)(int, int), int&, int&)::'lambda0'()) vector.h:1127 (occt_1157_stress:arm64+0x1000038c8)
    #9 std::__1::thread& std::__1::vector<std::__1::thread, std::__1::allocator<std::__1::thread>>::emplace_back<void (*&)(int, int), int&, int&>(void (*&)(int, int), int&, int&) vector.h:1143 (occt_1157_stress:arm64+0x1000038c8)
    #10 runOne(char const*, int, int) occt_1157_stress.cpp:359 (occt_1157_stress:arm64+0x1000038c8)
    #11 main occt_1157_stress.cpp:396 (occt_1157_stress:arm64+0x100002de4)

  Thread T3 (tid=14910635, running) created by main thread at:
    #0 pthread_create <null> (libclang_rt.tsan_osx_dynamic.dylib:arm64e+0x33bac)
    #1 std::__1::__libcpp_thread_create[abi:nqe220106](_opaque_pthread_t**, void* (*)(void*), void*) pthread.h:182 (occt_1157_stress:arm64+0x1000060dc)
    #2 std::__1::thread::thread[abi:nqe220106]<void (*&)(int, int

[... truncated at 200KB: 16 total race warnings in the full run. Regenerate with
     Scripts/tsan-stress.sh run, which now includes this scenario (#1403 Phase 0). ...]
