==================
WARNING: ThreadSanitizer: data race (pid=70874)
  Write of size 1 at 0x00010280fca8 by thread T4:
    #0 IFSelect_WorkSession::IFSelect_WorkSession() IFSelect_WorkSession.cxx:86 (occt_1157_stress:arm64+0x1013afad4)
    #1 XSControl_WorkSession::XSControl_WorkSession() XSControl_WorkSession.cxx:50 (occt_1157_stress:arm64+0x1013f2d64)
    #2 XSControl_WorkSession::XSControl_WorkSession() XSControl_WorkSession.cxx:54 (occt_1157_stress:arm64+0x1013f30b0)
    #3 XSControl_Reader::XSControl_Reader() XSControl_Reader.cxx:42 (occt_1157_stress:arm64+0x1013d9520)
    #4 IGESControl_Reader::IGESControl_Reader() IGESControl_Reader.cxx:52 (occt_1157_stress:arm64+0x100385154)
    #5 IGESControl_Reader::IGESControl_Reader() IGESControl_Reader.cxx:53 (occt_1157_stress:arm64+0x100385350)
    #6 runIgesReadIndependent(int, int) occt_1157_stress.cpp:188 (occt_1157_stress:arm64+0x100002570)
    #7 runMixedStepIgesIndependent(int, int) occt_1157_stress.cpp:227 (occt_1157_stress:arm64+0x1000028f0)
    #8 std::__1::__invoke_result_impl<void, void (*)(int, int), int, int>::type std::__1::__invoke[abi:nqe220106]<void (*)(int, int), int, int>(void (*&&)(int, int), int&&, int&&) invoke.h:90 (occt_1157_stress:arm64+0x100006214)
    #9 void std::__1::__thread_execute[abi:nqe220106]<std::__1::unique_ptr<std::__1::__thread_struct, std::__1::default_delete<std::__1::__thread_struct>>, void (*)(int, int), int, int, 0ul, 1ul, 2ul>(std::__1::tuple<std::__1::unique_ptr<std::__1::__thread_struct, std::__1::default_delete<std::__1::__thread_struct>>, void (*)(int, int), int, int>&, std::__1::__integer_sequence<unsigned long, 0ul, 1ul, 2ul>) thread.h:161 (occt_1157_stress:arm64+0x100006214)
    #10 void* std::__1::__thread_proxy[abi:nqe220106]<std::__1::tuple<std::__1::unique_ptr<std::__1::__thread_struct, std::__1::default_delete<std::__1::__thread_struct>>, void (*)(int, int), int, int>>(void*) thread.h:169 (occt_1157_stress:arm64+0x100006214)

  Previous write of size 1 at 0x00010280fca8 by thread T3:
    #0 IFSelect_WorkSession::IFSelect_WorkSession() IFSelect_WorkSession.cxx:86 (occt_1157_stress:arm64+0x1013afad4)
    #1 XSControl_WorkSession::XSControl_WorkSession() XSControl_WorkSession.cxx:50 (occt_1157_stress:arm64+0x1013f2d64)
    #2 XSControl_WorkSession::XSControl_WorkSession() XSControl_WorkSession.cxx:54 (occt_1157_stress:arm64+0x1013f30b0)
    #3 XSControl_Reader::XSControl_Reader() XSControl_Reader.cxx:42 (occt_1157_stress:arm64+0x1013d9520)
    #4 STEPControl_Reader::STEPControl_Reader() STEPControl_Reader.cxx:71 (occt_1157_stress:arm64+0x100544e0c)
    #5 STEPControl_Reader::STEPControl_Reader() STEPControl_Reader.cxx:72 (occt_1157_stress:arm64+0x100544e0c)
    #6 runStepReadIndependent(int, int) occt_1157_stress.cpp:119 (occt_1157_stress:arm64+0x100001610)
    #7 runMixedStepIgesIndependent(int, int) occt_1157_stress.cpp:226 (occt_1157_stress:arm64+0x1000028e0)
    #8 std::__1::__invoke_result_impl<void, void (*)(int, int), int, int>::type std::__1::__invoke[abi:nqe220106]<void (*)(int, int), int, int>(void (*&&)(int, int), int&&, int&&) invoke.h:90 (occt_1157_stress:arm64+0x100006214)
    #9 void std::__1::__thread_execute[abi:nqe220106]<std::__1::unique_ptr<std::__1::__thread_struct, std::__1::default_delete<std::__1::__thread_struct>>, void (*)(int, int), int, int, 0ul, 1ul, 2ul>(std::__1::tuple<std::__1::unique_ptr<std::__1::__thread_struct, std::__1::default_delete<std::__1::__thread_struct>>, void (*)(int, int), int, int>&, std::__1::__integer_sequence<unsigned long, 0ul, 1ul, 2ul>) thread.h:161 (occt_1157_stress:arm64+0x100006214)
    #10 void* std::__1::__thread_proxy[abi:nqe220106]<std::__1::tuple<std::__1::unique_ptr<std::__1::__thread_struct, std::__1::default_delete<std::__1::__thread_struct>>, void (*)(int, int), int, int>>(void*) thread.h:169 (occt_1157_stress:arm64+0x100006214)

  Location is global 'errhand' at 0x00010280fca8 (occt_1157_stress+0x101cb3ca8)

  Thread T4 (tid=14910708, running) created by main thread at:
    #0 pthread_create <null> (libclang_rt.tsan_osx_dynamic.dylib:arm64e+0x33bac)
    #1 std::__1::__libcpp_thread_create[abi:nqe220106](_opaque_pthread_t**, void* (*)(void*), void*) pthread.h:182 (occt_1157_stress:arm64+0x1000060dc)
    #2 std::__1::thread::thread[abi:nqe220106]<void (*&)(int, int), int&, int&, 0>(void (*&)(int, int), int&, int&) thread.h:221 (occt_1157_stress:arm64+0x1000060dc)
    #3 std::__1::thread::thread[abi:nqe220106]<void (*&)(int, int), int&, int&, 0>(void (*&)(int, int), int&, int&) thread.h:212 (occt_1157_stress:arm64+0x1000038c8)
    #4 void std::__1::allocator<std::__1::thread>::construct[abi:nqe220106]<std::__1::thread, void (*&)(int, int), int&, int&>(std::__1::thread*, void (*&)(int, int), int&, int&) allocator.h:141 (occt_1157_stress:arm64+0x1000038c8)
    #5 void std::__1::allocator_traits<std::__1::allocator<std::__1::thread>>::construct[abi:nqe220106]<std::__1::thread, void (*&)(int, int), int&, int&, 0>(std::__1::allocator<std::__1::thread>&, std::__1::thread*, void (*&)(int, int), int&, int&) allocator_traits.h:296 (occt_1157_stress:arm64+0x1000038c8)
    #6 void std::__1::vector<std::__1::thread, std::__1::allocator<std::__1::thread>>::__emplace_back_assume_capacity[abi:nqe220106]<void (*&)(int, int), int&, int&>(void (*&)(int, int), int&, int&) vector.h:483 (occt_1157_stress:arm64+0x1000038c8)
    #7 std::__1::thread& std::__1::vector<std::__1::thread, std::__1::allocator<std::__1::thread>>::emplace_back<void (*&)(int, int), int&, int&>(void (*&)(int, int), int&, int&)::'lambda'()::operator()() const vector.h:1146 (occt_1157_stress:arm64+0x1000038c8)
    #8 void std::__1::__if_likely_else[abi:nqe220106]<std::__1::thread& std::__1::vector<std::__1::thread, std::__1::allocator<std::__1::thread>>::emplace_back<void (*&)(int, int), int&, int&>(void (*&)(int, int), int&, int&)::'lambda'(), std::__1::thread& std::__1::vector<std::__1::thread, std::__1::allocator<std::__1::thread>>::emplace_back<void (*&)(int, int), int&, int&>(void (*&)(int, int), int&, int&)::'lambda0'()>(bool, std::__1::thread& std::__1::vector<std::__1::thread, std::__1::allocator<std::__1::thread>>::emplace_back<void (*&)(int, int), int&, int&>(void (*&)(int, int), int&, int&)::'lambda'(), std::__1::thread& std::__1::vector<std::__1::thread, std::__1::allocator<std::__1::thread>>::emplace_back<void (*&)(int, int), int&, int&>(void (*&)(int, int), int&, int&)::'lambda0'()) vector.h:1127 (occt_1157_stress:arm64+0x1000038c8)
    #9 std::__1::thread& std::__1::vector<std::__1::thread, std::__1::allocator<std::__1::thread>>::emplace_back<void (*&)(int, int), int&, int&>(void (*&)(int, int), int&, int&) vector.h:1143 (occt_1157_stress:arm64+0x1000038c8)
    #10 runOne(char const*, int, int) occt_1157_stress.cpp:359 (occt_1157_stress:arm64+0x1000038c8)
    #11 main occt_1157_stress.cpp:396 (occt_1157_stress:arm64+0x100002de4)

  Thread T3 (tid=14910707, running) created by main thread at:
    #0 pthread_create <null> (libclang_rt.tsan_osx_dynamic.dylib:arm64e+0x33bac)
    #1 std::__1::__libcpp_thread_create[abi:nqe220106](_opaque_pthread_t**, void* (*)(void*), void*) pthread.h:182 (occt_1157_stress:arm64+0x1000060dc)
    #2 std::__1::thread::thread[abi:nqe220106]<void (*&)(int, int), int&, int&, 0>(void (*&)(int, int), int&, int&) thread.h:221 (occt_1157_stress:arm64+0x1000060dc)
    #3 std::__1::thread::thread[abi:nqe220106]<void (*&)(int, int), int&, int&, 0>(void (*&)(int, int), int&, int&) thread.h:212 (occt_1157_stress:arm64+0x10000645c)
    #4 void std::__1::allocator<std::__1::thread>::construct[abi:nqe220106]<std::__1::thread, void (*&)(int, int), int&, int&>(std::__1::thread*, void (*&)(int, int), int&, int&) allocator.h:141 (occt_1157_stress:arm64+0x10000645c)
    #5 void std::__1::allocator_traits<std::__1::allocator<std::__1::thread>>::construct[abi:nqe220106]<std::__1::thread, void (*&)(int, int), int&, int&, 0>(std::__1::allocator<std::__1::thread>&, std::__1::thread*, void (*&)(int, int), int&, int&) allocator_traits.h:296 (occt_1157_stress:arm64+0x10000645c)
    #6 std::__1::thread* std::__1::vector<std::__1::thread, std::__1::allocator<std::__1::thread>>::__emplace_back_slow_path<void (*&)(int, int), int&, int&>(void (*&)(int, int), int&, int&) vector.h:1109 (occt_1157_stress:arm64+0x10000645c)
    #7 std::__1::thread& std::__1::vector<std::__1::thread, std::__1::allocator<std::__1::thread>>::emplace_back<void (*&)(int, int), int&, int&>(void (*&)(int, int), int&, int&)::'lambda0'()::operator()() const vector.h:1149 (occt_1157_stress:arm64+0x100003918)
    #8 void std::__1::__if_likely_else[abi:nqe220106]<std::__1::thread& std::__1::vector<std::__1::thread, std::__1::allocator<std::__1::thread>>::emplace_back<void (*&)(int, int), int&, int&>(void (*&)(int, int), int&, int&)::'lambda'(), std::__1::thread& std::__1::vector<std::__1::thread, std::__1::allocator<std::__1::thread>>::emplace_back<void (*&)(int, int), int&, int&>(void (*&)(int, int), int&, int&)::'lambda0'()>(bool, std::__1::thread& std::__1::vector<std::__1::thread, std::__1::allocator<std::__1::thread>>::emplace_back<void (*&)(int, int), int&, int&>(void (*&)(int, int), int&, int&)::'lambda'(), std::__1::thread& std::__1::vector<std::__1::thread, std::__1::allocator<std::__1::thread>>::emplace_back<void (*&)(int, int), int&, int&>(void (*&)(int, int), int&, int&)::'lambda0'()) vector.h:1129 (occt_1157_stress:arm64+0x100003918)
    #9 std::__1::thread& std::__1::vector<std::__1::thread, std::__1::allocator<std::__1::thread>>::emplace_back<void (*&)(int, int), int&, int&>(void (*&)(int, int), int&, int&) vector.h:1143 (occt_1157_stress:arm64+0x100003918)
    #10 runOne(char const*, int, int) occt_1157_stress.cpp:359 (occt_1157_stress:arm64+0x100003918)
    #11 main occt_1157_stress.cpp:396 (occt_1157_stress:arm64+0x100002de4)

SUMMARY: ThreadSanitizer: data race IFSelect_WorkSession.cxx:86 in IFSelect_WorkSession::IFSelect_WorkSession()
==================
==================
WARNING: ThreadSanitizer: data race (pid=70874)
  Write of size 1 at 0x00010280fca8 by thread T1:
    #0 IFSelect_WorkSession::IFSelect_WorkSession() IFSelect_WorkSession.cxx:86 (occt_1157_stress:arm64+0x1013afad4)
    #1 XSControl_WorkSession::XSControl_WorkSession() XSControl_WorkSession.cxx:50 (occt_1157_stress:arm64+0x1013f2d64)
    #2 XSControl_WorkSession::XSControl_WorkSession() XSControl_WorkSession.cxx:54 (occt_1157_stress:arm64+0x1013f30b0)
    #3 STEPControl_Writer::STEPControl_Writer() STEPControl_Writer.cxx:39 (occt_1157_stress:arm64+0x10054d2ec)
    #4 STEPControl_Writer::STEPControl_Writer() STEPControl_Writer.cxx:37 (occt_1157_stress:arm64+0x10054d558)
    #5 runStepWriteIndependent(int, int) occt_1157_stress.cpp:85 (occt_1157_stress:arm64+0x100000ad4)
    #6 runMixedStepIgesIndependent(int, int) occt_1157_stress.cpp:224 (occt_1157_stress:arm64+0x1000028c0)
    #7 std::__1::__invoke_result_impl<void, void (*)(int, int), int, int>::type std::__1::__invoke[abi:nqe220106]<void (*)(int, int), int, int>(void (*&&)(int, int), int&&, int&&) invoke.h:90 (occt_1157_stress:arm64+0x100006214)
    #8 void std::__1::__thread_execute[abi:nqe220106]<std::__1::unique_ptr<std::__1::__thread_struct, std::__1::default_delete<std::__1::__thread_struct>>, void (*)(int, int), int, int, 0ul, 1ul, 2ul>(std::__1::tuple<std::__1::unique_ptr<std::__1::__thread_struct, std::__1::default_delete<std::__1::__thread_struct>>, void (*)(int, int), int, int>&, std::__1::__integer_sequence<unsigned long, 0ul, 1ul, 2ul>) thread.h:161 (occt_1157_stress:arm64+0x100006214)
    #9 void* std::__1::__thread_proxy[abi:nqe220106]<std::__1::tuple<std::__1::unique_ptr<std::__1::__thread_struct, std::__1::default_delete<std::__1::__thread_struct>>, void (*)(int, int), int, int>>(void*) thread.h:169 (occt_1157_stress:arm64+0x100006214)

  Previous write of size 1 at 0x00010280fca8 by thread T8:
    #0 IFSelect_WorkSession::IFSelect_WorkSession() IFSelect_WorkSession.cxx:86 (occt_1157_stress:arm64+0x1013afad4)
    #1 XSControl_WorkSession::XSControl_WorkSession() XSControl_WorkSession.cxx:50 (occt_1157_stress:arm64+0x1013f2d64)
    #2 XSControl_WorkSession::XSControl_WorkSession() XSControl_WorkSession.cxx:54 (occt_1157_stress:arm64+0x1013f30b0)
    #3 IGESControl_Reader::IGESControl_Reader() IGESControl_Reader.cxx:55 (occt_1157_stress:arm64+0x100385180)
    #4 IGESControl_Reader::IGESControl_Reader() IGESControl_Reader.cxx:53 (occt_1157_stress:arm64+0x100385350)
    #5 runIgesReadIndependent(int, int) occt_1157_stress.cpp:188 (occt_1157_stress:arm64+0x100002570)
    #6 runMixedStepIgesIndependent(int, int) occt_1157_stress.cpp:227 (occt_1157_stress:arm64+0x1000028f0)
    #7 std::__1::__invoke_result_impl<void, void (*)(int, int), int, int>::type std::__1::__invoke[abi:nqe220106]<void (*)(int, int), int, int>(void (*&&)(int, int), int&&, int&&) invoke.h:90 (occt_1157_stress:arm64+0x100006214)
    #8 void std::__1::__thread_execute[abi:nqe220106]<std::__1::unique_ptr<std::__1::__thread_struct, std::__1::default_delete<std::__1::__thread_struct>>, void (*)(int, int), int, int, 0ul, 1ul, 2ul>(std::__1::tuple<std::__1::unique_ptr<std::__1::__thread_struct, std::__1::default_delete<std::__1::__thread_struct>>, void (*)(int, int), int, int>&, std::__1::__integer_sequence<unsigned long, 0ul, 1ul, 2ul>) thread.h:161 (occt_1157_stress:arm64+0x100006214)
    #9 void* std::__1::__thread_proxy[abi:nqe220106]<std::__1::tuple<std::__1::unique_ptr<std::__1::__thread_struct, std::__1::default_delete<std::__1::__thread_struct>>, void (*)(int, int), int, int>>(void*) thread.h:169 (occt_1157_stress:arm64+0x100006214)

  Location is global 'errhand' at 0x00010280fca8 (occt_1157_stress+0x101cb3ca8)

  Thread T1 (tid=14910705, running) created by main thread at:
    #0 pthread_create <null> (libclang_rt.tsan_osx_dynamic.dylib:arm64e+0x33bac)
    #1 std::__1::__libcpp_thread_create[abi:nqe220106](_opaque_pthread_t**, void* (*)(void*), void*) pthread.h:182 (occt_1157_stress:arm64+0x1000060dc)
    #2 std::__1::thread::thread[abi:nqe220106]<void (*&)(int, int), int&, int&, 0>(void (*&)(int, int), int&, int&) thread.h:221 (occt_1157_stress:arm64+0x1000060dc)
    #3 std::__1::thread::thread[abi:nqe220106]<void (*&)(int, int), int&, int&, 0>(void (*&)(int, int), int&, int&) thread.h:212 (occt_1157_stress:arm64+0x10000645c)
    #4 void std::__1::allocator<std::__1::thread>::construct[abi:nqe220106]<std::__1::thread, void (*&)(int, int), int&, int&>(std::__1::thread*, void (*&)(int, int), int&, int&) allocator.h:141 (occt_1157_stress:arm64+0x10000645c)
    #5 void std::__1::allocator_traits<std::__1::allocator<std::__1::thread>>::construct[abi:nqe220106]<std::__1::thread, void (*&)(int, int), int&, int&, 0>(std::__1::allocator<std::__1::thread>&, std::__1::thread*, void (*&)(int, int), int&, int&) allocator_traits.h:296 (occt_1157_stress:arm64+0x10000645c)
    #6 std::__1::thread* std::__1::vector<std::__1::thread, std::__1::allocator<std::__1::thread>>::__emplace_back_slow_path<void (*&)(int, int), int&, int&>(void (*&)(int, int), int&, int&) vector.h:1109 (occt_1157_stress:arm64+0x10000645c)
    #7 std::__1::thread& std::__1::vector<std::__1::thread, std::__1::allocator<std::__1::thread>>::emplace_back<void (*&)(int, int), int&, int&>(void (*&)(int, int), int&, int&)::'lambda0'()::operator()() const vector.h:1149 (occt_1157_stress:arm64+0x100003918)
    #8 void std::__1::__if_likely_else[abi:nqe220106]<std::__1::thread& std::__1::vector<std::__1::thread, std::__1::allocator<std::__1::thread>>::emplace_back<void (*&)(int, int), int&, int&>(void (*&)(int, int), int&, int&)::'lambda'(), std::__1::thread& std::__1::vector<std::__1::thread, std::__1::allocator<std::__1::thread>>::emplace_back<void (*&)(int, int), int&, int&>(void (*&)(int, int), int&, int&)::'lambda0'()>(bool, std::__1::thread& std::__1::vector<std::__1::thread, std::__1::allocator<std::__1::thread>>::emplace_back<void (*&)(int, int), int&, int&>(void (*&)(int, int), int&, int&)::'lambda'(), std::__1::thread& std::__1::vector<std::__1::thread, std::__1::allocator<std::__1::thread>>::emplace_back<void (*&)(int, int), int&, int&>(void (*&)(int, int), int&, int&)::'lambda0'()) vector.h:1129 (occt_1157_stress:arm64+0x100003918)
    #9 std::__1::thread& std::__1::vector<std::__1::thread, std::__1::allocator<std::__1::thread>>::emplace_back<void (*&)(int, int), int&, int&>(void (*&)(int, int), int&, int&) vector.h:1143 (occt_1157_stress:arm64+0x100003918)
    #10 runOne(char const*, int, int) occt_1157_stress.cpp:359 (occt_1157_stress:arm64+0x100003918)
    #11 main occt_1157_stress.cpp:396 (occt_1157_stress:arm64+0x100002de4)

  Thread T8 (tid=14910712, running) created by main thread at:
    #0 pthread_create <null> (libclang_rt.tsan_osx_dynamic.dylib:arm64e+0x33bac)
    #1 std::__1::__libcpp_thread_create[abi:nqe220106](_opaque_pthread_t**, void* (*)(void*), void*) pthread.h:182 (occt_1157_stress:arm64+0x1000060dc)
    #2 std::__1::thread::thread[abi:nqe220106]<void (*&)(int, int), int&, int&, 0>(void (*&)(int, int), int&, int&) thread.h:221 (occt_1157_stress:arm64+0x1000060dc)
    #3 std::__1::thread::thread[abi:nqe220106]<void (*&)(int, int), int&, int&, 0>(void (*&)(int, int), int&, int&) thread.h:212 (occt_1157_stress:arm64+0x1000038c8)
    #4 void std::__1::allocator<std::__1::thread>::construct[abi:nqe220106]<std::__1::thread, void (*&)(int, int), int&, int&>(std::__1::thread*, void (*&)(int, int), int&, int&) allocator.h:141 (occt_1157_stress:arm64+0x1000038c8)
    #5 void std::__1::allocator_traits<std::__1::allocator<std::__1::thread>>::construct[abi:nqe220106]<std::__1::thread, void (*&)(int, int), int&, int&, 0>(std::__1::allocator<std::__1::thread>&, std::__1::thread*, void (*&)(int, int), int&, int&) allocator_traits.h:296 (occt_1157_stress:arm64+0x1000038c8)
    #6 void std::__1::vector<std::__1::thread, std::__1::allocator<std::__1::thread>>::__emplace_back_assume_capacity[abi:nqe220106]<void (*&)(int, int), int&, int&>(void (*&)(int, int), int&, int&) vector.h:483 (occt_1157_stress:arm64+0x1000038c8)
    #7 std::__1::thread& std::__1::vector<std::__1::thread, std::__1::allocator<std::__1::thread>>::emplace_back<void (*&)(int, int), int&, int&>(void (*&)(int, int), int&, int&)::'lambda'()::operator()() const vector.h:1146 (occt_1157_stress:arm64+0x1000038c8)
    #8 void std::__1::__if_likely_else[abi:nqe220106]<std::__1::thread& std::__1::vector<std::__1::thread, std::__1::allocator<std::__1::thread>>::emplace_back<void (*&)(int, int), int&, int&>(void (*&)(int, int), int&, int&)::'lambda'(), std::__1::thread& std::__1::vector<std::__1::thread, std::__1::allocator<std::__1::thread>>::emplace_back<void (*&)(int, int), int&, int&>(void (*&)(int, int), int&, int&)::'lambda0'()>(bool, std::__1::thread& std::__1::vector<std::__1::thread, std::__1::allocator<std::__1::thread>>::emplace_back<void (*&)(int, int), int&, int&>(void (*&)(int, int), int&, int&)::'lambda'(), std::__1::thread& std::__1::vector<std::__1::thread, std::__1::allocator<std::__1::thread>>::emplace_back<void (*&)(int, int), int&, int&>(void (*&)(int, int), int&, int&)::'lambda0'()) vector.h:1127 (occt_1157_stress:arm64+0x1000038c8)
    #9 std::__1::thread& std::__1::vector<std::__1::thread, std::__1::allocator<std::__1::thread>>::emplace_back<void (*&)(int, int), int&, int&>(void (*&)(int, int), int&, int&) vector.h:1143 (occt_1157_stress:arm64+0x1000038c8)
    #10 runOne(char const*, int, int) occt_1157_stress.cpp:359 (occt_1157_stress:arm64+0x1000038c8)
    #11 main occt_1157_stress.cpp:396 (occt_1157_stress:arm64+0x100002de4)

SUMMARY: ThreadSanitizer: data race IFSelect_WorkSession.cxx:86 in IFSelect_WorkSession::IFSelect_WorkSession()
==================
==================
WARNING: ThreadSanitizer: data race (pid=70874)
  Read of size 4 at 0x00010db1d4e0 by thread T4:
    #0 MoniTool_TypedValue::IntegerValue() const MoniTool_TypedValue.cxx:1036 (occt_1157_stress:arm64+0x101403f5c)
    #1 Interface_Static::IVal(char const*) Interface_Static.cxx:472 (occt_1157_stress:arm64+0x10133f8f0)
    #2 IGESControl_Reader::IGESControl_Reader() IGESControl_Reader.cxx:57 (occt_1157_stress:arm64+0x100385220)
    #3 IGESControl_Reader::IGESControl_Reader() IGESControl_Reader.cxx:53 (occt_1157_stress:arm64+0x100385350)
    #4 runIgesReadIndependent(int, int) occt_1157_stress.cpp:188 (occt_1157_stress:arm64+0x100002570)
    #5 runMixedStepIgesIndependent(int, int) occt_1157_stress.cpp:227 (occt_1157_stress:arm64+0x1000028f0)
    #6 std::__1::__invoke_result_impl<void, void (*)(int, int), int, int>::type std::__1::__invoke[abi:nqe220106]<void (*)(int, int), int, int>(void (*&&)(int, int), int&&, int&&) invoke.h:90 (occt_1157_stress:arm64+0x100006214)
    #7 void std::__1::__thread_execute[abi:nqe220106]<std::__1::unique_ptr<std::__1::__thread_struct, std::__1::default_delete<std::__1::__thread_struct>>, void (*)(int, int), int, int, 0ul, 1ul, 2ul>(std::__1::tuple<std::__1::unique_ptr<std::__1::__thread_struct, std::__1::default_delete<std::__1::__thread_struct>>, void (*)(int, int), int, int>&, std::__1::__integer_sequence<unsigned long, 0ul, 1ul, 2ul>) thread.h:161 (occt_1157_stress:arm64+0x100006214)
    #8 void* std::__1::__thread_proxy[abi:nqe220106]<std::__1::tuple<std::__1::unique_ptr<std::__1::__thread_struct, std::__1::default_delete<std::__1::__thread_struct>>, void (*)(int, int), int, int>>(void*) thread.h:169 (occt_1157_stress:arm64+0x100006214)

  Previous write of size 4 at 0x00010db1d4e0 by thread T8:
    #0 MoniTool_TypedValue::SetIntegerValue(int) MoniTool_TypedValue.cxx:1059 (occt_1157_stress:arm64+0x101407c8c)
    #1 Interface_Static::SetIVal(char const*, int) Interface_Static.cxx:505 (occt_1157_stress:arm64+0x10133fb8c)
    #2 IGESControl_Reader::NbRootsForTransfer() IGESControl_Reader.cxx:104 (occt_1157_stress:arm64+0x1003857bc)
    #3 XSControl_Reader::TransferRoots(Message_ProgressRange const&) XSControl_Reader.cxx:275 (occt_1157_stress:arm64+0x1013db574)
    #4 runIgesReadIndependent(int, int) occt_1157_stress.cpp:199 (occt_1157_stress:arm64+0x1000025d4)
    #5 runMixedStepIgesIndependent(int, int) occt_1157_stress.cpp:227 (occt_1157_stress:arm64+0x1000028f0)
    #6 std::__1::__invoke_result_impl<void, void (*)(int, int), int, int>::type std::__1::__invoke[abi:nqe220106]<void (*)(int, int), int, int>(void (*&&)(int, int), int&&, int&&) invoke.h:90 (occt_1157_stress:arm64+0x100006214)
    #7 void std::__1::__thread_execute[abi:nqe220106]<std::__1::unique_ptr<std::__1::__thread_struct, std::__1::default_delete<std::__1::__thread_struct>>, void (*)(int, int), int, int, 0ul, 1ul, 2ul>(std::__1::tuple<std::__1::unique_ptr<std::__1::__thread_struct, std::__1::default_delete<std::__1::__thread_struct>>, void (*)(int, int), int, int>&, std::__1::__integer_sequence<unsigned long, 0ul, 1ul, 2ul>) thread.h:161 (occt_1157_stress:arm64+0x100006214)
    #8 void* std::__1::__thread_proxy[abi:nqe220106]<std::__1::tuple<std::__1::unique_ptr<std::__1::__thread_struct, std::__1::default_delete<std::__1::__thread_struct>>, void (*)(int, int), int, int>>(void*) thread.h:169 (occt_1157_stress:arm64+0x100006214)

  Location is heap block of size 648 at 0x00010db1d400 allocated by main thread:
    #0 calloc <null> (libclang_rt.tsan_osx_dynamic.dylib:arm64e+0x67ff4)
    #1 Standard::Allocate(unsigned long) Standard.cxx:386 (occt_1157_stress:arm64+0x1008bee84)
    #2 Standard_Transient::operator new(unsigned long) Standard_Transient.hxx:47 (occt_1157_stress:arm64+0x10133e594)
    #3 Interface_Static::Init(char const*, char const*, Interface_ParamType, char const*) Interface_Static.cxx:180 (occt_1157_stress:arm64+0x10133e594)
    #4 Interface_Static::Init(char const*, char const*, char, char const*) Interface_Static.cxx:275 (occt_1157_stress:arm64+0x10133ec84)
    #5 IGESData::Init() IGESData.cxx:168 (occt_1157_stress:arm64+0x1000bf9ac)
    #6 IGESBasic::Init() IGESBasic.cxx:31 (occt_1157_stress:arm64+0x1001039c4)
    #7 IGESGeom::Init() IGESGeom.cxx:32 (occt_1157_stress:arm64+0x100140a18)
    #8 IGESSolid::Init() IGESSolid.cxx:32 (occt_1157_stress:arm64+0x1002180b4)
    #9 IGESControl_Controller::IGESControl_Controller(bool) IGESControl_Controller.cxx:79 (occt_1157_stress:arm64+0x10037b330)
    #10 IGESControl_Controller::IGESControl_Controller(bool) IGESControl_Controller.cxx:75 (occt_1157_stress:arm64+0x100380880)
    #11 IGESControl_Controller::Init() IGESControl_Controller.cxx:364 (occt_1157_stress:arm64+0x100380880)
    #12 IGESControl_Writer::IGESControl_Writer(char const*, int) IGESControl_Writer.cxx:73 (occt_1157_stress:arm64+0x10038b868)
    #13 IGESControl_Writer::IGESControl_Writer(char const*, int) IGESControl_Writer.cxx:72 (occt_1157_stress:arm64+0x10038ba30)
    #14 writeFixtures() occt_1157_stress.cpp:323 (occt_1157_stress:arm64+0x100003520)
    #15 runOne(char const*, int, int) occt_1157_stress.cpp:334 (occt_1157_stress:arm64+0x100003520)
    #16 main occt_1157_stress.cpp:396 (occt_1157_stress:arm64+0x100002de4)

  Thread T4 (tid=14910708, running) created by main thread at:
    #0 pthread_create <null> (libclang_rt.tsan_osx_dynamic.dylib:arm64e+0x33bac)
    #1 std::__1::__libcpp_thread_create[abi:nqe220106](_opaque_pthread_t**, void* (*)(void*), void*) pthread.h:182 (occt_1157_stress:arm64+0x1000060dc)
    #2 std::__1::thread::thread[abi:nqe220106]<void (*&)(int, int), int&, int&, 0>(void (*&)(int, int), int&, int&) thread.h:221 (occt_1157_stress:arm64+0x1000060dc)
    #3 std::__1::thread::thread[abi:nqe220106]<void (*&)(int, int), int&, int&, 0>(void (*&)(int, int), int&, int&) thread.h:212 (occt_1157_stress:arm64+0x1000038c8)
    #4 void std::__1::allocator<std::__1::thread>::construct[abi:nqe220106]<std::__1::thread, void (*&)(int, int), int&, int&>(std::__1::thread*, void (*&)(int, int), int&, int&) allocator.h:141 (occt_1157_stress:arm64+0x1000038c8)
    #5 void std::__1::allocator_traits<std::__1::allocator<std::__1::thread>>::construct[abi:nqe220106]<std::__1::thread, void (*&)(int, int), int&, int&, 0>(std::__1::allocator<std::__1::thread>&, std::__1::thread*, void (*&)(int, int), int&, int&) allocator_traits.h:296 (occt_1157_stress:arm64+0x1000038c8)
    #6 void std::__1::vector<std::__1::thread, std::__1::allocator<std::__1::thread>>::__emplace_back_assume_capacity[abi:nqe220106]<void (*&)(int, int), int&, int&>(void (*&)(int, int), int&, int&) vector.h:483 (occt_1157_stress:arm64+0x1000038c8)
    #7 std::__1::thread& std::__1::vector<std::__1::thread, std::__1::allocator<std::__1::thread>>::emplace_back<void (*&)(int, int), int&, int&>(void (*&)(int, int), int&, int&)::'lambda'()::operator()() const vector.h:1146 (occt_1157_stress:arm64+0x1000038c8)
    #8 void std::__1::__if_likely_else[abi:nqe220106]<std::__1::thread& std::__1::vector<std::__1::thread, std::__1::allocator<std::__1::thread>>::emplace_back<void (*&)(int, int), int&, int&>(void (*&)(int, int), int&, int&)::'lambda'(), std::__1::thread& std::__1::vector<std::__1::thread, std::__1::allocator<std::__1::thread>>::emplace_back<void (*&)(int, int), int&, int&>(void (*&)(int, int), int&, int&)::'lambda0'()>(bool, std::__1::thread& std::__1::vector<std::__1::thread, std::__1::allocator<std::__1::thread>>::emplace_back<void (*&)(int, int), int&, int&>(void (*&)(int, int), int&, int&)::'lambda'(), std::__1::thread& std::__1::vector<std::__1::thread, std::__1::allocator<std::__1::thread>>::emplace_back<void (*&)(int, int), int&, int&>(void (*&)(int, int), int&, int&)::'lambda0'()) vector.h:1127 (occt_1157_stress:arm64+0x1000038c8)
    #9 std::__1::thread& std::__1::vector<std::__1::thread, std::__1::allocator<std::__1::thread>>::emplace_back<void (*&)(int, int), int&, int&>(void (*&)(int, int), int&, int&) vector.h:1143 (occt_1157_stress:arm64+0x1000038c8)
    #10 runOne(char const*, int, int) occt_1157_stress.cpp:359 (occt_1157_stress:arm64+0x1000038c8)
    #11 main occt_1157_stress.cpp:396 (occt_1157_stress:arm64+0x100002de4)

  Thread T8 (tid=14910712, running) created by main thread at:
    #0 pthread_create <null> (libclang_rt.tsan_osx_dynamic.dylib:arm64e+0x33bac)
    #1 std::__1::__libcpp_thread_create[abi:nqe220106](_opaque_pthread_t**, void* (*)(void*), void*) pthread.h:182 (occt_1157_stress:arm64+0x1000060dc)
    #2 std::__1::thread::thread[abi:nqe220106]<void (*&)(int, int), int&, int&, 0>(void (*&)(int, int), int&, int&) thread.h:221 (occt_1157_stress:arm64+0x1000060dc)
    #3 std::__1::thread::thread[abi:nqe220106]<void (*&)(int, int), int&, int&, 0>(void (*&)(int, int), int&, int&) thread.h:212 (occt_1157_stress:arm64+0x1000038c8)
    #4 void std::__1::allocator<std::__1::thread>::construct[abi:nqe220106]<std::__1::thread, void (*&)(int, int), int&, int&>(std::__1::thread*, void (*&)(int, int), int&, int&) allocator.h:141 (occt_1157_stress:arm64+0x1000038c8)
    #5 void std::__1::allocator_traits<std::__1::allocator<std::__1::thread>>::construct[abi:nqe220106]<std::__1::thread, void (*&)(int, int), int&, int&, 0>(std::__1::allocator<std::__1::thread>&, std::__1::thread*, void (*&)(int, int), int&, int&) allocator_traits.h:296 (occt_1157_stress:arm64+0x1000038c8)
    #6 void std::__1::vector<std::__1::thread, std::__1::allocator<std::__1::thread>>::__emplace_back_assume_capacity[abi:nqe220106]<void (*&)(int, int), int&, int&>(void (*&)(int, int), int&, int&) vector.h:483 (occt_1157_stress:arm64+0x1000038c8)
    #7 std::__1::thread& std::__1::vector<std::__1::thread, std::__1::allocator<std::__1::thread>>::emplace_back<void (*&)(int, int), int&, int&>(void (*&)(int, int), int&, int&)::'lambda'()::operator()() const vector.h:1146 (occt_1157_stress:arm64+0x1000038c8)
    #8 void std::__1::__if_likely_else[abi:nqe220106]<std::__1::thread& std::__1::vector<std::__1::thread, std::__1::allocator<std::__1::thread>>::emplace_back<void (*&)(int, int), int&, int&>(void (*&)(int, int), int&, int&)::'lambda'(), std::__1::thread& std::__1::vector<std::__1::thread, std::__1::allocator<std::__1::thread>>::emplace_back<void (*&)(int, int), int&, int&>(void (*&)(int, int), int&, int&)::'lambda0'()>(bool, std::__1::thread& std::__1::vector<std::__1::thread, std::__1::allocator<std::__1::thread>>::emplace_back<void (*&)(int, int), int&, int&>(void (*&)(int, int), int&, int&)::'lambda'(), std::__1::thread& std::__1::vector<std::__1::thread, std::__1::allocator<std::__1::thread>>::emplace_back<void (*&)(int, int), int&, int&>(void (*&)(int, int), int&, int&)::'lambda0'()) vector.h:1127 (occt_1157_stress:arm64+0x1000038c8)
    #9 std::__1::thread& std::__1::vector<std::__1::thread, std::__1::allocator<std::__1::thread>>::emplace_back<void (*&)(int, int), int&, int&>(void (*&)(int, int), int&, int&) vector.h:1143 (occt_1157_stress:arm64+0x1000038c8)
    #10 runOne(char const*, int, int) occt_1157_stress.cpp:359 (occt_1157_stress:arm64+0x1000038c8)
    #11 main occt_1157_stress.cpp:396 (occt_1157_stress:arm64+0x100002de4)

SUMMARY: ThreadSanitizer: data race MoniTool_TypedValue.cxx:1036 in MoniTool_TypedValue::IntegerValue() const
==================
==================
WARNING: ThreadSanitizer: data race (pid=70874)
  Read of size 8 at 0x00010e0023c8 by thread T3:
    #0 opencascade::handle<Standard_Transient>::EndScope() Standard_Handle.hxx:391 (occt_1157_stress:arm64+0x101377e98)
    #1 opencascade::handle<Standard_Transient>::Nullify() Standard_Handle.hxx:91 (occt_1157_stress:arm64+0x101377e98)
    #2 IFSelect_EditForm::ClearData() IFSelect_EditForm.cxx:85 (occt_1157_stress:arm64+0x101377e98)
    #3 IFSelect_WorkSession::ClearData(int) IFSelect_WorkSession.cxx:462 (occt_1157_stress:arm64+0x1013b1e80)
    #4 XSControl_WorkSession::ClearData(int) XSControl_WorkSession.cxx:64 (occt_1157_stress:arm64+0x1013f310c)
    #5 IFSelect_WorkSession::SetModel(opencascade::handle<Interface_InterfaceModel> const&, bool) IFSelect_WorkSession.cxx:165 (occt_1157_stress:arm64+0x1013b0490)
    #6 STEPControl_Reader::ReadFile(char const*) STEPControl_Reader.cxx:143 (occt_1157_stress:arm64+0x10054530c)
    #7 runStepReadIndependent(int, int) occt_1157_stress.cpp:125 (occt_1157_stress:arm64+0x100001668)
    #8 runMixedStepIgesIndependent(int, int) occt_1157_stress.cpp:226 (occt_1157_stress:arm64+0x1000028e0)
    #9 std::__1::__invoke_result_impl<void, void (*)(int, int), int, int>::type std::__1::__invoke[abi:nqe220106]<void (*)(int, int), int, int>(void (*&&)(int, int), int&&, int&&) invoke.h:90 (occt_1157_stress:arm64+0x100006214)
    #10 void std::__1::__thread_execute[abi:nqe220106]<std::__1::unique_ptr<std::__1::__thread_struct, std::__1::default_delete<std::__1::__thread_struct>>, void (*)(int, int), int, int, 0ul, 1ul, 2ul>(std::__1::tuple<std::__1::unique_ptr<std::__1::__thread_struct, std::__1::default_delete<std::__1::__thread_struct>>, void (*)(int, int), int, int>&, std::__1::__integer_sequence<unsigned long, 0ul, 1ul, 2ul>) thread.h:161 (occt_1157_stress:arm64+0x100006214)
    #11 void* std::__1::__thread_proxy[abi:nqe220106]<std::__1::tuple<std::__1::unique_ptr<std::__1::__thread_struct, std::__1::default_delete<std::__1::__thread_struct>>, void (*)(int, int), int, int>>(void*) thread.h:169 (occt_1157_stress:arm64+0x100006214)

  Previous write of size 8 at 0x00010e0023c8 by thread T5 (mutexes: write M0):
    #0 opencascade::handle<Standard_Transient>::EndScope() Standard_Handle.hxx:393 (occt_1157_stress:arm64+0x101377eec)
    #1 opencascade::handle<Standard_Transient>::Nullify() Standard_Handle.hxx:91 (occt_1157_stress:arm64+0x101377eec)
    #2 IFSelect_EditForm::ClearData() IFSelect_EditForm.cxx:85 (occt_1157_stress:arm64+0x101377eec)
    #3 IFSelect_WorkSession::ClearData(int) IFSelect_WorkSession.cxx:462 (occt_1157_stress:arm64+0x1013b1e80)
    #4 XSControl_WorkSession::ClearData(int) XSControl_WorkSession.cxx:64 (occt_1157_stress:arm64+0x1013f310c)
    #5 IFSelect_WorkSession::SetModel(opencascade::handle<Interface_InterfaceModel> const&, bool) IFSelect_WorkSession.cxx:165 (occt_1157_stress:arm64+0x1013b0490)
    #6 XSControl_WorkSession::NewModel() XSControl_WorkSession.cxx:531 (occt_1157_stress:arm64+0x1013f59a8)
    #7 STEPControl_Writer::Model(bool) STEPControl_Writer.cxx:75 (occt_1157_stress:arm64+0x10054d718)
    #8 STEPControl_Writer::SetWS(opencascade::handle<XSControl_WorkSession> const&, bool) STEPControl_Writer.cxx:58 (occt_1157_stress:arm64+0x10054d4b8)
    #9 STEPControl_Writer::STEPControl_Writer() STEPControl_Writer.cxx:39 (occt_1157_stress:arm64+0x10054d31c)
    #10 STEPControl_Writer::STEPControl_Writer() STEPControl_Writer.cxx:37 (occt_1157_stress:arm64+0x10054d558)
    #11 runStepWriteIndependent(int, int) occt_1157_stress.cpp:85 (occt_1157_stress:arm64+0x100000ad4)
    #12 runMixedStepIgesIndependent(int, int) occt_1157_stress.cpp:224 (occt_1157_stress:arm64+0x1000028c0)
    #13 std::__1::__invoke_result_impl<void, void (*)(int, int), int, int>::type std::__1::__invoke[abi:nqe220106]<void (*)(int, int), int, int>(void (*&&)(int, int), int&&, int&&) invoke.h:90 (occt_1157_stress:arm64+0x100006214)
    #14 void std::__1::__thread_execute[abi:nqe220106]<std::__1::unique_ptr<std::__1::__thread_struct, std::__1::default_delete<std::__1::__thread_struct>>, void (*)(int, int), int, int, 0ul, 1ul, 2ul>(std::__1::tuple<std::__1::unique_ptr<std::__1::__thread_struct, std::__1::default_delete<std::__1::__thread_struct>>, void (*)(int, int), int, int>&, std::__1::__integer_sequence<unsigned long, 0ul, 1ul, 2ul>) thread.h:161 (occt_1157_stress:arm64+0x100006214)
    #15 void* std::__1::__thread_proxy[abi:nqe220106]<std::__1::tuple<std::__1::unique_ptr<std::__1::__thread_struct, std::__1::default_delete<std::__1::__thread_struct>>, void (*)(int, int), int, int>>(void*) thread.h:169 (occt_1157_stress:arm64+0x100006214)

  Location is heap block of size 224 at 0x00010e002300 allocated by main thread:
    #0 calloc <null> (libclang_rt.tsan_osx_dynamic.dylib:arm64e+0x67ff4)
    #1 Standard::Allocate(unsigned long) Standard.cxx:386 (occt_1157_stress:arm64+0x1008bee84)
    #2 Standard_Transient::operator new(unsigned long) Standard_Transient.hxx:47 (occt_1157_stress:arm64+0x100541cfc)
    #3 STEPControl_Controller::STEPControl_Controller() STEPControl_Controller.cxx:426 (occt_1157_stress:arm64+0x100541cfc)
    #4 STEPControl_Controller::STEPControl_Controller() STEPControl_Controller.cxx:60 (occt_1157_stress:arm64+0x1005435f8)
    #5 STEPControl_Controller::Init() STEPControl_Controller.cxx:494 (occt_1157_stress:arm64+0x1005435f8)
    #6 STEPControl_Writer::STEPControl_Writer() STEPControl_Writer.cxx:38 (occt_1157_stress:arm64+0x10054d2dc)
    #7 STEPControl_Writer::STEPControl_Writer() STEPControl_Writer.cxx:37 (occt_1157_stress:arm64+0x10054d558)
    #8 writeFixtures() occt_1157_stress.cpp:314 (occt_1157_stress:arm64+0x100003038)
    #9 runOne(char const*, int, int) occt_1157_stress.cpp:334 (occt_1157_stress:arm64+0x100003038)
    #10 main occt_1157_stress.cpp:396 (occt_1157_stress:arm64+0x100002de4)

  Mutex M0 (0x000102805358) created at:
    #0 pthread_mutex_lock <null> (libclang_rt.tsan_osx_dynamic.dylib:arm64e+0x35a34)
    #1 std::__1::mutex::lock() <null> (libc++.1.dylib:arm64e+0x3080)
    #2 STEPControl_Writer::SetWS(opencascade::handle<XSControl_WorkSession> const&, bool) STEPControl_Writer.cxx:56 (occt_1157_stress:arm64+0x10054d494)
    #3 STEPControl_Writer::STEPControl_Writer() STEPControl_Writer.cxx:39 (occt_1157_stress:arm64+0x10054d31c)
    #4 STEPControl_Writer::STEPControl_Writer() STEPControl_Writer.cxx:37 (occt_1157_stress:arm64+0x10054d558)
    #5 writeFixtures() occt_1157_stress.cpp:314 (occt_1157_stress:arm64+0x100003038)
    #6 runOne(char const*, int, int) occt_1157_stress.cpp:334 (occt_1157_stress:arm64+0x100003038)
    #7 main occt_1157_stress.cpp:396 (occt_1157_stress:arm64+0x100002de4)

  Thread T3 (tid=14910707, running) created by main thread at:
    #0 pthread_create <null> (libclang_rt.tsan_osx_dynamic.dylib:arm64e+0x33bac)
    #1 std::__1::__libcpp_thread_create[abi:nqe220106](_opaque_pthread_t**, void* (*)(void*), void*) pthread.h:182 (occt_1157_stress:arm64+0x1000060dc)
    #2 std::__1::thread::thread[abi:nqe220106]<void (*&)(int, int), int&, int&, 0>(void (*&)(int, int), int&, int&) thread.h:221 (occt_1157_stress:arm64+0x1000060dc)
    #3 std::__1::thread::thread[abi:nqe220106]<void (*&)(int, int), int&, int&, 0>(void (*&)(int, int), int&, int&) thread.h:212 (occt_1157_stress:arm64+0x10000645c)
    #4 void std::__1::allocator<std::__1::thread>::construct[abi:nqe220106]<std::__1::thread, void (*&)(int, int), int&, int&>(std::__1::thread*, void (*&)(int, int), int&, int&) allocator.h:141 (occt_1157_stress:arm64+0x10000645c)
    #5 void std::__1::allocator_traits<std::__1::allocator<std::__1::thread>>::construct[abi:nqe220106]<std::__1::thread, void (*&)(int, int), int&, int&, 0>(std::__1::allocator<std::__1::thread>&, std::__1::thread*, void (*&)(int, int), int&, int&) allocator_traits.h:296 (occt_1157_stress:arm64+0x10000645c)
    #6 std::__1::thread* std::__1::vector<std::__1::thread, std::__1::allocator<std::__1::thread>>::__emplace_back_slow_path<void (*&)(int, int), int&, int&>(void (*&)(int, int), int&, int&) vector.h:1109 (occt_1157_stress:arm64+0x10000645c)
    #7 std::__1::thread& std::__1::vector<std::__1::thread, std::__1::allocator<std::__1::thread>>::emplace_back<void (*&)(int, int), int&, int&>(void (*&)(int, int), int&, int&)::'lambda0'()::operator()() const vector.h:1149 (occt_1157_stress:arm64+0x100003918)
    #8 void std::__1::__if_likely_else[abi:nqe220106]<std::__1::thread& std::__1::vector<std::__1::thread, std::__1::allocator<std::__1::thread>>::emplace_back<void (*&)(int, int), int&, int&>(void (*&)(int, int), int&, int&)::'lambda'(), std::__1::thread& std::__1::vector<std::__1::thread, std::__1::allocator<std::__1::thread>>::emplace_back<void (*&)(int, int), int&, int&>(void (*&)(int, int), int&, int&)::'lambda0'()>(bool, std::__1::thread& std::__1::vector<std::__1::thread, std::__1::allocator<std::__1::thread>>::emplace_back<void (*&)(int, int), int&, int&>(void (*&)(int, int), int&, int&)::'lambda'(), std::__1::thread& std::__1::vector<std::__1::thread, std::__1::allocator<std::__1::thread>>::emplace_back<void (*&)(int, int), int&, int&>(void (*&)(int, int), int&, int&)::'lambda0'()) vector.h:1129 (occt_1157_stress:arm64+0x100003918)
    #9 std::__1::thread& std::__1::vector<std::__1::thread, std::__1::allocator<std::__1::thread>>::emplace_back<void (*&)(int, int), int&, int&>(void (*&)(int, int), int&, int&) vector.h:1143 (occt_1157_stress:arm64+0x100003918)
    #10 runOne(char const*, int, int) occt_1157_stress.cpp:359 (occt_1157_stress:arm64+0x100003918)
    #11 main occt_1157_stress.cpp:396 (occt_1157_stress:arm64+0x100002de4)

  Thread T5 (tid=14910709, running) created by main thread at:
    #0 pthread_create <null> (libclang_rt.tsan_osx_dynamic.dylib:arm64e+0x33bac)
    #1 std::__1::__libcpp_thread_create[abi:nqe220106](_opaque_pthread_t**, void* (*)(void*), void*) pthread.h:182 (occt_1157_stress:arm64+0x1000060dc)
    #2 std::__1::thread::thread[abi:nqe220106]<void (*&)(int, int), int&, int&, 0>(void (*&)(int, int), int&, int&) thread.h:221 (occt_1157_stress:arm64+0x1000060dc)
    #3 std::__1::thread::thread[abi:nqe220106]<void (*&)(int, int), int&, int&, 0>(void (*&)(int, int), int&, int&) thread.h:212 (occt_1157_stress:arm64+0x10000645c)
    #4 void std::__1::allocator<std::__1::thread>::construct[abi:nqe220106]<std::__1::thread, void (*&)(int, int), int&, int&>(std::__1::thread*, void (*&)(int, int), int&, int&) allocator.h:141 (occt_1157_stress:arm64+0x10000645c)
    #5 void std::__1::allocator_traits<std::__1::allocator<std::__1::thread>>::construct[abi:nqe220106]<std::__1::thread, void (*&)(int, int), int&, int&, 0>(std::__1::allocator<std::__1::thread>&, std::__1::thread*, void (*&)(int, int), int&, int&) allocator_traits.h:296 (occt_1157_stress:arm64+0x10000645c)
    #6 std::__1::thread* std::__1::vector<std::__1::thread, std::__1::allocator<std::__1::thread>>::__emplace_back_slow_path<void (*&)(int, int), int&, int&>(void (*&)(int, int), int&, int&) vector.h:1109 (occt_1157_stress:arm64+0x10000645c)
    #7 std::__1::thread& std::__1::vector<std::__1::thread, std::__1::allocator<std::__1::thread>>::emplace_back<void (*&)(int, int), int&, int&>(void (*&)(int, int), int&, int&)::'lambda0'()::operator()() const vector.h:1149 (occt_1157_stress:arm64+0x100003918)
    #8 void std::__1::__if_likely_else[abi:nqe220106]<std::__1::thread& std::__1::vector<std::__1::thread, std::__1::allocator<std::__1::thread>>::emplace_back<void (*&)(int, int), int&, int&>(void (*&)(int, int), int&, int&)::'lambda'(), std::__1::thread& std::__1::vector<std::__1::thread, std::__1::allocator<std::__1::thread>>::emplace_back<void (*&)(int, int), int&, int&>(void (*&)(int, int), int&, int&)::'lambda0'()>(bool, std::__1::thread& std::__1::vector<std::__1::thread, std::__1::allocator<std::__1::thread>>::emplace_back<void (*&)(int, int), int&, int&>(void (*&)(int, int), int&, int&)::'lambda'(), std::__1::thread& std::__1::vector<std::__1::thread, std::__1::allocator<std::__1::thread>>::emplace_back<void (*&)(int, int), int&, int&>(void (*&)(int, int), int&, int&)::'lambda0'()) vector.h:1129 (occt_1157_stress:arm64+0x100003918)
    #9 std::__1::thread& std::__1::vector<std::__1::thread, std::__1::allocator<std::__1::thread>>::emplace_back<void (*&)(int, int), int&, int&>(void (*&)(int, int), int&, int&) vector.h:1143 (occt_1157_stress:arm64+0x100003918)
    #10 runOne(char const*, int, int) occt_1157_stress.cpp:359 (occt_1157_stress:arm64+0x100003918)
    #11 main occt_1157_stress.cpp:396 (occt_1157_stress:arm64+0x100002de4)

SUMMARY: ThreadSanitizer: data race Standard_Handle.hxx:391 in opencascade::handle<Standard_Transient>::EndScope()
==================
==================
WARNING: ThreadSanitizer: data race (pid=70874)
  Write of size 4 at 0x00010c9034e8 by thread T1:
    #0 STEPControl_ActorWrite::SetGroupMode(int) STEPControl_ActorWrite.cxx:473 (occt_1157_stress:arm64+0x10052bea0)
    #1 STEPControl_Writer::Transfer(TopoDS_Shape const&, STEPControl_StepModelType, DESTEP_Parameters const&, bool, Message_ProgressRange const&) STEPControl_Writer.cxx:156 (occt_1157_stress:arm64+0x10054e180)
    #2 STEPControl_Writer::Transfer(TopoDS_Shape const&, STEPControl_StepModelType, bool, Message_ProgressRange const&) STEPControl_Writer.cxx:111 (occt_1157_stress:arm64+0x10054dc4c)
    #3 runStepWriteIndependent(int, int) occt_1157_stress.cpp:88 (occt_1157_stress:arm64+0x100000b10)
    #4 runMixedStepIgesIndependent(int, int) occt_1157_stress.cpp:224 (occt_1157_stress:arm64+0x1000028c0)
    #5 std::__1::__invoke_result_impl<void, void (*)(int, int), int, int>::type std::__1::__invoke[abi:nqe220106]<void (*)(int, int), int, int>(void (*&&)(int, int), int&&, int&&) invoke.h:90 (occt_1157_stress:arm64+0x100006214)
    #6 void std::__1::__thread_execute[abi:nqe220106]<std::__1::unique_ptr<std::__1::__thread_struct, std::__1::default_delete<std::__1::__thread_struct>>, void (*)(int, int), int, int, 0ul, 1ul, 2ul>(std::__1::tuple<std::__1::unique_ptr<std::__1::__thread_struct, std::__1::default_delete<std::__1::__thread_struct>>, void (*)(int, int), int, int>&, std::__1::__integer_sequence<unsigned long, 0ul, 1ul, 2ul>) thread.h:161 (occt_1157_stress:arm64+0x100006214)
    #7 void* std::__1::__thread_proxy[abi:nqe220106]<std::__1::tuple<std::__1::unique_ptr<std::__1::__thread_struct, std::__1::default_delete<std::__1::__thread_struct>>, void (*)(int, int), int, int>>(void*) thread.h:169 (occt_1157_stress:arm64+0x100006214)

  Previous read of size 4 at 0x00010c9034e8 by thread T5 (mutexes: write M0):
    #0 STEPControl_ActorWrite::GroupMode() const STEPControl_ActorWrite.cxx:481 (occt_1157_stress:arm64+0x1005381ec)
    #1 STEPControl_ActorWrite::IsAssembly(opencascade::handle<StepData_StepModel> const&, TopoDS_Shape&) const STEPControl_ActorWrite.cxx:701 (occt_1157_stress:arm64+0x1005381ec)
    #2 STEPControl_ActorWrite::TransferShape(opencascade::handle<Transfer_Finder> const&, opencascade::handle<StepShape_ShapeDefinitionRepresentation> const&, opencascade::handle<Transfer_FinderProcess> const&, StepData_Factors const&, opencascade::handle<NCollection_HSequence<TopoDS_Shape>> const&, bool, Message_ProgressRange const&) STEPControl_ActorWrite.cxx:828 (occt_1157_stress:arm64+0x10052da90)
    #3 STEPControl_ActorWrite::TransferShape(opencascade::handle<Transfer_Finder> const&, opencascade::handle<StepShape_ShapeDefinitionRepresentation> const&, opencascade::handle<Transfer_FinderProcess> const&, StepData_Factors const&, opencascade::handle<NCollection_HSequence<TopoDS_Shape>> const&, bool, Message_ProgressRange const&) STEPControl_ActorWrite.cxx:786 (occt_1157_stress:arm64+0x10052d6b8)
    #4 Transfer_ActorOfFinderProcess::Transferring(opencascade::handle<Transfer_Finder> const&, opencascade::handle<Transfer_ProcessForFinder> const&, Message_ProgressRange const&) Transfer_ActorOfFinderProcess.cxx:67 (occt_1157_stress:arm64+0x1013447c8)
    #5 Transfer_ProcessForFinder::TransferProduct(opencascade::handle<Transfer_Finder> const&, Message_ProgressRange const&) Transfer_ProcessForFinder_0.cxx:1002 (occt_1157_stress:arm64+0x101354abc)
    #6 Transfer_ProcessForFinder::Transferring(opencascade::handle<Transfer_Finder> const&, Message_ProgressRange const&) Transfer_ProcessForFinder_0.cxx:911 (occt_1157_stress:arm64+0x101353df8)
    #7 Transfer_ProcessForFinder::Transfer(opencascade::handle<Transfer_Finder> const&, Message_ProgressRange const&) Transfer_ProcessForFinder_0.cxx:1045 (occt_1157_stress:arm64+0x101354f98)
    #8 TransferFinder(opencascade::handle<Transfer_ActorOfFinderProcess> const&, opencascade::handle<Transfer_Finder> const&, opencascade::handle<Transfer_FinderProcess> const&, opencascade::handle<Interface_InterfaceModel> const&, int, Message_ProgressRange const&) XSControl_Controller.cxx:278 (occt_1157_stress:arm64+0x1013d6a5c)
    #9 XSControl_Controller::TransferWriteShape(TopoDS_Shape const&, opencascade::handle<Transfer_FinderProcess> const&, opencascade::handle<Interface_InterfaceModel> const&, int, Message_ProgressRange const&) const XSControl_Controller.cxx:347 (occt_1157_stress:arm64+0x1013d6f8c)
    #10 STEPControl_Controller::TransferWriteShape(TopoDS_Shape const&, opencascade::handle<Transfer_FinderProcess> const&, opencascade::handle<Interface_InterfaceModel> const&, int, Message_ProgressRange const&) const STEPControl_Controller.cxx:482 (occt_1157_stress:arm64+0x100543204)
    #11 XSControl_TransferWriter::TransferWriteShape(opencascade::handle<Interface_InterfaceModel> const&, TopoDS_Shape const&, Message_ProgressRange const&) XSControl_TransferWriter.cxx:179 (occt_1157_stress:arm64+0x1013ea008)
    #12 XSControl_WorkSession::TransferWriteShape(TopoDS_Shape const&, bool, Message_ProgressRange const&) XSControl_WorkSession.cxx:562 (occt_1157_stress:arm64+0x1013f5b18)
    #13 STEPControl_Writer::Transfer(TopoDS_Shape const&, STEPControl_StepModelType, DESTEP_Parameters const&, bool, Message_ProgressRange const&) STEPControl_Writer.cxx:159 (occt_1157_stress:arm64+0x10054e1e8)
    #14 STEPControl_Writer::Transfer(TopoDS_Shape const&, STEPControl_StepModelType, bool, Message_ProgressRange const&) STEPControl_Writer.cxx:111 (occt_1157_stress:arm64+0x10054dc4c)
    #15 runStepWriteIndependent(int, int) occt_1157_stress.cpp:88 (occt_1157_stress:arm64+0x100000b10)
    #16 runMixedStepIgesIndependent(int, int) occt_1157_stress.cpp:224 (occt_1157_stress:arm64+0x1000028c0)
    #17 std::__1::__invoke_result_impl<void, void (*)(int, int), int, int>::type std::__1::__invoke[abi:nqe220106]<void (*)(int, int), int, int>(void (*&&)(int, int), int&&, int&&) invoke.h:90 (occt_1157_stress:arm64+0x100006214)
    #18 void std::__1::__thread_execute[abi:nqe220106]<std::__1::unique_ptr<std::__1::__thread_struct, std::__1::default_delete<std::__1::__thread_struct>>, void (*)(int, int), int, int, 0ul, 1ul, 2ul>(std::__1::tuple<std::__1::unique_ptr<std::__1::__thread_struct, std::__1::default_delete<std::__1::__thread_struct>>, void (*)(int, int), int, int>&, std::__1::__integer_sequence<unsigned long, 0ul, 1ul, 2ul>) thread.h:161 (occt_1157_stress:arm64+0x100006214)
    #19 void* std::__1::__thread_proxy[abi:nqe220106]<std::__1::tuple<std::__1::unique_ptr<std::__1::__thread_struct, std::__1::default_delete<std::__1::__thread_struct>>, void (*)(int, int), int, int>>(void*) thread.h:169 (occt_1157_stress:arm64+0x100006214)

  Location is heap block of size 440 at 0x00010c903480 allocated by main thread:
    #0 calloc <null> (libclang_rt.tsan_osx_dynamic.dylib:arm64e+0x67ff4)
    #1 Standard::Allocate(unsigned long) Standard.cxx:386 (occt_1157_stress:arm64+0x1008bee84)
    #2 Standard_Transient::operator new(unsigned long) Standard_Transient.hxx:47 (occt_1157_stress:arm64+0x100541148)
    #3 STEPControl_Controller::STEPControl_Controller() STEPControl_Controller.cxx:345 (occt_1157_stress:arm64+0x100541148)
    #4 STEPControl_Controller::STEPControl_Controller() STEPControl_Controller.cxx:60 (occt_1157_stress:arm64+0x1005435f8)
    #5 STEPControl_Controller::Init() STEPControl_Controller.cxx:494 (occt_1157_stress:arm64+0x1005435f8)
    #6 STEPControl_Writer::STEPControl_Writer() STEPControl_Writer.cxx:38 (occt_1157_stress:arm64+0x10054d2dc)
    #7 STEPControl_Writer::STEPControl_Writer() STEPControl_Writer.cxx:37 (occt_1157_stress:arm64+0x10054d558)
    #8 writeFixtures() occt_1157_stress.cpp:314 (occt_1157_stress:arm64+0x100003038)
    #9 runOne(char const*, int, int) occt_1157_stress.cpp:334 (occt_1157_stress:arm64+0x100003038)
    #10 main occt_1157_stress.cpp:396 (occt_1157_stress:arm64+0x100002de4)

  Mutex M0 (0x000102805358) created at:
    #0 pthread_mutex_lock <null> (libclang_rt.tsan_osx_dynamic.dylib:arm64e+0x35a34)
    #1 std::__1::mutex::lock() <null> (libc++.1.dylib:arm64e+0x3080)
    #2 STEPControl_Writer::SetWS(opencascade::handle<XSControl_WorkSession> const&, bool) STEPControl_Writer.cxx:56 (occt_1157_stress:arm64+0x10054d494)
    #3 STEPControl_Writer::STEPControl_Writer() STEPControl_Writer.cxx:39 (occt_1157_stress:arm64+0x10054d31c)
    #4 STEPControl_Writer::STEPControl_Writer() STEPControl_Writer.cxx:37 (occt_1157_stress:arm64+0x10054d558)
    #5 writeFixtures() occt_1157_stress.cpp:314 (occt_1157_stress:arm64+0x100003038)
    #6 runOne(char const*, int, int) occt_1157_stress.cpp:334 (occt_1157_stress:arm64+0x100003038)
    #7 main occt_1157_stress.cpp:396 (occt_1157_stress:arm64+0x100002de4)

  Thread T1 (tid=14910705, running) created by main thread at:
    #0 pthread_create <null> (libclang_rt.tsan_osx_dynamic.dylib:arm64e+0x33bac)
    #1 std::__1::__libcpp_thread_create[abi:nqe220106](_opaque_pthread_t**, void* (*)(void*), void*) pthread.h:182 (occt_1157_stress:arm64+0x1000060dc)
    #2 std::__1::thread::thread[abi:nqe220106]<void (*&)(int, int), int&, int&, 0>(void (*&)(int, int), int&, int&) thread.h:221 (occt_1157_stress:arm64+0x1000060dc)
    #3 std::__1::thread::thread[abi:nqe220106]<void (*&)(int, int), int&, int&, 0>(void (*&)(int, int), int&, int&) thread.h:212 (occt_1157_stress:arm64+0x10000645c)
    #4 void std::__1::allocator<std::__1::thread>::construct[abi:nqe220106]<std::__1::thread, void (*&)(int, int), int&, int&>(std::__1::thread*, void (*&)(int, int), int&, int&) allocator.h:141 (occt_1157_stress:arm64+0x10000645c)
    #5 void std::__1::allocator_traits<std::__1::allocator<std::__1::thread>>::construct[abi:nqe220106]<std::__1::thread, void (*&)(int, int), int&, int&, 0>(std::__1::allocator<std::__1::thread>&, std::__1::thread*, void (*&)(int, int), int&, int&) allocator_traits.h:296 (occt_1157_stress:arm64+0x10000645c)
    #6 std::__1::thread* std::__1::vector<std::__1::thread, std::__1::allocator<std::__1::thread>>::__emplace_back_slow_path<void (*&)(int, int), int&, int&>(void (*&)(int, int), int&, int&) vector.h:1109 (occt_1157_stress:arm64+0x10000645c)
    #7 std::__1::thread& std::__1::vector<std::__1::thread, std::__1::allocator<std::__1::thread>>::emplace_back<void (*&)(int, int), int&, int&>(void (*&)(int, int), int&, int&)::'lambda0'()::operator()() const vector.h:1149 (occt_1157_stress:arm64+0x100003918)
    #8 void std::__1::__if_likely_else[abi:nqe220106]<std::__1::thread& std::__1::vector<std::__1::thread, std::__1::allocator<std::__1::thread>>::emplace_back<void (*&)(int, int), int&, int&>(void (*&)(int, int), int&, int&)::'lambda'(), std::__1::thread& std::__1::vector<std::__1::thread, std::__1::allocator<std::__1::thread>>::emplace_back<void (*&)(int, int), int&, int&>(void (*&)(int, int), int&, int&)::'lambda0'()>(bool, std::__1::thread& std::__1::vector<std::__1::thread, std::__1::allocator<std::__1::thread>>::emplace_back<void (*&)(int, int), int&, int&>(void (*&)(int, int), int&, int&)::'lambda'(), std::__1::thread& std::__1::vector<std::__1::thread, std::__1::allocator<std::__1::thread>>::emplace_back<void (*&)(int, int), int&, int&>(void (*&)(int, int), int&, int&)::'lambda0'()) vector.h:1129 (occt_1157_stress:arm64+0x100003918)
    #9 std::__1::thread& std::__1::vector<std::__1::thread, std::__1::allocator<std::__1::thread>>::emplace_back<void (*&)(int, int), int&, int&>(void (*&)(int, int), int&, int&) vector.h:1143 (occt_1157_stress:arm64+0x100003918)
    #10 runOne(char const*, int, int) occt_1157_stress.cpp:359 (occt_1157_stress:arm64+0x100003918)
    #11 main occt_1157_stress.cpp:396 (occt_1157_stress:arm64+0x100002de4)

  Thread T5 (tid=14910709, running) created by main thread at:
    #0 pthread_create <null> (libclang_rt.tsan_osx_dynamic.dylib:arm64e+0x33bac)
    #1 std::__1::__libcpp_thread_create[abi:nqe220106](_opaque_pthread_t**, void* (*)(void*), void*) pthread.h:182 (occt_1157_stress:arm64+0x1000060dc)
    #2 std::__1::thread::thread[abi:nqe220106]<void (*&)(int, int), int&, int&, 0>(void (*&)(int, int), int&, int&) thread.h:221 (occt_1157_stress:arm64+0x1000060dc)
    #3 std::__1::thread::thread[abi:nqe220106]<void (*&)(int, int), int&, int&, 0>(void (*&)(int, int), int&, int&) thread.h:212 (occt_1157_stress:arm64+0x10000645c)
    #4 void std::__1::allocator<std::__1::thread>::construct[abi:nqe220106]<std::__1::thread, void (*&)(int, int), int&, int&>(std::__1::thread*, void (*&)(int, int), int&, int&) allocator.h:141 (occt_1157_stress:arm64+0x10000645c)
    #5 void std::__1::allocator_traits<std::__1::allocator<std::__1::thread>>::construct[abi:nqe220106]<std::__1::thread, void (*&)(int, int), int&, int&, 0>(std::__1::allocator<std::__1::thread>&, std::__1::thread*, void (*&)(int, int), int&, int&) allocator_traits.h:296 (occt_1157_stress:arm64+0x10000645c)
    #6 std::__1::thread* std::__1::vector<std::__1::thread, std::__1::allocator<std::__1::thread>>::__emplace_back_slow_path<void (*&)(int, int), int&, int&>(void (*&)(int, int), int&, int&) vector.h:1109 (occt_1157_stress:arm64+0x10000645c)
    #7 std::__1::thread& std::__1::vector<std::__1::thread, std::__1::allocator<std::__1::thread>>::emplace_back<void (*&)(int, int), int&, int&>(void (*&)(int, int), int&, int&)::'lambda0'()::operator()() const vector.h:1149 (occt_1157_stress:arm64+0x100003918)
    #8 void std::__1::__if_likely_else[abi:nqe220106]<std::__1::thread& std::__1::vector<std::__1::thread, std::__1::allocator<std::__1::thread>>::emplace_back<void (*&)(int, int), int&, int&>(void (*&)(int, int), int&, int&)::'lambda'(), std::__1::thread& std::__1::vector<std::__1::thread, std::__1::allocator<std::__1::thread>>::emplace_back<void (*&)(int, int), int&, int&>(void (*&)(int, int), int&, int&)::'lambda0'()>(bool, std::__1::thread& std::__1::vector<std::__1::thread, std::__1::allocator<std::__1::thread>>::emplace_back<void (*&)(int, int), int&, int&>(void (*&)(int, int), int&, int&)::'lambda'(), std::__1::thread& std::__1::vector<std::__1::thread, std::__1::allocator<std::__1::thread>>::emplace_back<void (*&)(int, int), int&, int&>(void (*&)(int, int), int&, int&)::'lambda0'()) vector.h:1129 (occt_1157_stress:arm64+0x100003918)
    #9 std::__1::thread& std::__1::vector<std::__1::thread, std::__1::allocator<std::__1::thread>>::emplace_back<void (*&)(int, int), int&, int&>(void (*&)(int, int), int&, int&) vector.h:1143 (occt_1157_stress:arm64+0x100003918)
    #10 runOne(char const*, int, int) occt_1157_stress.cpp:359 (occt_1157_stress:arm64+0x100003918)
    #11 main occt_1157_stress.cpp:396 (occt_1157_stress:arm64+0x100002de4)

SUMMARY: ThreadSanitizer: data race STEPControl_ActorWrite.cxx:473 in STEPControl_ActorWrite::SetGroupMode(int)
==================
==================
WARNING: ThreadSanitizer: data race (pid=70874)
  Write of size 8 at 0x00010e0023c8 by thread T3:
    #0 opencascade::handle<Standard_Transient>::EndScope() Standard_Handle.hxx:393 (occt_1157_stress:arm64+0x101377eec)
    #1 opencascade::handle<Standard_Transient>::Nullify() Standard_Handle.hxx:91 (occt_1157_stress:arm64+0x101377eec)
    #2 IFSelect_EditForm::ClearData() IFSelect_EditForm.cxx:85 (occt_1157_stress:arm64+0x101377eec)
    #3 IFSelect_WorkSession::ClearData(int) IFSelect_WorkSession.cxx:462 (occt_1157_stress:arm64+0x1013b1e80)
    #4 XSControl_WorkSession::ClearData(int) XSControl_WorkSession.cxx:64 (occt_1157_stress:arm64+0x1013f310c)
    #5 IFSelect_WorkSession::SetModel(opencascade::handle<Interface_InterfaceModel> const&, bool) IFSelect_WorkSession.cxx:165 (occt_1157_stress:arm64+0x1013b0490)
    #6 STEPControl_Reader::ReadFile(char const*) STEPControl_Reader.cxx:143 (occt_1157_stress:arm64+0x10054530c)
    #7 runStepReadIndependent(int, int) occt_1157_stress.cpp:125 (occt_1157_stress:arm64+0x100001668)
    #8 runMixedStepIgesIndependent(int, int) occt_1157_stress.cpp:226 (occt_1157_stress:arm64+0x1000028e0)
    #9 std::__1::__invoke_result_impl<void, void (*)(int, int), int, int>::type std::__1::__invoke[abi:nqe220106]<void (*)(int, int), int, int>(void (*&&)(int, int), int&&, int&&) invoke.h:90 (occt_1157_stress:arm64+0x100006214)
    #10 void std::__1::__thread_execute[abi:nqe220106]<std::__1::unique_ptr<std::__1::__thread_struct, std::__1::default_delete<std::__1::__thread_struct>>, void (*)(int, int), int, int, 0ul, 1ul, 2ul>(std::__1::tuple<std::__1::unique_ptr<std::__1::__thread_struct, std::__1::default_delete<std::__1::__thread_struct>>, void (*)(int, int), int, int>&, std::__1::__integer_sequence<unsigned long, 0ul, 1ul, 2ul>) thread.h:161 (occt_1157_stress:arm64+0x100006214)
    #11 void* std::__1::__thread_proxy[abi:nqe220106]<std::__1::tuple<std::__1::unique_ptr<std::__1::__thread_struct, std::__1::default_delete<std::__1::__thread_struct>>, void (*)(int, int), int, int>>(void*) thread.h:169 (occt_1157_stress:arm64+0x100006214)

  Previous write of size 8 at 0x00010e0023c8 by thread T1 (mutexes: write M0):
    #0 opencascade::handle<Standard_Transient>::EndScope() Standard_Handle.hxx:393 (occt_1157_stress:arm64+0x101377eec)
    #1 opencascade::handle<Standard_Transient>::Nullify() Standard_Handle.hxx:91 (occt_1157_stress:arm64+0x101377eec)
    #2 IFSelect_EditForm::ClearData() IFSelect_EditForm.cxx:85 (occt_1157_stress:arm64+0x101377eec)
    #3 IFSelect_WorkSession::ClearData(int) IFSelect_WorkSession.cxx:462 (occt_1157_stress:arm64+0x1013b1e80)
    #4 XSControl_WorkSession::ClearData(int) XSControl_WorkSession.cxx:64 (occt_1157_stress:arm64+0x1013f310c)
    #5 IFSelect_WorkSession::SetModel(opencascade::handle<Interface_InterfaceModel> const&, bool) IFSelect_WorkSession.cxx:165 (occt_1157_stress:arm64+0x1013b0490)
    #6 XSControl_WorkSession::NewModel() XSControl_WorkSession.cxx:531 (occt_1157_stress:arm64+0x1013f59a8)
    #7 STEPControl_Writer::Model(bool) STEPControl_Writer.cxx:75 (occt_1157_stress:arm64+0x10054d718)
    #8 STEPControl_Writer::SetWS(opencascade::handle<XSControl_WorkSession> const&, bool) STEPControl_Writer.cxx:58 (occt_1157_stress:arm64+0x10054d4b8)
    #9 STEPControl_Writer::STEPControl_Writer() STEPControl_Writer.cxx:39 (occt_1157_stress:arm64+0x10054d31c)
    #10 STEPControl_Writer::STEPControl_Writer() STEPControl_Writer.cxx:37 (occt_1157_stress:arm64+0x10054d558)
    #11 runStepWriteIndependent(int, int) occt_1157_stress.cpp:85 (occt_1157_stress:arm64+0x100000ad4)
    #12 runMixedStepIgesIndependent(int, int) occt_1157_stress.cpp:224 (occt_1157_stress:arm64+0x1000028c0)
    #13 std::__1::__invoke_result_impl<void, void (*)(int, int), int, int>::type std::__1::__invoke[abi:nqe220106]<void (*)(int, int), int, int>(void (*&&)(int, int), int&&, int&&) invoke.h:90 (occt_1157_stress:arm64+0x100006214)
    #14 void std::__1::__thread_execute[abi:nqe220106]<std::__1::unique_ptr<std::__1::__thread_struct, std::__1::default_delete<std::__1::__thread_struct>>, void (*)(int, int), int, int, 0ul, 1ul, 2ul>(std::__1::tuple<std::__1::unique_ptr<std::__1::__thread_struct, std::__1::default_delete<std::__1::__thread_struct>>, void (*)(int, int), int, int>&, std::__1::__integer_sequence<unsigned long, 0ul, 1ul, 2ul>) thread.h:161 (occt_1157_stress:arm64+0x100006214)
    #15 void* std::__1::__thread_proxy[abi:nqe220106]<std::__1::tuple<std::__1::unique_ptr<std::__1::__thread_struct, std::__1::default_delete<std::__1::__thread_struct>>, void (*)(int, int), int, int>>(void*) thread.h:169 (occt_1157_stress:arm64+0x100006214)

  Location is heap block of size 224 at 0x00010e002300 allocated by main thread:
    #0 calloc <null> (libclang_rt.tsan_osx_dynamic.dylib:arm64e+0x67ff4)
    #1 Standard::Allocate(unsigned long) Standard.cxx:386 (occt_1157_stress:arm64+0x1008bee84)
    #2 Standard_Transient::operator new(unsigned long) Standard_Transient.hxx:47 (occt_1157_stress:arm64+0x100541cfc)
    #3 STEPControl_Controller::STEPControl_Controller() STEPControl_Controller.cxx:426 (occt_1157_stress:arm64+0x100541cfc)
    #4 STEPControl_Controller::STEPControl_Controller() STEPControl_Controller.cxx:60 (occt_1157_stress:arm64+0x1005435f8)
    #5 STEPControl_Controller::Init() STEPControl_Controller.cxx:494 (occt_1157_stress:arm64+0x1005435f8)
    #6 STEPControl_Writer::STEPControl_Writer() STEPControl_Writer.cxx:38 (occt_1157_stress:arm64+0x10054d2dc)
    #7 STEPControl_Writer::STEPControl_Writer() STEPControl_Writer.cxx:37 (occt_1157_stress:arm64+0x10054d558)
    #8 writeFixtures() occt_1157_stress.cpp:314 (occt_1157_stress:arm64+0x100003038)
    #9 runOne(char const*, int, int) occt_1157_stress.cpp:334 (occt_1157_stress:arm64+0x100003038)
    #10 main occt_1157_stress.cpp:396 (occt_1157_stress:arm64+0x100002de4)

  Mutex M0 (0x000102805358) created at:
    #0 pthread_mutex_lock <null> (libclang_rt.tsan_osx_dynamic.dylib:arm64e+0x35a34)
    #1 std::__1::mutex::lock() <null> (libc++.1.dylib:arm64e+0x3080)
    #2 STEPControl_Writer::SetWS(opencascade::handle<XSControl_WorkSession> const&, bool) STEPControl_Writer.cxx:56 (occt_1157_stress:arm64+0x10054d494)
    #3 STEPControl_Writer::STEPControl_Writer() STEPControl_Writer.cxx:39 (occt_1157_stress:arm64+0x10054d31c)
    #4 STEPControl_Writer::STEPControl_Writer() STEPControl_Writer.cxx:37 (occt_1157_stress:arm64+0x10054d558)
    #5 writeFixtures() occt_1157_stress.cpp:314 (occt_1157_stress:arm64+0x100003038)
    #6 runOne(char const*, int, int) occt_1157_stress.cpp:334 (occt_1157_stress:arm64+0x100003038)
    #7 main occt_1157_stress.cpp:396 (occt_1157_stress:arm64+0x100002de4)

  Thread T3 (tid=14910707, running) created by main thread at:
    #0 pthread_create <null> (libclang_rt.tsan_osx_dynamic.dylib:arm64e+0x33bac)
    #1 std::__1::__libcpp_thread_create[abi:nqe220106](_opaque_pthread_t**, void* (*)(void*), void*) pthread.h:182 (occt_1157_stress:arm64+0x1000060dc)
    #2 std::__1::thread::thread[abi:nqe220106]<void (*&)(int, int), int&, int&, 0>(void (*&)(int, int), int&, int&) thread.h:221 (occt_1157_stress:arm64+0x1000060dc)
    #3 std::__1::thread::thread[abi:nqe220106]<void (*&)(int, int), int&, int&, 0>(void (*&)(int, int), int&, int&) thread.h:212 (occt_1157_stress:arm64+0x10000645c)
    #4 void std::__1::allocator<std::__1::thread>::construct[abi:nqe220106]<std::__1::thread, void (*&)(int, int), int&, int&>(std::__1::thread*, void (*&)(int, int), int&, int&) allocator.h:141 (occt_1157_stress:arm64+0x10000645c)
    #5 void std::__1::allocator_traits<std::__1::allocator<std::__1::thread>>::construct[abi:nqe220106]<std::__1::thread, void (*&)(int, int), int&, int&, 0>(std::__1::allocator<std::__1::thread>&, std::__1::thread*, void (*&)(int, int), int&, int&) allocator_traits.h:296 (occt_1157_stress:arm64+0x10000645c)
    #6 std::__1::thread* std::__1::vector<std::__1::thread, std::__1::allocator<std::__1::thread>>::__emplace_back_slow_path<void (*&)(int, int), int&, int&>(void (*&)(int, int), int&, int&) vector.h:1109 (occt_1157_stress:arm64+0x10000645c)
    #7 std::__1::thread& std::__1::vector<std::__1::thread, std::__1::allocator<std::__1::thread>>::emplace_back<void (*&)(int, int), int&, int&>(void (*&)(int, int), int&, int&)::'lambda0'()::operator()() const vector.h:1149 (occt_1157_stress:arm64+0x100003918)
    #8 void std::__1::__if_likely_else[abi:nqe220106]<std::__1::thread& std::__1::vector<std::__1::thread, std::__1::allocator<std::__1::thread>>::emplace_back<void (*&)(int, int), int&, int&>(void (*&)(int, int), int&, int&)::'lambda'(), std::__1::thread& std::__1::vector<std::__1::thread, std::__1::allocator<std::__1::thread>>::emplace_back<void (*&)(int, int), int&, int&>(void (*&)(int, int), int&, int&)::'lambda0'()>(bool, std::__1::thread& std::__1::vector<std::__1::thread, std::__1::allocator<std::__1::thread>>::emplace_back<void (*&)(int, int), int&, int&>(void (*&)(int, int), int&, int&)::'lambda'(), std::__1::thread& std::__1::vector<std::__1::thread, std::__1::allocator<std::__1::thread>>::emplace_back<void (*&)(int, int), int&, int&>(void (*&)(int, int), int&, int&)::'lambda0'()) vector.h:1129 (occt_1157_stress:arm64+0x100003918)
    #9 std::__1::thread& std::__1::vector<std::__1::thread, std::__1::allocator<std::__1::thread>>::emplace_back<void (*&)(int, int), int&, int&>(void (*&)(int, int), int&, int&) vector.h:1143 (occt_1157_stress:arm64+0x100003918)
    #10 runOne(char const*, int, int) occt_1157_stress.cpp:359 (occt_1157_stress:arm64+0x100003918)
    #11 main occt_1157_stress.cpp:396 (occt_1157_stress:arm64+0x100002de4)

  Thread T1 (tid=14910705, running) created by main thread at:
    #0 pthread_create <null> (libclang_rt.tsan_osx_dynamic.dylib:arm64e+0x33bac)
    #1 std::__1::__libcpp_thread_create[abi:nqe220106](_opaque_pthread_t**, void* (*)(void*), void*) pthread.h:182 (occt_1157_stress:arm64+0x1000060dc)
    #2 std::__1::thread::thread[abi:nqe220106]<void (*&)(int, int), int&, int&, 0>(void (*&)(int, int), int&, int&) thread.h:221 (occt_1157_stress:arm64+0x1000060dc)
    #3 std::__1::thread::thread[abi:nqe220106]<void (*&)(int, int), int&, int&, 0>(void (*&)(int, int), int&, int&) thread.h:212 (occt_1157_stress:arm64+0x10000645c)
    #4 void std::__1::allocator<std::__1::thread>::construct[abi:nqe220106]<std::__1::thread, void (*&)(int, int), int&, int&>(std::__1::thread*, void (*&)(int, int), int&, int&) allocator.h:141 (occt_1157_stress:arm64+0x10000645c)
    #5 void std::__1::allocator_traits<std::__1::allocator<std::__1::thread>>::construct[abi:nqe220106]<std::__1::thread, void (*&)(int, int), int&, int&, 0>(std::__1::allocator<std::__1::thread>&, std::__1::thread*, void (*&)(int, int), int&, int&) allocator_traits.h:296 (occt_1157_stress:arm64+0x10000645c)
    #6 std::__1::thread* std::__1::vector<std::__1::thread, std::__1::allocator<std::__1::thread>>::__emplace_back_slow_path<void (*&)(int, int), int&, int&>(void (*&)(int, int), int&, int&) vector.h:1109 (occt_1157_stress:arm64+0x10000645c)
    #7 std::__1::thread& std::__1::vector<std::__1::thread, std::__1::allocator<std::__1::thread>>::emplace_back<void (*&)(int, int), int&, int&>(void (*&)(int, int), int&, int&)::'lambda0'()::operator()() const vector.h:1149 (occt_1157_stress:arm64+0x100003918)
    #8 void std::__1::__if_likely_else[abi:nqe220106]<std::__1::thread& std::__1::vector<std::__1::thread, std::__1::allocator<std::__1::thread>>::emplace_back<void (*&)(int, int), int&, int&>(void (*&)(int, int), int&, int&)::'lambda'(), std::__1::thread& std::__1::vector<std::__1::thread, std::__1::allocator<std::__1::thread>>::emplace_back<void (*&)(int, int), int&, int&>(void (*&)(int, int), int&, int&)::'lambda0'()>(bool, std::__1::thread& std::__1::vector<std::__1::thread, std::__1::allocator<std::__1::thread>>::emplace_back<void (*&)(int, int), int&, int&>(void (*&)(int, int), int&, int&)::'lambda'(), std::__1::thread& std::__1::vector<std::__1::thread, std::__1::allocator<std::__1::thread>>::emplace_back<void (*&)(int, int), int&, int&>(void (*&)(int, int), int&, int&)::'lambda0'()) vector.h:1129 (occt_1157_stress:arm64+0x100003918)
    #9 std::__1::thread& std::__1::vector<std::__1::thread, std::__1::allocator<std::__1::thread>>::emplace_back<void (*&)(int, int), int&, int&>(void (*&)(int, int), int&, int&) vector.h:1143 (occt_1157_stress:arm64+0x100003918)
    #10 runOne(char const*, int, int) occt_1157_stress.cpp:359 (occt_1157_stress:arm64+0x100003918)
    #11 main occt_1157_stress.cpp:396 (occt_1157_stress:arm64+0x100002de4)

SUMMARY: ThreadSanitizer: data race Standard_Handle.hxx:393 in opencascade::handle<Standard_Transient>::EndScope()
==================
==================
WARNING: ThreadSanitizer: data race (pid=70874)
  Write of size 8 at 0x00010c929560 by thread T4:
    #0 opencascade::handle<TCollection_HAsciiString>::EndScope() Standard_Handle.hxx:393 (occt_1157_stress:arm64+0x1000c0c38)
    #1 opencascade::handle<TCollection_HAsciiString>::~handle() Standard_Handle.hxx:88 (occt_1157_stress:arm64+0x1000c0c38)
    #2 opencascade::handle<TCollection_HAsciiString>::~handle() Standard_Handle.hxx:88 (occt_1157_stress:arm64+0x1000c0c38)
    #3 IGESData_GlobalSection::~IGESData_GlobalSection() IGESData_GlobalSection.hxx:39 (occt_1157_stress:arm64+0x1000c0c38)
    #4 IGESData_GlobalSection::~IGESData_GlobalSection() IGESData_GlobalSection.hxx:39 (occt_1157_stress:arm64+0x1000defec)
    #5 IGESData_IGESModel::~IGESData_IGESModel() IGESData_IGESModel.hxx:41 (occt_1157_stress:arm64+0x1000defec)
    #6 IGESData_IGESModel::~IGESData_IGESModel() IGESData_IGESModel.hxx:41 (occt_1157_stress:arm64+0x1000defec)
    #7 IGESData_IGESModel::~IGESData_IGESModel() IGESData_IGESModel.hxx:41 (occt_1157_stress:arm64+0x1000defec)
    #8 Standard_Transient::Delete() const Standard_Transient.hxx:134 (occt_1157_stress:arm64+0x10001dd70)
    #9 opencascade::handle<Interface_InterfaceModel>::EndScope() Standard_Handle.hxx:392 (occt_1157_stress:arm64+0x1002f0d28)
    #10 opencascade::handle<Interface_InterfaceModel>::Assign(Standard_Transient*) Standard_Handle.hxx:376 (occt_1157_stress:arm64+0x1002f0d28)
    #11 opencascade::handle<Interface_InterfaceModel>::operator=(opencascade::handle<Interface_InterfaceModel> const&) Standard_Handle.hxx:102 (occt_1157_stress:arm64+0x1002f0d28)
    #12 IGESToBRep_Actor::SetModel(opencascade::handle<Interface_InterfaceModel> const&) IGESToBRep_Actor.cxx:96 (occt_1157_stress:arm64+0x1002f0d28)
    #13 IGESControl_Controller::ActorRead(opencascade::handle<Interface_InterfaceModel> const&) const IGESControl_Controller.cxx:336 (occt_1157_stress:arm64+0x100380610)
    #14 XSControl_TransferReader::Actor() XSControl_TransferReader.cxx:71 (occt_1157_stress:arm64+0x1013e41f8)
    #15 XSControl_TransferReader::BeginTransfer() XSControl_TransferReader.cxx:937 (occt_1157_stress:arm64+0x1013e41f8)
    #16 XSControl_WorkSession::InitTransferReader(int) XSControl_WorkSession.cxx:376 (occt_1157_stress:arm64+0x1013f46b8)
    #17 XSControl_Reader::ReadFile(char const*) XSControl_Reader.cxx:109 (occt_1157_stress:arm64+0x1013d9dac)
    #18 runIgesReadIndependent(int, int) occt_1157_stress.cpp:192 (occt_1157_stress:arm64+0x1000025b0)
    #19 runMixedStepIgesIndependent(int, int) occt_1157_stress.cpp:227 (occt_1157_stress:arm64+0x1000028f0)
    #20 std::__1::__invoke_result_impl<void, void (*)(int, int), int, int>::type std::__1::__invoke[abi:nqe220106]<void (*)(int, int), int, int>(void (*&&)(int, int), int&&, int&&) invoke.h:90 (occt_1157_stress:arm64+0x100006214)
    #21 void std::__1::__thread_execute[abi:nqe220106]<std::__1::unique_ptr<std::__1::__thread_struct, std::__1::default_delete<std::__1::__thread_struct>>, void (*)(int, int), int, int, 0ul, 1ul, 2ul>(std::__1::tuple<std::__1::unique_ptr<std::__1::__thread_struct, std::__1::default_delete<std::__1::__thread_struct>>, void (*)(int, int), int, int>&, std::__1::__integer_sequence<unsigned long, 0ul, 1ul, 2ul>) thread.h:161 (occt_1157_stress:arm64+0x100006214)
    #22 void* std::__1::__thread_proxy[abi:nqe220106]<std::__1::tuple<std::__1::unique_ptr<std::__1::__thread_struct, std::__1::default_delete<std::__1::__thread_struct>>, void (*)(int, int), int, int>>(void*) thread.h:169 (occt_1157_stress:arm64+0x100006214)

  Previous read of size 8 at 0x00010c929560 by thread T8:
    #0 opencascade::handle<TCollection_HAsciiString>::Assign(Standard_Transient*) Standard_Handle.hxx:374 (occt_1157_stress:arm64+0x1000da7f8)
    #1 opencascade::handle<TCollection_HAsciiString>::operator=(opencascade::handle<TCollection_HAsciiString> const&) Standard_Handle.hxx:102 (occt_1157_stress:arm64+0x1000da7f8)
    #2 IGESData_GlobalSection::operator=(IGESData_GlobalSection const&) IGESData_GlobalSection.hxx:39 (occt_1157_stress:arm64+0x1000da7f8)
    #3 IGESData_IGESModel::ClearHeader() IGESData_IGESModel.cxx:54 (occt_1157_stress:arm64+0x1000da0d4)
    #4 Interface_InterfaceModel::Clear() Interface_InterfaceModel.cxx:118 (occt_1157_stress:arm64+0x101325264)
    #5 IFSelect_WorkSession::ClearData(int) IFSelect_WorkSession.cxx:407 (occt_1157_stress:arm64+0x1013b18e8)
    #6 XSControl_WorkSession::ClearData(int) XSControl_WorkSession.cxx:64 (occt_1157_stress:arm64+0x1013f310c)
    #7 XSControl_WorkSession::ClearBinders() XSControl_WorkSession.cxx:607 (occt_1157_stress:arm64+0x1013f5ee8)
    #8 XSControl_WorkSession::~XSControl_WorkSession() XSControl_WorkSession.hxx:51 (occt_1157_stress:arm64+0x1013f6780)
    #9 XSControl_WorkSession::~XSControl_WorkSession() XSControl_WorkSession.hxx:51 (occt_1157_stress:arm64+0x1013f64ec)
    #10 XSControl_WorkSession::~XSControl_WorkSession() XSControl_WorkSession.hxx:51 (occt_1157_stress:arm64+0x1013f64ec)
    #11 Standard_Transient::Delete() const Standard_Transient.hxx:134 (occt_1157_stress:arm64+0x10001dd70)
    #12 opencascade::handle<XSControl_WorkSession>::EndScope() Standard_Handle.hxx:392 (occt_1157_stress:arm64+0x100004930)
    #13 opencascade::handle<XSControl_WorkSession>::~handle() Standard_Handle.hxx:88 (occt_1157_stress:arm64+0x100004930)
    #14 opencascade::handle<XSControl_WorkSession>::~handle() Standard_Handle.hxx:88 (occt_1157_stress:arm64+0x100004930)
    #15 XSControl_Reader::~XSControl_Reader() XSControl_Reader.hxx:93 (occt_1157_stress:arm64+0x100004930)
    #16 IGESControl_Reader::~IGESControl_Reader() IGESControl_Reader.hxx:65 (occt_1157_stress:arm64+0x100002560)
    #17 IGESControl_Reader::~IGESControl_Reader() IGESControl_Reader.hxx:65 (occt_1157_stress:arm64+0x100002560)
    #18 runIgesReadIndependent(int, int) occt_1157_stress.cpp:212 (occt_1157_stress:arm64+0x100002560)
    #19 runMixedStepIgesIndependent(int, int) occt_1157_stress.cpp:227 (occt_1157_stress:arm64+0x1000028f0)
    #20 std::__1::__invoke_result_impl<void, void (*)(int, int), int, int>::type std::__1::__invoke[abi:nqe220106]<void (*)(int, int), int, int>(void (*&&)(int, int), int&&, int&&) invoke.h:90 (occt_1157_stress:arm64+0x100006214)
    #21 void std::__1::__thread_execute[abi:nqe220106]<std::__1::unique_ptr<std::__1::__thread_struct, std::__1::default_delete<std::__1::__thread_struct>>, void (*)(int, int), int, int, 0ul, 1ul, 2ul>(std::__1::tuple<std::__1::unique_ptr<std::__1::__thread_struct, std::__1::default_delete<std::__1::__thread_struct>>, void (*)(int, int), int, int>&, std::__1::__integer_sequence<unsigned long, 0ul, 1ul, 2ul>) thread.h:161 (occt_1157_stress:arm64+0x100006214)
    #22 void* std::__1::__thread_proxy[abi:nqe220106]<std::__1::tuple<std::__1::unique_ptr<std::__1::__thread_struct, std::__1::default_delete<std::__1::__thread_struct>>, void (*)(int, int), int, int>>(void*) thread.h:169 (occt_1157_stress:arm64+0x100006214)

  Location is heap block of size 424 at 0x00010c9293c0 allocated by thread T8:
    #0 calloc <null> (libclang_rt.tsan_osx_dynamic.dylib:arm64e+0x67ff4)
    #1 Standard::Allocate(unsigned long) Standard.cxx:386 (occt_1157_stress:arm64+0x1008bee84)
    #2 Standard_Transient::operator new(unsigned long) Standard_Transient.hxx:47 (occt_1157_stress:arm64+0x1002ec1c4)
    #3 IGESSelect_WorkLibrary::ReadFile(char const*, opencascade::handle<Interface_InterfaceModel>&, opencascade::handle<Interface_Protocol> const&) const IGESSelect_WorkLibrary.cxx:78 (occt_1157_stress:arm64+0x1002ec1c4)
    #4 IFSelect_WorkSession::ReadFile(char const*) IFSelect_WorkSession.cxx:187 (occt_1157_stress:arm64+0x1013b0a20)
    #5 XSControl_Reader::ReadFile(char const*) XSControl_Reader.cxx:108 (occt_1157_stress:arm64+0x1013d9d94)
    #6 runIgesReadIndependent(int, int) occt_1157_stress.cpp:192 (occt_1157_stress:arm64+0x1000025b0)
    #7 runMixedStepIgesIndependent(int, int) occt_1157_stress.cpp:227 (occt_1157_stress:arm64+0x1000028f0)
    #8 std::__1::__invoke_result_impl<void, void (*)(int, int), int, int>::type std::__1::__invoke[abi:nqe220106]<void (*)(int, int), int, int>(void (*&&)(int, int), int&&, int&&) invoke.h:90 (occt_1157_stress:arm64+0x100006214)
    #9 void std::__1::__thread_execute[abi:nqe220106]<std::__1::unique_ptr<std::__1::__thread_struct, std::__1::default_delete<std::__1::__thread_struct>>, void (*)(int, int), int, int, 0ul, 1ul, 2ul>(std::__1::tuple<std::__1::unique_ptr<std::__1::__thread_struct, std::__1::default_delete<std::__1::__thread_struct>>, void (*)(int, int), int, int>&, std::__1::__integer_sequence<unsigned long, 0ul, 1ul, 2ul>) thread.h:161 (occt_1157_stress:arm64+0x100006214)
    #10 void* std::__1::__thread_proxy[abi:nqe220106]<std::__1::tuple<std::__1::unique_ptr<std::__1::__thread_struct, std::__1::default_delete<std::__1::__thread_struct>>, void (*)(int, int), int, int>>(void*) thread.h:169 (occt_1157_stress:arm64+0x100006214)

  Thread T4 (tid=14910708, running) created by main thread at:
    #0 pthread_create <null> (libclang_rt.tsan_osx_dynamic.dylib:arm64e+0x33bac)
    #1 std::__1::__libcpp_thread_create[abi:nqe220106](_opaque_pthread_t**, void* (*)(void*), void*) pthread.h:182 (occt_1157_stress:arm64+0x1000060dc)
    #2 std::__1::thread::thread[abi:nqe220106]<void (*&)(int, int), int&, int&, 0>(void (*&)(int, int), int&, int&) thread.h:221 (occt_1157_stress:arm64+0x1000060dc)
    #3 std::__1::thread::thread[abi:nqe220106]<void (*&)(int, int), int&, int&, 0>(void (*&)(int, int), int&, int&) thread.h:212 (occt_1157_stress:arm64+0x1000038c8)
    #4 void std::__1::allocator<std::__1::thread>::construct[abi:nqe220106]<std::__1::thread, void (*&)(int, int), int&, int&>(std::__1::thread*, void (*&)(int, int), int&, int&) allocator.h:141 (occt_1157_stress:arm64+0x1000038c8)
    #5 void std::__1::allocator_traits<std::__1::allocator<std::__1::thread>>::construct[abi:nqe220106]<std::__1::thread, void (*&)(int, int), int&, int&, 0>(std::__1::allocator<std::__1::thread>&, std::__1::thread*, void (*&)(int, int), int&, int&) allocator_traits.h:296 (occt_1157_stress:arm64+0x1000038c8)
    #6 void std::__1::vector<std::__1::thread, std::__1::allocator<std::__1::thread>>::__emplace_back_assume_capacity[abi:nqe220106]<void (*&)(int, int), int&, int&>(void (*&)(int, int), int&, int&) vector.h:483 (occt_1157_stress:arm64+0x1000038c8)
    #7 std::__1::thread& std::__1::vector<std::__1::thread, std::__1::allocator<std::__1::thread>>::emplace_back<void (*&)(int, int), int&, int&>(void (*&)(int, int), int&, int&)::'lambda'()::operator()() const vector.h:1146 (occt_1157_stress:arm64+0x1000038c8)
    #8 void std::__1::__if_likely_else[abi:nqe220106]<std::__1::thread& std::__1::vector<std::__1::thread, std::__1::allocator<std::__1::thread>>::emplace_back<void (*&)(int, int), int&, int&>(void (*&)(int, int), int&, int&)::'lambda'(), std::__1::thread& std::__1::vector<std::__1::thread, std::__1::allocator<std::__1::thread>>::emplace_back<void (*&)(int, int), int&, int&>(void (*&)(int, int), int&, int&)::'lambda0'()>(bool, std::__1::thread& std::__1::vector<std::__1::thread, std::__1::allocator<std::__1::thread>>::emplace_back<void (*&)(int, int), int&, int&>(void (*&)(int, int), int&, int&)::'lambda'(), std::__1::thread& std::__1::vector<std::__1::thread, std::__1::allocator<std::__1::thread>>::emplace_back<void (*&)(int, int), int&, int&>(void (*&)(int, int), int&, int&)::'lambda0'()) vector.h:1127 (occt_1157_stress:arm64+0x1000038c8)
    #9 std::__1::thread& std::__1::vector<std::__1::thread, std::__1::allocator<std::__1::thread>>::emplace_back<void (*&)(int, int), int&, int&>(void (*&)(int, int), int&, int&) vector.h:1143 (occt_1157_stress:arm64+0x1000038c8)
    #10 runOne(char const*, int, int) occt_1157_stress.cpp:359 (occt_1157_stress:arm64+0x1000038c8)
    #11 main occt_1157_stress.cpp:396 (occt_1157_stress:arm64+0x100002de4)

  Thread T8 (tid=14910712, running) created by main thread at:
    #0 pthread_create <null> (libclang_rt.tsan_osx_dynamic.dylib:arm64e+0x33bac)
    #1 std::__1::__libcpp_thread_create[abi:nqe220106](_opaque_pthread_t**, void* (*)(void*), void*) pthread.h:182 (occt_1157_stress:arm64+0x1000060dc)
    #2 std::__1::thread::thread[abi:nqe220106]<void (*&)(int, int), int&, int&, 0>(void (*&)(int, int), int&, int&) thread.h:221 (occt_1157_stress:arm64+0x1000060dc)
    #3 std::__1::thread::thread[abi:nqe220106]<void (*&)(int, int), int&, int&, 0>(void (*&)(int, int), int&, int&) thread.h:212 (occt_1157_stress:arm64+0x1000038c8)
    #4 void std::__1::allocator<std::__1::thread>::construct[abi:nqe220106]<std::__1::thread, void (*&)(int, int), int&, int&>(std::__1::thread*, void (*&)(int, int), int&, int&) allocator.h:141 (occt_1157_stress:arm64+0x1000038c8)
    #5 void std::__1::allocator_traits<std::__1::allocator<std::__1::thread>>::construct[abi:nqe220106]<std::__1::thread, void (*&)(int, int), int&, int&, 0>(std::__1::allocator<std::__1::thread>&, std::__1::thread*, void (*&)(int, int), int&, int&) allocator_traits.h:296 (occt_1157_stress:arm64+0x1000038c8)
    #6 void std::__1::vector<std::__1::thread, std::__1::allocator<std::__1::thread>>::__emplace_back_assume_capacity[abi:nqe220106]<void (*&)(int, int), int&, int&>(void (*&)(int, int), int&, int&) vector.h:483 (occt_1157_stress:arm64+0x1000038c8)
    #7 std::__1::thread& std::__1::vector<std::__1::thread, std::__1::allocator<std::__1::thread>>::emplace_back<void (*&)(int, int), int&, int&>(void (*&)(int, int), int&, int&)::'lambda'()::operator()() const vector.h:1146 (occt_1157_stress:arm64+0x1000038c8)
    #8 void std::__1::__if_likely_else[abi:nqe220106]<std::__1::thread& std::__1::vector<std::__1::thread, std::__1::allocator<std::__1::thread>>::emplace_back<void (*&)(int, int), int&, int&>(void (*&)(int, int), int&, int&)::'lambda'(), std::__1::thread& std::__1::vector<std::__1::thread, std::__1::allocator<std::__1::thread>>::emplace_back<void (*&)(int, int), int&, int&>(void (*&)(int, int), int&, int&)::'lambda0'()>(bool, std::__1::thread& std::__1::vector<std::__1::thread, std::__1::allocator<std::__1::thread>>::emplace_back<void (*&)(int, int), int&, int&>(void (*&)(int, int), int&, int&)::'lambda'(), std::__1::thread& std::__1::vector<std::__1::thread, std::__1::allocator<std::__1::thread>>::emplace_back<void (*&)(int, int), int&, int&>(void (*&)(int, int), int&, int&)::'lambda0'()) vector.h:1127 (occt_1157_stress:arm64+0x1000038c8)
    #9 std::__1::thread& std::__1::vector<std::__1::thread, std::__1::allocator<std::__1::thread>>::emplace_back<void (*&)(int, int), int&, int&>(void (*&)(int, int), int&, int&) vector.h:1143 (occt_1157_stress:arm64+0x1000038c8)
    #10 runOne(char const*, int, int) occt_1157_stress.cpp:359 (occt_1157_stress:arm64+0x1000038c8)
    #11 main occt_1157_stress.cpp:396 (occt_1157_stress:arm64+0x100002de4)

SUMMARY: ThreadSanitizer: data race Standard_Handle.hxx:393 in opencascade::handle<TCollection_HAsciiString>::EndScope()
==================
==================
WARNING: ThreadSanitizer: data race (pid=70874)
  Write of size 1 at 0x00010280f550 by thread T7:
    #0 Interface_CheckTool::VerifyCheckList() Interface_CheckTool.cxx:472 (occt_1157_stress:arm64+0x10130b9f4)
    #1 IFSelect_WorkSession::ComputeCheck(bool) IFSelect_WorkSession.cxx:631 (occt_1157_stress:arm64+0x1013b24f4)
    #2 IFSelect_WorkSession::ComputeGraph(bool) IFSelect_WorkSession.cxx:514 (occt_1157_stress:arm64+0x1013b0720)
    #3 IFSelect_WorkSession::SetModel(opencascade::handle<Interface_InterfaceModel> const&, bool) IFSelect_WorkSession.cxx:158 (occt_1157_stress:arm64+0x1013b044c)
    #4 STEPControl_Reader::ReadFile(char const*) STEPControl_Reader.cxx:143 (occt_1157_stress:arm64+0x10054530c)
    #5 runStepReadIndependent(int, int) occt_1157_stress.cpp:125 (occt_1157_stress:arm64+0x100001668)
    #6 runMixedStepIgesIndependent(int, int) occt_1157_stress.cpp:226 (occt_1157_stress:arm64+0x1000028e0)
    #7 std::__1::__invoke_result_impl<void, void (*)(int, int), int, int>::type std::__1::__invoke[abi:nqe220106]<void (*)(int, int), int, int>(void (*&&)(int, int), int&&, int&&) invoke.h:90 (occt_1157_stress:arm64+0x100006214)
    #8 void std::__1::__thread_execute[abi:nqe220106]<std::__1::unique_ptr<std::__1::__thread_struct, std::__1::default_delete<std::__1::__thread_struct>>, void (*)(int, int), int, int, 0ul, 1ul, 2ul>(std::__1::tuple<std::__1::unique_ptr<std::__1::__thread_struct, std::__1::default_delete<std::__1::__thread_struct>>, void (*)(int, int), int, int>&, std::__1::__integer_sequence<unsigned long, 0ul, 1ul, 2ul>) thread.h:161 (occt_1157_stress:arm64+0x100006214)
    #9 void* std::__1::__thread_proxy[abi:nqe220106]<std::__1::tuple<std::__1::unique_ptr<std::__1::__thread_struct, std::__1::default_delete<std::__1::__thread_struct>>, void (*)(int, int), int, int>>(void*) thread.h:169 (occt_1157_stress:arm64+0x100006214)

  Previous write of size 1 at 0x00010280f550 by thread T4:
    #0 Interface_CheckTool::VerifyCheckList() Interface_CheckTool.cxx:472 (occt_1157_stress:arm64+0x10130b9f4)
    #1 IFSelect_WorkSession::ComputeCheck(bool) IFSelect_WorkSession.cxx:631 (occt_1157_stress:arm64+0x1013b24f4)
    #2 IFSelect_WorkSession::ComputeGraph(bool) IFSelect_WorkSession.cxx:514 (occt_1157_stress:arm64+0x1013b0720)
    #3 IFSelect_WorkSession::SetModel(opencascade::handle<Interface_InterfaceModel> const&, bool) IFSelect_WorkSession.cxx:158 (occt_1157_stress:arm64+0x1013b044c)
    #4 IFSelect_WorkSession::ReadFile(char const*) IFSelect_WorkSession.cxx:217 (occt_1157_stress:arm64+0x1013b0a90)
    #5 XSControl_Reader::ReadFile(char const*) XSControl_Reader.cxx:108 (occt_1157_stress:arm64+0x1013d9d94)
    #6 runIgesReadIndependent(int, int) occt_1157_stress.cpp:192 (occt_1157_stress:arm64+0x1000025b0)
    #7 runMixedStepIgesIndependent(int, int) occt_1157_stress.cpp:227 (occt_1157_stress:arm64+0x1000028f0)
    #8 std::__1::__invoke_result_impl<void, void (*)(int, int), int, int>::type std::__1::__invoke[abi:nqe220106]<void (*)(int, int), int, int>(void (*&&)(int, int), int&&, int&&) invoke.h:90 (occt_1157_stress:arm64+0x100006214)
    #9 void std::__1::__thread_execute[abi:nqe220106]<std::__1::unique_ptr<std::__1::__thread_struct, std::__1::default_delete<std::__1::__thread_struct>>, void (*)(int, int), int, int, 0ul, 1ul, 2ul>(std::__1::tuple<std::__1::unique_ptr<std::__1::__thread_struct, std::__1::default_delete<std::__1::__thread_struct>>, void (*)(int, int), int, int>&, std::__1::__integer_sequence<unsigned long, 0ul, 1ul, 2ul>) thread.h:161 (occt_1157_stress:arm64+0x100006214)
    #10 void* std::__1::__thread_proxy[abi:nqe220106]<std::__1::tuple<std::__1::unique_ptr<std::__1::__thread_struct, std::__1::default_delete<std::__1::__thread_struct>>, void (*)(int, int), int, int>>(void*) thread.h:169 (occt_1157_stress:arm64+0x100006214)

  Location is global 'errh' at 0x00010280f550 (occt_1157_stress+0x101cb3550)

  Thread T7 (tid=14910711, running) created by main thread at:
    #0 pthread_create <null> (libclang_rt.tsan_osx_dynamic.dylib:arm64e+0x33bac)
    #1 std::__1::__libcpp_thread_create[abi:nqe220106](_opaque_pthread_t**, void* (*)(void*), void*) pthread.h:182 (occt_1157_stress:arm64+0x1000060dc)
    #2 std::__1::thread::thread[abi:nqe220106]<void (*&)(int, int), int&, int&, 0>(void (*&)(int, int), int&, int&) thread.h:221 (occt_1157_stress:arm64+0x1000060dc)
    #3 std::__1::thread::thread[abi:nqe220106]<void (*&)(int, int), int&, int&, 0>(void (*&)(int, int), int&, int&) thread.h:212 (occt_1157_stress:arm64+0x1000038c8)
    #4 void std::__1::allocator<std::__1::thread>::construct[abi:nqe220106]<std::__1::thread, void (*&)(int, int), int&, int&>(std::__1::thread*, void (*&)(int, int), int&, int&) allocator.h:141 (occt_1157_stress:arm64+0x1000038c8)
    #5 void std::__1::allocator_traits<std::__1::allocator<std::__1::thread>>::construct[abi:nqe220106]<std::__1::thread, void (*&)(int, int), int&, int&, 0>(std::__1::allocator<std::__1::thread>&, std::__1::thread*, void (*&)(int, int), int&, int&) allocator_traits.h:296 (occt_1157_stress:arm64+0x1000038c8)
    #6 void std::__1::vector<std::__1::thread, std::__1::allocator<std::__1::thread>>::__emplace_back_assume_capacity[abi:nqe220106]<void (*&)(int, int), int&, int&>(void (*&)(int, int), int&, int&) vector.h:483 (occt_1157_stress:arm64+0x1000038c8)
    #7 std::__1::thread& std::__1::vector<std::__1::thread, std::__1::allocator<std::__1::thread>>::emplace_back<void (*&)(int, int), int&, int&>(void (*&)(int, int), int&, int&)::'lambda'()::operator()() const vector.h:1146 (occt_1157_stress:arm64+0x1000038c8)
    #8 void std::__1::__if_likely_else[abi:nqe220106]<std::__1::thread& std::__1::vector<std::__1::thread, std::__1::allocator<std::__1::thread>>::emplace_back<void (*&)(int, int), int&, int&>(void (*&)(int, int), int&, int&)::'lambda'(), std::__1::thread& std::__1::vector<std::__1::thread, std::__1::allocator<std::__1::thread>>::emplace_back<void (*&)(int, int), int&, int&>(void (*&)(int, int), int&, int&)::'lambda0'()>(bool, std::__1::thread& std::__1::vector<std::__1::thread, std::__1::allocator<std::__1::thread>>::emplace_back<void (*&)(int, int), int&, int&>(void (*&)(int, int), int&, int&)::'lambda'(), std::__1::thread& std::__1::vector<std::__1::thread, std::__1::allocator<std::__1::thread>>::emplace_back<void (*&)(int, int), int&, int&>(void (*&)(int, int), int&, int&)::'lambda0'()) vector.h:1127 (occt_1157_stress:arm64+0x1000038c8)
    #9 std::__1::thread& std::__1::vector<std::__1::thread, std::__1::allocator<std::__1::thread>>::emplace_back<void (*&)(int, int), int&, int&>(void (*&)(int, int), int&, int&) vector.h:1143 (occt_1157_stress:arm64+0x1000038c8)
    #10 runOne(char const*, int, int) occt_1157_stress.cpp:359 (occt_1157_stress:arm64+0x1000038c8)
    #11 main occt_1157_stress.cpp:396 (occt_1157_stress:arm64+0x100002de4)

  Thread T4 (tid=14910708, running) created by main thread at:
    #0 pthread_create <null> (libclang_rt.tsan_osx_dynamic.dylib:arm64e+0x33bac)
    #1 std::__1::__libcpp_thread_create[abi:nqe220106](_opaque_pthread_t**, void* (*)(void*), void*) pthread.h:182 (occt_1157_stress:arm64+0x1000060dc)
    #2 std::__1::thread::thread[abi:nqe220106]<void (*&)(int, int), int&, int&, 0>(void (*&)(int, int), int&, int&) thread.h:221 (occt_1157_stress:arm64+0x1000060dc)
    #3 std::__1::thread::thread[abi:nqe220106]<void (*&)(int, int), int&, int&, 0>(void (*&)(int, int), int&, int&) thread.h:212 (occt_1157_stress:arm64+0x1000038c8)
    #4 void std::__1::allocator<std::__1::thread>::construct[abi:nqe220106]<std::__1::thread, void (*&)(int, int), int&, int&>(std::__1::thread*, void (*&)(int, int), int&, int&) allocator.h:141 (occt_1157_stress:arm64+0x1000038c8)
    #5 void std::__1::allocator_traits<std::__1::allocator<std::__1::thread>>::construct[abi:nqe220106]<std::__1::thread, void (*&)(int, int), int&, int&, 0>(std::__1::allocator<std::__1::thread>&, std::__1::thread*, void (*&)(int, int), int&, int&) allocator_traits.h:296 (occt_1157_stress:arm64+0x1000038c8)
    #6 void std::__1::vector<std::__1::thread, std::__1::allocator<std::__1::thread>>::__emplace_back_assume_capacity[abi:nqe220106]<void (*&)(int, int), int&, int&>(void (*&)(int, int), int&, int&) vector.h:483 (occt_1157_stress:arm64+0x1000038c8)
    #7 std::__1::thread& std::__1::vector<std::__1::thread, std::__1::allocator<std::__1::thread>>::emplace_back<void (*&)(int, int), int&, int&>(void (*&)(int, int), int&, int&)::'lambda'()::operator()() const vector.h:1146 (occt_1157_stress:arm64+0x1000038c8)
    #8 void std::__1::__if_likely_else[abi:nqe220106]<std::__1::thread& std::__1::vector<std::__1::thread, std::__1::allocator<std::__1::thread>>::emplace_back<void (*&)(int, int), int&, int&>(void (*&)(int, int), int&, int&)::'lambda'(), std::__1::thread& std::__1::vector<std::__1::thread, std::__1::allocator<std::__1::thread>>::emplace_back<void (*&)(int, int), int&, int&>(void (*&)(int, int), int&, int&)::'lambda0'()>(bool, std::__1::thread& std::__1::vector<std::__1::thread, std::__1::allocator<std::__1::thread>>::emplace_back<void (*&)(int, int), int&, int&>(void (*&)(int, int), int&, int&)::'lambda'(), std::__1::thread& std::__1::vector<std::__1::thread, std::__1::allocator<std::__1::thread>>::emplace_back<void (*&)(int, int), int&, int&>(void (*&)(int, int), int&, int&)::'lambda0'()) vector.h:1127 (occt_1157_stress:arm64+0x1000038c8)
    #9 std::__1::thread& std::__1::vector<std::__1::thread, std::__1::allocator<std::__1::thread>>::emplace_back<void (*&)(int, int), int&, int&>(void (*&)(int, int), int&, int&) vector.h:1143 (occt_1157_stress:arm64+0x1000038c8)
    #10 runOne(char const*, int, int) occt_1157_stress.cpp:359 (occt_1157_stress:arm64+0x1000038c8)
    #11 main occt_1157_stress.cpp:396 (occt_1157_stress:arm64+0x100002de4)

SUMMARY: ThreadSanitizer: data race Interface_CheckTool.cxx:472 in Interface_CheckTool::VerifyCheckList()
==================
==================
WARNING: ThreadSanitizer: data race (pid=70874)
  Read of size 8 at 0x00010c929558 by thread T4:
    #0 opencascade::handle<TCollection_HAsciiString>::EndScope() Standard_Handle.hxx:391 (occt_1157_stress:arm64+0x1000c0c44)
    #1 opencascade::handle<TCollection_HAsciiString>::~handle() Standard_Handle.hxx:88 (occt_1157_stress:arm64+0x1000c0c44)
    #2 opencascade::handle<TCollection_HAsciiString>::~handle() Standard_Handle.hxx:88 (occt_1157_stress:arm64+0x1000c0c44)
    #3 IGESData_GlobalSection::~IGESData_GlobalSection() IGESData_GlobalSection.hxx:39 (occt_1157_stress:arm64+0x1000c0c44)
    #4 IGESData_GlobalSection::~IGESData_GlobalSection() IGESData_GlobalSection.hxx:39 (occt_1157_stress:arm64+0x1000defec)
    #5 IGESData_IGESModel::~IGESData_IGESModel() IGESData_IGESModel.hxx:41 (occt_1157_stress:arm64+0x1000defec)
    #6 IGESData_IGESModel::~IGESData_IGESModel() IGESData_IGESModel.hxx:41 (occt_1157_stress:arm64+0x1000defec)
    #7 IGESData_IGESModel::~IGESData_IGESModel() IGESData_IGESModel.hxx:41 (occt_1157_stress:arm64+0x1000defec)
    #8 Standard_Transient::Delete() const Standard_Transient.hxx:134 (occt_1157_stress:arm64+0x10001dd70)
    #9 opencascade::handle<Interface_InterfaceModel>::EndScope() Standard_Handle.hxx:392 (occt_1157_stress:arm64+0x1002f0d28)
    #10 opencascade::handle<Interface_InterfaceModel>::Assign(Standard_Transient*) Standard_Handle.hxx:376 (occt_1157_stress:arm64+0x1002f0d28)
    #11 opencascade::handle<Interface_InterfaceModel>::operator=(opencascade::handle<Interface_InterfaceModel> const&) Standard_Handle.hxx:102 (occt_1157_stress:arm64+0x1002f0d28)
    #12 IGESToBRep_Actor::SetModel(opencascade::handle<Interface_InterfaceModel> const&) IGESToBRep_Actor.cxx:96 (occt_1157_stress:arm64+0x1002f0d28)
    #13 IGESControl_Controller::ActorRead(opencascade::handle<Interface_InterfaceModel> const&) const IGESControl_Controller.cxx:336 (occt_1157_stress:arm64+0x100380610)
    #14 XSControl_TransferReader::Actor() XSControl_TransferReader.cxx:71 (occt_1157_stress:arm64+0x1013e41f8)
    #15 XSControl_TransferReader::BeginTransfer() XSControl_TransferReader.cxx:937 (occt_1157_stress:arm64+0x1013e41f8)
    #16 XSControl_WorkSession::InitTransferReader(int) XSControl_WorkSession.cxx:376 (occt_1157_stress:arm64+0x1013f46b8)
    #17 XSControl_Reader::ReadFile(char const*) XSControl_Reader.cxx:109 (occt_1157_stress:arm64+0x1013d9dac)
    #18 runIgesReadIndependent(int, int) occt_1157_stress.cpp:192 (occt_1157_stress:arm64+0x1000025b0)
    #19 runMixedStepIgesIndependent(int, int) occt_1157_stress.cpp:227 (occt_1157_stress:arm64+0x1000028f0)
    #20 std::__1::__invoke_result_impl<void, void (*)(int, int), int, int>::type std::__1::__invoke[abi:nqe220106]<void (*)(int, int), int, int>(void (*&&)(int, int), int&&, int&&) invoke.h:90 (occt_1157_stress:arm64+0x100006214)
    #21 void std::__1::__thread_execute[abi:nqe220106]<std::__1::unique_ptr<std::__1::__thread_struct, std::__1::default_delete<std::__1::__thread_struct>>, void (*)(int, int), int, int, 0ul, 1ul, 2ul>(std::__1::tuple<std::__1::unique_ptr<std::__1::__thread_struct, std::__1::default_delete<std::__1::__thread_struct>>, void (*)(int, int), int, int>&, std::__1::__integer_sequence<unsigned long, 0ul, 1ul, 2ul>) thread.h:161 (occt_1157_stress:arm64+0x100006214)
    #22 void* std::__1::__thread_proxy[abi:nqe220106]<std::__1::tuple<std::__1::unique_ptr<std::__1::__thread_struct, std::__1::default_delete<std::__1::__thread_struct>>, void (*)(int, int), int, int>>(void*) thread.h:169 (occt_1157_stress:arm64+0x100006214)

  Previous write of size 8 at 0x00010c929558 by thread T8:
    #0 opencascade::handle<TCollection_HAsciiString>::Assign(Standard_Transient*) Standard_Handle.hxx:377 (occt_1157_stress:arm64+0x1000da7cc)
    #1 opencascade::handle<TCollection_HAsciiString>::operator=(opencascade::handle<TCollection_HAsciiString> const&) Standard_Handle.hxx:102 (occt_1157_stress:arm64+0x1000da7cc)
    #2 IGESData_GlobalSection::operator=(IGESData_GlobalSection const&) IGESData_GlobalSection.hxx:39 (occt_1157_stress:arm64+0x1000da7cc)
    #3 IGESData_IGESModel::ClearHeader() IGESData_IGESModel.cxx:54 (occt_1157_stress:arm64+0x1000da0d4)
    #4 Interface_InterfaceModel::Clear() Interface_InterfaceModel.cxx:118 (occt_1157_stress:arm64+0x101325264)
    #5 IFSelect_WorkSession::ClearData(int) IFSelect_WorkSession.cxx:407 (occt_1157_stress:arm64+0x1013b18e8)
    #6 XSControl_WorkSession::ClearData(int) XSControl_WorkSession.cxx:64 (occt_1157_stress:arm64+0x1013f310c)
    #7 XSControl_WorkSession::ClearBinders() XSControl_WorkSession.cxx:607 (occt_1157_stress:arm64+0x1013f5ee8)
    #8 XSControl_WorkSession::~XSControl_WorkSession() XSControl_WorkSession.hxx:51 (occt_1157_stress:arm64+0x1013f6780)
    #9 XSControl_WorkSession::~XSControl_WorkSession() XSControl_WorkSession.hxx:51 (occt_1157_stress:arm64+0x1013f64ec)
    #10 XSControl_WorkSession::~XSControl_WorkSession() XSControl_WorkSession.hxx:51 (occt_1157_stress:arm64+0x1013f64ec)
    #11 Standard_Transient::Delete() const Standard_Transient.hxx:134 (occt_1157_stress:arm64+0x10001dd70)
    #12 opencascade::handle<XSControl_WorkSession>::EndScope() Standard_Handle.hxx:392 (occt_1157_stress:arm64+0x100004930)
    #13 opencascade::handle<XSControl_WorkSession>::~handle() Standard_Handle.hxx:88 (occt_1157_stress:arm64+0x100004930)
    #14 opencascade::handle<XSControl_WorkSession>::~handle() Standard_Handle.hxx:88 (occt_1157_stress:arm64+0x100004930)
    #15 XSControl_Reader::~XSControl_Reader() XSControl_Reader.hxx:93 (occt_1157_stress:arm64+0x100004930)
    #16 IGESControl_Reader::~IGESControl_Reader() IGESControl_Reader.hxx:65 (occt_1157_stress:arm64+0x100002560)
    #17 IGESControl_Reader::~IGESControl_Reader() IGESControl_Reader.hxx:65 (occt_1157_stress:arm64+0x100002560)
    #18 runIgesReadIndependent(int, int) occt_1157_stress.cpp:212 (occt_1157_stress:arm64+0x100002560)
    #19 runMixedStepIgesIndependent(int, int) occt_1157_stress.cpp:227 (occt_1157_stress:arm64+0x1000028f0)
    #20 std::__1::__invoke_result_impl<void, void (*)(int, int), int, int>::type std::__1::__invoke[abi:nqe220106]<void (*)(int, int), int, int>(void (*&&)(int, int), int&&, int&&) invoke.h:90 (occt_1157_stress:arm64+0x100006214)
    #21 void std::__1::__thread_execute[abi:nqe220106]<std::__1::unique_ptr<std::__1::__thread_struct, std::__1::default_delete<std::__1::__thread_struct>>, void (*)(int, int), int, int, 0ul, 1ul, 2ul>(std::__1::tuple<std::__1::unique_ptr<std::__1::__thread_struct, std::__1::default_delete<std::__1::__thread_struct>>, void (*)(int, int), int, int>&, std::__1::__integer_sequence<unsigned long, 0ul, 1ul, 2ul>) thread.h:161 (occt_1157_stress:arm64+0x100006214)
    #22 void* std::__1::__thread_proxy[abi:nqe220106]<std::__1::tuple<std::__1::unique_ptr<std::__1::__thread_struct, std::__1::default_delete<std::__1::__thread_struct>>, void (*)(int, int), int, int>>(void*) thread.h:169 (occt_1157_stress:arm64+0x100006214)

  Location is heap block of size 424 at 0x00010c9293c0 allocated by thread T8:
    #0 calloc <null> (libclang_rt.tsan_osx_dynamic.dylib:arm64e+0x67ff4)
    #1 Standard::Allocate(unsigned long) Standard.cxx:386 (occt_1157_stress:arm64+0x1008bee84)
    #2 Standard_Transient::operator new(unsigned long) Standard_Transient.hxx:47 (occt_1157_stress:arm64+0x1002ec1c4)
    #3 IGESSelect_WorkLibrary::ReadFile(char const*, opencascade::handle<Interface_InterfaceModel>&, opencascade::handle<Interface_Protocol> const&) const IGESSelect_WorkLibrary.cxx:78 (occt_1157_stress:arm64+0x1002ec1c4)
    #4 IFSelect_WorkSession::ReadFile(char const*) IFSelect_WorkSession.cxx:187 (occt_1157_stress:arm64+0x1013b0a20)
    #5 XSControl_Reader::ReadFile(char const*) XSControl_Reader.cxx:108 (occt_1157_stress:arm64+0x1013d9d94)
    #6 runIgesReadIndependent(int, int) occt_1157_stress.cpp:192 (occt_1157_stress:arm64+0x1000025b0)
    #7 runMixedStepIgesIndependent(int, int) occt_1157_stress.cpp:227 (occt_1157_stress:arm64+0x1000028f0)
    #8 std::__1::__invoke_result_impl<void, void (*)(int, int), int, int>::type std::__1::__invoke[abi:nqe220106]<void (*)(int, int), int, int>(void (*&&)(int, int), int&&, int&&) invoke.h:90 (occt_1157_stress:arm64+0x100006214)
    #9 void std::__1::__thread_execute[abi:nqe220106]<std::__1::unique_ptr<std::__1::__thread_struct, std::__1::default_delete<std::__1::__thread_struct>>, void (*)(int, int), int, int, 0ul, 1ul, 2ul>(std::__1::tuple<std::__1::unique_ptr<std::__1::__thread_struct, std::__1::default_delete<std::__1::__thread_struct>>, void (*)(int, int), int, int>&, std::__1::__integer_sequence<unsigned long, 0ul, 1ul, 2ul>) thread.h:161 (occt_1157_stress:arm64+0x100006214)
    #10 void* std::__1::__thread_proxy[abi:nqe220106]<std::__1::tuple<std::__1::unique_ptr<std::__1::__thread_struct, std::__1::default_delete<std::__1::__thread_struct>>, void (*)(int, int), int, int>>(void*) thread.h:169 (occt_1157_stress:arm64+0x100006214)

  Thread T4 (tid=14910708, running) created by main thread at:
    #0 pthread_create <null> (libclang_rt.tsan_osx_dynamic.dylib:arm64e+0x33bac)
    #1 std::__1::__libcpp_thread_create[abi:nqe220106](_opaque_pthread_t**, void* (*)(void*), void*) pthread.h:182 (occt_1157_stress:arm64+0x1000060dc)
    #2 std::__1::thread::thread[abi:nqe220106]<void (*&)(int, int), int&, int&, 0>(void (*&)(int, int), int&, int&) thread.h:221 (occt_1157_stress:arm64+0x1000060dc)
    #3 std::__1::thread::thread[abi:nqe220106]<void (*&)(int, int), int&, int&, 0>(void (*&)(int, int), int&, int&) thread.h:212 (occt_1157_stress:arm64+0x1000038c8)
    #4 void std::__1::allocator<std::__1::thread>::construct[abi:nqe220106]<std::__1::thread, void (*&)(int, int), int&, int&>(std::__1::thread*, void (*&)(int, int), int&, int&) allocator.h:141 (occt_1157_stress:arm64+0x1000038c8)
    #5 void std::__1::allocator_traits<std::__1::allocator<std::__1::thread>>::construct[abi:nqe220106]<std::__1::thread, void (*&)(int, int), int&, int&, 0>(std::__1::allocator<std::__1::thread>&, std::__1::thread*, void (*&)(int, int), int&, int&) allocator_traits.h:296 (occt_1157_stress:arm64+0x1000038c8)
    #6 void std::__1::vector<std::__1::thread, std::__1::allocator<std::__1::thread>>::__emplace_back_assume_capacity[abi:nqe220106]<void (*&)(int, int), int&, int&>(void (*&)(int, int), int&, int&) vector.h:483 (occt_1157_stress:arm64+0x1000038c8)
    #7 std::__1::thread& std::__1::vector<std::__1::thread, std::__1::allocator<std::__1::thread>>::emplace_back<void (*&)(int, int), int&, int&>(void (*&)(int, int), int&, int&)::'lambda'()::operator()() const vector.h:1146 (occt_1157_stress:arm64+0x1000038c8)
    #8 void std::__1::__if_likely_else[abi:nqe220106]<std::__1::thread& std::__1::vector<std::__1::thread, std::__1::allocator<std::__1::thread>>::emplace_back<void (*&)(int, int), int&, int&>(void (*&)(int, int), int&, int&)::'lambda'(), std::__1::thread& std::__1::vector<std::__1::thread, std::__1::allocator<std::__1::thread>>::emplace_back<void (*&)(int, int), int&, int&>(void (*&)(int, int), int&, int&)::'lambda0'()>(bool, std::__1::thread& std::__1::vector<std::__1::thread, std::__1::allocator<std::__1::thread>>::emplace_back<void (*&)(int, int), int&, int&>(void (*&)(int, int), int&, int&)::'lambda'(), std::__1::thread& std::__1::vector<std::__1::thread, std::__1::allocator<std::__1::thread>>::emplace_back<void (*&)(int, int), int&, int&>(void (*&)(int, int), int&, int&)::'lambda0'()) vector.h:1127 (occt_1157_stress:arm64+0x1000038c8)
    #9 std::__1::thread& std::__1::vector<std::__1::thread, std::__1::allocator<std::__1::thread>>::emplace_back<void (*&)(int, int), int&, int&>(void (*&)(int, int), int&, int&) vector.h:1143 (occt_1157_stress:arm64+0x1000038c8)
    #10 runOne(char const*, int, int) occt_1157_stress.cpp:359 (occt_1157_stress:arm64+0x1000038c8)
    #11 main occt_1157_stress.cpp:396 (occt_1157_stress:arm64+0x100002de4)

  Thread T8 (tid=14910712, running) created by main thread at:
    #0 pthread_create <null> (libclang_rt.tsan_osx_dynamic.dylib:arm64e+0x33bac)
    #1 std::__1::__libcpp_thread_create[abi:nqe220106](_opaque_pthread_t**, void* (*)(void*), void*) pthread.h:182 (occt_1157_stress:arm64+0x1000060dc)
    #2 std::__1::thread::thread[abi:nqe220106]<void (*&)(int, int), int&, int&, 0>(void (*&)(int, int), int&, int&) thread.h:221 (occt_1157_stress:arm64+0x1000060dc)
    #3 std::__1::thread::thread[abi:nqe220106]<void (*&)(int, int), int&, int&, 0>(void (*&)(int, int), int&, int&) thread.h:212 (occt_1157_stress:arm64+0x1000038c8)
    #4 void std::__1::allocator<std::__1::thread>::construct[abi:nqe220106]<std::__1::thread, void (*&)(int, int), int&, int&>(std::__1::thread*, void (*&)(int, int), int&, int&) allocator.h:141 (occt_1157_stress:arm64+0x1000038c8)
    #5 void std::__1::allocator_traits<std::__1::allocator<std::__1::thread>>::construct[abi:nqe220106]<std::__1::thread, void (*&)(int, int), int&, int&, 0>(std::__1::allocator<std::__1::thread>&, std::__1::thread*, void (*&)(int, int), int&, int&) allocator_traits.h:296 (occt_1157_stress:arm64+0x1000038c8)
    #6 void std::__1::vector<std::__1::thread, std::__1::allocator<std::__1::thread>>::__emplace_back_assume_capacity[abi:nqe220106]<void (*&)(int, int), int&, int&>(void (*&)(int, int), int&, int&) vector.h:483 (occt_1157_stress:arm64+0x1000038c8)
    #7 std::__1::thread& std::__1::vector<std::__1::thread, std::__1::allocator<std::__1::thread>>::emplace_back<void (*&)(int, int), int&, int&>(void (*&)(int, int), int&, int&)::'lambda'()::operator()() const vector.h:1146 (occt_1157_stress:arm64+0x1000038c8)
    #8 void std::__1::__if_likely_else[abi:nqe220106]<std::__1::thread& std::__1::vector<std::__1::thread, std::__1::allocator<std::__1::thread>>::emplace_back<void (*&)(int, int), int&, int&>(void (*&)(int, int), int&, int&)::'lambda'(), std::__1::thread& std::__1::vector<std::__1::thread, std::__1::allocator<std::__1::thread>>::emplace_back<void (*&)(int, int), int&, int&>(void (*&)(int, int), int&, int&)::'lambda0'()>(bool, std::__1::thread& std::__1::vector<std::__1::thread, std::__1::allocator<std::__1::thread>>::emplace_back<void (*&)(int, int), int&, int&>(void (*&)(int, int), int&, int&)::'lambda'(), std::__1::thread& std::__1::vector<std::__1::thread, std::__1::allocator<std::__1::thread>>::emplace_back<void (*&)(int, int), int&, int&>(void (*&)(int, int), int&, int&)::'lambda0'()) vector.h:1127 (occt_1157_stress:arm64+0x1000038c8)
    #9 std::__1::thread& std::__1::vector<std::__1::thread, std::__1::allocator<std::__1::thread>>::emplace_back<void (*&)(int, int), int&, int&>(void (*&)(int, int), int&, int&) vector.h:1143 (occt_1157_stress:arm64+0x1000038c8)
    #10 runOne(char const*, int, int) occt_1157_stress.cpp:359 (occt_1157_stress:arm64+0x1000038c8)
    #11 main occt_1157_stress.cpp:396 (occt_1157_stress:arm64+0x100002de4)

SUMMARY: ThreadSanitizer: data race Standard_Handle.hxx:391 in opencascade::handle<TCollection_HAsciiString>::EndScope()
==================
==================
WARNING: ThreadSanitizer: data race (pid=70874)
  Write of size 8 at 0x00010c929548 by thread T4:
    #0 opencascade::handle<TCollection_HAsciiString>::EndScope() Standard_Handle.hxx:393 (occt_1157_stress:arm64+0x1000c0cf8)
    #1 opencascade::handle<TCollection_HAsciiString>::~handle() Standard_Handle.hxx:88 (occt_1157_stress:arm64+0x1000c0cf8)
    #2 opencascade::handle<TCollection_HAsciiString>::~handle() Standard_Handle.hxx:88 (occt_1157_stress:arm64+0x1000c0cf8)
    #3 IGESData_GlobalSection::~IGESData_GlobalSection() IGESData_GlobalSection.hxx:39 (occt_1157_stress:arm64+0x1000c0cf8)
    #4 IGESData_GlobalSection::~IGESData_GlobalSection() IGESData_GlobalSection.hxx:39 (occt_1157_stress:arm64+0x1000defec)
    #5 IGESData_IGESModel::~IGESData_IGESModel() IGESData_IGESModel.hxx:41 (occt_1157_stress:arm64+0x1000defec)
    #6 IGESData_IGESModel::~IGESData_IGESModel() IGESData_IGESModel.hxx:41 (occt_1157_stress:arm64+0x1000defec)
    #7 IGESData_IGESModel::~IGESData_IGESModel() IGESData_IGESModel.hxx:41 (occt_1157_stress:arm64+0x1000defec)
    #8 Standard_Transient::Delete() const Standard_Transient.hxx:134 (occt_1157_stress:arm64+0x10001dd70)
    #9 opencascade::handle<Interface_InterfaceModel>::EndScope() Standard_Handle.hxx:392 (occt_1157_stress:arm64+0x1002f0d28)
    #10 opencascade::handle<Interface_InterfaceModel>::Assign(Standard_Transient*) Standard_Handle.hxx:376 (occt_1157_stress:arm64+0x1002f0d28)
    #11 opencascade::handle<Interface_InterfaceModel>::operator=(opencascade::handle<Interface_InterfaceModel> const&) Standard_Handle.hxx:102 (occt_1157_stress:arm64+0x1002f0d28)
    #12 IGESToBRep_Actor::SetModel(opencascade::handle<Interface_InterfaceModel> const&) IGESToBRep_Actor.cxx:96 (occt_1157_stress:arm64+0x1002f0d28)
    #13 IGESControl_Controller::ActorRead(opencascade::handle<Interface_InterfaceModel> const&) const IGESControl_Controller.cxx:336 (occt_1157_stress:arm64+0x100380610)
    #14 XSControl_TransferReader::Actor() XSControl_TransferReader.cxx:71 (occt_1157_stress:arm64+0x1013e41f8)
    #15 XSControl_TransferReader::BeginTransfer() XSControl_TransferReader.cxx:937 (occt_1157_stress:arm64+0x1013e41f8)
    #16 XSControl_WorkSession::InitTransferReader(int) XSControl_WorkSession.cxx:376 (occt_1157_stress:arm64+0x1013f46b8)
    #17 XSControl_Reader::ReadFile(char const*) XSControl_Reader.cxx:109 (occt_1157_stress:arm64+0x1013d9dac)
    #18 runIgesReadIndependent(int, int) occt_1157_stress.cpp:192 (occt_1157_stress:arm64+0x1000025b0)
    #19 runMixedStepIgesIndependent(int, int) occt_1157_stress.cpp:227 (occt_1157_stress:arm64+0x1000028f0)
    #20 std::__1::__invoke_result_impl<void, void (*)(int, int), int, int>::type std::__1::__invoke[abi:nqe220106]<void (*)(int, int), int, int>(void (*&&)(int, int), int&&, int&&) invoke.h:90 (occt_1157_stress:arm64+0x100006214)
    #21 void std::__1::__thread_execute[abi:nqe220106]<std::__1::unique_ptr<std::__1::__thread_struct, std::__1::default_delete<std::__1::__thread_struct>>, void (*)(int, int), int, int, 0ul, 1ul, 2ul>(std::__1::tuple<std::__1::unique_ptr<std::__1::__thread_struct, std::__1::default_delete<std::__1::__thread_struct>>, void (*)(int, int), int, int>&, std::__1::__integer_sequence<unsigned long, 0ul, 1ul, 2ul>) thread.h:161 (occt_1157_stress:arm64+0x100006214)
    #22 void* std::__1::__thread_proxy[abi:nqe220106]<std::__1::tuple<std::__1::unique_ptr<std::__1::__thread_struct, std::__1::default_delete<std::__1::__thread_struct>>, void (*)(int, int), int, int>>(void*) thread.h:169 (occt_1157_stress:arm64+0x100006214)

  Previous read of size 8 at 0x00010c929548 by thread T8:
    #0 opencascade::handle<TCollection_HAsciiString>::Assign(Standard_Transient*) Standard_Handle.hxx:374 (occt_1157_stress:arm64+0x1000da6d0)
    #1 opencascade::handle<TCollection_HAsciiString>::operator=(opencascade::handle<TCollection_HAsciiString> const&) Standard_Handle.hxx:102 (occt_1157_stress:arm64+0x1000da6d0)
    #2 IGESData_GlobalSection::operator=(IGESData_GlobalSection const&) IGESData_GlobalSection.hxx:39 (occt_1157_stress:arm64+0x1000da6d0)
    #3 IGESData_IGESModel::ClearHeader() IGESData_IGESModel.cxx:54 (occt_1157_stress:arm64+0x1000da0d4)
    #4 Interface_InterfaceModel::Clear() Interface_InterfaceModel.cxx:118 (occt_1157_stress:arm64+0x101325264)
    #5 IFSelect_WorkSession::ClearData(int) IFSelect_WorkSession.cxx:407 (occt_1157_stress:arm64+0x1013b18e8)
    #6 XSControl_WorkSession::ClearData(int) XSControl_WorkSession.cxx:64 (occt_1157_stress:arm64+0x1013f310c)
    #7 XSControl_WorkSession::ClearBinders() XSControl_WorkSession.cxx:607 (occt_1157_stress:arm64+0x1013f5ee8)
    #8 XSControl_WorkSession::~XSControl_WorkSession() XSControl_WorkSession.hxx:51 (occt_1157_stress:arm64+0x1013f6780)
    #9 XSControl_WorkSession::~XSControl_WorkSession() XSControl_WorkSession.hxx:51 (occt_1157_stress:arm64+0x1013f64ec)
    #10 XSControl_WorkSession::~XSControl_WorkSession() XSControl_WorkSession.hxx:51 (occt_1157_stress:arm64+0x1013f64ec)
    #11 Standard_Transient::Delete() const Standard_Transient.hxx:134 (occt_1157_stress:arm64+0x10001dd70)
    #12 opencascade::handle<XSControl_WorkSession>::EndScope() Standard_Handle.hxx:392 (occt_1157_stress:arm64+0x100004930)
    #13 opencascade::handle<XSControl_WorkSession>::~handle() Standard_Handle.hxx:88 (occt_1157_stress:arm64+0x100004930)
    #14 opencascade::handle<XSControl_WorkSession>::~handle() Standard_Handle.hxx:88 (occt_1157_stress:arm64+0x100004930)
    #15 XSControl_Reader::~XSControl_Reader() XSControl_Reader.hxx:93 (occt_1157_stress:arm64+0x100004930)
    #16 IGESControl_Reader::~IGESControl_Reader() IGESControl_Reader.hxx:65 (occt_1157_stress:arm64+0x100002560)
    #17 IGESControl_Reader::~IGESControl_Reader() IGESControl_Reader.hxx:65 (occt_1157_stress:arm64+0x100002560)
    #18 runIgesReadIndependent(int, int) occt_1157_stress.cpp:212 (occt_1157_stress:arm64+0x100002560)
    #19 runMixedStepIgesIndependent(int, int) occt_1157_stress.cpp:227 (occt_1157_stress:arm64+0x1000028f0)
    #20 std::__1::__invoke_result_impl<void, void (*)(int, int), int, int>::type std::__1::__invoke[abi:nqe220106]<void (*)(int, int), int, int>(void (*&&)(int, int), int&&, int&&) invoke.h:90 (occt_1157_stress:arm64+0x100006214)
    #21 void std::__1::__thread_execute[abi:nqe220106]<std::__1::unique_ptr<std::__1::__thread_struct, std::__1::default_delete<std::__1::__thread_struct>>, void (*)(int, int), int, int, 0ul, 1ul, 2ul>(std::__1::tuple<std::__1::unique_ptr<std::__1::__thread_struct, std::__1::default_delete<std::__1::__thread_struct>>, void (*)(int, int), int, int>&, std::__1::__integer_sequence<unsigned long, 0ul, 1ul, 2ul>) thread.h:161 (occt_1157_stress:arm64+0x100006214)
    #22 void* std::__1::__thread_proxy[abi:nqe220106]<std::__1::tuple<std::__1::unique_ptr<std::__1::__thread_struct, std::__1::default_delete<std::__1::__thread_struct>>, void (*)(int, int), int, int>>(void*) thread.h:169 (occt_1157_stress:arm64+0x100006214)

  Location is heap block of size 424 at 0x00010c9293c0 allocated by thread T8:
    #0 calloc <null> (libclang_rt.tsan_osx_dynamic.dylib:arm64e+0x67ff4)
    #1 Standard::Allocate(unsigned long) Standard.cxx:386 (occt_1157_stress:arm64+0x1008bee84)
    #2 Standard_Transient::operator new(unsigned long) Standard_Transient.hxx:47 (occt_1157_stress:arm64+0x1002ec1c4)
    #3 IGESSelect_WorkLibrary::ReadFile(char const*, opencascade::handle<Interface_InterfaceModel>&, opencascade::handle<Interface_Protocol> const&) const IGESSelect_WorkLibrary.cxx:78 (occt_1157_stress:arm64+0x1002ec1c4)
    #4 IFSelect_WorkSession::ReadFile(char const*) IFSelect_WorkSession.cxx:187 (occt_1157_stress:arm64+0x1013b0a20)
    #5 XSControl_Reader::ReadFile(char const*) XSControl_Reader.cxx:108 (occt_1157_stress:arm64+0x1013d9d94)
    #6 runIgesReadIndependent(int, int) occt_1157_stress.cpp:192 (occt_1157_stress:arm64+0x1000025b0)
    #7 runMixedStepIgesIndependent(int, int) occt_1157_stress.cpp:227 (occt_1157_stress:arm64+0x1000028f0)
    #8 std::__1::__invoke_result_impl<void, void (*)(int, int), int, int>::type std::__1::__invoke[abi:nqe220106]<void (*)(int, int), int, int>(void (*&&)(int, int), int&&, int&&) invoke.h:90 (occt_1157_stress:arm64+0x100006214)
    #9 void std::__1::__thread_execute[abi:nqe220106]<std::__1::unique_ptr<std::__1::__thread_struct, std::__1::default_delete<std::__1::__thread_struct>>, void (*)(int, int), int, int, 0ul, 1ul, 2ul>(std::__1::tuple<std::__1::unique_ptr<std::__1::__thread_struct, std::__1::default_delete<std::__1::__thread_struct>>, void (*)(int, int), int, int>&, std::__1::__integer_sequence<unsigned long, 0ul, 1ul, 2ul>) thread.h:161 (occt_1157_stress:arm64+0x100006214)
    #10 void* std::__1::__thread_proxy[abi:nqe220106]<std::__1::tuple<std::__1::unique_ptr<std::__1::__thread_struct, std::__1::default_delete<std::__1::__thread_struct>>, void (*)(int, int), int, int>>(void*) thread.h:169 (occt_1157_stress:arm64+0x100006214)

  Thread T4 (tid=14910708, running) created by main thread at:
    #0 pthread_create <null> (libclang_rt.tsan_osx_dynamic.dylib:arm64e+0x33bac)
    #1 std::__1::__libcpp_thread_create[abi:nqe220106](_opaque_pthread_t**, void* (*)(void*), void*) pthread.h:182 (occt_1157_stress:arm64+0x1000060dc)
    #2 std::__1::thread::thread[abi:nqe220106]<void (*&)(int, int), int&, int&, 0>(void (*&)(int, int), int&, int&) thread.h:221 (occt_1157_stress:arm64+0x1000060dc)
    #3 std::__1::thread::thread[abi:nqe220106]<void (*&)(int, int), int&, int&, 0>(void (*&)(int, int), int&, int&) thread.h:212 (occt_1157_stress:arm64+0x1000038c8)
    #4 void std::__1::allocator<std::__1::thread>::construct[abi:nqe220106]<std::__1::thread, void (*&)(int, int), int&, int&>(std::__1::thread*, void (*&)(int, int), int&, int&) allocator.h:141 (occt_1157_stress:arm64+0x1000038c8)
    #5 void std::__1::allocator_traits<std::__1::allocator<std::__1::thread>>::construct[abi:nqe220106]<std::__1::thread, void (*&)(int, int), int&, int&, 0>(std::__1::allocator<std::__1::thread>&, std::__1::thread*, void (*&)(int, int), int&, int&) allocator_traits.h:296 (occt_1157_stress:arm64+0x1000038c8)
    #6 void std::__1::vector<std::__1::thread, std::__1::allocator<std::__1::thread>>::__emplace_back_assume_capacity[abi:nqe220106]<void (*&)(int, int), int&, int&>(void (*&)(int, int), int&, int&) vector.h:483 (occt_1157_stress:arm64+0x1000038c8)
    #7 std::__1::thread& std::__1::vector<std::__1::thread, std::__1::allocator<std::__1::thread>>::emplace_back<void (*&)(int, int), int&, int&>(void (*&)(int, int), int&, int&)::'lambda'()::operator()() const vector.h:1146 (occt_1157_stress:arm64+0x1000038c8)
    #8 void std::__1::__if_likely_else[abi:nqe220106]<std::__1::thread& std::__1::vector<std::__1::thread, std::__1::allocator<std::__1::thread>>::emplace_back<void (*&)(int, int), int&, int&>(void (*&)(int, int), int&, int&)::'lambda'(), std::__1::thread& std::__1::vector<std::__1::thread, std::__1::allocator<std::__1::thread>>::emplace_back<void (*&)(int, int), int&, int&>(void (*&)(int, int), int&, int&)::'lambda0'()>(bool, std::__1::thread& std::__1::vector<std::__1::thread, std::__1::allocator<std::__1::thread>>::emplace_back<void (*&)(int, int), int&, int&>(void (*&)(int, int), int&, int&)::'lambda'(), std::__1::thread& std::__1::vector<std::__1::thread, std::__1::allocator<std::__1::thread>>::emplace_back<void (*&)(int, int), int&, int&>(void (*&)(int, int), int&, int&)::'lambda0'()) vector.h:1127 (occt_1157_stress:arm64+0x1000038c8)
    #9 std::__1::thread& std::__1::vector<std::__1::thread, std::__1::allocator<std::__1::thread>>::emplace_back<void (*&)(int, int), int&, int&>(void (*&)(int, int), int&, int&) vector.h:1143 (occt_1157_stress:arm64+0x1000038c8)
    #10 runOne(char const*, int, int) occt_1157_stress.cpp:359 (occt_1157_stress:arm64+0x1000038c8)
    #11 main occt_1157_stress.cpp:396 (occt_1157_stress:arm64+0x100002de4)

  Thread T8 (tid=14910712, running) created by main thread at:
    #0 pthread_create <null> (libclang_rt.tsan_osx_dynamic.dylib:arm64e+0x33bac)
    #1 std::__1::__libcpp_thread_create[abi:nqe220106](_opaque_pthread_t**, void* (*)(void*), void*) pthread.h:182 (occt_1157_stress:arm64+0x1000060dc)
    #2 std::__1::thread::thread[abi:nqe220106]<void (*&)(int, int), int&, int&, 0>(void (*&)(int, int), int&, int&) thread.h:221 (occt_1157_stress:arm64+0x1000060dc)
    #3 std::__1::thread::thread[abi:nqe220106]<void (*&)(int, int), int&, int&, 0>(void (*&)(int, int), int&, int&) thread.h:212 (occt_1157_stress:arm64+0x1000038c8)
    #4 void std::__1::allocator<std::__1::thread>::construct[abi:nqe220106]<std::__1::thread, void (*&)(int, int), int&, int&>(std::__1::thread*, void (*&)(int, int), int&, int&) allocator.h:141 (occt_1157_stress:arm64+0x1000038c8)
    #5 void std::__1::allocator_traits<std::__1::allocator<std::__1::thread>>::construct[abi:nqe220106]<std::__1::thread, void (*&)(int, int), int&, int&, 0>(std::__1::allocator<std::__1::thread>&, std::__1::thread*, void (*&)(int, int), int&, int&) allocator_traits.h:296 (occt_1157_stress:arm64+0x1000038c8)
    #6 void std::__1::vector<std::__1::thread, std::__1::allocator<std::__1::thread>>::__emplace_back_assume_capacity[abi:nqe220106]<void (*&)(int, int), int&, int&>(void (*&)(int, int), int&, int&) vector.h:483 (occt_1157_stress:arm64+0x1000038c8)
    #7 std::__1::thread& std::__1::vector<std::__1::thread, std::__1::allocator<std::__1::thread>>::emplace_back<void (*&)(int, int), int&, int&>(void (*&)(int, int), int&, int&)::'lambda'()::operator()() const vector.h:1146 (occt_1157_stress:arm64+0x1000038c8)
    #8 void std::__1::__if_likely_else[abi:nqe220106]<std::__1::thread& std::__1::vector<std::__1::thread, std::__1::allocator<std::__1::thread>>::emplace_back<void (*&)(int, int), int&, int&>(void (*&)(int, int), int&, int&)::'lambda'(), std::__1::thread& std::__1::vector<std::__1::thread, std::__1::allocator<std::__1::thread>>::emplace_back<void (*&)(int, int), int&, int&>(void (*&)(int, int), int&, int&)::'lambda0'()>(bool, std::__1::thread& std::__1::vector<std::__1::thread, std::__1::allocator<std::__1::thread>>::emplace_back<void (*&)(int, int), int&, int&>(void (*&)(int, int), int&, int&)::'lambda'(), std::__1::thread& std::__1::vector<std::__1::thread, std::__1::allocator<std::__1::thread>>::emplace_back<void (*&)(int, int), int&, int&>(void (*&)(int, int), int&, int&)::'lambda0'()) vector.h:1127 (occt_1157_stress:arm64+0x1000038c8)
    #9 std::__1::thread& std::__1::vector<std::__1::thread, std::__1::allocator<std::__1::thread>>::emplace_back<void (*&)(int, int), int&, int&>(void (*&)(int, int), int&, int&) vector.h:1143 (occt_1157_stress:arm64+0x1000038c8)
    #10 runOne(char const*, int, int) occt_1157_stress.cpp:359 (occt_1157_stress:arm64+0x1000038c8)
    #11 main occt_1157_stress.cpp:396 (occt_1157_stress:arm64+0x100002de4)

SUMMARY: ThreadSanitizer: data race Standard_Handle.hxx:393 in opencascade::handle<TCollection_HAsciiString>::EndScope()
==================
==================
WARNING: ThreadSanitizer: data race (pid=70874)
  Write of size 1 at 0x00010280fca8 by thread T5:
    #0 IFSelect_WorkSession::SendAll(char const*, bool) IFSelect_WorkSession.cxx:2597 (occt_1157_stress:arm64+0x1013bf6dc)
    #1 STEPControl_Writer::Write(char const*) STEPControl_Writer.cxx:173 (occt_1157_stress:arm64+0x10054e630)
    #2 runStepWriteIndependent(int, int) occt_1157_stress.cpp:97 (occt_1157_stress:arm64+0x100000f90)
    #3 runMixedStepIgesIndependent(int, int) occt_1157_stress.cpp:224 (occt_1157_stress:arm64+0x1000028c0)
    #4 std::__1::__invoke_result_impl<void, void (*)(int, int), int, int>::type std::__1::__invoke[abi:nqe220106]<void (*)(int, int), int, int>(void (*&&)(int, int), int&&, int&&) invoke.h:90 (occt_1157_stress:arm64+0x100006214)
    #5 void std::__1::__thread_execute[abi:nqe220106]<std::__1::unique_ptr<std::__1::__thread_struct, std::__1::default_delete<std::__1::__thread_struct>>, void (*)(int, int), int, int, 0ul, 1ul, 2ul>(std::__1::tuple<std::__1::unique_ptr<std::__1::__thread_struct, std::__1::default_delete<std::__1::__thread_struct>>, void (*)(int, int), int, int>&, std::__1::__integer_sequence<unsigned long, 0ul, 1ul, 2ul>) thread.h:161 (occt_1157_stress:arm64+0x100006214)
    #6 void* std::__1::__thread_proxy[abi:nqe220106]<std::__1::tuple<std::__1::unique_ptr<std::__1::__thread_struct, std::__1::default_delete<std::__1::__thread_struct>>, void (*)(int, int), int, int>>(void*) thread.h:169 (occt_1157_stress:arm64+0x100006214)

  Previous write of size 1 at 0x00010280fca8 by thread T8:
    #0 IFSelect_WorkSession::IFSelect_WorkSession() IFSelect_WorkSession.cxx:86 (occt_1157_stress:arm64+0x1013afad4)
    #1 XSControl_WorkSession::XSControl_WorkSession() XSControl_WorkSession.cxx:50 (occt_1157_stress:arm64+0x1013f2d64)
    #2 XSControl_WorkSession::XSControl_WorkSession() XSControl_WorkSession.cxx:54 (occt_1157_stress:arm64+0x1013f30b0)
    #3 IGESControl_Reader::IGESControl_Reader() IGESControl_Reader.cxx:55 (occt_1157_stress:arm64+0x100385180)
    #4 IGESControl_Reader::IGESControl_Reader() IGESControl_Reader.cxx:53 (occt_1157_stress:arm64+0x100385350)
    #5 runIgesReadIndependent(int, int) occt_1157_stress.cpp:188 (occt_1157_stress:arm64+0x100002570)
    #6 runMixedStepIgesIndependent(int, int) occt_1157_stress.cpp:227 (occt_1157_stress:arm64+0x1000028f0)
    #7 std::__1::__invoke_result_impl<void, void (*)(int, int), int, int>::type std::__1::__invoke[abi:nqe220106]<void (*)(int, int), int, int>(void (*&&)(int, int), int&&, int&&) invoke.h:90 (occt_1157_stress:arm64+0x100006214)
    #8 void std::__1::__thread_execute[abi:nqe220106]<std::__1::unique_ptr<std::__1::__thread_struct, std::__1::default_delete<std::__1::__thread_struct>>, void (*)(int, int), int, int, 0ul, 1ul, 2ul>(std::__1::tuple<std::__1::unique_ptr<std::__1::__thread_struct, std::__1::default_delete<std::__1::__thread_struct>>, void (*)(int, int), int, int>&, std::__1::__integer_sequence<unsigned long, 0ul, 1ul, 2ul>) thread.h:161 (occt_1157_stress:arm64+0x100006214)
    #9 void* std::__1::__thread_proxy[abi:nqe220106]<std::__1::tuple<std::__1::unique_ptr<std::__1::__thread_struct, std::__1::default_delete<std::__1::__thread_struct>>, void (*)(int, int), int, int>>(void*) thread.h:169 (occt_1157_stress:arm64+0x100006214)

  Location is global 'errhand' at 0x00010280fca8 (occt_1157_stress+0x101cb3ca8)

  Thread T5 (tid=14910709, running) created by main thread at:
    #0 pthread_create <null> (libclang_rt.tsan_osx_dynamic.dylib:arm64e+0x33bac)
    #1 std::__1::__libcpp_thread_create[abi:nqe220106](_opaque_pthread_t**, void* (*)(void*), void*) pthread.h:182 (occt_1157_stress:arm64+0x1000060dc)
    #2 std::__1::thread::thread[abi:nqe220106]<void (*&)(int, int), int&, int&, 0>(void (*&)(int, int), int&, int&) thread.h:221 (occt_1157_stress:arm64+0x1000060dc)
    #3 std::__1::thread::thread[abi:nqe220106]<void (*&)(int, int), int&, int&, 0>(void (*&)(int, int), int&, int&) thread.h:212 (occt_1157_stress:arm64+0x10000645c)
    #4 void std::__1::allocator<std::__1::thread>::construct[abi:nqe220106]<std::__1::thread, void (*&)(int, int), int&, int&>(std::__1::thread*, void (*&)(int, int), int&, int&) allocator.h:141 (occt_1157_stress:arm64+0x10000645c)
    #5 void std::__1::allocator_traits<std::__1::allocator<std::__1::thread>>::construct[abi:nqe220106]<std::__1::thread, void (*&)(int, int), int&, int&, 0>(std::__1::allocator<std::__1::thread>&, std::__1::thread*, void (*&)(int, int), int&, int&) allocator_traits.h:296 (occt_1157_stress:arm64+0x10000645c)
    #6 std::__1::thread* std::__1::vector<std::__1::thread, std::__1::allocator<std::__1::thread>>::__emplace_back_slow_path<void (*&)(int, int), int&, int&>(void (*&)(int, int), int&, int&) vector.h:1109 (occt_1157_stress:arm64+0x10000645c)
    #7 std::__1::thread& std::__1::vector<std::__1::thread, std::__1::allocator<std::__1::thread>>::emplace_back<void (*&)(int, int), int&, int&>(void (*&)(int, int), int&, int&)::'lambda0'()::operator()() const vector.h:1149 (occt_1157_stress:arm64+0x100003918)
    #8 void std::__1::__if_likely_else[abi:nqe220106]<std::__1::thread& std::__1::vector<std::__1::thread, std::__1::allocator<std::__1::thread>>::emplace_back<void (*&)(int, int), int&, int&>(void (*&)(int, int), int&, int&)::'lambda'(), std::__1::thread& std::__1::vector<std::__1::thread, std::__1::allocator<std::__1::thread>>::emplace_back<void (*&)(int, int), int&, int&>(void (*&)(int, int), int&, int&)::'lambda0'()>(bool, std::__1::thread& std::__1::vector<std::__1::thread, std::__1::allocator<std::__1::thread>>::emplace_back<void (*&)(int, int), int&, int&>(void (*&)(int, int), int&, int&)::'lambda'(), std::__1::thread& std::__1::vector<std::__1::thread, std::__1::allocator<std::__1::thread>>::emplace_back<void (*&)(int, int), int&, int&>(void (*&)(int, int), int&, int&)::'lambda0'()) vector.h:1129 (occt_1157_stress:arm64+0x100003918)
    #9 std::__1::thread& std::__1::vector<std::__1::thread, std::__1::allocator<std::__1::thread>>::emplace_back<void (*&)(int, int), int&, int&>(void (*&)(int, int), int&, int&) vector.h:1143 (occt_1157_stress:arm64+0x100003918)
    #10 runOne(char const*, int, int) occt_1157_stress.cpp:359 (occt_1157_stress:arm64+0x100003918)
    #11 main occt_1157_stress.cpp:396 (occt_1157_stress:arm64+0x100002de4)

  Thread T8 (tid=14910712, running) created by main thread at:
    #0 pthread_create <null> (libclang_rt.tsan_osx_dynamic.dylib:arm64e+0x33bac)
    #1 std::__1::__libcpp_thread_create[abi:nqe220106](_opaque_pthread_t**, void* (*)(void*), void*) pthread.h:182 (occt_1157_stress:arm64+0x1000060dc)
    #2 std::__1::thread::thread[abi:nqe220106]<void (*&)(int, int), int&, int&, 0>(void (*&)(int, int), int&, int&) thread.h:221 (occt_1157_stress:arm64+0x1000060dc)
    #3 std::__1::thread::thread[abi:nqe220106]<void (*&)(int, int), int&, int&, 0>(void (*&)(int, int), int&, int&) thread.h:212 (occt_1157_stress:arm64+0x1000038c8)
    #4 void std::__1::allocator<std::__1::thread>::construct[abi:nqe220106]<std::__1::thread, void (*&)(int, int), int&, int&>(std::__1::thread*, void (*&)(int, int), int&, int&) allocator.h:141 (occt_1157_stress:arm64+0x1000038c8)
    #5 void std::__1::allocator_traits<std::__1::allocator<std::__1::thread>>::construct[abi:nqe220106]<std::__1::thread, void (*&)(int, int), int&, int&, 0>(std::__1::allocator<std::__1::thread>&, std::__1::thread*, void (*&)(int, int), int&, int&) allocator_traits.h:296 (occt_1157_stress:arm64+0x1000038c8)
    #6 void std::__1::vector<std::__1::thread, std::__1::allocator<std::__1::thread>>::__emplace_back_assume_capacity[abi:nqe220106]<void (*&)(int, int), int&, int&>(void (*&)(int, int), int&, int&) vector.h:483 (occt_1157_stress:arm64+0x1000038c8)
    #7 std::__1::thread& std::__1::vector<std::__1::thread, std::__1::allocator<std::__1::thread>>::emplace_back<void (*&)(int, int), int&, int&>(void (*&)(int, int), int&, int&)::'lambda'()::operator()() const vector.h:1146 (occt_1157_stress:arm64+0x1000038c8)
    #8 void std::__1::__if_likely_else[abi:nqe220106]<std::__1::thread& std::__1::vector<std::__1::thread, std::__1::allocator<std::__1::thread>>::emplace_back<void (*&)(int, int), int&, int&>(void (*&)(int, int), int&, int&)::'lambda'(), std::__1::thread& std::__1::vector<std::__1::thread, std::__1::allocator<std::__1::thread>>::emplace_back<void (*&)(int, int), int&, int&>(void (*&)(int, int), int&, int&)::'lambda0'()>(bool, std::__1::thread& std::__1::vector<std::__1::thread, std::__1::allocator<std::__1::thread>>::emplace_back<void (*&)(int, int), int&, int&>(void (*&)(int, int), int&, int&)::'lambda'(), std::__1::thread& std::__1::vector<std::__1::thread, std::__1::allocator<std::__1::thread>>::emplace_back<void (*&)(int, int), int&, int&>(void (*&)(int, int), int&, int&)::'lambda0'()) vector.h:1127 (occt_1157_stress:arm64+0x1000038c8)
    #9 std::__1::thread& std::__1::vector<std::__1::thread, std::__1::allocator<std::__1::thread>>::emplace_back<void (*&)(int, int), int&, int&>(void (*&)(int, int), int&, int&) vector.h:1143 (occt_1157_stress:arm64+0x1000038c8)
    #10 runOne(char const*, int, int) occt_1157_stress.cpp:359 (occt_1157_stress:arm64+0x1000038c8)
    #11 main occt_1157_stress.cpp:396 (occt_1157_stress:arm64+0x100002de4)

SUMMARY: ThreadSanitizer: data race IFSelect_WorkSession.cxx:2597 in IFSelect_WorkSession::SendAll(char const*, bool)
==================
==================
WARNING: ThreadSanitizer: data race (pid=70874)
  Read of size 8 at 0x00010c929540 by thread T4:
    #0 opencascade::handle<TCollection_HAsciiString>::EndScope() Standard_Handle.hxx:391 (occt_1157_stress:arm64+0x1000c0d04)
    #1 opencascade::handle<TCollection_HAsciiString>::~handle() Standard_Handle.hxx:88 (occt_1157_stress:arm64+0x1000c0d04)
    #2 opencascade::handle<TCollection_HAsciiString>::~handle() Standard_Handle.hxx:88 (occt_1157_stress:arm64+0x1000c0d04)
    #3 IGESData_GlobalSection::~IGESData_GlobalSection() IGESData_GlobalSection.hxx:39 (occt_1157_stress:arm64+0x1000c0d04)
    #4 IGESData_GlobalSection::~IGESData_GlobalSection() IGESData_GlobalSection.hxx:39 (occt_1157_stress:arm64+0x1000defec)
    #5 IGESData_IGESModel::~IGESData_IGESModel() IGESData_IGESModel.hxx:41 (occt_1157_stress:arm64+0x1000defec)
    #6 IGESData_IGESModel::~IGESData_IGESModel() IGESData_IGESModel.hxx:41 (occt_1157_stress:arm64+0x1000defec)
    #7 IGESData_IGESModel::~IGESData_IGESModel() IGESData_IGESModel.hxx:41 (occt_1157_stress:arm64+0x1000defec)
    #8 Standard_Transient::Delete() const Standard_Transient.hxx:134 (occt_1157_stress:arm64+0x10001dd70)
    #9 opencascade::handle<Interface_InterfaceModel>::EndScope() Standard_Handle.hxx:392 (occt_1157_stress:arm64+0x1002f0d28)
    #10 opencascade::handle<Interface_InterfaceModel>::Assign(Standard_Transient*) Standard_Handle.hxx:376 (occt_1157_stress:arm64+0x1002f0d28)
    #11 opencascade::handle<Interface_InterfaceModel>::operator=(opencascade::handle<Interface_InterfaceModel> const&) Standard_Handle.hxx:102 (occt_1157_stress:arm64+0x1002f0d28)
    #12 IGESToBRep_Actor::SetModel(opencascade::handle<Interface_InterfaceModel> const&) IGESToBRep_Actor.cxx:96 (occt_1157_stress:arm64+0x1002f0d28)
    #13 IGESControl_Controller::ActorRead(opencascade::handle<Interface_InterfaceModel> const&) const IGESControl_Controller.cxx:336 (occt_1157_stress:arm64+0x100380610)
    #14 XSControl_TransferReader::Actor() XSControl_TransferReader.cxx:71 (occt_1157_stress:arm64+0x1013e41f8)
    #15 XSControl_TransferReader::BeginTransfer() XSControl_TransferReader.cxx:937 (occt_1157_stress:arm64+0x1013e41f8)
    #16 XSControl_WorkSession::InitTransferReader(int) XSControl_WorkSession.cxx:376 (occt_1157_stress:arm64+0x1013f46b8)
    #17 XSControl_Reader::ReadFile(char const*) XSControl_Reader.cxx:109 (occt_1157_stress:arm64+0x1013d9dac)
    #18 runIgesReadIndependent(int, int) occt_1157_stress.cpp:192 (occt_1157_stress:arm64+0x1000025b0)
    #19 runMixedStepIgesIndependent(int, int) occt_1157_stress.cpp:227 (occt_1157_stress:arm64+0x1000028f0)
    #20 std::__1::__invoke_result_impl<void, void (*)(int, int), int, int>::type std::__1::__invoke[abi:nqe220106]<void (*)(int, int), int, int>(void (*&&)(int, int), int&&, int&&) invoke.h:90 (occt_1157_stress:arm64+0x100006214)
    #21 void std::__1::__thread_execute[abi:nqe220106]<std::__1::unique_ptr<std::__1::__thread_struct, std::__1::default_delete<std::__1::__thread_struct>>, void (*)(int, int), int, int, 0ul, 1ul, 2ul>(std::__1::tuple<std::__1::unique_ptr<std::__1::__thread_struct, std::__1::default_delete<std::__1::__thread_struct>>, void (*)(int, int), int, int>&, std::__1::__integer_sequence<unsigned long, 0ul, 1ul, 2ul>) thread.h:161 (occt_1157_stress:arm64+0x100006214)
    #22 void* std::__1::__thread_proxy[abi:nqe220106]<std::__1::tuple<std::__1::unique_ptr<std::__1::__thread_struct, std::__1::default_delete<std::__1::__thread_struct>>, void (*)(int, int), int, int>>(void*) thread.h:169 (occt_1157_stress:arm64+0x100006214)

  Previous write of size 8 at 0x00010c929540 by thread T8:
    #0 opencascade::handle<TCollection_HAsciiString>::Assign(Standard_Transient*) Standard_Handle.hxx:377 (occt_1157_stress:arm64+0x1000da6a4)
    #1 opencascade::handle<TCollection_HAsciiString>::operator=(opencascade::handle<TCollection_HAsciiString> const&) Standard_Handle.hxx:102 (occt_1157_stress:arm64+0x1000da6a4)
    #2 IGESData_GlobalSection::operator=(IGESData_GlobalSection const&) IGESData_GlobalSection.hxx:39 (occt_1157_stress:arm64+0x1000da6a4)
    #3 IGESData_IGESModel::ClearHeader() IGESData_IGESModel.cxx:54 (occt_1157_stress:arm64+0x1000da0d4)
    #4 Interface_InterfaceModel::Clear() Interface_InterfaceModel.cxx:118 (occt_1157_stress:arm64+0x101325264)
    #5 IFSelect_WorkSession::ClearData(int) IFSelect_WorkSession.cxx:407 (occt_1157_stress:arm64+0x1013b18e8)
    #6 XSControl_WorkSession::ClearData(int) XSControl_WorkSession.cxx:64 (occt_1157_stress:arm64+0x1013f310c)
    #7 XSControl_WorkSession::ClearBinders() XSControl_WorkSession.cxx:607 (occt_1157_stress:arm64+0x1013f5ee8)
    #8 XSControl_WorkSession::~XSControl_WorkSession() XSControl_WorkSession.hxx:51 (occt_1157_stress:arm64+0x1013f6780)
    #9 XSControl_WorkSession::~XSControl_WorkSession() XSControl_WorkSession.hxx:51 (occt_1157_stress:arm64+0x1013f64ec)
    #10 XSControl_WorkSession::~XSControl_WorkSession() XSControl_WorkSession.hxx:51 (occt_1157_stress:arm64+0x1013f64ec)
    #11 Standard_Transient::Delete() const Standard_Transient.hxx:134 (occt_1157_stress:arm64+0x10001dd70)
    #12 opencascade::handle<XSControl_WorkSession>::EndScope() Standard_Handle.hxx:392 (occt_1157_stress:arm64+0x100004930)
    #13 opencascade::handle<XSControl_WorkSession>::~handle() Standard_Handle.hxx:88 (occt_1157_stress:arm64+0x100004930)
    #14 opencascade::handle<XSControl_WorkSession>::~handle() Standard_Handle.hxx:88 (occt_1157_stress:arm64+0x100004930)
    #15 XSControl_Reader::~XSControl_Reader() XSControl_Reader.hxx:93 (occt_1157_stress:arm64+0x100004930)
    #16 IGESControl_Reader::~IGESControl_Reader() IGESControl_Reader.hxx:65 (occt_1157_stress:arm64+0x100002560)
    #17 IGESControl_Reader::~IGESControl_Reader() IGESControl_Reader.hxx:65 (occt_1157_stress:arm64+0x100002560)
    #18 runIgesReadIndependent(int, int) occt_1157_stress.cpp:212 (occt_1157_stress:arm64+0x100002560)
    #19 runMixedStepIgesIndependent(int, int) occt_1157_stress.cpp:227 (occt_1157_stress:arm64+0x1000028f0)
    #20 std::__1::__invoke_result_impl<void, void (*)(int, int), int, int>::type std::__1::__invoke[abi:nqe220106]<void (*)(int, int), int, int>(void (*&&)(int, int), int&&, int&&) invoke.h:90 (occt_1157_stress:arm64+0x100006214)
    #21 void std::__1::__thread_execute[abi:nqe220106]<std::__1::unique_ptr<std::__1::__thread_struct, std::__1::default_delete<std::__1::__thread_struct>>, void (*)(int, int), int, int, 0ul, 1ul, 2ul>(std::__1::tuple<std::__1::unique_ptr<std::__1::__thread_struct, std::__1::default_delete<std::__1::__thread_struct>>, void (*)(int, int), int, int>&, std::__1::__integer_sequence<unsigned long, 0ul, 1ul, 2ul>) thread.h:161 (occt_1157_stress:arm64+0x100006214)
    #22 void* std::__1::__thread_proxy[abi:nqe220106]<std::__1::tuple<std::__1::unique_ptr<std::__1::__thread_struct, std::__1::default_delete<std::__1::__thread_struct>>, void (*)(int, int), int, int>>(void*) thread.h:169 (occt_1157_stress:arm64+0x100006214)

  Location is heap block of size 424 at 0x00010c9293c0 allocated by thread T8:
    #0 calloc <null> (libclang_rt.tsan_osx_dynamic.dylib:arm64e+0x67ff4)
    #1 Standard::Allocate(unsigned long) Standard.cxx:386 (occt_1157_stress:arm64+0x1008bee84)
    #2 Standard_Transient::operator new(unsigned long) Standard_Transient.hxx:47 (occt_1157_stress:arm64+0x1002ec1c4)
    #3 IGESSelect_WorkLibrary::ReadFile(char const*, opencascade::handle<Interface_InterfaceModel>&, opencascade::handle<Interface_Protocol> const&) const IGESSelect_WorkLibrary.cxx:78 (occt_1157_stress:arm64+0x1002ec1c4)
    #4 IFSelect_WorkSession::ReadFile(char const*) IFSelect_WorkSession.cxx:187 (occt_1157_stress:arm64+0x1013b0a20)
    #5 XSControl_Reader::ReadFile(char const*) XSControl_Reader.cxx:108 (occt_1157_stress:arm64+0x1013d9d94)
    #6 runIgesReadIndependent(int, int) occt_1157_stress.cpp:192 (occt_1157_stress:arm64+0x1000025b0)
    #7 runMixedStepIgesIndependent(int, int) occt_1157_stress.cpp:227 (occt_1157_stress:arm64+0x1000028f0)
    #8 std::__1::__invoke_result_impl<void, void (*)(int, int), int, int>::type std::__1::__invoke[abi:nqe220106]<void (*)(int, int), int, int>(void (*&&)(int, int), int&&, int&&) invoke.h:90 (occt_1157_stress:arm64+0x100006214)
    #9 void std::__1::__thread_execute[abi:nqe220106]<std::__1::unique_ptr<std::__1::__thread_struct, std::__1::default_delete<std::__1::__thread_struct>>, void (*)(int, int), int, int, 0ul, 1ul, 2ul>(std::__1::tuple<std::__1::unique_ptr<std::__1::__thread_struct, std::__1::default_delete<std::__1::__thread_struct>>, void (*)(int, int), int, int>&, std::__1::__integer_sequence<unsigned long, 0ul, 1ul, 2ul>) thread.h:161 (occt_1157_stress:arm64+0x100006214)
    #10 void* std::__1::__thread_proxy[abi:nqe220106]<std::__1::tuple<std::__1::unique_ptr<std::__1::__thread_struct, std::__1::default_delete<std::__1::__thread_struct>>, void (*)(int, int), int, int>>(void*) thread.h:169 (occt_1157_stress:arm64+0x100006214)

  Thread T4 (tid=14910708, running) created by main thread at:
    #0 pthread_create <null> (libclang_rt.tsan_osx_dynamic.dylib:arm64e+0x33bac)
    #1 std::__1::__libcpp_thread_create[abi:nqe220106](_opaque_pthread_t**, void* (*)(void*), void*) pthread.h:182 (occt_1157_stress:arm64+0x1000060dc)
    #2 std::__1::thread::thread[abi:nqe220106]<void (*&)(int, int), int&, int&, 0>(void (*&)(int, int), int&, int&) thread.h:221 (occt_1157_stress:arm64+0x1000060dc)
    #3 std::__1::thread::thread[abi:nqe220106]<void (*&)(int, int), int&, int&, 0>(void (*&)(int, int), int&, int&) thread.h:212 (occt_1157_stress:arm64+0x1000038c8)
    #4 void std::__1::allocator<std::__1::thread>::construct[abi:nqe220106]<std::__1::thread, void (*&)(int, int), int&, int&>(std::__1::thread*, void (*&)(int, int), int&, int&) allocator.h:141 (occt_1157_stress:arm64+0x1000038c8)
    #5 void std::__1::allocator_traits<std::__1::allocator<std::__1::thread>>::construct[abi:nqe220106]<std::__1::thread, void (*&)(int, int), int&, int&, 0>(std::__1::allocator<std::__1::thread>&, std::__1::thread*, void (*&)(int, int), int&, int&) allocator_traits.h:296 (occt_1157_stress:arm64+0x1000038c8)
    #6 void std::__1::vector<std::__1::thread, std::__1::allocator<std::__1::thread>>::__emplace_back_assume_capacity[abi:nqe220106]<void (*&)(int, int), int&, int&>(void (*&)(int, int), int&, int&) vector.h:483 (occt_1157_stress:arm64+0x1000038c8)
    #7 std::__1::thread& std::__1::vector<std::__1::thread, std::__1::allocator<std::__1::thread>>::emplace_back<void (*&)(int, int), int&, int&>(void (*&)(int, int), int&, int&)::'lambda'()::operator()() const vector.h:1146 (occt_1157_stress:arm64+0x1000038c8)
    #8 void std::__1::__if_likely_else[abi:nqe220106]<std::__1::thread& std::__1::vector<std::__1::thread, std::__1::allocator<std::__1::thread>>::emplace_back<void (*&)(int, int), int&, int&>(void (*&)(int, int), int&, int&)::'lambda'(), std::__1::thread& std::__1::vector<std::__1::thread, std::__1::allocator<std::__1::thread>>::emplace_back<void (*&)(int, int), int&, int&>(void (*&)(int, int), int&, int&)::'lambda0'()>(bool, std::__1::thread& std::__1::vector<std::__1::thread, std::__1::allocator<std::__1::thread>>::emplace_back<void (*&)(int, int), int&, int&>(void (*&)(int, int), int&, int&)::'lambda'(), std::__1::thread& std::__1::vector<std::__1::thread, std::__1::allocator<std::__1::thread>>::emplace_back<void (*&)(int, int), int&, int&>(void (*&)(int, int), int&, int&)::'lambda0'()) vector.h:1127 (occt_1157_stress:arm64+0x1000038c8)
    #9 std::__1::thread& std::__1::vector<std::__1::thread, std::__1::allocator<std::__1::thread>>::emplace_back<void (*&)(int, int), int&, int&>(void (*&)(int, int), int&, int&) vector.h:1143 (occt_1157_stress:arm64+0x1000038c8)
    #10 runOne(char const*, int, int) occt_1157_stress.cpp:359 (occt_1157_stress:arm64+0x1000038c8)
    #11 main occt_1157_stress.cpp:396 (occt_1157_stress:arm64+0x100002de4)

  Thread T8 (tid=14910712, running) created by main thread at:
    #0 pthread_create <null> (libclang_rt.tsan_osx_dynamic.dylib:arm64e+0x33bac)
    #1 std::__1::__libcpp_thread_create[abi:nqe220106](_opaque_pthread_t**, void* (*)(void*), void*) pthread.h:182 (occt_1157_stress:arm64+0x1000060dc)
    #2 std::__1::thread::thread[abi:nqe220106]<void (*&)(int, int), int&, int&, 0>(void (*&)(int, int), int&, int&) thread.h:221 (occt_1157_stress:arm64+0x1000060dc)
    #3 std::__1::thread::thread[abi:nqe220106]<void (*&)(int, int), int&, int&, 0>(void (*&)(int, int), int&, int&) thread.h:212 (occt_1157_stress:arm64+0x1000038c8)
    #4 void std::__1::allocator<std::__1::thread>::construct[abi:nqe220106]<std::__1::thread, void (*&)(int, int), int&, int&>(std::__1::thread*, void (*&)(int, int), int&, int&) allocator.h:141 (occt_1157_stress:arm64+0x1000038c8)
    #5 void std::__1::allocator_traits<std::__1::allocator<std::__1::thread>>::construct[abi:nqe220106]<std::__1::thread, void (*&)(int, int), int&, int&, 0>(std::__1::allocator<std::__1::thread>&, std::__1::thread*, void (*&)(int, int), int&, int&) allocator_traits.h:296 (occt_1157_stress:arm64+0x1000038c8)
    #6 void std::__1::vector<std::__1::thread, std::__1::allocator<std::__1::thread>>::__emplace_back_assume_capacity[abi:nqe220106]<void (*&)(int, int), int&, int&>(void (*&)(int, int), int&, int&) vector.h:483 (occt_1157_stress:arm64+0x1000038c8)
    #7 std::__1::thread& std::__1::vector<std::__1::thread, std::__1::allocator<std::__1::thread>>::emplace_back<void (*&)(int, int), int&, int&>(void (*&)(int, int), int&, int&)::'lambda'()::operator()() const vector.h:1146 (occt_1157_stress:arm64+0x1000038c8)
    #8 void std::__1::__if_likely_else[abi:nqe220106]<std::__1::thread& std::__1::vector<std::__1::thread, std::__1::allocator<std::__1::thread>>::emplace_back<void (*&)(int, int), int&, int&>(void (*&)(int, int), int&, int&)::'lambda'(), std::__1::thread& std::__1::vector<std::__1::thread, std::__1::allocator<std::__1::thread>>::emplace_back<void (*&)(int, int), int&, int&>(void (*&)(int, int), int&, int&)::'lambda0'()>(bool, std::__1::thread& std::__1::vector<std::__1::thread, std::__1::allocator<std::__1::thread>>::emplace_back<void (*&)(int, int), int&, int&>(void (*&)(int, int), int&, int&)::'lambda'(), std::__1::thread& std::__1::vector<std::__1::thread, std::__1::allocator<std::__1::thread>>::emplace_back<void (*&)(int, int), int&, int&>(void (*&)(int, int), int&, int&)::'lambda0'()) vector.h:1127 (occt_1157_stress:arm64+0x1000038c8)
    #9 std::__1::thread& std::__1::vector<std::__1::thread, std::__1::allocator<std::__1::thread>>::emplace_back<void (*&)(int, int), int&, int&>(void (*&)(int, int), int&, int&) vector.h:1143 (occt_1157_stress:arm64+0x1000038c8)
    #10 runOne(char const*, int, int) occt_1157_stress.cpp:359 (occt_1157_stress:arm64+0x1000038c8)
    #11 main occt_1157_stress.cpp:396 (occt_1157_stress:arm64+0x100002de4)

SUMMARY: ThreadSanitizer: data race Standard_Handle.hxx:391 in opencascade::handle<TCollection_HAsciiString>::EndScope()
==================
==================
WARNING: ThreadSanitizer: data race (pid=70874)
  Write of size 1 at 0x00010280fca8 by thread T1:
    #0 IFSelect_WorkSession::SendAll(char const*, bool) IFSelect_WorkSession.cxx:2597 (occt_1157_stress:arm64+0x1013bf6dc)
    #1 STEPControl_Writer::Write(char const*) STEPControl_Writer.cxx:173 (occt_1157_stress:arm64+0x10054e630)
    #2 runStepWriteIndependent(int, int) occt_1157_stress.cpp:97 (occt_1157_stress:arm64+0x100000f90)
    #3 runMixedStepIgesIndependent(int, int) occt_1157_stress.cpp:224 (occt_1157_stress:arm64+0x1000028c0)
    #4 std::__1::__invoke_result_impl<void, void (*)(int, int), int, int>::type std::__1::__invoke[abi:nqe220106]<void (*)(int, int), int, int>(void (*&&)(int, int), int&&, int&&) invoke.h:90 (occt_1157_stress:arm64+0x100006214)
    #5 void std::__1::__thread_execute[abi:nqe220106]<std::__1::unique_ptr<std::__1::__thread_struct, std::__1::default_delete<std::__1::__thread_struct>>, void (*)(int, int), int, int, 0ul, 1ul, 2ul>(std::__1::tuple<std::__1::unique_ptr<std::__1::__thread_struct, std::__1::default_delete<std::__1::__thread_struct>>, void (*)(int, int), int, int>&, std::__1::__integer_sequence<unsigned long, 0ul, 1ul, 2ul>) thread.h:161 (occt_1157_stress:arm64+0x100006214)
    #6 void* std::__1::__thread_proxy[abi:nqe220106]<std::__1::tuple<std::__1::unique_ptr<std::__1::__thread_struct, std::__1::default_delete<std::__1::__thread_struct>>, void (*)(int, int), int, int>>(void*) thread.h:169 (occt_1157_stress:arm64+0x100006214)

  Previous write of size 1 at 0x00010280fca8 by thread T5:
    #0 IFSelect_WorkSession::IFSelect_WorkSession() IFSelect_WorkSession.cxx:86 (occt_1157_stress:arm64+0x1013afad4)
    #1 XSControl_WorkSession::XSControl_WorkSession() XSControl_WorkSession.cxx:50 (occt_1157_stress:arm64+0x1013f2d64)
    #2 XSControl_WorkSession::XSControl_WorkSession() XSControl_WorkSession.cxx:54 (occt_1157_stress:arm64+0x1013f30b0)
    #3 STEPControl_Writer::STEPControl_Writer() STEPControl_Writer.cxx:39 (occt_1157_stress:arm64+0x10054d2ec)
    #4 STEPControl_Writer::STEPControl_Writer() STEPControl_Writer.cxx:37 (occt_1157_stress:arm64+0x10054d558)
    #5 runStepWriteIndependent(int, int) occt_1157_stress.cpp:85 (occt_1157_stress:arm64+0x100000ad4)
    #6 runMixedStepIgesIndependent(int, int) occt_1157_stress.cpp:224 (occt_1157_stress:arm64+0x1000028c0)
    #7 std::__1::__invoke_result_impl<void, void (*)(int, int), int, int>::type std::__1::__invoke[abi:nqe220106]<void (*)(int, int), int, int>(void (*&&)(int, int), int&&, int&&) invoke.h:90 (occt_1157_stress:arm64+0x100006214)
    #8 void std::__1::__thread_execute[abi:nqe220106]<std::__1::unique_ptr<std::__1::__thread_struct, std::__1::default_delete<std::__1::__thread_struct>>, void (*)(int, int), int, int, 0ul, 1ul, 2ul>(std::__1::tuple<std::__1::unique_ptr<std::__1::__thread_struct, std::__1::default_delete<std::__1::__thread_struct>>, void (*)(int, int), int, int>&, std::__1::__integer_sequence<unsigned long, 0ul, 1ul, 2ul>) thread.h:161 (occt_1157_stress:arm64+0x100006214)
    #9 void* std::__1::__thread_proxy[abi:nqe220106]<std::__1::tuple<std::__1::unique_ptr<std::__1::__thread_struct, std::__1::default_delete<std::__1::__thread_struct>>, void (*)(int, int), int, int>>(void*) thread.h:169 (occt_1157_stress:arm64+0x100006214)

  Location is global 'errhand' at 0x00010280fca8 (occt_1157_stress+0x101cb3ca8)

  Thread T1 (tid=14910705, running) created by main thread at:
    #0 pthread_create <null> (libclang_rt.tsan_osx_dynamic.dylib:arm64e+0x33bac)
    #1 std::__1::__libcpp_thread_create[abi:nqe220106](_opaque_pthread_t**, void* (*)(void*), void*) pthread.h:182 (occt_1157_stress:arm64+0x1000060dc)
    #2 std::__1::thread::thread[abi:nqe220106]<void (*&)(int, int), int&, int&, 0>(void (*&)(int, int), int&, int&) thread.h:221 (occt_1157_stress:arm64+0x1000060dc)
    #3 std::__1::thread::thread[abi:nqe220106]<void (*&)(int, int), int&, int&, 0>(void (*&)(int, int), int&, int&) thread.h:212 (occt_1157_stress:arm64+0x10000645c)
    #4 void std::__1::allocator<std::__1::thread>::construct[abi:nqe220106]<std::__1::thread, void (*&)(int, int), int&, int&>(std::__1::thread*, void (*&)(int, int), int&, int&) allocator.h:141 (occt_1157_stress:arm64+0x10000645c)
    #5 void std::__1::allocator_traits<std::__1::allocator<std::__1::thread>>::construct[abi:nqe220106]<std::__1::thread, void (*&)(int, int), int&, int&, 0>(std::__1::allocator<std::__1::thread>&, std::__1::thread*, void (*&)(int, int), int&, int&) allocator_traits.h:296 (occt_1157_stress:arm64+0x10000645c)
    #6 std::__1::thread* std::__1::vector<std::__1::thread, std::__1::allocator<std::__1::thread>>::__emplace_back_slow_path<void (*&)(int, int), int&, int&>(void (*&)(int, int), int&, int&) vector.h:1109 (occt_1157_stress:arm64+0x10000645c)
    #7 std::__1::thread& std::__1::vector<std::__1::thread, std::__1::allocator<std::__1::thread>>::emplace_back<void (*&)(int, int), int&, int&>(void (*&)(int, int), int&, int&)::'lambda0'()::operator()() const vector.h:1149 (occt_1157_stress:arm64+0x100003918)
    #8 void std::__1::__if_likely_else[abi:nqe220106]<std::__1::thread& std::__1::vector<std::__1::thread, std::__1::allocator<std::__1::thread>>::emplace_back<void (*&)(int, int), int&, int&>(void (*&)(int, int), int&, int&)::'lambda'(), std::__1::thread& std::__1::vector<std::__1::thread, std::__1::allocator<std::__1::thread>>::emplace_back<void (*&)(int, int), int&, int&>(void (*&)(int, int), int&, int&)::'lambda0'()>(bool, std::__1::thread& std::__1::vector<std::__1::thread, std::__1::allocator<std::__1::thread>>::emplace_back<void (*&)(int, int), int&, int&>(void (*&)(int, int), int&, int&)::'lambda'(), std::__1::thread& std::__1::vector<std::__1::thread, std::__1::allocator<std::__1::thread>>::emplace_back<void (*&)(int, int), int&, int&>(void (*&)(int, int), int&, int&)::'lambda0'()) vector.h:1129 (occt_1157_stress:arm64+0x100003918)
    #9 std::__1::thread& std::__1::vector<std::__1::thread, std::__1::allocator<std::__1::thread>>::emplace_back<void (*&)(int, int), int&, int&>(void (*&)(int, int), int&, int&) vector.h:1143 (occt_1157_stress:arm64+0x100003918)
    #10 runOne(char const*, int, int) occt_1157_stress.cpp:359 (occt_1157_stress:arm64+0x100003918)
    #11 main occt_1157_stress.cpp:396 (occt_1157_stress:arm64+0x100002de4)

  Thread T5 (tid=14910709, running) created by main thread at:
    #0 pthread_create <null> (libclang_rt.tsan_osx_dynamic.dylib:arm64e+0x33bac)
    #1 std::__1::__libcpp_thread_create[abi:nqe220106](_opaque_pthread_t**, void* (*)(void*), void*) pthread.h:182 (occt_1157_stress:arm64+0x1000060dc)
    #2 std::__1::thread::thread[abi:nqe220106]<void (*&)(int, int), int&, int&, 0>(void (*&)(int, int), int&, int&) thread.h:221 (occt_1157_stress:arm64+0x1000060dc)
    #3 std::__1::thread::thread[abi:nqe220106]<void (*&)(int, int), int&, int&, 0>(void (*&)(int, int), int&, int&) thread.h:212 (occt_1157_stress:arm64+0x10000645c)
    #4 void std::__1::allocator<std::__1::thread>::construct[abi:nqe220106]<std::__1::thread, void (*&)(int, int), int&, int&>(std::__1::thread*, void (*&)(int, int), int&, int&) allocator.h:141 (occt_1157_stress:arm64+0x10000645c)
    #5 void std::__1::allocator_traits<std::__1::allocator<std::__1::thread>>::construct[abi:nqe220106]<std::__1::thread, void (*&)(int, int), int&, int&, 0>(std::__1::allocator<std::__1::thread>&, std::__1::thread*, void (*&)(int, int), int&, int&) allocator_traits.h:296 (occt_1157_stress:arm64+0x10000645c)
    #6 std::__1::thread* std::__1::vector<std::__1::thread, std::__1::allocator<std::__1::thread>>::__emplace_back_slow_path<void (*&)(int, int), int&, int&>(void (*&)(int, int), int&, int&) vector.h:1109 (occt_1157_stress:arm64+0x10000645c)
    #7 std::__1::thread& std::__1::vector<std::__1::thread, std::__1::allocator<std::__1::thread>>::emplace_back<void (*&)(int, int), int&, int&>(void (*&)(int, int), int&, int&)::'lambda0'()::operator()() const vector.h:1149 (occt_1157_stress:arm64+0x100003918)
    #8 void std::__1::__if_likely_else[abi:nqe220106]<std::__1::thread& std::__1::vector<std::__1::thread, std::__1::allocator<std::__1::thread>>::emplace_back<void (*&)(int, int), int&, int&>(void (*&)(int, int), int&, int&)::'lambda'(), std::__1::thread& std::__1::vector<std::__1::thread, std::__1::allocator<std::__1::thread>>::emplace_back<void (*&)(int, int), int&, int&>(void (*&)(int, int), int&, int&)::'lambda0'()>(bool, std::__1::thread& std::__1::vector<std::__1::thread, std::__1::allocator<std::__1::thread>>::emplace_back<void (*&)(int, int), int&, int&>(void (*&)(int, int), int&, int&)::'lambda'(), std::__1::thread& std::__1::vector<std::__1::thread, std::__1::allocator<std::__1::thread>>::emplace_back<void (*&)(int, int), int&, int&>(void (*&)(int, int), int&, int&)::'lambda0'()) vector.h:1129 (occt_1157_stress:arm64+0x100003918)
    #9 std::__1::thread& std::__1::vector<std::__1::thread, std::__1::allocator<std::__1::thread>>::emplace_back<void (*&)(int, int), int&, int&>(void (*&)(int, int), int&, int&) vector.h:1143 (occt_1157_stress:arm64+0x100003918)
    #10 runOne(char const*, int, int) occt_1157_stress.cpp:359 (occt_1157_stress:arm64+0x100003918)
    #11 main occt_1157_stress.cpp:396 (occt_1157_stress:arm64+0x100002de4)

SUMMARY: ThreadSanitizer: data race IFSelect_WorkSession.cxx:2597 in IFSelect_WorkSession::SendAll(char const*, bool)
==================
==================
WARNING: ThreadSanitizer: data race (pid=70874)
  Read of size 8 at 0x00010c929520 by thread T4:
    #0 opencascade::handle<TCollection_HAsciiString>::EndScope() Standard_Handle.hxx:391 (occt_1157_stress:arm64+0x1000c0d64)
    #1 opencascade::handle<TCollection_HAsciiString>::~handle() Standard_Handle.hxx:88 (occt_1157_stress:arm64+0x1000c0d64)
    #2 opencascade::handle<TCollection_HAsciiString>::~handle() Standard_Handle.hxx:88 (occt_1157_stress:arm64+0x1000c0d64)
    #3 IGESData_GlobalSection::~IGESData_GlobalSection() IGESData_GlobalSection.hxx:39 (occt_1157_stress:arm64+0x1000c0d64)
    #4 IGESData_GlobalSection::~IGESData_GlobalSection() IGESData_GlobalSection.hxx:39 (occt_1157_stress:arm64+0x1000defec)
    #5 IGESData_IGESModel::~IGESData_IGESModel() IGESData_IGESModel.hxx:41 (occt_1157_stress:arm64+0x1000defec)
    #6 IGESData_IGESModel::~IGESData_IGESModel() IGESData_IGESModel.hxx:41 (occt_1157_stress:arm64+0x1000defec)
    #7 IGESData_IGESModel::~IGESData_IGESModel() IGESData_IGESModel.hxx:41 (occt_1157_stress:arm64+0x1000defec)
    #8 Standard_Transient::Delete() const Standard_Transient.hxx:134 (occt_1157_stress:arm64+0x10001dd70)
    #9 opencascade::handle<Interface_InterfaceModel>::EndScope() Standard_Handle.hxx:392 (occt_1157_stress:arm64+0x1002f0d28)
    #10 opencascade::handle<Interface_InterfaceModel>::Assign(Standard_Transient*) Standard_Handle.hxx:376 (occt_1157_stress:arm64+0x1002f0d28)
    #11 opencascade::handle<Interface_InterfaceModel>::operator=(opencascade::handle<Interface_InterfaceModel> const&) Standard_Handle.hxx:102 (occt_1157_stress:arm64+0x1002f0d28)
    #12 IGESToBRep_Actor::SetModel(opencascade::handle<Interface_InterfaceModel> const&) IGESToBRep_Actor.cxx:96 (occt_1157_stress:arm64+0x1002f0d28)
    #13 IGESControl_Controller::ActorRead(opencascade::handle<Interface_InterfaceModel> const&) const IGESControl_Controller.cxx:336 (occt_1157_stress:arm64+0x100380610)
    #14 XSControl_TransferReader::Actor() XSControl_TransferReader.cxx:71 (occt_1157_stress:arm64+0x1013e41f8)
    #15 XSControl_TransferReader::BeginTransfer() XSControl_TransferReader.cxx:937 (occt_1157_stress:arm64+0x1013e41f8)
    #16 XSControl_WorkSession::InitTransferReader(int) XSControl_WorkSession.cxx:376 (occt_1157_stress:arm64+0x1013f46b8)
    #17 XSControl_Reader::ReadFile(char const*) XSControl_Reader.cxx:109 (occt_1157_stress:arm64+0x1013d9dac)
    #18 runIgesReadIndependent(int, int) occt_1157_stress.cpp:192 (occt_1157_stress:arm64+0x1000025b0)
    #19 runMixedStepIgesIndependent(int, int) occt_1157_stress.cpp:227 (occt_1157_stress:arm64+0x1000028f0)
    #20 std::__1::__invoke_result_impl<void, void (*)(int, int), int, int>::type std::__1::__invoke[abi:nqe220106]<void (*)(int, int), int, int>(void (*&&)(int, int), int&&, int&&) invoke.h:90 (occt_1157_stress:arm64+0x100006214)
    #21 void std::__1::__thread_execute[abi:nqe220106]<std::__1::unique_ptr<std::__1::__thread_struct, std::__1::default_delete<std::__1::__thread_struct>>, void (*)(int, int), int, int, 0ul, 1ul, 2ul>(std::__1::tuple<std::__1::unique_ptr<std::__1::__thread_struct, std::__1::default_delete<std::__1::__thread_struct>>, void (*)(int, int), int, int>&, std::__1::__integer_sequence<unsigned long, 0ul, 1ul, 2ul>) thread.h:161 (occt_1157_stress:arm64+0x100006214)
    #22 void* std::__1::__thread_proxy[abi:nqe220106]<std::__1::tuple<std::__1::unique_ptr<std::__1::__thread_struct, std::__1::default_delete<std::__1::__thread_struct>>, void (*)(int, int), int, int>>(void*) thread.h:169 (occt_1157_stress:arm64+0x100006214)

  Previous write of size 8 at 0x00010c929520 by thread T8:
    #0 opencascade::handle<TCollection_HAsciiString>::Assign(Standard_Transient*) Standard_Handle.hxx:377 (occt_1157_stress:arm64+0x1000da60c)
    #1 opencascade::handle<TCollection_HAsciiString>::operator=(opencascade::handle<TCollection_HAsciiString> const&) Standard_Handle.hxx:102 (occt_1157_stress:arm64+0x1000da60c)
    #2 IGESData_GlobalSection::operator=(IGESData_GlobalSection const&) IGESData_GlobalSection.hxx:39 (occt_1157_stress:arm64+0x1000da60c)
    #3 IGESData_IGESModel::ClearHeader() IGESData_IGESModel.cxx:54 (occt_1157_stress:arm64+0x1000da0d4)
    #4 Interface_InterfaceModel::Clear() Interface_InterfaceModel.cxx:118 (occt_1157_stress:arm64+0x101325264)
    #5 IFSelect_WorkSession::ClearData(int) IFSelect_WorkSession.cxx:407 (occt_1157_stress:arm64+0x1013b18e8)
    #6 XSControl_WorkSession::ClearData(int) XSControl_WorkSession.cxx:64 (occt_1157_stress:arm64+0x1013f310c)
    #7 XSControl_WorkSession::ClearBinders() XSControl_WorkSession.cxx:607 (occt_1157_stress:arm64+0x1013f5ee8)
    #8 XSControl_WorkSession::~XSControl_WorkSession() XSControl_WorkSession.hxx:51 (occt_1157_stress:arm64+0x1013f6780)
    #9 XSControl_WorkSession::~XSControl_WorkSession() XSControl_WorkSession.hxx:51 (occt_1157_stress:arm64+0x1013f64ec)
    #10 XSControl_WorkSession::~XSControl_WorkSession() XSControl_WorkSession.hxx:51 (occt_1157_stress:arm64+0x1013f64ec)
    #11 Standard_Transient::Delete() const Standard_Transient.hxx:134 (occt_1157_stress:arm64+0x10001dd70)
    #12 opencascade::handle<XSControl_WorkSession>::EndScope() Standard_Handle.hxx:392 (occt_1157_stress:arm64+0x100004930)
    #13 opencascade::handle<XSControl_WorkSession>::~handle() Standard_Handle.hxx:88 (occt_1157_stress:arm64+0x100004930)
    #14 opencascade::handle<XSControl_WorkSession>::~handle() Standard_Handle.hxx:88 (occt_1157_stress:arm64+0x100004930)
    #15 XSControl_Reader::~XSControl_Reader() XSControl_Reader.hxx:93 (occt_1157_stress:arm64+0x100004930)
    #16 IGESControl_Reader::~IGESControl_Reader() IGESControl_Reader.hxx:65 (occt_1157_stress:arm64+0x100002560)
    #17 IGESControl_Reader::~IGESControl_Reader() IGESControl_Reader.hxx:65 (occt_1157_stress:arm64+0x100002560)
    #18 runIgesReadIndependent(int, int) occt_1157_stress.cpp:212 (occt_1157_stress:arm64+0x100002560)
    #19 runMixedStepIgesIndependent(int, int) occt_1157_stress.cpp:227 (occt_1157_stress:arm64+0x1000028f0)
    #20 std::__1::__invoke_result_impl<void, void (*)(int, int), int, int>::type std::__1::__invoke[abi:nqe220106]<void (*)(int, int), int, int>(void (*&&)(int, int), int&&, int&&) invoke.h:90 (occt_1157_stress:arm64+0x100006214)
    #21 void std::__1::__thread_execute[abi:nqe220106]<std::__1::unique_ptr<std::__1::__thread_struct, std::__1::default_delete<std::__1::__thread_struct>>, void (*)(int, int), int, int, 0ul, 1ul, 2ul>(std::__1::tuple<std::__1::unique_ptr<std::__1::__thread_struct, std::__1::default_delete<std::__1::__thread_struct>>, void (*)(int, int), int, int>&, std::__1::__integer_sequence<unsigned long, 0ul, 1ul, 2ul>) thread.h:161 (occt_1157_stress:arm64+0x100006214)
    #22 void* std::__1::__thread_proxy[abi:nqe220106]<std::__1::tuple<std::__1::unique_ptr<std::__1::__thread_struct, std::__1::default_delete<std::__1::__thread_struct>>, void (*)(int, int), int, int>>(void*) thread.h:169 (occt_1157_stress:arm64+0x100006214)

  Location is heap block of size 424 at 0x00010c9293c0 allocated by thread T8:
    #0 calloc <null> (libclang_rt.tsan_osx_dynamic.dylib:arm64e+0x67ff4)
    #1 Standard::Allocate(unsigned long) Standard.cxx:386 (occt_1157_stress:arm64+0x1008bee84)
    #2 Standard_Transient::operator new(unsigned long) Standard_Transient.hxx:47 (occt_1157_stress:arm64+0x1002ec1c4)
    #3 IGESSelect_WorkLibrary::ReadFile(char const*, opencascade::handle<Interface_InterfaceModel>&, opencascade::handle<Interface_Protocol> const&) const IGESSelect_WorkLibrary.cxx:78 (occt_1157_stress:arm64+0x1002ec1c4)
    #4 IFSelect_WorkSession::ReadFile(char const*) IFSelect_WorkSession.cxx:187 (occt_1157_stress:arm64+0x1013b0a20)
    #5 XSControl_Reader::ReadFile(char const*) XSControl_Reader.cxx:108 (occt_1157_stress:arm64+0x1013d9d94)
    #6 runIgesReadIndependent(int, int) occt_1157_stress.cpp:192 (occt_1157_stress:arm64+0x1000025b0)
    #7 runMixedStepIgesIndependent(int, int) occt_1157_stress.cpp:227 (occt_1157_stress:arm64+0x1000028f0)
    #8 std::__1::__invoke_result_impl<void, void (*)(int, int), int, int>::type std::__1::__invoke[abi:nqe220106]<void (*)(int, int), int, int>(void (*&&)(int, int), int&&, int&&) invoke.h:90 (occt_1157_stress:arm64+0x100006214)
    #9 void std::__1::__thread_execute[abi:nqe220106]<std::__1::unique_ptr<std::__1::__thread_struct, std::__1::default_delete<std::__1::__thread_struct>>, void (*)(int, int), int, int, 0ul, 1ul, 2ul>(std::__1::tuple<std::__1::unique_ptr<std::__1::__thread_struct, std::__1::default_delete<std::__1::__thread_struct>>, void (*)(int, int), int, int>&, std::__1::__integer_sequence<unsigned long, 0ul, 1ul, 2ul>) thread.h:161 (occt_1157_stress:arm64+0x100006214)
    #10 void* std::__1::__thread_proxy[abi:nqe220106]<std::__1::tuple<std::__1::unique_ptr<std::__1::__thread_struct, std::__1::default_delete<std::__1::__thread_struct>>, void (*)(int, int), int, int>>(void*) thread.h:169 (occt_1157_stress:arm64+0x100006214)

  Thread T4 (tid=14910708, running) created by main thread at:
    #0 pthread_create <null> (libclang_rt.tsan_osx_dynamic.dylib:arm64e+0x33bac)
    #1 std::__1::__libcpp_thread_create[abi:nqe220106](_opaque_pthread_t**, void* (*)(void*), void*) pthread.h:182 (occt_1157_stress:arm64+0x1000060dc)
    #2 std::__1::thread::thread[abi:nqe220106]<void (*&)(int, int), int&, int&, 0>(void (*&)(int, int), int&, int&) thread.h:221 (occt_1157_stress:arm64+0x1000060dc)
    #3 std::__1::thread::thread[abi:nqe220106]<void (*&)(int, int), int&, int&, 0>(void (*&)(int, int), int&, int&) thread.h:212 (occt_1157_stress:arm64+0x1000038c8)
    #4 void std::__1::allocator<std::__1::thread>::construct[abi:nqe220106]<std::__1::thread, void (*&)(int, int), int&, int&>(std::__1::thread*, void (*&)(int, int), int&, int&) allocator.h:141 (occt_1157_stress:arm64+0x1000038c8)
    #5 void std::__1::allocator_traits<std::__1::allocator<std::__1::thread>>::construct[abi:nqe220106]<std::__1::thread, void (*&)(int, int), int&, int&, 0>(std::__1::allocator<std::__1::thread>&, std::__1::thread*, void (*&)(int, int), int&, int&) allocator_traits.h:296 (occt_1157_stress:arm64+0x1000038c8)
    #6 void std::__1::vector<std::__1::thread, std::__1::allocator<std::__1::thread>>::__emplace_back_assume_capacity[abi:nqe220106]<void (*&)(int, int), int&, int&>(void (*&)(int, int), int&, int&) vector.h:483 (occt_1157_stress:arm64+0x1000038c8)
    #7 std::__1::thread& std::__1::vector<std::__1::thread, std::__1::allocator<std::__1::thread>>::emplace_back<void (*&)(int, int), int&, int&>(void (*&)(int, int), int&, int&)::'lambda'()::operator()() const vector.h:1146 (occt_1157_stress:arm64+0x1000038c8)
    #8 void std::__1::__if_likely_else[abi:nqe220106]<std::__1::thread& std::__1::vector<std::__1::thread, std::__1::allocator<std::__1::thread>>::emplace_back<void (*&)(int, int), int&, int&>(void (*&)(int, int), int&, int&)::'lambda'(), std::__1::thread& std::__1::vector<std::__1::thread, std::__1::allocator<std::__1::thread>>::emplace_back<void (*&)(int, int), int&, int&>(void (*&)(int, int), int&, int&)::'lambda0'()>(bool, std::__1::thread& std::__1::vector<std::__1::thread, std::__1::allocator<std::__1::thread>>::emplace_back<void (*&)(int, int), int&, int&>(void (*&)(int, int), int&, int&)::'lambda'(), std::__1::thread& std::__1::vector<std::__1::thread, std::__1::allocator<std::__1::thread>>::emplace_back<void (*&)(int, int), int&, int&>(void (*&)(int, int), int&, int&)::'lambda0'()) vector.h:1127 (occt_1157_stress:arm64+0x1000038c8)
    #9 std::__1::thread& std::__1::vector<std::__1::thread, std::__1::allocator<std::__1::thread>>::emplace_back<void (*&)(int, int), int&, int&>(void (*&)(int, int), int&, int&) vector.h:1143 (occt_1157_stress:arm64+0x1000038c8)
    #10 runOne(char const*, int, int) occt_1157_stress.cpp:359 (occt_1157_stress:arm64+0x1000038c8)
    #11 main occt_1157_stress.cpp:396 (occt_1157_stress:arm64+0x100002de4)

  Thread T8 (tid=14910712, running) created by main thread at:
    #0 pthread_create <null> (libclang_rt.tsan_osx_dynamic.dylib:arm64e+0x33bac)
    #1 std::__1::__libcpp_thread_create[abi:nqe220106](_opaque_pthread_t**, void* (*)(void*), void*) pthread.h:182 (occt_1157_stress:arm64+0x1000060dc)
    #2 std::__1::thread::thread[abi:nqe220106]<void (*&)(int, int), int&, int&, 0>(void (*&)(int, int), int&, int&) thread.h:221 (occt_1157_stress:arm64+0x1000060dc)
    #3 std::__1::thread::thread[abi:nqe220106]<void (*&)(int, int), int&, int&, 0>(void (*&)(int, int), int&, int&) thread.h:212 (occt_1157_stress:arm64+0x1000038c8)
    #4 void std::__1::allocator<std::__1::thread>::construct[abi:nqe220106]<std::__1::thread, void (*&)(int, int), int&, int&>(std::__1::thread*, void (*&)(int, int), int&, int&) allocator.h:141 (occt_1157_stress:arm64+0x1000038c8)
    #5 void std::__1::allocator_traits<std::__1::allocator<std::__1::thread>>::construct[abi:nqe220106]<std::__1::thread, void (*&)(int, int), int&, int&, 0>(std::__1::allocator<std::__1::thread>&, std::__1::thread*, void (*&)(int, int), int&, int&) allocator_traits.h:296 (occt_1157_stress:arm64+0x1000038c8)
    #6 void std::__1::vector<std::__1::thread, std::__1::allocator<std::__1::thread>>::__emplace_back_assume_capacity[abi:nqe220106]<void (*&)(int, int), int&, int&>(void (*&)(int, int), int&, int&) vector.h:483 (occt_1157_stress:arm64+0x1000038c8)
    #7 std::__1::thread& std::__1::vector<std::__1::thread, std::__1::allocator<std::__1::thread>>::emplace_back<void (*&)(int, int), int&, int&>(void (*&)(int, int), int&, int&)::'lambda'()::operator()() const vector.h:1146 (occt_1157_stress:arm64+0x1000038c8)
    #8 void std::__1::__if_likely_else[abi:nqe220106]<std::__1::thread& std::__1::vector<std::__1::thread, std::__1::allocator<std::__1::thread>>::emplace_back<void (*&)(int, int), int&, int&>(void (*&)(int, int), int&, int&)::'lambda'(), std::__1::thread& std::__1::vector<std::__1::thread, std::__1::allocator<std::__1::thread>>::emplace_back<void (*&)(int, int), int&, int&>(void (*&)(int, int), int&, int&)::'lambda0'()>(bool, std::__1::thread& std::__1::vector<std::__1::thread, std::__1::allocator<std::__1::thread>>::emplace_back<void (*&)(int, int), int&, int&>(void (*&)(int, int), int&, int&)::'lambda'(), std::__1::thread& std::__1::vector<std::__1::thread, std::__1::allocator<std::__1::thread>>::emplace_back<void (*&)(int, int), int&, int&>(void (*&)(int, int), int&, int&)::'lambda0'()) vector.h:1127 (occt_1157_stress:arm64+0x1000038c8)
    #9 std::__1::thread& std::__1::vector<std::__1::thread, std::__1::allocator<std::__1::thread>>::emplace_back<void (*&)(int, int), int&, int&>(void (*&)(int, int), int&, int&) vector.h:1143 (occt_1157_stress:arm64+0x1000038c8)
    #10 runOne(char const*, int, int) occt_1157_stress.cpp:359 (occt_1157_stress:arm64+0x1000038c8)
    #11 main occt_1157_stress.cpp:396 (occt_1157_stress:arm64+0x100002de4)

SUMMARY: ThreadSanitizer: data race Standard_Handle.hxx:391 in opencascade::handle<TCollection_HAsciiString>::EndScope()
==================
==================
WARNING: ThreadSanitizer: data race (pid=70874)
  Write of size 8 at 0x00010cc02ae8 by thread T8:
    #0 opencascade::handle<Interface_InterfaceModel>::Assign(Standard_Transient*) Standard_Handle.hxx:377 (occt_1157_stress:arm64+0x1002f0d30)
    #1 opencascade::handle<Interface_InterfaceModel>::operator=(opencascade::handle<Interface_InterfaceModel> const&) Standard_Handle.hxx:102 (occt_1157_stress:arm64+0x1002f0d30)
    #2 IGESToBRep_Actor::SetModel(opencascade::handle<Interface_InterfaceModel> const&) IGESToBRep_Actor.cxx:96 (occt_1157_stress:arm64+0x1002f0d30)
    #3 IGESControl_Controller::ActorRead(opencascade::handle<Interface_InterfaceModel> const&) const IGESControl_Controller.cxx:336 (occt_1157_stress:arm64+0x100380610)
    #4 XSControl_TransferReader::Actor() XSControl_TransferReader.cxx:71 (occt_1157_stress:arm64+0x1013e41f8)
    #5 XSControl_TransferReader::BeginTransfer() XSControl_TransferReader.cxx:937 (occt_1157_stress:arm64+0x1013e41f8)
    #6 XSControl_WorkSession::InitTransferReader(int) XSControl_WorkSession.cxx:376 (occt_1157_stress:arm64+0x1013f46b8)
    #7 XSControl_Reader::ReadFile(char const*) XSControl_Reader.cxx:109 (occt_1157_stress:arm64+0x1013d9dac)
    #8 runIgesReadIndependent(int, int) occt_1157_stress.cpp:192 (occt_1157_stress:arm64+0x1000025b0)
    #9 runMixedStepIgesIndependent(int, int) occt_1157_stress.cpp:227 (occt_1157_stress:arm64+0x1000028f0)
    #10 std::__1::__invoke_result_impl<void, void (*)(int, int), int, int>::type std::__1::__invoke[abi:nqe220106]<void (*)(int, int), int, int>(void (*&&)(int, int), int&&, int&&) invoke.h:90 (occt_1157_stress:arm64+0x100006214)
    #11 void std::__1::__thread_execute[abi:nqe220106]<std::__1::unique_ptr<std::__1::__thread_struct, std::__1::default_delete<std::__1::__thread_struct>>, void (*)(int, int), int, int, 0ul, 1ul, 2ul>(std::__1::tuple<std::__1::unique_ptr<std::__1::__thread_struct, std::__1::default_delete<std::__1::__thread_struct>>, void (*)(int, int), int, int>&, std::__1::__integer_sequence<unsigned long, 0ul, 1ul, 2ul>) thread.h:161 (occt_1157_stress:arm64+0x100006214)
    #12 void* std::__1::__thread_proxy[abi:nqe220106]<std::__1::tuple<std::__1::unique_ptr<std::__1::__thread_struct, std::__1::default_delete<std::__1::__thread_struct>>, void (*)(int, int), int, int>>(void*) thread.h:169 (occt_1157_stress:arm64+0x100006214)

  Previous read of size 8 at 0x00010cc02ae8 by thread T4:
    #0 opencascade::handle<Interface_InterfaceModel>::EndScope() Standard_Handle.hxx:392 (occt_1157_stress:arm64+0x1002f0d0c)
    #1 opencascade::handle<Interface_InterfaceModel>::Assign(Standard_Transient*) Standard_Handle.hxx:376 (occt_1157_stress:arm64+0x1002f0d0c)
    #2 opencascade::handle<Interface_InterfaceModel>::operator=(opencascade::handle<Interface_InterfaceModel> const&) Standard_Handle.hxx:102 (occt_1157_stress:arm64+0x1002f0d0c)
    #3 IGESToBRep_Actor::SetModel(opencascade::handle<Interface_InterfaceModel> const&) IGESToBRep_Actor.cxx:96 (occt_1157_stress:arm64+0x1002f0d0c)
    #4 IGESControl_Controller::ActorRead(opencascade::handle<Interface_InterfaceModel> const&) const IGESControl_Controller.cxx:336 (occt_1157_stress:arm64+0x100380610)
    #5 XSControl_TransferReader::Actor() XSControl_TransferReader.cxx:71 (occt_1157_stress:arm64+0x1013e41f8)
    #6 XSControl_TransferReader::BeginTransfer() XSControl_TransferReader.cxx:937 (occt_1157_stress:arm64+0x1013e41f8)
    #7 XSControl_WorkSession::InitTransferReader(int) XSControl_WorkSession.cxx:376 (occt_1157_stress:arm64+0x1013f46b8)
    #8 XSControl_Reader::ReadFile(char const*) XSControl_Reader.cxx:109 (occt_1157_stress:arm64+0x1013d9dac)
    #9 runIgesReadIndependent(int, int) occt_1157_stress.cpp:192 (occt_1157_stress:arm64+0x1000025b0)
    #10 runMixedStepIgesIndependent(int, int) occt_1157_stress.cpp:227 (occt_1157_stress:arm64+0x1000028f0)
    #11 std::__1::__invoke_result_impl<void, void (*)(int, int), int, int>::type std::__1::__invoke[abi:nqe220106]<void (*)(int, int), int, int>(void (*&&)(int, int), int&&, int&&) invoke.h:90 (occt_1157_stress:arm64+0x100006214)
    #12 void std::__1::__thread_execute[abi:nqe220106]<std::__1::unique_ptr<std::__1::__thread_struct, std::__1::default_delete<std::__1::__thread_struct>>, void (*)(int, int), int, int, 0ul, 1ul, 2ul>(std::__1::tuple<std::__1::unique_ptr<std::__1::__thread_struct, std::__1::default_delete<std::__1::__thread_struct>>, void (*)(int, int), int, int>&, std::__1::__integer_sequence<unsigned long, 0ul, 1ul, 2ul>) thread.h:161 (occt_1157_stress:arm64+0x100006214)
    #13 void* std::__1::__thread_proxy[abi:nqe220106]<std::__1::tuple<std::__1::unique_ptr<std::__1::__thread_struct, std::__1::default_delete<std::__1::__thread_struct>>, void (*)(int, int), int, int>>(void*) thread.h:169 (occt_1157_stress:arm64+0x100006214)

  Location is heap block of size 128 at 0x00010cc02a80 allocated by main thread:
    #0 calloc <null> (libclang_rt.tsan_osx_dynamic.dylib:arm64e+0x67ff4)
    #1 Standard::Allocate(unsigned long) Standard.cxx:386 (occt_1157_stress:arm64+0x1008bee84)
    #2 Standard_Transient::operator new(unsigned long) Standard_Transient.hxx:47 (occt_1157_stress:arm64+0x10037bdc8)
    #3 IGESControl_Controller::IGESControl_Controller(bool) IGESControl_Controller.cxx:143 (occt_1157_stress:arm64+0x10037bdc8)
    #4 IGESControl_Controller::IGESControl_Controller(bool) IGESControl_Controller.cxx:75 (occt_1157_stress:arm64+0x100380880)
    #5 IGESControl_Controller::Init() IGESControl_Controller.cxx:364 (occt_1157_stress:arm64+0x100380880)
    #6 IGESControl_Writer::IGESControl_Writer(char const*, int) IGESControl_Writer.cxx:73 (occt_1157_stress:arm64+0x10038b868)
    #7 IGESControl_Writer::IGESControl_Writer(char const*, int) IGESControl_Writer.cxx:72 (occt_1157_stress:arm64+0x10038ba30)
    #8 writeFixtures() occt_1157_stress.cpp:323 (occt_1157_stress:arm64+0x100003520)
    #9 runOne(char const*, int, int) occt_1157_stress.cpp:334 (occt_1157_stress:arm64+0x100003520)
    #10 main occt_1157_stress.cpp:396 (occt_1157_stress:arm64+0x100002de4)

  Thread T8 (tid=14910712, running) created by main thread at:
    #0 pthread_create <null> (libclang_rt.tsan_osx_dynamic.dylib:arm64e+0x33bac)
    #1 std::__1::__libcpp_thread_create[abi:nqe220106](_opaque_pthread_t**, void* (*)(void*), void*) pthread.h:182 (occt_1157_stress:arm64+0x1000060dc)
    #2 std::__1::thread::thread[abi:nqe220106]<void (*&)(int, int), int&, int&, 0>(void (*&)(int, int), int&, int&) thread.h:221 (occt_1157_stress:arm64+0x1000060dc)
    #3 std::__1::thread::thread[abi:nqe220106]<void (*&)(int, int), int&, int&, 0>(void (*&)(int, int), int&, int&) thread.h:212 (occt_1157_stress:arm64+0x1000038c8)
    #4 void std::__1::allocator<std::__1::thread>::construct[abi:nqe220106]<std::__1::thread, void (*&)(int, int), int&, int&>(std::__1::thread*, void (*&)(int, int), int&, int&) allocator.h:141 (occt_1157_stress:arm64+0x1000038c8)
    #5 void std::__1::allocator_traits<std::__1::allocator<std::__1::thread>>::construct[abi:nqe220106]<std::__1::thread, void (*&)(int, int), int&, int&, 0>(std::__1::allocator<std::__1::thread>&, std::__1::thread*, void (*&)(int, int), int&, int&) allocator_traits.h:296 (occt_1157_stress:arm64+0x1000038c8)
    #6 void std::__1::vector<std::__1::thread, std::__1::allocator<std::__1::thread>>::__emplace_back_assume_capacity[abi:nqe220106]<void (*&)(int, int), int&, int&>(void (*&)(int, int), int&, int&) vector.h:483 (occt_1157_stress:arm64+0x1000038c8)
    #7 std::__1::thread& std::__1::vector<std::__1::thread, std::__1::allocator<std::__1::thread>>::emplace_back<void (*&)(int, int), int&, int&>(void (*&)(int, int), int&, int&)::'lambda'()::operator()() const vector.h:1146 (occt_1157_stress:arm64+0x1000038c8)
    #8 void std::__1::__if_likely_else[abi:nqe220106]<std::__1::thread& std::__1::vector<std::__1::thread, std::__1::allocator<std::__1::thread>>::emplace_back<void (*&)(int, int), int&, int&>(void (*&)(int, int), int&, int&)::'lambda'(), std::__1::thread& std::__1::vector<std::__1::thread, std::__1::allocator<std::__1::thread>>::emplace_back<void (*&)(int, int), int&, int&>(void (*&)(int, int), int&, int&)::'lambda0'()>(bool, std::__1::thread& std::__1::vector<std::__1::thread, std::__1::allocator<std::__1::thread>>::emplace_back<void (*&)(int, int), int&, int&>(void (*&)(int, int), int&, int&)::'lambda'(), std::__1::thread& std::__1::vector<std::__1::thread, std::__1::allocator<std::__1::thread>>::emplace_back<void (*&)(int, int), int&, int&>(void (*&)(int, int), int&, int&)::'lambda0'()) vector.h:1127 (occt_1157_stress:arm64+0x1000038c8)
    #9 std::__1::thread& std::__1::vector<std::__1::thread, std::__1::allocator<std::__1::thread>>::emplace_back<void (*&)(int, int), int&, int&>(void (*&)(int, int), int&, int&) vector.h:1143 (occt_1157_stress:arm64+0x1000038c8)
    #10 runOne(char const*, int, int) occt_1157_stress.cpp:359 (occt_1157_stress:arm64+0x1000038c8)
    #11 main occt_1157_stress.cpp:396 (occt_1157_stress:arm64+0x100002de4)

  Thread T4 (tid=14910708, running) created by main thread at:
    #0 pthread_create <null> (libclang_rt.tsan_osx_dynamic.dylib:arm64e+0x33bac)
    #1 std::__1::__libcpp_thread_create[abi:nqe220106](_opaque_pthread_t**, void* (*)(void*), void*) pthread.h:182 (occt_1157_stress:arm64+0x1000060dc)
    #2 std::__1::thread::thread[abi:nqe220106]<void (*&)(int, int), int&, int&, 0>(void (*&)(int, int), int&, int&) thread.h:221 (occt_1157_stress:arm64+0x1000060dc)
    #3 std::__1::thread::thread[abi:nqe220106]<void (*&)(int, int), int&, int&, 0>(void (*&)(int, int), int&, int&) thread.h:212 (occt_1157_stress:arm64+0x1000038c8)
    #4 void std::__1::allocator<std::__1::thread>::construct[abi:nqe220106]<std::__1::thread, void (*&)(int, int), int&, int&>(std::__1::thread*, void (*&)(int, int), int&, int&) allocator.h:141 (occt_1157_stress:arm64+0x1000038c8)
    #5 void std::__1::allocator_traits<std::__1::allocator<std::__1::thread>>::construct[abi:nqe220106]<std::__1::thread, void (*&)(int, int), int&, int&, 0>(std::__1::allocator<std::__1::thread>&, std::__1::thread*, void (*&)(int, int), int&, int&) allocator_traits.h:296 (occt_1157_stress:arm64+0x1000038c8)
    #6 void std::__1::vector<std::__1::thread, std::__1::allocator<std::__1::thread>>::__emplace_back_assume_capacity[abi:nqe220106]<void (*&)(int, int), int&, int&>(void (*&)(int, int), int&, int&) vector.h:483 (occt_1157_stress:arm64+0x1000038c8)
    #7 std::__1::thread& std::__1::vector<std::__1::thread, std::__1::allocator<std::__1::thread>>::emplace_back<void (*&)(int, int), int&, int&>(void (*&)(int, int), int&, int&)::'lambda'()::operator()() const vector.h:1146 (occt_1157_stress:arm64+0x1000038c8)
    #8 void std::__1::__if_likely_else[abi:nqe220106]<std::__1::thread& std::__1::vector<std::__1::thread, std::__1::allocator<std::__1::thread>>::emplace_back<void (*&)(int, int), int&, int&>(void (*&)(int, int), int&, int&)::'lambda'(), std::__1::thread& std::__1::vector<std::__1::thread, std::__1::allocator<std::__1::thread>>::emplace_back<void (*&)(int, int), int&, int&>(void (*&)(int, int), int&, int&)::'lambda0'()>(bool, std::__1::thread& std::__1::vector<std::__1::thread, std::__1::allocator<std::__1::thread>>::emplace_back<void (*&)(int, int), int&, int&>(void (*&)(int, int), int&, int&)::'lambda'(), std::__1::thread& std::__1::vector<std::__1::thread, std::__1::allocator<std::__1::thread>>::emplace_back<void (*&)(int, int), int&, int&>(void (*&)(int, int), int&, int&)::'lambda0'()) vector.h:1127 (occt_1157_stress:arm64+0x1000038c8)
    #9 std::__1::thread& std::__1::vector<std::__1::thread, std::__1::allocator<std::__1::thread>>::emplace_back<void (*&)(int, int), int&, int&>(void (*&)(int, int), int&, int&) vector.h:1143 (occt_1157_stress:arm64+0x1000038c8)
    #10 runOne(char const*, int, int) occt_1157_stress.cpp:359 (occt_1157_stress:arm64+0x1000038c8)
    #11 main occt_1157_stress.cpp:396 (occt_1157_stress:arm64+0x100002de4)

SUMMARY: ThreadSanitizer: data race Standard_Handle.hxx:377 in opencascade::handle<Interface_InterfaceModel>::Assign(Standard_Transient*)
==================
==================
WARNING: ThreadSanitizer: data race (pid=70874)
  Write of size 1 at 0x00010280fca8 by thread T4:
    #0 IFSelect_WorkSession::IFSelect_WorkSession() IFSelect_WorkSession.cxx:86 (occt_1157_stress:arm64+0x1013afad4)
    #1 XSControl_WorkSession::XSControl_WorkSession() XSControl_WorkSession.cxx:50 (occt_1157_stress:arm64+0x1013f2d64)
    #2 XSControl_WorkSession::XSControl_WorkSession() XSControl_WorkSession.cxx:54 (occt_1157_stress:arm64+0x1013f30b0)
    #3 XSControl_Reader::XSControl_Reader() XSControl_Reader.cxx:42 (occt_1157_stress:arm64+0x1013d9520)
    #4 IGESControl_Reader::IGESControl_Reader() IGESControl_Reader.cxx:52 (occt_1157_stress:arm64+0x100385154)
    #5 IGESControl_Reader::IGESControl_Reader() IGESControl_Reader.cxx:53 (occt_1157_stress:arm64+0x100385350)
    #6 runIgesReadIndependent(int, int) occt_1157_stress.cpp:188 (occt_1157_stress:arm64+0x100002570)
    #7 runMixedStepIgesIndependent(int, int) occt_1157_stress.cpp:227 (occt_1157_stress:arm64+0x1000028f0)
    #8 std::__1::__invoke_result_impl<void, void (*)(int, int), int, int>::type std::__1::__invoke[abi:nqe220106]<void (*)(int, int), int, int>(void (*&&)(int, int), int&&, int&&) invoke.h:90 (occt_1157_stress:arm64+0x100006214)
    #9 void std::__1::__thread_execute[abi:nqe220106]<std::__1::unique_ptr<std::__1::__thread_struct, std::__1::default_delete<std::__1::__thread_struct>>, void (*)(int, int), int, int, 0ul, 1ul, 2ul>(std::__1::tuple<std::__1::unique_ptr<std::__1::__thread_struct, std::__1::default_delete<std::__1::__thread_struct>>, void (*)(int, int), int, int>&, std::__1::__integer_sequence<unsigned long, 0ul, 1ul, 2ul>) thread.h:161 (occt_1157_stress:arm64+0x100006214)
    #10 void* std::__1::__thread_proxy[abi:nqe220106]<std::__1::tuple<std::__1::unique_ptr<std::__1::__thread_struct, std::__1::default_delete<std::__1::__thread_struct>>, void (*)(int, int), int, int>>(void*) thread.h:169 (occt_1157_stress:arm64+0x100006214)

  Previous write of size 1 at 0x00010280fca8 by thread T1:
    #0 IFSelect_WorkSession::IFSelect_WorkSession() IFSelect_WorkSession.cxx:86 (occt_1157_stress:arm64+0x1013afad4)
    #1 XSControl_WorkSession::XSControl_WorkSession() XSControl_WorkSession.cxx:50 (occt_1157_stress:arm64+0x1013f2d64)
    #2 XSControl_WorkSession::XSControl_WorkSession() XSControl_WorkSession.cxx:54 (occt_1157_stress:arm64+0x1013f30b0)
    #3 STEPControl_Writer::STEPControl_Writer() STEPControl_Writer.cxx:39 (occt_1157_stress:arm64+0x10054d2ec)
    #4 STEPControl_Writer::STEPControl_Writer() STEPControl_Writer.cxx:37 (occt_1157_stress:arm64+0x10054d558)
    #5 runStepWriteIndependent(int, int) occt_1157_stress.cpp:85 (occt_1157_stress:arm64+0x100000ad4)
    #6 runMixedStepIgesIndependent(int, int) occt_1157_stress.cpp:224 (occt_1157_stress:arm64+0x1000028c0)
    #7 std::__1::__invoke_result_impl<void, void (*)(int, int), int, int>::type std::__1::__invoke[abi:nqe220106]<void (*)(int, int), int, int>(void (*&&)(int, int), int&&, int&&) invoke.h:90 (occt_1157_stress:arm64+0x100006214)
    #8 void std::__1::__thread_execute[abi:nqe220106]<std::__1::unique_ptr<std::__1::__thread_struct, std::__1::default_delete<std::__1::__thread_struct>>, void (*)(int, int), int, int, 0ul, 1ul, 2ul>(std::__1::tuple<std::__1::unique_ptr<std::__1::__thread_struct, std::__1::default_delete<std::__1::__thread_struct>>, void (*)(int, int), int, int>&, std::__1::__integer_sequence<unsigned long, 0ul, 1ul, 2ul>) thread.h:161 (occt_1157_stress:arm64+0x100006214)
    #9 void* std::__1::__thread_proxy[abi:nqe220106]<std::__1::tuple<std::__1::unique_ptr<std::__1::__thread_struct, std::__1::default_delete<std::__1::__thread_struct>>, void (*)(int, int), int, int>>(void*) thread.h:169 (occt_1157_stress:arm64+0x100006214)

  Location is global 'errhand' at 0x00010280fca8 (occt_1157_stress+0x101cb3ca8)

  Thread T4 (tid=14910708, running) created by main thread at:
    #0 pthread_create <null> (libclang_rt.tsan_osx_dynamic.dylib:arm64e+0x33bac)
    #1 std::__1::__libcpp_thread_create[abi:nqe220106](_opaque_pthread_t**, void* (*)(void*), void*) pthread.h:182 (occt_1157_stress:arm64+0x1000060dc)
    #2 std::__1::thread::thread[abi:nqe220106]<void (*&)(int, int), int&, int&, 0>(void (*&)(int, int), int&, int&) thread.h:221 (occt_1157_stress:arm64+0x1000060dc)
    #3 std::__1::thread::thread[abi:nqe220106]<void (*&)(int, int), int&, int&, 0>(void (*&)(int, int), int&, int&) thread.h:212 (occt_1157_stress:arm64+0x1000038c8)
    #4 void std::__1::allocator<std::__1::thread>::construct[abi:nqe220106]<std::__1::thread, void (*&)(int, int), int&, int&>(std::__1::thread*, void (*&)(int, int), int&, int&) allocator.h:141 (occt_1157_stress:arm64+0x1000038c8)
    #5 void std::__1::allocator_traits<std::__1::allocator<std::__1::thread>>::construct[abi:nqe220106]<std::__1::thread, void (*&)(int, int), int&, int&, 0>(std::__1::allocator<std::__1::thread>&, std::__1::thread*, void (*&)(int, int), int&, int&) allocator_traits.h:296 (occt_1157_stress:arm64+0x1000038c8)
    #6 void std::__1::vector<std::__1::thread, std::__1::allocator<std::__1::thread>>::__emplace_back_assume_capacity[abi:nqe220106]<void (*&)(int, int), int&, int&>(void (*&)(int, int), int&, int&) vector.h:483 (occt_1157_stress:arm64+0x1000038c8)
    #7 std::__1::thread& std::__1::vector<std::__1::thread, std::__1::allocator<std::__1::thread>>::emplace_back<void (*&)(int, int), int&, int&>(void (*&)(int, int), int&, int&)::'lambda'()::operator()() const vector.h:1146 (occt_1157_stress:arm64+0x1000038c8)
    #8 void std::__1::__if_likely_else[abi:nqe220106]<std::__1::thread& std::__1::vector<std::__1::thread, std::__1::allocator<std::__1::thread>>::emplace_back<void (*&)(int, int), int&, int&>(void (*&)(int, int), int&, int&)::'lambda'(), std::__1::thread& std::__1::vector<std::__1::thread, std::__1::allocator<std::__1::thread>>::emplace_back<void (*&)(int, int), int&, int&>(void (*&)(int, int), int&, int&)::'lambda0'()>(bool, std::__1::thread& std::__1::vector<std::__1::thread, std::__1::allocator<std::__1::thread>>::emplace_back<void (*&)(int, int), int&, int&>(void (*&)(int, int), int&, int&)::'lambda'(), std::__1::thread& std::__1::vector<std::__1::thread, std::__1::allocator<std::__1::thread>>::emplace_back<void (*&)(int, int), int&, int&>(void (*&)(int, int), int&, int&)::'lambda0'()) vector.h:1127 (occt_1157_stress:arm64+0x1000038c8)
    #9 std::__1::thread& std::__1::vector<std::__1::thread, std::__1::allocator<std::__1::thread>>::emplace_back<void (*&)(int, int), int&, int&>(void (*&)(int, int), int&, int&) vector.h:1143 (occt_1157_stress:arm64+0x1000038c8)
    #10 runOne(char const*, int, int) occt_1157_stress.cpp:359 (occt_1157_stress:arm64+0x1000038c8)
    #11 main occt_1157_stress.cpp:396 (occt_1157_stress:arm64+0x100002de4)

  Thread T1 (tid=14910705, running) created by main thread at:
    #0 pthread_create <null> (libclang_rt.tsan_osx_dynamic.dylib:arm64e+0x33bac)
    #1 std::__1::__libcpp_thread_create[abi:nqe220106](_opaque_pthread_t**, void* (*)(void*), void*) pthread.h:182 (occt_1157_stress:arm64+0x1000060dc)
    #2 std::__1::thread::thread[abi:nqe220106]<void (*&)(int, int), int&, int&, 0>(void (*&)(int, int), int&, int&) thread.h:221 (occt_1157_stress:arm64+0x1000060dc)
    #3 std::__1::thread::thread[abi:nqe220106]<void (*&)(int, int), int&, int&, 0>(void (*&)(int, int), int&, int&) thread.h:212 (occt_1157_stress:arm64+0x10000645c)
    #4 void std::__1::allocator<std::__1::thread>::construct[abi:nqe220106]<std::__1::thread, void (*&)(int, int), int&, int&>(std::__1::thread*, void (*&)(int, int), int&, int&) allocator.h:141 (occt_1157_stress:arm64+0x10000645c)
    #5 void std::__1::allocator_traits<std::__1::allocator<std::__1::thread>>::construct[abi:nqe220106]<std::__1::thread, void (*&)(int, int), int&, int&, 0>(std::__1::allocator<std::__1::thread>&, std::__1::thread*, void (*&)(int, int), int&, int&) allocator_traits.h:296 (occt_1157_stress:arm64+0x10000645c)
    #6 std::__1::thread* std::__1::vector<std::__1::thread, std::__1::allocator<std::__1::thread>>::__emplace_back_slow_path<void (*&)(int, int), int&, int&>(void (*&)(int, int), int&, int&) vector.h:1109 (occt_1157_stress:arm64+0x10000645c)
    #7 std::__1::thread& std::__1::vector<std::__1::thread, std::__1::allocator<std::__1::thread>>::emplace_back<void (*&)(int, int), int&, int&>(void (*&)(int, int), int&, int&)::'lambda0'()::operator()() const vector.h:1149 (occt_1157_stress:arm64+0x100003918)
    #8 void std::__1::__if_likely_else[abi:nqe220106]<std::__1::thread& std::__1::vector<std::__1::thread, std::__1::allocator<std::__1::thread>>::emplace_back<void (*&)(int, int), int&, int&>(void (*&)(int, int), int&, int&)::'lambda'(), std::__1::thread& std::__1::vector<std::__1::thread, std::__1::allocator<std::__1::thread>>::emplace_back<void (*&)(int, int), int&, int&>(void (*&)(int, int), int&, int&)::'lambda0'()>(bool, std::__1::thread& std::__1::vector<std::__1::thread, std::__1::allocator<std::__1::thread>>::emplace_back<void (*&)(int, int), int&, int&>(void (*&)(int, int), int&, int&)::'lambda'(), std::__1::thread& std::__1::vector<std::__1::thread, std::__1::allocator<std::__1::thread>>::emplace_back<void (*&)(int, int), int&, int&>(void (*&)(int, int), int&, int&)::'lambda0'()) vector.h:1129 (occt_1157_stress:arm64+0x100003918)
    #9 std::__1::thread& std::__1::vector<std::__1::thread, std::__1::allocator<std::__1::thread>>::emplace_back<void (*&)(int, int), int&, int&>(void (*&)(int, int), int&, int&) vector.h:1143 (occt_1157_stress:arm64+0x100003918)
    #10 runOne(char const*, int, int) occt_1157_stress.cpp:359 (occt_1157_stress:arm64+0x100003918)
    #11 main occt_1157_stress.cpp:396 (occt_1157_stress:arm64+0x100002de4)

SUMMARY: ThreadSanitizer: data race IFSelect_WorkSession.cxx:86 in IFSelect_WorkSession::IFSelect_WorkSession()
==================
==================
WARNING: ThreadSanitizer: data race (pid=70874)
  Write of size 1 at 0x00010280fca8 by thread T5:
    #0 IFSelect_WorkSession::SendAll(char const*, bool) IFSelect_WorkSession.cxx:2597 (occt_1157_stress:arm64+0x1013bf6dc)
    #1 STEPControl_Writer::Write(char const*) STEPControl_Writer.cxx:173 (occt_1157_stress:arm64+0x10054e630)
    #2 runStepWriteIndependent(int, int) occt_1157_stress.cpp:97 (occt_1157_stress:arm64+0x100000f90)
    #3 runMixedStepIgesIndependent(int, int) occt_1157_stress.cpp:224 (occt_1157_stress:arm64+0x1000028c0)
    #4 std::__1::__invoke_result_impl<void, void (*)(int, int), int, int>::type std::__1::__invoke[abi:nqe220106]<void (*)(int, int), int, int>(void (*&&)(int, int), int&&, int&&) invoke.h:90 (occt_1157_stress:arm64+0x100006214)
    #5 void std::__1::__thread_execute[abi:nqe220106]<std::__1::unique_ptr<std::__1::__thread_struct, std::__1::default_delete<std::__1::__thread_struct>>, void (*)(int, int), int, int, 0ul, 1ul, 2ul>(std::__1::tuple<std::__1::unique_ptr<std::__1::__thread_struct, std::__1::default_delete<std::__1::__thread_struct>>, void (*)(int, int), int, int>&, std::__1::__integer_sequence<unsigned long, 0ul, 1ul, 2ul>) thread.h:161 (occt_1157_stress:arm64+0x100006214)
    #6 void* std::__1::__thread_proxy[abi:nqe220106]<std::__1::tuple<std::__1::unique_ptr<std::__1::__thread_struct, std::__1::default_delete<std::__1::__thread_struct>>, void (*)(int, int), int, int>>(void*) thread.h:169 (occt_1157_stress:arm64+0x100006214)

  Previous write of size 1 at 0x00010280fca8 by thread T3:
    #0 IFSelect_WorkSession::IFSelect_WorkSession() IFSelect_WorkSession.cxx:86 (occt_1157_stress:arm64+0x1013afad4)
    #1 XSControl_WorkSession::XSControl_WorkSession() XSControl_WorkSession.cxx:50 (occt_1157_stress:arm64+0x1013f2d64)
    #2 XSControl_WorkSession::XSControl_WorkSession() XSControl_WorkSession.cxx:54 (occt_1157_stress:arm64+0x1013f30b0)
    #3 XSControl_Reader::XSControl_Reader() XSControl_Reader.cxx:42 (occt_1157_stress:arm64+0x1013d9520)
    #4 STEPControl_Reader::STEPControl_Reader() STEPControl_Reader.cxx:71 (occt_1157_stress:arm64+0x100544e0c)
    #5 STEPControl_Reader::STEPControl_Reader() STEPControl_Reader.cxx:72 (occt_1157_stress:arm64+0x100544e0c)
    #6 runStepReadIndependent(int, int) occt_1157_stress.cpp:119 (occt_1157_stress:arm64+0x100001610)
    #7 runMixedStepIgesIndependent(int, int) occt_1157_stress.cpp:226 (occt_1157_stress:arm64+0x1000028e0)
    #8 std::__1::__invoke_result_impl<void, void (*)(int, int), int, int>::type std::__1::__invoke[abi:nqe220106]<void (*)(int, int), int, int>(void (*&&)(int, int), int&&, int&&) invoke.h:90 (occt_1157_stress:arm64+0x100006214)
    #9 void std::__1::__thread_execute[abi:nqe220106]<std::__1::unique_ptr<std::__1::__thread_struct, std::__1::default_delete<std::__1::__thread_struct>>, void (*)(int, int), int, int, 0ul, 1ul, 2ul>(std::__1::tuple<std::__1::unique_ptr<std::__1::__thread_struct, std::__1::default_delete<std::__1::__thread_struct>>, void (*)(int, int), int, int>&, std::__1::__integer_sequence<unsigned long, 0ul, 1ul, 2ul>) thread.h:161 (occt_1157_stress:arm64+0x100006214)
    #10 void* std::__1::__thread_proxy[abi:nqe220106]<std::__1::tuple<std::__1::unique_ptr<std::__1::__thread_struct, std::__1::default_delete<std::__1::__thread_struct>>, void (*)(int, int), int, int>>(void*) thread.h:169 (occt_1157_stress:arm64+0x100006214)

  Loca

[... truncated at 200KB: 49 total race warnings in the full run. Regenerate with
     Scripts/tsan-stress.sh run, which now includes this scenario (#1403 Phase 0). ...]
