==================
WARNING: ThreadSanitizer: data race (pid=70511)
  Read of size 1 at 0x00010269f788 by thread T1:
    #0 Interface_Static::Standards() Interface_StaticStandards.cxx:24 (occt_1157_stress:arm64+0x101340bd0)
    #1 XSControl_Controller::XSControl_Controller(char const*, char const*) XSControl_Controller.cxx:69 (occt_1157_stress:arm64+0x1013d527c)
    #2 STEPControl_Controller::STEPControl_Controller() STEPControl_Controller.cxx:59 (occt_1157_stress:arm64+0x10053f7fc)
    #3 STEPControl_Controller::STEPControl_Controller() STEPControl_Controller.cxx:60 (occt_1157_stress:arm64+0x1005435f8)
    #4 STEPControl_Controller::Init() STEPControl_Controller.cxx:494 (occt_1157_stress:arm64+0x1005435f8)
    #5 STEPControl_Writer::STEPControl_Writer() STEPControl_Writer.cxx:38 (occt_1157_stress:arm64+0x10054d2dc)
    #6 STEPControl_Writer::STEPControl_Writer() STEPControl_Writer.cxx:37 (occt_1157_stress:arm64+0x10054d558)
    #7 runStepWriteIndependent(int, int) occt_1157_stress.cpp:85 (occt_1157_stress:arm64+0x100000ad4)
    #8 std::__1::__invoke_result_impl<void, void (*)(int, int), int, int>::type std::__1::__invoke[abi:nqe220106]<void (*)(int, int), int, int>(void (*&&)(int, int), int&&, int&&) invoke.h:90 (occt_1157_stress:arm64+0x100006214)
    #9 void std::__1::__thread_execute[abi:nqe220106]<std::__1::unique_ptr<std::__1::__thread_struct, std::__1::default_delete<std::__1::__thread_struct>>, void (*)(int, int), int, int, 0ul, 1ul, 2ul>(std::__1::tuple<std::__1::unique_ptr<std::__1::__thread_struct, std::__1::default_delete<std::__1::__thread_struct>>, void (*)(int, int), int, int>&, std::__1::__integer_sequence<unsigned long, 0ul, 1ul, 2ul>) thread.h:161 (occt_1157_stress:arm64+0x100006214)
    #10 void* std::__1::__thread_proxy[abi:nqe220106]<std::__1::tuple<std::__1::unique_ptr<std::__1::__thread_struct, std::__1::default_delete<std::__1::__thread_struct>>, void (*)(int, int), int, int>>(void*) thread.h:169 (occt_1157_stress:arm64+0x100006214)

  Previous write of size 1 at 0x00010269f788 by thread T5:
    #0 Interface_Static::Standards() Interface_StaticStandards.cxx:29 (occt_1157_stress:arm64+0x101340be0)
    #1 XSControl_Controller::XSControl_Controller(char const*, char const*) XSControl_Controller.cxx:69 (occt_1157_stress:arm64+0x1013d527c)
    #2 STEPControl_Controller::STEPControl_Controller() STEPControl_Controller.cxx:59 (occt_1157_stress:arm64+0x10053f7fc)
    #3 STEPControl_Controller::STEPControl_Controller() STEPControl_Controller.cxx:60 (occt_1157_stress:arm64+0x1005435f8)
    #4 STEPControl_Controller::Init() STEPControl_Controller.cxx:494 (occt_1157_stress:arm64+0x1005435f8)
    #5 STEPControl_Writer::STEPControl_Writer() STEPControl_Writer.cxx:38 (occt_1157_stress:arm64+0x10054d2dc)
    #6 STEPControl_Writer::STEPControl_Writer() STEPControl_Writer.cxx:37 (occt_1157_stress:arm64+0x10054d558)
    #7 runStepWriteIndependent(int, int) occt_1157_stress.cpp:85 (occt_1157_stress:arm64+0x100000ad4)
    #8 std::__1::__invoke_result_impl<void, void (*)(int, int), int, int>::type std::__1::__invoke[abi:nqe220106]<void (*)(int, int), int, int>(void (*&&)(int, int), int&&, int&&) invoke.h:90 (occt_1157_stress:arm64+0x100006214)
    #9 void std::__1::__thread_execute[abi:nqe220106]<std::__1::unique_ptr<std::__1::__thread_struct, std::__1::default_delete<std::__1::__thread_struct>>, void (*)(int, int), int, int, 0ul, 1ul, 2ul>(std::__1::tuple<std::__1::unique_ptr<std::__1::__thread_struct, std::__1::default_delete<std::__1::__thread_struct>>, void (*)(int, int), int, int>&, std::__1::__integer_sequence<unsigned long, 0ul, 1ul, 2ul>) thread.h:161 (occt_1157_stress:arm64+0x100006214)
    #10 void* std::__1::__thread_proxy[abi:nqe220106]<std::__1::tuple<std::__1::unique_ptr<std::__1::__thread_struct, std::__1::default_delete<std::__1::__thread_struct>>, void (*)(int, int), int, int>>(void*) thread.h:169 (occt_1157_stress:arm64+0x100006214)

  Location is global 'THE_Interface_Static_deja' at 0x00010269f788 (occt_1157_stress+0x101cb3788)

  Thread T1 (tid=14909351, running) created by main thread at:
    #0 pthread_create <null> (libclang_rt.tsan_osx_dynamic.dylib:arm64e+0x33bac)
    #1 std::__1::__libcpp_thread_create[abi:nqe220106](_opaque_pthread_t**, void* (*)(void*), void*) pthread.h:182 (occt_1157_stress:arm64+0x1000060dc)
    #2 std::__1::thread::thread[abi:nqe220106]<void (*&)(int, int), int&, int&, 0>(void (*&)(int, int), int&, int&) thread.h:221 (occt_1157_stress:arm64+0x1000060dc)
    #3 std::__1::thread::thread[abi:nqe220106]<void (*&)(int, int), int&, int&, 0>(void (*&)(int, int), int&, int&) thread.h:212 (occt_1157_stress:arm64+0x10000645c)
    #4 void std::__1::allocator<std::__1::thread>::construct[abi:nqe220106]<std::__1::thread, void (*&)(int, int), int&, int&>(std::__1::thread*, void (*&)(int, int), int&, int&) allocator.h:141 (occt_1157_stress:arm64+0x10000645c)
    #5 void std::__1::allocator_traits<std::__1::allocator<std::__1::thread>>::construct[abi:nqe220106]<std::__1::thread, void (*&)(int, int), int&, int&, 0>(std::__1::allocator<std::__1::thread>&, std::__1::thread*, void (*&)(int, int), int&, int&) allocator_traits.h:296 (occt_1157_stress:arm64+0x10000645c)
    #6 std::__1::thread* std::__1::vector<std::__1::thread, std::__1::allocator<std::__1::thread>>::__emplace_back_slow_path<void (*&)(int, int), int&, int&>(void (*&)(int, int), int&, int&) vector.h:1109 (occt_1157_stress:arm64+0x10000645c)
    #7 std::__1::thread& std::__1::vector<std::__1::thread, std::__1::allocator<std::__1::thread>>::emplace_back<void (*&)(int, int), int&, int&>(void (*&)(int, int), int&, int&)::'lambda0'()::operator()() const vector.h:1149 (occt_1157_stress:arm64+0x100003918)
    #8 void std::__1::__if_likely_else[abi:nqe220106]<std::__1::thread& std::__1::vector<std::__1::thread, std::__1::allocator<std::__1::thread>>::emplace_back<void (*&)(int, int), int&, int&>(void (*&)(int, int), int&, int&)::'lambda'(), std::__1::thread& std::__1::vector<std::__1::thread, std::__1::allocator<std::__1::thread>>::emplace_back<void (*&)(int, int), int&, int&>(void (*&)(int, int), int&, int&)::'lambda0'()>(bool, std::__1::thread& std::__1::vector<std::__1::thread, std::__1::allocator<std::__1::thread>>::emplace_back<void (*&)(int, int), int&, int&>(void (*&)(int, int), int&, int&)::'lambda'(), std::__1::thread& std::__1::vector<std::__1::thread, std::__1::allocator<std::__1::thread>>::emplace_back<void (*&)(int, int), int&, int&>(void (*&)(int, int), int&, int&)::'lambda0'()) vector.h:1129 (occt_1157_stress:arm64+0x100003918)
    #9 std::__1::thread& std::__1::vector<std::__1::thread, std::__1::allocator<std::__1::thread>>::emplace_back<void (*&)(int, int), int&, int&>(void (*&)(int, int), int&, int&) vector.h:1143 (occt_1157_stress:arm64+0x100003918)
    #10 runOne(char const*, int, int) occt_1157_stress.cpp:359 (occt_1157_stress:arm64+0x100003918)
    #11 main occt_1157_stress.cpp:396 (occt_1157_stress:arm64+0x100002de4)

  Thread T5 (tid=14909355, running) created by main thread at:
    #0 pthread_create <null> (libclang_rt.tsan_osx_dynamic.dylib:arm64e+0x33bac)
    #1 std::__1::__libcpp_thread_create[abi:nqe220106](_opaque_pthread_t**, void* (*)(void*), void*) pthread.h:182 (occt_1157_stress:arm64+0x1000060dc)
    #2 std::__1::thread::thread[abi:nqe220106]<void (*&)(int, int), int&, int&, 0>(void (*&)(int, int), int&, int&) thread.h:221 (occt_1157_stress:arm64+0x1000060dc)
    #3 std::__1::thread::thread[abi:nqe220106]<void (*&)(int, int), int&, int&, 0>(void (*&)(int, int), int&, int&) thread.h:212 (occt_1157_stress:arm64+0x10000645c)
    #4 void std::__1::allocator<std::__1::thread>::construct[abi:nqe220106]<std::__1::thread, void (*&)(int, int), int&, int&>(std::__1::thread*, void (*&)(int, int), int&, int&) allocator.h:141 (occt_1157_stress:arm64+0x10000645c)
    #5 void std::__1::allocator_traits<std::__1::allocator<std::__1::thread>>::construct[abi:nqe220106]<std::__1::thread, void (*&)(int, int), int&, int&, 0>(std::__1::allocator<std::__1::thread>&, std::__1::thread*, void (*&)(int, int), int&, int&) allocator_traits.h:296 (occt_1157_stress:arm64+0x10000645c)
    #6 std::__1::thread* std::__1::vector<std::__1::thread, std::__1::allocator<std::__1::thread>>::__emplace_back_slow_path<void (*&)(int, int), int&, int&>(void (*&)(int, int), int&, int&) vector.h:1109 (occt_1157_stress:arm64+0x10000645c)
    #7 std::__1::thread& std::__1::vector<std::__1::thread, std::__1::allocator<std::__1::thread>>::emplace_back<void (*&)(int, int), int&, int&>(void (*&)(int, int), int&, int&)::'lambda0'()::operator()() const vector.h:1149 (occt_1157_stress:arm64+0x100003918)
    #8 void std::__1::__if_likely_else[abi:nqe220106]<std::__1::thread& std::__1::vector<std::__1::thread, std::__1::allocator<std::__1::thread>>::emplace_back<void (*&)(int, int), int&, int&>(void (*&)(int, int), int&, int&)::'lambda'(), std::__1::thread& std::__1::vector<std::__1::thread, std::__1::allocator<std::__1::thread>>::emplace_back<void (*&)(int, int), int&, int&>(void (*&)(int, int), int&, int&)::'lambda0'()>(bool, std::__1::thread& std::__1::vector<std::__1::thread, std::__1::allocator<std::__1::thread>>::emplace_back<void (*&)(int, int), int&, int&>(void (*&)(int, int), int&, int&)::'lambda'(), std::__1::thread& std::__1::vector<std::__1::thread, std::__1::allocator<std::__1::thread>>::emplace_back<void (*&)(int, int), int&, int&>(void (*&)(int, int), int&, int&)::'lambda0'()) vector.h:1129 (occt_1157_stress:arm64+0x100003918)
    #9 std::__1::thread& std::__1::vector<std::__1::thread, std::__1::allocator<std::__1::thread>>::emplace_back<void (*&)(int, int), int&, int&>(void (*&)(int, int), int&, int&) vector.h:1143 (occt_1157_stress:arm64+0x100003918)
    #10 runOne(char const*, int, int) occt_1157_stress.cpp:359 (occt_1157_stress:arm64+0x100003918)
    #11 main occt_1157_stress.cpp:396 (occt_1157_stress:arm64+0x100002de4)

SUMMARY: ThreadSanitizer: data race Interface_StaticStandards.cxx:24 in Interface_Static::Standards()
==================
==================
WARNING: ThreadSanitizer: data race (pid=70511)
  Write of size 8 at 0x00010269fef8 by thread T5:
    #0 NCollection_BaseMap::Increment() NCollection_BaseMap.hxx:220 (occt_1157_stress:arm64+0x10083ff20)
    #1 std::__1::conditional<false, opencascade::handle<Standard_Transient>&, bool>::type NCollection_DataMap<TCollection_AsciiString, opencascade::handle<Standard_Transient>, NCollection_DefaultHasher<TCollection_AsciiString>>::emplaceImpl<TCollection_AsciiString, false, false, opencascade::handle<Standard_Transient> const&>(TCollection_AsciiString&&, std::__1::integral_constant<bool, false>, std::__1::integral_constant<bool, false>, opencascade::handle<Standard_Transient> const&) NCollection_DataMap.hxx:814 (occt_1157_stress:arm64+0x10083ff20)
    #2 NCollection_DataMap<TCollection_AsciiString, opencascade::handle<Standard_Transient>, NCollection_DefaultHasher<TCollection_AsciiString>>::Bind(TCollection_AsciiString&&, opencascade::handle<Standard_Transient> const&) NCollection_DataMap.hxx:414 (occt_1157_stress:arm64+0x10133e764)
    #3 Interface_Static::Init(char const*, char const*, Interface_ParamType, char const*) Interface_Static.cxx:183 (occt_1157_stress:arm64+0x10133e764)
    #4 Interface_Static::Init(char const*, char const*, char, char const*) Interface_Static.cxx:275 (occt_1157_stress:arm64+0x10133ec84)
    #5 Interface_Static::Standards() Interface_StaticStandards.cxx:33 (occt_1157_stress:arm64+0x101340c08)
    #6 XSControl_Controller::XSControl_Controller(char const*, char const*) XSControl_Controller.cxx:69 (occt_1157_stress:arm64+0x1013d527c)
    #7 STEPControl_Controller::STEPControl_Controller() STEPControl_Controller.cxx:59 (occt_1157_stress:arm64+0x10053f7fc)
    #8 STEPControl_Controller::STEPControl_Controller() STEPControl_Controller.cxx:60 (occt_1157_stress:arm64+0x1005435f8)
    #9 STEPControl_Controller::Init() STEPControl_Controller.cxx:494 (occt_1157_stress:arm64+0x1005435f8)
    #10 STEPControl_Writer::STEPControl_Writer() STEPControl_Writer.cxx:38 (occt_1157_stress:arm64+0x10054d2dc)
    #11 STEPControl_Writer::STEPControl_Writer() STEPControl_Writer.cxx:37 (occt_1157_stress:arm64+0x10054d558)
    #12 runStepWriteIndependent(int, int) occt_1157_stress.cpp:85 (occt_1157_stress:arm64+0x100000ad4)
    #13 std::__1::__invoke_result_impl<void, void (*)(int, int), int, int>::type std::__1::__invoke[abi:nqe220106]<void (*)(int, int), int, int>(void (*&&)(int, int), int&&, int&&) invoke.h:90 (occt_1157_stress:arm64+0x100006214)
    #14 void std::__1::__thread_execute[abi:nqe220106]<std::__1::unique_ptr<std::__1::__thread_struct, std::__1::default_delete<std::__1::__thread_struct>>, void (*)(int, int), int, int, 0ul, 1ul, 2ul>(std::__1::tuple<std::__1::unique_ptr<std::__1::__thread_struct, std::__1::default_delete<std::__1::__thread_struct>>, void (*)(int, int), int, int>&, std::__1::__integer_sequence<unsigned long, 0ul, 1ul, 2ul>) thread.h:161 (occt_1157_stress:arm64+0x100006214)
    #15 void* std::__1::__thread_proxy[abi:nqe220106]<std::__1::tuple<std::__1::unique_ptr<std::__1::__thread_struct, std::__1::default_delete<std::__1::__thread_struct>>, void (*)(int, int), int, int>>(void*) thread.h:169 (occt_1157_stress:arm64+0x100006214)

  Previous read of size 8 at 0x00010269fef8 by thread T2:
    #0 NCollection_BaseMap::IsEmpty() const NCollection_BaseMap.hxx:157 (occt_1157_stress:arm64+0x10133e8ec)
    #1 NCollection_DataMap<TCollection_AsciiString, opencascade::handle<Standard_Transient>, NCollection_DefaultHasher<TCollection_AsciiString>>::lookup(TCollection_AsciiString const&, NCollection_DataMap<TCollection_AsciiString, opencascade::handle<Standard_Transient>, NCollection_DefaultHasher<TCollection_AsciiString>>::DataMapNode*&) const NCollection_DataMap.hxx:739 (occt_1157_stress:arm64+0x10133e8ec)
    #2 NCollection_DataMap<TCollection_AsciiString, opencascade::handle<Standard_Transient>, NCollection_DefaultHasher<TCollection_AsciiString>>::Find(TCollection_AsciiString const&, opencascade::handle<Standard_Transient>&) const NCollection_DataMap.hxx:685 (occt_1157_stress:arm64+0x10133e8ec)
    #3 Interface_Static::Static(char const*) Interface_Static.cxx:295 (occt_1157_stress:arm64+0x10133e8ec)
    #4 XSControl_Controller::TraceStatic(char const*, int) XSControl_Controller.cxx:80 (occt_1157_stress:arm64+0x1013d53b8)
    #5 XSControl_Controller::XSControl_Controller(char const*, char const*) XSControl_Controller.cxx:70 (occt_1157_stress:arm64+0x1013d5290)
    #6 STEPControl_Controller::STEPControl_Controller() STEPControl_Controller.cxx:59 (occt_1157_stress:arm64+0x10053f7fc)
    #7 STEPControl_Controller::STEPControl_Controller() STEPControl_Controller.cxx:60 (occt_1157_stress:arm64+0x1005435f8)
    #8 STEPControl_Controller::Init() STEPControl_Controller.cxx:494 (occt_1157_stress:arm64+0x1005435f8)
    #9 STEPControl_Writer::STEPControl_Writer() STEPControl_Writer.cxx:38 (occt_1157_stress:arm64+0x10054d2dc)
    #10 STEPControl_Writer::STEPControl_Writer() STEPControl_Writer.cxx:37 (occt_1157_stress:arm64+0x10054d558)
    #11 runStepWriteIndependent(int, int) occt_1157_stress.cpp:85 (occt_1157_stress:arm64+0x100000ad4)
    #12 std::__1::__invoke_result_impl<void, void (*)(int, int), int, int>::type std::__1::__invoke[abi:nqe220106]<void (*)(int, int), int, int>(void (*&&)(int, int), int&&, int&&) invoke.h:90 (occt_1157_stress:arm64+0x100006214)
    #13 void std::__1::__thread_execute[abi:nqe220106]<std::__1::unique_ptr<std::__1::__thread_struct, std::__1::default_delete<std::__1::__thread_struct>>, void (*)(int, int), int, int, 0ul, 1ul, 2ul>(std::__1::tuple<std::__1::unique_ptr<std::__1::__thread_struct, std::__1::default_delete<std::__1::__thread_struct>>, void (*)(int, int), int, int>&, std::__1::__integer_sequence<unsigned long, 0ul, 1ul, 2ul>) thread.h:161 (occt_1157_stress:arm64+0x100006214)
    #14 void* std::__1::__thread_proxy[abi:nqe220106]<std::__1::tuple<std::__1::unique_ptr<std::__1::__thread_struct, std::__1::default_delete<std::__1::__thread_struct>>, void (*)(int, int), int, int>>(void*) thread.h:169 (occt_1157_stress:arm64+0x100006214)

  Location is global 'astats' at 0x00010269fed0 (occt_1157_stress+0x101cb3ef8)

  Thread T5 (tid=14909355, running) created by main thread at:
    #0 pthread_create <null> (libclang_rt.tsan_osx_dynamic.dylib:arm64e+0x33bac)
    #1 std::__1::__libcpp_thread_create[abi:nqe220106](_opaque_pthread_t**, void* (*)(void*), void*) pthread.h:182 (occt_1157_stress:arm64+0x1000060dc)
    #2 std::__1::thread::thread[abi:nqe220106]<void (*&)(int, int), int&, int&, 0>(void (*&)(int, int), int&, int&) thread.h:221 (occt_1157_stress:arm64+0x1000060dc)
    #3 std::__1::thread::thread[abi:nqe220106]<void (*&)(int, int), int&, int&, 0>(void (*&)(int, int), int&, int&) thread.h:212 (occt_1157_stress:arm64+0x10000645c)
    #4 void std::__1::allocator<std::__1::thread>::construct[abi:nqe220106]<std::__1::thread, void (*&)(int, int), int&, int&>(std::__1::thread*, void (*&)(int, int), int&, int&) allocator.h:141 (occt_1157_stress:arm64+0x10000645c)
    #5 void std::__1::allocator_traits<std::__1::allocator<std::__1::thread>>::construct[abi:nqe220106]<std::__1::thread, void (*&)(int, int), int&, int&, 0>(std::__1::allocator<std::__1::thread>&, std::__1::thread*, void (*&)(int, int), int&, int&) allocator_traits.h:296 (occt_1157_stress:arm64+0x10000645c)
    #6 std::__1::thread* std::__1::vector<std::__1::thread, std::__1::allocator<std::__1::thread>>::__emplace_back_slow_path<void (*&)(int, int), int&, int&>(void (*&)(int, int), int&, int&) vector.h:1109 (occt_1157_stress:arm64+0x10000645c)
    #7 std::__1::thread& std::__1::vector<std::__1::thread, std::__1::allocator<std::__1::thread>>::emplace_back<void (*&)(int, int), int&, int&>(void (*&)(int, int), int&, int&)::'lambda0'()::operator()() const vector.h:1149 (occt_1157_stress:arm64+0x100003918)
    #8 void std::__1::__if_likely_else[abi:nqe220106]<std::__1::thread& std::__1::vector<std::__1::thread, std::__1::allocator<std::__1::thread>>::emplace_back<void (*&)(int, int), int&, int&>(void (*&)(int, int), int&, int&)::'lambda'(), std::__1::thread& std::__1::vector<std::__1::thread, std::__1::allocator<std::__1::thread>>::emplace_back<void (*&)(int, int), int&, int&>(void (*&)(int, int), int&, int&)::'lambda0'()>(bool, std::__1::thread& std::__1::vector<std::__1::thread, std::__1::allocator<std::__1::thread>>::emplace_back<void (*&)(int, int), int&, int&>(void (*&)(int, int), int&, int&)::'lambda'(), std::__1::thread& std::__1::vector<std::__1::thread, std::__1::allocator<std::__1::thread>>::emplace_back<void (*&)(int, int), int&, int&>(void (*&)(int, int), int&, int&)::'lambda0'()) vector.h:1129 (occt_1157_stress:arm64+0x100003918)
    #9 std::__1::thread& std::__1::vector<std::__1::thread, std::__1::allocator<std::__1::thread>>::emplace_back<void (*&)(int, int), int&, int&>(void (*&)(int, int), int&, int&) vector.h:1143 (occt_1157_stress:arm64+0x100003918)
    #10 runOne(char const*, int, int) occt_1157_stress.cpp:359 (occt_1157_stress:arm64+0x100003918)
    #11 main occt_1157_stress.cpp:396 (occt_1157_stress:arm64+0x100002de4)

  Thread T2 (tid=14909352, running) created by main thread at:
    #0 pthread_create <null> (libclang_rt.tsan_osx_dynamic.dylib:arm64e+0x33bac)
    #1 std::__1::__libcpp_thread_create[abi:nqe220106](_opaque_pthread_t**, void* (*)(void*), void*) pthread.h:182 (occt_1157_stress:arm64+0x1000060dc)
    #2 std::__1::thread::thread[abi:nqe220106]<void (*&)(int, int), int&, int&, 0>(void (*&)(int, int), int&, int&) thread.h:221 (occt_1157_stress:arm64+0x1000060dc)
    #3 std::__1::thread::thread[abi:nqe220106]<void (*&)(int, int), int&, int&, 0>(void (*&)(int, int), int&, int&) thread.h:212 (occt_1157_stress:arm64+0x10000645c)
    #4 void std::__1::allocator<std::__1::thread>::construct[abi:nqe220106]<std::__1::thread, void (*&)(int, int), int&, int&>(std::__1::thread*, void (*&)(int, int), int&, int&) allocator.h:141 (occt_1157_stress:arm64+0x10000645c)
    #5 void std::__1::allocator_traits<std::__1::allocator<std::__1::thread>>::construct[abi:nqe220106]<std::__1::thread, void (*&)(int, int), int&, int&, 0>(std::__1::allocator<std::__1::thread>&, std::__1::thread*, void (*&)(int, int), int&, int&) allocator_traits.h:296 (occt_1157_stress:arm64+0x10000645c)
    #6 std::__1::thread* std::__1::vector<std::__1::thread, std::__1::allocator<std::__1::thread>>::__emplace_back_slow_path<void (*&)(int, int), int&, int&>(void (*&)(int, int), int&, int&) vector.h:1109 (occt_1157_stress:arm64+0x10000645c)
    #7 std::__1::thread& std::__1::vector<std::__1::thread, std::__1::allocator<std::__1::thread>>::emplace_back<void (*&)(int, int), int&, int&>(void (*&)(int, int), int&, int&)::'lambda0'()::operator()() const vector.h:1149 (occt_1157_stress:arm64+0x100003918)
    #8 void std::__1::__if_likely_else[abi:nqe220106]<std::__1::thread& std::__1::vector<std::__1::thread, std::__1::allocator<std::__1::thread>>::emplace_back<void (*&)(int, int), int&, int&>(void (*&)(int, int), int&, int&)::'lambda'(), std::__1::thread& std::__1::vector<std::__1::thread, std::__1::allocator<std::__1::thread>>::emplace_back<void (*&)(int, int), int&, int&>(void (*&)(int, int), int&, int&)::'lambda0'()>(bool, std::__1::thread& std::__1::vector<std::__1::thread, std::__1::allocator<std::__1::thread>>::emplace_back<void (*&)(int, int), int&, int&>(void (*&)(int, int), int&, int&)::'lambda'(), std::__1::thread& std::__1::vector<std::__1::thread, std::__1::allocator<std::__1::thread>>::emplace_back<void (*&)(int, int), int&, int&>(void (*&)(int, int), int&, int&)::'lambda0'()) vector.h:1129 (occt_1157_stress:arm64+0x100003918)
    #9 std::__1::thread& std::__1::vector<std::__1::thread, std::__1::allocator<std::__1::thread>>::emplace_back<void (*&)(int, int), int&, int&>(void (*&)(int, int), int&, int&) vector.h:1143 (occt_1157_stress:arm64+0x100003918)
    #10 runOne(char const*, int, int) occt_1157_stress.cpp:359 (occt_1157_stress:arm64+0x100003918)
    #11 main occt_1157_stress.cpp:396 (occt_1157_stress:arm64+0x100002de4)

SUMMARY: ThreadSanitizer: data race NCollection_BaseMap.hxx:220 in NCollection_BaseMap::Increment()
==================
==================
WARNING: ThreadSanitizer: data race (pid=70511)
  Read of size 8 at 0x00010269fef0 by thread T2 (mutexes: write M0):
    #0 NCollection_BaseMap::BeginResize(unsigned long, unsigned long&, NCollection_ListNode**&, NCollection_ListNode**&) const NCollection_BaseMap.cxx:30 (occt_1157_stress:arm64+0x1008df9dc)
    #1 NCollection_DataMap<TCollection_AsciiString, opencascade::handle<Standard_Transient>, NCollection_DefaultHasher<TCollection_AsciiString>>::ReSize(unsigned long) NCollection_DataMap.hxx:365 (occt_1157_stress:arm64+0x100840190)
    #2 NCollection_DataMap<TCollection_AsciiString, opencascade::handle<Standard_Transient>, NCollection_DefaultHasher<TCollection_AsciiString>>::ReSize(int) NCollection_DataMap.hxx:394 (occt_1157_stress:arm64+0x10083fdc4)
    #3 std::__1::conditional<false, opencascade::handle<Standard_Transient>&, bool>::type NCollection_DataMap<TCollection_AsciiString, opencascade::handle<Standard_Transient>, NCollection_DefaultHasher<TCollection_AsciiString>>::emplaceImpl<TCollection_AsciiString, false, false, opencascade::handle<Standard_Transient> const&>(TCollection_AsciiString&&, std::__1::integral_constant<bool, false>, std::__1::integral_constant<bool, false>, opencascade::handle<Standard_Transient> const&) NCollection_DataMap.hxx:795 (occt_1157_stress:arm64+0x10083fdc4)
    #4 NCollection_DataMap<TCollection_AsciiString, opencascade::handle<Standard_Transient>, NCollection_DefaultHasher<TCollection_AsciiString>>::Bind(TCollection_AsciiString&&, opencascade::handle<Standard_Transient> const&) NCollection_DataMap.hxx:414 (occt_1157_stress:arm64+0x10133e764)
    #5 Interface_Static::Init(char const*, char const*, Interface_ParamType, char const*) Interface_Static.cxx:183 (occt_1157_stress:arm64+0x10133e764)
    #6 Interface_Static::Init(char const*, char const*, char, char const*) Interface_Static.cxx:275 (occt_1157_stress:arm64+0x10133ec84)
    #7 STEPControl_Controller::STEPControl_Controller() STEPControl_Controller.cxx:69 (occt_1157_stress:arm64+0x10053f874)
    #8 STEPControl_Controller::STEPControl_Controller() STEPControl_Controller.cxx:60 (occt_1157_stress:arm64+0x1005435f8)
    #9 STEPControl_Controller::Init() STEPControl_Controller.cxx:494 (occt_1157_stress:arm64+0x1005435f8)
    #10 STEPControl_Writer::STEPControl_Writer() STEPControl_Writer.cxx:38 (occt_1157_stress:arm64+0x10054d2dc)
    #11 STEPControl_Writer::STEPControl_Writer() STEPControl_Writer.cxx:37 (occt_1157_stress:arm64+0x10054d558)
    #12 runStepWriteIndependent(int, int) occt_1157_stress.cpp:85 (occt_1157_stress:arm64+0x100000ad4)
    #13 std::__1::__invoke_result_impl<void, void (*)(int, int), int, int>::type std::__1::__invoke[abi:nqe220106]<void (*)(int, int), int, int>(void (*&&)(int, int), int&&, int&&) invoke.h:90 (occt_1157_stress:arm64+0x100006214)
    #14 void std::__1::__thread_execute[abi:nqe220106]<std::__1::unique_ptr<std::__1::__thread_struct, std::__1::default_delete<std::__1::__thread_struct>>, void (*)(int, int), int, int, 0ul, 1ul, 2ul>(std::__1::tuple<std::__1::unique_ptr<std::__1::__thread_struct, std::__1::default_delete<std::__1::__thread_struct>>, void (*)(int, int), int, int>&, std::__1::__integer_sequence<unsigned long, 0ul, 1ul, 2ul>) thread.h:161 (occt_1157_stress:arm64+0x100006214)
    #15 void* std::__1::__thread_proxy[abi:nqe220106]<std::__1::tuple<std::__1::unique_ptr<std::__1::__thread_struct, std::__1::default_delete<std::__1::__thread_struct>>, void (*)(int, int), int, int>>(void*) thread.h:169 (occt_1157_stress:arm64+0x100006214)

  Previous write of size 8 at 0x00010269fef0 by thread T5:
    #0 NCollection_BaseMap::EndResize(unsigned long, unsigned long, NCollection_ListNode**, NCollection_ListNode**) NCollection_BaseMap.cxx:68 (occt_1157_stress:arm64+0x1008dfb48)
    #1 NCollection_DataMap<TCollection_AsciiString, opencascade::handle<Standard_Transient>, NCollection_DefaultHasher<TCollection_AsciiString>>::ReSize(unsigned long) NCollection_DataMap.hxx:387 (occt_1157_stress:arm64+0x1008402f8)
    #2 NCollection_DataMap<TCollection_AsciiString, opencascade::handle<Standard_Transient>, NCollection_DefaultHasher<TCollection_AsciiString>>::ReSize(int) NCollection_DataMap.hxx:394 (occt_1157_stress:arm64+0x10083fdc4)
    #3 std::__1::conditional<false, opencascade::handle<Standard_Transient>&, bool>::type NCollection_DataMap<TCollection_AsciiString, opencascade::handle<Standard_Transient>, NCollection_DefaultHasher<TCollection_AsciiString>>::emplaceImpl<TCollection_AsciiString, false, false, opencascade::handle<Standard_Transient> const&>(TCollection_AsciiString&&, std::__1::integral_constant<bool, false>, std::__1::integral_constant<bool, false>, opencascade::handle<Standard_Transient> const&) NCollection_DataMap.hxx:795 (occt_1157_stress:arm64+0x10083fdc4)
    #4 NCollection_DataMap<TCollection_AsciiString, opencascade::handle<Standard_Transient>, NCollection_DefaultHasher<TCollection_AsciiString>>::Bind(TCollection_AsciiString&&, opencascade::handle<Standard_Transient> const&) NCollection_DataMap.hxx:414 (occt_1157_stress:arm64+0x10133e764)
    #5 Interface_Static::Init(char const*, char const*, Interface_ParamType, char const*) Interface_Static.cxx:183 (occt_1157_stress:arm64+0x10133e764)
    #6 Interface_Static::Init(char const*, char const*, char, char const*) Interface_Static.cxx:275 (occt_1157_stress:arm64+0x10133ec84)
    #7 Interface_Static::Standards() Interface_StaticStandards.cxx:33 (occt_1157_stress:arm64+0x101340c08)
    #8 XSControl_Controller::XSControl_Controller(char const*, char const*) XSControl_Controller.cxx:69 (occt_1157_stress:arm64+0x1013d527c)
    #9 STEPControl_Controller::STEPControl_Controller() STEPControl_Controller.cxx:59 (occt_1157_stress:arm64+0x10053f7fc)
    #10 STEPControl_Controller::STEPControl_Controller() STEPControl_Controller.cxx:60 (occt_1157_stress:arm64+0x1005435f8)
    #11 STEPControl_Controller::Init() STEPControl_Controller.cxx:494 (occt_1157_stress:arm64+0x1005435f8)
    #12 STEPControl_Writer::STEPControl_Writer() STEPControl_Writer.cxx:38 (occt_1157_stress:arm64+0x10054d2dc)
    #13 STEPControl_Writer::STEPControl_Writer() STEPControl_Writer.cxx:37 (occt_1157_stress:arm64+0x10054d558)
    #14 runStepWriteIndependent(int, int) occt_1157_stress.cpp:85 (occt_1157_stress:arm64+0x100000ad4)
    #15 std::__1::__invoke_result_impl<void, void (*)(int, int), int, int>::type std::__1::__invoke[abi:nqe220106]<void (*)(int, int), int, int>(void (*&&)(int, int), int&&, int&&) invoke.h:90 (occt_1157_stress:arm64+0x100006214)
    #16 void std::__1::__thread_execute[abi:nqe220106]<std::__1::unique_ptr<std::__1::__thread_struct, std::__1::default_delete<std::__1::__thread_struct>>, void (*)(int, int), int, int, 0ul, 1ul, 2ul>(std::__1::tuple<std::__1::unique_ptr<std::__1::__thread_struct, std::__1::default_delete<std::__1::__thread_struct>>, void (*)(int, int), int, int>&, std::__1::__integer_sequence<unsigned long, 0ul, 1ul, 2ul>) thread.h:161 (occt_1157_stress:arm64+0x100006214)
    #17 void* std::__1::__thread_proxy[abi:nqe220106]<std::__1::tuple<std::__1::unique_ptr<std::__1::__thread_struct, std::__1::default_delete<std::__1::__thread_struct>>, void (*)(int, int), int, int>>(void*) thread.h:169 (occt_1157_stress:arm64+0x100006214)

  Location is global 'astats' at 0x00010269fed0 (occt_1157_stress+0x101cb3ef0)

  Mutex M0 (0x000102654788) created at:
    #0 pthread_mutex_lock <null> (libclang_rt.tsan_osx_dynamic.dylib:arm64e+0x35a34)
    #1 std::__1::mutex::lock() <null> (libc++.1.dylib:arm64e+0x3080)
    #2 STEPControl_Controller::STEPControl_Controller() STEPControl_Controller.cxx:60 (occt_1157_stress:arm64+0x1005435f8)
    #3 STEPControl_Controller::Init() STEPControl_Controller.cxx:494 (occt_1157_stress:arm64+0x1005435f8)
    #4 STEPControl_Writer::STEPControl_Writer() STEPControl_Writer.cxx:38 (occt_1157_stress:arm64+0x10054d2dc)
    #5 STEPControl_Writer::STEPControl_Writer() STEPControl_Writer.cxx:37 (occt_1157_stress:arm64+0x10054d558)
    #6 runStepWriteIndependent(int, int) occt_1157_stress.cpp:85 (occt_1157_stress:arm64+0x100000ad4)
    #7 std::__1::__invoke_result_impl<void, void (*)(int, int), int, int>::type std::__1::__invoke[abi:nqe220106]<void (*)(int, int), int, int>(void (*&&)(int, int), int&&, int&&) invoke.h:90 (occt_1157_stress:arm64+0x100006214)
    #8 void std::__1::__thread_execute[abi:nqe220106]<std::__1::unique_ptr<std::__1::__thread_struct, std::__1::default_delete<std::__1::__thread_struct>>, void (*)(int, int), int, int, 0ul, 1ul, 2ul>(std::__1::tuple<std::__1::unique_ptr<std::__1::__thread_struct, std::__1::default_delete<std::__1::__thread_struct>>, void (*)(int, int), int, int>&, std::__1::__integer_sequence<unsigned long, 0ul, 1ul, 2ul>) thread.h:161 (occt_1157_stress:arm64+0x100006214)
    #9 void* std::__1::__thread_proxy[abi:nqe220106]<std::__1::tuple<std::__1::unique_ptr<std::__1::__thread_struct, std::__1::default_delete<std::__1::__thread_struct>>, void (*)(int, int), int, int>>(void*) thread.h:169 (occt_1157_stress:arm64+0x100006214)

  Thread T2 (tid=14909352, running) created by main thread at:
    #0 pthread_create <null> (libclang_rt.tsan_osx_dynamic.dylib:arm64e+0x33bac)
    #1 std::__1::__libcpp_thread_create[abi:nqe220106](_opaque_pthread_t**, void* (*)(void*), void*) pthread.h:182 (occt_1157_stress:arm64+0x1000060dc)
    #2 std::__1::thread::thread[abi:nqe220106]<void (*&)(int, int), int&, int&, 0>(void (*&)(int, int), int&, int&) thread.h:221 (occt_1157_stress:arm64+0x1000060dc)
    #3 std::__1::thread::thread[abi:nqe220106]<void (*&)(int, int), int&, int&, 0>(void (*&)(int, int), int&, int&) thread.h:212 (occt_1157_stress:arm64+0x10000645c)
    #4 void std::__1::allocator<std::__1::thread>::construct[abi:nqe220106]<std::__1::thread, void (*&)(int, int), int&, int&>(std::__1::thread*, void (*&)(int, int), int&, int&) allocator.h:141 (occt_1157_stress:arm64+0x10000645c)
    #5 void std::__1::allocator_traits<std::__1::allocator<std::__1::thread>>::construct[abi:nqe220106]<std::__1::thread, void (*&)(int, int), int&, int&, 0>(std::__1::allocator<std::__1::thread>&, std::__1::thread*, void (*&)(int, int), int&, int&) allocator_traits.h:296 (occt_1157_stress:arm64+0x10000645c)
    #6 std::__1::thread* std::__1::vector<std::__1::thread, std::__1::allocator<std::__1::thread>>::__emplace_back_slow_path<void (*&)(int, int), int&, int&>(void (*&)(int, int), int&, int&) vector.h:1109 (occt_1157_stress:arm64+0x10000645c)
    #7 std::__1::thread& std::__1::vector<std::__1::thread, std::__1::allocator<std::__1::thread>>::emplace_back<void (*&)(int, int), int&, int&>(void (*&)(int, int), int&, int&)::'lambda0'()::operator()() const vector.h:1149 (occt_1157_stress:arm64+0x100003918)
    #8 void std::__1::__if_likely_else[abi:nqe220106]<std::__1::thread& std::__1::vector<std::__1::thread, std::__1::allocator<std::__1::thread>>::emplace_back<void (*&)(int, int), int&, int&>(void (*&)(int, int), int&, int&)::'lambda'(), std::__1::thread& std::__1::vector<std::__1::thread, std::__1::allocator<std::__1::thread>>::emplace_back<void (*&)(int, int), int&, int&>(void (*&)(int, int), int&, int&)::'lambda0'()>(bool, std::__1::thread& std::__1::vector<std::__1::thread, std::__1::allocator<std::__1::thread>>::emplace_back<void (*&)(int, int), int&, int&>(void (*&)(int, int), int&, int&)::'lambda'(), std::__1::thread& std::__1::vector<std::__1::thread, std::__1::allocator<std::__1::thread>>::emplace_back<void (*&)(int, int), int&, int&>(void (*&)(int, int), int&, int&)::'lambda0'()) vector.h:1129 (occt_1157_stress:arm64+0x100003918)
    #9 std::__1::thread& std::__1::vector<std::__1::thread, std::__1::allocator<std::__1::thread>>::emplace_back<void (*&)(int, int), int&, int&>(void (*&)(int, int), int&, int&) vector.h:1143 (occt_1157_stress:arm64+0x100003918)
    #10 runOne(char const*, int, int) occt_1157_stress.cpp:359 (occt_1157_stress:arm64+0x100003918)
    #11 main occt_1157_stress.cpp:396 (occt_1157_stress:arm64+0x100002de4)

  Thread T5 (tid=14909355, running) created by main thread at:
    #0 pthread_create <null> (libclang_rt.tsan_osx_dynamic.dylib:arm64e+0x33bac)
    #1 std::__1::__libcpp_thread_create[abi:nqe220106](_opaque_pthread_t**, void* (*)(void*), void*) pthread.h:182 (occt_1157_stress:arm64+0x1000060dc)
    #2 std::__1::thread::thread[abi:nqe220106]<void (*&)(int, int), int&, int&, 0>(void (*&)(int, int), int&, int&) thread.h:221 (occt_1157_stress:arm64+0x1000060dc)
    #3 std::__1::thread::thread[abi:nqe220106]<void (*&)(int, int), int&, int&, 0>(void (*&)(int, int), int&, int&) thread.h:212 (occt_1157_stress:arm64+0x10000645c)
    #4 void std::__1::allocator<std::__1::thread>::construct[abi:nqe220106]<std::__1::thread, void (*&)(int, int), int&, int&>(std::__1::thread*, void (*&)(int, int), int&, int&) allocator.h:141 (occt_1157_stress:arm64+0x10000645c)
    #5 void std::__1::allocator_traits<std::__1::allocator<std::__1::thread>>::construct[abi:nqe220106]<std::__1::thread, void (*&)(int, int), int&, int&, 0>(std::__1::allocator<std::__1::thread>&, std::__1::thread*, void (*&)(int, int), int&, int&) allocator_traits.h:296 (occt_1157_stress:arm64+0x10000645c)
    #6 std::__1::thread* std::__1::vector<std::__1::thread, std::__1::allocator<std::__1::thread>>::__emplace_back_slow_path<void (*&)(int, int), int&, int&>(void (*&)(int, int), int&, int&) vector.h:1109 (occt_1157_stress:arm64+0x10000645c)
    #7 std::__1::thread& std::__1::vector<std::__1::thread, std::__1::allocator<std::__1::thread>>::emplace_back<void (*&)(int, int), int&, int&>(void (*&)(int, int), int&, int&)::'lambda0'()::operator()() const vector.h:1149 (occt_1157_stress:arm64+0x100003918)
    #8 void std::__1::__if_likely_else[abi:nqe220106]<std::__1::thread& std::__1::vector<std::__1::thread, std::__1::allocator<std::__1::thread>>::emplace_back<void (*&)(int, int), int&, int&>(void (*&)(int, int), int&, int&)::'lambda'(), std::__1::thread& std::__1::vector<std::__1::thread, std::__1::allocator<std::__1::thread>>::emplace_back<void (*&)(int, int), int&, int&>(void (*&)(int, int), int&, int&)::'lambda0'()>(bool, std::__1::thread& std::__1::vector<std::__1::thread, std::__1::allocator<std::__1::thread>>::emplace_back<void (*&)(int, int), int&, int&>(void (*&)(int, int), int&, int&)::'lambda'(), std::__1::thread& std::__1::vector<std::__1::thread, std::__1::allocator<std::__1::thread>>::emplace_back<void (*&)(int, int), int&, int&>(void (*&)(int, int), int&, int&)::'lambda0'()) vector.h:1129 (occt_1157_stress:arm64+0x100003918)
    #9 std::__1::thread& std::__1::vector<std::__1::thread, std::__1::allocator<std::__1::thread>>::emplace_back<void (*&)(int, int), int&, int&>(void (*&)(int, int), int&, int&) vector.h:1143 (occt_1157_stress:arm64+0x100003918)
    #10 runOne(char const*, int, int) occt_1157_stress.cpp:359 (occt_1157_stress:arm64+0x100003918)
    #11 main occt_1157_stress.cpp:396 (occt_1157_stress:arm64+0x100002de4)

SUMMARY: ThreadSanitizer: data race NCollection_BaseMap.cxx:30 in NCollection_BaseMap::BeginResize(unsigned long, unsigned long&, NCollection_ListNode**&, NCollection_ListNode**&) const
==================
==================
WARNING: ThreadSanitizer: data race (pid=70511)
  Write of size 8 at 0x00010dd0bbd0 by thread T2 (mutexes: write M0):
    #0 std::__1::conditional<false, opencascade::handle<Standard_Transient>&, bool>::type NCollection_DataMap<TCollection_AsciiString, opencascade::handle<Standard_Transient>, NCollection_DefaultHasher<TCollection_AsciiString>>::emplaceImpl<TCollection_AsciiString, false, false, opencascade::handle<Standard_Transient> const&>(TCollection_AsciiString&&, std::__1::integral_constant<bool, false>, std::__1::integral_constant<bool, false>, opencascade::handle<Standard_Transient> const&) NCollection_DataMap.hxx:810 (occt_1157_stress:arm64+0x10083ff0c)
    #1 NCollection_DataMap<TCollection_AsciiString, opencascade::handle<Standard_Transient>, NCollection_DefaultHasher<TCollection_AsciiString>>::Bind(TCollection_AsciiString&&, opencascade::handle<Standard_Transient> const&) NCollection_DataMap.hxx:414 (occt_1157_stress:arm64+0x10133e764)
    #2 Interface_Static::Init(char const*, char const*, Interface_ParamType, char const*) Interface_Static.cxx:183 (occt_1157_stress:arm64+0x10133e764)
    #3 Interface_Static::Init(char const*, char const*, char, char const*) Interface_Static.cxx:275 (occt_1157_stress:arm64+0x10133ec84)
    #4 STEPControl_Controller::STEPControl_Controller() STEPControl_Controller.cxx:238 (occt_1157_stress:arm64+0x10054083c)
    #5 STEPControl_Controller::STEPControl_Controller() STEPControl_Controller.cxx:60 (occt_1157_stress:arm64+0x1005435f8)
    #6 STEPControl_Controller::Init() STEPControl_Controller.cxx:494 (occt_1157_stress:arm64+0x1005435f8)
    #7 STEPControl_Writer::STEPControl_Writer() STEPControl_Writer.cxx:38 (occt_1157_stress:arm64+0x10054d2dc)
    #8 STEPControl_Writer::STEPControl_Writer() STEPControl_Writer.cxx:37 (occt_1157_stress:arm64+0x10054d558)
    #9 runStepWriteIndependent(int, int) occt_1157_stress.cpp:85 (occt_1157_stress:arm64+0x100000ad4)
    #10 std::__1::__invoke_result_impl<void, void (*)(int, int), int, int>::type std::__1::__invoke[abi:nqe220106]<void (*)(int, int), int, int>(void (*&&)(int, int), int&&, int&&) invoke.h:90 (occt_1157_stress:arm64+0x100006214)
    #11 void std::__1::__thread_execute[abi:nqe220106]<std::__1::unique_ptr<std::__1::__thread_struct, std::__1::default_delete<std::__1::__thread_struct>>, void (*)(int, int), int, int, 0ul, 1ul, 2ul>(std::__1::tuple<std::__1::unique_ptr<std::__1::__thread_struct, std::__1::default_delete<std::__1::__thread_struct>>, void (*)(int, int), int, int>&, std::__1::__integer_sequence<unsigned long, 0ul, 1ul, 2ul>) thread.h:161 (occt_1157_stress:arm64+0x100006214)
    #12 void* std::__1::__thread_proxy[abi:nqe220106]<std::__1::tuple<std::__1::unique_ptr<std::__1::__thread_struct, std::__1::default_delete<std::__1::__thread_struct>>, void (*)(int, int), int, int>>(void*) thread.h:169 (occt_1157_stress:arm64+0x100006214)

  Previous read of size 8 at 0x00010dd0bbd0 by thread T5:
    #0 NCollection_DataMap<TCollection_AsciiString, opencascade::handle<Standard_Transient>, NCollection_DefaultHasher<TCollection_AsciiString>>::lookup(TCollection_AsciiString const&, NCollection_DataMap<TCollection_AsciiString, opencascade::handle<Standard_Transient>, NCollection_DefaultHasher<TCollection_AsciiString>>::DataMapNode*&) const NCollection_DataMap.hxx (occt_1157_stress:arm64+0x10133e9a4)
    #1 NCollection_DataMap<TCollection_AsciiString, opencascade::handle<Standard_Transient>, NCollection_DefaultHasher<TCollection_AsciiString>>::Find(TCollection_AsciiString const&, opencascade::handle<Standard_Transient>&) const NCollection_DataMap.hxx:685 (occt_1157_stress:arm64+0x10133e9a4)
    #2 Interface_Static::Static(char const*) Interface_Static.cxx:295 (occt_1157_stress:arm64+0x10133e9a4)
    #3 XSControl_Controller::TraceStatic(char const*, int) XSControl_Controller.cxx:80 (occt_1157_stress:arm64+0x1013d53b8)
    #4 XSControl_Controller::XSControl_Controller(char const*, char const*) XSControl_Controller.cxx:71 (occt_1157_stress:arm64+0x1013d52a4)
    #5 STEPControl_Controller::STEPControl_Controller() STEPControl_Controller.cxx:59 (occt_1157_stress:arm64+0x10053f7fc)
    #6 STEPControl_Controller::STEPControl_Controller() STEPControl_Controller.cxx:60 (occt_1157_stress:arm64+0x1005435f8)
    #7 STEPControl_Controller::Init() STEPControl_Controller.cxx:494 (occt_1157_stress:arm64+0x1005435f8)
    #8 STEPControl_Writer::STEPControl_Writer() STEPControl_Writer.cxx:38 (occt_1157_stress:arm64+0x10054d2dc)
    #9 STEPControl_Writer::STEPControl_Writer() STEPControl_Writer.cxx:37 (occt_1157_stress:arm64+0x10054d558)
    #10 runStepWriteIndependent(int, int) occt_1157_stress.cpp:85 (occt_1157_stress:arm64+0x100000ad4)
    #11 std::__1::__invoke_result_impl<void, void (*)(int, int), int, int>::type std::__1::__invoke[abi:nqe220106]<void (*)(int, int), int, int>(void (*&&)(int, int), int&&, int&&) invoke.h:90 (occt_1157_stress:arm64+0x100006214)
    #12 void std::__1::__thread_execute[abi:nqe220106]<std::__1::unique_ptr<std::__1::__thread_struct, std::__1::default_delete<std::__1::__thread_struct>>, void (*)(int, int), int, int, 0ul, 1ul, 2ul>(std::__1::tuple<std::__1::unique_ptr<std::__1::__thread_struct, std::__1::default_delete<std::__1::__thread_struct>>, void (*)(int, int), int, int>&, std::__1::__integer_sequence<unsigned long, 0ul, 1ul, 2ul>) thread.h:161 (occt_1157_stress:arm64+0x100006214)
    #13 void* std::__1::__thread_proxy[abi:nqe220106]<std::__1::tuple<std::__1::unique_ptr<std::__1::__thread_struct, std::__1::default_delete<std::__1::__thread_struct>>, void (*)(int, int), int, int>>(void*) thread.h:169 (occt_1157_stress:arm64+0x100006214)

  Location is heap block of size 816 at 0x00010dd0b980 allocated by thread T5:
    #0 calloc <null> (libclang_rt.tsan_osx_dynamic.dylib:arm64e+0x67ff4)
    #1 Standard::Allocate(unsigned long) Standard.cxx:386 (occt_1157_stress:arm64+0x1008bee84)
    #2 NCollection_BaseMap::BeginResize(unsigned long, unsigned long&, NCollection_ListNode**&, NCollection_ListNode**&) const NCollection_BaseMap.cxx:42 (occt_1157_stress:arm64+0x1008dfa1c)
    #3 NCollection_DataMap<TCollection_AsciiString, opencascade::handle<Standard_Transient>, NCollection_DefaultHasher<TCollection_AsciiString>>::ReSize(unsigned long) NCollection_DataMap.hxx:365 (occt_1157_stress:arm64+0x100840190)
    #4 NCollection_DataMap<TCollection_AsciiString, opencascade::handle<Standard_Transient>, NCollection_DefaultHasher<TCollection_AsciiString>>::ReSize(int) NCollection_DataMap.hxx:394 (occt_1157_stress:arm64+0x10083fdc4)
    #5 std::__1::conditional<false, opencascade::handle<Standard_Transient>&, bool>::type NCollection_DataMap<TCollection_AsciiString, opencascade::handle<Standard_Transient>, NCollection_DefaultHasher<TCollection_AsciiString>>::emplaceImpl<TCollection_AsciiString, false, false, opencascade::handle<Standard_Transient> const&>(TCollection_AsciiString&&, std::__1::integral_constant<bool, false>, std::__1::integral_constant<bool, false>, opencascade::handle<Standard_Transient> const&) NCollection_DataMap.hxx:795 (occt_1157_stress:arm64+0x10083fdc4)
    #6 NCollection_DataMap<TCollection_AsciiString, opencascade::handle<Standard_Transient>, NCollection_DefaultHasher<TCollection_AsciiString>>::Bind(TCollection_AsciiString&&, opencascade::handle<Standard_Transient> const&) NCollection_DataMap.hxx:414 (occt_1157_stress:arm64+0x10133e764)
    #7 Interface_Static::Init(char const*, char const*, Interface_ParamType, char const*) Interface_Static.cxx:183 (occt_1157_stress:arm64+0x10133e764)
    #8 Interface_Static::Init(char const*, char const*, char, char const*) Interface_Static.cxx:275 (occt_1157_stress:arm64+0x10133ec84)
    #9 Interface_Static::Standards() Interface_StaticStandards.cxx:33 (occt_1157_stress:arm64+0x101340c08)
    #10 XSControl_Controller::XSControl_Controller(char const*, char const*) XSControl_Controller.cxx:69 (occt_1157_stress:arm64+0x1013d527c)
    #11 STEPControl_Controller::STEPControl_Controller() STEPControl_Controller.cxx:59 (occt_1157_stress:arm64+0x10053f7fc)
    #12 STEPControl_Controller::STEPControl_Controller() STEPControl_Controller.cxx:60 (occt_1157_stress:arm64+0x1005435f8)
    #13 STEPControl_Controller::Init() STEPControl_Controller.cxx:494 (occt_1157_stress:arm64+0x1005435f8)
    #14 STEPControl_Writer::STEPControl_Writer() STEPControl_Writer.cxx:38 (occt_1157_stress:arm64+0x10054d2dc)
    #15 STEPControl_Writer::STEPControl_Writer() STEPControl_Writer.cxx:37 (occt_1157_stress:arm64+0x10054d558)
    #16 runStepWriteIndependent(int, int) occt_1157_stress.cpp:85 (occt_1157_stress:arm64+0x100000ad4)
    #17 std::__1::__invoke_result_impl<void, void (*)(int, int), int, int>::type std::__1::__invoke[abi:nqe220106]<void (*)(int, int), int, int>(void (*&&)(int, int), int&&, int&&) invoke.h:90 (occt_1157_stress:arm64+0x100006214)
    #18 void std::__1::__thread_execute[abi:nqe220106]<std::__1::unique_ptr<std::__1::__thread_struct, std::__1::default_delete<std::__1::__thread_struct>>, void (*)(int, int), int, int, 0ul, 1ul, 2ul>(std::__1::tuple<std::__1::unique_ptr<std::__1::__thread_struct, std::__1::default_delete<std::__1::__thread_struct>>, void (*)(int, int), int, int>&, std::__1::__integer_sequence<unsigned long, 0ul, 1ul, 2ul>) thread.h:161 (occt_1157_stress:arm64+0x100006214)
    #19 void* std::__1::__thread_proxy[abi:nqe220106]<std::__1::tuple<std::__1::unique_ptr<std::__1::__thread_struct, std::__1::default_delete<std::__1::__thread_struct>>, void (*)(int, int), int, int>>(void*) thread.h:169 (occt_1157_stress:arm64+0x100006214)

  Mutex M0 (0x000102654788) created at:
    #0 pthread_mutex_lock <null> (libclang_rt.tsan_osx_dynamic.dylib:arm64e+0x35a34)
    #1 std::__1::mutex::lock() <null> (libc++.1.dylib:arm64e+0x3080)
    #2 STEPControl_Controller::STEPControl_Controller() STEPControl_Controller.cxx:60 (occt_1157_stress:arm64+0x1005435f8)
    #3 STEPControl_Controller::Init() STEPControl_Controller.cxx:494 (occt_1157_stress:arm64+0x1005435f8)
    #4 STEPControl_Writer::STEPControl_Writer() STEPControl_Writer.cxx:38 (occt_1157_stress:arm64+0x10054d2dc)
    #5 STEPControl_Writer::STEPControl_Writer() STEPControl_Writer.cxx:37 (occt_1157_stress:arm64+0x10054d558)
    #6 runStepWriteIndependent(int, int) occt_1157_stress.cpp:85 (occt_1157_stress:arm64+0x100000ad4)
    #7 std::__1::__invoke_result_impl<void, void (*)(int, int), int, int>::type std::__1::__invoke[abi:nqe220106]<void (*)(int, int), int, int>(void (*&&)(int, int), int&&, int&&) invoke.h:90 (occt_1157_stress:arm64+0x100006214)
    #8 void std::__1::__thread_execute[abi:nqe220106]<std::__1::unique_ptr<std::__1::__thread_struct, std::__1::default_delete<std::__1::__thread_struct>>, void (*)(int, int), int, int, 0ul, 1ul, 2ul>(std::__1::tuple<std::__1::unique_ptr<std::__1::__thread_struct, std::__1::default_delete<std::__1::__thread_struct>>, void (*)(int, int), int, int>&, std::__1::__integer_sequence<unsigned long, 0ul, 1ul, 2ul>) thread.h:161 (occt_1157_stress:arm64+0x100006214)
    #9 void* std::__1::__thread_proxy[abi:nqe220106]<std::__1::tuple<std::__1::unique_ptr<std::__1::__thread_struct, std::__1::default_delete<std::__1::__thread_struct>>, void (*)(int, int), int, int>>(void*) thread.h:169 (occt_1157_stress:arm64+0x100006214)

  Thread T2 (tid=14909352, running) created by main thread at:
    #0 pthread_create <null> (libclang_rt.tsan_osx_dynamic.dylib:arm64e+0x33bac)
    #1 std::__1::__libcpp_thread_create[abi:nqe220106](_opaque_pthread_t**, void* (*)(void*), void*) pthread.h:182 (occt_1157_stress:arm64+0x1000060dc)
    #2 std::__1::thread::thread[abi:nqe220106]<void (*&)(int, int), int&, int&, 0>(void (*&)(int, int), int&, int&) thread.h:221 (occt_1157_stress:arm64+0x1000060dc)
    #3 std::__1::thread::thread[abi:nqe220106]<void (*&)(int, int), int&, int&, 0>(void (*&)(int, int), int&, int&) thread.h:212 (occt_1157_stress:arm64+0x10000645c)
    #4 void std::__1::allocator<std::__1::thread>::construct[abi:nqe220106]<std::__1::thread, void (*&)(int, int), int&, int&>(std::__1::thread*, void (*&)(int, int), int&, int&) allocator.h:141 (occt_1157_stress:arm64+0x10000645c)
    #5 void std::__1::allocator_traits<std::__1::allocator<std::__1::thread>>::construct[abi:nqe220106]<std::__1::thread, void (*&)(int, int), int&, int&, 0>(std::__1::allocator<std::__1::thread>&, std::__1::thread*, void (*&)(int, int), int&, int&) allocator_traits.h:296 (occt_1157_stress:arm64+0x10000645c)
    #6 std::__1::thread* std::__1::vector<std::__1::thread, std::__1::allocator<std::__1::thread>>::__emplace_back_slow_path<void (*&)(int, int), int&, int&>(void (*&)(int, int), int&, int&) vector.h:1109 (occt_1157_stress:arm64+0x10000645c)
    #7 std::__1::thread& std::__1::vector<std::__1::thread, std::__1::allocator<std::__1::thread>>::emplace_back<void (*&)(int, int), int&, int&>(void (*&)(int, int), int&, int&)::'lambda0'()::operator()() const vector.h:1149 (occt_1157_stress:arm64+0x100003918)
    #8 void std::__1::__if_likely_else[abi:nqe220106]<std::__1::thread& std::__1::vector<std::__1::thread, std::__1::allocator<std::__1::thread>>::emplace_back<void (*&)(int, int), int&, int&>(void (*&)(int, int), int&, int&)::'lambda'(), std::__1::thread& std::__1::vector<std::__1::thread, std::__1::allocator<std::__1::thread>>::emplace_back<void (*&)(int, int), int&, int&>(void (*&)(int, int), int&, int&)::'lambda0'()>(bool, std::__1::thread& std::__1::vector<std::__1::thread, std::__1::allocator<std::__1::thread>>::emplace_back<void (*&)(int, int), int&, int&>(void (*&)(int, int), int&, int&)::'lambda'(), std::__1::thread& std::__1::vector<std::__1::thread, std::__1::allocator<std::__1::thread>>::emplace_back<void (*&)(int, int), int&, int&>(void (*&)(int, int), int&, int&)::'lambda0'()) vector.h:1129 (occt_1157_stress:arm64+0x100003918)
    #9 std::__1::thread& std::__1::vector<std::__1::thread, std::__1::allocator<std::__1::thread>>::emplace_back<void (*&)(int, int), int&, int&>(void (*&)(int, int), int&, int&) vector.h:1143 (occt_1157_stress:arm64+0x100003918)
    #10 runOne(char const*, int, int) occt_1157_stress.cpp:359 (occt_1157_stress:arm64+0x100003918)
    #11 main occt_1157_stress.cpp:396 (occt_1157_stress:arm64+0x100002de4)

  Thread T5 (tid=14909355, running) created by main thread at:
    #0 pthread_create <null> (libclang_rt.tsan_osx_dynamic.dylib:arm64e+0x33bac)
    #1 std::__1::__libcpp_thread_create[abi:nqe220106](_opaque_pthread_t**, void* (*)(void*), void*) pthread.h:182 (occt_1157_stress:arm64+0x1000060dc)
    #2 std::__1::thread::thread[abi:nqe220106]<void (*&)(int, int), int&, int&, 0>(void (*&)(int, int), int&, int&) thread.h:221 (occt_1157_stress:arm64+0x1000060dc)
    #3 std::__1::thread::thread[abi:nqe220106]<void (*&)(int, int), int&, int&, 0>(void (*&)(int, int), int&, int&) thread.h:212 (occt_1157_stress:arm64+0x10000645c)
    #4 void std::__1::allocator<std::__1::thread>::construct[abi:nqe220106]<std::__1::thread, void (*&)(int, int), int&, int&>(std::__1::thread*, void (*&)(int, int), int&, int&) allocator.h:141 (occt_1157_stress:arm64+0x10000645c)
    #5 void std::__1::allocator_traits<std::__1::allocator<std::__1::thread>>::construct[abi:nqe220106]<std::__1::thread, void (*&)(int, int), int&, int&, 0>(std::__1::allocator<std::__1::thread>&, std::__1::thread*, void (*&)(int, int), int&, int&) allocator_traits.h:296 (occt_1157_stress:arm64+0x10000645c)
    #6 std::__1::thread* std::__1::vector<std::__1::thread, std::__1::allocator<std::__1::thread>>::__emplace_back_slow_path<void (*&)(int, int), int&, int&>(void (*&)(int, int), int&, int&) vector.h:1109 (occt_1157_stress:arm64+0x10000645c)
    #7 std::__1::thread& std::__1::vector<std::__1::thread, std::__1::allocator<std::__1::thread>>::emplace_back<void (*&)(int, int), int&, int&>(void (*&)(int, int), int&, int&)::'lambda0'()::operator()() const vector.h:1149 (occt_1157_stress:arm64+0x100003918)
    #8 void std::__1::__if_likely_else[abi:nqe220106]<std::__1::thread& std::__1::vector<std::__1::thread, std::__1::allocator<std::__1::thread>>::emplace_back<void (*&)(int, int), int&, int&>(void (*&)(int, int), int&, int&)::'lambda'(), std::__1::thread& std::__1::vector<std::__1::thread, std::__1::allocator<std::__1::thread>>::emplace_back<void (*&)(int, int), int&, int&>(void (*&)(int, int), int&, int&)::'lambda0'()>(bool, std::__1::thread& std::__1::vector<std::__1::thread, std::__1::allocator<std::__1::thread>>::emplace_back<void (*&)(int, int), int&, int&>(void (*&)(int, int), int&, int&)::'lambda'(), std::__1::thread& std::__1::vector<std::__1::thread, std::__1::allocator<std::__1::thread>>::emplace_back<void (*&)(int, int), int&, int&>(void (*&)(int, int), int&, int&)::'lambda0'()) vector.h:1129 (occt_1157_stress:arm64+0x100003918)
    #9 std::__1::thread& std::__1::vector<std::__1::thread, std::__1::allocator<std::__1::thread>>::emplace_back<void (*&)(int, int), int&, int&>(void (*&)(int, int), int&, int&) vector.h:1143 (occt_1157_stress:arm64+0x100003918)
    #10 runOne(char const*, int, int) occt_1157_stress.cpp:359 (occt_1157_stress:arm64+0x100003918)
    #11 main occt_1157_stress.cpp:396 (occt_1157_stress:arm64+0x100002de4)

SUMMARY: ThreadSanitizer: data race NCollection_DataMap.hxx:810 in std::__1::conditional<false, opencascade::handle<Standard_Transient>&, bool>::type NCollection_DataMap<TCollection_AsciiString, opencascade::handle<Standard_Transient>, NCollection_DefaultHasher<TCollection_AsciiString>>::emplaceImpl<TCollection_AsciiString, false, false, opencascade::handle<Standard_Transient> const&>(TCollection_AsciiString&&, std::__1::integral_constant<bool, false>, std::__1::integral_constant<bool, false>, opencascade::handle<Standard_Transient> const&)
==================
==================
WARNING: ThreadSanitizer: data race (pid=70511)
  Write of size 8 at 0x00010dd0ba68 by thread T2 (mutexes: write M0):
    #0 std::__1::conditional<false, opencascade::handle<Standard_Transient>&, bool>::type NCollection_DataMap<TCollection_AsciiString, opencascade::handle<Standard_Transient>, NCollection_DefaultHasher<TCollection_AsciiString>>::emplaceImpl<TCollection_AsciiString, false, false, opencascade::handle<Standard_Transient> const&>(TCollection_AsciiString&&, std::__1::integral_constant<bool, false>, std::__1::integral_constant<bool, false>, opencascade::handle<Standard_Transient> const&) NCollection_DataMap.hxx:810 (occt_1157_stress:arm64+0x10083ff0c)
    #1 NCollection_DataMap<TCollection_AsciiString, opencascade::handle<Standard_Transient>, NCollection_DefaultHasher<TCollection_AsciiString>>::Bind(TCollection_AsciiString&&, opencascade::handle<Standard_Transient> const&) NCollection_DataMap.hxx:414 (occt_1157_stress:arm64+0x10133e764)
    #2 Interface_Static::Init(char const*, char const*, Interface_ParamType, char const*) Interface_Static.cxx:183 (occt_1157_stress:arm64+0x10133e764)
    #3 Interface_Static::Init(char const*, char const*, char, char const*) Interface_Static.cxx:275 (occt_1157_stress:arm64+0x10133ec84)
    #4 STEPControl_Controller::STEPControl_Controller() STEPControl_Controller.cxx:259 (occt_1157_stress:arm64+0x100540a7c)
    #5 STEPControl_Controller::STEPControl_Controller() STEPControl_Controller.cxx:60 (occt_1157_stress:arm64+0x1005435f8)
    #6 STEPControl_Controller::Init() STEPControl_Controller.cxx:494 (occt_1157_stress:arm64+0x1005435f8)
    #7 STEPControl_Writer::STEPControl_Writer() STEPControl_Writer.cxx:38 (occt_1157_stress:arm64+0x10054d2dc)
    #8 STEPControl_Writer::STEPControl_Writer() STEPControl_Writer.cxx:37 (occt_1157_stress:arm64+0x10054d558)
    #9 runStepWriteIndependent(int, int) occt_1157_stress.cpp:85 (occt_1157_stress:arm64+0x100000ad4)
    #10 std::__1::__invoke_result_impl<void, void (*)(int, int), int, int>::type std::__1::__invoke[abi:nqe220106]<void (*)(int, int), int, int>(void (*&&)(int, int), int&&, int&&) invoke.h:90 (occt_1157_stress:arm64+0x100006214)
    #11 void std::__1::__thread_execute[abi:nqe220106]<std::__1::unique_ptr<std::__1::__thread_struct, std::__1::default_delete<std::__1::__thread_struct>>, void (*)(int, int), int, int, 0ul, 1ul, 2ul>(std::__1::tuple<std::__1::unique_ptr<std::__1::__thread_struct, std::__1::default_delete<std::__1::__thread_struct>>, void (*)(int, int), int, int>&, std::__1::__integer_sequence<unsigned long, 0ul, 1ul, 2ul>) thread.h:161 (occt_1157_stress:arm64+0x100006214)
    #12 void* std::__1::__thread_proxy[abi:nqe220106]<std::__1::tuple<std::__1::unique_ptr<std::__1::__thread_struct, std::__1::default_delete<std::__1::__thread_struct>>, void (*)(int, int), int, int>>(void*) thread.h:169 (occt_1157_stress:arm64+0x100006214)

  Previous read of size 8 at 0x00010dd0ba68 by thread T5:
    #0 NCollection_DataMap<TCollection_AsciiString, opencascade::handle<Standard_Transient>, NCollection_DefaultHasher<TCollection_AsciiString>>::lookup(TCollection_AsciiString const&, NCollection_DataMap<TCollection_AsciiString, opencascade::handle<Standard_Transient>, NCollection_DefaultHasher<TCollection_AsciiString>>::DataMapNode*&) const NCollection_DataMap.hxx (occt_1157_stress:arm64+0x10133e9a4)
    #1 NCollection_DataMap<TCollection_AsciiString, opencascade::handle<Standard_Transient>, NCollection_DefaultHasher<TCollection_AsciiString>>::Find(TCollection_AsciiString const&, opencascade::handle<Standard_Transient>&) const NCollection_DataMap.hxx:685 (occt_1157_stress:arm64+0x10133e9a4)
    #2 Interface_Static::Static(char const*) Interface_Static.cxx:295 (occt_1157_stress:arm64+0x10133e9a4)
    #3 XSControl_Controller::TraceStatic(char const*, int) XSControl_Controller.cxx:80 (occt_1157_stress:arm64+0x1013d53b8)
    #4 XSControl_Controller::XSControl_Controller(char const*, char const*) XSControl_Controller.cxx:72 (occt_1157_stress:arm64+0x1013d52b8)
    #5 STEPControl_Controller::STEPControl_Controller() STEPControl_Controller.cxx:59 (occt_1157_stress:arm64+0x10053f7fc)
    #6 STEPControl_Controller::STEPControl_Controller() STEPControl_Controller.cxx:60 (occt_1157_stress:arm64+0x1005435f8)
    #7 STEPControl_Controller::Init() STEPControl_Controller.cxx:494 (occt_1157_stress:arm64+0x1005435f8)
    #8 STEPControl_Writer::STEPControl_Writer() STEPControl_Writer.cxx:38 (occt_1157_stress:arm64+0x10054d2dc)
    #9 STEPControl_Writer::STEPControl_Writer() STEPControl_Writer.cxx:37 (occt_1157_stress:arm64+0x10054d558)
    #10 runStepWriteIndependent(int, int) occt_1157_stress.cpp:85 (occt_1157_stress:arm64+0x100000ad4)
    #11 std::__1::__invoke_result_impl<void, void (*)(int, int), int, int>::type std::__1::__invoke[abi:nqe220106]<void (*)(int, int), int, int>(void (*&&)(int, int), int&&, int&&) invoke.h:90 (occt_1157_stress:arm64+0x100006214)
    #12 void std::__1::__thread_execute[abi:nqe220106]<std::__1::unique_ptr<std::__1::__thread_struct, std::__1::default_delete<std::__1::__thread_struct>>, void (*)(int, int), int, int, 0ul, 1ul, 2ul>(std::__1::tuple<std::__1::unique_ptr<std::__1::__thread_struct, std::__1::default_delete<std::__1::__thread_struct>>, void (*)(int, int), int, int>&, std::__1::__integer_sequence<unsigned long, 0ul, 1ul, 2ul>) thread.h:161 (occt_1157_stress:arm64+0x100006214)
    #13 void* std::__1::__thread_proxy[abi:nqe220106]<std::__1::tuple<std::__1::unique_ptr<std::__1::__thread_struct, std::__1::default_delete<std::__1::__thread_struct>>, void (*)(int, int), int, int>>(void*) thread.h:169 (occt_1157_stress:arm64+0x100006214)

  Location is heap block of size 816 at 0x00010dd0b980 allocated by thread T5:
    #0 calloc <null> (libclang_rt.tsan_osx_dynamic.dylib:arm64e+0x67ff4)
    #1 Standard::Allocate(unsigned long) Standard.cxx:386 (occt_1157_stress:arm64+0x1008bee84)
    #2 NCollection_BaseMap::BeginResize(unsigned long, unsigned long&, NCollection_ListNode**&, NCollection_ListNode**&) const NCollection_BaseMap.cxx:42 (occt_1157_stress:arm64+0x1008dfa1c)
    #3 NCollection_DataMap<TCollection_AsciiString, opencascade::handle<Standard_Transient>, NCollection_DefaultHasher<TCollection_AsciiString>>::ReSize(unsigned long) NCollection_DataMap.hxx:365 (occt_1157_stress:arm64+0x100840190)
    #4 NCollection_DataMap<TCollection_AsciiString, opencascade::handle<Standard_Transient>, NCollection_DefaultHasher<TCollection_AsciiString>>::ReSize(int) NCollection_DataMap.hxx:394 (occt_1157_stress:arm64+0x10083fdc4)
    #5 std::__1::conditional<false, opencascade::handle<Standard_Transient>&, bool>::type NCollection_DataMap<TCollection_AsciiString, opencascade::handle<Standard_Transient>, NCollection_DefaultHasher<TCollection_AsciiString>>::emplaceImpl<TCollection_AsciiString, false, false, opencascade::handle<Standard_Transient> const&>(TCollection_AsciiString&&, std::__1::integral_constant<bool, false>, std::__1::integral_constant<bool, false>, opencascade::handle<Standard_Transient> const&) NCollection_DataMap.hxx:795 (occt_1157_stress:arm64+0x10083fdc4)
    #6 NCollection_DataMap<TCollection_AsciiString, opencascade::handle<Standard_Transient>, NCollection_DefaultHasher<TCollection_AsciiString>>::Bind(TCollection_AsciiString&&, opencascade::handle<Standard_Transient> const&) NCollection_DataMap.hxx:414 (occt_1157_stress:arm64+0x10133e764)
    #7 Interface_Static::Init(char const*, char const*, Interface_ParamType, char const*) Interface_Static.cxx:183 (occt_1157_stress:arm64+0x10133e764)
    #8 Interface_Static::Init(char const*, char const*, char, char const*) Interface_Static.cxx:275 (occt_1157_stress:arm64+0x10133ec84)
    #9 Interface_Static::Standards() Interface_StaticStandards.cxx:33 (occt_1157_stress:arm64+0x101340c08)
    #10 XSControl_Controller::XSControl_Controller(char const*, char const*) XSControl_Controller.cxx:69 (occt_1157_stress:arm64+0x1013d527c)
    #11 STEPControl_Controller::STEPControl_Controller() STEPControl_Controller.cxx:59 (occt_1157_stress:arm64+0x10053f7fc)
    #12 STEPControl_Controller::STEPControl_Controller() STEPControl_Controller.cxx:60 (occt_1157_stress:arm64+0x1005435f8)
    #13 STEPControl_Controller::Init() STEPControl_Controller.cxx:494 (occt_1157_stress:arm64+0x1005435f8)
    #14 STEPControl_Writer::STEPControl_Writer() STEPControl_Writer.cxx:38 (occt_1157_stress:arm64+0x10054d2dc)
    #15 STEPControl_Writer::STEPControl_Writer() STEPControl_Writer.cxx:37 (occt_1157_stress:arm64+0x10054d558)
    #16 runStepWriteIndependent(int, int) occt_1157_stress.cpp:85 (occt_1157_stress:arm64+0x100000ad4)
    #17 std::__1::__invoke_result_impl<void, void (*)(int, int), int, int>::type std::__1::__invoke[abi:nqe220106]<void (*)(int, int), int, int>(void (*&&)(int, int), int&&, int&&) invoke.h:90 (occt_1157_stress:arm64+0x100006214)
    #18 void std::__1::__thread_execute[abi:nqe220106]<std::__1::unique_ptr<std::__1::__thread_struct, std::__1::default_delete<std::__1::__thread_struct>>, void (*)(int, int), int, int, 0ul, 1ul, 2ul>(std::__1::tuple<std::__1::unique_ptr<std::__1::__thread_struct, std::__1::default_delete<std::__1::__thread_struct>>, void (*)(int, int), int, int>&, std::__1::__integer_sequence<unsigned long, 0ul, 1ul, 2ul>) thread.h:161 (occt_1157_stress:arm64+0x100006214)
    #19 void* std::__1::__thread_proxy[abi:nqe220106]<std::__1::tuple<std::__1::unique_ptr<std::__1::__thread_struct, std::__1::default_delete<std::__1::__thread_struct>>, void (*)(int, int), int, int>>(void*) thread.h:169 (occt_1157_stress:arm64+0x100006214)

  Mutex M0 (0x000102654788) created at:
    #0 pthread_mutex_lock <null> (libclang_rt.tsan_osx_dynamic.dylib:arm64e+0x35a34)
    #1 std::__1::mutex::lock() <null> (libc++.1.dylib:arm64e+0x3080)
    #2 STEPControl_Controller::STEPControl_Controller() STEPControl_Controller.cxx:60 (occt_1157_stress:arm64+0x1005435f8)
    #3 STEPControl_Controller::Init() STEPControl_Controller.cxx:494 (occt_1157_stress:arm64+0x1005435f8)
    #4 STEPControl_Writer::STEPControl_Writer() STEPControl_Writer.cxx:38 (occt_1157_stress:arm64+0x10054d2dc)
    #5 STEPControl_Writer::STEPControl_Writer() STEPControl_Writer.cxx:37 (occt_1157_stress:arm64+0x10054d558)
    #6 runStepWriteIndependent(int, int) occt_1157_stress.cpp:85 (occt_1157_stress:arm64+0x100000ad4)
    #7 std::__1::__invoke_result_impl<void, void (*)(int, int), int, int>::type std::__1::__invoke[abi:nqe220106]<void (*)(int, int), int, int>(void (*&&)(int, int), int&&, int&&) invoke.h:90 (occt_1157_stress:arm64+0x100006214)
    #8 void std::__1::__thread_execute[abi:nqe220106]<std::__1::unique_ptr<std::__1::__thread_struct, std::__1::default_delete<std::__1::__thread_struct>>, void (*)(int, int), int, int, 0ul, 1ul, 2ul>(std::__1::tuple<std::__1::unique_ptr<std::__1::__thread_struct, std::__1::default_delete<std::__1::__thread_struct>>, void (*)(int, int), int, int>&, std::__1::__integer_sequence<unsigned long, 0ul, 1ul, 2ul>) thread.h:161 (occt_1157_stress:arm64+0x100006214)
    #9 void* std::__1::__thread_proxy[abi:nqe220106]<std::__1::tuple<std::__1::unique_ptr<std::__1::__thread_struct, std::__1::default_delete<std::__1::__thread_struct>>, void (*)(int, int), int, int>>(void*) thread.h:169 (occt_1157_stress:arm64+0x100006214)

  Thread T2 (tid=14909352, running) created by main thread at:
    #0 pthread_create <null> (libclang_rt.tsan_osx_dynamic.dylib:arm64e+0x33bac)
    #1 std::__1::__libcpp_thread_create[abi:nqe220106](_opaque_pthread_t**, void* (*)(void*), void*) pthread.h:182 (occt_1157_stress:arm64+0x1000060dc)
    #2 std::__1::thread::thread[abi:nqe220106]<void (*&)(int, int), int&, int&, 0>(void (*&)(int, int), int&, int&) thread.h:221 (occt_1157_stress:arm64+0x1000060dc)
    #3 std::__1::thread::thread[abi:nqe220106]<void (*&)(int, int), int&, int&, 0>(void (*&)(int, int), int&, int&) thread.h:212 (occt_1157_stress:arm64+0x10000645c)
    #4 void std::__1::allocator<std::__1::thread>::construct[abi:nqe220106]<std::__1::thread, void (*&)(int, int), int&, int&>(std::__1::thread*, void (*&)(int, int), int&, int&) allocator.h:141 (occt_1157_stress:arm64+0x10000645c)
    #5 void std::__1::allocator_traits<std::__1::allocator<std::__1::thread>>::construct[abi:nqe220106]<std::__1::thread, void (*&)(int, int), int&, int&, 0>(std::__1::allocator<std::__1::thread>&, std::__1::thread*, void (*&)(int, int), int&, int&) allocator_traits.h:296 (occt_1157_stress:arm64+0x10000645c)
    #6 std::__1::thread* std::__1::vector<std::__1::thread, std::__1::allocator<std::__1::thread>>::__emplace_back_slow_path<void (*&)(int, int), int&, int&>(void (*&)(int, int), int&, int&) vector.h:1109 (occt_1157_stress:arm64+0x10000645c)
    #7 std::__1::thread& std::__1::vector<std::__1::thread, std::__1::allocator<std::__1::thread>>::emplace_back<void (*&)(int, int), int&, int&>(void (*&)(int, int), int&, int&)::'lambda0'()::operator()() const vector.h:1149 (occt_1157_stress:arm64+0x100003918)
    #8 void std::__1::__if_likely_else[abi:nqe220106]<std::__1::thread& std::__1::vector<std::__1::thread, std::__1::allocator<std::__1::thread>>::emplace_back<void (*&)(int, int), int&, int&>(void (*&)(int, int), int&, int&)::'lambda'(), std::__1::thread& std::__1::vector<std::__1::thread, std::__1::allocator<std::__1::thread>>::emplace_back<void (*&)(int, int), int&, int&>(void (*&)(int, int), int&, int&)::'lambda0'()>(bool, std::__1::thread& std::__1::vector<std::__1::thread, std::__1::allocator<std::__1::thread>>::emplace_back<void (*&)(int, int), int&, int&>(void (*&)(int, int), int&, int&)::'lambda'(), std::__1::thread& std::__1::vector<std::__1::thread, std::__1::allocator<std::__1::thread>>::emplace_back<void (*&)(int, int), int&, int&>(void (*&)(int, int), int&, int&)::'lambda0'()) vector.h:1129 (occt_1157_stress:arm64+0x100003918)
    #9 std::__1::thread& std::__1::vector<std::__1::thread, std::__1::allocator<std::__1::thread>>::emplace_back<void (*&)(int, int), int&, int&>(void (*&)(int, int), int&, int&) vector.h:1143 (occt_1157_stress:arm64+0x100003918)
    #10 runOne(char const*, int, int) occt_1157_stress.cpp:359 (occt_1157_stress:arm64+0x100003918)
    #11 main occt_1157_stress.cpp:396 (occt_1157_stress:arm64+0x100002de4)

  Thread T5 (tid=14909355, running) created by main thread at:
    #0 pthread_create <null> (libclang_rt.tsan_osx_dynamic.dylib:arm64e+0x33bac)
    #1 std::__1::__libcpp_thread_create[abi:nqe220106](_opaque_pthread_t**, void* (*)(void*), void*) pthread.h:182 (occt_1157_stress:arm64+0x1000060dc)
    #2 std::__1::thread::thread[abi:nqe220106]<void (*&)(int, int), int&, int&, 0>(void (*&)(int, int), int&, int&) thread.h:221 (occt_1157_stress:arm64+0x1000060dc)
    #3 std::__1::thread::thread[abi:nqe220106]<void (*&)(int, int), int&, int&, 0>(void (*&)(int, int), int&, int&) thread.h:212 (occt_1157_stress:arm64+0x10000645c)
    #4 void std::__1::allocator<std::__1::thread>::construct[abi:nqe220106]<std::__1::thread, void (*&)(int, int), int&, int&>(std::__1::thread*, void (*&)(int, int), int&, int&) allocator.h:141 (occt_1157_stress:arm64+0x10000645c)
    #5 void std::__1::allocator_traits<std::__1::allocator<std::__1::thread>>::construct[abi:nqe220106]<std::__1::thread, void (*&)(int, int), int&, int&, 0>(std::__1::allocator<std::__1::thread>&, std::__1::thread*, void (*&)(int, int), int&, int&) allocator_traits.h:296 (occt_1157_stress:arm64+0x10000645c)
    #6 std::__1::thread* std::__1::vector<std::__1::thread, std::__1::allocator<std::__1::thread>>::__emplace_back_slow_path<void (*&)(int, int), int&, int&>(void (*&)(int, int), int&, int&) vector.h:1109 (occt_1157_stress:arm64+0x10000645c)
    #7 std::__1::thread& std::__1::vector<std::__1::thread, std::__1::allocator<std::__1::thread>>::emplace_back<void (*&)(int, int), int&, int&>(void (*&)(int, int), int&, int&)::'lambda0'()::operator()() const vector.h:1149 (occt_1157_stress:arm64+0x100003918)
    #8 void std::__1::__if_likely_else[abi:nqe220106]<std::__1::thread& std::__1::vector<std::__1::thread, std::__1::allocator<std::__1::thread>>::emplace_back<void (*&)(int, int), int&, int&>(void (*&)(int, int), int&, int&)::'lambda'(), std::__1::thread& std::__1::vector<std::__1::thread, std::__1::allocator<std::__1::thread>>::emplace_back<void (*&)(int, int), int&, int&>(void (*&)(int, int), int&, int&)::'lambda0'()>(bool, std::__1::thread& std::__1::vector<std::__1::thread, std::__1::allocator<std::__1::thread>>::emplace_back<void (*&)(int, int), int&, int&>(void (*&)(int, int), int&, int&)::'lambda'(), std::__1::thread& std::__1::vector<std::__1::thread, std::__1::allocator<std::__1::thread>>::emplace_back<void (*&)(int, int), int&, int&>(void (*&)(int, int), int&, int&)::'lambda0'()) vector.h:1129 (occt_1157_stress:arm64+0x100003918)
    #9 std::__1::thread& std::__1::vector<std::__1::thread, std::__1::allocator<std::__1::thread>>::emplace_back<void (*&)(int, int), int&, int&>(void (*&)(int, int), int&, int&) vector.h:1143 (occt_1157_stress:arm64+0x100003918)
    #10 runOne(char const*, int, int) occt_1157_stress.cpp:359 (occt_1157_stress:arm64+0x100003918)
    #11 main occt_1157_stress.cpp:396 (occt_1157_stress:arm64+0x100002de4)

SUMMARY: ThreadSanitizer: data race NCollection_DataMap.hxx:810 in std::__1::conditional<false, opencascade::handle<Standard_Transient>&, bool>::type NCollection_DataMap<TCollection_AsciiString, opencascade::handle<Standard_Transient>, NCollection_DefaultHasher<TCollection_AsciiString>>::emplaceImpl<TCollection_AsciiString, false, false, opencascade::handle<Standard_Transient> const&>(TCollection_AsciiString&&, std::__1::integral_constant<bool, false>, std::__1::integral_constant<bool, false>, opencascade::handle<Standard_Transient> const&)
==================
==================
WARNING: ThreadSanitizer: data race (pid=70511)
  Read of size 8 at 0x00010269fd38 by thread T3:
    #0 NCollection_BaseMap::IsEmpty() const NCollection_BaseMap.hxx:157 (occt_1157_stress:arm64+0x1013d578c)
    #1 NCollection_DataMap<TCollection_AsciiString, opencascade::handle<Standard_Transient>, NCollection_DefaultHasher<TCollection_AsciiString>>::lookup(TCollection_AsciiString const&, NCollection_DataMap<TCollection_AsciiString, opencascade::handle<Standard_Transient>, NCollection_DefaultHasher<TCollection_AsciiString>>::DataMapNode*&) const NCollection_DataMap.hxx:739 (occt_1157_stress:arm64+0x1013d578c)
    #2 NCollection_DataMap<TCollection_AsciiString, opencascade::handle<Standard_Transient>, NCollection_DefaultHasher<TCollection_AsciiString>>::IsBound(TCollection_AsciiString const&) const NCollection_DataMap.hxx:606 (occt_1157_stress:arm64+0x1013d578c)
    #3 XSControl_Controller::Record(char const*) const XSControl_Controller.cxx:109 (occt_1157_stress:arm64+0x1013d578c)
    #4 XSControl_Controller::AutoRecord() const XSControl_Controller.hxx:71 (occt_1157_stress:arm64+0x10054362c)
    #5 STEPControl_Controller::Init() STEPControl_Controller.cxx:495 (occt_1157_stress:arm64+0x10054362c)
    #6 STEPControl_Writer::STEPControl_Writer() STEPControl_Writer.cxx:38 (occt_1157_stress:arm64+0x10054d2dc)
    #7 STEPControl_Writer::STEPControl_Writer() STEPControl_Writer.cxx:37 (occt_1157_stress:arm64+0x10054d558)
    #8 runStepWriteIndependent(int, int) occt_1157_stress.cpp:85 (occt_1157_stress:arm64+0x100000ad4)
    #9 std::__1::__invoke_result_impl<void, void (*)(int, int), int, int>::type std::__1::__invoke[abi:nqe220106]<void (*)(int, int), int, int>(void (*&&)(int, int), int&&, int&&) invoke.h:90 (occt_1157_stress:arm64+0x100006214)
    #10 void std::__1::__thread_execute[abi:nqe220106]<std::__1::unique_ptr<std::__1::__thread_struct, std::__1::default_delete<std::__1::__thread_struct>>, void (*)(int, int), int, int, 0ul, 1ul, 2ul>(std::__1::tuple<std::__1::unique_ptr<std::__1::__thread_struct, std::__1::default_delete<std::__1::__thread_struct>>, void (*)(int, int), int, int>&, std::__1::__integer_sequence<unsigned long, 0ul, 1ul, 2ul>) thread.h:161 (occt_1157_stress:arm64+0x100006214)
    #11 void* std::__1::__thread_proxy[abi:nqe220106]<std::__1::tuple<std::__1::unique_ptr<std::__1::__thread_struct, std::__1::default_delete<std::__1::__thread_struct>>, void (*)(int, int), int, int>>(void*) thread.h:169 (occt_1157_stress:arm64+0x100006214)

  Previous write of size 8 at 0x00010269fd38 by thread T2:
    #0 NCollection_BaseMap::Increment() NCollection_BaseMap.hxx:220 (occt_1157_stress:arm64+0x1013d930c)
    #1 std::__1::conditional<false, opencascade::handle<Standard_Transient>&, bool>::type NCollection_DataMap<TCollection_AsciiString, opencascade::handle<Standard_Transient>, NCollection_DefaultHasher<TCollection_AsciiString>>::emplaceImpl<TCollection_AsciiString, false, false, opencascade::handle<Standard_Transient>>(TCollection_AsciiString&&, std::__1::integral_constant<bool, false>, std::__1::integral_constant<bool, false>, opencascade::handle<Standard_Transient>&&) NCollection_DataMap.hxx:814 (occt_1157_stress:arm64+0x1013d930c)
    #2 NCollection_DataMap<TCollection_AsciiString, opencascade::handle<Standard_Transient>, NCollection_DefaultHasher<TCollection_AsciiString>>::Bind(TCollection_AsciiString&&, opencascade::handle<Standard_Transient>&&) NCollection_DataMap.hxx:434 (occt_1157_stress:arm64+0x1013d58f4)
    #3 XSControl_Controller::Record(char const*) const XSControl_Controller.cxx:122 (occt_1157_stress:arm64+0x1013d58f4)
    #4 XSControl_Controller::AutoRecord() const XSControl_Controller.hxx:71 (occt_1157_stress:arm64+0x10054362c)
    #5 STEPControl_Controller::Init() STEPControl_Controller.cxx:495 (occt_1157_stress:arm64+0x10054362c)
    #6 STEPControl_Writer::STEPControl_Writer() STEPControl_Writer.cxx:38 (occt_1157_stress:arm64+0x10054d2dc)
    #7 STEPControl_Writer::STEPControl_Writer() STEPControl_Writer.cxx:37 (occt_1157_stress:arm64+0x10054d558)
    #8 runStepWriteIndependent(int, int) occt_1157_stress.cpp:85 (occt_1157_stress:arm64+0x100000ad4)
    #9 std::__1::__invoke_result_impl<void, void (*)(int, int), int, int>::type std::__1::__invoke[abi:nqe220106]<void (*)(int, int), int, int>(void (*&&)(int, int), int&&, int&&) invoke.h:90 (occt_1157_stress:arm64+0x100006214)
    #10 void std::__1::__thread_execute[abi:nqe220106]<std::__1::unique_ptr<std::__1::__thread_struct, std::__1::default_delete<std::__1::__thread_struct>>, void (*)(int, int), int, int, 0ul, 1ul, 2ul>(std::__1::tuple<std::__1::unique_ptr<std::__1::__thread_struct, std::__1::default_delete<std::__1::__thread_struct>>, void (*)(int, int), int, int>&, std::__1::__integer_sequence<unsigned long, 0ul, 1ul, 2ul>) thread.h:161 (occt_1157_stress:arm64+0x100006214)
    #11 void* std::__1::__thread_proxy[abi:nqe220106]<std::__1::tuple<std::__1::unique_ptr<std::__1::__thread_struct, std::__1::default_delete<std::__1::__thread_struct>>, void (*)(int, int), int, int>>(void*) thread.h:169 (occt_1157_stress:arm64+0x100006214)

  Location is global 'listad' at 0x00010269fd10 (occt_1157_stress+0x101cb3d38)

  Thread T3 (tid=14909353, running) created by main thread at:
    #0 pthread_create <null> (libclang_rt.tsan_osx_dynamic.dylib:arm64e+0x33bac)
    #1 std::__1::__libcpp_thread_create[abi:nqe220106](_opaque_pthread_t**, void* (*)(void*), void*) pthread.h:182 (occt_1157_stress:arm64+0x1000060dc)
    #2 std::__1::thread::thread[abi:nqe220106]<void (*&)(int, int), int&, int&, 0>(void (*&)(int, int), int&, int&) thread.h:221 (occt_1157_stress:arm64+0x1000060dc)
    #3 std::__1::thread::thread[abi:nqe220106]<void (*&)(int, int), int&, int&, 0>(void (*&)(int, int), int&, int&) thread.h:212 (occt_1157_stress:arm64+0x10000645c)
    #4 void std::__1::allocator<std::__1::thread>::construct[abi:nqe220106]<std::__1::thread, void (*&)(int, int), int&, int&>(std::__1::thread*, void (*&)(int, int), int&, int&) allocator.h:141 (occt_1157_stress:arm64+0x10000645c)
    #5 void std::__1::allocator_traits<std::__1::allocator<std::__1::thread>>::construct[abi:nqe220106]<std::__1::thread, void (*&)(int, int), int&, int&, 0>(std::__1::allocator<std::__1::thread>&, std::__1::thread*, void (*&)(int, int), int&, int&) allocator_traits.h:296 (occt_1157_stress:arm64+0x10000645c)
    #6 std::__1::thread* std::__1::vector<std::__1::thread, std::__1::allocator<std::__1::thread>>::__emplace_back_slow_path<void (*&)(int, int), int&, int&>(void (*&)(int, int), int&, int&) vector.h:1109 (occt_1157_stress:arm64+0x10000645c)
    #7 std::__1::thread& std::__1::vector<std::__1::thread, std::__1::allocator<std::__1::thread>>::emplace_back<void (*&)(int, int), int&, int&>(void (*&)(int, int), int&, int&)::'lambda0'()::operator()() const vector.h:1149 (occt_1157_stress:arm64+0x100003918)
    #8 void std::__1::__if_likely_else[abi:nqe220106]<std::__1::thread& std::__1::vector<std::__1::thread, std::__1::allocator<std::__1::thread>>::emplace_back<void (*&)(int, int), int&, int&>(void (*&)(int, int), int&, int&)::'lambda'(), std::__1::thread& std::__1::vector<std::__1::thread, std::__1::allocator<std::__1::thread>>::emplace_back<void (*&)(int, int), int&, int&>(void (*&)(int, int), int&, int&)::'lambda0'()>(bool, std::__1::thread& std::__1::vector<std::__1::thread, std::__1::allocator<std::__1::thread>>::emplace_back<void (*&)(int, int), int&, int&>(void (*&)(int, int), int&, int&)::'lambda'(), std::__1::thread& std::__1::vector<std::__1::thread, std::__1::allocator<std::__1::thread>>::emplace_back<void (*&)(int, int), int&, int&>(void (*&)(int, int), int&, int&)::'lambda0'()) vector.h:1129 (occt_1157_stress:arm64+0x100003918)
    #9 std::__1::thread& std::__1::vector<std::__1::thread, std::__1::allocator<std::__1::thread>>::emplace_back<void (*&)(int, int), int&, int&>(void (*&)(int, int), int&, int&) vector.h:1143 (occt_1157_stress:arm64+0x100003918)
    #10 runOne(char const*, int, int) occt_1157_stress.cpp:359 (occt_1157_stress:arm64+0x100003918)
    #11 main occt_1157_stress.cpp:396 (occt_1157_stress:arm64+0x100002de4)

  Thread T2 (tid=14909352, running) created by main thread at:
    #0 pthread_create <null> (libclang_rt.tsan_osx_dynamic.dylib:arm64e+0x33bac)
    #1 std::__1::__libcpp_thread_create[abi:nqe220106](_opaque_pthread_t**, void* (*)(void*), void*) pthread.h:182 (occt_1157_stress:arm64+0x1000060dc)
    #2 std::__1::thread::thread[abi:nqe220106]<void (*&)(int, int), int&, int&, 0>(void (*&)(int, int), int&, int&) thread.h:221 (occt_1157_stress:arm64+0x1000060dc)
    #3 std::__1::thread::thread[abi:nqe220106]<void (*&)(int, int), int&, int&, 0>(void (*&)(int, int), int&, int&) thread.h:212 (occt_1157_stress:arm64+0x10000645c)
    #4 void std::__1::allocator<std::__1::thread>::construct[abi:nqe220106]<std::__1::thread, void (*&)(int, int), int&, int&>(std::__1::thread*, void (*&)(int, int), int&, int&) allocator.h:141 (occt_1157_stress:arm64+0x10000645c)
    #5 void std::__1::allocator_traits<std::__1::allocator<std::__1::thread>>::construct[abi:nqe220106]<std::__1::thread, void (*&)(int, int), int&, int&, 0>(std::__1::allocator<std::__1::thread>&, std::__1::thread*, void (*&)(int, int), int&, int&) allocator_traits.h:296 (occt_1157_stress:arm64+0x10000645c)
    #6 std::__1::thread* std::__1::vector<std::__1::thread, std::__1::allocator<std::__1::thread>>::__emplace_back_slow_path<void (*&)(int, int), int&, int&>(void (*&)(int, int), int&, int&) vector.h:1109 (occt_1157_stress:arm64+0x10000645c)
    #7 std::__1::thread& std::__1::vector<std::__1::thread, std::__1::allocator<std::__1::thread>>::emplace_back<void (*&)(int, int), int&, int&>(void (*&)(int, int), int&, int&)::'lambda0'()::operator()() const vector.h:1149 (occt_1157_stress:arm64+0x100003918)
    #8 void std::__1::__if_likely_else[abi:nqe220106]<std::__1::thread& std::__1::vector<std::__1::thread, std::__1::allocator<std::__1::thread>>::emplace_back<void (*&)(int, int), int&, int&>(void (*&)(int, int), int&, int&)::'lambda'(), std::__1::thread& std::__1::vector<std::__1::thread, std::__1::allocator<std::__1::thread>>::emplace_back<void (*&)(int, int), int&, int&>(void (*&)(int, int), int&, int&)::'lambda0'()>(bool, std::__1::thread& std::__1::vector<std::__1::thread, std::__1::allocator<std::__1::thread>>::emplace_back<void (*&)(int, int), int&, int&>(void (*&)(int, int), int&, int&)::'lambda'(), std::__1::thread& std::__1::vector<std::__1::thread, std::__1::allocator<std::__1::thread>>::emplace_back<void (*&)(int, int), int&, int&>(void (*&)(int, int), int&, int&)::'lambda0'()) vector.h:1129 (occt_1157_stress:arm64+0x100003918)
    #9 std::__1::thread& std::__1::vector<std::__1::thread, std::__1::allocator<std::__1::thread>>::emplace_back<void (*&)(int, int), int&, int&>(void (*&)(int, int), int&, int&) vector.h:1143 (occt_1157_stress:arm64+0x100003918)
    #10 runOne(char const*, int, int) occt_1157_stress.cpp:359 (occt_1157_stress:arm64+0x100003918)
    #11 main occt_1157_stress.cpp:396 (occt_1157_stress:arm64+0x100002de4)

SUMMARY: ThreadSanitizer: data race NCollection_BaseMap.hxx:157 in NCollection_BaseMap::IsEmpty() const
==================
==================
WARNING: ThreadSanitizer: data race (pid=70511)
  Read of size 8 at 0x00010269fd20 by thread T6:
    #0 NCollection_DataMap<TCollection_AsciiString, opencascade::handle<Standard_Transient>, NCollection_DefaultHasher<TCollection_AsciiString>>::lookup(TCollection_AsciiString const&, NCollection_DataMap<TCollection_AsciiString, opencascade::handle<Standard_Transient>, NCollection_DefaultHasher<TCollection_AsciiString>>::DataMapNode*&) const NCollection_DataMap.hxx:741 (occt_1157_stress:arm64+0x1013d57a8)
    #1 NCollection_DataMap<TCollection_AsciiString, opencascade::handle<Standard_Transient>, NCollection_DefaultHasher<TCollection_AsciiString>>::IsBound(TCollection_AsciiString const&) const NCollection_DataMap.hxx:606 (occt_1157_stress:arm64+0x1013d57a8)
    #2 XSControl_Controller::Record(char const*) const XSControl_Controller.cxx:109 (occt_1157_stress:arm64+0x1013d57a8)
    #3 XSControl_Controller::AutoRecord() const XSControl_Controller.hxx:71 (occt_1157_stress:arm64+0x10054362c)
    #4 STEPControl_Controller::Init() STEPControl_Controller.cxx:495 (occt_1157_stress:arm64+0x10054362c)
    #5 STEPControl_Writer::STEPControl_Writer() STEPControl_Writer.cxx:38 (occt_1157_stress:arm64+0x10054d2dc)
    #6 STEPControl_Writer::STEPControl_Writer() STEPControl_Writer.cxx:37 (occt_1157_stress:arm64+0x10054d558)
    #7 runStepWriteIndependent(int, int) occt_1157_stress.cpp:85 (occt_1157_stress:arm64+0x100000ad4)
    #8 std::__1::__invoke_result_impl<void, void (*)(int, int), int, int>::type std::__1::__invoke[abi:nqe220106]<void (*)(int, int), int, int>(void (*&&)(int, int), int&&, int&&) invoke.h:90 (occt_1157_stress:arm64+0x100006214)
    #9 void std::__1::__thread_execute[abi:nqe220106]<std::__1::unique_ptr<std::__1::__thread_struct, std::__1::default_delete<std::__1::__thread_struct>>, void (*)(int, int), int, int, 0ul, 1ul, 2ul>(std::__1::tuple<std::__1::unique_ptr<std::__1::__thread_struct, std::__1::default_delete<std::__1::__thread_struct>>, void (*)(int, int), int, int>&, std::__1::__integer_sequence<unsigned long, 0ul, 1ul, 2ul>) thread.h:161 (occt_1157_stress:arm64+0x100006214)
    #10 void* std::__1::__thread_proxy[abi:nqe220106]<std::__1::tuple<std::__1::unique_ptr<std::__1::__thread_struct, std::__1::default_delete<std::__1::__thread_struct>>, void (*)(int, int), int, int>>(void*) thread.h:169 (occt_1157_stress:arm64+0x100006214)

  Previous write of size 8 at 0x00010269fd20 by thread T2:
    #0 void Standard::Free<NCollection_ListNode*>(NCollection_ListNode**&) Standard.hxx:61 (occt_1157_stress:arm64+0x1008dfb18)
    #1 NCollection_BaseMap::EndResize(unsigned long, unsigned long, NCollection_ListNode**, NCollection_ListNode**) NCollection_BaseMap.cxx:63 (occt_1157_stress:arm64+0x1008dfb18)
    #2 NCollection_DataMap<TCollection_AsciiString, opencascade::handle<Standard_Transient>, NCollection_DefaultHasher<TCollection_AsciiString>>::ReSize(unsigned long) NCollection_DataMap.hxx:387 (occt_1157_stress:arm64+0x1008402f8)
    #3 NCollection_DataMap<TCollection_AsciiString, opencascade::handle<Standard_Transient>, NCollection_DefaultHasher<TCollection_AsciiString>>::ReSize(int) NCollection_DataMap.hxx:394 (occt_1157_stress:arm64+0x1013d91d0)
    #4 std::__1::conditional<false, opencascade::handle<Standard_Transient>&, bool>::type NCollection_DataMap<TCollection_AsciiString, opencascade::handle<Standard_Transient>, NCollection_DefaultHasher<TCollection_AsciiString>>::emplaceImpl<TCollection_AsciiString, false, false, opencascade::handle<Standard_Transient>>(TCollection_AsciiString&&, std::__1::integral_constant<bool, false>, std::__1::integral_constant<bool, false>, opencascade::handle<Standard_Transient>&&) NCollection_DataMap.hxx:795 (occt_1157_stress:arm64+0x1013d91d0)
    #5 NCollection_DataMap<TCollection_AsciiString, opencascade::handle<Standard_Transient>, NCollection_DefaultHasher<TCollection_AsciiString>>::Bind(TCollection_AsciiString&&, opencascade::handle<Standard_Transient>&&) NCollection_DataMap.hxx:434 (occt_1157_stress:arm64+0x1013d58f4)
    #6 XSControl_Controller::Record(char const*) const XSControl_Controller.cxx:122 (occt_1157_stress:arm64+0x1013d58f4)
    #7 XSControl_Controller::AutoRecord() const XSControl_Controller.hxx:71 (occt_1157_stress:arm64+0x10054362c)
    #8 STEPControl_Controller::Init() STEPControl_Controller.cxx:495 (occt_1157_stress:arm64+0x10054362c)
    #9 STEPControl_Writer::STEPControl_Writer() STEPControl_Writer.cxx:38 (occt_1157_stress:arm64+0x10054d2dc)
    #10 STEPControl_Writer::STEPControl_Writer() STEPControl_Writer.cxx:37 (occt_1157_stress:arm64+0x10054d558)
    #11 runStepWriteIndependent(int, int) occt_1157_stress.cpp:85 (occt_1157_stress:arm64+0x100000ad4)
    #12 std::__1::__invoke_result_impl<void, void (*)(int, int), int, int>::type std::__1::__invoke[abi:nqe220106]<void (*)(int, int), int, int>(void (*&&)(int, int), int&&, int&&) invoke.h:90 (occt_1157_stress:arm64+0x100006214)
    #13 void std::__1::__thread_execute[abi:nqe220106]<std::__1::unique_ptr<std::__1::__thread_struct, std::__1::default_delete<std::__1::__thread_struct>>, void (*)(int, int), int, int, 0ul, 1ul, 2ul>(std::__1::tuple<std::__1::unique_ptr<std::__1::__thread_struct, std::__1::default_delete<std::__1::__thread_struct>>, void (*)(int, int), int, int>&, std::__1::__integer_sequence<unsigned long, 0ul, 1ul, 2ul>) thread.h:161 (occt_1157_stress:arm64+0x100006214)
    #14 void* std::__1::__thread_proxy[abi:nqe220106]<std::__1::tuple<std::__1::unique_ptr<std::__1::__thread_struct, std::__1::default_delete<std::__1::__thread_struct>>, void (*)(int, int), int, int>>(void*) thread.h:169 (occt_1157_stress:arm64+0x100006214)

  Location is global 'listad' at 0x00010269fd10 (occt_1157_stress+0x101cb3d20)

  Thread T6 (tid=14909356, running) created by main thread at:
    #0 pthread_create <null> (libclang_rt.tsan_osx_dynamic.dylib:arm64e+0x33bac)
    #1 std::__1::__libcpp_thread_create[abi:nqe220106](_opaque_pthread_t**, void* (*)(void*), void*) pthread.h:182 (occt_1157_stress:arm64+0x1000060dc)
    #2 std::__1::thread::thread[abi:nqe220106]<void (*&)(int, int), int&, int&, 0>(void (*&)(int, int), int&, int&) thread.h:221 (occt_1157_stress:arm64+0x1000060dc)
    #3 std::__1::thread::thread[abi:nqe220106]<void (*&)(int, int), int&, int&, 0>(void (*&)(int, int), int&, int&) thread.h:212 (occt_1157_stress:arm64+0x1000038c8)
    #4 void std::__1::allocator<std::__1::thread>::construct[abi:nqe220106]<std::__1::thread, void (*&)(int, int), int&, int&>(std::__1::thread*, void (*&)(int, int), int&, int&) allocator.h:141 (occt_1157_stress:arm64+0x1000038c8)
    #5 void std::__1::allocator_traits<std::__1::allocator<std::__1::thread>>::construct[abi:nqe220106]<std::__1::thread, void (*&)(int, int), int&, int&, 0>(std::__1::allocator<std::__1::thread>&, std::__1::thread*, void (*&)(int, int), int&, int&) allocator_traits.h:296 (occt_1157_stress:arm64+0x1000038c8)
    #6 void std::__1::vector<std::__1::thread, std::__1::allocator<std::__1::thread>>::__emplace_back_assume_capacity[abi:nqe220106]<void (*&)(int, int), int&, int&>(void (*&)(int, int), int&, int&) vector.h:483 (occt_1157_stress:arm64+0x1000038c8)
    #7 std::__1::thread& std::__1::vector<std::__1::thread, std::__1::allocator<std::__1::thread>>::emplace_back<void (*&)(int, int), int&, int&>(void (*&)(int, int), int&, int&)::'lambda'()::operator()() const vector.h:1146 (occt_1157_stress:arm64+0x1000038c8)
    #8 void std::__1::__if_likely_else[abi:nqe220106]<std::__1::thread& std::__1::vector<std::__1::thread, std::__1::allocator<std::__1::thread>>::emplace_back<void (*&)(int, int), int&, int&>(void (*&)(int, int), int&, int&)::'lambda'(), std::__1::thread& std::__1::vector<std::__1::thread, std::__1::allocator<std::__1::thread>>::emplace_back<void (*&)(int, int), int&, int&>(void (*&)(int, int), int&, int&)::'lambda0'()>(bool, std::__1::thread& std::__1::vector<std::__1::thread, std::__1::allocator<std::__1::thread>>::emplace_back<void (*&)(int, int), int&, int&>(void (*&)(int, int), int&, int&)::'lambda'(), std::__1::thread& std::__1::vector<std::__1::thread, std::__1::allocator<std::__1::thread>>::emplace_back<void (*&)(int, int), int&, int&>(void (*&)(int, int), int&, int&)::'lambda0'()) vector.h:1127 (occt_1157_stress:arm64+0x1000038c8)
    #9 std::__1::thread& std::__1::vector<std::__1::thread, std::__1::allocator<std::__1::thread>>::emplace_back<void (*&)(int, int), int&, int&>(void (*&)(int, int), int&, int&) vector.h:1143 (occt_1157_stress:arm64+0x1000038c8)
    #10 runOne(char const*, int, int) occt_1157_stress.cpp:359 (occt_1157_stress:arm64+0x1000038c8)
    #11 main occt_1157_stress.cpp:396 (occt_1157_stress:arm64+0x100002de4)

  Thread T2 (tid=14909352, running) created by main thread at:
    #0 pthread_create <null> (libclang_rt.tsan_osx_dynamic.dylib:arm64e+0x33bac)
    #1 std::__1::__libcpp_thread_create[abi:nqe220106](_opaque_pthread_t**, void* (*)(void*), void*) pthread.h:182 (occt_1157_stress:arm64+0x1000060dc)
    #2 std::__1::thread::thread[abi:nqe220106]<void (*&)(int, int), int&, int&, 0>(void (*&)(int, int), int&, int&) thread.h:221 (occt_1157_stress:arm64+0x1000060dc)
    #3 std::__1::thread::thread[abi:nqe220106]<void (*&)(int, int), int&, int&, 0>(void (*&)(int, int), int&, int&) thread.h:212 (occt_1157_stress:arm64+0x10000645c)
    #4 void std::__1::allocator<std::__1::thread>::construct[abi:nqe220106]<std::__1::thread, void (*&)(int, int), int&, int&>(std::__1::thread*, void (*&)(int, int), int&, int&) allocator.h:141 (occt_1157_stress:arm64+0x10000645c)
    #5 void std::__1::allocator_traits<std::__1::allocator<std::__1::thread>>::construct[abi:nqe220106]<std::__1::thread, void (*&)(int, int), int&, int&, 0>(std::__1::allocator<std::__1::thread>&, std::__1::thread*, void (*&)(int, int), int&, int&) allocator_traits.h:296 (occt_1157_stress:arm64+0x10000645c)
    #6 std::__1::thread* std::__1::vector<std::__1::thread, std::__1::allocator<std::__1::thread>>::__emplace_back_slow_path<void (*&)(int, int), int&, int&>(void (*&)(int, int), int&, int&) vector.h:1109 (occt_1157_stress:arm64+0x10000645c)
    #7 std::__1::thread& std::__1::vector<std::__1::thread, std::__1::allocator<std::__1::thread>>::emplace_back<void (*&)(int, int), int&, int&>(void (*&)(int, int), int&, int&)::'lambda0'()::operator()() const vector.h:1149 (occt_1157_stress:arm64+0x100003918)
    #8 void std::__1::__if_likely_else[abi:nqe220106]<std::__1::thread& std::__1::vector<std::__1::thread, std::__1::allocator<std::__1::thread>>::emplace_back<void (*&)(int, int), int&, int&>(void (*&)(int, int), int&, int&)::'lambda'(), std::__1::thread& std::__1::vector<std::__1::thread, std::__1::allocator<std::__1::thread>>::emplace_back<void (*&)(int, int), int&, int&>(void (*&)(int, int), int&, int&)::'lambda0'()>(bool, std::__1::thread& std::__1::vector<std::__1::thread, std::__1::allocator<std::__1::thread>>::emplace_back<void (*&)(int, int), int&, int&>(void (*&)(int, int), int&, int&)::'lambda'(), std::__1::thread& std::__1::vector<std::__1::thread, std::__1::allocator<std::__1::thread>>::emplace_back<void (*&)(int, int), int&, int&>(void (*&)(int, int), int&, int&)::'lambda0'()) vector.h:1129 (occt_1157_stress:arm64+0x100003918)
    #9 std::__1::thread& std::__1::vector<std::__1::thread, std::__1::allocator<std::__1::thread>>::emplace_back<void (*&)(int, int), int&, int&>(void (*&)(int, int), int&, int&) vector.h:1143 (occt_1157_stress:arm64+0x100003918)
    #10 runOne(char const*, int, int) occt_1157_stress.cpp:359 (occt_1157_stress:arm64+0x100003918)
    #11 main occt_1157_stress.cpp:396 (occt_1157_stress:arm64+0x100002de4)

SUMMARY: ThreadSanitizer: data race NCollection_DataMap.hxx:741 in NCollection_DataMap<TCollection_AsciiString, opencascade::handle<Standard_Transient>, NCollection_DefaultHasher<TCollection_AsciiString>>::lookup(TCollection_AsciiString const&, NCollection_DataMap<TCollection_AsciiString, opencascade::handle<Standard_Transient>, NCollection_DefaultHasher<TCollection_AsciiString>>::DataMapNode*&) const
==================
==================
WARNING: ThreadSanitizer: data race (pid=70511)
  Read of size 8 at 0x00010269fd30 by thread T7:
    #0 NCollection_BaseMap::NbBuckets() const NCollection_BaseMap.hxx:145 (occt_1157_stress:arm64+0x1013d57b4)
    #1 NCollection_DataMap<TCollection_AsciiString, opencascade::handle<Standard_Transient>, NCollection_DefaultHasher<TCollection_AsciiString>>::lookup(TCollection_AsciiString const&, NCollection_DataMap<TCollection_AsciiString, opencascade::handle<Standard_Transient>, NCollection_DefaultHasher<TCollection_AsciiString>>::DataMapNode*&) const NCollection_DataMap.hxx:741 (occt_1157_stress:arm64+0x1013d57b4)
    #2 NCollection_DataMap<TCollection_AsciiString, opencascade::handle<Standard_Transient>, NCollection_DefaultHasher<TCollection_AsciiString>>::IsBound(TCollection_AsciiString const&) const NCollection_DataMap.hxx:606 (occt_1157_stress:arm64+0x1013d57b4)
    #3 XSControl_Controller::Record(char const*) const XSControl_Controller.cxx:109 (occt_1157_stress:arm64+0x1013d57b4)
    #4 XSControl_Controller::AutoRecord() const XSControl_Controller.hxx:71 (occt_1157_stress:arm64+0x10054362c)
    #5 STEPControl_Controller::Init() STEPControl_Controller.cxx:495 (occt_1157_stress:arm64+0x10054362c)
    #6 STEPControl_Writer::STEPControl_Writer() STEPControl_Writer.cxx:38 (occt_1157_stress:arm64+0x10054d2dc)
    #7 STEPControl_Writer::STEPControl_Writer() STEPControl_Writer.cxx:37 (occt_1157_stress:arm64+0x10054d558)
    #8 runStepWriteIndependent(int, int) occt_1157_stress.cpp:85 (occt_1157_stress:arm64+0x100000ad4)
    #9 std::__1::__invoke_result_impl<void, void (*)(int, int), int, int>::type std::__1::__invoke[abi:nqe220106]<void (*)(int, int), int, int>(void (*&&)(int, int), int&&, int&&) invoke.h:90 (occt_1157_stress:arm64+0x100006214)
    #10 void std::__1::__thread_execute[abi:nqe220106]<std::__1::unique_ptr<std::__1::__thread_struct, std::__1::default_delete<std::__1::__thread_struct>>, void (*)(int, int), int, int, 0ul, 1ul, 2ul>(std::__1::tuple<std::__1::unique_ptr<std::__1::__thread_struct, std::__1::default_delete<std::__1::__thread_struct>>, void (*)(int, int), int, int>&, std::__1::__integer_sequence<unsigned long, 0ul, 1ul, 2ul>) thread.h:161 (occt_1157_stress:arm64+0x100006214)
    #11 void* std::__1::__thread_proxy[abi:nqe220106]<std::__1::tuple<std::__1::unique_ptr<std::__1::__thread_struct, std::__1::default_delete<std::__1::__thread_struct>>, void (*)(int, int), int, int>>(void*) thread.h:169 (occt_1157_stress:arm64+0x100006214)

  Previous write of size 8 at 0x00010269fd30 by thread T2:
    #0 NCollection_BaseMap::EndResize(unsigned long, unsigned long, NCollection_ListNode**, NCollection_ListNode**) NCollection_BaseMap.cxx:68 (occt_1157_stress:arm64+0x1008dfb48)
    #1 NCollection_DataMap<TCollection_AsciiString, opencascade::handle<Standard_Transient>, NCollection_DefaultHasher<TCollection_AsciiString>>::ReSize(unsigned long) NCollection_DataMap.hxx:387 (occt_1157_stress:arm64+0x1008402f8)
    #2 NCollection_DataMap<TCollection_AsciiString, opencascade::handle<Standard_Transient>, NCollection_DefaultHasher<TCollection_AsciiString>>::ReSize(int) NCollection_DataMap.hxx:394 (occt_1157_stress:arm64+0x1013d91d0)
    #3 std::__1::conditional<false, opencascade::handle<Standard_Transient>&, bool>::type NCollection_DataMap<TCollection_AsciiString, opencascade::handle<Standard_Transient>, NCollection_DefaultHasher<TCollection_AsciiString>>::emplaceImpl<TCollection_AsciiString, false, false, opencascade::handle<Standard_Transient>>(TCollection_AsciiString&&, std::__1::integral_constant<bool, false>, std::__1::integral_constant<bool, false>, opencascade::handle<Standard_Transient>&&) NCollection_DataMap.hxx:795 (occt_1157_stress:arm64+0x1013d91d0)
    #4 NCollection_DataMap<TCollection_AsciiString, opencascade::handle<Standard_Transient>, NCollection_DefaultHasher<TCollection_AsciiString>>::Bind(TCollection_AsciiString&&, opencascade::handle<Standard_Transient>&&) NCollection_DataMap.hxx:434 (occt_1157_stress:arm64+0x1013d58f4)
    #5 XSControl_Controller::Record(char const*) const XSControl_Controller.cxx:122 (occt_1157_stress:arm64+0x1013d58f4)
    #6 XSControl_Controller::AutoRecord() const XSControl_Controller.hxx:71 (occt_1157_stress:arm64+0x10054362c)
    #7 STEPControl_Controller::Init() STEPControl_Controller.cxx:495 (occt_1157_stress:arm64+0x10054362c)
    #8 STEPControl_Writer::STEPControl_Writer() STEPControl_Writer.cxx:38 (occt_1157_stress:arm64+0x10054d2dc)
    #9 STEPControl_Writer::STEPControl_Writer() STEPControl_Writer.cxx:37 (occt_1157_stress:arm64+0x10054d558)
    #10 runStepWriteIndependent(int, int) occt_1157_stress.cpp:85 (occt_1157_stress:arm64+0x100000ad4)
    #11 std::__1::__invoke_result_impl<void, void (*)(int, int), int, int>::type std::__1::__invoke[abi:nqe220106]<void (*)(int, int), int, int>(void (*&&)(int, int), int&&, int&&) invoke.h:90 (occt_1157_stress:arm64+0x100006214)
    #12 void std::__1::__thread_execute[abi:nqe220106]<std::__1::unique_ptr<std::__1::__thread_struct, std::__1::default_delete<std::__1::__thread_struct>>, void (*)(int, int), int, int, 0ul, 1ul, 2ul>(std::__1::tuple<std::__1::unique_ptr<std::__1::__thread_struct, std::__1::default_delete<std::__1::__thread_struct>>, void (*)(int, int), int, int>&, std::__1::__integer_sequence<unsigned long, 0ul, 1ul, 2ul>) thread.h:161 (occt_1157_stress:arm64+0x100006214)
    #13 void* std::__1::__thread_proxy[abi:nqe220106]<std::__1::tuple<std::__1::unique_ptr<std::__1::__thread_struct, std::__1::default_delete<std::__1::__thread_struct>>, void (*)(int, int), int, int>>(void*) thread.h:169 (occt_1157_stress:arm64+0x100006214)

  Location is global 'listad' at 0x00010269fd10 (occt_1157_stress+0x101cb3d30)

  Thread T7 (tid=14909357, running) created by main thread at:
    #0 pthread_create <null> (libclang_rt.tsan_osx_dynamic.dylib:arm64e+0x33bac)
    #1 std::__1::__libcpp_thread_create[abi:nqe220106](_opaque_pthread_t**, void* (*)(void*), void*) pthread.h:182 (occt_1157_stress:arm64+0x1000060dc)
    #2 std::__1::thread::thread[abi:nqe220106]<void (*&)(int, int), int&, int&, 0>(void (*&)(int, int), int&, int&) thread.h:221 (occt_1157_stress:arm64+0x1000060dc)
    #3 std::__1::thread::thread[abi:nqe220106]<void (*&)(int, int), int&, int&, 0>(void (*&)(int, int), int&, int&) thread.h:212 (occt_1157_stress:arm64+0x1000038c8)
    #4 void std::__1::allocator<std::__1::thread>::construct[abi:nqe220106]<std::__1::thread, void (*&)(int, int), int&, int&>(std::__1::thread*, void (*&)(int, int), int&, int&) allocator.h:141 (occt_1157_stress:arm64+0x1000038c8)
    #5 void std::__1::allocator_traits<std::__1::allocator<std::__1::thread>>::construct[abi:nqe220106]<std::__1::thread, void (*&)(int, int), int&, int&, 0>(std::__1::allocator<std::__1::thread>&, std::__1::thread*, void (*&)(int, int), int&, int&) allocator_traits.h:296 (occt_1157_stress:arm64+0x1000038c8)
    #6 void std::__1::vector<std::__1::thread, std::__1::allocator<std::__1::thread>>::__emplace_back_assume_capacity[abi:nqe220106]<void (*&)(int, int), int&, int&>(void (*&)(int, int), int&, int&) vector.h:483 (occt_1157_stress:arm64+0x1000038c8)
    #7 std::__1::thread& std::__1::vector<std::__1::thread, std::__1::allocator<std::__1::thread>>::emplace_back<void (*&)(int, int), int&, int&>(void (*&)(int, int), int&, int&)::'lambda'()::operator()() const vector.h:1146 (occt_1157_stress:arm64+0x1000038c8)
    #8 void std::__1::__if_likely_else[abi:nqe220106]<std::__1::thread& std::__1::vector<std::__1::thread, std::__1::allocator<std::__1::thread>>::emplace_back<void (*&)(int, int), int&, int&>(void (*&)(int, int), int&, int&)::'lambda'(), std::__1::thread& std::__1::vector<std::__1::thread, std::__1::allocator<std::__1::thread>>::emplace_back<void (*&)(int, int), int&, int&>(void (*&)(int, int), int&, int&)::'lambda0'()>(bool, std::__1::thread& std::__1::vector<std::__1::thread, std::__1::allocator<std::__1::thread>>::emplace_back<void (*&)(int, int), int&, int&>(void (*&)(int, int), int&, int&)::'lambda'(), std::__1::thread& std::__1::vector<std::__1::thread, std::__1::allocator<std::__1::thread>>::emplace_back<void (*&)(int, int), int&, int&>(void (*&)(int, int), int&, int&)::'lambda0'()) vector.h:1127 (occt_1157_stress:arm64+0x1000038c8)
    #9 std::__1::thread& std::__1::vector<std::__1::thread, std::__1::allocator<std::__1::thread>>::emplace_back<void (*&)(int, int), int&, int&>(void (*&)(int, int), int&, int&) vector.h:1143 (occt_1157_stress:arm64+0x1000038c8)
    #10 runOne(char const*, int, int) occt_1157_stress.cpp:359 (occt_1157_stress:arm64+0x1000038c8)
    #11 main occt_1157_stress.cpp:396 (occt_1157_stress:arm64+0x100002de4)

  Thread T2 (tid=14909352, running) created by main thread at:
    #0 pthread_create <null> (libclang_rt.tsan_osx_dynamic.dylib:arm64e+0x33bac)
    #1 std::__1::__libcpp_thread_create[abi:nqe220106](_opaque_pthread_t**, void* (*)(void*), void*) pthread.h:182 (occt_1157_stress:arm64+0x1000060dc)
    #2 std::__1::thread::thread[abi:nqe220106]<void (*&)(int, int), int&, int&, 0>(void (*&)(int, int), int&, int&) thread.h:221 (occt_1157_stress:arm64+0x1000060dc)
    #3 std::__1::thread::thread[abi:nqe220106]<void (*&)(int, int), int&, int&, 0>(void (*&)(int, int), int&, int&) thread.h:212 (occt_1157_stress:arm64+0x10000645c)
    #4 void std::__1::allocator<std::__1::thread>::construct[abi:nqe220106]<std::__1::thread, void (*&)(int, int), int&, int&>(std::__1::thread*, void (*&)(int, int), int&, int&) allocator.h:141 (occt_1157_stress:arm64+0x10000645c)
    #5 void std::__1::allocator_traits<std::__1::allocator<std::__1::thread>>::construct[abi:nqe220106]<std::__1::thread, void (*&)(int, int), int&, int&, 0>(std::__1::allocator<std::__1::thread>&, std::__1::thread*, void (*&)(int, int), int&, int&) allocator_traits.h:296 (occt_1157_stress:arm64+0x10000645c)
    #6 std::__1::thread* std::__1::vector<std::__1::thread, std::__1::allocator<std::__1::thread>>::__emplace_back_slow_path<void (*&)(int, int), int&, int&>(void (*&)(int, int), int&, int&) vector.h:1109 (occt_1157_stress:arm64+0x10000645c)
    #7 std::__1::thread& std::__1::vector<std::__1::thread, std::__1::allocator<std::__1::thread>>::emplace_back<void (*&)(int, int), int&, int&>(void (*&)(int, int), int&, int&)::'lambda0'()::operator()() const vector.h:1149 (occt_1157_stress:arm64+0x100003918)
    #8 void std::__1::__if_likely_else[abi:nqe220106]<std::__1::thread& std::__1::vector<std::__1::thread, std::__1::allocator<std::__1::thread>>::emplace_back<void (*&)(int, int), int&, int&>(void (*&)(int, int), int&, int&)::'lambda'(), std::__1::thread& std::__1::vector<std::__1::thread, std::__1::allocator<std::__1::thread>>::emplace_back<void (*&)(int, int), int&, int&>(void (*&)(int, int), int&, int&)::'lambda0'()>(bool, std::__1::thread& std::__1::vector<std::__1::thread, std::__1::allocator<std::__1::thread>>::emplace_back<void (*&)(int, int), int&, int&>(void (*&)(int, int), int&, int&)::'lambda'(), std::__1::thread& std::__1::vector<std::__1::thread, std::__1::allocator<std::__1::thread>>::emplace_back<void (*&)(int, int), int&, int&>(void (*&)(int, int), int&, int&)::'lambda0'()) vector.h:1129 (occt_1157_stress:arm64+0x100003918)
    #9 std::__1::thread& std::__1::vector<std::__1::thread, std::__1::allocator<std::__1::thread>>::emplace_back<void (*&)(int, int), int&, int&>(void (*&)(int, int), int&, int&) vector.h:1143 (occt_1157_stress:arm64+0x100003918)
    #10 runOne(char const*, int, int) occt_1157_stress.cpp:359 (occt_1157_stress:arm64+0x100003918)
    #11 main occt_1157_stress.cpp:396 (occt_1157_stress:arm64+0x100002de4)

SUMMARY: ThreadSanitizer: data race NCollection_BaseMap.hxx:145 in NCollection_BaseMap::NbBuckets() const
==================
==================
WARNING: ThreadSanitizer: data race (pid=70511)
  Read of size 4 at 0x00010c215f78 by thread T6:
    #0 TCollection_AsciiString::IsEqual(char const*, int) const TCollection_AsciiString.cxx:769 (occt_1157_stress:arm64+0x1008d0e1c)
    #1 TCollection_AsciiString::IsEqual(TCollection_AsciiString const&) const TCollection_AsciiString.lxx:249 (occt_1157_stress:arm64+0x1013d5880)
    #2 TCollection_AsciiString::operator==(TCollection_AsciiString const&) const TCollection_AsciiString.lxx:841 (occt_1157_stress:arm64+0x1013d5880)
    #3 std::__1::equal_to<TCollection_AsciiString>::operator()[abi:nqe210106](TCollection_AsciiString const&, TCollection_AsciiString const&) const operations.h:300 (occt_1157_stress:arm64+0x1013d5880)
    #4 std::__1::enable_if<!std::is_enum<TCollection_AsciiString>::value, bool>::type NCollection_DefaultHasher<TCollection_AsciiString>::IsEqual<TCollection_AsciiString>(TCollection_AsciiString const&, TCollection_AsciiString const&) const NCollection_DefaultHasher.hxx:59 (occt_1157_stress:arm64+0x1013d5880)
    #5 NCollection_DefaultHasher<TCollection_AsciiString>::operator()(TCollection_AsciiString const&, TCollection_AsciiString const&) const NCollection_DefaultHasher.hxx:41 (occt_1157_stress:arm64+0x1013d5880)
    #6 NCollection_DataMap<TCollection_AsciiString, opencascade::handle<Standard_Transient>, NCollection_DefaultHasher<TCollection_AsciiString>>::IsEqual(TCollection_AsciiString const&, TCollection_AsciiString const&) const NCollection_DataMap.hxx:772 (occt_1157_stress:arm64+0x1013d5880)
    #7 NCollection_DataMap<TCollection_AsciiString, opencascade::handle<Standard_Transient>, NCollection_DefaultHasher<TCollection_AsciiString>>::lookup(TCollection_AsciiString const&, NCollection_DataMap<TCollection_AsciiString, opencascade::handle<Standard_Transient>, NCollection_DefaultHasher<TCollection_AsciiString>>::DataMapNode*&) const NCollection_DataMap.hxx:744 (occt_1157_stress:arm64+0x1013d5880)
    #8 NCollection_DataMap<TCollection_AsciiString, opencascade::handle<Standard_Transient>, NCollection_DefaultHasher<TCollection_AsciiString>>::IsBound(TCollection_AsciiString const&) const NCollection_DataMap.hxx:606 (occt_1157_stress:arm64+0x1013d5880)
    #9 XSControl_Controller::Record(char const*) const XSControl_Controller.cxx:109 (occt_1157_stress:arm64+0x1013d5880)
    #10 XSControl_Controller::AutoRecord() const XSControl_Controller.hxx:72 (occt_1157_stress:arm64+0x100543640)
    #11 STEPControl_Controller::Init() STEPControl_Controller.cxx:495 (occt_1157_stress:arm64+0x100543640)
    #12 STEPControl_Writer::STEPControl_Writer() STEPControl_Writer.cxx:38 (occt_1157_stress:arm64+0x10054d2dc)
    #13 STEPControl_Writer::STEPControl_Writer() STEPControl_Writer.cxx:37 (occt_1157_stress:arm64+0x10054d558)
    #14 runStepWriteIndependent(int, int) occt_1157_stress.cpp:85 (occt_1157_stress:arm64+0x100000ad4)
    #15 std::__1::__invoke_result_impl<void, void (*)(int, int), int, int>::type std::__1::__invoke[abi:nqe220106]<void (*)(int, int), int, int>(void (*&&)(int, int), int&&, int&&) invoke.h:90 (occt_1157_stress:arm64+0x100006214)
    #16 void std::__1::__thread_execute[abi:nqe220106]<std::__1::unique_ptr<std::__1::__thread_struct, std::__1::default_delete<std::__1::__thread_struct>>, void (*)(int, int), int, int, 0ul, 1ul, 2ul>(std::__1::tuple<std::__1::unique_ptr<std::__1::__thread_struct, std::__1::default_delete<std::__1::__thread_struct>>, void (*)(int, int), int, int>&, std::__1::__integer_sequence<unsigned long, 0ul, 1ul, 2ul>) thread.h:161 (occt_1157_stress:arm64+0x100006214)
    #17 void* std::__1::__thread_proxy[abi:nqe220106]<std::__1::tuple<std::__1::unique_ptr<std::__1::__thread_struct, std::__1::default_delete<std::__1::__thread_struct>>, void (*)(int, int), int, int>>(void*) thread.h:169 (occt_1157_stress:arm64+0x100006214)

  Previous write of size 4 at 0x00010c215f78 by thread T2:
    #0 TCollection_AsciiString::TCollection_AsciiString(TCollection_AsciiString&&) TCollection_AsciiString.hxx:1529 (occt_1157_stress:arm64+0x1008cd9dc)
    #1 TCollection_AsciiString::TCollection_AsciiString(TCollection_AsciiString&&) TCollection_AsciiString.cxx:175 (occt_1157_stress:arm64+0x1008cd9dc)
    #2 NCollection_DataMap<TCollection_AsciiString, opencascade::handle<Standard_Transient>, NCollection_DefaultHasher<TCollection_AsciiString>>::DataMapNode::DataMapNode<TCollection_AsciiString, opencascade::handle<Standard_Transient>>(TCollection_AsciiString&&, std::__1::in_place_t, NCollection_ListNode*, opencascade::handle<Standard_Transient>&&) NCollection_DataMap.hxx:101 (occt_1157_stress:arm64+0x1013d92e0)
    #3 NCollection_DataMap<TCollection_AsciiString, opencascade::handle<Standard_Transient>, NCollection_DefaultHasher<TCollection_AsciiString>>::DataMapNode::DataMapNode<TCollection_AsciiString, opencascade::handle<Standard_Transient>>(TCollection_AsciiString&&, std::__1::in_place_t, NCollection_ListNode*, opencascade::handle<Standard_Transient>&&) NCollection_DataMap.hxx:102 (occt_1157_stress:arm64+0x1013d92e0)
    #4 std::__1::conditional<false, opencascade::handle<Standard_Transient>&, bool>::type NCollection_DataMap<TCollection_AsciiString, opencascade::handle<Standard_Transient>, NCollection_DefaultHasher<TCollection_AsciiString>>::emplaceImpl<TCollection_AsciiString, false, false, opencascade::handle<Standard_Transient>>(TCollection_AsciiString&&, std::__1::integral_constant<bool, false>, std::__1::integral_constant<bool, false>, opencascade::handle<Standard_Transient>&&) NCollection_DataMap.hxx:810 (occt_1157_stress:arm64+0x1013d92e0)
    #5 NCollection_DataMap<TCollection_AsciiString, opencascade::handle<Standard_Transient>, NCollection_DefaultHasher<TCollection_AsciiString>>::Bind(TCollection_AsciiString&&, opencascade::handle<Standard_Transient>&&) NCollection_DataMap.hxx:434 (occt_1157_stress:arm64+0x1013d58f4)
    #6 XSControl_Controller::Record(char const*) const XSControl_Controller.cxx:122 (occt_1157_stress:arm64+0x1013d58f4)
    #7 XSControl_Controller::AutoRecord() const XSControl_Controller.hxx:72 (occt_1157_stress:arm64+0x100543640)
    #8 STEPControl_Controller::Init() STEPControl_Controller.cxx:495 (occt_1157_stress:arm64+0x100543640)
    #9 STEPControl_Writer::STEPControl_Writer() STEPControl_Writer.cxx:38 (occt_1157_stress:arm64+0x10054d2dc)
    #10 STEPControl_Writer::STEPControl_Writer() STEPControl_Writer.cxx:37 (occt_1157_stress:arm64+0x10054d558)
    #11 runStepWriteIndependent(int, int) occt_1157_stress.cpp:85 (occt_1157_stress:arm64+0x100000ad4)
    #12 std::__1::__invoke_result_impl<void, void (*)(int, int), int, int>::type std::__1::__invoke[abi:nqe220106]<void (*)(int, int), int, int>(void (*&&)(int, int), int&&, int&&) invoke.h:90 (occt_1157_stress:arm64+0x100006214)
    #13 void std::__1::__thread_execute[abi:nqe220106]<std::__1::unique_ptr<std::__1::__thread_struct, std::__1::default_delete<std::__1::__thread_struct>>, void (*)(int, int), int, int, 0ul, 1ul, 2ul>(std::__1::tuple<std::__1::unique_ptr<std::__1::__thread_struct, std::__1::default_delete<std::__1::__thread_struct>>, void (*)(int, int), int, int>&, std::__1::__integer_sequence<unsigned long, 0ul, 1ul, 2ul>) thread.h:161 (occt_1157_stress:arm64+0x100006214)
    #14 void* std::__1::__thread_proxy[abi:nqe220106]<std::__1::tuple<std::__1::unique_ptr<std::__1::__thread_struct, std::__1::default_delete<std::__1::__thread_struct>>, void (*)(int, int), int, int>>(void*) thread.h:169 (occt_1157_stress:arm64+0x100006214)

  Location is heap block of size 32 at 0x00010c215f60 allocated by thread T2:
    #0 calloc <null> (libclang_rt.tsan_osx_dynamic.dylib:arm64e+0x67ff4)
    #1 Standard::Allocate(unsigned long) Standard.cxx:386 (occt_1157_stress:arm64+0x1008bee84)
    #2 NCollection_BaseAllocator::Allocate(unsigned long) NCollection_BaseAllocator.cxx:22 (occt_1157_stress:arm64+0x1008dea8c)
    #3 NCollection_ListNode::operator new(unsigned long, opencascade::handle<NCollection_BaseAllocator> const&) NCollection_ListNode.hxx:30 (occt_1157_stress:arm64+0x1013d928c)
    #4 std::__1::conditional<false, opencascade::handle<Standard_Transient>&, bool>::type NCollection_DataMap<TCollection_AsciiString, opencascade::handle<Standard_Transient>, NCollection_DefaultHasher<TCollection_AsciiString>>::emplaceImpl<TCollection_AsciiString, false, false, opencascade::handle<Standard_Transient>>(TCollection_AsciiString&&, std::__1::integral_constant<bool, false>, std::__1::integral_constant<bool, false>, opencascade::handle<Standard_Transient>&&) NCollection_DataMap.hxx:810 (occt_1157_stress:arm64+0x1013d928c)
    #5 NCollection_DataMap<TCollection_AsciiString, opencascade::handle<Standard_Transient>, NCollection_DefaultHasher<TCollection_AsciiString>>::Bind(TCollection_AsciiString&&, opencascade::handle<Standard_Transient>&&) NCollection_DataMap.hxx:434 (occt_1157_stress:arm64+0x1013d58f4)
    #6 XSControl_Controller::Record(char const*) const XSControl_Controller.cxx:122 (occt_1157_stress:arm64+0x1013d58f4)
    #7 XSControl_Controller::AutoRecord() const XSControl_Controller.hxx:72 (occt_1157_stress:arm64+0x100543640)
    #8 STEPControl_Controller::Init() STEPControl_Controller.cxx:495 (occt_1157_stress:arm64+0x100543640)
    #9 STEPControl_Writer::STEPControl_Writer() STEPControl_Writer.cxx:38 (occt_1157_stress:arm64+0x10054d2dc)
    #10 STEPControl_Writer::STEPControl_Writer() STEPControl_Writer.cxx:37 (occt_1157_stress:arm64+0x10054d558)
    #11 runStepWriteIndependent(int, int) occt_1157_stress.cpp:85 (occt_1157_stress:arm64+0x100000ad4)
    #12 std::__1::__invoke_result_impl<void, void (*)(int, int), int, int>::type std::__1::__invoke[abi:nqe220106]<void (*)(int, int), int, int>(void (*&&)(int, int), int&&, int&&) invoke.h:90 (occt_1157_stress:arm64+0x100006214)
    #13 void std::__1::__thread_execute[abi:nqe220106]<std::__1::unique_ptr<std::__1::__thread_struct, std::__1::default_delete<std::__1::__thread_struct>>, void (*)(int, int), int, int, 0ul, 1ul, 2ul>(std::__1::tuple<std::__1::unique_ptr<std::__1::__thread_struct, std::__1::default_delete<std::__1::__thread_struct>>, void (*)(int, int), int, int>&, std::__1::__integer_sequence<unsigned long, 0ul, 1ul, 2ul>) thread.h:161 (occt_1157_stress:arm64+0x100006214)
    #14 void* std::__1::__thread_proxy[abi:nqe220106]<std::__1::tuple<std::__1::unique_ptr<std::__1::__thread_struct, std::__1::default_delete<std::__1::__thread_struct>>, void (*)(int, int), int, int>>(void*) thread.h:169 (occt_1157_stress:arm64+0x100006214)

  Thread T6 (tid=14909356, running) created by main thread at:
    #0 pthread_create <null> (libclang_rt.tsan_osx_dynamic.dylib:arm64e+0x33bac)
    #1 std::__1::__libcpp_thread_create[abi:nqe220106](_opaque_pthread_t**, void* (*)(void*), void*) pthread.h:182 (occt_1157_stress:arm64+0x1000060dc)
    #2 std::__1::thread::thread[abi:nqe220106]<void (*&)(int, int), int&, int&, 0>(void (*&)(int, int), int&, int&) thread.h:221 (occt_1157_stress:arm64+0x1000060dc)
    #3 std::__1::thread::thread[abi:nqe220106]<void (*&)(int, int), int&, int&, 0>(void (*&)(int, int), int&, int&) thread.h:212 (occt_1157_stress:arm64+0x1000038c8)
    #4 void std::__1::allocator<std::__1::thread>::construct[abi:nqe220106]<std::__1::thread, void (*&)(int, int), int&, int&>(std::__1::thread*, void (*&)(int, int), int&, int&) allocator.h:141 (occt_1157_stress:arm64+0x1000038c8)
    #5 void std::__1::allocator_traits<std::__1::allocator<std::__1::thread>>::construct[abi:nqe220106]<std::__1::thread, void (*&)(int, int), int&, int&, 0>(std::__1::allocator<std::__1::thread>&, std::__1::thread*, void (*&)(int, int), int&, int&) allocator_traits.h:296 (occt_1157_stress:arm64+0x1000038c8)
    #6 void std::__1::vector<std::__1::thread, std::__1::allocator<std::__1::thread>>::__emplace_back_assume_capacity[abi:nqe220106]<void (*&)(int, int), int&, int&>(void (*&)(int, int), int&, int&) vector.h:483 (occt_1157_stress:arm64+0x1000038c8)
    #7 std::__1::thread& std::__1::vector<std::__1::thread, std::__1::allocator<std::__1::thread>>::emplace_back<void (*&)(int, int), int&, int&>(void (*&)(int, int), int&, int&)::'lambda'()::operator()() const vector.h:1146 (occt_1157_stress:arm64+0x1000038c8)
    #8 void std::__1::__if_likely_else[abi:nqe220106]<std::__1::thread& std::__1::vector<std::__1::thread, std::__1::allocator<std::__1::thread>>::emplace_back<void (*&)(int, int), int&, int&>(void (*&)(int, int), int&, int&)::'lambda'(), std::__1::thread& std::__1::vector<std::__1::thread, std::__1::allocator<std::__1::thread>>::emplace_back<void (*&)(int, int), int&, int&>(void (*&)(int, int), int&, int&)::'lambda0'()>(bool, std::__1::thread& std::__1::vector<std::__1::thread, std::__1::allocator<std::__1::thread>>::emplace_back<void (*&)(int, int), int&, int&>(void (*&)(int, int), int&, int&)::'lambda'(), std::__1::thread& std::__1::vector<std::__1::thread, std::__1::allocator<std::__1::thread>>::emplace_back<void (*&)(int, int), int&, int&>(void (*&)(int, int), int&, int&)::'lambda0'()) vector.h:1127 (occt_1157_stress:arm64+0x1000038c8)
    #9 std::__1::thread& std::__1::vector<std::__1::thread, std::__1::allocator<std::__1::thread>>::emplace_back<void (*&)(int, int), int&, int&>(void (*&)(int, int), int&, int&) vector.h:1143 (occt_1157_stress:arm64+0x1000038c8)
    #10 runOne(char const*, int, int) occt_1157_stress.cpp:359 (occt_1157_stress:arm64+0x1000038c8)
    #11 main occt_1157_stress.cpp:396 (occt_1157_stress:arm64+0x100002de4)

  Thread T2 (tid=14909352, running) created by main thread at:
    #0 pthread_create <null> (libclang_rt.tsan_osx_dynamic.dylib:arm64e+0x33bac)
    #1 std::__1::__libcpp_thread_create[abi:nqe220106](_opaque_pthread_t**, void* (*)(void*), void*) pthread.h:182 (occt_1157_stress:arm64+0x1000060dc)
    #2 std::__1::thread::thread[abi:nqe220106]<void (*&)(int, int), int&, int&, 0>(void (*&)(int, int), int&, int&) thread.h:221 (occt_1157_stress:arm64+0x1000060dc)
    #3 std::__1::thread::thread[abi:nqe220106]<void (*&)(int, int), int&, int&, 0>(void (*&)(int, int), int&, int&) thread.h:212 (occt_1157_stress:arm64+0x10000645c)
    #4 void std::__1::allocator<std::__1::thread>::construct[abi:nqe220106]<std::__1::thread, void (*&)(int, int), int&, int&>(std::__1::thread*, void (*&)(int, int), int&, int&) allocator.h:141 (occt_1157_stress:arm64+0x10000645c)
    #5 void std::__1::allocator_traits<std::__1::allocator<std::__1::thread>>::construct[abi:nqe220106]<std::__1::thread, void (*&)(int, int), int&, int&, 0>(std::__1::allocator<std::__1::thread>&, std::__1::thread*, void (*&)(int, int), int&, int&) allocator_traits.h:296 (occt_1157_stress:arm64+0x10000645c)
    #6 std::__1::thread* std::__1::vector<std::__1::thread, std::__1::allocator<std::__1::thread>>::__emplace_back_slow_path<void (*&)(int, int), int&, int&>(void (*&)(int, int), int&, int&) vector.h:1109 (occt_1157_stress:arm64+0x10000645c)
    #7 std::__1::thread& std::__1::vector<std::__1::thread, std::__1::allocator<std::__1::thread>>::emplace_back<void (*&)(int, int), int&, int&>(void (*&)(int, int), int&, int&)::'lambda0'()::operator()() const vector.h:1149 (occt_1157_stress:arm64+0x100003918)
    #8 void std::__1::__if_likely_else[abi:nqe220106]<std::__1::thread& std::__1::vector<std::__1::thread, std::__1::allocator<std::__1::thread>>::emplace_back<void (*&)(int, int), int&, int&>(void (*&)(int, int), int&, int&)::'lambda'(), std::__1::thread& std::__1::vector<std::__1::thread, std::__1::allocator<std::__1::thread>>::emplace_back<void (*&)(int, int), int&, int&>(void (*&)(int, int), int&, int&)::'lambda0'()>(bool, std::__1::thread& std::__1::vector<std::__1::thread, std::__1::allocator<std::__1::thread>>::emplace_back<void (*&)(int, int), int&, int&>(void (*&)(int, int), int&, int&)::'lambda'(), std::__1::thread& std::__1::vector<std::__1::thread, std::__1::allocator<std::__1::thread>>::emplace_back<void (*&)(int, int), int&, int&>(void (*&)(int, int), int&, int&)::'lambda0'()) vector.h:1129 (occt_1157_stress:arm64+0x100003918)
    #9 std::__1::thread& std::__1::vector<std::__1::thread, std::__1::allocator<std::__1::thread>>::emplace_back<void (*&)(int, int), int&, int&>(void (*&)(int, int), int&, int&) vector.h:1143 (occt_1157_stress:arm64+0x100003918)
    #10 runOne(char const*, int, int) occt_1157_stress.cpp:359 (occt_1157_stress:arm64+0x100003918)
    #11 main occt_1157_stress.cpp:396 (occt_1157_stress:arm64+0x100002de4)

SUMMARY: ThreadSanitizer: data race TCollection_AsciiString.cxx:769 in TCollection_AsciiString::IsEqual(char const*, int) const
==================
==================
WARNING: ThreadSanitizer: data race (pid=70511)
  Read of size 8 at 0x00010c215f70 by thread T7:
    #0 TCollection_AsciiString::IsEqual(char const*, int) const TCollection_AsciiString.cxx:779 (occt_1157_stress:arm64+0x1008d0e34)
    #1 TCollection_AsciiString::IsEqual(TCollection_AsciiString const&) const TCollection_AsciiString.lxx:249 (occt_1157_stress:arm64+0x1013d5880)
    #2 TCollection_AsciiString::operator==(TCollection_AsciiString const&) const TCollection_AsciiString.lxx:841 (occt_1157_stress:arm64+0x1013d5880)
    #3 std::__1::equal_to<TCollection_AsciiString>::operator()[abi:nqe210106](TCollection_AsciiString const&, TCollection_AsciiString const&) const operations.h:300 (occt_1157_stress:arm64+0x1013d5880)
    #4 std::__1::enable_if<!std::is_enum<TCollection_AsciiString>::value, bool>::type NCollection_DefaultHasher<TCollection_AsciiString>::IsEqual<TCollection_AsciiString>(TCollection_AsciiString const&, TCollection_AsciiString const&) const NCollection_DefaultHasher.hxx:59 (occt_1157_stress:arm64+0x1013d5880)
    #5 NCollection_DefaultHasher<TCollection_AsciiString>::operator()(TCollection_AsciiString const&, TCollection_AsciiString const&) const NCollection_DefaultHasher.hxx:41 (occt_1157_stress:arm64+0x1013d5880)
    #6 NCollection_DataMap<TCollection_AsciiString, opencascade::handle<Standard_Transient>, NCollection_DefaultHasher<TCollection_AsciiString>>::IsEqual(TCollection_AsciiString const&, TCollection_AsciiString const&) const NCollection_DataMap.hxx:772 (occt_1157_stress:arm64+0x1013d5880)
    #7 NCollection_DataMap<TCollection_AsciiString, opencascade::handle<Standard_Transient>, NCollection_DefaultHasher<TCollection_AsciiString>>::lookup(TCollection_AsciiString const&, NCollection_DataMap<TCollection_AsciiString, opencascade::handle<Standard_Transient>, NCollection_DefaultHasher<TCollection_AsciiString>>::DataMapNode*&) const NCollection_DataMap.hxx:744 (occt_1157_stress:arm64+0x1013d5880)
    #8 NCollection_DataMap<TCollection_AsciiString, opencascade::handle<Standard_Transient>, NCollection_DefaultHasher<TCollection_AsciiString>>::IsBound(TCollection_AsciiString const&) const NCollection_DataMap.hxx:606 (occt_1157_stress:arm64+0x1013d5880)
    #9 XSControl_Controller::Record(char const*) const XSControl_Controller.cxx:109 (occt_1157_stress:arm64+0x1013d5880)
    #10 XSControl_Controller::AutoRecord() const XSControl_Controller.hxx:72 (occt_1157_stress:arm64+0x100543640)
    #11 STEPControl_Controller::Init() STEPControl_Controller.cxx:495 (occt_1157_stress:arm64+0x100543640)
    #12 STEPControl_Writer::STEPControl_Writer() STEPControl_Writer.cxx:38 (occt_1157_stress:arm64+0x10054d2dc)
    #13 STEPControl_Writer::STEPControl_Writer() STEPControl_Writer.cxx:37 (occt_1157_stress:arm64+0x10054d558)
    #14 runStepWriteIndependent(int, int) occt_1157_stress.cpp:85 (occt_1157_stress:arm64+0x100000ad4)
    #15 std::__1::__invoke_result_impl<void, void (*)(int, int), int, int>::type std::__1::__invoke[abi:nqe220106]<void (*)(int, int), int, int>(void (*&&)(int, int), int&&, int&&) invoke.h:90 (occt_1157_stress:arm64+0x100006214)
    #16 void std::__1::__thread_execute[abi:nqe220106]<std::__1::unique_ptr<std::__1::__thread_struct, std::__1::default_delete<std::__1::__thread_struct>>, void (*)(int, int), int, int, 0ul, 1ul, 2ul>(std::__1::tuple<std::__1::unique_ptr<std::__1::__thread_struct, std::__1::default_delete<std::__1::__thread_struct>>, void (*)(int, int), int, int>&, std::__1::__integer_sequence<unsigned long, 0ul, 1ul, 2ul>) thread.h:161 (occt_1157_stress:arm64+0x100006214)
    #17 void* std::__1::__thread_proxy[abi:nqe220106]<std::__1::tuple<std::__1::unique_ptr<std::__1::__thread_struct, std::__1::default_delete<std::__1::__thread_struct>>, void (*)(int, int), int, int>>(void*) thread.h:169 (occt_1157_stress:arm64+0x100006214)

  Previous write of size 8 at 0x00010c215f70 by thread T2:
    #0 TCollection_AsciiString::TCollection_AsciiString(TCollection_AsciiString&&) TCollection_AsciiString.hxx:1528 (occt_1157_stress:arm64+0x1008cd9d0)
    #1 TCollection_AsciiString::TCollection_AsciiString(TCollection_AsciiString&&) TCollection_AsciiString.cxx:175 (occt_1157_stress:arm64+0x1008cd9d0)
    #2 NCollection_DataMap<TCollection_AsciiString, opencascade::handle<Standard_Transient>, NCollection_DefaultHasher<TCollection_AsciiString>>::DataMapNode::DataMapNode<TCollection_AsciiString, opencascade::handle<Standard_Transient>>(TCollection_AsciiString&&, std::__1::in_place_t, NCollection_ListNode*, opencascade::handle<Standard_Transient>&&) NCollection_DataMap.hxx:101 (occt_1157_stress:arm64+0x1013d92e0)
    #3 NCollection_DataMap<TCollection_AsciiString, opencascade::handle<Standard_Transient>, NCollection_DefaultHasher<TCollection_AsciiString>>::DataMapNode::DataMapNode<TCollection_AsciiString, opencascade::handle<Standard_Transient>>(TCollection_AsciiString&&, std::__1::in_place_t, NCollection_ListNode*, opencascade::handle<Standard_Transient>&&) NCollection_DataMap.hxx:102 (occt_1157_stress:arm64+0x1013d92e0)
    #4 std::__1::conditional<false, opencascade::handle<Standard_Transient>&, bool>::type NCollection_DataMap<TCollection_AsciiString, opencascade::handle<Standard_Transient>, NCollection_DefaultHasher<TCollection_AsciiString>>::emplaceImpl<TCollection_AsciiString, false, false, opencascade::handle<Standard_Transient>>(TCollection_AsciiString&&, std::__1::integral_constant<bool, false>, std::__1::integral_constant<bool, false>, opencascade::handle<Standard_Transient>&&) NCollection_DataMap.hxx:810 (occt_1157_stress:arm64+0x1013d92e0)
    #5 NCollection_DataMap<TCollection_AsciiString, opencascade::handle<Standard_Transient>, NCollection_DefaultHasher<TCollection_AsciiString>>::Bind(TCollection_AsciiString&&, opencascade::handle<Standard_Transient>&&) NCollection_DataMap.hxx:434 (occt_1157_stress:arm64+0x1013d58f4)
    #6 XSControl_Controller::Record(char const*) const XSControl_Controller.cxx:122 (occt_1157_stress:arm64+0x1013d58f4)
    #7 XSControl_Controller::AutoRecord() const XSControl_Controller.hxx:72 (occt_1157_stress:arm64+0x100543640)
    #8 STEPControl_Controller::Init() STEPControl_Controller.cxx:495 (occt_1157_stress:arm64+0x100543640)
    #9 STEPControl_Writer::STEPControl_Writer() STEPControl_Writer.cxx:38 (occt_1157_stress:arm64+0x10054d2dc)
    #10 STEPControl_Writer::STEPControl_Writer() STEPControl_Writer.cxx:37 (occt_1157_stress:arm64+0x10054d558)
    #11 runStepWriteIndependent(int, int) occt_1157_stress.cpp:85 (occt_1157_stress:arm64+0x100000ad4)
    #12 std::__1::__invoke_result_impl<void, void (*)(int, int), int, int>::type std::__1::__invoke[abi:nqe220106]<void (*)(int, int), int, int>(void (*&&)(int, int), int&&, int&&) invoke.h:90 (occt_1157_stress:arm64+0x100006214)
    #13 void std::__1::__thread_execute[abi:nqe220106]<std::__1::unique_ptr<std::__1::__thread_struct, std::__1::default_delete<std::__1::__thread_struct>>, void (*)(int, int), int, int, 0ul, 1ul, 2ul>(std::__1::tuple<std::__1::unique_ptr<std::__1::__thread_struct, std::__1::default_delete<std::__1::__thread_struct>>, void (*)(int, int), int, int>&, std::__1::__integer_sequence<unsigned long, 0ul, 1ul, 2ul>) thread.h:161 (occt_1157_stress:arm64+0x100006214)
    #14 void* std::__1::__thread_proxy[abi:nqe220106]<std::__1::tuple<std::__1::unique_ptr<std::__1::__thread_struct, std::__1::default_delete<std::__1::__thread_struct>>, void (*)(int, int), int, int>>(void*) thread.h:169 (occt_1157_stress:arm64+0x100006214)

  Location is heap block of size 32 at 0x00010c215f60 allocated by thread T2:
    #0 calloc <null> (libclang_rt.tsan_osx_dynamic.dylib:arm64e+0x67ff4)
    #1 Standard::Allocate(unsigned long) Standard.cxx:386 (occt_1157_stress:arm64+0x1008bee84)
    #2 NCollection_BaseAllocator::Allocate(unsigned long) NCollection_BaseAllocator.cxx:22 (occt_1157_stress:arm64+0x1008dea8c)
    #3 NCollection_ListNode::operator new(unsigned long, opencascade::handle<NCollection_BaseAllocator> const&) NCollection_ListNode.hxx:30 (occt_1157_stress:arm64+0x1013d928c)
    #4 std::__1::conditional<false, opencascade::handle<Standard_Transient>&, bool>::type NCollection_DataMap<TCollection_AsciiString, opencascade::handle<Standard_Transient>, NCollection_DefaultHasher<TCollection_AsciiString>>::emplaceImpl<TCollection_AsciiString, false, false, opencascade::handle<Standard_Transient>>(TCollection_AsciiString&&, std::__1::integral_constant<bool, false>, std::__1::integral_constant<bool, false>, opencascade::handle<Standard_Transient>&&) NCollection_DataMap.hxx:810 (occt_1157_stress:arm64+0x1013d928c)
    #5 NCollection_DataMap<TCollection_AsciiString, opencascade::handle<Standard_Transient>, NCollection_DefaultHasher<TCollection_AsciiString>>::Bind(TCollection_AsciiString&&, opencascade::handle<Standard_Transient>&&) NCollection_DataMap.hxx:434 (occt_1157_stress:arm64+0x1013d58f4)
    #6 XSControl_Controller::Record(char const*) const XSControl_Controller.cxx:122 (occt_1157_stress:arm64+0x1013d58f4)
    #7 XSControl_Controller::AutoRecord() const XSControl_Controller.hxx:72 (occt_1157_stress:arm64+0x100543640)
    #8 STEPControl_Controller::Init() STEPControl_Controller.cxx:495 (occt_1157_stress:arm64+0x100543640)
    #9 STEPControl_Writer::STEPControl_Writer() STEPControl_Writer.cxx:38 (occt_1157_stress:arm64+0x10054d2dc)
    #10 STEPControl_Writer::STEPControl_Writer() STEPControl_Writer.cxx:37 (occt_1157_stress:arm64+0x10054d558)
    #11 runStepWriteIndependent(int, int) occt_1157_stress.cpp:85 (occt_1157_stress:arm64+0x100000ad4)
    #12 std::__1::__invoke_result_impl<void, void (*)(int, int), int, int>::type std::__1::__invoke[abi:nqe220106]<void (*)(int, int), int, int>(void (*&&)(int, int), int&&, int&&) invoke.h:90 (occt_1157_stress:arm64+0x100006214)
    #13 void std::__1::__thread_execute[abi:nqe220106]<std::__1::unique_ptr<std::__1::__thread_struct, std::__1::default_delete<std::__1::__thread_struct>>, void (*)(int, int), int, int, 0ul, 1ul, 2ul>(std::__1::tuple<std::__1::unique_ptr<std::__1::__thread_struct, std::__1::default_delete<std::__1::__thread_struct>>, void (*)(int, int), int, int>&, std::__1::__integer_sequence<unsigned long, 0ul, 1ul, 2ul>) thread.h:161 (occt_1157_stress:arm64+0x100006214)
    #14 void* std::__1::__thread_proxy[abi:nqe220106]<std::__1::tuple<std::__1::unique_ptr<std::__1::__thread_struct, std::__1::default_delete<std::__1::__thread_struct>>, void (*)(int, int), int, int>>(void*) thread.h:169 (occt_1157_stress:arm64+0x100006214)

  Thread T7 (tid=14909357, running) created by main thread at:
    #0 pthread_create <null> (libclang_rt.tsan_osx_dynamic.dylib:arm64e+0x33bac)
    #1 std::__1::__libcpp_thread_create[abi:nqe220106](_opaque_pthread_t**, void* (*)(void*), void*) pthread.h:182 (occt_1157_stress:arm64+0x1000060dc)
    #2 std::__1::thread::thread[abi:nqe220106]<void (*&)(int, int), int&, int&, 0>(void (*&)(int, int), int&, int&) thread.h:221 (occt_1157_stress:arm64+0x1000060dc)
    #3 std::__1::thread::thread[abi:nqe220106]<void (*&)(int, int), int&, int&, 0>(void (*&)(int, int), int&, int&) thread.h:212 (occt_1157_stress:arm64+0x1000038c8)
    #4 void std::__1::allocator<std::__1::thread>::construct[abi:nqe220106]<std::__1::thread, void (*&)(int, int), int&, int&>(std::__1::thread*, void (*&)(int, int), int&, int&) allocator.h:141 (occt_1157_stress:arm64+0x1000038c8)
    #5 void std::__1::allocator_traits<std::__1::allocator<std::__1::thread>>::construct[abi:nqe220106]<std::__1::thread, void (*&)(int, int), int&, int&, 0>(std::__1::allocator<std::__1::thread>&, std::__1::thread*, void (*&)(int, int), int&, int&) allocator_traits.h:296 (occt_1157_stress:arm64+0x1000038c8)
    #6 void std::__1::vector<std::__1::thread, std::__1::allocator<std::__1::thread>>::__emplace_back_assume_capacity[abi:nqe220106]<void (*&)(int, int), int&, int&>(void (*&)(int, int), int&, int&) vector.h:483 (occt_1157_stress:arm64+0x1000038c8)
    #7 std::__1::thread& std::__1::vector<std::__1::thread, std::__1::allocator<std::__1::thread>>::emplace_back<void (*&)(int, int), int&, int&>(void (*&)(int, int), int&, int&)::'lambda'()::operator()() const vector.h:1146 (occt_1157_stress:arm64+0x1000038c8)
    #8 void std::__1::__if_likely_else[abi:nqe220106]<std::__1::thread& std::__1::vector<std::__1::thread, std::__1::allocator<std::__1::thread>>::emplace_back<void (*&)(int, int), int&, int&>(void (*&)(int, int), int&, int&)::'lambda'(), std::__1::thread& std::__1::vector<std::__1::thread, std::__1::allocator<std::__1::thread>>::emplace_back<void (*&)(int, int), int&, int&>(void (*&)(int, int), int&, int&)::'lambda0'()>(bool, std::__1::thread& std::__1::vector<std::__1::thread, std::__1::allocator<std::__1::thread>>::emplace_back<void (*&)(int, int), int&, int&>(void (*&)(int, int), int&, int&)::'lambda'(), std::__1::thread& std::__1::vector<std::__1::thread, std::__1::allocator<std::__1::thread>>::emplace_back<void (*&)(int, int), int&, int&>(void (*&)(int, int), int&, int&)::'lambda0'()) vector.h:1127 (occt_1157_stress:arm64+0x1000038c8)
    #9 std::__1::thread& std::__1::vector<std::__1::thread, std::__1::allocator<std::__1::thread>>::emplace_back<void (*&)(int, int), int&, int&>(void (*&)(int, int), int&, int&) vector.h:1143 (occt_1157_stress:arm64+0x1000038c8)
    #10 runOne(char const*, int, int) occt_1157_stress.cpp:359 (occt_1157_stress:arm64+0x1000038c8)
    #11 main occt_1157_stress.cpp:396 (occt_1157_stress:arm64+0x100002de4)

  Thread T2 (tid=14909352, running) created by main thread at:
    #0 pthread_create <null> (libclang_rt.tsan_osx_dynamic.dylib:arm64e+0x33bac)
    #1 std::__1::__libcpp_thread_create[abi:nqe220106](_opaque_pthread_t**, void* (*)(void*), void*) pthread.h:182 (occt_1157_stress:arm64+0x1000060dc)
    #2 std::__1::thread::thread[abi:nqe220106]<void (*&)(int, int), int&, int&, 0>(void (*&)(int, int), int&, int&) thread.h:221 (occt_1157_stress:arm64+0x1000060dc)
    #3 std::__1::thread::thread[abi:nqe220106]<void (*&)(int, int), int&, int&, 0>(void (*&)(int, int), int&, int&) thread.h:212 (occt_1157_stress:arm64+0x10000645c)
    #4 void std::__1::allocator<std::__1::thread>::construct[abi:nqe220106]<std::__1::thread, void (*&)(int, int), int&, int&>(std::__1::thread*, void (*&)(int, int), int&, int&) allocator.h:141 (occt_1157_stress:arm64+0x10000645c)
    #5 void std::__1::allocator_traits<std::__1::allocator<std::__1::thread>>::construct[abi:nqe220106]<std::__1::thread, void (*&)(int, int), int&, int&, 0>(std::__1::allocator<std::__1::thread>&, std::__1::thread*, void (*&)(int, int), int&, int&) allocator_traits.h:296 (occt_1157_stress:arm64+0x10000645c)
    #6 std::__1::thread* std::__1::vector<std::__1::thread, std::__1::allocator<std::__1::thread>>::__emplace_back_slow_path<void (*&)(int, int), int&, int&>(void (*&)(int, int), int&, int&) vector.h:1109 (occt_1157_stress:arm64+0x10000645c)
    #7 std::__1::thread& std::__1::vector<std::__1::thread, std::__1::allocator<std::__1::thread>>::emplace_back<void (*&)(int, int), int&, int&>(void (*&)(int, int), int&, int&)::'lambda0'()::operator()() const vector.h:1149 (occt_1157_stress:arm64+0x100003918)
    #8 void std::__1::__if_likely_else[abi:nqe220106]<std::__1::thread& std::__1::vector<std::__1::thread, std::__1::allocator<std::__1::thread>>::emplace_back<void (*&)(int, int), int&, int&>(void (*&)(int, int), int&, int&)::'lambda'(), std::__1::thread& std::__1::vector<std::__1::thread, std::__1::allocator<std::__1::thread>>::emplace_back<void (*&)(int, int), int&, int&>(void (*&)(int, int), int&, int&)::'lambda0'()>(bool, std::__1::thread& std::__1::vector<std::__1::thread, std::__1::allocator<std::__1::thread>>::emplace_back<void (*&)(int, int), int&, int&>(void (*&)(int, int), int&, int&)::'lambda'(), std::__1::thread& std::__1::vector<std::__1::thread, std::__1::allocator<std::__1::thread>>::emplace_back<void (*&)(int, int), int&, int&>(void (*&)(int, int), int&, int&)::'lambda0'()) vector.h:1129 (occt_1157_stress:arm64+0x100003918)
    #9 std::__1::thread& std::__1::vector<std::__1::thread, std::__1::allocator<std::__1::thread>>::emplace_back<void (*&)(int, int), int&, int&>(void (*&)(int, int), int&, int&) vector.h:1143 (occt_1157_stress:arm64+0x100003918)
    #10 runOne(char const*, int, int) occt_1157_stress.cpp:359 (occt_1157_stress:arm64+0x100003918)
    #11 main occt_1157_stress.cpp:396 (occt_1157_stress:arm64+0x100002de4)

SUMMARY: ThreadSanitizer: data race TCollection_AsciiString.cxx:779 in TCollection_AsciiString::IsEqual(char const*, int) const
==================
==================
WARNING: ThreadSanitizer: data race (pid=70511)
  Read of size 8 at 0x00010c215f90 by thread T8:
    #0 TCollection_AsciiString::IsEqual(char const*, int) const TCollection_AsciiString.cxx:779 (occt_1157_stress:arm64+0x1008d0e34)
    #1 TCollection_AsciiString::IsEqual(TCollection_AsciiString const&) const TCollection_AsciiString.lxx:249 (occt_1157_stress:arm64+0x1013d5880)
    #2 TCollection_AsciiString::operator==(TCollection_AsciiString const&) const TCollection_AsciiString.lxx:841 (occt_1157_stress:arm64+0x1013d5880)
    #3 std::__1::equal_to<TCollection_AsciiString>::operator()[abi:nqe210106](TCollection_AsciiString const&, TCollection_AsciiString const&) const operations.h:300 (occt_1157_stress:arm64+0x1013d5880)
    #4 std::__1::enable_if<!std::is_enum<TCollection_AsciiString>::value, bool>::type NCollection_DefaultHasher<TCollection_AsciiString>::IsEqual<TCollection_AsciiString>(TCollection_AsciiString const&, TCollection_AsciiString const&) const NCollection_DefaultHasher.hxx:59 (occt_1157_stress:arm64+0x1013d5880)
    #5 NCollection_DefaultHasher<TCollection_AsciiString>::operator()(TCollection_AsciiString const&, TCollection_AsciiString const&) const NCollection_DefaultHasher.hxx:41 (occt_1157_stress:arm64+0x1013d5880)
    #6 NCollection_DataMap<TCollection_AsciiString, opencascade::handle<Standard_Transient>, NCollection_DefaultHasher<TCollection_AsciiString>>::IsEqual(TCollection_AsciiString const&, TCollection_AsciiString const&) const NCollection_DataMap.hxx:772 (occt_1157_stress:arm64+0x1013d5880)
    #7 NCollection_DataMap<TCollection_AsciiString, opencascade::handle<Standard_Transient>, NCollection_DefaultHasher<TCollection_AsciiString>>::lookup(TCollection_AsciiString const&, NCollection_DataMap<TCollection_AsciiString, opencascade::handle<Standard_Transient>, NCollection_DefaultHasher<TCollection_AsciiString>>::DataMapNode*&) const NCollection_DataMap.hxx:744 (occt_1157_stress:arm64+0x1013d5880)
    #8 NCollection_DataMap<TCollection_AsciiString, opencascade::handle<Standard_Transient>, NCollection_DefaultHasher<TCollection_AsciiString>>::IsBound(TCollection_AsciiString const&) const NCollection_DataMap.hxx:606 (occt_1157_stress:arm64+0x1013d5880)
    #9 XSControl_Controller::Record(char const*) const XSControl_Controller.cxx:109 (occt_1157_stress:arm64+0x1013d5880)
    #10 XSControl_Controller::AutoRecord() const XSControl_Controller.hxx:71 (occt_1157_stress:arm64+0x10054362c)
    #11 STEPControl_Controller::Init() STEPControl_Controller.cxx:495 (occt_1157_stress:arm64+0x10054362c)
    #12 STEPControl_Writer::STEPControl_Writer() STEPControl_Writer.cxx:38 (occt_1157_stress:arm64+0x10054d2dc)
    #13 STEPControl_Writer::STEPControl_Writer() STEPControl_Writer.cxx:37 (occt_1157_stress:arm64+0x10054d558)
    #14 runStepWriteIndependent(int, int) occt_1157_stress.cpp:85 (occt_1157_stress:arm64+0x100000ad4)
    #15 std::__1::__invoke_result_impl<void, void (*)(int, int), int, int>::type std::__1::__invoke[abi:nqe220106]<void (*)(int, int), int, int>(void (*&&)(int, int), int&&, int&&) invoke.h:90 (occt_1157_stress:arm64+0x100006214)
    #16 void std::__1::__thread_execute[abi:nqe220106]<std::__1::unique_ptr<std::__1::__thread_struct, std::__1::default_delete<std::__1::__thread_struct>>, void (*)(int, int), int, int, 0ul, 1ul, 2ul>(std::__1::tuple<std::__1::unique_ptr<std::__1::__thread_struct, std::__1::default_delete<std::__1::__thread_struct>>, void (*)(int, int), int, int>&, std::__1::__integer_sequence<unsigned long, 0ul, 1ul, 2ul>) thread.h:161 (occt_1157_stress:arm64+0x100006214)
    #17 void* std::__1::__thread_proxy[abi:nqe220106]<std::__1::tuple<std::__1::unique_ptr<std::__1::__thread_struct, std::__1::default_delete<std::__1::__thread_struct>>, void (*)(int, int), int, int>>(void*) thread.h:169 (occt_1157_stress:arm64+0x100006214)

  Previous write of size 8 at 0x00010c215f90 by thread T2:
    #0 TCollection_AsciiString::TCollection_AsciiString(TCollection_AsciiString&&) TCollection_AsciiString.hxx:1528 (occt_1157_stress:arm64+0x1008cd9d0)
    #1 TCollection_AsciiString::TCollection_AsciiString(TCollection_AsciiString&&) TCollection_AsciiString.cxx:175 (occt_1157_stress:arm64+0x1008cd9d0)
    #2 NCollection_DataMap<TCollection_AsciiString, opencascade::handle<Standard_Transient>, NCollection_DefaultHasher<TCollection_AsciiString>>::DataMapNode::DataMapNode<TCollection_AsciiString, opencascade::handle<Standard_Transient>>(TCollection_AsciiString&&, std::__1::in_place_t, NCollection_ListNode*, opencascade::handle<Standard_Transient>&&) NCollection_DataMap.hxx:101 (occt_1157_stress:arm64+0x1013d92e0)
    #3 NCollection_DataMap<TCollection_AsciiString, opencascade::handle<Standard_Transient>, NCollection_DefaultHasher<TCollection_AsciiString>>::DataMapNode::DataMapNode<TCollection_AsciiString, opencascade::handle<Standard_Transient>>(TCollection_AsciiString&&, std::__1::in_place_t, NCollection_ListNode*, opencascade::handle<Standard_Transient>&&) NCollection_DataMap.hxx:102 (occt_1157_stress:arm64+0x1013d92e0)
    #4 std::__1::conditional<false, opencascade::handle<Standard_Transient>&, bool>::type NCollection_DataMap<TCollection_AsciiString, opencascade::handle<Standard_Transient>, NCollection_DefaultHasher<TCollection_AsciiString>>::emplaceImpl<TCollection_AsciiString, false, false, opencascade::handle<Standard_Transient>>(TCollection_AsciiString&&, std::__1::integral_constant<bool, false>, std::__1::integral_constant<bool, false>, opencascade::handle<Standard_Transient>&&) NCollection_DataMap.hxx:810 (occt_1157_stress:arm64+0x1013d92e0)
    #5 NCollection_DataMap<TCollection_AsciiString, opencascade::handle<Standard_Transient>, NCollection_DefaultHasher<TCollection_AsciiString>>::Bind(TCollection_AsciiString&&, opencascade::handle<Standard_Transient>&&) NCollection_DataMap.hxx:434 (occt_1157_stress:arm64+0x1013d58f4)
    #6 XSControl_Controller::Record(char const*) const XSControl_Controller.cxx:122 (occt_1157_stress:arm64+0x1013d58f4)
    #7 XSControl_Controller::AutoRecord() const XSControl_Controller.hxx:71 (occt_1157_stress:arm64+0x10054362c)
    #8 STEPControl_Controller::Init() STEPControl_Controller.cxx:495 (occt_1157_stress:arm64+0x10054362c)
    #9 STEPControl_Writer::STEPControl_Writer() STEPControl_Writer.cxx:38 (occt_1157_stress:arm64+0x10054d2dc)
    #10 STEPControl_Writer::STEPControl_Writer() STEPControl_Writer.cxx:37 (occt_1157_stress:arm64+0x10054d558)
    #11 runStepWriteIndependent(int, int) occt_1157_stress.cpp:85 (occt_1157_stress:arm64+0x100000ad4)
    #12 std::__1::__invoke_result_impl<void, void (*)(int, int), int, int>::type std::__1::__invoke[abi:nqe220106]<void (*)(int, int), int, int>(void (*&&)(int, int), int&&, int&&) invoke.h:90 (occt_1157_stress:arm64+0x100006214)
    #13 void std::__1::__thread_execute[abi:nqe220106]<std::__1::unique_ptr<std::__1::__thread_struct, std::__1::default_delete<std::__1::__thread_struct>>, void (*)(int, int), int, int, 0ul, 1ul, 2ul>(std::__1::tuple<std::__1::unique_ptr<std::__1::__thread_struct, std::__1::default_delete<std::__1::__thread_struct>>, void (*)(int, int), int, int>&, std::__1::__integer_sequence<unsigned long, 0ul, 1ul, 2ul>) thread.h:161 (occt_1157_stress:arm64+0x100006214)
    #14 void* std::__1::__thread_proxy[abi:nqe220106]<std::__1::tuple<std::__1::unique_ptr<std::__1::__thread_struct, std::__1::default_delete<std::__1::__thread_struct>>, void (*)(int, int), int, int>>(void*) thread.h:169 (occt_1157_stress:arm64+0x100006214)

  Location is heap block of size 32 at 0x00010c215f80 allocated by thread T2:
    #0 calloc <null> (libclang_rt.tsan_osx_dynamic.dylib:arm64e+0x67ff4)
    #1 Standard::Allocate(unsigned long) Standard.cxx:386 (occt_1157_stress:arm64+0x1008bee84)
    #2 NCollection_BaseAllocator::Allocate(unsigned long) NCollection_BaseAllocator.cxx:22 (occt_1157_stress:arm64+0x1008dea8c)
    #3 NCollection_ListNode::operator new(unsigned long, opencascade::handle<NCollection_BaseAllocator> const&) NCollection_ListNode.hxx:30 (occt_1157_stress:arm64+0x1013d928c)
    #4 std::__1::conditional<false, opencascade::handle<Standard_Transient>&, bool>::type NCollection_DataMap<TCollection_AsciiString, opencascade::handle<Standard_Transient>, NCollection_DefaultHasher<TCollection_AsciiString>>::emplaceImpl<TCollection_AsciiString, false, false, opencascade::handle<Standard_Transient>>(TCollection_AsciiString&&, std::__1::integral_constant<bool, false>, std::__1::integral_constant<bool, false>, opencascade::handle<Standard_Transient>&&) NCollection_DataMap.hxx:810 (occt_1157_stress:arm64+0x1013d928c)
    #5 NCollection_DataMap<TCollection_AsciiString, opencascade::handle<Standard_Transient>, NCollection_DefaultHasher<TCollection_AsciiString>>::Bind(TCollection_AsciiString&&, opencascade::handle<Standard_Transient>&&) NCollection_DataMap.hxx:434 (occt_1157_stress:arm64+0x1013d58f4)
    #6 XSControl_Controller::Record(char const*) const XSControl_Controller.cxx:122 (occt_1157_stress:arm64+0x1013d58f4)
    #7 XSControl_Controller::AutoRecord() const XSControl_Controller.hxx:71 (occt_1157_stress:arm64+0x10054362c)
    #8 STEPControl_Controller::Init() STEPControl_Controller.cxx:495 (occt_1157_stress:arm64+0x10054362c)
    #9 STEPControl_Writer::STEPControl_Writer() STEPControl_Writer.cxx:38 (occt_1157_stress:arm64+0x10054d2dc)
    #10 STEPControl_Writer::STEPControl_Writer() STEPControl_Writer.cxx:37 (occt_1157_stress:arm64+0x10054d558)
    #11 runStepWriteIndependent(int, int) occt_1157_stress.cpp:85 (occt_1157_stress:arm64+0x100000ad4)
    #12 std::__1::__invoke_result_impl<void, void (*)(int, int), int, int>::type std::__1::__invoke[abi:nqe220106]<void (*)(int, int), int, int>(void (*&&)(int, int), int&&, int&&) invoke.h:90 (occt_1157_stress:arm64+0x100006214)
    #13 void std::__1::__thread_execute[abi:nqe220106]<std::__1::unique_ptr<std::__1::__thread_struct, std::__1::default_delete<std::__1::__thread_struct>>, void (*)(int, int), int, int, 0ul, 1ul, 2ul>(std::__1::tuple<std::__1::unique_ptr<std::__1::__thread_struct, std::__1::default_delete<std::__1::__thread_struct>>, void (*)(int, int), int, int>&, std::__1::__integer_sequence<unsigned long, 0ul, 1ul, 2ul>) thread.h:161 (occt_1157_stress:arm64+0x100006214)
    #14 void* std::__1::__thread_proxy[abi:nqe220106]<std::__1::tuple<std::__1::unique_ptr<std::__1::__thread_struct, std::__1::default_delete<std::__1::__thread_struct>>, void (*)(int, int), int, int>>(void*) thread.h:169 (occt_1157_stress:arm64+0x100006214)

  Thread T8 (tid=14909358, running) created by main thread at:
    #0 pthread_create <null> (libclang_rt.tsan_osx_dynamic.dylib:arm64e+0x33bac)
    #1 std::__1::__libcpp_thread_create[abi:nqe220106](_opaque_pthread_t**, void* (*)(void*), void*) pthread.h:182 (occt_1157_stress:arm64+0x1000060dc)
    #2 std::__1::thread::thread[abi:nqe220106]<void (*&)(int, int), int&, int&, 0>(void (*&)(int, int), int&, int&) thread.h:221 (occt_1157_stress:arm64+0x1000060dc)
    #3 std::__1::thread::thread[abi:nqe220106]<void (*&)(int, int), int&, int&, 0>(void (*&)(int, int), int&, int&) thread.h:212 (occt_1157_stress:arm64+0x1000038c8)
    #4 void std::__1::allocator<std::__1::thread>::construct[abi:nqe220106]<std::__1::thread, void (*&)(int, int), int&, int&>(std::__1::thread*, void (*&)(int, int), int&, int&) allocator.h:141 (occt_1157_stress:arm64+0x1000038c8)
    #5 void std::__1::allocator_traits<std::__1::allocator<std::__1::thread>>::construct[abi:nqe220106]<std::__1::thread, void (*&)(int, int), int&, int&, 0>(std::__1::allocator<std::__1::thread>&, std::__1::thread*, void (*&)(int, int), int&, int&) allocator_traits.h:296 (occt_1157_stress:arm64+0x1000038c8)
    #6 void std::__1::vector<std::__1::thread, std::__1::allocator<std::__1::thread>>::__emplace_back_assume_capacity[abi:nqe220106]<void (*&)(int, int), int&, int&>(void (*&)(int, int), int&, int&) vector.h:483 (occt_1157_stress:arm64+0x1000038c8)
    #7 std::__1::thread& std::__1::vector<std::__1::thread, std::__1::allocator<std::__1::thread>>::emplace_back<void (*&)(int, int), int&, int&>(void (*&)(int, int), int&, int&)::'lambda'()::operator()() const vector.h:1146 (occt_1157_stress:arm64+0x1000038c8)
    #8 void std::__1::__if_likely_else[abi:nqe220106]<std::__1::thread& std::__1::vector<std::__1::thread, std::__1::allocator<std::__1::thread>>::emplace_back<void (*&)(int, int), int&, int&>(void (*&)(int, int), int&, int&)::'lambda'(), std::__1::thread& std::__1::vector<std::__1::thread, std::__1::allocator<std::__1::thread>>::emplace_back<void (*&)(int, int), int&, int&>(void (*&)(int, int), int&, int&)::'lambda0'()>(bool, std::__1::thread& std::__1::vector<std::__1::thread, std::__1::allocator<std::__1::thread>>::emplace_back<void (*&)(int, int), int&, int&>(void (*&)(int, int), int&, int&)::'lambda'(), std::__1::thread& std::__1::vector<std::__1::thread, std::__1::allocator<std::__1::thread>>::emplace_back<void (*&)(int, int), int&, int&>(void (*&)(int, int), int&, int&)::'lambda0'()) vector.h:1127 (occt_1157_stress:arm64+0x1000038c8)
    #9 std::__1::thread& std::__1::vector<std::__1::thread, std::__1::allocator<std::__1::thread>>::emplace_back<void (*&)(int, int), int&, int&>(void (*&)(int, int), int&, int&) vector.h:1143 (occt_1157_stress:arm64+0x1000038c8)
    #10 runOne(char const*, int, int) occt_1157_stress.cpp:359 (occt_1157_stress:arm64+0x1000038c8)
    #11 main occt_1157_stress.cpp:396 (occt_1157_stress:arm64+0x100002de4)

  Thread T2 (tid=14909352, running) created by main thread at:
    #0 pthread_create <null> (libclang_rt.tsan_osx_dynamic.dylib:arm64e+0x33bac)
    #1 std::__1::__libcpp_thread_create[abi:nqe220106](_opaque_pthread_t**, void* (*)(void*), void*) pthread.h:182 (occt_1157_stress:arm64+0x1000060dc)
    #2 std::__1::thread::thread[abi:nqe220106]<void (*&)(int, int), int&, int&, 0>(void (*&)(int, int), int&, int&) thread.h:221 (occt_1157_stress:arm64+0x1000060dc)
    #3 std::__1::thread::thread[abi:nqe220106]<void (*&)(int, int), int&, int&, 0>(void (*&)(int, int), int&, int&) thread.h:212 (occt_1157_stress:arm64+0x10000645c)
    #4 void std::__1::allocator<std::__1::thread>::construct[abi:nqe220106]<std::__1::thread, void (*&)(int, int), int&, int&>(std::__1::thread*, void (*&)(int, int), int&, int&) allocator.h:141 (occt_1157_stress:arm64+0x10000645c)
    #5 void std::__1::allocator_traits<std::__1::allocator<std::__1::thread>>::construct[abi:nqe220106]<std::__1::thread, void (*&)(int, int), int&, int&, 0>(std::__1::allocator<std::__1::thread>&, std::__1::thread*, void (*&)(int, int), int&, int&) allocator_traits.h:296 (occt_1157_stress:arm64+0x10000645c)
    #6 std::__1::thread* std::__1::vector<std::__1::thread, std::__1::allocator<std::__1::thread>>::__emplace_back_slow_path<void (*&)(int, int), int&, int&>(void (*&)(int, int), int&, int&) vector.h:1109 (occt_1157_stress:arm64+0x10000645c)
    #7 std::__1::thread& std::__1::vector<std::__1::thread, std::__1::allocator<std::__1::thread>>::emplace_back<void (*&)(int, int), int&, int&>(void (*&)(int, int), int&, int&)::'lambda0'()::operator()() const vector.h:1149 (occt_1157_stress:arm64+0x100003918)
    #8 void std::__1::__if_likely_else[abi:nqe220106]<std::__1::thread& std::__1::vector<std::__1::thread, std::__1::allocator<std::__1::thread>>::emplace_back<void (*&)(int, int), int&, int&>(void (*&)(int, int), int&, int&)::'lambda'(), std::__1::thread& std::__1::vector<std::__1::thread, std::__1::allocator<std::__1::thread>>::emplace_back<void (*&)(int, int), int&, int&>(void (*&)(int, int), int&, int&)::'lambda0'()>(bool, std::__1::thread& std::__1::vector<std::__1::thread, std::__1::allocator<std::__1::thread>>::emplace_back<void (*&)(int, int), int&, int&>(void (*&)(int, int), int&, int&)::'lambda'(), std::__1::thread& std::__1::vector<std::__1::thread, std::__1::allocator<std::__1::thread>>::emplace_back<void (*&)(int, int), int&, int&>(void (*&)(int, int), int&, int&)::'lambda0'()) vector.h:1129 (occt_1157_stress:arm64+0x100003918)
    #9 std::__1::thread& std::__1::vector<std::__1::thread, std::__1::allocator<std::__1::thread>>::emplace_back<void (*&)(int, int), int&, int&>(void (*&)(int, int), int&, int&) vector.h:1143 (occt_1157_stress:arm64+0x100003918)
    #10 runOne(char const*, int, int) occt_1157_stress.cpp:359 (occt_1157_stress:arm64+0x100003918)
    #11 main occt_1157_stress.cpp:396 (occt_1157_stress:arm64+0x100002de4)

SUMMARY: ThreadSanitizer: data race TCollection_AsciiString.cxx:779 in TCollection_AsciiString::IsEqual(char const*, int) const
==================
==================
WARNING: ThreadSanitizer: data race (pid=70511)
  Read of size 1 at 0x00010269fe30 by thread T7:
    #0 XSAlgo::Init() XSAlgo.cxx:30 (occt_1157_stress:arm64+0x1013f6ab0)
    #1 STEPControl_Controller::Init() STEPControl_Controller.cxx:496 (occt_1157_stress:arm64+0x100543644)
    #2 STEPControl_Writer::STEPControl_Writer() STEPControl_Writer.cxx:38 (occt_1157_stress:arm64+0x10054d2dc)
    #3 STEPControl_Writer::STEPControl_Writer() STEPControl_Writer.cxx:37 (occt_1157_stress:arm64+0x10054d558)
    #4 runStepWriteIndependent(int, int) occt_1157_stress.cpp:85 (occt_1157_stress:arm64+0x100000ad4)
    #5 std::__1::__invoke_result_impl<void, void (*)(int, int), int, int>::type std::__1::__invoke[abi:nqe220106]<void (*)(int, int), int, int>(void (*&&)(int, int), int&&, int&&) invoke.h:90 (occt_1157_stress:arm64+0x100006214)
    #6 void std::__1::__thread_execute[abi:nqe220106]<std::__1::unique_ptr<std::__1::__thread_struct, std::__1::default_delete<std::__1::__thread_struct>>, void (*)(int, int), int, int, 0ul, 1ul, 2ul>(std::__1::tuple<std::__1::unique_ptr<std::__1::__thread_struct, std::__1::default_delete<std::__1::__thread_struct>>, void (*)(int, int), int, int>&, std::__1::__integer_sequence<unsigned long, 0ul, 1ul, 2ul>) thread.h:161 (occt_1157_stress:arm64+0x100006214)
    #7 void* std::__1::__thread_proxy[abi:nqe220106]<std::__1::tuple<std::__1::unique_ptr<std::__1::__thread_struct, std::__1::default_delete<std::__1::__thread_struct>>, void (*)(int, int), int, int>>(void*) thread.h:169 (occt_1157_stress:arm64+0x100006214)

  Previous write of size 1 at 0x00010269fe30 by thread T2:
    #0 XSAlgo::Init() XSAlgo.cxx:34 (occt_1157_stress:arm64+0x1013f6ac0)
    #1 STEPControl_Controller::Init() STEPControl_Controller.cxx:496 (occt_1157_stress:arm64+0x100543644)
    #2 STEPControl_Writer::STEPControl_Writer() STEPControl_Writer.cxx:38 (occt_1157_stress:arm64+0x10054d2dc)
    #3 STEPControl_Writer::STEPControl_Writer() STEPControl_Writer.cxx:37 (occt_1157_stress:arm64+0x10054d558)
    #4 runStepWriteIndependent(int, int) occt_1157_stress.cpp:85 (occt_1157_stress:arm64+0x100000ad4)
    #5 std::__1::__invoke_result_impl<void, void (*)(int, int), int, int>::type std::__1::__invoke[abi:nqe220106]<void (*)(int, int), int, int>(void (*&&)(int, int), int&&, int&&) invoke.h:90 (occt_1157_stress:arm64+0x100006214)
    #6 void std::__1::__thread_execute[abi:nqe220106]<std::__1::unique_ptr<std::__1::__thread_struct, std::__1::default_delete<std::__1::__thread_struct>>, void (*)(int, int), int, int, 0ul, 1ul, 2ul>(std::__1::tuple<std::__1::unique_ptr<std::__1::__thread_struct, std::__1::default_delete<std::__1::__thread_struct>>, void (*)(int, int), int, int>&, std::__1::__integer_sequence<unsigned long, 0ul, 1ul, 2ul>) thread.h:161 (occt_1157_stress:arm64+0x100006214)
    #7 void* std::__1::__thread_proxy[abi:nqe220106]<std::__1::tuple<std::__1::unique_ptr<std::__1::__thread_struct, std::__1::default_delete<std::__1::__thread_struct>>, void (*)(int, int), int, int>>(void*) thread.h:169 (occt_1157_stress:arm64+0x100006214)

  Location is global 'XSAlgo::Init()::init' at 0x00010269fe30 (occt_1157_stress+0x101cb3e30)

  Thread T7 (tid=14909357, running) created by main thread at:
    #0 pthread_create <null> (libclang_rt.tsan_osx_dynamic.dylib:arm64e+0x33bac)
    #1 std::__1::__libcpp_thread_create[abi:nqe220106](_opaque_pthread_t**, void* (*)(void*), void*) pthread.h:182 (occt_1157_stress:arm64+0x1000060dc)
    #2 std::__1::thread::thread[abi:nqe220106]<void (*&)(int, int), int&, int&, 0>(void (*&)(int, int), int&, int&) thread.h:221 (occt_1157_stress:arm64+0x1000060dc)
    #3 std::__1::thread::thread[abi:nqe220106]<void (*&)(int, int), int&, int&, 0>(void (*&)(int, int), int&, int&) thread.h:212 (occt_1157_stress:arm64+0x1000038c8)
    #4 void std::__1::allocator<std::__1::thread>::construct[abi:nqe220106]<std::__1::thread, void (*&)(int, int), int&, int&>(std::__1::thread*, void (*&)(int, int), int&, int&) allocator.h:141 (occt_1157_stress:arm64+0x1000038c8)
    #5 void std::__1::allocator_traits<std::__1::allocator<std::__1::thread>>::construct[abi:nqe220106]<std::__1::thread, void (*&)(int, int), int&, int&, 0>(std::__1::allocator<std::__1::thread>&, std::__1::thread*, void (*&)(int, int), int&, int&) allocator_traits.h:296 (occt_1157_stress:arm64+0x1000038c8)
    #6 void std::__1::vector<std::__1::thread, std::__1::allocator<std::__1::thread>>::__emplace_back_assume_capacity[abi:nqe220106]<void (*&)(int, int), int&, int&>(void (*&)(int, int), int&, int&) vector.h:483 (occt_1157_stress:arm64+0x1000038c8)
    #7 std::__1::thread& std::__1::vector<std::__1::thread, std::__1::allocator<std::__1::thread>>::emplace_back<void (*&)(int, int), int&, int&>(void (*&)(int, int), int&, int&)::'lambda'()::operator()() const vector.h:1146 (occt_1157_stress:arm64+0x1000038c8)
    #8 void std::__1::__if_likely_else[abi:nqe220106]<std::__1::thread& std::__1::vector<std::__1::thread, std::__1::allocator<std::__1::thread>>::emplace_back<void (*&)(int, int), int&, int&>(void (*&)(int, int), int&, int&)::'lambda'(), std::__1::thread& std::__1::vector<std::__1::thread, std::__1::allocator<std::__1::thread>>::emplace_back<void (*&)(int, int), int&, int&>(void (*&)(int, int), int&, int&)::'lambda0'()>(bool, std::__1::thread& std::__1::vector<std::__1::thread, std::__1::allocator<std::__1::thread>>::emplace_back<void (*&)(int, int), int&, int&>(void (*&)(int, int), int&, int&)::'lambda'(), std::__1::thread& std::__1::vector<std::__1::thread, std::__1::allocator<std::__1::thread>>::emplace_back<void (*&)(int, int), int&, int&>(void (*&)(int, int), int&, int&)::'lambda0'()) vector.h:1127 (occt_1157_stress:arm64+0x1000038c8)
    #9 std::__1::thread& std::__1::vector<std::__1::thread, std::__1::allocator<std::__1::thread>>::emplace_back<void (*&)(int, int), int&, int&>(void (*&)(int, int), int&, int&) vector.h:1143 (occt_1157_stress:arm64+0x1000038c8)
    #10 runOne(char const*, int, int) occt_1157_stress.cpp:359 (occt_1157_stress:arm64+0x1000038c8)
    #11 main occt_1157_stress.cpp:396 (occt_1157_stress:arm64+0x100002de4)

  Thread T2 (tid=14909352, running) created by main thread at:
    #0 pthread_create <null> (libclang_rt.tsan_osx_dynamic.dylib:arm64e+0x33bac)
    #1 std::__1::__libcpp_thread_create[abi:nqe220106](_opaque_pthread_t**, void* (*)(void*), void*) pthread.h:182 (occt_1157_stress:arm64+0x1000060dc)
    #2 std::__1::thread::thread[abi:nqe220106]<void (*&)(int, int), int&, int&, 0>(void (*&)(int, int), int&, int&) thread.h:221 (occt_1157_stress:arm64+0x1000060dc)
    #3 std::__1::thread::thread[abi:nqe220106]<void (*&)(int, int), int&, int&, 0>(void (*&)(int, int), int&, int&) thread.h:212 (occt_1157_stress:arm64+0x10000645c)
    #4 void std::__1::allocator<std::__1::thread>::construct[abi:nqe220106]<std::__1::thread, void (*&)(int, int), int&, int&>(std::__1::thread*, void (*&)(int, int), int&, int&) allocator.h:141 (occt_1157_stress:arm64+0x10000645c)
    #5 void std::__1::allocator_traits<std::__1::allocator<std::__1::thread>>::construct[abi:nqe220106]<std::__1::thread, void (*&)(int, int), int&, int&, 0>(std::__1::allocator<std::__1::thread>&, std::__1::thread*, void (*&)(int, int), int&, int&) allocator_traits.h:296 (occt_1157_stress:arm64+0x10000645c)
    #6 std::__1::thread* std::__1::vector<std::__1::thread, std::__1::allocator<std::__1::thread>>::__emplace_back_slow_path<void (*&)(int, int), int&, int&>(void (*&)(int, int), int&, int&) vector.h:1109 (occt_1157_stress:arm64+0x10000645c)
    #7 std::__1::thread& std::__1::vector<std::__1::thread, std::__1::allocator<std::__1::thread>>::emplace_back<void (*&)(int, int), int&, int&>(void (*&)(int, int), int&, int&)::'lambda0'()::operator()() const vector.h:1149 (occt_1157_stress:arm64+0x100003918)
    #8 void std::__1::__if_likely_else[abi:nqe220106]<std::__1::thread& std::__1::vector<std::__1::thread, std::__1::allocator<std::__1::thread>>::emplace_back<void (*&)(int, int), int&, int&>(void (*&)(int, int), int&, int&)::'lambda'(), std::__1::thread& std::__1::vector<std::__1::thread, std::__1::allocator<std::__1::thread>>::emplace_back<void (*&)(int, int), int&, int&>(void (*&)(int, int), int&, int&)::'lambda0'()>(bool, std::__1::thread& std::__1::vector<std::__1::thread, std::__1::allocator<std::__1::thread>>::emplace_back<void (*&)(int, int), int&, int&>(void (*&)(int, int), int&, int&)::'lambda'(), std::__1::thread& std::__1::vector<std::__1::thread, std::__1::allocator<std::__1::thread>>::emplace_back<void (*&)(int, int), int&, int&>(void (*&)(int, int), int&, int&)::'lambda0'()) vector.h:1129 (occt_1157_stress:arm64+0x100003918)
    #9 std::__1::thread& std::__1::vector<std::__1::thread, std::__1::allocator<std::__1::thread>>::emplace_back<void (*&)(int, int), int&, int&>(void (*&)(int, int), int&, int&) vector.h:1143 (occt_1157_stress:arm64+0x100003918)
    #10 runOne(char const*, int, int) occt_1157_stress.cpp:359 (occt_1157_stress:arm64+0x100003918)
    #11 main occt_1157_stress.cpp:396 (occt_1157_stress:arm64+0x100002de4)

SUMMARY: ThreadSanitizer: data race XSAlgo.cxx:30 in XSAlgo::Init()
==================
==================
WARNING: ThreadSanitizer: data race (pid=70511)
  Read of size 8 at 0x00010dd25c78 by thread T3:
    #0 NCollection_DataMap<TCollection_AsciiString, opencascade::handle<Standard_Transient>, NCollection_DefaultHasher<TCollection_AsciiString>>::lookup(TCollection_AsciiString const&, NCollection_DataMap<TCollection_AsciiString, opencascade::handle<Standard_Transient>, NCollection_DefaultHasher<TCollection_AsciiString>>::DataMapNode*&) const NCollection_DataMap.hxx (occt_1157_stress:arm64+0x1013d5850)
    #1 NCollection_DataMap<TCollection_AsciiString, opencascade::handle<Standard_Transient>, NCollection_DefaultHasher<TCollection_AsciiString>>::IsBound(TCollection_AsciiString const&) const NCollection_DataMap.hxx:606 (occt_1157_stress:arm64+0x1013d5850)
    #2 XSControl_Controller::Record(char const*) const XSControl_Controller.cxx:109 (occt_1157_stress:arm64+0x1013d5850)
    #3 XSControl_Controller::AutoRecord() const XSControl_Controller.hxx:72 (occt_1157_stress:arm64+0x100543640)
    #4 STEPControl_Controller::Init() STEPControl_Controller.cxx:495 (occt_1157_stress:arm64+0x100543640)
    #5 STEPControl_Writer::STEPControl_Writer() STEPControl_Writer.cxx:38 (occt_1157_stress:arm64+0x10054d2dc)
    #6 STEPControl_Writer::STEPControl_Writer() STEPControl_Writer.cxx:37 (occt_1157_stress:arm64+0x10054d558)
    #7 runStepWriteIndependent(int, int) occt_1157_stress.cpp:85 (occt_1157_stress:arm64+0x100000ad4)
    #8 std::__1::__invoke_result_impl<void, void (*)(int, int), int, int>::type std::__1::__invoke[abi:nqe220106]<void (*)(int, int), int, int>(void (*&&)(int, int), int&&, int&&) invoke.h:90 (occt_1157_stress:arm64+0x100006214)
    #9 void std::__1::__thread_execute[abi:nqe220106]<std::__1::unique_ptr<std::__1::__thread_struct, std::__1::default_delete<std::__1::__thread_struct>>, void (*)(int, int), int, int, 0ul, 1ul, 2ul>(std::__1::tuple<std::__1::unique_ptr<std::__1::__thread_struct, std::__1::default_delete<std::__1::__thread_struct>>, void (*)(int, int), int, int>&, std::__1::__integer_sequence<unsigned long, 0ul, 1ul, 2ul>) thread.h:161 (occt_1157_stress:arm64+0x100006214)
    #10 void* std::__1::__thread_proxy[abi:nqe220106]<std::__1::tuple<std::__1::unique_ptr<std::__1::__thread_struct, std::__1::default_delete<std::__1::__thread_struct>>, void (*)(int, int), int, int>>(void*) thread.h:169 (occt_1157_stress:arm64+0x100006214)

  Previous write of size 8 at 0x00010dd25c78 by thread T2:
    #0 std::__1::conditional<false, opencascade::handle<Standard_Transient>&, bool>::type NCollection_DataMap<TCollection_AsciiString, opencascade::handle<Standard_Transient>, NCollection_DefaultHasher<TCollection_AsciiString>>::emplaceImpl<TCollection_AsciiString, false, false, opencascade::handle<Standard_Transient>>(TCollection_AsciiString&&, std::__1::integral_constant<bool, false>, std::__1::integral_constant<bool, false>, opencascade::handle<Standard_Transient>&&) NCollection_DataMap.hxx:810 (occt_1157_stress:arm64+0x1013d92f8)
    #1 NCollection_DataMap<TCollection_AsciiString, opencascade::handle<Standard_Transient>, NCollection_DefaultHasher<TCollection_AsciiString>>::Bind(TCollection_AsciiString&&, opencascade::handle<Standard_Transient>&&) NCollection_DataMap.hxx:434 (occt_1157_stress:arm64+0x1013d58f4)
    #2 XSControl_Controller::Record(char const*) const XSControl_Controller.cxx:122 (occt_1157_stress:arm64+0x1013d58f4)
    #3 XSControl_Controller::AutoRecord() const XSControl_Controller.hxx:72 (occt_1157_stress:arm64+0x100543640)
    #4 STEPControl_Controller::Init() STEPControl_Controller.cxx:495 (occt_1157_stress:arm64+0x100543640)
    #5 STEPControl_Writer::STEPControl_Writer() STEPControl_Writer.cxx:38 (occt_1157_stress:arm64+0x10054d2dc)
    #6 STEPControl_Writer::STEPControl_Writer() STEPControl_Writer.cxx:37 (occt_1157_stress:arm64+0x10054d558)
    #7 runStepWriteIndependent(int, int) occt_1157_stress.cpp:85 (occt_1157_stress:arm64+0x100000ad4)
    #8 std::__1::__invoke_result_impl<void, void (*)(int, int), int, int>::type std::__1::__invoke[abi:nqe220106]<void (*)(int, int), int, int>(void (*&&)(int, int), int&&, int&&) invoke.h:90 (occt_1157_stress:arm64+0x100006214)
    #9 void std::__1::__thread_execute[abi:nqe220106]<std::__1::unique_ptr<std::__1::__thread_struct, std::__1::default_delete<std::__1::__thread_struct>>, void (*)(int, int), int, int, 0ul, 1ul, 2ul>(std::__1::tuple<std::__1::unique_ptr<std::__1::__thread_struct, std::__1::default_delete<std::__1::__thread_struct>>, void (*)(int, int), int, int>&, std::__1::__integer_sequence<unsigned long, 0ul, 1ul, 2ul>) thread.h:161 (occt_1157_stress:arm64+0x100006214)
    #10 void* std::__1::__thread_proxy[abi:nqe220106]<std::__1::tuple<std::__1::unique_ptr<std::__1::__thread_struct, std::__1::default_delete<std::__1::__thread_struct>>, void (*)(int, int), int, int>>(void*) thread.h:169 (occt_1157_stress:arm64+0x100006214)

  Location is heap block of size 816 at 0x00010dd25a00 allocated by thread T2:
    #0 calloc <null> (libclang_rt.tsan_osx_dynamic.dylib:arm64e+0x67ff4)
    #1 Standard::Allocate(unsigned long) Standard.cxx:386 (occt_1157_stress:arm64+0x1008bee84)
    #2 NCollection_BaseMap::BeginResize(unsigned long, unsigned long&, NCollection_ListNode**&, NCollection_ListNode**&) const NCollection_BaseMap.cxx:42 (occt_1157_stress:arm64+0x1008dfa1c)
    #3 NCollection_DataMap<TCollection_AsciiString, opencascade::handle<Standard_Transient>, NCollection_DefaultHasher<TCollection_AsciiString>>::ReSize(unsigned long) NCollection_DataMap.hxx:365 (occt_1157_stress:arm64+0x100840190)
    #4 NCollection_DataMap<TCollection_AsciiString, opencascade::handle<Standard_Transient>, NCollection_DefaultHasher<TCollection_AsciiString>>::ReSize(int) NCollection_DataMap.hxx:394 (occt_1157_stress:arm64+0x1013d91d0)
    #5 std::__1::conditional<false, opencascade::handle<Standard_Transient>&, bool>::type NCollection_DataMap<TCollection_AsciiString, opencascade::handle<Standard_Transient>, NCollection_DefaultHasher<TCollection_AsciiString>>::emplaceImpl<TCollection_AsciiString, false, false, opencascade::handle<Standard_Transient>>(TCollection_AsciiString&&, std::__1::integral_constant<bool, false>, std::__1::integral_constant<bool, false>, opencascade::handle<Standard_Transient>&&) NCollection_DataMap.hxx:795 (occt_1157_stress:arm64+0x1013d91d0)
    #6 NCollection_DataMap<TCollection_AsciiString, opencascade::handle<Standard_Transient>, NCollection_DefaultHasher<TCollection_AsciiString>>::Bind(TCollection_AsciiString&&, opencascade::handle<Standard_Transient>&&) NCollection_DataMap.hxx:434 (occt_1157_stress:arm64+0x1013d58f4)
    #7 XSControl_Controller::Record(char const*) const XSControl_Controller.cxx:122 (occt_1157_stress:arm64+0x1013d58f4)
    #8 XSControl_Controller::AutoRecord() const XSControl_Controller.hxx:71 (occt_1157_stress:arm64+0x10054362c)
    #9 STEPControl_Controller::Init() STEPControl_Controller.cxx:495 (occt_1157_stress:arm64+0x10054362c)
    #10 STEPControl_Writer::STEPControl_Writer() STEPControl_Writer.cxx:38 (occt_1157_stress:arm64+0x10054d2dc)
    #11 STEPControl_Writer::STEPControl_Writer() STEPControl_Writer.cxx:37 (occt_1157_stress:arm64+0x10054d558)
    #12 runStepWriteIndependent(int, int) occt_1157_stress.cpp:85 (occt_1157_stress:arm64+0x100000ad4)
    #13 std::__1::__invoke_result_impl<void, void (*)(int, int), int, int>::type std::__1::__invoke[abi:nqe220106]<void (*)(int, int), int, int>(void (*&&)(int, int), int&&, int&&) invoke.h:90 (occt_1157_stress:arm64+0x100006214)
    #14 void std::__1::__thread_execute[abi:nqe220106]<std::__1::unique_ptr<std::__1::__thread_struct, std::__1::default_delete<std::__1::__thread_struct>>, void (*)(int, int), int, int, 0ul, 1ul, 2ul>(std::__1::tuple<std::__1::unique_ptr<std::__1::__thread_struct, std::__1::default_delete<std::__1::__thread_struct>>, void (*)(int, int), int, int>&, std::__1::__integer_sequence<unsigned long, 0ul, 1ul, 2ul>) thread.h:161 (occt_1157_stress:arm64+0x100006214)
    #15 void* std::__1::__thread_proxy[abi:nqe220106]<std::__1::tuple<std::__1::unique_ptr<std::__1::__thread_struct, std::__1::default_delete<std::__1::__thread_struct>>, void (*)(int, int), int, int>>(void*) thread.h:169 (occt_1157_stress:arm64+0x100006214)

  Thread T3 (tid=14909353, running) created by main thread at:
    #0 pthread_create <null> (libclang_rt.tsan_osx_dynamic.dylib:arm64e+0x33bac)
    #1 std::__1::__libcpp_thread_create[abi:nqe220106](_opaque_pthread_t**, void* (*)(void*), void*) pthread.h:182 (occt_1157_stress:arm64+0x1000060dc)
    #2 std::__1::thread::thread[abi:nqe220106]<void (*&)(int, int), int&, int&, 0>(void (*&)(int, int), int&, int&) thread.h:221 (occt_1157_stress:arm64+0x1000060dc)
    #3 std::__1::thread::thread[abi:nqe220106]<void (*&)(int, int), int&, int&, 0>(void (*&)(int, int), int&, int&) thread.h:212 (occt_1157_stress:arm64+0x10000645c)
    #4 void std::__1::allocator<std::__1::thread>::construct[abi:nqe220106]<std::__1::thread, void (*&)(int, int), int&, int&>(std::__1::thread*, void (*&)(int, int), int&, int&) allocator.h:141 (occt_1157_stress:arm64+0x10000645c)
    #5 void std::__1::allocator_traits<std::__1::allocator<std::__1::thread>>::construct[abi:nqe220106]<std::__1::thread, void (*&)(int, int), int&, int&, 0>(std::__1::allocator<std::__1::thread>&, std::__1::thread*, void (*&)(int, int), int&, int&) allocator_traits.h:296 (occt_1157_stress:arm64+0x10000645c)
    #6 std::__1::thread* std::__1::vector<std::__1::thread, std::__1::allocator<std::__1::thread>>::__emplace_back_slow_path<void (*&)(int, int), int&, int&>(void (*&)(int, int), int&, int&) vector.h:1109 (occt_1157_stress:arm64+0x10000645c)
    #7 std::__1::thread& std::__1::vector<std::__1::thread, std::__1::allocator<std::__1::thread>>::emplace_back<void (*&)(int, int), int&, int&>(void (*&)(int, int), int&, int&)::'lambda0'()::operator()() const vector.h:1149 (occt_1157_stress:arm64+0x100003918)
    #8 void std::__1::__if_likely_else[abi:nqe220106]<std::__1::thread& std::__1::vector<std::__1::thread, std::__1::allocator<std::__1::thread>>::emplace_back<void (*&)(int, int), int&, int&>(void (*&)(int, int), int&, int&)::'lambda'(), std::__1::thread& std::__1::vector<std::__1::thread, std::__1::allocator<std::__1::thread>>::emplace_back<void (*&)(int, int), int&, int&>(void (*&)(int, int), int&, int&)::'lambda0'()>(bool, std::__1::thread& std::__1::vector<std::__1::thread, std::__1::allocator<std::__1::thread>>::emplace_back<void (*&)(int, int), int&, int&>(void (*&)(int, int), int&, int&)::'lambda'(), std::__1::thread& std::__1::vector<std::__1::thread, std::__1::allocator<std::__1::thread>>::emplace_back<void (*&)(int, int), int&, int&>(void (*&)(int, int), int&, int&)::'lambda0'()) vector.h:1129 (occt_1157_stress:arm64+0x100003918)
    #9 std::__1::thread& std::__1::vector<std::__1::thread, std::__1::allocator<std::__1::thread>>::emplace_back<void (*&)(int, int), int&, int&>(void (*&)(int, int), int&, int&) vector.h:1143 (occt_1157_stress:arm64+0x100003918)
    #10 runOne(char const*, int, int) occt_1157_stress.cpp:359 (occt_1157_stress:arm64+0x100003918)
    #11 main occt_1157_stress.cpp:396 (occt_1157_stress:arm64+0x100002de4)

  Thread T2 (tid=14909352, running) created by main thread at:
    #0 pthread_create <null> (libclang_rt.tsan_osx_dynamic.dylib:arm64e+0x33bac)
    #1 std::__1::__libcpp_thread_create[abi:nqe220106](_opaque_pthread_t**, void* (*)(void*), void*) pthread.h:182 (occt_1157_stress:arm64+0x1000060dc)
    #2 std::__1::thread::thread[abi:nqe220106]<void (*&)(int, int), int&, int&, 0>(void (*&)(int, int), int&, int&) thread.h:221 (occt_1157_stress:arm64+0x1000060dc)
    #3 std::__1::thread::thread[abi:nqe220106]<void (*&)(int, int), int&, int&, 0>(void (*&)(int, int), int&, int&) thread.h:212 (occt_1157_stress:arm64+0x10000645c)
    #4 void std::__1::allocator<std::__1::thread>::construct[abi:nqe220106]<std::__1::thread, void (*&)(int, int), int&, int&>(std::__1::thread*, void (*&)(int, int), int&, int&) allocator.h:141 (occt_1157_stress:arm64+0x10000645c)
    #5 void std::__1::allocator_traits<std::__1::allocator<std::__1::thread>>::construct[abi:nqe220106]<std::__1::thread, void (*&)(int, int), int&, int&, 0>(std::__1::allocator<std::__1::thread>&, std::__1::thread*, void (*&)(int, int), int&, int&) allocator_traits.h:296 (occt_1157_stress:arm64+0x10000645c)
    #6 std::__1::thread* std::__1::vector<std::__1::thread, std::__1::allocator<std::__1::thread>>::__emplace_back_slow_path<void (*&)(int, int), int&, int&>(void (*&)(int, int), int&, int&) vector.h:1109 (occt_1157_stress:arm64+0x10000645c)
    #7 std::__1::thread& std::__1::vector<std::__1::thread, std::__1::allocator<std::__1::thread>>::emplace_back<void (*&)(int, int), int&, int&>(void (*&)(int, int), int&, int&)::'lambda0'()::operator()() const vector.h:1149 (occt_1157_stress:arm64+0x100003918)
    #8 void std::__1::__if_likely_else[abi:nqe220106]<std::__1::thread& std::__1::vector<std::__1::thread, std::__1::allocator<std::__1::thread>>::emplace_back<void (*&)(int, int), int&, int&>(void (*&)(int, int), int&, int&)::'lambda'(), std::__1::thread& std::__1::vector<std::__1::thread, std::__1::allocator<std::__1::thread>>::emplace_back<void (*&)(int, int), int&, int&>(void (*&)(int, int), int&, int&)::'lambda0'()>(bool, std::__1::thread& std::__1::vector<std::__1::thread, std::__1::allocator<std::__1::thread>>::emplace_back<void (*&)(int, int), int&, int&>(void (*&)(int, int), int&, int&)::'lambda'(), std::__1::thread& std::__1::vector<std::__1::thread, std::__1::allocator<std::__1::thread>>::emplace_back<void (*&)(int, int), int&, int&>(void (*&)(int, int), int&, int&)::'lambda0'()) vector.h:1129 (occt_1157_stress:arm64+0x100003918)
    #9 std::__1::thread& std::__1::vector<std::__1::thread, std::__1::allocator<std::__1::thread>>::emplace_back<void (*&)(int, int), int&, int&>(void (*&)(int, int), int&, int&) vector.h:1143 (occt_1157_stress:arm64+0x100003918)
    #10 runOne(char const*, int, int) occt_1157_stress.cpp:359 (occt_1157_stress:arm64+0x100003918)
    #11 main occt_1157_stress.cpp:396 (occt_1157_stress:arm64+0x100002de4)

SUMMARY: ThreadSanitizer: data race NCollection_DataMap.hxx in NCollection_DataMap<TCollection_AsciiString, opencascade::handle<Standard_Transient>, NCollection_DefaultHasher<TCollection_AsciiString>>::lookup(TCollection_AsciiString const&, NCollection_DataMap<TCollection_AsciiString, opencascade::handle<Standard_Transient>, NCollection_DefaultHasher<TCollection_AsciiString>>::DataMapNode*&) const
==================
==================
WARNING: ThreadSanitizer: data race (pid=70511)
  Read of size 8 at 0x00010c215f88 by thread T5:
    #0 opencascade::handle<Standard_Transient>::handle(opencascade::handle<Standard_Transient> const&) Standard_Handle.hxx:75 (occt_1157_stress:arm64+0x1013d5b20)
    #1 opencascade::handle<Standard_Transient>::handle(opencascade::handle<Standard_Transient> const&) Standard_Handle.hxx:76 (occt_1157_stress:arm64+0x1013d5b20)
    #2 XSControl_Controller::Record(char const*) const XSControl_Controller.cxx:112 (occt_1157_stress:arm64+0x1013d5b20)
    #3 XSControl_Controller::AutoRecord() const XSControl_Controller.hxx:71 (occt_1157_stress:arm64+0x10054362c)
    #4 STEPControl_Controller::Init() STEPControl_Controller.cxx:495 (occt_1157_stress:arm64+0x10054362c)
    #5 STEPControl_Writer::STEPControl_Writer() STEPControl_Writer.cxx:38 (occt_1157_stress:arm64+0x10054d2dc)
    #6 STEPControl_Writer::STEPControl_Writer() STEPControl_Writer.cxx:37 (occt_1157_stress:arm64+0x10054d558)
    #7 runStepWriteIndependent(int, int) occt_1157_stress.cpp:85 (occt_1157_stress:arm64+0x100000ad4)
    #8 std::__1::__invoke_result_impl<void, void (*)(int, int), int, int>::type std::__1::__invoke[abi:nqe220106]<void (*)(int, int), int, int>(void (*&&)(int, int), int&&, int&&) invoke.h:90 (occt_1157_stress:arm64+0x100006214)
    #9 void std::__1::__thread_execute[abi:nqe220106]<std::__1::unique_ptr<std::__1::__thread_struct, std::__1::default_delete<std::__1::__thread_struct>>, void (*)(int, int), int, int, 0ul, 1ul, 2ul>(std::__1::tuple<std::__1::unique_ptr<std::__1::__thread_struct, std::__1::default_delete<std::__1::__thread_struct>>, void (*)(int, int), int, int>&, std::__1::__integer_sequence<unsigned long, 0ul, 1ul, 2ul>) thread.h:161 (occt_1157_stress:arm64+0x100006214)
    #10 void* std::__1::__thread_proxy[abi:nqe220106]<std::__1::tuple<std::__1::unique_ptr<std::__1::__thread_struct, std::__1::default_delete<std::__1::__thread_struct>>, void (*)(int, int), int, int>>(void*) thread.h:169 (occt_1157_stress:arm64+0x100006214)

  Previous write of size 8 at 0x00010c215f88 by thread T2:
    #0 opencascade::handle<Standard_Transient>::handle(opencascade::handle<Standard_Transient>&&) Standard_Handle.hxx:82 (occt_1157_stress:arm64+0x1013d92c4)
    #1 opencascade::handle<Standard_Transient>::handle(opencascade::handle<Standard_Transient>&&) Standard_Handle.hxx:83 (occt_1157_stress:arm64+0x1013d92c4)
    #2 NCollection_TListNode<opencascade::handle<Standard_Transient>>::NCollection_TListNode<opencascade::handle<Standard_Transient>>(std::__1::in_place_t, NCollection_ListNode*, opencascade::handle<Standard_Transient>&&) NCollection_TListNode.hxx:47 (occt_1157_stress:arm64+0x1013d92c4)
    #3 NCollection_DataMap<TCollection_AsciiString, opencascade::handle<Standard_Transient>, NCollection_DefaultHasher<TCollection_AsciiString>>::DataMapNode::DataMapNode<TCollection_AsciiString, opencascade::handle<Standard_Transient>>(TCollection_AsciiString&&, std::__1::in_place_t, NCollection_ListNode*, opencascade::handle<Standard_Transient>&&) NCollection_DataMap.hxx:98 (occt_1157_stress:arm64+0x1013d92c4)
    #4 NCollection_DataMap<TCollection_AsciiString, opencascade::handle<Standard_Transient>, NCollection_DefaultHasher<TCollection_AsciiString>>::DataMapNode::DataMapNode<TCollection_AsciiString, opencascade::handle<Standard_Transient>>(TCollection_AsciiString&&, std::__1::in_place_t, NCollection_ListNode*, opencascade::handle<Standard_Transient>&&) NCollection_DataMap.hxx:102 (occt_1157_stress:arm64+0x1013d92c4)
    #5 std::__1::conditional<false, opencascade::handle<Standard_Transient>&, bool>::type NCollection_DataMap<TCollection_AsciiString, opencascade::handle<Standard_Transient>, NCollection_DefaultHasher<TCollection_AsciiString>>::emplaceImpl<TCollection_AsciiString, false, false, opencascade::handle<Standard_Transient>>(TCollection_AsciiString&&, std::__1::integral_constant<bool, false>, std::__1::integral_constant<bool, false>, opencascade::handle<Standard_Transient>&&) NCollection_DataMap.hxx:810 (occt_1157_stress:arm64+0x1013d92c4)
    #6 NCollection_DataMap<TCollection_AsciiString, opencascade::handle<Standard_Transient>, NCollection_DefaultHasher<TCollection_AsciiString>>::Bind(TCollection_AsciiString&&, opencascade::handle<Standard_Transient>&&) NCollection_DataMap.hxx:434 (occt_1157_stress:arm64+0x1013d58f4)
    #7 XSControl_Controller::Record(char const*) const XSControl_Controller.cxx:122 (occt_1157_stress:arm64+0x1013d58f4)
    #8 XSControl_Controller::AutoRecord() const XSControl_Controller.hxx:71 (occt_1157_stress:arm64+0x10054362c)
    #9 STEPControl_Controller::Init() STEPControl_Controller.cxx:495 (occt_1157_stress:arm64+0x10054362c)
    #10 STEPControl_Writer::STEPControl_Writer() STEPControl_Writer.cxx:38 (occt_1157_stress:arm64+0x10054d2dc)
    #11 STEPControl_Writer::STEPControl_Writer() STEPControl_Writer.cxx:37 (occt_1157_stress:arm64+0x10054d558)
    #12 runStepWriteIndependent(int, int) occt_1157_stress.cpp:85 (occt_1157_stress:arm64+0x100000ad4)
    #13 std::__1::__invoke_result_impl<void, void (*)(int, int), int, int>::type std::__1::__invoke[abi:nqe220106]<void (*)(int, int), int, int>(void (*&&)(int, int), int&&, int&&) invoke.h:90 (occt_1157_stress:arm64+0x100006214)
    #14 void std::__1::__thread_execute[abi:nqe220106]<std::__1::unique_ptr<std::__1::__thread_struct, std::__1::default_delete<std::__1::__thread_struct>>, void (*)(int, int), int, int, 0ul, 1ul, 2ul>(std::__1::tuple<std::__1::unique_ptr<std::__1::__thread_struct, std::__1::default_delete<std::__1::__thread_struct>>, void (*)(int, int), int, int>&, std::__1::__integer_sequence<unsigned long, 0ul, 1ul, 2ul>) thread.h:161 (occt_1157_stress:arm64+0x100006214)
    #15 void* std::__1::__thread_proxy[abi:nqe220106]<std::__1::tuple<std::__1::unique_ptr<std::__1::__thread_struct, std::__1::default_delete<std::__1::__thread_struct>>, void (*)(int, int), int, int>>(void*) thread.h:169 (occt_1157_stress:arm64+0x100006214)

  Location is heap block of size 32 at 0x00010c215f80 allocated by thread T2:
    #0 calloc <null> (libclang_rt.tsan_osx_dynamic.dylib:arm64e+0x67ff4)
    #1 Standard::Allocate(unsigned long) Standard.cxx:386 (occt_1157_stress:arm64+0x1008bee84)
    #2 NCollection_BaseAllocator::Allocate(unsigned long) NCollection_BaseAllocator.cxx:22 (occt_1157_stress:arm64+0x1008dea8c)
    #3 NCollection_ListNode::operator new(unsigned long, opencascade::handle<NCollection_BaseAllocator> const&) NCollection_ListNode.hxx:30 (occt_1157_stress:arm64+0x1013d928c)
    #4 std::__1::conditional<false, opencascade::handle<Standard_Transient>&, bool>::type NCollection_DataMap<TCollection_AsciiString, opencascade::handle<Standard_Transient>, NCollection_DefaultHasher<TCollection_AsciiString>>::emplaceImpl<TCollection_AsciiString, false, false, opencascade::handle<Standard_Transient>>(TCollection_AsciiString&&, std::__1::integral_constant<bool, false>, std::__1::integral_constant<bool, false>, opencascade::handle<Standard_Transient>&&) NCollection_DataMap.hxx:810 (occt_1157_stress:arm64+0x1013d928c)
    #5 NCollection_DataMap<TCollection_AsciiString, opencascade::handle<Standard_Transient>, NCollection_DefaultHasher<TCollection_AsciiString>>::Bind(TCollection_AsciiString&&, opencascade::handle<Standard_Transient>&&) NCollection_DataMap.hxx:434 (occt_1157_stress:arm64+0x1013d58f4)
    #6 XSControl_Controller::Record(char const*) const XSControl_Controller.cxx:122 (occt_1157_stress:arm64+0x1013d58f4)
    #7 XSControl_Controller::AutoRecord() const XSControl_Controller.hxx:71 (occt_1157_stress:arm64+0x10054362c)
    #8 STEPControl_Controller::Init() STEPControl_Controller.cxx:495 (occt_1157_stress:arm64+0x10054362c)
    #9 STEPControl_Writer::STEPControl_Writer() STEPControl_Writer.cxx:38 (occt_1157_stress:arm64+0x10054d2dc)
    #10 STEPControl_Writer::STEPControl_Writer() STEPControl_Writer.cxx:37 (occt_1157_stress:arm64+0x10054d558)
    #11 runStepWriteIndependent(int, int) occt_1157_stress.cpp:85 (occt_1157_stress:arm64+0x100000ad4)
    #12 std::__1::__invoke_result_impl<void, void (*)(int, int), int, int>::type std::__1::__invoke[abi:nqe220106]<void (*)(int, int), int, int>(void (*&&)(int, int), int&&, int&&) invoke.h:90 (occt_1157_stress:arm64+0x100006214)
    #13 void std::__1::__thread_execute[abi:nqe220106]<std::__1::unique_ptr<std::__1::__thread_struct, std::__1::default_delete<std::__1::__thread_struct>>, void (*)(int, int), int, int, 0ul, 1ul, 2ul>(std::__1::tuple<std::__1::unique_ptr<std::__1::__thread_struct, std::__1::default_delete<std::__1::__thread_struct>>, void (*)(int, int), int, int>&, std::__1::__integer_sequence<unsigned long, 0ul, 1ul, 2ul>) thread.h:161 (occt_1157_stress:arm64+0x100006214)
    #14 void* std::__1::__thread_proxy[abi:nqe220106]<std::__1::tuple<std::__1::unique_ptr<std::__1::__thread_struct, std::__1::default_delete<std::__1::__thread_struct>>, void (*)(int, int), int, int>>(void*) thread.h:169 (occt_1157_stress:arm64+0x100006214)

  Thread T5 (tid=14909355, running) created by main thread at:
    #0 pthread_create <null> (libclang_rt.tsan_osx_dynamic.dylib:arm64e+0x33bac)
    #1 std::__1::__libcpp_thread_create[abi:nqe220106](_opaque_pthread_t**, void* (*)(void*), void*) pthread.h:182 (occt_1157_stress:arm64+0x1000060dc)
    #2 std::__1::thread::thread[abi:nqe220106]<void (*&)(int, int), int&, int&, 0>(void (*&)(int, int), int&, int&) thread.h:221 (occt_1157_stress:arm64+0x1000060dc)
    #3 std::__1::thread::thread[abi:nqe220106]<void (*&)(int, int), int&, int&, 0>(void (*&)(int, int), int&, int&) thread.h:212 (occt_1157_stress:arm64+0x10000645c)
    #4 void std::__1::allocator<std::__1::thread>::construct[abi:nqe220106]<std::__1::thread, void (*&)(int, int), int&, int&>(std::__1::thread*, void (*&)(int, int), int&, int&) allocator.h:141 (occt_1157_stress:arm64+0x10000645c)
    #5 void std::__1::allocator_traits<std::__1::allocator<std::__1::thread>>::construct[abi:nqe220106]<std::__1::thread, void (*&)(int, int), int&, int&, 0>(std::__1::allocator<std::__1::thread>&, std::__1::thread*, void (*&)(int, int), int&, int&) allocator_traits.h:296 (occt_1157_stress:arm64+0x10000645c)
    #6 std::__1::thread* std::__1::vector<std::__1::thread, std::__1::allocator<std::__1::thread>>::__emplace_back_slow_path<void (*&)(int, int), int&, int&>(void (*&)(int, int), int&, int&) vector.h:1109 (occt_1157_stress:arm64+0x10000645c)
    #7 std::__1::thread& std::__1::vector<std::__1::thread, std::__1::allocator<std::__1::thread>>::emplace_back<void (*&)(int, int), int&, int&>(void (*&)(int, int), int&, int&)::'lambda0'()::operator()() const vector.h:1149 (occt_1157_stress:arm64+0x100003918)
    #8 void std::__1::__if_likely_else[abi:nqe220106]<std::__1::thread& std::__1::vector<std::__1::thread, std::__1::allocator<std::__1::thread>>::emplace_back<void (*&)(int, int), int&, int&>(void (*&)(int, int), int&, int&)::'lambda'(), std::__1::thread& std::__1::vector<std::__1::thread, std::__1::allocator<std::__1::thread>>::emplace_back<void (*&)(int, int), int&, int&>(void (*&)(int, int), int&, int&)::'lambda0'()>(bool, std::__1::thread& std::__1::vector<std::__1::thread, std::__1::allocator<std::__1::thread>>::emplace_back<void (*&)(int, int), int&, int&>(void (*&)(int, int), int&, int&)::'lambda'(), std::__1::thread& std::__1::vector<std::__1::thread, std::__1::allocator<std::__1::thread>>::emplace_back<void (*&)(int, int), int&, int&>(void (*&)(int, int), int&, int&)::'lambda0'()) vector.h:1129 (occt_1157_stress:arm64+0x100003918)
    #9 std::__1::thread& std::__1::vector<std::__1::thread, std::__1::allocator<std::__1::thread>>::emplace_back<void (*&)(int, int), int&, int&>(void (*&)(int, int), int&, int&) vector.h:1143 (occt_1157_stress:arm64+0x100003918)
    #10 runOne(char const*, int, int) occt_1157_stress.cpp:359 (occt_1157_stress:arm64+0x100003918)
    #11 main occt_1157_stress.cpp:396 (occt_1157_stress:arm64+0x100002de4)

  Thread T2 (tid=14909352, running) created by main thread at:
    #0 pthread_create <null> (libclang_rt.tsan_osx_dynamic.dylib:arm64e+0x33bac)
    #1 std::__1::__libcpp_thread_create[abi:nqe220106](_opaque_pthread_t**, void* (*)(void*), void*) pthread.h:182 (occt_1157_stress:arm64+0x1000060dc)
    #2 std::__1::thread::thread[abi:nqe220106]<void (*&)(int, int), int&, int&, 0>(void (*&)(int, int), int&, int&) thread.h:221 (occt_1157_stress:arm64+0x1000060dc)
    #3 std::__1::thread::thread[abi:nqe220106]<void (*&)(int, int), int&, int&, 0>(void (*&)(int, int), int&, int&) thread.h:212 (occt_1157_stress:arm64+0x10000645c)
    #4 void std::__1::allocator<std::__1::thread>::construct[abi:nqe220106]<std::__1::thread, void (*&)(int, int), int&, int&>(std::__1::thread*, void (*&)(int, int), int&, int&) allocator.h:141 (occt_1157_stress:arm64+0x10000645c)
    #5 void std::__1::allocator_traits<std::__1::allocator<std::__1::thread>>::construct[abi:nqe220106]<std::__1::thread, void (*&)(int, int), int&, int&, 0>(std::__1::allocator<std::__1::thread>&, std::__1::thread*, void (*&)(int, int), int&, int&) allocator_traits.h:296 (occt_1157_stress:arm64+0x10000645c)
    #6 std::__1::thread* std::__1::vector<std::__1::thread, std::__1::allocator<std::__1::thread>>::__emplace_back_slow_path<void (*&)(int, int), int&, int&>(void (*&)(int, int), int&, int&) vector.h:1109 (occt_1157_stress:arm64+0x10000645c)
    #7 std::__1::thread& std::__1::vector<std::__1::thread, std::__1::allocator<std::__1::thread>>::emplace_back<void (*&)(int, int), int&, int&>(void (*&)(int, int), int&, int&)::'lambda0'()::operator()() const vector.h:1149 (occt_1157_stress:arm64+0x100003918)
    #8 void std::__1::__if_likely_else[abi:nqe220106]<std::__1::thread& std::__1::vector<std::__1::thread, std::__1::allocator<std::__1::thread>>::emplace_back<void (*&)(int, int), int&, int&>(void (*&)(int, int), int&, int&)::'lambda'(), std::__1::thread& std::__1::vector<std::__1::thread, std::__1::allocator<std::__1::thread>>::emplace_back<void (*&)(int, int), int&, int&>(void (*&)(int, int), int&, int&)::'lambda0'()>(bool, std::__1::thread& std::__1::vector<std::__1::thread, std::__1::allocator<std::__1::thread>>::emplace_back<void (*&)(int, int), int&, int&>(void (*&)(int, int), int&, int&)::'lambda'(), std::__1::thread& std::__1::vector<std::__1::thread, std::__1::allocator<std::__1::thread>>::emplace_back<void (*&)(int, int), int&, int&>(void (*&)(int, int), int&, int&)::'lambda0'()) vector.h:1129 (occt_1157_stress:arm64+0x100003918)
    #9 std::__1::thread& std::__1::vector<std::__1::thread, std::__1::allocator<std::__1::thread>>::emplace_back<void (*&)(int, int), int&, int&>(void (*&)(int, int), int&, int&) vector.h:1143 (occt_1157_stress:arm64+0x100003918)
    #10 runOne(char const*, int, int) occt_1157_stress.cpp:359 (occt_1157_stress:arm64+0x100003918)
    #11 main occt_1157_stress.cpp:396 (occt_1157_stress:arm64+0x100002de4)

SUMMARY: ThreadSanitizer: data race Standard_Handle.hxx:75 in opencascade::handle<Standard_Transient>::handle(opencascade::handle<Standard_Transient> const&)
==================
==================
WARNING: ThreadSanitizer: data race (pid=70511)
  Write of size 1 at 0x0001026976c8 by thread T7:
    #0 STEPControl_Controller::Init() STEPControl_Controller.cxx:497 (occt_1157_stress:arm64+0x10054364c)
    #1 STEPControl_Writer::STEPControl_Writer() STEPControl_Writer.cxx:38 (occt_1157_stress:arm64+0x10054d2dc)
    #2 STEPControl_Writer::STEPControl_Writer() STEPControl_Writer.cxx:37 (occt_1157_stress:arm64+0x10054d558)
    #3 runStepWriteIndependent(int, int) occt_1157_stress.cpp:85 (occt_1157_stress:arm64+0x100000ad4)
    #4 std::__1::__invoke_result_impl<void, void (*)(int, int), int, int>::type std::__1::__invoke[abi:nqe220106]<void (*)(int, int), int, int>(void (*&&)(int, int), int&&, int&&) invoke.h:90 (occt_1157_stress:arm64+0x100006214)
    #5 void std::__1::__thread_execute[abi:nqe220106]<std::__1::unique_ptr<std::__1::__thread_struct, std::__1::default_delete<std::__1::__thread_struct>>, void (*)(int, int), int, int, 0ul, 1ul, 2ul>(std::__1::tuple<std::__1::unique_ptr<std::__1::__thread_struct, std::__1::default_delete<std::__1::__thread_struct>>, void (*)(int, int), int, int>&, std::__1::__integer_sequence<unsigned long, 0ul, 1ul, 2ul>) thread.h:161 (occt_1157_stress:arm64+0x100006214)
    #6 void* std::__1::__thread_proxy[abi:nqe220106]<std::__1::tuple<std::__1::unique_ptr<std::__1::__thread_struct, std::__1::default_delete<std::__1::__thread_struct>>, void (*)(int, int), int, int>>(void*) thread.h:169 (occt_1157_stress:arm64+0x100006214)

  Previous write of size 1 at 0x0001026976c8 by thread T8:
    #0 STEPControl_Controller::Init() STEPControl_Controller.cxx:497 (occt_1157_stress:arm64+0x10054364c)
    #1 STEPControl_Writer::STEPControl_Writer() STEPControl_Writer.cxx:38 (occt_1157_stress:arm64+0x10054d2dc)
    #2 STEPControl_Writer::STEPControl_Writer() STEPControl_Writer.cxx:37 (occt_1157_stress:arm64+0x10054d558)
    #3 runStepWriteIndependent(int, int) occt_1157_stress.cpp:85 (occt_1157_stress:arm64+0x100000ad4)
    #4 std::__1::__invoke_result_impl<void, void (*)(int, int), int, int>::type std::__1::__invoke[abi:nqe220106]<void (*)(int, int), int, int>(void (*&&)(int, int), int&&, int&&) invoke.h:90 (occt_1157_stress:arm64+0x100006214)
    #5 void std::__1::__thread_execute[abi:nqe220106]<std::__1::unique_ptr<std::__1::__thread_struct, std::__1::default_delete<std::__1::__thread_struct>>, void (*)(int, int), int, int, 0ul, 1ul, 2ul>(std::__1::tuple<std::__1::unique_ptr<std::__1::__thread_struct, std::__1::default_delete<std::__1::__thread_struct>>, void (*)(int, int), int, int>&, std::__1::__integer_sequence<unsigned long, 0ul, 1ul, 2ul>) thread.h:161 (occt_1157_stress:arm64+0x100006214)
    #6 void* std::__1::__thread_proxy[abi:nqe220106]<std::__1::tuple<std::__1::unique_ptr<std::__1::__thread_struct, std::__1::default_delete<std::__1::__thread_struct>>, void (*)(int, int), int, int>>(void*) thread.h:169 (occt_1157_stress:arm64+0x100006214)

  Location is global 'STEPControl_Controller::Init()::inic' at 0x0001026976c8 (occt_1157_stress+0x101cab6c8)

  Thread T7 (tid=14909357, running) created by main thread at:
    #0 pthread_create <null> (libclang_rt.tsan_osx_dynamic.dylib:arm64e+0x33bac)
    #1 std::__1::__libcpp_thread_create[abi:nqe220106](_opaque_pthread_t**, void* (*)(void*), void*) pthread.h:182 (occt_1157_stress:arm64+0x1000060dc)
    #2 std::__1::thread::thread[abi:nqe220106]<void (*&)(int, int), int&, int&, 0>(void (*&)(int, int), int&, int&) thread.h:221 (occt_1157_stress:arm64+0x1000060dc)
    #3 std::__1::thread::thread[abi:nqe220106]<void (*&)(int, int), int&, int&, 0>(void (*&)(int, int), int&, int&) thread.h:212 (occt_1157_stress:arm64+0x1000038c8)
    #4 void std::__1::allocator<std::__1::thread>::construct[abi:nqe220106]<std::__1::thread, void (*&)(int, int), int&, int&>(std::__1::thread*, void (*&)(int, int), int&, int&) allocator.h:141 (occt_1157_stress:arm64+0x1000038c8)
    #5 void std::__1::allocator_traits<std::__1::allocator<std::__1::thread>>::construct[abi:nqe220106]<std::__1::thread, void (*&)(int, int), int&, int&, 0>(std::__1::allocator<std::__1::thread>&, std::__1::thread*, v

[... truncated at 200KB: 44 total race warnings in the full run. Regenerate with
     Scripts/tsan-stress.sh run, which now includes this scenario (#1403 Phase 0). ...]
