
CASCADE Topology V3, (c) Open Cascade
Locations 0
Curve2ds 1862
1 0.074129652149527839 0.1175856017327277 -0.76788210029370207 -0.6405911957313597 
8 0 0.26908694107947823
1 -0.1198989827517869 0.019056074589409059 0.99999956226138209 -0.00093566930289703382 
1 -0.13249739332818949 -0.054789123609069179 0.99733153719931333 -0.073005512857968524 
8 0 0.20717989732678396
1 0.011326024102569211 0.074828311669525888 -0.073009378032710959 -0.99733125425771985 
1 0.011326024102569214 0.074828311669525929 -0.25967822488474479 0.96569520011270016 
8 0 0.058245849179656924
1 -0.02011228373827665 0.024480839368009825 1 -9.8649566675854013e-20 
1 0.00012555527669633193 0.13143730179447743 -0.00095775666771871716 -0.99999954135097757 
8 0 0.26287472383871952
1 -0.0038000513421402029 -0.1317986751883812 3.411217398327215e-06 0.99999999999418188 
1 0.015513105415323025 0.061436667908534304 -0.29455908006091724 -0.95563327084905647 
8 0 0.12007734760564916
1 0.020040131440282494 0.054503782296514203 -0.29455908006091724 -0.95563327084905647 
1 -0.019856767631551975 -0.053313240538731321 0.92428728242869829 -0.38169754982259407 
8 0 0.012447566002307873
1 0.027825850409413988 0.047521107532254803 0.92428728242869829 -0.38169754982259407 
1 -0.0083516406784269748 -0.058064445983067259 0.19583619946915054 0.98063662127083506 
8 0 0.12186074974105765
1 0.091323426098781219 -12.835856510081559 -1 -0 
1 0.020040131440282494 0.054503782296514203 -1 0 
8 0 0.01248931884765625
1 0.014600303520495572 -0.05687888031005528 -1 -0 
1 0.037804785579481859 0.05087347533768849 -0.63684739168118143 -0.77098988301330906 
8 0 0.12013485390496224
1 0.039330977362538988 0.042769902087918865 -0.63684739168118143 -0.77098988301330906 
1 -0.038702782779893141 -0.041749281620319323 0.70710678118654757 -0.70710678118654757 
8 0 0.012375663421950836
1 0.043949796821024734 0.033211412464943635 0.70710678118654757 -0.70710678118654757 
1 -0.029951867252549391 -0.050500197147663073 0.55568890002439386 0.83139030929502611 
8 0 0.12193270880353529
1 0.091377310177774757 -12.835838605533823 -1 -0 
1 0.054403788368688311 0.032536342391335182 -0.88356107246968496 -0.46831595234010565 
8 0 0.12011040463004174
1 0.052700712348368484 0.024460496937599885 -0.88356107246968496 -0.46831595234010565 
1 -0.051721089560999189 -0.023713276138938255 0.38141280206354772 -0.92440482172154048 
8 0 0.012441856625585548
1 0.05331264293263871 0.013921033421038231 0.38141280206354772 -0.92440482172154048 
1 -0.046975606162561689 -0.03521458839479763 0.83142647836414374 0.55563478209611594 
8 0 0.12193428663796825
1 -0.091378491684471957 12.835838212944338 1 -0 
1 0.062712299562534213 0.009265667716704229 -0.99550980159533897 -0.09465851745938586 
8 0 0.12015315898372118
1 0.05805812633107621 0.0024197211651788564 -0.99550980159533897 -0.09465851745938586 
1 -0.056901347898403287 -0.0021078521807567085 0.0097645634471911092 -0.99995232551391466 
8 0 0.012501358935315735
1 0.054471964008513396 -0.0075432791443006408 0.0097645634471911092 -0.99995232551391466 
1 -0.056779277585903287 -0.014608615120209834 0.98061858536782776 0.19592649139715712 
8 0 0.12185326581753138
1 -0.091317822016111189 12.835858372202456 1 -0 
1 0.061499790230314488 -0.015516210237521477 -0.95571070676248704 0.29430773856551512 
8 0 0.1201993371468843
1 0.054594034321013396 -0.020044042083753766 -0.95571070676248704 0.29430773856551512 
1 -0.053376003226716762 0.01985938485525196 -0.38193661579003529 -0.92418852055132938 
8 0 0.012444768572756355
1 0.047525779945701174 -0.027826429076068138 -0.38193661579003529 -0.92418852055132938 
1 -0.058129116019685512 0.0083580725993925853 0.98066177626579409 -0.19571019536860562 
8 0 0.12198793625415695
1 -0.091418665328218587 12.835824864108673 1 -0 
1 0.050876460590004058 -0.037801762409507944 -0.77103258516339146 0.63679569142406856 
8 0 0.1201356217445429
1 0.042772667152732424 -0.039327741331927513 -0.77103258516339146 0.63679569142406856 
1 -0.041752018413902192 0.038700083903968618 -0.70710678118654757 -0.70710678118654757 
8 0 0.012375663421950836
1 0.033204997126887292 -0.043949647052457408 -0.70710678118654757 -0.70710678118654757 
1 -0.050502933941245942 0.029949168376624868 0.83142647836414374 -0.55563478209611594 
8 0 0.12193428663796825
1 -0.091378491684487723 12.835838212944338 1 -0 
1 0.032579587000981292 -0.054425759543061503 -0.4682291653650611 0.88360706691466562 
8 0 0.12010415251685229
1 0.024454081599543542 -0.052700562579801158 -0.4682291653650611 0.88360706691466562 
1 -0.023656680088862458 0.051699118386625997 -0.92578369398329019 -0.37805363634629113 
8 0 0.012567543299554217
1 0.013954618302193467 -0.053224166740129419 -0.92578369398329019 -0.37805363634629113 
1 -0.035291506749018708 0.04694791294229006 0.55633713318109734 -0.83095667410752416 
8 0 0.12199633945323365
1 0.091424957768205486 -12.835822773268227 -1 -0 
1 0.0092013329468869642 -0.062687811469121613 -0.09369168320321547 0.99560125979156355 
8 0 0.12002909067895315
1 0.0023197916420372184 -0.057975372184465371 -0.09369168320321547 0.99560125979156355 
1 -0.0020443945921755358 0.05681330242247995 -1 0 
8 0 0.01250457763671875
1 -0.0075466630738247886 -0.05456309866058362 -1 -0 
1 -0.014548972228894286 0.05681330242247995 0.19493285510578223 -0.98081658937861982 
8 0 0.12183838975165533
1 0.091306682576408935 -12.835862073609228 -1 -0 
1 -0.015520380169391501 -0.061499208954778339 0.29438020480153992 0.9556883880329422 
8 0 0.12020214422974818
1 -0.020051240710543546 -0.054563098660583634 0.29438020480153992 0.9556883880329422 
1 0.019864751666545999 0.053376584502252911 -0.92434133581524891 0.38156663232426552 
8 0 0.012446838096857076
1 -0.02781703340163233 -0.047458907363211011 -0.92434133581524891 0.38156663232426552 
1 0.0083596247134209989 0.058125882597956036 -0.19576130793581034 -0.98065157437045947 
8 0 0.12198531535477224
1 0.091416702759784946 -12.83582551622742 -1 -0 
1 -0.037808755957698281 -0.050859785394674617 0.63727887870923217 0.77063326605532922 
8 0 0.12002956966853007
1 -0.03932216035475733 -0.042709609267507886 0.63727887870923217 0.77063326605532922 
1 0.038683553612614219 0.041638993902200383 -0.70203921028096095 0.71213829220740887 
8 0 0.012464995400814685
1 -0.043937591490461614 -0.033294195883737387 -0.70203921028096095 0.71213829220740887 
1 0.029932638085270469 0.050515794439309758 -0.55559516564964828 -0.83145295231103733 
8 0 0.12192581618985088
1 0.091372148882279236 -12.83584032052245 -1 -0 
1 -0.054405978142170852 -0.032535849457609345 0.8835750024590987 0.4682896700007419 
8 0 0.12011714571919625
1 -0.052688507017805364 -0.024417395346628012 0.8835750024590987 0.4682896700007419 
1 0.051726529182047898 0.023713769072664093 -0.38199072253263489 0.92416615816583303 
8 0 0.012443005844370143
1 -0.053252907240519676 -0.013860502535539609 -0.38199072253263489 0.92416615816583303 
1 0.046973416389079148 0.035213173979890655 -0.83143370468207234 -0.55562396881222176 
8 0 0.12193322685903858
1 -0.091377698105699193 12.83583847663364 1 -0 
1 -0.062689404673761828 -0.0092016063298920869 0.99559871346627071 0.093718737423775289 
8 0 0.12003514500478379
1 -0.058006020033488426 -0.0023610976283130469 0.99559871346627071 0.093718737423775289 
1 0.056817431263738172 0.0020479359064360381 0 1 
8 0 0.012498855590820312
1 -0.05455979524717236 0.0074859220765404189 -0 1 
1 0.056817431263738172 0.014546791497256351 -0.98082136654683783 -0.19490881695088544 
8 0 0.12184363026087597
1 -0.09131060675504582 12.835860769685187 1 -0 
1 -0.061493728481494259 0.015449609097739625 0.95600388389560009 -0.29335400794352234 
8 0 0.12015449518303853
1 -0.05455979524717236 0.019984777667360731 0.95600388389560009 -0.29335400794352234 
1 0.053374435581005741 -0.019798193636635375 0.38146685990086393 0.92438251541089567 
8 0 0.01244009348458412
1 -0.047462591698561596 0.02788672603756126 0.38146685990086393 0.92438251541089567 
1 0.058119918979443241 -0.0082987887294088125 -0.98085462625276665 0.19474137248809156 
8 0 0.12194839506228013
1 -0.091389056288602791 12.835834702552344 1 0 
1 -0.050876691532764085 0.037857187449844787 0.77011293575596196 -0.63790756868164988 
8 0 0.12012057504345083
1 -0.04271710830012411 0.039386130944787837 0.77011293575596196 -0.63790756868164988 
1 0.041629717158642165 -0.038768636524764588 0.70695479692933305 0.70725873278355889 
8 0 0.012550994601611977
1 -0.03328257978138538 0.043821969018569717 0.70695479692933305 0.70725873278355889 
1 0.050502702998485915 -0.029891835987655213 -0.83143370468207234 0.55562396881222176 
8 0 0.12193322685903858
1 -0.091377698105683441 12.83583847663364 1 0 
1 -0.032538911145593374 0.054403742348149819 0.4683283493730413 -0.88355450152977133 
8 0 0.12011129788365595
1 -0.024409593941541637 0.052698769555679106 0.4683283493730413 -0.88355450152977133 
1 0.023712614733312876 -0.051721135581537681 0.92434133581524891 0.38156663232426552 
8 0 0.012446838096857076
1 -0.013924667541175495 0.053314366968898241 0.92434133581524891 0.38156663232426552 
1 0.035217741686437876 -0.046971837485834556 -0.55568167328899354 0.83139513949189303 
8 0 0.12193429455931153
1 0.091378497616089363 -12.835838210973385 -1 -0 
1 -0.0092644425732544278 0.062746211242679095 0.094665273530375252 -0.99550915916802063 
8 0 0.12016473223883642
1 -0.0024195405880504967 0.05806366506460138 0.094665273530375252 -0.99550915916802063 
1 0.014600303520495572 -0.05687888031005528 -0.19564101006938367 0.98067558100476393 
8 0 0.1219823291920565
1 0.091414466676658326 -12.835826259229187 -1 -0 
1 -0.030537323642276428 12.89664261253807 0 -1 
8 0 25.732499122619629
1 0.030567862515394683 12.835826259229187 -0 -1 
1 -0.091323426098777749 12.83585651008157 0.0047356217801156897 -0.99998878688031079 
8 0 25.732787667447681
1 -0.030537323642276418 12.89664261253807 0.0047356217801156897 -0.99998878688031079 
1 0.030537323642279911 -12.896642612538059 0 1 
8 0 25.732499122619629
1 -0.030555398625760538 -12.835838605533823 -0 1 
1 0.030537323642279911 12.83585651008157 -1 0 
1 0.018251954375259061 -0.064166815032884017 -0.19583619946915054 0.98063662127083506 
1 -0.091377310177758006 12.835838605533819 0.0047384181132691678 -0.99998877363387628 
8 0 25.732788008319194
1 -0.030555398625760538 12.896660517085806 0.0047384181132691678 -0.99998877363387628 
1 0.030555398625777296 -12.89666051708581 0 1 
8 0 25.732499122619629
1 0.030555794953496293 12.835838212944338 -0 -1 
1 0.030555398625777296 12.835838605533819 -1 0 
8 0 0.12193270880353529
1 0.15842244825667351 0.09386745161141527 -0.34319564380722012 -0.93926394057887042 
1 0.091378491684456192 -12.835838212944338 -0.0047384794280013786 0.99998877334333636 
8 0 25.732788015795681
1 0.030555794953496293 -12.89666090967529 -0.0047384794280013786 0.99998877334333636 
1 -0.030555794953512055 12.89666090967529 0 -1 
8 0 25.732499122619629
1 0.030535443801420193 12.835858372202456 -0 -1 
1 -0.030555794953512055 -12.835838212944338 1 0 
1 0.058313407628304503 -0.032524119748636338 -0.83142647836414374 0.55563478209611594 
1 0.091317822016139749 -12.835858372202463 -0.0047353309544265684 0.99998878825752446 
8 0 25.732787632007739
1 0.030535443801420231 -12.896640750417177 -0.0047353309544265684 0.99998878825752446 
1 -0.030535443801391629 12.896640750417166 0 -1 
8 0 25.732499122619629
1 0.030569270925938367 12.835824864108673 0 -1 
1 -0.030535443801391629 -12.835858372202463 1 0 
1 0.066275962899240426 -0.0077635737771402091 -0.98061858536782776 0.19592649139715712 
1 0.091418665328218587 -12.835824864108673 -0.0047405642549838171 0.99998876346214227 
8 0 25.732788270069211
1 0.030569270925938363 -12.896674258510956 -0.0047405642549838171 0.99998876346214227 
1 -0.030569270925938367 12.896674258510956 0 -1 
8 0 25.732499122619629
1 0.030555794953480528 12.835838212944338 0 -1 
1 -0.030569270925938367 -12.835824864108673 1 0 
1 0.06422355029471305 0.018293951190162971 -0.98066177626579409 -0.19571019536860562 
1 0.091378491684440427 -12.835838212944338 -0.0047384794280013786 0.99998877334333636 
8 0 25.732788015795681
1 0.030555794953480528 -12.89666090967529 -0.0047384794280013786 0.99998877334333636 
1 -0.03055579495352782 12.89666090967529 0 -1 
8 0 25.732499122619629
1 -0.030571381685028164 -12.835822773268227 -0 1 
1 -0.03055579495352782 -12.835838212944338 1 0 
8 0 0.12193428663796825
1 0.08387206206223477 -0.12391725876127423 -0.35035413625160589 -0.93661730670076304 
1 -0.091424957768205486 12.835822773268216 0.0047408908037481542 -0.99998876191404629 
8 0 25.732788309906486
1 -0.030571381685028182 12.896676349351402 0.0047408908037481542 -0.99998876191404629 
1 0.030571381685028164 -12.896676349351413 0 1 
8 0 25.732499122619629
1 -0.030531707175246392 -12.835862073609228 -0 1 
1 0.030571381685028164 12.835822773268216 -1 0 
1 0.032595861095174428 0.058360327606532536 -0.55633713318109734 -0.83095667410752416 
1 -0.091306682576419398 12.835862073609231 0.0047347528696664361 -0.99998879099481075 
8 0 25.732787561568941
1 -0.030531707175246364 12.896637049010401 0.0047347528696664361 -0.99998879099481075 
1 0.030531707175235939 -12.896637049010398 0 1 
8 0 25.732499122619629
1 -0.030568612594987291 -12.83582551622742 -0 1 
1 0.030531707175235939 12.835862073609231 -1 0 
1 0.0077274582830142435 0.066297829518138229 -0.19493285510578223 -0.98081658937861982 
1 -0.091416702759784946 12.835825516227416 0.0047404624066936215 -0.99998876394496095 
8 0 25.732788257644803
1 -0.030568612594987318 12.896673606392213 0.0047404624066936223 -0.99998876394496095 
1 0.030568612594987287 -12.896673606392213 0 1 
8 0 25.732499122619629
1 -0.030553667307571648 -12.83584032052245 -0 1 
1 0.030568612594987287 12.835825516227416 -1 0 
8 0 0.12198531535477224
1 0.32159400010519046 -0.073276632331026048 -0.18569569900963662 -0.98260730069001756 
1 -0.091372148882304841 12.835840320522447 0.0047381502659244431 -0.9999887749030274 
8 0 25.732787975660031
1 -0.030553667307571655 12.896658802097178 0.0047381502659244431 -0.9999887749030274 
1 0.03055366730754603 -12.896658802097182 0 1 
8 0 25.732499122619629
1 0.030555528753339386 12.83583847663364 -0 -1 
1 0.03055366730754603 12.835840320522447 -1 0 
1 -0.041450016204109374 0.052367686109398903 0.55559516564964828 -0.83145295231103733 
1 0.091377698105714972 -12.83583847663364 -0.0047384382449343161 0.99998877353848281 
8 0 25.732788010773962
1 0.030555528753339375 -12.896660645985989 -0.0047384382449343161 0.99998877353848281 
1 -0.030555528753323621 12.896660645985989 0 -1 
8 0 25.732499122619629
1 0.030533023505830151 12.835860769685187 -0 -1 
1 -0.030555528753323621 -12.83583847663364 1 0 
8 0 0.12193322685903858
1 0.048052302101701749 0.41474038385867407 0.51916129037092051 -0.85467628642685578 
1 0.091310606755103649 -12.835860769685183 -0.0047349565161512721 0.9999887900305634 
8 0 25.732787586381992
1 0.030533023505830162 -12.896638352934442 -0.0047349565161512721 0.9999887900305634 
1 -0.030533023505772323 12.896638352934445 0 -1 
8 0 25.732499122619629
1 0.030559338773677339 12.835834702552344 -0 -1 
1 -0.030533023505772323 -12.835860769685183 1 0 
8 0 0.12184363026087597
1 -0.08527022235739451 -0.47138085981446343 -0.13523697927698908 0.99081328182258199 
1 0.091389056288632059 -12.83583470255234 -0.0047390276821380533 0.99998877074526593 
8 0 25.732788082652029
1 0.030559338773677364 -12.896664420067285 -0.0047390276821380533 0.99998877074526593 
1 -0.030559338773648075 12.896664420067289 0 -1 
8 0 25.732499122619629
1 0.030555528753355148 12.83583847663364 -0 -1 
1 -0.030559338773648075 -12.83583470255234 1 0 
8 0 0.12194839506228013
1 -0.10566772587839673 0.14626297296737889 0.10150039817254017 0.99483549854778286 
1 0.091377698105683441 -12.83583847663364 -0.0047384382449343161 0.99998877353848281 
8 0 25.732788010773962
1 0.030555528753355141 -12.896660645985989 -0.0047384382449343161 0.99998877353848281 
1 -0.030555528753355148 12.896660645985989 0 -1 
8 0 25.732499122619629
1 -0.03055579694322216 -12.835838210973385 0 1 
1 -0.030555528753355148 -12.83583847663364 1 0 
8 0 0.12193322685903858
1 0.12040606924038283 -0.10882213045398631 -0.45554241707563525 -0.89021407888489823 
1 -0.091378497616086407 12.835838210973389 0.004738479735825211 -0.99998877334187775 
8 0 25.732788015833219
1 -0.030555796943222191 12.896660911646247 0.0047384797358252118 -0.99998877334187775 
1 0.030555796943225109 -12.89666091164624 0 1 
8 0 25.732499122619629
1 -0.03056786251539817 -12.835826259229187 0 1 
1 0.030555796943225109 12.835838210973389 -1 0 
8 0 0.12193429455931153
1 -0.1214143560282514 -0.13565928945634514 -0.47754282198678027 0.87860847547067422 
1 -0.09141446667666181 12.835826259229187 0.0047403463642506759 -0.99998876449505525 
8 0 25.732788243489182
1 -0.030567862515398156 12.896672863390442 0.0047403463642506759 -0.99998876449505525 
1 0.030567862515394683 12.835826259229187 -1 0 
1 -0.0077575214719587393 -0.066341614482134048 0.19564101006938367 0.98067558100476393 
1 0.044792659577140626 -0.041384221239233909 -0.67701792972186181 0.73596652290381004 
8 0 0.12738610307806905
1 0.042394002260564889 -0.054084794967895533 -0.67701792972186181 0.73596652290381004 
1 -0.0068550216052045698 0.061058712979434659 -0.92458134094718425 -0.38098470306864901 
8 0 0.020010442476946024
1 0.044792659577140626 -0.041384221239233909 -0.92458134094718425 -0.38098470306864901 
1 -0.08939992393636266 0.10047793132859084 0.46066990364352522 -0.88757154070929145 
8 0 0.28166743584434412
1 -0.040355786593570156 0.14952206867139495 0.46066990364352522 -0.88757154070929145 
1 0.040355786593570156 -0.14952206867140916 0 1 
8 0 0.25
1 -0.040333897400493597 -0.10048601529987877 -0 1 
1 0.040355786593570156 0.10047793132859084 -1 0 
8 0 0.12975571052993282
1 -0.0068550216052045698 0.061058712979434659 0.19562141428537166 -0.98067949008480393 
1 -0.040355786593570156 0.14952206867139495 0 -1 
8 0 0.25
1 0.040356469639904212 0.10047767912583794 -0 -1 
1 -0.040355786593570156 -0.10047793132860505 1 0 
8 0 0.12975571052993282
1 -0.018527974000278391 -0.066190051058651278 0.19562141428537166 0.98067949008480393 
1 -0.040333897400493597 -0.10048601529987877 1 0 
8 0 0.12969576420120313
1 -0.042394002260564889 -0.054084794967895533 0.55513452297263499 0.83176057937602765 
1 -0.089361866800729259 0.10048601529986456 0.46050221774098216 -0.88765855341771882 
8 0 0.28163982540069521
1 -0.040333897400493576 0.14951398470012123 0.46050221774098216 -0.88765855341771882 
1 0.040333897400473891 -0.14951398470013544 0 1 
8 0 0.25
1 0.040358272612028477 0.10047701342636373 -0 -1 
1 0.040333897400473891 0.10048601529986456 -1 0 
8 0 0.12969576420120313
1 -0.029604593930841361 0.053791029006713842 0.55513452297263499 -0.83176057937602765 
1 0.040358272612028477 0.10047701342636373 -1 0 
8 0 0.12976251837132913
1 -0.059899594425473879 -0.03375005768817374 0.83130329644694956 0.5558190616706441 
1 0.089404245759300657 -0.10047701342637083 -0.46068894387714054 0.88756165813388144 
8 0 0.28167057207679602
1 0.040358272612028498 -0.14952298657363633 -0.46068894387714054 0.88756165813388144 
1 -0.040358272612028477 0.14952298657362917 0 -1 
8 0 0.25
1 0.040349689189857929 0.10048018283544025 -0 -1 
1 -0.040358272612028477 -0.10047701342637083 1 0 
8 0 0.12976251837132913
1 -0.047972414851869871 0.038374423512998135 0.83130329644694956 -0.5558190616706441 
1 0.040349689189857929 0.10048018283544025 -1 0 
8 0 0.12973901270882027
1 -0.068221660959522978 -0.0082177523322961611 0.98087921377097387 0.19461749148531404 
1 0.089389323518963032 -0.10048018283545446 -0.46062320033034121 0.88759577923592814 
8 0 0.28165974405061761
1 0.040349689189857915 -0.14951981716455975 -0.46062320033034121 0.88759577923592814 
1 -0.040349689189857235 0.14951981716454554 0 -1 
8 0 0.25
1 0.040344223983138597 0.10048220112624762 -0 -1 
1 -0.040349689189857235 -0.10048018283545446 1 0 
8 0 0.12973901270882027
1 -0.059036639821727022 0.017031728868875721 0.98087921377097387 -0.19461749148531404 
1 0.040344223983138597 0.10048220112624762 -1 -0 
8 0 0.12972404571379173
1 -0.066187160556154367 0.018455873575952356 0.98087475835375948 -0.19463994560329578 
1 0.089379821730638492 -0.10048220112625472 -0.46058133483482505 0.8876175043349307 
8 0 0.28165285021876474
1 0.040344223983138583 -0.14951779887375238 -0.46058133483482505 0.8876175043349307 
1 -0.040344223983153224 0.14951779887374528 0 -1 
8 0 0.25
1 0.040358272612028477 0.10047701342636373 -0 -1 
1 -0.040344223983153224 -0.10048220112625472 1 0 
8 0 0.12972404571379173
1 -0.061055881436033133 -0.0067936076252195256 0.98087475835375948 0.19463994560329578 
1 0.040358272612028477 0.10047701342636373 -1 -0 
8 0 0.12976251837132913
1 -0.054068572431276607 0.042416535563319258 0.83130329644694956 -0.5558190616706441 
1 0.089404245759300657 -0.10047701342637083 -0.46068894387714054 0.88756165813388144 
8 0 0.28167057207679602
1 0.040358272612028498 -0.14952298657363633 -0.46068894387714054 0.88756165813388144 
1 -0.040358272612028477 0.14952298657362917 0 -1 
8 0 0.25
1 -0.040361753547859973 -0.10047572824949924 0 1 
1 -0.040358272612028477 -0.10047701342637083 1 0 
8 0 0.12976251837132913
1 -0.053803436846067143 -0.029707945637849065 0.83130329644694956 0.5558190616706441 
1 -0.040361753547859973 -0.10047572824949924 1 0 
8 0 0.12977205059670466
1 -0.0337535116190395 0.059859431317860867 0.55586642086089155 -0.83127162958885004 
1 -0.089410297048844706 0.10047572824949924 0.46071560262428674 -0.88754782040098579 
8 0 0.28167496359469663
1 -0.040361753547859994 0.14952427175050076 0.46071560262428674 -0.88754782040098579 
1 0.04036175354785998 -0.14952427175050076 0 1 
8 0 0.25
1 -0.040346002325449548 -0.10048154436415757 0 1 
1 0.04036175354785998 0.10047572824949924 -1 0 
8 0 0.12977205059670466
1 -0.03838241367392925 -0.048016392656748508 0.55586642086089155 0.83127162958885004 
1 -0.040346002325449548 -0.10048154436415757 1 0 
8 0 0.12972891592257652
1 -0.0082148278273024289 0.068217691578343675 0.19460323339919922 -0.98088204262825451 
1 -0.089382913597126981 0.10048154436415757 0.46059495806070172 -0.88761043516232985 
8 0 0.28165509337920186
1 -0.040346002325449534 0.14951845563584243 0.46059495806070178 -0.88761043516232985 
1 0.040346002325449548 -0.14951845563584243 0 1 
8 0 0.25
1 -0.040346685477808161 -0.10048129207423528 -0 1 
1 0.040346002325449548 0.10048154436415757 -1 0 
8 0 0.12972891592257652
1 -0.017001591656764958 -0.059057173521015471 0.19460323339919922 0.98088204262825451 
1 -0.040346685477808161 -0.10048129207423528 1 0 
8 0 0.12973078680713046
1 0.018455653920710802 0.066171583126646283 -0.19460042697065227 -0.98088259940873657 
1 -0.089384101329325796 0.10048129207424239 0.46060019131918095 -0.88760771952295114 
8 0 0.28165595510408997
1 -0.040346685477808175 0.14951870792576472 0.46060019131918095 -0.88760771952295114 
1 0.040346685477804678 -0.14951870792575761 0 1 
8 0 0.25
1 -0.040323550256597521 -0.1004898378362995 -0 1 
1 0.040346685477804678 0.10048129207424239 -1 0 
8 0 0.12973078680713046
1 0.00679001258322387 -0.061079088260068914 -0.19460042697065227 0.98088259940873657 
1 -0.040323550256597521 -0.1004898378362995 1 0 
8 0 0.1296674248406296
1 0.04242430394639031 0.054004631869066358 -0.55631493709101498 -0.83097153427143344 
1 -0.089343874584015312 0.10048983783628529 0.46042292780814364 -0.88769968319729453 
8 0 0.28162677618578869
1 -0.040323550256597548 0.1495101621637005 0.46042292780814364 -0.88769968319729453 
1 0.040323550256614285 -0.14951016216371471 0 1 
8 0 0.25
1 0.040358272612028477 0.10047701342636373 -0 -1 
1 0.040323550256614285 0.10048983783628529 -1 0 
8 0 0.1296674248406296
1 0.029711621346578468 -0.053745307095773867 -0.55631493709101498 0.83097153427143344 
1 0.040358272612028477 0.10047701342636373 -1 0 
8 0 0.12976251837132913
1 0.059859206720005886 0.033747904980891974 -0.83130329644694956 -0.5558190616706441 
1 0.089404245759300657 -0.10047701342637083 -0.46068894387714054 0.88756165813388144 
8 0 0.28167057207679602
1 0.040358272612028498 -0.14952298657363633 -0.46068894387714054 0.88756165813388144 
1 -0.040358272612028477 0.14952298657362917 0 -1 
8 0 0.25
1 0.040353192530840958 0.10047888917087988 -0 -1 
1 -0.040358272612028477 -0.10047701342637083 1 0 
8 0 0.12976251837132913
1 0.048012802557337864 -0.038376576220276348 -0.83130329644694956 0.5558190616706441 
1 0.040353192530840958 0.10047888917087988 -1 0 
8 0 0.1297486067199366
1 0.068213487551176399 0.0082855921213074168 -0.9806890818245364 -0.19557332330905433 
1 0.089395414189109595 -0.10047888917087988 -0.46065003496411383 0.88758185272546042 
8 0 0.28166416340344891
1 0.040353192530840937 -0.14952111082912012 -0.46065003496411383 0.88758185272546042 
1 -0.040353192530827024 0.14952111082912012 0 -1 
8 0 0.25
1 0.040358656960128123 0.10047687151908491 0 -1 
1 -0.040353192530827024 -0.10047888917087988 1 0 
8 0 0.1297486067199366
1 0.059059897357855107 -0.0170872995856719 -0.9806890818245364 0.19557332330905433 
1 0.040358656960128123 0.10047687151908491 -1 0 
8 0 0.12976357088208648
1 0.06617351093117918 -0.018524549863869311 -0.9806935792240723 0.19555077005391275 
1 0.089404913921958359 -0.10047687151908491 -0.46069188749217022 0.88756013024408753 
8 0 0.28167105695841432
1 0.040358656960128123 -0.14952312848091509 -0.46069188749217022 0.88756013024408753 
1 -0.040358656960128123 0.14952312848091509 0 -1 
8 0 0.25
1 0.040295677208454263 0.1005001387809159 0 -1 
1 -0.040358656960128123 -0.10047687151908491 1 0 
8 0 0.12976357088208648
1 0.06108478985007082 0.0068508163470681893 -0.9806935792240723 -0.19555077005391275 
1 0.040295677208454263 0.1005001387809159 -1 0 
8 0 0.12959107685508572
1 0.054020783053886148 -0.042398763675301168 -0.8314610973202603 0.55558297637975618 
1 0.089295399646615689 -0.1005001387809088 -0.46020926099416593 0.88781047307136662 
8 0 0.28159163197875881
1 0.04029567720845427 -0.1494998612190841 -0.46020926099416593 0.88781047307136662 
1 -0.040295677208470028 0.1494998612190912 0 -1 
8 0 0.25
1 -0.040358656407270078 -0.10047687172320252 -0 1 
1 -0.040295677208470028 -0.1005001387809088 1 0 
8 0 0.12959107685508572
1 0.053729155910957629 0.02959983251610511 -0.8314610973202603 -0.55558297637975618 
1 -0.040358656407270078 -0.10047687172320252 1 0 
8 0 0.12976356936817271
1 0.033768203345587722 -0.059878530903127114 -0.55578516262358135 0.83132596074432763 
1 -0.089404912960879976 0.10047687172320252 0.46069188325813482 -0.88756013244178178 
8 0 0.28167105626096656
1 -0.040358656407270099 0.14952312827679753 0.46069188325813487 -0.88756013244178178 
1 0.040358656407292741 -0.14952312827679748 -1.6847559357663404e-33 1 
8 0 0.25
1 -0.040356469639910471 -0.10047767912583083 -0 1 
1 0.040358656407292741 0.10047687172320252 -1 1.6847559357663404e-33 
8 0 0.12976356936817271
1 0.038352463158318528 0.047997293071475156 -0.55578516262358135 -0.83132596074432763 
1 -0.089401111388249715 0.10047767912583794 0.46067513513357133 -0.8875688254268882 
8 0 0.28166829753147216
1 -0.040356469639910464 0.14952232087416917 0.46067513513357133 -0.8875688254268882 
1 0.040356469639904212 0.10047767912583794 -1 0 
8 0 0.12975758102815391
1 0.017094244793867123 0.059032558900071308 -0.19561859433832482 -0.98068005259059798 
1 -0.040356469639910471 -0.10047767912583083 1 0 
8 0 0.12975758102815391
1 0.0082887508116016341 -0.068218112486647442 -0.19561859433832482 0.98068005259059798 
1 0.025584402280657059 -0.055371337491468609 -0.344405067060012 0.93882114898599756 
8 0 0.12742053338054762
1 0.01852797400026418 -0.066190051058651278 -0.344405067060012 0.93882114898599756 
1 0.0055801298197195592 -0.055371337491468609 1 0 
8 0 0.0200042724609375
1 -0.0029100276670703806 0.059032558900071308 1 -0 
1 -0.018527974000278391 -0.066190051058651278 0.344405067060012 0.93882114898599756 
8 0 0.12742053338054762
1 -0.02558440228067127 -0.055371337491465056 0.344405067060012 0.93882114898599756 
1 0.025356303343471609 0.053435040494083097 -0.92458134094718425 0.38098470306864901 
8 0 0.020010442476946024
1 -0.026291377838859376 -0.049007893724585472 -0.92458134094718425 0.38098470306864901 
1 -0.02558440228067127 -0.055371337491465056 1 0 
8 0 0.0200042724609375
1 -0.017094244793867119 0.059032558900071308 1 -0 
1 -0.029604593930841361 0.053791029006713842 -0.710095618663247 -0.70410525658828926 
8 0 0.020059382448603457
1 0.057261012344568485 -0.021094942038882181 -0.710095618663247 -0.70410525658828926 
1 -0.042394002260564889 -0.054084794967895533 0.67701792972186181 0.73596652290381004 
8 0 0.12738610307806905
1 -0.044792659577140626 -0.041384221239233909 0.67701792972186181 0.73596652290381004 
1 0.043848673520685111 0.039667112380737279 -0.710095618663247 0.70410525658828926 
8 0 0.020059382448603457
1 -0.043016932754724735 -0.03521885866485519 -0.710095618663247 0.70410525658828926 
1 0.057261012344568485 -0.021094942038882181 -0.90718037017216346 0.42074193512686203 
8 0 0.12745367726503043
1 0.059899594425473893 -0.033750057688173747 -0.90718037017216346 0.42074193512686203 
1 -0.047972414851869871 0.038374423512998135 -0.38645795898999413 -0.92230702368207518 
8 0 0.020057718215995377
1 0.060931895986357176 0.0024454762858105994 -0.38645795898999413 -0.92230702368207518 
1 -0.059899594425473879 -0.03375005768817374 0.90718037017216346 0.42074193512686203 
8 0 0.12745367726503043
1 -0.057261012344568499 -0.021094942038878635 0.90718037017216346 0.42074193512686203 
1 0.055723879695619871 0.019875049123349697 -0.38645795898999413 0.92230702368207518 
8 0 0.020057718215995377
1 -0.053180431142578755 -0.016053898103841391 -0.38645795898999413 0.92230702368207518 
1 0.060931895986357176 0.0024454762858105994 -0.99915042628753248 0.041211960029126041 
8 0 0.12736650801831115
1 0.068221660959522978 -0.0082177523322961576 -0.99915042628753248 0.041211960029126041 
1 -0.059036639821727022 0.017031728868875717 0 -1 
8 0 0.020000457763671875
1 0.055365270524191601 0.025520838734585993 -0 -1 
1 -0.068221660959522978 -0.0082177523322961576 0.99915042628753248 0.041211960029126041 
8 0 0.12736650801831115
1 -0.060931895986328755 0.0024454762858070467 0.99915042628753248 0.041211960029126041 
1 0.059036639821727022 -0.0029687288947961576 0 1 
8 0 0.020000457763671875
1 -0.055365270524205812 0.005520380970917671 -0 1 
1 0.055365270524191601 0.025520838734585993 -0.93915384462326945 -0.34349680657807008 
8 0 0.12736320906924373
1 0.066187160556154367 0.018455873575952353 -0.93915384462326945 -0.34349680657807008 
1 -0.061055881436033133 -0.0067936076252195221 0.38126270292381098 -0.92446673891451059 
8 0 0.020010859894613424
1 0.041381857146731704 0.044794943556563993 0.38126270292381098 -0.92446673891451059 
1 -0.066187160556154367 0.018455873575952353 0.93915384462326945 -0.34349680657807008 
8 0 0.12736320906924373
1 -0.055365270524205812 0.025520838734589546 0.93915384462326945 -0.34349680657807008 
1 0.053426486904783133 -0.02529298201486796 0.38126270292381098 0.92446673891451059 
8 0 0.020010859894613424
1 -0.049011251677981704 0.026295569166915556 0.38126270292381098 0.92446673891451059 
1 0.041381857146731704 0.044794943556563993 -0.73593727845953616 -0.6770497191296746 
8 0 0.12738857337983681
1 0.054068572431276621 0.042416535563322824 -0.73593727845953616 -0.6770497191296746 
1 -0.053803436846067143 -0.029707945637849065 0.70705903112551727 -0.70715452802329215 
8 0 0.019972885792667022
1 0.021106596521860862 0.057187871991107642 0.70705903112551727 -0.70715452802329215 
1 -0.054068572431276607 0.042416535563319258 0.73593727845953616 -0.6770497191296746 
8 0 0.12738857337983681
1 -0.041381857146731718 0.044794943556564007 0.73593727845953616 -0.6770497191296746 
1 0.039681427568723393 -0.04383186226382918 0.70705903112551727 0.70715452802329215 
8 0 0.019972885792667022
1 -0.035228605799204615 0.043063955365127526 0.70705903112551727 0.70715452802329215 
1 0.021106596521860865 0.057187871991107642 -0.4211751142039612 -0.9069793399936299 
8 0 0.12734523419328619
1 0.0337535116190395 0.059859431317860867 -0.4211751142039612 -0.9069793399936299 
1 -0.03838241367392925 -0.048016392656748508 0.92458134094718425 -0.38098470306864901 
8 0 0.020010442476946024
1 -0.0023940571164899893 0.060907149555951889 0.92458134094718425 -0.38098470306864901 
1 -0.0337535116190395 0.059859431317860867 0.4211751142039612 -0.9069793399936299 
8 0 0.12734523419328619
1 -0.021106596521860865 0.057187871991104089 0.4211751142039612 -0.9069793399936299 
1 0.019881131935648 -0.05564006514210007 0.92458134094718425 0.38098470306864901 
8 0 0.020010442476946024
1 -0.016050997780922671 0.053282848266832161 0.92458134094718425 0.38098470306864901 
1 -0.0023940571164899893 0.060907149555951889 -0.042112050637149179 -0.99911289411714344 
8 0 0.12736174739344958
1 0.0082440748471412917 0.068191590517070494 -0.042112050637149179 -0.99911289411714344 
1 -0.017001591656764958 -0.059057173521015471 1 0 
8 0 0.0198822021484375
1 -0.025494993866928439 0.055334298858717545 1 -0 
1 -0.0082148278273024289 0.068217691578343675 0.041155239393042962 -0.99915276423102661 
8 0 0.12735666516022687
1 0.002450283957358578 0.060906520752183751 0.041155239393042962 -0.99915276423102661 
1 -0.0029734337843336789 -0.059031072459742262 1 0 
8 0 0.0200042724609375
1 0.0055152772393114446 0.055308806330561566 1 -0 
1 -0.025494993866928439 0.055334298858717545 0.3437688451960384 -0.93905430145044455 
8 0 0.12725687290609558
1 -0.018455653920682387 0.066171583126649863 0.3437688451960384 -0.93905430145044455 
1 0.00679001258322387 -0.061079088260068914 0.92235511047885765 0.38634317668820606 
8 0 0.020058740422304343
1 -0.044794059568204148 0.04128212707746215 0.92235511047885765 0.38634317668820606 
1 0.018455653920710802 0.066171583126646283 -0.3437688451960384 -0.93905430145044455 
8 0 0.12725687290609558
1 0.025519549700248952 0.055308806330561594 -0.3437688451960384 -0.93905430145044455 
1 -0.025291294321476698 -0.05332953076495528 0.92235511047885765 -0.38634317668820606 
8 0 0.020058740422304343
1 0.026292777829937108 0.049031684572579337 0.92235511047885765 -0.38634317668820606 
1 -0.044794059568204148 0.04128212707746215 0.67758283344025227 -0.73544646564320326 
8 0 0.12730242018139695
1 -0.042424303946390296 0.054004631869069897 0.67758283344025227 -0.73544646564320326 
1 0.029711621346578454 -0.053745307095773853 0.70701128428986115 0.70720226518783247 
8 0 0.019974234628416479
1 -0.057187996180289247 0.0211009870628871 0.70701128428986115 0.70720226518783247 
1 0.042424303946390296 0.054004631869066344 -0.67758283344025227 -0.73544646564320326 
8 0 0.12730242018139695
1 0.044794059568218358 0.04128212707746215 -0.67758283344025227 -0.73544646564320326 
1 -0.043833630623922204 -0.039619483121168031 0.70701128428986115 -0.70720226518783247 
8 0 0.019974234628416479
1 0.043065986902917075 0.035226811037500028 0.70701128428986115 -0.70720226518783247 
1 -0.057187996180289247 0.0211009870628871 0.90701060228185904 -0.42110778590320475 
8 0 0.12734294783105632
1 -0.059859206720005886 0.033747904980895527 0.90701060228185904 -0.42110778590320475 
1 0.048012802557337864 -0.038376576220276348 0.38126270292381098 0.92446673891451059 
8 0 0.020010859894613424
1 -0.060845008780447074 -0.0023886653298745841 0.38126270292381098 0.92446673891451059 
1 0.059859206720005886 0.033747904980891974 -0.90701060228185904 -0.42110778590320475 
8 0 0.12734294783105632
1 0.057187996180260825 0.021100987062890653 -0.90701060228185904 -0.42110778590320475 
1 -0.055642197088587864 -0.019877201830631464 0.38126270292381098 -0.92446673891451059 
8 0 0.020010859894613424
1 0.053276246656949411 0.016111152686647756 0.38126270292381098 -0.92446673891451059 
1 -0.060845008780447074 -0.0023886653298745841 0.99910731979022638 -0.042244094754064009 
8 0 0.12723455144576257
1 -0.068183144634332393 0.0082880666252655999 0.99910731979022638 -0.042244094754064009 
1 0.059059897357855107 -0.0170872995856719 -0.0061032622539552656 0.99998137492148298 
8 0 0.020000830280706261
1 -0.05528328564278695 -0.02558078941042297 -0.0061032622539552656 0.99998137492148298 
1 0.068213487551176399 0.0082855921213074168 -0.9991090294626831 -0.04220364020005158 
8 0 0.1273565128929105
1 0.060905641188199411 -0.0023882217030006814 -0.9991090294626831 -0.04220364020005158 
1 -0.059029554441011101 0.0029106836740417918 0 -1 
8 0 0.020000457763671875
1 0.055313570012799573 -0.0055775262114643454 -0 -1 
1 -0.05528328564278695 -0.025580789410422966 0.9387351592109453 0.34463937798980743 
8 0 0.12730623197063545
1 -0.06617351093117918 -0.018524549863869311 0.9387351592109453 0.34463937798980743 
1 0.06108478985007082 0.0068508163470681893 -0.38645795898999413 0.92230702368207518 
8 0 0.020057718215995377
1 -0.04128352207720809 -0.044790220129577563 -0.38645795898999413 0.92230702368207518 
1 0.06617351093117918 -0.018524549863869311 -0.9387351592109453 0.34463937798980743 
8 0 0.12730623197063545
1 0.055313570012799573 -0.02557798397513622 -0.9387351592109453 0.34463937798980743 
1 -0.05333332500632082 0.025350190736716627 -0.38645795898999413 -0.92230702368207518 
8 0 0.020057718215995377
1 0.04903498692095809 -0.026290845739929125 -0.38645795898999413 -0.92230702368207518 
1 -0.04128352207720809 -0.044790220129577563 0.73549008800357951 0.6775354827966481 
8 0 0.12730005640408351
1 -0.054020783053886148 -0.042398763675301168 0.73549008800357951 0.6775354827966481 
1 0.053729155910957616 0.029599832516105096 -0.70386715667312461 0.7103316308294958 
8 0 0.020063458201533903
1 -0.021153223377481822 -0.057265053863194026 -0.70386715667312461 0.7103316308294958 
1 0.054020783053886134 -0.042398763675301154 -0.73549008800357951 0.6775354827966481 
8 0 0.12730005640408351
1 0.041283522077208104 -0.044790220129577576 -0.73549008800357951 0.6775354827966481 
1 -0.039607146633613866 0.043851541500480096 -0.70386715667312461 -0.7103316308294958 
8 0 0.020063458201533903
1 0.035275232654853994 -0.043013344878822579 -0.70386715667312461 -0.7103316308294958 
1 -0.021153223377481822 -0.057265053863194026 0.42153625691872371 0.90681154828495203 
8 0 0.12750761907301275
1 -0.033768203345587729 -0.059878530903134233 0.42153625691872371 0.90681154828495203 
1 0.038352463158318528 0.047997293071475156 -0.92138128935280006 0.3886599022674862 
8 0 0.019939174198072368
1 0.0023487351384829935 -0.060952841868580521 -0.92138128935280006 0.3886599022674862 
1 0.033768203345587722 -0.059878530903127114 -0.42153625691872371 0.90681154828495203 
8 0 0.12750761907301275
1 0.021153223377510251 -0.057265053863197593 -0.42153625691872371 0.90681154828495203 
1 -0.019980881127068528 0.055746850566599448 -0.92138128935280006 -0.3886599022674862 
8 0 0.019939174198072368
1 0.016022846892767006 -0.05320328437345978 -0.92138128935280006 -0.3886599022674862 
1 0.0023487351384829935 -0.060952841868580521 0.042231012073222426 0.99910787286422253 
8 0 0.12736429653178397
1 -0.0082887508116016306 -0.068218112486647442 0.042231012073222426 0.99910787286422253 
1 0.0082887508116016306 -0.068218112486647442 -0.042231012073222426 0.99910787286422253 
8 0 0.12736429653178397
1 -0.0023487351384829935 -0.060952841868576968 -0.042231012073222426 0.99910787286422253 
1 -0.09311785902726713 0.041201930006368015 0.50299642123487132 -0.86428849363213889 
8 0 0.39532463844035015
1 -0.077459627543364454 0.23698945451377168 0.40809925291297589 -0.91293756619599731 
1 0.19453362838022611 0.15318057092709791 -0.86989615553770172 -0.493234912167343 
8 0 0.48969434861349348
1 0.041151880387733666 -0.23812302190660684 -0.24221539061443401 0.97022250259901577 
1 0.065070157938237116 0.045537991949235135 -0.84967056530488561 -0.52731388228879039 
8 0 0.1628564460905253
1 0.075263630812287374 0.040574338461592419 -0.84967056530488561 -0.52731388228879039 
1 -0.073304170675044134 -0.040338472894514865 0.90290238324285321 0.42984565408338843 
8 0 0.15325502643629946
1 0.043439689952568195 -0.24806217673442177 -1 -0 
1 0.065070157938237116 0.02553753418556326 0 1 
8 0 0.020000457763671875
1 -0.029347594885251738 -0.014111456838897141 -0 1 
1 0.075263630812287374 0.040574338461592419 -0.90811890699359754 -0.41871237235213599 
8 0 0.16091041859352179
1 0.11130825918040946 -0.13239501225014294 -1 -0 
1 -0.070862162644743876 -0.026800844643876331 0.38642406742812196 -0.92232122393031069 
8 0 0.020059477390579034
1 0.116152514764579 0.063201315929834578 0.38642406742812196 -0.92232122393031069 
1 -0.128842602422921 -0.057922951648290422 0.92653726714842644 0.37620299385454853 
8 0 0.27278620190758213
1 0.08386025807263639 -0.22871715711884377 -1 -0 
1 -0.1156047503687887 -0.062917139581525561 0.89642808610344504 0.44318922194127719 
8 0 0.2733014739112361
1 -0.128842602422921 -0.057922951648290422 0.89642808610344504 0.44318922194127719 
1 -0.1327775906232489 -0.032295882827721556 0.97971517483636295 0.20039505032648572 
8 0 0.28070316999976136
1 -0.1435952149553259 -0.024066271203448515 0.97971517483636295 0.20039505032648572 
1 0.1422315646501886 0.023955643051184694 -0.9914161348464251 -0.13074420662566721 
8 0 0.27726710843123287
1 0.18510754385949024 -0.1410260103561356 -1 -0 
1 -0.1326555203107489 -0.012295425064049681 -0.0061032622539552656 -0.99998137492148298 
8 0 0.020000830280706261
1 0.13335176960789852 -0.0027131983882995279 -0.0061032622539552656 -0.99998137492148298 
1 -0.1435952149553259 -0.024066271203448508 0.99145443334408812 0.13045346527537405 
8 0 0.28266609124046777
1 0.087423694834372623 -0.22734064921413477 -1 -0 
1 0.13665533436108035 0.012808499914715554 -0.26111484188332923 0.96530774333796998 
8 0 0.020073137188083314
1 -0.11985760682178181 -0.065556615093811388 -0.26111484188332923 0.96530774333796998 
1 -0.11985760682178181 -0.065556615093811388 0.89451956972658431 0.44702879032134674 
8 0 0.28074192995842928
1 -0.13245050358476368 -0.060420822457281559 0.89451956972658431 0.44702879032134674 
1 0.13127154356884319 0.059943110247985487 -0.92396766591983548 -0.38247059015648699 
8 0 0.27746700873820057
1 0.18003389532433478 -0.10207500577327977 -1 -0 
1 -0.13245050358476362 -0.060420822457281531 0.92377011786114493 0.38294747596348849 
8 0 0.28267994555366782
1 0.087428713632175664 -0.22733874085534467 -1 -0 
1 0.12868078303633013 0.047830749197991906 -0.50165080140144802 0.86507021301931619 
8 0 0.019938443639531841
1 -0.1156047503687887 -0.062917139581525561 -0.50165080140144802 0.86507021301931619 
1 -0.14289334757960148 0.013661389624395781 0.99143428403578959 -0.13060650993898199 
8 0 0.27850867306201843
1 0.08592040552832314 -0.22791606899731676 -1 -0 
1 -0.13520760687340783 0.0031579814527624706 0.99824781912550953 -0.059171712930792222 
8 0 0.27672999819773986
1 -0.14289334757960148 0.013661389624395781 0.99824781912550953 -0.059171712930792222 
1 -0.027951339200839698 0.067237192592497053 0.32013866462889101 -0.9473706958786674 
8 0 0.15147321144991369
1 -0.020789979129105532 0.078199109726678984 0.32013866462889101 -0.9473706958786674 
1 0.020541092439785302 -0.076264089145784197 -0.19482231031317365 0.9808385531800009 
8 0 0.14630469130014537
1 -0.10488302992833154 0.23951908683990553 1 -0 
1 -0.0079623255289646977 0.067237192592497053 -1 0 
8 0 0.019989013671875
1 0.015664767706667249 -0.13861509821902018 -1 -0 
1 -0.020789979129105518 0.078199109726678984 0.19465655562193812 -0.98087146219747035 
8 0 0.15407212876299192
1 -0.043697796958046334 0.24791173257654719 1 -0 
1 0.009201170773238232 -0.072925844496953829 0.92458134094718425 0.38098470306864901 
8 0 0.020010442476946024
1 -0.051576938093688796 0.051416016118711383 0.92458134094718425 0.38098470306864901 
1 -0.051576938093688796 0.051416016118711383 0.65851976174567739 -0.75256343479497878 
8 0 0.15148267264091494
1 -0.049160449191461453 0.06427480601551494 0.65851976174567739 -0.75256343479497878 
1 0.048177395402404954 -0.06258430431585893 -0.55550641301103965 0.83151225192633704 
8 0 0.14626843156929989
1 -0.10485819521676709 0.23952579168604871 1 -0 
1 -0.049160449191461453 0.06427480601551494 0.55563098464136962 -0.83142901615619724 
8 0 0.15410352768480856
1 -0.043707720590753313 0.24790595674834748 1 -0 
1 0.036464245632757297 -0.063851338393664747 0.70720223940747506 0.70701131007718143 
8 0 0.019979629424976695
1 -0.067306878469921116 0.027755012924135514 0.70720223940747506 0.70701131007718143 
1 -0.067306878469921116 0.027755012924135514 0.89641323197507516 -0.4432192657590599 
8 0 0.15144516105585248
1 -0.070011106347521945 0.040572205753697702 0.89641323197507516 -0.4432192657590599 
1 0.068450567819141384 -0.039368400161801986 -0.83153234590661196 0.55547633406928021 
8 0 0.14626948454371649
1 0.10466983545565448 -0.22915178120585722 -1 -0 
1 -0.070011106347521945 0.040572205753697688 0.83143283721490413 -0.55562526688477254 
8 0 0.15410511351344988
1 0.043708221802492994 -0.24790566504577072 -1 -0 
1 0.058116945410290555 -0.045052489070521062 0.38122911022229045 0.92448059228905433 
8 0 0.02001262318819616
1 -0.13520760687340783 0.0031579814527624706 0.38122911022229045 0.92448059228905433 
1 0.14103751031409217 -0.013216606559932842 -0.99167645275541416 0.12875485641496781 
8 0 0.27087032460021621
1 0.18561894864284673 -0.19381569485842221 -1 -0 
1 0.1293903668187113 0.058207127996599439 -0.92610715060224558 -0.37726058050555678 
8 0 0.27534314280172068
1 0.17750475047456352 -0.094541439456577336 -1 2.6499123709880677e-32 
1 0.015664767706667249 -0.13861509821902018 -0.07557856646418995 0.99713984991635862 
8 0 0.28769762951729139
1 0.0063343601219969549 -0.14533449334186344 -0.07557856646418995 0.99713984991635862 
1 -0.0060790067073952514 0.14825967289914388 0.0061167034963641766 -0.99998129279418901 
8 0 0.28688013784394578
1 -0.088953052844864683 0.22676298392289596 1 -0 
1 0.0063343601219969514 -0.14533449334186344 -0.0065179184201391016 0.99997875814412607 
8 0 0.26687998238061356
1 -0.082242942951836678 0.22005272287969291 1 -0 
1 0.0045948581688719514 0.12153982001262875 -0.70717420495545003 0.70703935098806725 
8 0 0.028287616149966492
1 -0.70489615424460794 -0.015419370882199249 -0.70717420495545003 0.70703935098806725 
1 0.18510754385949024 -0.1410260103561356 -0.59452028393472722 0.80408061286799559 
8 0 0.4663711498557957
1 0.10055914103559885 -0.21533802564033522 -0.59452028393472722 0.80408061286799559 
1 -0.092159564571742611 0.2339739896438644 0 -1 
8 0 0.375
1 0.094030493835610088 0.10341022616964324 -0 -1 
1 0.10055914103559883 -0.21533802564033522 0 1 
8 0 0.28675079345703125
1 -0.097433113413865777 -0.10207500577327977 -0 1 
1 0.10055914103559883 0.071412767816696032 -0.95289811765059229 0.30329058240894691 
8 0 0.29097245896008883
1 0.13616955517668033 -0.10973004074976908 -0.95211018920124635 0.30575511053646692 
1 0.18003389532433481 -0.10207500577327977 -0.69537773667730618 0.71864442065151179 
8 0 0.3990162383742818
1 0.09931301418176694 -0.1803212338262199 -0.69537773667730618 0.71864442065151179 
1 0.099313014181766954 -0.1803212338262199 0 1 
8 0 0.26874923706054688
1 -0.097838392327157159 -0.094541439456577336 -9.7966380418632346e-33 1 
1 0.099313014181766954 0.08842800323432698 -0.99790203117181642 0.064742074288389351 
8 0 0.27805034970454628
1 0.18793395908664512 -0.10898352998769728 -0.99764359179163009 0.06860950194466707 
1 -0.10488302992833157 0.23951908683990553 0.260383536798097 -0.96550526345769561 
8 0 0.56188149642345087
1 -0.041421661371813856 0.30298045539641549 0.260383536798097 -0.96550526345769561 
1 0.041421661371813821 -0.3029804553964226 0 1 
8 0 0.54249954223632812
1 -0.08224294295183672 -0.32244681935663522 -0 1 
1 -0.041421661371813821 0.30298045539641549 0 -1 
8 0 0.54249954223632812
1 0.041410236352532805 0.23952579168604871 -0 -1 
1 -0.041421661371813821 -0.23951908683991263 1 0 
8 0 0.14630469130014537
1 -0.067085608663973062 -0.11727385419974823 -0.19482231031317365 0.9808385531800009 
1 -0.10485819521676706 0.23952579168604871 0.26032337787094878 -0.96552148548536154 
8 0 0.56187205607715407
1 -0.042159991797890733 0.29807173779148144 0.26032337787094878 -0.96552148548536154 
1 -0.042159991797890733 0.29807173779148144 0 -1 
8 0 0.52137374877929688
1 -0.041599649088062025 -0.22915178120585722 -0 1 
1 -0.042159991797890733 -0.22330201098781544 0.98973014605610998 -0.14294837525397575 
8 0 0.14778617399111496
1 -0.11210013531618823 0.0087183082628782688 0.83460267070865923 0.55085241403299057 
1 0.10466983545565448 -0.22915178120585722 -0.27011765807648463 0.96282732137973492 
8 0 0.54150286058788455
1 0.042877216196591822 -0.28481809788108592 -0.27011765807648463 0.96282732137973492 
1 0.042877216196591808 -0.28481809788108592 0 1 
8 0 0.48799896240234375
1 -0.08525137595736948 -0.19381569485842221 -0 1 
1 0.042877216196591808 0.20318086452125783 -0.97494275896164528 0.22245587595803157 
8 0 0.15002879215134599
1 -0.087939524766754637 -0.040937487807475359 0.5835544729290838 0.81207399732072394 
1 0.11130825918040946 -0.13239501225014294 -0.4420684594243407 0.89698131373077672 
8 0 0.3639943433265031
1 0.044849941620727238 -0.23545905275121726 -0.44206845942434075 0.89698131373077672 
1 -0.049602159413112322 0.19410111201743518 0 -1 
8 0 0.32649612426757812
1 0.092386744991834871 0.13635401065360497 -0 -1 
1 0.044849941620727238 -0.23545905275121726 0 1 
8 0 0.4499969482421875
1 -0.018060843928494271 -0.20943605146300825 -0 1 
1 0.044849941620727238 0.21453789549097024 -0.79328210249571129 -0.60885425666573434 
8 0 0.20284135755400043
1 -0.011880259029359408 0.32622425193108917 0.67833671346934477 -0.73475118452412735 
1 -0.18295639780988585 0.078607123446573723 0.71562372273837815 -0.69848599660556188 
8 0 0.38475966356747271
1 -0.097838392327157159 0.17420779760396959 0.71562372273837815 -0.69848599660556199 
1 0.092386744991834871 0.13635401065360497 -0.97870720545235212 -0.20526131149256477 
8 0 0.28133351963466841
1 0.040398066352882941 0.27391819172243459 0.34842681455127805 -0.93733598826762732 
1 0.18561894864284678 -0.19381569485842221 -0.48531402112116029 0.87433992297230145 
8 0 0.55813414163155317
1 0.094030493835610102 -0.27158977383035682 -0.48531402112116029 0.87433992297230145 
1 0.094030493835610088 0.10341022616964324 -0.92291192870345051 0.38501113212071852 
8 0 0.2934953121483081
1 0.095492087056237268 0.10392582157652597 -0.39584111526307736 -0.91831901399637972 
1 -0.08224294295183672 -0.32244681935663522 0.44142211177012053 0.89729957051165876 
8 0 0.60459133166305168
1 -0.18463703942878046 -0.2200527228796858 0.44142211177012053 0.89729957051165876 
1 -0.18463703942878043 -0.2200527228796858 1 0 
8 0 0.26687998238061356
1 -0.1008777178797402 -0.13825560946487414 -0.0065179184201391016 0.99997875814412607 
1 0.082242942951833167 -0.2200527228796858 0 1 
8 0 0.54249954223632812
1 0.60610827545881885 0.38207583339466566 0 -1 
1 0.18793395908664515 -0.10898352998769729 -0.7261827941365423 0.68750167236163462 
8 0 0.42196702113945972
1 0.22399820608138266 -0.0067469982167637221 -0.99566332892396936 -0.093029755648608298 
1 -0.11849123135788114 0.1811195027271385 0.10650238868384637 -0.9943124464697376 
8 0 0.2725764297413078
1 0.030013378845578371 0.11307951372981434 0.048142918202248995 -0.99884045744401617 
1 0.2239982060813826 -0.0067469982167637161 -0.98389307711099738 0.17875797272584257 
8 0 0.378578541685686
1 0.13842220842568995 0.010214159062862826 -0.71977388012499999 -0.69420858644200178 
1 0.040398066352882962 0.27391819172243459 -0.31454188751965173 -0.94924359412933357 
8 0 0.55466953919599371
1 0.12571448080948155 0.17718632419780533 -0.35148098259091337 -0.93619502181806447 
1 -0.08706883094168455 0.1130795137298144 0.43143757834311952 -0.90214279135479702 
8 0 0.30179298485819128
1 -0.020687920412749833 0.14809691296401123 0.51975189437599256 -0.85431725271854786 
1 -0.040764566742659172 -0.10425743655842924 0.58224642119502978 0.81301236460805459 
8 0 0.20726127363714861
1 -0.14086828777616173 -0.020763724397359545 0.57984960361582627 0.81472353420443755 
1 -0.037098862645501829 0.064248541612986015 -0.02174900297483201 -0.99976346245979641 
8 0 0.16854584559114288
1 -0.073053758534905616 0.10392582157652598 1 -7.2324163994600949e-19 
1 -0.07305375853490563 0.10392582157652598 0.19073354272307844 -0.98164184694841916 
8 0 0.27456279141159734
1 -0.010866874647273681 0.13678849214507402 0.13050443217433325 -0.9914477258952461 
1 -0.023802193223623879 0.020381316273221824 0.29870543444751896 -0.95434535857388603 
8 0 0.16326110656781079
1 -0.0062268741975929388 -0.085267124299445385 -0.18588089909726704 0.9825722830157545 
1 0.051951826373414278 0.016330103918540919 -0.83291172323279172 0.55340587393104279 
8 0 0.10628475909049534
1 0.047806085032179299 -0.010868118816772479 -0.70759481235907018 -0.70661841295180838 
1 -0.087939524766754651 -0.04093748780747538 0.99881896803142411 0.048586717327281592 
8 0 0.17789857111207841
1 -0.027400459133088723 -0.085970886606263563 0.098925183503192765 0.99509487390341811 
1 0.089748942445676425 -0.032293980219925522 -0.62294768100394304 0.78226350210898232 
8 0 0.14469673334219338
1 0.051503710637699554 -0.0069164047371433057 -0.7942314697529248 -0.6076153161780149 
1 0.12716640549618319 0.078603220995564271 -0.97345344847270254 -0.22888508832294766 
8 0 0.22883008168330787
1 0.070484351658521405 -0.010409482924856661 -0.97345344847270254 -0.22888508832294766 
1 0.0836197332778994 0.10848436120664573 -0.70415525834947623 -0.71004603522502863 
8 0 0.27586531784975737
1 0.12716640549618322 0.078603220995564327 -0.70415525834947623 -0.71004603522502863 
1 -0.11063228088225685 -0.08739271398866677 0.90409403792592957 0.42733355892883956 
8 0 0.18955048122436308
1 0.011242600190610921 0.090126678966583468 0.42365793025190601 -0.90582225526571769 
1 0.028917104285760512 0.10789172416765933 -0.41449840050641462 -0.91005004037010195 
8 0 0.22276586043773958
1 0.091547164744377352 -0.081572365422771159 -0.91417643466729781 0.40531647671787036 
1 -0.1008777178797402 -0.13825560946487414 0.88730976415118101 0.46117391778154099 
8 0 0.32444131179267277
1 -0.15227108047038485 -0.062785276381887911 0.88730976415118101 0.46117391778154099 
1 0.18700222596791605 0.011368261384735234 -0.92692062704724631 0.37525744650085202 
8 0 0.31245333996221342
1 0.094042177795259418 -0.070409104416643956 -0.92692062704724631 0.37525744650085202 
1 0.19129406988510311 -0.0052826853492611292 -0.99104534917521669 0.13352571242338646 
8 0 0.39036693750956314
1 0.13577310186472857 -0.030019081919171242 -0.99104534917521669 0.13352571242338646 
1 0.25064126592722857 -0.0072701347756165546 -0.99829054881971935 0.058446386862008461 
8 0 0.50259866984249479
1 0.074335066271336722 -0.21678864993703273 -0.025640493022410157 -0.9996712285134387 
1 0.13577310186472857 -0.030019081919171242 0.98094793318644391 0.19427082224884956 
7 0 0  1 2 2  0.059770771663009939 -0.31479102739353521  0.059764527555853646 -0.19993071945381805 
 0 2 0.1170991447929047 2
1 0.087423694834372623 0.33515935078586523 -0.44901224771014919 -0.89352560198702735 
8 0 0.62952868809702744
1 0.19524239640608054 0.22734064921414188 -0.44901224771014919 -0.89352560198702735 
1 0.087423694834372623 -0.22734064921413477 -0 1 
8 0 0.5625
1 -0.085920405528323127 -0.33458393100267614 -0 1 
1 0.1952423964060806 0.22734064921414188 -1 0 
8 0 0.28266609124046777
1 -0.07918394441276623 -0.1359359136901514 0.019288254383962034 0.99981396431677216 
1 -0.087423694834387181 0.22734064921414188 0 -1 
8 0 0.5625
1 0.087428713632175678 0.33516125914465533 0 -1 
1 0.087428713632175678 0.33516125914465533 -0.44902981792368102 -0.89351677243095218 
8 0 0.62953490897505004
1 0.19525123192146188 0.22733874085534467 -0.44902981792368107 -0.89351677243095218 
1 0.19525123192146182 0.22733874085534467 -1 0 
8 0 0.28267994555366782
1 0.051230342686476832 -0.088353778100122848 -1 6.7233899036498539e-17 
1 -0.087428713632206015 0.22733874085534467 0 -1 
8 0 0.5625
1 0.083860258072636376 0.33378284288115623 0 -1 
1 -0.043697796958046355 -0.31458826742345281 0.26417540093577724 0.96447465365369844 
8 0 0.58321905906919735
1 -0.1103743318049456 -0.2479117325765543 0.26417540093577724 0.96447465365369844 
1 -0.043697796958046355 0.24791173257654719 0 -1 
8 0 0.5625
1 0.088953052844868249 0.33573701607711826 -0 -1 
1 -0.11037433180494559 -0.2479117325765543 1 0 
8 0 0.15407212876299192
1 -0.13785908742511763 -0.11727728475049204 0.1259269888146532 0.99203951205991503 
1 0.043697796958046355 -0.2479117325765543 0 1 
8 0 0.5625
1 -0.043707720590753327 -0.31459404325165252 -0 1 
1 -0.043707720590753327 -0.31459404325165252 0.26422547990713291 0.96446093532493349 
8 0 0.58322735467817566
1 -0.11039580709405819 -0.24790595674834037 0.26422547990713285 0.96446093532493349 
1 -0.1103958070940582 -0.24790595674834037 1 0 
8 0 0.15410352768480856
1 -0.15549761897900702 -0.1000396146911621 0.34317553762449982 0.93927128689007389 
1 0.043707720590750378 -0.24790595674834037 0 1 
8 0 0.5625
1 0.043708221802493001 0.31459433495422928 -0 -1 
1 0.043708221802493001 0.31459433495422928 -0.2642280091305102 -0.96446024241071082 
8 0 0.58322777369651502
1 0.1103968917109707 0.24790566504576372 -0.2642280091305102 -0.96446024241071082 
1 0.11039689171097067 0.24790566504576361 -1 0 
8 0 0.15410511351344988
1 0.15326680927506542 -0.10116901926181596 -1 -1.4897374087748807e-16 
1 -0.043708221802479214 0.24790566504576361 0 -1 
8 0 0.5625
1 0.085920405528323127 0.33458393100268324 -0 -1 
1 0.043439689952568222 0.31443782326557823 -0.26287143231378346 -0.96483087122733591 
8 0 0.58300373337397327
1 0.10981533648374563 0.24806217673441477 -0.26287143231378346 -0.96483087122733591 
1 0.043439689952568222 -0.24806217673442177 -0 1 
8 0 0.5625
1 -0.083860258072636376 -0.33378284288114912 -0 1 
1 0.10981533648374561 0.24806217673441466 -1 0 
8 0 0.15325502643629946
1 0.063059061149232321 -0.037589936135223212 -0.90290238324285321 0.42984565408338843 
1 -0.043439689952553859 0.24806217673441466 0 -1 
8 0 0.015125274658203125
1 -0.0038142330203712049 -0.056251461485459231 -0 1 
1 -0.0038142330203712049 0.056251590272353269 0 -1 
8 0.056255340576171875 0.097377777099609375
1 -0.043439689952553859 0.13555912497660216 -0 1 
1 -0.043439689952553859 0.24806217673441466 0 -1 
8 0.056247711181640625 0.1125030517578125
1 -0.0038142330203712049 -0.056251461485459231 -0 1 
1 -0.043439689952553859 0.24806217673441466 0 -1 
8 0.1125030517578125 0.5625
1 0.018060843928494271 0.32193910322082075 -0 -1 
1 0.085920405528323127 0.33458393100268324 -0.4437162275082403 -0.89616734455449543 
8 0 0.62767294905130833
1 0.19258826753369529 0.22791606899732397 -0.4437162275082403 -0.89616734455449543 
1 0.19258826753369529 0.22791606899732386 -1 0 
8 0 0.27850867306201843
1 0.17516335063686633 -0.078663558062988595 -1 4.8050451362786263e-18 
1 0.083860258072636376 0.33378284288115623 -0.43634982671488243 -0.89977709946735818 
8 0 0.62515483038297337
1 0.18892594383494576 0.22871715711885099 -0.43634982671488243 -0.89977709946735818 
1 0.18892594383494574 0.22871715711885088 -1 0 
8 0 0.27278620190758213
1 -0.09311785902726713 0.041201930006368015 0.15354991332010726 0.98814089284847817 
1 -0.088953052844864697 -0.33573701607710404 0.45433254005873636 0.89083216322929026 
8 0 0.631432073535516
1 -0.19792708499907752 -0.22676298392288174 0.45433254005873636 0.89083216322929026 
1 -0.19792708499907755 -0.22676298392288174 1 0 
8 0 0.28688013784394578
1 -0.1141047493045832 -0.20864771262201939 0.0040917790069130208 0.99999162863723945 
1 0.10572901933419843 -0.30047260624691219 -0.24872628731733257 0.96857381442889312 
8 0 0.63105746640836546
1 0.2953738526669325 -0.088554728064810975 -0.97681790511906152 0.21407190436581905 
1 0.23402199530692933 0.016892208535862447 -0.99857691155799411 0.053330588814472175 
8 0 0.55586742349241869
1 0.28443584302412461 -0.021920952022151469 -0.99868478519572379 0.051270847648260343 
1 0.051230342686476894 -0.088353778100122848 0.51025510801921359 0.86002309546912781 
8 0 0.28084635203368336
1 -0.073731808939199839 0.14667759157090707 0.8169262240150329 -0.57674218201596839 
1 -0.085919950918368168 0.092858858112379802 0.48144135807170135 -0.87647830477318489 
8 0 0.26405187464219126
1 0.15569894095607373 -0.015298346312224292 -0.88953311044325156 -0.45687070974746691 
1 0.041205542210747043 -0.13857688134618953 -0.0221931647801757 0.99975370138701669 
8 0 0.23149275580323936
1 -0.1033453224251521 -0.078663558062988581 0.014810530391532429 0.99989031807969886 
1 -0.14661566888010577 0.098325384545797243 0.75868897377938538 -0.65145302291537732 
8 0 0.35950831145131906
1 -0.099916791929908627 0.15280380717025846 0.76515655912456837 -0.64384426690671936 
1 0.12613932300005512 -0.13587739171236754 -0.54162790837828301 0.84061834911317901 
8 0 0.27860773739383632
1 -0.00083830423838447687 -0.10116901926181601 -0.44000449739160391 0.89799556918459356 
1 -0.149117961423199 0.10576610914066301 0.741737402865569 -0.67069040934714486 
8 0 0.37303315575670087
1 -0.12342696169977138 0.14901949445839383 0.74174042361880999 -0.67068706858697402 
1 0.12757468271052355 -0.14442365079385597 -0.52605718547586566 0.85044919754751425 
8 0 0.29418542654400115
1 -0.10261305801594084 0.044705404071648185 0.99987461135581757 0.015835452821216987 
1 -0.15549761897900702 -0.10003961469116211 0.91849684068816917 0.39542831669703704 
8 0 0.37782721139822945
1 -0.18860816020853319 -0.055541913761813 0.91849024632436227 0.39544363366605423 
1 -0.1886081602085331 -0.055541913761813014 0.99353112405310096 0.11356014062064985 
8 0 0.30717088431132827
1 -0.11845724818973052 0.035568354689578863 0.99481896275953841 0.10166233980209259 
1 0.14223917100145728 0.11083905467605258 -0.87007454568799225 -0.49292016082306261 
8 0 0.37349138874655763
1 0.18712217233079528 0.066796065507746402 -0.87011714204858803 -0.49284496458135546 
1 -0.18272617938058119 -0.07326238073092961 0.97977279932553718 0.20011312226288624 
8 0 0.31592760698265299
1 -0.11293089917905308 0.078230023644223656 0.9802359053161358 0.19783217617226898 
1 -0.13002262499877928 -0.18618399435666272 0.65792925387064138 0.75307974139610301 
8 0 0.46765115016570891
1 0.1967526846659482 0.14073066964649927 -0.66472077286751297 -0.74709189134832432 
1 0.17765874730149275 0.16599461287371944 -0.81530176370600815 -0.57903629773777798 
8 0 0.39996368061769877
1 0.19642317625686739 0.10713743392385749 -0.79466598515708875 -0.60704692737408184 
1 0.19642317625686737 0.10713743392385748 -0.94066374437239053 -0.33934012439337913 
8 0 0.39978832144407844
1 -0.11652909475719921 0.21319095938012689 0.5926515390488315 -0.805458970564641 
1 -0.11652909475719925 0.21319095938012697 0.38824077059414902 -0.92155797649874505 
8 0 0.46720854905267262
1 0.12221913375502783 -0.26159902270556801 -0.48776260643238933 0.87297631111404272 
1 0.12221913375502973 -0.26159902270556762 -0.37717223655808452 0.92614313362987932 
8 0 0.57138099809452547
1 0.059792891838265638 -0.72169149818222322 -0.40767369497468953 0.91312767914771042 
1 0.60610827545881885 0.38207583339466566 -0.93529605080938027 -0.35386621390064515 
8 0 1.533063968600985
1 0.79594046937903373 0.20123941811121426 -0.93529605080938027 -0.35386621390064515 
1 -0.82776040001183826 -0.16042370884166246 1 0 
8 0 1.4338686754706571
1 0.7119689821769839 -0.0046003011221955603 -0.99999981360389789 -0.00061056708849125936 
1 0.79594046937903373 0.20123941811121426 -0.99273795251800889 -0.12029695603111411 
8 0 1.4443576694471605
1 0.06144818858416759 -0.71922207966769969 -0.10836873203285365 0.99411076742865623 
1 -0.63792820609162337 0.027487587056526763 0 -1 
8 0 0.36874771118164062
1 0.018407192756741086 0.16903034057292388 -0 -1 
1 -0.70489615424460794 -0.015419370882199246 0.99989403216235573 0.014557625015985133 
8 0 1.4340203682406854
1 -0.7218994260261411 -0.0054757741446564978 0.99989403216235573 0.014557625015985133 
1 0.7119689821769839 -0.0046003011221955603 0 1 
8 0 0.020000457763671875
1 -0.029479701989103546 -0.0054036552883616196 -0 1 
1 0.2844358430241245 -0.021920952022151462 -0.99476542591286266 0.10218486878398884 
8 0 0.55782716173873781
1 0.25548962699622729 -0.058206864535558747 -0.99472852272759904 0.10254348381134945 
1 -0.27047133110867433 0.035080543304266382 -0.0080401125940565473 -0.99996767777237427 
8 0 0.028502622612163037
1 0.063310831168763571 -0.009088425515106021 -0.0088332229267846819 -0.99996098632532948 
1 0.23396116965269276 0.061714437749247522 -0.99315670795999555 -0.11678935496895368 
8 0 0.53703320625575768
1 0.37725223583410794 -0.10326112625169033 -0.9930710034184056 -0.11751588049945152 
1 0.063310831168763571 -0.0090884255151060245 -0.96552463106160658 0.26031171086477961 
8 0 0.14357593185415823
1 0.086256177056256433 -0.061957692566991796 -0.96552463106160658 0.26031171086477961 
1 0.059713855507095556 0.73218126687320695 -0.24236490241671474 -0.97018516484047324 
8 0 0.96077428735940607
1 0.1055962501769277 0.47024391731986809 -0.19865901392813082 -0.98006866911717105 
1 0.059792891838265638 -0.72169149818222322 -5.4362618898277895e-05 0.99999999852235288 
1 -0.057848435639302496 0.46979054828723854 -0.15125292220331837 -0.98849509534694047 
7 0 0  1 2 2  0.059764527555853646 -0.19993071945381805  0.059758288816608024 -0.085169154193715513 
 0 2 0.11698688632351907 2
1 0.059792891838265638 -0.72169149818222322 -5.4362618898277895e-05 0.99999999852235288 
1 0.35814317905076765 0.1472260500536999 -0.95291387040856246 -0.30324108491920032 
8 0 0.71106191787209416
1 0.38101728381791711 0.089846957800909982 -0.95205409660951756 -0.30592972580158923 
1 -0.297234777245586 -0.18340584573854343 0.8928177922923296 0.45041801669810094 
8 0 0.73405566281744472
1 -0.14111580913218694 0.36788179352315115 0.49794613718567471 -0.86720795917811166 
1 0.381017283817917 0.089846957800909913 -0.98726622812306053 -0.15907669473453773 
8 0 0.7500228011463892
1 0.0689548726623605 -0.41908134508916034 -0.21574820230787531 0.9764490325669436 
1 0.068954872662360528 -0.41908134508916051 -0.11854849970736413 0.9929482631119978 
8 0 0.83731764305821521
1 0.074881651274285588 -0.46954528964482595 -0.17965069358872851 0.98373046526631924 
1 0.074881651274285602 -0.46954528964482595 -0.13991219866413293 0.99016391403896775 
8 0 0.94866700817284788
1 -0.095075020655748715 0.71662943154788228 0.17857697745110029 -0.98392594392282862 
1 0.1055962501769277 0.47024391731986798 -0.24489053161673308 -0.96955073488934762 
8 0 0.84668131375307876
1 -0.090072192867163808 -0.42059839229638707 0.16313634507486885 0.98660353380454369 
1 0.36224578995191736 -0.032939758295747613 -0.98518626058328973 0.17148770206027728 
8 0 0.75836488652135547
1 0.11135531349693037 0.31052694633474753 -0.26560763814902971 -0.96408121159832494 
1 -0.38488487675772765 0.097110493417002577 0.94624025899658071 -0.32346463833637829 
8 0 0.72079702831222436
1 -0.36162182163566714 0.15642860693594918 0.94786159612871235 -0.31868227842842173 
1 -0.36162182163566708 0.15642860693594918 0.88386607399073502 -0.46774005948625424 
8 0 0.74735719898676234
1 -0.2818707949526934 0.24901662377484846 0.88193842473239648 -0.47136463059985662 
1 -0.28187079495269335 0.24901662377484846 0.28987206454627368 -0.95706540330098699 
8 0 0.43402225039629044
1 -0.049012247068091597 0.21357513174055853 0.31881851330648719 -0.94781578145388634 
1 0.076090475276308314 -0.30502489995367182 -0.2046233403304395 0.97884078817344622 
8 0 0.64645938513744394
1 -0.029966547050943745 -0.26895066338453294 -0.17193541409815202 0.9851082241961524 
1 -0.029966547050943718 -0.26895066338453305 0.99999950324736775 0.0009967472185279944 
8 0 0.25437104605746014
1 -0.11248542431125799 0.01889329404748287 0.99999951016683297 0.00098978083141514897 
1 -0.022209380331667517 0.30522206590047823 0.032072964687907976 -0.99948553012843977 
8 0 0.63383421274475815
1 0.0051568846720901132 -0.3049153209618109 -0.057630953199468364 0.99833795542056836 
1 -0.0018804380083169397 -0.32828605823825852 0.04348919924204464 0.99905389721940718 
8 0 0.63410805553327321
1 -0.034627070085947079 -0.32779534503579244 0.067503027290075457 0.9977190693309792 
1 0.025696413559755084 0.30522206590047823 -1 1.904482652175955e-17 
8 0 0.047905793891422591
1 -0.032005333531542508 0.025469997435388171 1 -3.9354996358468842e-19 
1 0.0051568846720901037 -0.30491532096181084 1 -2.288457058771714e-18 
8 0 0.047878179556932528
1 -0.031954107331870846 0.02547039318084604 1 2.0705215760082263e-19 
1 0.053035064229022641 -0.30491532096181084 -0.13221894624436623 0.99122053562970003 
8 0 0.63838543420129612
1 0.028215980784508043 -0.30502489995367177 -0.13221821764869807 0.99122063281683237 
1 0.028215980784508037 -0.30502489995367182 1 -2.2840670513576529e-18 
8 0 0.047874494491800271
1 -0.031952528808465386 0.025470823943125012 1 -3.0025433099108864e-21 
1 0.056057165388685236 0.30486635398614181 -1 -5.2627656501624999e-18 
8 0 0.047880022097113083
1 0.015761528727989513 -0.025481556981103107 -1 -7.4647252802650154e-19 
1 -0.034627070085947086 -0.32779534503579238 0.14188746464617416 0.98988279476727992 
8 0 0.63912788702492007
1 -0.28710001776187877 0.034042639401352909 0.99996782212330149 -0.0080221392397275253 
1 -0.011880259029359399 0.32622425193108917 -0.085514739094004255 -0.99633690556843502 
8 0 0.67077389721040359
1 0.35200730348469794 0.028915466499646145 -0.98654362320835454 -0.16349825536357385 
1 -0.049012247068091597 0.21357513174055853 -0.00096280042902259565 -0.99999953650755957 
8 0 0.26149761876076327
1 0.00012555527669633198 0.13006019608158687 -0.00096280042902259565 -0.99999953650755957 
1 -0.049264017087622847 -0.047922365818035217 0.67901856975968555 -0.73412109486208821 
8 0 0.2041565647930281
1 -0.052369921576556094 0.087917948302148857 0.67901856975968555 -0.73412109486208821 
1 -0.0087031103679642285 0.032452509609761648 -0.25766265056033233 -0.96623493960124629 
8 0 0.058213286309904494
1 0.011185156628066295 -3.7503038186059712e-06 -0.25766265056033233 -0.96623493960124629 
1 0.011185156628066295 -3.7503038186059712e-06 -0.2576300256650576 0.9662436389833684 
8 0 0.058220658130656203
1 0.020002209164936037 -0.024491397934178309 -1 -1.7295814044624891e-19 
1 -0.023702500016401729 -0.023795201571878977 0.96555300115863074 0.26020646024563115 
8 0 0.058127975162204214
1 -0.056248429502225861 -0.0038473039290423134 0.96555300115863074 0.26020646024563115 
1 0.032423140852738896 -0.0086699269136758517 -0.70713957606538469 0.70707398478664751 
8 0 0.058158604910129433
1 -0.020014777870852672 0.024493519061853708 1 -2.671800722921326e-19 
1 -0.056248429502225861 -0.0038473039290423117 1 0 
8 0 0.11250114440917969
1 -0.052369921576556067 -0.024583196107030858 -0 1 
1 0.056252714906953827 -0.0038473039290423117 -0.96584223881361386 0.25913079655553539 
8 0 0.058369267023657564
1 -0.02016391582146379 0.02447013134611483 1 4.7339570662400239e-20 
1 0.11944554926658489 0.048370140207798742 -0.97004209295824484 -0.24293690104467019 
8 0 0.27680401967497525
1 0.14918784053794565 0.018804298198830532 -0.97004094000892394 -0.24294150470144721 
1 -117.24499246939394 -0.015000130093362429 0.99999999636282466 8.5289803805312705e-05 
8 0 234.4999855941285
1 -117.254992271817 -0.005000327670305893 0.99999999636282466 8.5289803805312705e-05 
1 117.254992271817 0.0050003276703094457 -1 0 
8 0 234.49998474121094
1 117.15631733058375 -0.093824959978277889 -1 -0 
1 -117.24499246939394 0.0050003276703094457 0 -1 
8 0 0.020000457763671875
1 0.029479701989117757 0.0054036552883616196 -0 -1 
1 -117.254992271817 -0.005000327670305893 1 0 
8 0 234.49998474121094
1 117.34210681716458 -0.09225940903170482 -1 -0 
1 117.24499246939394 -0.005000327670305893 0 1 
8 0 0.020000457763671875
1 -0.029479701989131968 -0.014596802475306703 -0 1 
1 -117.15631733058375 -0.28117504002172211 0.99999872136652779 0.0015991451808676628 
8 0 234.50028458112405
1 -117.34366741062719 -0.093824959978277889 0.99999872136652779 0.0015991451808676628 
1 117.34366741062719 0.093824959978277889 -1 0 
8 0 234.49998474121094
1 -0.067238114467442142 -117.18283128445516 -0 1 
1 -0.067238114467442142 -117.18283128445516 1 0 
8 0 0.26879840123549137
1 -0.14906600131818326 0.018875770528733453 1 3.3107044559837927e-19 
1 -0.20156028676805926 117.18283128445516 0.0011462611604985597 -0.99999934304246019 
8 0 234.50013879784521
1 -0.067238114467442128 117.31715345675578 0.0011462611604985597 -0.99999934304246019 
1 0.04368810379115802 -117.23543087525414 -0.00024841457941473431 0.99999996914509792 
8 0 234.49999197668524
1 0.014565113088488818 -117.2645538659568 -0.00024841457941473431 0.99999996914509792 
1 -0.014565113088488823 117.2645538659568 0 -1 
8 0 234.49998474121094
1 -117.36238366679171 0.11260717793484076 1 -0 
1 -0.014565113088488823 -117.23543087525414 1 0 
8 0 0.058253216879646838
1 -0.020026797280512224 0.024487902387957772 1 -4.9571404898874311e-19 
1 0.014565113088488821 -117.2645538659568 0 1 
8 0 234.49998474121094
1 0.014541116954984322 117.23545485947842 -0 -1 
1 0.014565113088488821 117.23543087525414 -1 0 
8 0 0.058253216879646838
1 0.0382264195991424 -0.024487902387986187 -1 1.4738780536457156e-19 
1 -0.043616139209078593 117.23545485947842 0.0002480053652869728 -0.9999999692466689 
8 0 234.49999195286682
1 -0.014541116954991863 117.26452988173251 0.0002480053652869728 -0.9999999692466689 
1 0.014541116954984322 117.23545485947842 -1 0 
8 0 0.058157256164062913
1 0.020013766033534677 -0.024493671699202621 -1 3.1305090312922296e-19 
1 -0.014541116954991858 117.26452988173251 0 -1 
8 0 234.49998474121094
1 0.014564191895111068 117.23543179598997 -0 -1 
1 -0.014541116954991858 -117.23545485947842 1 0 
8 0 0.058157256164062913
1 -0.038143490130528236 0.024493671699188414 1 -8.358116006165524e-19 
1 -0.043685341126118736 117.23543179598997 0.00024839886999760953 -0.99999996914900025 
8 0 234.49999197577014
1 -0.01456419189510421 117.26455294522097 0.00024839886999760953 -0.99999996914900025 
1 0.014564191895111068 117.23543179598997 -1 0 
8 0 0.058249533021229802
1 0.02007423749450029 -0.024483764367076895 -1 3.0160263805771622e-20 
1 -0.014564191895104205 117.26455294522097 0 -1 
8 0 234.49998474121094
1 0.014563731300003652 117.2354322563563 0 -1 
1 -0.014564191895104205 -117.23543179598997 1 0 
8 0 0.058249533021229802
1 -0.038175295526720804 0.024483764367062677 1 3.0160263805771622e-20 
1 -0.043683959798333998 117.2354322563563 0.00024839101531598246 -0.99999996915095135 
8 0 234.49999197531261
1 -0.014563731300003643 117.26455248485463 0.00024839101531598246 -0.99999996915095135 
1 0.014563731300003652 117.2354322563563 -1 0 
8 0 0.058247691098337648
1 0.020113662933460293 -0.02448062959044511 -1 -4.6706433653495054e-20 
1 -0.014563731300003652 117.26455248485463 0 -1 
8 0 234.49998474121094
1 0.067238114467432136 117.18283128445516 0 -1 
1 -0.014563731300003652 -117.2354322563563 1 0 
8 0 0.058247691098337648
1 -0.038134028164877348 0.02448062959044511 1 5.5688212490878029e-20 
1 117.13760107441922 -0.33738977030734674 0 1 
8 0 0.4499969482421875
1 -0.018060843928494271 -0.20943605146300825 -0 1 
1 117.36238366679171 -0.11260717793484787 -0.99999815879432696 0.00191896012360879 
8 0 234.50041650470814
1 117.13760107441922 -0.33738977030734674 -0.99999815879432696 0.00191896012360879 
1 -117.13760107441922 0.33738977030733963 0 -1 
8 0 0.4499969482421875
1 0.018060843928494271 0.24056089677917925 0 -1 
1 -117.13760107441922 -0.11260717793484787 1 0 
8 0 234.49998474121094
1 117.24499246939394 -0.005000327670305893 -1 -0 
1 117.24499246939394 -0.005000327670305893 0 1 
8 0 0.020000457763671875
1 -0.029347594885280159 -0.0058890009247747344 -0 1 
1 -117.24499246939394 -0.015000130093362429 0.99999999636282466 8.5289803805312705e-05 
8 0 234.4999855941285
1 -117.254992271817 -0.005000327670305893 0.99999999636282466 8.5289803805312705e-05 
1 117.254992271817 0.0050003276703094457 -1 0 
8 0 234.49998474121094
1 117.13760107441922 -0.11260717793484787 -1 -0 
1 -117.24499246939394 0.0050003276703094457 0 -1 
8 0 0.020000457763671875
1 0.029347594885280159 0.014111456838900693 -0 -1 
1 117.13760107441922 -0.11260717793484787 0 1 
8 0 0.4499969482421875
1 -0.018060843928508482 -0.24056089677917214 -0 1 
1 -117.13760107441922 -0.33738977030734674 0.99999815879432696 0.00191896012360879 
8 0 234.50041650470814
1 -117.36238366679171 -0.11260717793484787 0.99999815879432696 0.00191896012360879 
1 0.035908794559702167 -117.23802358709433 -0.00020417920773817421 0.99999997915542538 
8 0 234.49998962926347
1 0.011971227537418701 -117.26196115411662 -0.00020417920773817424 0.99999997915542538 
1 -0.011971227537410915 117.26196115411661 0 -1 
8 0 234.49998474121094
1 0.01197767180186609 117.23801714546161 -0 -1 
1 -0.011971227537410915 -117.23802358709433 1 0 
8 0 0.047880022097113083
1 -0.01576152872798952 0.025481556981117318 1 2.9951457762388503e-19 
1 0.011971227537418699 -117.26196115411662 0 1 
8 0 234.49998474121094
1 -117.13760107441922 0.11260717793484076 1 -0 
1 0.011971227537418699 117.23802358709432 -1 0 
8 0 0.047880022097113083
1 0.032118493369115778 -0.025481556981117308 -1 3.3204345848004233e-19 
1 0.01197767180186609 117.23801714546161 -1 0 
8 0 0.047905793891422591
1 -0.01590046035987757 0.025469997435416579 1 3.9583510640778726e-19 
1 0.035928122089561525 -117.23801714546161 -0.00020428910878028076 0.99999997913297978 
8 0 234.49998963452697
1 0.011977671801868602 -117.26196759574933 -0.00020428910878028076 0.99999997913297978 
1 -0.01197767180186609 117.26196759574933 0 -1 
8 0 234.49998474121094
1 -0.011970766808321143 -117.23802404763532 -0 1 
1 -0.01197767180186609 -117.23801714546161 1 0 
8 0 0.047905793891422591
1 0.032005333531542501 -0.025469997435416589 -1 5.2285729206531424e-19 
1 -0.011970766808321143 -117.23802404763532 1 0 
8 0 0.047878179556932528
1 -0.015924072225054813 0.025470393180888673 1 -6.5925207866732119e-20 
1 -0.035907412748618257 117.23802404763532 0.0002041713504239515 -0.99999997915702965 
8 0 234.49998962888728
1 -0.01197076680832114 117.26196069357562 0.0002041713504239515 -0.99999997915702965 
1 0.011970766808314279 -117.26196069357562 0 1 
8 0 234.49998474121094
1 -0.011970306080494575 -117.23802450817504 -0 1 
1 0.011970766808314279 117.23802404763532 -1 0 
8 0 0.047878179556932528
1 0.03195410733187428 -0.025470393180888676 -1 -1.4764623423113667e-19 
1 -0.011970306080494575 -117.23802450817504 1 0 
8 0 0.047876337021828065
1 -0.015923345422045321 0.02547058697737118 1 1.2150777583592516e-19 
1 -0.035906030941333489 117.23802450817504 0.00020416349313137513 -0.99999997915863381 
8 0 234.49998962851109
1 -0.011970306080494576 117.26196023303589 0.00020416349313137516 -0.99999997915863381 
1 0.011970306080494573 -117.26196023303589 0 1 
8 0 234.49998474121094
1 -0.063554557850878046 -117.18650663677175 -0 1 
1 0.011970306080494573 117.23802450817504 -1 -0 
8 0 0.047876337021828065
1 0.031952991599782744 -0.02547058697737118 -1 -2.3511304234762405e-19 
1 -117.13760107441922 0.11260717793484076 0 -1 
8 0 0.4499969482421875
1 0.018060843928508482 0.20943605146300825 -0 -1 
1 0.067238114467432136 117.18283128445516 -1 0 
8 0 0.26879840123549137
1 0.11973239991730811 -0.01887577052874766 -1 -2.5960312574699318e-19 
1 -0.063554557850878046 -117.18650663677175 1 0 
8 0 0.25408058336919226
1 -0.14186197618129909 0.019092085266100709 1 6.0162816732957955e-19 
1 -0.19052602551832148 117.18650663677175 0.0010834987239258049 -0.99999941301508544 
8 0 234.50012238924526
1 -0.063554557850878102 117.31347810443921 0.0010834987239258052 -0.99999941301508544 
1 0.063554557850870774 -117.31347810443918 0 1 
8 0 234.49998474121094
1 -117.34210681716458 0.092259409031711925 1 -0 
1 0.063554557850870774 117.18650663677175 -1 -0 
8 0 0.25408058336919226
1 0.11221860718789312 -0.019092085266100709 -1 2.0571679592736988e-19 
1 117.34210681716458 -0.09225940903170482 -0.99999876364773732 0.0015724830672655052 
8 0 234.50027466615612
1 117.15787792404636 -0.2764883021499287 -0.99999876364773732 0.0015724830672655052 
1 -117.15787792404636 0.27648830214993581 0 -1 
8 0 0.36874771118164062
1 0.018407192756741086 0.19971737060871675 0 -1 
1 117.15787792404636 -0.2764883021499287 0 1 
8 0 0.36874771118164062
1 -0.018407192756741086 -0.16903034057293098 -0 1 
1 0.11973239991730808 -0.01887577052874766 -0.0042656577600889605 0.99999090204055052 
8 0 0.067246522542681611
1 -0.019751268089602991 -0.042764714104207208 -0.005368540037806839 0.99998558928509695 
1 0.038017551428865204 -0.0061532433010569321 -0.9558519809626056 0.29384858429106442 
8 0 0.070614754964460708
1 0.029479701989117757 -0.014596802475310259 -0.9558519809626056 0.29384858429106442 
1 -0.029479701989103546 -0.0054036552883616196 0.99993834008827953 -0.011104774716138065 
8 0 0.067501415549292523
1 0.049094222792551434 -0.16903034057293098 -1 -0 
1 -0.049094222792551434 0.16903034057292388 0.18006376404496938 -0.98365493994487607 
8 0 0.37487506665935644
1 -0.018407192756741089 0.1997173706087097 0.18006376404496938 -0.98365493994487607 
1 0.018407192756741086 0.16903034057292388 -1 0 
8 0 0.067501415549292523
1 0.11279758623386781 0.048406847202662029 -0.0085772874726138624 -0.99996321439321567 
1 -0.11277439903382187 -0.048352607594870825 0.96662283013447781 0.25620363827005338 
8 0 0.26345321902361885
1 -0.14186197618129909 -0.01909208526610072 0.9666215632473879 0.25620841802168831 
1 -0.11248542431125801 0.018893294047482866 -0.0042972441047855608 -0.99999076680392596 
8 0 0.067246522542681611
1 0.015921965683334888 0.025470823943125012 -0.0053703206387465145 -0.99998557972414648 
1 0.015858642962213346 0.041764906068150039 -0.58078880556608348 -0.81405427541971798 
8 0 0.082606854456456921
1 0.03211849336912357 0.025481556981117308 -0.58078880556608348 -0.81405427541971798 
1 0.01576152872798952 -0.025481556981103107 0.0014441522802930865 0.99999895721155208 
8 0 0.067246533173161108
1 -0.049185689244652622 0.20943605146300825 1 -0 
1 -0.01576152872798952 0.025481556981117318 -0.0014441522802930867 -0.99999895721155208 
8 0 0.067246533173161108
1 -0.015900460359880086 -0.025469997435416593 0.0039510398599807298 0.99999219461155053 
1 -0.032005333531542508 0.025469997435388171 0.5780780289257661 -0.81598149027615896 
8 0 0.08241119325524067
1 -0.015634766626867413 0.041776010852431239 0.57807802892576621 -0.81598149027615896 
1 0.015634766626867407 -0.041776010852459647 0.0039510398599807298 0.99999219461155042 
8 0 0.067246533173161108
1 -0.015924072225058247 -0.025470393180888673 0.0053977491249844588 0.99998543204607937 
1 -0.031954107331870853 0.02547039318084604 0.57707019461263331 -0.81669455152445924 
8 0 0.08233868268527389
1 -0.015561092309464584 0.041775160347875859 0.57707019461263331 -0.81669455152445936 
1 0.015561092309468011 -0.04177516034791847 0.0053977491249844588 0.99998543204607926 
8 0 0.067246533173161108
1 -0.015923345422045321 -0.025470586977371173 0.0053977342536301225 0.99998543212635227 
1 -0.031952528808465386 0.025470823943125012 0.5770552889316467 -0.81670508356200033 
8 0 0.082337620008424248
1 -0.015560366506498682 0.041774966556791408 0.57705527681538737 -0.81670509212292586 
1 -0.049185689244652629 0.20943605146300825 0.14779659532811493 -0.98901777861139462 
8 0 0.45499379078300733
1 -0.018060843928494281 0.2405608967791793 0.14779659532811493 -0.98901777861139462 
1 -0.018060843928494271 -0.20943605146300825 1 0 
8 0 0.067246533173161108
1 -0.029347594885251738 0.0058890009247747344 0.9999843891621758 -0.0055876141554614426 
1 0.029347594885280159 0.014111456838900693 -0.9599560746140029 -0.28015055740025746 
8 0 0.070050583747258255
1 0.037897888513185762 0.0055132532441106753 -0.9599560746140029 -0.28015055740025746 
1 -0.037897888513157341 -0.0055132532441071191 0.9999843891621758 -0.0055876141554614426 
8 0 0.067246533173161108
1 0.049185689244666833 -0.20943605146300825 -1 -0 
1 0.019750804538518837 0.042764924594157157 -0.6523868246033484 -0.7578861597126314 
8 0 0.088727777018780554
1 0.038133565441380274 0.024480839368009828 -0.65238683393060859 -0.75788615168374507 
1 0.020113662933460296 -0.02448062959044511 -0.0053959420332805614 0.9999854417988161 
8 0 0.067246533173161108
1 -0.019801002840342197 -0.04277542254391712 -0.0053967537655375195 0.99998543741836265 
1 0.019831103394798013 0.04276175081008441 -0.65317296311871753 -0.7572087428514771 
8 0 0.088807103473118751
1 0.038205351202193774 0.024470131346114823 -0.65317245776509381 -0.75720917877235661 
1 0.02007423749450029 -0.024483764367076895 -0.0036155944358292279 0.99999346371707631 
8 0 0.067245954715746792
1 -0.019836741325975373 -0.042752199973791649 -0.0026475428243955233 0.9999964952523549 
1 -0.019836741325975373 -0.042752199973791656 0.65300501035226988 0.75735358747076131 
8 0 0.088790388199278827
1 -0.038143490130528236 -0.024493671699202628 0.65300505667037556 0.75735354753438622 
1 0.020013766033534681 -0.024493671699202621 -0.0026274250346628543 0.99999654831288665 
8 0 0.067245947601649883
1 0.019937837038619729 0.042754518856904213 0.00095726402277250251 -0.99999954182269035 
1 0.019937837038619729 0.042754518856904226 -0.65413684498960434 -0.75637622122000003 
8 0 0.088905381878105538
1 0.038226419599134621 0.024487902387957776 -0.65412974875542129 -0.75638235819800137 
1 -0.020026797280512227 0.024487902387957772 0.0014508074113748475 -0.99999894757837393 
8 0 0.067246533173161108
1 -0.049185689244666833 0.20943605146300825 1 -0 
1 -0.04918568924466684 0.20943605146300825 0.14779659532811493 -0.98901777861139462 
8 0 0.45499379078300733
1 -0.018060843928494281 0.2405608967791793 0.14779659532811493 -0.98901777861139462 
1 0.11944554926658491 -0.04837014020781296 0.0042656577600889605 0.99999090204055041 
8 0 0.067246522542681611
1 -0.020112283738280088 -0.024480839367995617 0.005368540037806839 0.99998558928509695 
1 0.14918784053794565 -0.018804298198802111 -0.97004094000892394 0.24294150470144721 
8 0 0.27680401967497525
1 0.11944554926658488 -0.048370140207812946 -0.97004209295824484 0.24293690104467019 
1 0.023702500016401729 -0.023795201571886082 -0.25766265056033233 0.96623493960124629 
8 0 0.058213286309904494
1 0.0038142330203712049 -0.056251461485459231 -0.25766265056033233 0.96623493960124629 
1 0.0087031103679642285 0.032452509609754543 -0.70713957606538469 -0.70707398478664751 
8 0 0.058158604910129433
1 0.038143827039274242 -0.024493519061839504 -1 -4.4539638338984541e-19 
1 -0.032423140852738896 -0.0086699269136829571 0.96555300115863074 -0.26020646024563115 
8 0 0.058127975162204214
1 0.0001227886330887884 0.011277970729160815 0.96555300115863074 -0.26020646024563115 
1 0.0038142330203712049 0.056251590272353269 -0.2576300256650576 -0.9662436389833684 
8 0 0.058220658130656203
1 -0.038218448965712387 0.024491397934178316 1 -3.6519057887718156e-19 
1 0.0038142330203712049 -0.056251461485459231 0 1 
7 0 0  1 2 2  0.043439689952568222 0.19181446555277404  0.043439689952568222 0.13555912497660216 
 0 2 0.1125030517578125 2
1 0.022209380331659982 0.30522206590047846 -1 8.4008385808299544e-18 
8 0 0.047905793891422591
1 0.015900460359887618 -0.025469997435388157 -1 -5.7547160408693506e-19 
1 -0.025696413559762609 0.30522206590047846 0.043489199242044599 -0.99905389721940718 
8 0 0.63410805553327321
1 0.0081771432915799316 -0.30486635398614181 -0.067503027290075457 0.9977190693309792 
1 0.0018804380083093952 -0.3282860582382584 0.03207296468790799 0.99948553012843988 
8 0 0.63383421274475815
1 -0.031371585178824928 -0.32786543106539656 0.057630953199468364 0.99833795542056836 
1 -0.031371585178824921 -0.32786543106539651 0.13221894624436623 0.99122053562970003 
8 0 0.63838543420129612
1 -0.056190203498481014 -0.32775591411641369 0.13221821764869812 0.99122063281683237 
1 0.053035064229022641 0.30491532096181084 -1 -2.288457058771714e-18 
8 0 0.047878179556932528
1 0.01592407222505824 -0.025470393180874466 -1 -1.4604330899034094e-20 
1 0.076090475276304886 0.30502489995364335 -1 1.4352575508077702e-17 
8 0 0.047874494491800271
1 0.015921965683334885 -0.025470823943125012 -1 -8.5816828883012047e-20 
1 -0.056190203498480987 -0.32775591411641364 0.20462334033043952 0.97884078817344611 
8 0 0.64645938513744394
1 -0.14111580913218685 -0.36788179352315092 0.17193541409815197 0.9851082241961524 
1 0.22440437264702973 0.26869711975190125 -0.99999950324736786 0.0009967472185279339 
8 0 0.25437104605746014
1 0.14188549714682977 -0.019145065632937566 -0.99999951016683286 0.00098978083141514745 
1 -0.35814317905076765 0.14722605005369988 0.89281779229232971 -0.45041801669810089 
8 0 0.73405566281744472
1 0.22440437264702975 0.2686971197519013 -0.4979461371856746 -0.86720795917811166 
1 0.040355786593570156 0.14952206867139495 -0.46066990364352522 -0.88757154070929145 
8 0 0.28166743584434412
1 0.089399923936366144 0.10047793132859795 -0.46066990364352522 -0.88757154070929145 
1 -0.08939992393636266 -0.10047793132860505 1 0 
8 0 0.12975571052993282
1 -0.0068550216052045698 0.061058712979434659 0.19562141428537166 -0.98067949008480393 
1 0.040355786593570156 -0.10047793132860505 0 1 
8 0 0.25
1 -0.040356469639904205 -0.14952232087416917 -0 1 
1 0.089399923936366157 0.10047793132859795 -1 0 
8 0 0.12975571052993282
1 -0.018527974000278391 -0.066190051058651278 0.19562141428537166 0.98067949008480393 
1 -0.040355786593566666 0.10047793132859795 -0 -1 
8 0 0.25
1 0.040333897400470935 0.14951398470012833 -0 -1 
1 0.040333897400470935 0.14951398470012833 -0.46050221774098216 -0.88765855341771882 
8 0 0.28163982540069521
1 0.089361866800754863 0.10048601529986456 -0.46050221774098216 -0.88765855341771882 
1 -0.089361866800732215 -0.10048601529987167 1 0 
8 0 0.12969576420120313
1 -0.029604593930841361 0.053791029006713842 0.55513452297263499 -0.83176057937602765 
1 0.089361866800754877 0.10048601529986456 -1 0 
8 0 0.12969576420120313
1 -0.042394002260564889 -0.054084794967895533 0.55513452297263499 0.83176057937602765 
1 -0.040333897400448272 0.10048601529986456 -0 -1 
8 0 0.25
1 -0.040358272612028484 -0.14952298657363627 -0 1 
1 -0.040358272612028484 -0.14952298657363627 0.46068894387714054 0.88756165813388144 
8 0 0.28167057207679602
1 -0.089404245759300671 -0.10047701342636378 0.46068894387714054 0.88756165813388144 
1 0.089404245759300657 0.10047701342636373 -1 -0 
8 0 0.12976251837132913
1 -0.047972414851869871 0.038374423512998135 0.83130329644694956 -0.5558190616706441 
1 -0.089404245759300657 -0.10047701342636373 1 0 
8 0 0.12976251837132913
1 -0.059899594425473879 -0.03375005768817374 0.83130329644694956 0.5558190616706441 
1 0.040358272612028484 -0.10047701342636373 0 1 
8 0 0.25
1 -0.040349689189857922 -0.14951981716455265 -0 1 
1 -0.040349689189857922 -0.14951981716455265 0.46062320033034121 0.88759577923592814 
8 0 0.28165974405061761
1 -0.089389323518963032 -0.10048018283545446 0.46062320033034121 0.88759577923592814 
1 0.089389323518962352 0.10048018283544735 -1 -0 
8 0 0.12973901270882027
1 -0.059036639821727022 0.017031728868875721 0.98087921377097387 -0.19461749148531404 
1 -0.089389323518963046 -0.10048018283545446 1 0 
8 0 0.12973901270882027
1 -0.068221660959522978 -0.0082177523322961611 0.98087921377097387 0.19461749148531404 
1 0.040349689189857235 -0.10048018283545446 0 1 
8 0 0.25
1 -0.040344223983138597 -0.14951779887375238 -0 1 
1 -0.040344223983138597 -0.14951779887375238 0.46058133483482505 0.8876175043349307 
8 0 0.28165285021876474
1 -0.089379821730653106 -0.10048220112624762 0.46058133483482505 0.8876175043349307 
1 0.08937982173065312 0.10048220112624762 -1 0 
8 0 0.12972404571379173
1 -0.061055881436033133 -0.0067936076252195256 0.98087475835375948 0.19463994560329578 
1 -0.08937982173065312 -0.10048220112624762 1 0 
8 0 0.12972404571379173
1 -0.066187160556154367 0.018455873575952356 0.98087475835375948 -0.19463994560329578 
1 0.040344223983138597 -0.10048220112624762 0 1 
8 0 0.25
1 -0.040358272612028477 -0.14952298657363627 -0 1 
1 -0.040358272612028477 -0.14952298657363627 0.46068894387714054 0.88756165813388144 
8 0 0.28167057207679602
1 -0.089404245759300671 -0.10047701342636378 0.46068894387714054 0.88756165813388144 
1 0.089404245759300657 0.10047701342636373 -1 0 
8 0 0.12976251837132913
1 -0.053803436846067143 -0.029707945637849065 0.83130329644694956 0.5558190616706441 
1 -0.089404245759300657 -0.10047701342636373 1 0 
8 0 0.12976251837132913
1 -0.054068572431276607 0.042416535563319258 0.83130329644694956 -0.5558190616706441 
1 0.040358272612028484 -0.10047701342636373 0 1 
8 0 0.25
1 0.040361753547840259 0.14952427175050076 -0 -1 
1 0.040361753547840259 0.14952427175050076 -0.46071560262428668 -0.88754782040098579 
8 0 0.28167496359469663
1 0.0894102970488585 0.10047572824949924 -0.46071560262428668 -0.88754782040098579 
1 -0.089410297048864398 -0.10047572824949924 1 0 
8 0 0.12977205059670466
1 -0.03838241367392925 -0.048016392656748508 0.55586642086089155 0.83127162958885004 
1 0.089410297048858486 0.10047572824949924 -1 0 
8 0 0.12977205059670466
1 -0.0337535116190395 0.059859431317860867 0.55586642086089155 -0.83127162958885004 
1 -0.040361753547846164 0.10047572824949924 0 -1 
8 0 0.25
1 0.040346002325446065 0.14951845563584243 -0 -1 
1 0.040346002325446065 0.14951845563584243 -0.46059495806070172 -0.88761043516232985 
8 0 0.28165509337920186
1 0.089382913597133934 0.10048154436415757 -0.46059495806070172 -0.88761043516232985 
1 -0.089382913597130464 -0.10048154436415757 1 0 
8 0 0.12972891592257652
1 -0.017030838676603821 -0.059031072459742262 0.19460323339919922 0.98088204262825451 
1 0.089382913597133948 0.10048154436415757 -1 0 
8 0 0.12972891592257652
1 -0.00824407484711287 0.068191590517070466 0.19460323339919922 -0.98088204262825451 
1 -0.040346002325442575 0.10048154436415757 0 -1 
8 0 0.25
1 0.040346685477804678 0.14951870792576472 -0 -1 
1 0.040346685477804678 0.14951870792576472 -0.46060019131918095 -0.88760771952295114 
8 0 0.28165595510408997
1 0.089384101329329294 0.10048129207424239 -0.46060019131918095 -0.88760771952295114 
1 -0.089384101329325796 -0.10048129207423528 1 0 
8 0 0.12973078680713046
1 0.00679001258322387 -0.061079088260068914 -0.19460042697065227 0.98088259940873657 
1 0.08938410132932928 0.10048129207424239 -1 0 
8 0 0.12973078680713046
1 0.018455653920710802 0.066171583126646283 -0.19460042697065227 -0.98088259940873657 
1 -0.040346685477801195 0.10048129207424239 0 -1 
8 0 0.25
1 0.040323550256591616 0.1495101621637005 -0 -1 
1 0.040323550256591616 0.1495101621637005 -0.46042292780814364 -0.88769968319729453 
8 0 0.28162677618578869
1 0.089343874584018268 0.10048983783628529 -0.46042292780814359 -0.88769968319729453 
1 -0.089343874584037988 -0.1004898378362995 1 0 
8 0 0.1296674248406296
1 0.029711621346578468 -0.053745307095773867 -0.55631493709101498 0.83097153427143344 
1 0.089343874584018268 0.10048983783628529 -1 0 
8 0 0.1296674248406296
1 0.04242430394639031 0.054004631869066358 -0.55631493709101498 -0.83097153427143344 
1 -0.040323550256611329 0.10048983783628529 0 -1 
8 0 0.25
1 -0.040358272612028477 -0.14952298657363627 -0 1 
1 -0.040358272612028477 -0.14952298657363627 0.46068894387714054 0.88756165813388144 
8 0 0.28167057207679602
1 -0.089404245759300671 -0.10047701342636378 0.46068894387714054 0.88756165813388144 
1 0.089404245759300657 0.10047701342636373 -1 0 
8 0 0.12976251837132913
1 0.048012802557337864 -0.038376576220276348 -0.83130329644694956 0.5558190616706441 
1 -0.089404245759300657 -0.10047701342636373 1 0 
8 0 0.12976251837132913
1 0.059859206720005886 0.033747904980891974 -0.83130329644694956 -0.5558190616706441 
1 0.040358272612028484 -0.10047701342636373 -0 1 
8 0 0.25
1 -0.040353192530840958 -0.14952111082912012 -0 1 
1 -0.040353192530840958 -0.14952111082912012 0.46065003496411383 0.88758185272546042 
8 0 0.28166416340344891
1 -0.089395414189095634 -0.10047888917087278 0.46065003496411383 0.88758185272546042 
1 0.089395414189095662 0.10047888917087988 -1 0 
8 0 0.1297486067199366
1 0.059029554441011101 -0.017089774089630083 -0.9806890818245364 0.19557332330905433 
1 -0.089395414189095662 -0.10047888917087278 1 0 
8 0 0.1297486067199366
1 0.068183144634360815 0.0082880666252655999 -0.9806890818245364 -0.19557332330905433 
1 0.040353192530840958 -0.10047888917087278 -0 1 
8 0 0.25
1 -0.040358656960128123 -0.14952312848091509 -0 1 
1 -0.040358656960128123 -0.14952312848091509 0.46069188749217022 0.88756013024408753 
8 0 0.28167105695841432
1 -0.089404913921943732 -0.10047687151908491 0.46069188749217022 0.88756013024408753 
1 0.089404913921958359 0.10047687151908491 -1 0 
8 0 0.12976357088208648
1 0.06108478985007082 0.0068508163470681893 -0.9806935792240723 -0.19555077005391275 
1 -0.089404913921943732 -0.10047687151908491 1 0 
8 0 0.12976357088208648
1 0.06617351093117918 -0.018524549863869311 -0.9806935792240723 0.19555077005391275 
1 0.04035865696014275 -0.10047687151908491 0 1 
8 0 0.25
1 -0.040295677208485793 -0.1494998612190841 -0 1 
1 -0.040295677208485793 -0.1494998612190841 0.46020926099416598 0.88781047307136662 
8 0 0.28159163197875881
1 -0.089295399646615703 -0.1005001387809159 0.46020926099416593 0.88781047307136662 
1 0.089295399646599938 0.1005001387809159 -1 0 
8 0 0.12959107685508572
1 0.053729155910957629 0.02959983251610511 -0.8314610973202603 -0.55558297637975618 
1 -0.089295399646615689 -0.1005001387809159 1 0 
8 0 0.12959107685508572
1 0.054020783053886148 -0.042398763675301168 -0.8314610973202603 0.55558297637975618 
1 0.040295677208470028 -0.1005001387809159 0 1 
8 0 0.25
1 0.040358656407273034 0.14952312827679748 -0 -1 
1 0.040358656407273034 0.14952312827679748 -0.46069188325813487 -0.88756013244178178 
8 0 0.28167105626096656
1 0.08940491296089971 0.10047687172320258 -0.46069188325813487 -0.88756013244178178 
1 -0.089404912960899696 -0.10047687172320252 1 0 
8 0 0.12976356936817271
1 0.038352463158318528 0.047997293071475156 -0.55578516262358135 -0.83132596074432763 
1 0.089404912960899682 0.10047687172320252 -1 0 
8 0 0.12976356936817271
1 0.033768203345587722 -0.059878530903127114 -0.55578516262358135 0.83132596074432763 
1 -0.040358656407273027 0.10047687172320252 0 -1 
8 0 0.25
1 0.040356469639910471 0.14952232087417627 -0 -1 
1 0.040356469639910471 0.14952232087417627 -0.46067513513357133 -0.8875688254268882 
8 0 0.28166829753147216
1 0.089401111388249702 0.10047767912583083 -0.46067513513357133 -0.8875688254268882 
1 -0.089401111388243443 -0.10047767912582373 1 0 
8 0 0.12975758102815391
1 0.017094244793867123 0.059032558900071308 -0.19561859433832482 -0.98068005259059798 
1 0.089401111388249715 0.10047767912583083 -1 0 
8 0 0.12975758102815391
1 0.0082887508116016341 -0.068218112486647442 -0.19561859433832482 0.98068005259059798 
1 -0.018527974000278391 -0.066190051058651278 0.344405067060012 0.93882114898599756 
8 0 0.12742053338054762
1 -0.02558440228067127 -0.055371337491465056 0.344405067060012 0.93882114898599756 
1 0.025356303343471609 0.053435040494083097 -0.92458134094718425 0.38098470306864901 
8 0 0.020010442476946024
1 -0.026291377838859376 -0.049007893724585472 -0.92458134094718425 0.38098470306864901 
1 -0.02558440228067127 -0.055371337491465056 1 0 
8 0 0.0200042724609375
1 -0.017094244793867119 0.059032558900071308 1 -0 
1 -0.0068550216052045698 0.061058712979434659 -0.92458134094718425 -0.38098470306864901 
8 0 0.020010442476946024
1 0.044792659577140626 -0.041384221239233909 -0.92458134094718425 -0.38098470306864901 
1 0.025584402280657059 -0.055371337491468609 -0.344405067060012 0.93882114898599756 
8 0 0.12742053338054762
1 0.01852797400026418 -0.066190051058651278 -0.344405067060012 0.93882114898599756 
1 0.0055801298197195592 -0.055371337491468609 1 0 
8 0 0.0200042724609375
1 -0.0029100276670703806 0.059032558900071308 1 -0 
1 -0.042394002260564889 -0.054084794967895533 0.67701792972186181 0.73596652290381004 
8 0 0.12738610307806905
1 -0.044792659577140626 -0.041384221239233909 0.67701792972186181 0.73596652290381004 
1 0.043848673520685111 0.039667112380737279 -0.710095618663247 0.70410525658828926 
8 0 0.020059382448603457
1 -0.043016932754724735 -0.03521885866485519 -0.710095618663247 0.70410525658828926 
1 0.091372148882298942 12.83584032052245 -1 0 
1 -0.026291377838859376 -0.049007893724585472 0.55559516564964828 0.83145295231103733 
1 -0.020040131440282494 0.054503782296514203 0.29455908006091724 -0.95563327084905647 
8 0 0.12007734760564916
1 -0.015513105415308814 0.061436667908534304 0.29455908006091724 -0.95563327084905647 
1 -0.0075508125926262437 0.054503782296514203 -1 0 
8 0 0.01248931884765625
1 -0.0021109846727966897 -0.056878880310048174 -1 -0 
1 -0.015513105415308814 0.061436667908534304 0.19583619946915054 -0.98063662127083506 
8 0 0.12186074974105765
1 0.030537323642276418 -12.835856510081559 -1 -0 
1 0.0083516406784411856 -0.058064445983067259 0.92428728242869829 0.38169754982259407 
8 0 0.012447566002307873
1 -0.039330977362524777 0.042769902087918865 0.92428728242869829 0.38169754982259407 
1 -0.039330977362524777 0.042769902087918865 0.63684739168118143 -0.77098988301330906 
8 0 0.12013485390496224
1 -0.037804785579510281 0.050873475337684937 0.63684739168118143 -0.77098988301330906 
1 -0.037804785579510281 0.050873475337684937 0.55568890002439386 -0.83139030929502611 
8 0 0.12193270880353529
1 0.030555398625771391 -12.835838605533819 -1 -0 
1 0.029951867252520969 -0.050500197147666626 0.70710678118654757 0.70710678118654757 
8 0 0.012375663421950836
1 -0.052700712348396905 0.024460496937596332 0.70710678118654757 0.70710678118654757 
1 -0.052700712348396905 0.024460496937596332 0.88356107246968496 -0.46831595234010565 
8 0 0.12011040463004174
1 -0.054403788368688311 0.032536342391335182 0.88356107246968496 -0.46831595234010565 
1 -0.054403788368688311 0.032536342391335182 0.83142647836414374 -0.55563478209611594 
8 0 0.12193428663796825
1 -0.030555794953496293 12.835838212944338 1 -0 
1 0.046975606162561689 -0.03521458839479763 0.38141280206354772 0.92440482172154048 
8 0 0.012441856625585548
1 -0.05805812633107621 0.0024197211651824091 0.38141280206354772 0.92440482172154048 
1 -0.05805812633107621 0.0024197211651824091 0.99550980159533897 -0.09465851745938586 
8 0 0.12015315898372118
1 -0.062712299562548424 0.009265667716704229 0.99550980159533897 -0.09465851745938586 
1 -0.062712299562548424 0.009265667716704229 0.98061858536782776 -0.19592649139715712 
8 0 0.12185326581753138
1 -0.030535443801420203 12.835858372202456 1 -0 
1 0.056779277585889076 -0.014608615120209834 0.0097645634471911092 0.99995232551391466 
8 0 0.012501358935315735
1 -0.054594034321041818 -0.020044042083753766 0.0097645634471911092 0.99995232551391466 
1 -0.054594034321041818 -0.020044042083753766 0.95571070676248704 0.29430773856551512 
8 0 0.1201993371468843
1 -0.061499790230328699 -0.01551621023752503 0.95571070676248704 0.29430773856551512 
1 -0.061499790230328699 -0.01551621023752503 0.98066177626579409 0.19571019536860562 
8 0 0.12198793625415695
1 -0.030569270925938363 12.835824864108673 1 -0 
1 0.058129116019671301 0.0083580725993890326 -0.38193661579003529 0.92418852055132938 
8 0 0.012444768572756355
1 -0.042772667152732424 -0.039327741331931065 -0.38193661579003529 0.92418852055132938 
1 -0.042772667152732424 -0.039327741331931065 0.77103258516339146 0.63679569142406856 
8 0 0.1201356217445429
1 -0.050876460590018269 -0.037801762409504391 0.77103258516339146 0.63679569142406856 
1 -0.050876460590018269 -0.037801762409504391 0.83142647836414374 0.55563478209611594 
8 0 0.12193428663796825
1 -0.030555794953480528 12.835838212944338 1 -0 
1 0.050502933941231731 0.029949168376628421 -0.70710678118654757 0.70710678118654757 
8 0 0.012375663421950836
1 -0.024454081599557753 -0.052700562579801158 -0.70710678118654757 0.70710678118654757 
1 -0.024454081599557753 -0.052700562579801158 0.4682291653650611 0.88360706691466562 
8 0 0.12010415251685229
1 -0.032579587000981292 -0.054425759543061503 0.4682291653650611 0.88360706691466562 
1 -0.032579587000981292 -0.054425759543061503 0.55633713318109734 0.83095667410752416 
8 0 0.12199633945323365
1 0.030571381685028168 -12.835822773268227 -1 -0 
1 0.035291506749018708 0.04694791294229006 -0.92578369398329019 0.37805363634629113 
8 0 0.012567543299554217
1 -0.0023197916420230058 -0.057975372184461804 -0.92578369398329019 0.37805363634629113 
1 -0.0023197916420230058 -0.057975372184461804 0.09369168320321547 0.99560125979156355 
8 0 0.12002909067895315
1 -0.0092013329469011768 -0.062687811469125179 0.09369168320321547 0.99560125979156355 
1 -0.0092013329469011751 -0.062687811469125165 0.19493285510578223 0.98081658937861982 
8 0 0.12183838975165533
1 0.030531707175246392 -12.835862073609228 -1 -0 
1 0.014548972228880075 0.056813302422476397 -1 0 
8 0 0.01250457763671875
1 0.020051240710543539 -0.05456309866058362 -1 -0 
1 0.020051240710543539 -0.05456309866058362 -0.29438020480153992 0.9556883880329422 
8 0 0.12020214422974818
1 0.015520380169377297 -0.061499208954774801 -0.29438020480153992 0.9556883880329422 
1 0.01552038016937729 -0.061499208954774787 -0.19576130793581034 0.98065157437045947 
8 0 0.12198531535477224
1 0.030568612594987291 -12.835825516227416 -1 -0 
1 -0.0083596247134352097 0.058125882597959588 -0.92434133581524891 -0.38156663232426552 
8 0 0.012446838096857076
1 0.03932216035477154 -0.042709609267507886 -0.92434133581524891 -0.38156663232426552 
1 0.03932216035477154 -0.042709609267507886 -0.63727887870923217 0.77063326605532922 
8 0 0.12002956966853007
1 0.03780875595768407 -0.050859785394674617 -0.63727887870923217 0.77063326605532922 
1 0.03780875595768407 -0.050859785394674617 -0.55559516564964828 0.83145295231103733 
8 0 0.12192581618985088
1 0.030553667307557847 -12.83584032052245 -1 -0 
1 -0.02993263808528468 0.050515794439309758 -0.70203921028096095 -0.71213829220740887 
8 0 0.012464995400814685
1 0.052688507017762731 -0.024417395346631565 -0.70203921028096095 -0.71213829220740887 
1 0.052688507017762731 -0.024417395346631565 -0.8835750024590987 0.4682896700007419 
8 0 0.12011714571919625
1 0.054405978142156641 -0.032535849457609345 -0.8835750024590987 0.4682896700007419 
1 0.054405978142156641 -0.032535849457609345 -0.83143370468207234 0.55562396881222176 
8 0 0.12193322685903858
1 -0.030555528753339375 12.83583847663364 1 0 
1 -0.046973416389093359 0.035213173979890655 -0.38199072253263489 -0.92416615816583303 
8 0 0.012443005844370143
1 0.058006020033488426 -0.0023610976283094942 -0.38199072253263489 -0.92416615816583303 
1 0.058006020033488426 -0.0023610976283094942 -0.99559871346627071 0.093718737423775289 
8 0 0.12003514500478379
1 0.062689404673761828 -0.0092016063298885342 -0.99559871346627071 0.093718737423775289 
1 0.062689404673761828 -0.0092016063298885342 -0.98082136654683783 0.19490881695088544 
8 0 0.12184363026087597
1 -0.03053302350580088 12.835860769685183 1 0 
1 -0.056817431263738172 0.014546791497259903 0 -1 
8 0 0.012498855590820312
1 0.05455979524717236 0.019984777667360731 -0 -1 
1 0.05455979524717236 0.019984777667360731 -0.95600388389560009 -0.29335400794352234 
8 0 0.12015449518303853
1 0.061493728481494259 0.015449609097739625 -0.95600388389560009 -0.29335400794352234 
1 0.061493728481494259 0.015449609097739625 -0.98085462625276665 -0.19474137248809156 
8 0 0.12194839506228013
1 -0.030559338773648068 12.835834702552344 1 -0 
1 -0.058119918979443241 -0.0082987887294088125 0.38146685990086393 -0.92438251541089567 
8 0 0.01244009348458412
1 0.042717108300138307 0.039386130944791375 0.38146685990086393 -0.92438251541089567 
1 0.042717108300138307 0.039386130944791375 -0.77011293575596196 -0.63790756868164988 
8 0 0.12012057504345083
1 0.050876691532749888 0.037857187449844801 -0.77011293575596196 -0.63790756868164988 
1 0.050876691532749874 0.037857187449844787 -0.83143370468207234 -0.55562396881222176 
8 0 0.12193322685903858
1 -0.030555528753355141 12.83583847663364 1 -0 
1 -0.050502702998500126 -0.029891835987655213 0.70695479692933305 -0.70725873278355889 
8 0 0.012550994601611977
1 0.02440959394154163 0.052698769555679092 0.70695479692933305 -0.70725873278355889 
1 0.02440959394154163 0.052698769555679092 -0.4683283493730413 -0.88355450152977133 
8 0 0.12011129788365595
1 0.032538911145593381 0.054403742348146281 -0.4683283493730413 -0.88355450152977133 
1 0.032538911145593374 0.054403742348146267 -0.55568167328899354 -0.83139513949189303 
8 0 0.12193429455931153
1 0.030555796943222163 -12.835838210973385 -1 -0 
1 -0.035217741686437876 -0.046971837485838108 0.92434133581524891 -0.38156663232426552 
8 0 0.012446838096857076
1 0.0024195405880362841 0.058063665064597814 0.92434133581524891 -0.38156663232426552 
1 0.0024195405880362841 0.058063665064597814 -0.094665273530375252 -0.99550915916802063 
8 0 0.12016473223883642
1 0.0092644425732970621 0.062746211242686215 -0.094665273530375252 -0.99550915916802063 
1 0.0092644425732970603 0.062746211242686201 -0.19564101006938367 -0.98067558100476393 
8 0 0.1219823291920565
1 0.030567862515401653 -12.835826259229187 -1 -0 
1 0.030537323642276428 12.89664261253807 -0.0047356217801156897 -0.99998878688031079 
8 0 25.732787667447681
1 0.091323426098781219 12.835856510081562 -0.0047356217801156897 -0.99998878688031079 
1 0.030537323642276428 -12.835856510081559 0 1 
8 0 25.732499122619629
1 -0.03056786251540862 -12.896672863390439 -0 1 
1 0.091323426098781232 12.835856510081562 -1 0 
1 0.0056127917184909393 0.055334298858717545 -0.19583619946915054 -0.98063662127083506 
1 -0.030537323642276432 12.835856510081562 0 -1 
8 0 25.732499122619629
1 0.030555398625771391 12.89666051708581 -0 -1 
1 0.030555398625771391 12.89666051708581 -0.0047384181132691678 -0.99998877363387628 
8 0 25.732788008319194
1 0.09137731017775505 12.835838605533819 -0.0047384181132691678 -0.99998877363387628 
1 0.09137731017775505 12.835838605533819 -1 0 
1 0.026292777829937108 0.049031684572579337 -0.55568890002439386 -0.83139030929502611 
1 -0.030555398625780252 12.835838605533819 0 -1 
8 0 25.732499122619629
1 -0.030555794953496293 -12.89666090967529 -0 1 
1 -0.030555794953496293 -12.89666090967529 0.0047384794280013786 0.99998877334333636 
8 0 25.732788015795681
1 -0.091378491684456192 -12.835838212944335 0.0047384794280013786 0.99998877334333636 
1 -0.091378491684456192 -12.835838212944335 1 0 
1 0.043065986902917075 0.035226811037500028 -0.83142647836414374 -0.55563478209611594 
1 0.030555794953512055 -12.835838212944335 -0 1 
8 0 25.732499122619629
1 -0.030535443801420196 -12.896640750417173 -0 1 
1 -0.030535443801420196 -12.896640750417173 0.0047353309544265684 0.99998878825752446 
8 0 25.732787632007739
1 -0.09131782201612515 -12.835858372202463 0.0047353309544265684 0.99998878825752446 
1 -0.091317822016125122 -12.835858372202459 1 0 
1 0.053215614249211285 0.016110709059766748 -0.98061858536782776 -0.19592649139715712 
1 0.03053544380140626 -12.835858372202459 -0 1 
8 0 25.732499122619629
1 -0.030569270925938367 -12.896674258510956 -0 1 
1 -0.030569270925938367 -12.896674258510956 0.0047405642549838171 0.99998876346214227 
8 0 25.732788270069211
1 -0.091418665328218587 -12.835824864108673 0.0047405642549838171 0.99998876346214227 
1 -0.091418665328218587 -12.835824864108673 1 0 
1 0.055405355955301161 -0.0055803316467475383 -0.98066177626579409 0.19571019536860562 
1 0.030569270925938367 -12.835824864108673 0 1 
8 0 25.732499122619629
1 -0.030555794953480528 -12.89666090967529 -0 1 
1 -0.030555794953480528 -12.89666090967529 0.0047384794280013786 0.99998877334333636 
8 0 25.732788015795681
1 -0.091378491684440427 -12.835838212944335 0.0047384794280013786 0.99998877334333636 
1 -0.091378491684440427 -12.835838212944335 1 0 
1 0.04903498692095809 -0.026290845739929125 -0.83142647836414374 0.55563478209611594 
1 0.03055579495352782 -12.835838212944335 0 1 
8 0 25.732499122619629
1 0.030571381685028164 12.896676349351402 -0 -1 
1 0.030571381685028164 12.896676349351402 -0.0047408908037481542 -0.99998876191404629 
8 0 25.732788309906486
1 0.091424957768196646 12.835822773268216 -0.0047408908037481542 -0.99998876191404629 
1 0.091424957768196632 12.835822773268216 -1 0 
1 0.035275232654853994 -0.043013344878822579 -0.55633713318109734 0.83095667410752416 
1 -0.030571381685037022 12.835822773268216 0 -1 
8 0 25.732499122619629
1 0.030531707175246392 12.896637049010401 -0 -1 
1 0.030531707175246392 12.896637049010401 -0.0047347528696664361 -0.99998879099481075 
8 0 25.732787561568941
1 0.091306682576412404 12.835862073609228 -0.0047347528696664361 -0.99998879099481075 
1 0.091306682576412418 12.835862073609228 -1 0 
1 0.016022846892767006 -0.05320328437345978 -0.19493285510578223 0.98081658937861982 
1 -0.030531707175242909 12.835862073609228 0 -1 
8 0 25.732499122619629
1 0.030568612594987291 12.896673606392213 -0 -1 
1 0.030568612594987291 12.896673606392213 -0.0047404624066936223 -0.99998876394496095 
8 0 25.732788257644803
1 0.091416702759788457 12.835825516227416 -0.0047404624066936223 -0.99998876394496095 
1 0.091416702759788429 12.835825516227413 -1 0 
8 0 0.12198531535477224
1 -0.29894185170147508 -0.19314029377559938 -0.18569569900963664 0.98260730069001756 
1 -0.030568612594983807 12.835825516227413 -0 -1 
8 0 25.732499122619629
1 0.030553667307557843 12.896658802097178 -0 -1 
1 0.030553667307557843 12.896658802097178 -0.0047381502659244422 -0.9999887749030274 
8 0 25.732787975660031
1 0.091372148882298956 12.83584032052245 -0.0047381502659244431 -0.9999887749030274 
1 -0.030553667307551938 12.83584032052245 -0 -1 
8 0 25.732499122619629
1 -0.030555528753339386 -12.896660645985989 -0 1 
1 -0.030555528753339386 -12.896660645985989 0.0047384382449343161 0.99998877353848281 
8 0 25.732788010773962
1 -0.091377698105699193 -12.83583847663364 0.0047384382449343161 0.99998877353848281 
1 -0.091377698105699207 -12.83583847663364 1 0 
8 0 0.12193322685903858
1 0.1113553134969362 -0.31052694633476263 -0.51916129037092074 -0.85467628642685578 
1 0.030555528753339386 -12.83583847663364 0 1 
8 0 25.732499122619629
1 -0.03053302350580089 -12.896638352934445 -0 1 
1 -0.03053302350580089 -12.896638352934445 0.0047349565161512721 0.9999887900305634 
8 0 25.732787586381992
1 -0.091310606755089729 -12.835860769685187 0.0047349565161512721 0.9999887900305634 
1 -0.091310606755089715 -12.835860769685187 1 0 
1 -0.053180431142578755 -0.016053898103841391 0.98082136654683783 0.19490881695088544 
1 0.03053302350578626 -12.835860769685187 0 1 
8 0 25.732499122619629
1 -0.030559338773648078 -12.896664420067285 -0 1 
1 -0.030559338773648078 -12.896664420067285 0.0047390276821380533 0.99998877074526593 
8 0 25.732788082652029
1 -0.09138905628861746 -12.835834702552344 0.0047390276821380533 0.99998877074526593 
1 -0.091389056288617432 -12.835834702552344 1 0 
1 -0.055365270524205812 0.005520380970917671 0.98085462625276665 -0.19474137248809156 
1 0.030559338773662709 -12.835834702552344 0 1 
8 0 25.732499122619629
1 -0.030555528753355148 -12.896660645985989 -0 1 
1 -0.030555528753355148 -12.896660645985989 0.0047384382449343161 0.99998877353848281 
8 0 25.732788010773962
1 -0.091377698105699193 -12.83583847663364 0.0047384382449343161 0.99998877353848281 
1 -0.091377698105699207 -12.83583847663364 1 0 
1 -0.049011251677981704 0.026295569166915556 0.83143370468207234 -0.55562396881222176 
1 0.030555528753339386 -12.83583847663364 0 1 
8 0 25.732499122619629
1 0.030555796943222156 12.896660911646244 -0 -1 
1 0.030555796943222156 12.896660911646244 -0.004738479735825211 -0.99998877334187775 
8 0 25.732788015833219
1 0.091378497616086463 12.835838210973385 -0.0047384797358252118 -0.99998877334187775 
1 0.091378497616086421 12.835838210973382 -1 0 
1 -0.035228605799204615 0.043063955365127526 0.55568167328899354 -0.83139513949189303 
1 -0.030555796943225112 12.835838210973382 0 -1 
8 0 25.732499122619629
1 0.030567862515401653 12.896672863390442 -0 -1 
1 0.030567862515401653 12.896672863390442 -0.0047403463642506768 -0.99998876449505525 
8 0 25.732788243489182
1 0.091414466676647863 12.83582625922919 -0.0047403463642506759 -0.99998876449505525 
1 0.091414466676647863 12.83582625922919 -1 0 
1 -0.016107224621791261 0.053283477070600327 0.19564101006938367 -0.98067558100476393 
1 0.044792659577140626 -0.041384221239233909 -0.67701792972186181 0.73596652290381004 
8 0 0.12738610307806905
1 0.042394002260564889 -0.054084794967895533 -0.67701792972186181 0.73596652290381004 
1 -0.029604593930841361 0.053791029006713842 -0.710095618663247 -0.70410525658828926 
8 0 0.020059382448603457
1 0.057261012344568485 -0.021094942038882181 -0.710095618663247 -0.70410525658828926 
1 -0.059899594425473879 -0.03375005768817374 0.90718037017216346 0.42074193512686203 
8 0 0.12745367726503043
1 -0.057261012344568499 -0.021094942038878635 0.90718037017216346 0.42074193512686203 
1 0.055723879695619871 0.019875049123349697 -0.38645795898999413 0.92230702368207518 
8 0 0.020057718215995377
1 -0.053180431142578755 -0.016053898103841391 -0.38645795898999413 0.92230702368207518 
1 0.057261012344568485 -0.021094942038882181 -0.90718037017216346 0.42074193512686203 
8 0 0.12745367726503043
1 0.059899594425473893 -0.033750057688173747 -0.90718037017216346 0.42074193512686203 
1 -0.047972414851869871 0.038374423512998135 -0.38645795898999413 -0.92230702368207518 
8 0 0.020057718215995377
1 0.060931895986357176 0.0024454762858105994 -0.38645795898999413 -0.92230702368207518 
1 -0.068221660959522978 -0.0082177523322961576 0.99915042628753248 0.041211960029126041 
8 0 0.12736650801831115
1 -0.060931895986328755 0.0024454762858070467 0.99915042628753248 0.041211960029126041 
1 0.059036639821727022 -0.0029687288947961576 0 1 
8 0 0.020000457763671875
1 -0.055365270524205812 0.005520380970917671 -0 1 
1 0.060931895986357176 0.0024454762858105994 -0.99915042628753248 0.041211960029126041 
8 0 0.12736650801831115
1 0.068221660959522978 -0.0082177523322961576 -0.99915042628753248 0.041211960029126041 
1 -0.059036639821727022 0.017031728868875717 0 -1 
8 0 0.020000457763671875
1 0.055365270524191601 0.025520838734585993 -0 -1 
1 -0.066187160556154367 0.018455873575952353 0.93915384462326945 -0.34349680657807008 
8 0 0.12736320906924373
1 -0.055365270524205812 0.025520838734589546 0.93915384462326945 -0.34349680657807008 
1 0.053426486904783133 -0.02529298201486796 0.38126270292381098 0.92446673891451059 
8 0 0.020010859894613424
1 -0.049011251677981704 0.026295569166915556 0.38126270292381098 0.92446673891451059 
1 0.055365270524191601 0.025520838734585993 -0.93915384462326945 -0.34349680657807008 
8 0 0.12736320906924373
1 0.066187160556154367 0.018455873575952353 -0.93915384462326945 -0.34349680657807008 
1 -0.061055881436033133 -0.0067936076252195221 0.38126270292381098 -0.92446673891451059 
8 0 0.020010859894613424
1 0.041381857146731704 0.044794943556563993 0.38126270292381098 -0.92446673891451059 
1 -0.054068572431276607 0.042416535563319258 0.73593727845953616 -0.6770497191296746 
8 0 0.12738857337983681
1 -0.041381857146731718 0.044794943556564007 0.73593727845953616 -0.6770497191296746 
1 0.039681427568723393 -0.04383186226382918 0.70705903112551727 0.70715452802329215 
8 0 0.019972885792667022
1 -0.035228605799204615 0.043063955365127526 0.70705903112551727 0.70715452802329215 
1 0.041381857146731704 0.044794943556563993 -0.73593727845953616 -0.6770497191296746 
8 0 0.12738857337983681
1 0.054068572431276621 0.042416535563322824 -0.73593727845953616 -0.6770497191296746 
1 -0.053803436846067143 -0.029707945637849065 0.70705903112551727 -0.70715452802329215 
8 0 0.019972885792667022
1 0.021106596521860862 0.057187871991107642 0.70705903112551727 -0.70715452802329215 
1 -0.0337535116190395 0.059859431317860867 0.4211751142039612 -0.9069793399936299 
8 0 0.12734523419328619
1 -0.021106596521860865 0.057187871991104089 0.4211751142039612 -0.9069793399936299 
1 0.019881131935648 -0.05564006514210007 0.92458134094718425 0.38098470306864901 
8 0 0.020010442476946024
1 -0.016107224621791261 0.053283477070600327 0.92458134094718425 0.38098470306864901 
1 0.021106596521860865 0.057187871991107642 -0.4211751142039612 -0.9069793399936299 
8 0 0.12734523419328619
1 0.0337535116190395 0.059859431317860867 -0.4211751142039612 -0.9069793399936299 
1 -0.03838241367392925 -0.048016392656748508 0.92458134094718425 -0.38098470306864901 
8 0 0.020010442476946024
1 -0.0024502839573727897 0.060906520752180171 0.92458134094718425 -0.38098470306864901 
1 -0.00824407484711287 0.068191590517070466 0.042112050637149179 -0.99911289411714344 
8 0 0.12736174739344958
1 0.0023940571164899884 0.060907149555951917 0.042112050637149179 -0.99911289411714344 
1 -0.00288061049164412 -0.059057173521015471 1 0 
8 0 0.0198822021484375
1 0.0056127917184909393 0.055334298858717545 1 -0 
1 -0.0024502839573727897 0.060906520752180171 -0.041155239393042962 -0.99915276423102661 
8 0 0.12735666516022687
1 0.0082148278273024289 0.068217691578343703 -0.041155239393042962 -0.99915276423102661 
1 -0.017030838676603821 -0.059031072459742262 1 0 
8 0 0.0200042724609375
1 -0.025519549700277366 0.055308806330558014 1 -0 
1 0.018455653920710802 0.066171583126646283 -0.3437688451960384 -0.93905430145044455 
8 0 0.12725687290609558
1 0.025494993866928446 0.055334298858717573 -0.3437688451960384 -0.93905430145044455 
1 -0.025291294321476698 -0.05332953076495528 0.92235511047885765 -0.38634317668820606 
8 0 0.020058740422304343
1 0.026292777829937108 0.049031684572579337 0.92235511047885765 -0.38634317668820606 
1 -0.025519549700277366 0.055308806330558014 0.3437688451960384 -0.93905430145044455 
8 0 0.12725687290609558
1 -0.018455653920682387 0.066171583126649863 0.3437688451960384 -0.93905430145044455 
1 0.00679001258322387 -0.061079088260068914 0.92235511047885765 0.38634317668820606 
8 0 0.020058740422304343
1 -0.044794059568204148 0.04128212707746215 0.92235511047885765 0.38634317668820606 
1 0.042424303946390296 0.054004631869066344 -0.67758283344025227 -0.73544646564320326 
8 0 0.12730242018139695
1 0.044794059568218358 0.04128212707746215 -0.67758283344025227 -0.73544646564320326 
1 -0.043833630623922204 -0.039619483121168031 0.70701128428986115 -0.70720226518783247 
8 0 0.019974234628416479
1 0.043065986902917075 0.035226811037500028 0.70701128428986115 -0.70720226518783247 
1 -0.044794059568204148 0.04128212707746215 0.67758283344025227 -0.73544646564320326 
8 0 0.12730242018139695
1 -0.042424303946390296 0.054004631869069897 0.67758283344025227 -0.73544646564320326 
1 0.029711621346578454 -0.053745307095773853 0.70701128428986115 0.70720226518783247 
8 0 0.019974234628416479
1 -0.057187996180289247 0.0211009870628871 0.70701128428986115 0.70720226518783247 
1 0.059859206720005886 0.033747904980891974 -0.90701060228185904 -0.42110778590320475 
8 0 0.12734294783105632
1 0.057187996180260825 0.021100987062890653 -0.90701060228185904 -0.42110778590320475 
1 -0.055642197088587864 -0.019877201830631464 0.38126270292381098 -0.92446673891451059 
8 0 0.020010859894613424
1 0.053215614249211285 0.016110709059766748 0.38126270292381098 -0.92446673891451059 
1 -0.057187996180289247 0.0211009870628871 0.90701060228185904 -0.42110778590320475 
8 0 0.12734294783105632
1 -0.059859206720005886 0.033747904980895527 0.90701060228185904 -0.42110778590320475 
1 0.048012802557337864 -0.038376576220276348 0.38126270292381098 0.92446673891451059 
8 0 0.020010859894613424
1 -0.0609056411881852 -0.0023882217029935759 0.38126270292381098 0.92446673891451059 
1 0.068183144634360815 0.0082880666252655999 -0.99910731979022638 -0.042244094754064009 
8 0 0.12723455144576257
1 0.060845008780461285 -0.0023886653298816887 -0.99910731979022638 -0.042244094754064009 
1 -0.058937827045326685 0.0029131581779999749 -0.0061032622539552656 -0.99998137492148298 
8 0 0.020000830280706261
1 0.055405355955301161 -0.0055803316467475349 -0.0061032622539552656 -0.99998137492148298 
1 -0.0609056411881852 -0.0023882217029935759 0.9991090294626831 -0.04220364020005158 
8 0 0.1273565128929105
1 -0.068213487551176399 0.0082855921213074168 0.9991090294626831 -0.04220364020005158 
1 0.059029554441011101 -0.017089774089630083 0 1 
8 0 0.020000457763671875
1 -0.055313570012799573 -0.025577983975139773 -0 1 
1 0.06617351093117918 -0.018524549863869311 -0.9387351592109453 0.34463937798980743 
8 0 0.12730623197063545
1 0.055283285642801161 -0.025580789410419413 -0.9387351592109453 0.34463937798980743 
1 -0.05333332500632082 0.025350190736716627 -0.38645795898999413 -0.92230702368207518 
8 0 0.020057718215995377
1 0.04903498692095809 -0.026290845739929125 -0.38645795898999413 -0.92230702368207518 
1 -0.055313570012799573 -0.025577983975139773 0.9387351592109453 0.34463937798980743 
8 0 0.12730623197063545
1 -0.06617351093117918 -0.018524549863869311 0.9387351592109453 0.34463937798980743 
1 0.06108478985007082 0.0068508163470681893 -0.38645795898999413 0.92230702368207518 
8 0 0.020057718215995377
1 -0.04128352207720809 -0.044790220129577563 -0.38645795898999413 0.92230702368207518 
1 0.054020783053886134 -0.042398763675301154 -0.73549008800357951 0.6775354827966481 
8 0 0.12730005640408351
1 0.041283522077208104 -0.044790220129577576 -0.73549008800357951 0.6775354827966481 
1 -0.039607146633613866 0.043851541500480096 -0.70386715667312461 -0.7103316308294958 
8 0 0.020063458201533903
1 0.035275232654853994 -0.043013344878822579 -0.70386715667312461 -0.7103316308294958 
1 -0.04128352207720809 -0.044790220129577563 0.73549008800357951 0.6775354827966481 
8 0 0.12730005640408351
1 -0.054020783053886148 -0.042398763675301168 0.73549008800357951 0.6775354827966481 
1 0.053729155910957616 0.029599832516105096 -0.70386715667312461 0.7103316308294958 
8 0 0.020063458201533903
1 -0.021153223377481822 -0.057265053863194026 -0.70386715667312461 0.7103316308294958 
1 0.033768203345587722 -0.059878530903127114 -0.42153625691872371 0.90681154828495203 
8 0 0.12750761907301275
1 0.021153223377510251 -0.057265053863197593 -0.42153625691872371 0.90681154828495203 
1 -0.019980881127068528 0.055746850566599448 -0.92138128935280006 -0.3886599022674862 
8 0 0.019939174198072368
1 0.016022846892767006 -0.05320328437345978 -0.92138128935280006 -0.3886599022674862 
1 -0.021153223377481822 -0.057265053863194026 0.42153625691872371 0.90681154828495203 
8 0 0.12750761907301275
1 -0.033768203345587729 -0.059878530903134233 0.42153625691872371 0.90681154828495203 
1 0.038352463158318528 0.047997293071475156 -0.92138128935280006 0.3886599022674862 
8 0 0.019939174198072368
1 0.0023487351384829935 -0.060952841868580521 -0.92138128935280006 0.3886599022674862 
1 0.0082887508116016306 -0.068218112486647442 -0.042231012073222426 0.99910787286422253 
8 0 0.12736429653178397
1 -0.0023487351384829935 -0.060952841868576968 -0.042231012073222426 0.99910787286422253 
1 0.0023487351384829935 -0.060952841868580521 0.042231012073222426 0.99910787286422253 
8 0 0.12736429653178397
1 -0.0082887508116016306 -0.068218112486647442 0.042231012073222426 0.99910787286422253 
1 0.38488487675771205 0.097110493416998581 -0.98518626058328973 -0.1714877020602773 
8 0 0.75836488652135547
1 -0.090072192867157855 0.42059839229637197 0.26560763814902955 -0.96408121159832494 
1 -0.10174798685801506 0.35065657264647848 0.24489053161673308 -0.96955073488934762 
8 0 0.84668131375307876
1 0.048052302101707536 -0.41474038385868917 -0.16313634507486865 0.9866035338045438 
1 -0.29716228999641275 -0.13604185665995128 0.94624025899658071 0.32346463833637834 
8 0 0.72079702831222436
1 -0.32159400010519057 -0.073276632331026104 0.94786159612871224 0.31868227842842173 
1 0.31943758520886489 -0.068397137366561209 -0.95291387040856235 0.30324108491920027 
8 0 0.71106191787209416
1 0.29595212803523052 -0.12768801976165201 -0.95205409660951745 0.30592972580158928 
1 0.35945489807617087 -0.029464190380997162 -0.98726622812306042 0.15907669473453781 
8 0 0.7500228011463892
1 -0.092861198374893428 -0.31327769349338014 0.21574820230787542 0.9764490325669436 
1 -0.030307877700700581 -0.41233175425852586 0.11854849970736424 0.9929482631119978 
8 0 0.83731764305821521
1 -0.075543044055209549 -0.35414958493655851 0.1796506935887289 0.98373046526631924 
1 -0.075543044055209549 -0.35414958493655846 0.15125292220331801 -0.98849509534694069 
7 0 0  1 2 2  0.059758288816608017 0.085169154193743893  0.059764527555853639 0.19993071945384644 
 0 2 0.11698688632351907 2
1 -0.057848435639309928 -0.46979054828726713 0.13991219866413332 0.99016391403896775 
8 0 0.94866700817284788
1 0.074335066271344619 0.21678864993701852 -0.17857697745110029 -0.98392594392282862 
1 0.059713855507095549 -0.73218126687317842 5.4362618898277901e-05 0.99999999852235288 
1 -0.25064126592722857 -0.0072701347756201073 0.98094793318644391 -0.19427082224884956 
7 0 0  1 2 2  0.059764527555853639 0.19993071945384644  0.059770771663009932 0.31479102739356368 
 0 2 0.1170991447929047 2
1 0.059713855507095549 -0.73218126687317842 5.4362618898277901e-05 0.99999999852235288 
1 -0.09328991522307313 -0.26758156536626432 0.37717223655808457 0.9261431336298791 
8 0 0.57138099809452547
1 -0.17314411089325557 0.19994769348309527 0.40767369497468947 0.91312767914771031 
1 -0.1731441108932556 0.19994769348309524 0.24236490241671477 -0.97018516484047335 
8 0 0.96077428735940607
1 -0.085270222357391859 0.47138085981443439 0.19865901392813082 -0.98006866911717105 
1 0.02078997912913394 0.078199109726675431 -0.32013866462889101 -0.9473706958786674 
8 0 0.15147321144991369
1 0.027951339200839712 0.0672371925924935 -0.32013866462889101 -0.9473706958786674 
1 -0.02770245251149106 -0.065302172011605819 0.92458134094718425 -0.38098470306864901 
8 0 0.020010442476946024
1 0.033075656355407546 0.059039688604066498 0.92458134094718425 -0.38098470306864901 
1 -0.0092011707732098102 -0.072925844496957382 0.19465655562193812 0.98087146219747035 
8 0 0.15407212876299192
1 -0.11037433180494557 0.24791173257654719 1 -0 
1 0.027951339200839698 0.0672371925924935 -1 0 
8 0 0.019989013671875
1 0.0043242459652077514 -0.13861509821901663 -1 -0 
1 0.0079623255289646977 0.0672371925924935 -0.19482231031317365 -0.9808385531800009 
8 0 0.14630469130014537
1 -0.041421661371820767 0.23951908683990553 1 -0 
1 0.033075656355407546 0.059039688604066498 -0.55550641301103965 -0.83151225192633704 
8 0 0.14626843156929989
1 -0.041410236352546606 0.23952579168604871 1 -0 
1 0.049160449191461453 0.064274806015518493 -0.65851976174567739 -0.75256343479497878 
8 0 0.15148267264091494
1 0.051576938093688796 0.051416016118714936 -0.65851976174567739 -0.75256343479497878 
1 -0.050593884304632297 -0.049725514419051819 0.70720223940747506 -0.70701131007718143 
8 0 0.019979629424976695
1 0.053177239798046116 0.041880836898741336 0.70720223940747506 -0.70701131007718143 
1 -0.036464245632757297 -0.063851338393661194 0.55563098464136962 0.83142901615619724 
8 0 0.15410352768480856
1 -0.11039580709405523 0.24790595674834748 1 -0 
1 0.053177239798046116 0.041880836898741336 -0.83153234590661196 -0.55547633406928021 
8 0 0.14626948454371649
1 0.041599649088062018 -0.22915178120585722 -1 -0 
1 0.070011106347550367 0.040572205753694135 -0.89641323197507516 -0.4432192657590599 
8 0 0.15144516105585248
1 0.067306878469921116 0.027755012924131975 -0.89641323197507516 -0.4432192657590599 
1 -0.065746339941512133 -0.026551207332243365 0.38122911022229045 -0.92448059228905433 
8 0 0.02001262318819616
1 0.12757821234215783 0.021659263191036615 0.38122911022229045 -0.92448059228905433 
1 -0.058116945410262133 -0.045052489070524615 0.83143283721490413 0.55562526688477254 
8 0 0.15410511351344988
1 0.11039689171095687 -0.24790566504577072 -1 -0 
1 0.12757821234215783 0.021659263191036615 -0.99167645275541416 -0.12875485641496781 
8 0 0.27087032460021621
1 0.085251375957355352 -0.1938156948584151 -1 -0 
1 0.1428933475796299 0.013661389624395781 -0.99824781912550953 -0.059171712930792222 
8 0 0.27672999819773986
1 0.13520760687340783 0.0031579814527553651 -0.99824781912550953 -0.059171712930792222 
1 0.14359521495531169 -0.024066271203448508 -0.97971517483636295 0.20039505032648572 
8 0 0.28070316999976136
1 0.13277759062322048 -0.032295882827721563 -0.97971517483636295 0.20039505032648572 
1 -0.13141394031812581 0.032185254675457742 -0.26111484188332923 -0.96530774333796998 
8 0 0.020073137188083314
1 0.12509900086475056 -0.0461798603330692 -0.26111484188332923 -0.96530774333796998 
1 -0.13665533436109456 0.012808499914715554 0.99145443334408812 -0.13045346527537405 
8 0 0.28266609124046777
1 0.19524239640610924 -0.22734064921413477 -1 -0 
1 0.13277759062322048 -0.032295882827721556 -0.0061032622539552656 0.99998137492148298 
8 0 0.020000830280706261
1 -0.1332296992953701 -0.02271365615197141 -0.0061032622539552656 0.99998137492148298 
1 0.13265552031072048 -0.012295425064049681 -0.9914161348464251 0.13074420662566721 
8 0 0.27726710843123287
1 0.092159564571742625 -0.1410260103561356 -1 -0 
1 0.12509900086475056 -0.0461798603330692 -0.92396766591983548 0.38247059015648699 
8 0 0.27746700873820057
1 0.097433113413849914 -0.10207500577327266 -1 -0 
1 0.13245050358476362 -0.060420822457277978 -0.89451956972658431 0.44702879032134674 
8 0 0.28074192995842928
1 0.11985760682178187 -0.065556615093811416 -0.89451956972658431 0.44702879032134674 
1 -0.11867864680586138 0.065078902884518897 -0.50165080140144802 -0.86507021301931619 
8 0 0.019938443639531841
1 0.12560688659925745 -0.045668985895002123 -0.50165080140144802 -0.86507021301931619 
1 -0.12868078303633013 0.047830749197995459 0.92377011786114493 -0.38294747596348849 
8 0 0.28267994555366782
1 0.19525123192152249 -0.22733874085534467 -1 -0 
1 -0.1332296992953701 -0.022713656151971406 0.99143428403578959 0.13060650993898199 
8 0 0.27850867306201843
1 0.19258826753368119 -0.22791606899731676 -1 -0 
1 0.12560688659925745 -0.045668985895002123 -0.92610715060224558 0.37726058050555678 
8 0 0.27534314280172068
1 0.097838392327157103 -0.094541439456570231 -1 -0 
1 0.128842602422921 -0.057922951648286869 -0.89642808610344504 0.44318922194127719 
8 0 0.2733014739112361
1 0.1156047503687887 -0.062917139581525561 -0.89642808610344504 0.44318922194127719 
1 -0.075263630812330007 0.040574338461595971 0.84967056530488561 -0.52731388228879039 
8 0 0.1628564460905253
1 -0.065070157938222906 0.045537991949238688 0.84967056530488561 -0.52731388228879039 
1 0.063110697800951243 -0.045302126382154029 0.38642406742812196 0.92232122393031069 
8 0 0.020059477390579034
1 -0.123903979608329 0.044700034191556881 0.38642406742812196 0.92232122393031069 
1 0.070862162644701243 -0.026800844643872779 -0.90811890699359754 0.41871237235213599 
8 0 0.16091041859352179
1 0.049602159413112329 -0.13239501225014294 -1 -0 
1 -0.065070157938222906 0.045537991949238688 0 -1 
8 0 0.020000457763671875
1 0.029347594885251738 0.0058890009247711816 -0 -1 
1 -0.065070157938222906 0.025537534185566813 0.90290238324285321 -0.42984565408338843 
8 0 0.15325502643629946
1 0.10981533648371536 -0.24806217673442177 -1 -0 
1 -0.123903979608329 0.044700034191556881 0.92653726714842644 -0.37620299385454853 
8 0 0.27278620190758213
1 0.18892594383494576 -0.22871715711885088 -1 -0 
1 0.0043242459652077514 -0.13861509821901663 0.0061167034963641766 0.99998129279418901 
8 0 0.28688013784394578
1 -0.19792708499908107 0.22676298392290306 1 -0 
1 -0.0063343601220253731 -0.14533449334186344 0.07557856646418995 0.99713984991635862 
8 0 0.28769762951729139
1 -0.015664767706667252 -0.13861509821901663 0.07557856646418995 0.99713984991635862 
1 0.015409414292037127 0.14154027777630063 -0.70717420495545003 -0.70703935098806725 
8 0 0.028287616149966492
1 0.72490042670553123 0.0045810868814761853 -0.70717420495545003 -0.70703935098806725 
1 -0.0045948581689003731 0.12153982001262875 -0.0065179184201391016 -0.99997875814412607 
8 0 0.26687998238061356
1 -0.18463703942877685 0.22005272287969291 1 -0 
1 0.092159564571742611 -0.1410260103561356 0 1 
8 0 0.375
1 -0.094030493835595988 -0.27158977383035676 -0 1 
1 -0.10055914103561292 -0.21533802564033522 0.59452028393472722 0.80408061286799559 
8 0 0.4663711498557957
1 -0.18510754385949024 -0.1410260103561356 0.59452028393472722 0.80408061286799559 
1 0.17670796739561995 0.15966197435966478 -0.95289811765059229 -0.30329058240894691 
8 0 0.29097245896008883
1 0.14086828777617635 -0.020763724397359642 -0.95211018920124635 -0.30575511053646692 
1 -0.10055914103561292 0.071412767816696032 0 -1 
8 0 0.28675079345703125
1 0.097433113413849928 0.18467578768375859 -0 -1 
1 -0.099313014181751105 -0.1803212338262199 0.69537773667730618 0.71864442065151179 
8 0 0.3990162383742818
1 -0.18003389532435066 -0.10207500577327266 0.69537773667730618 0.71864442065151179 
1 0.17815399455644948 0.10642955963081135 -0.99790203117181631 -0.064742074288389351 
8 0 0.27805034970454628
1 0.089461190491517267 -0.089906633978927855 -0.9976435917916302 -0.068609501944667001 
1 -0.099313014181751105 0.08842800323432698 0 -1 
8 0 0.26874923706054688
1 0.097838392327157159 0.17420779760397664 -0 -1 
1 -0.041421661371820795 0.23951908683990553 -0 -1 
8 0 0.54249954223632812
1 0.08224294295183672 0.22005272287969291 -0 -1 
1 0.041421661371813821 0.30298045539641549 -0.260383536798097 -0.96550526345769561 
8 0 0.56188149642345087
1 0.10488302992832463 0.23951908683990553 -0.260383536798097 -0.96550526345769561 
1 -0.10488302992833157 -0.23951908683991263 1 0 
8 0 0.14630469130014537
1 0.095589026632723062 0.026227427538536574 -0.19482231031317365 -0.9808385531800009 
1 0.041421661371813821 -0.23951908683991263 0 1 
8 0 0.54249954223632812
1 -0.041410236352546606 -0.30297375055027942 0 1 
1 0.042159991797893689 0.29807173779148144 -0.26032337787094884 -0.96552148548536154 
8 0 0.56187205607715407
1 0.10485819521675328 0.23952579168604871 -0.26032337787094878 -0.96552148548536154 
1 -0.1041084397714062 -0.24442780444484669 0.98973014605610998 0.14294837525397575 
8 0 0.14778617399111496
1 0.01124260019061088 -0.090126678966597693 -0.83460267070865923 0.55085241403299057 
1 0.042159991797893689 -0.22330201098781544 0 1 
8 0 0.52137374877929688
1 0.041599649088062025 0.29222196757343966 -0 -1 
1 -0.042877216196605596 -0.28481809788110013 0.27011765807648463 0.96282732137973492 
8 0 0.54150286058788455
1 -0.1046698354556545 -0.22915178120585722 0.27011765807648463 0.96282732137973492 
1 0.1033922683471109 0.23655565089819675 -0.97494275896164528 -0.22245587595803157 
8 0 0.15002879215134599
1 -0.00038955203868550059 -0.080896993148068141 -0.5835544729290838 0.81207399732072394 
1 -0.042877216196605596 0.20318086452124362 0 -1 
8 0 0.48799896240234375
1 0.08525137595735538 0.29418326754392865 -0 -1 
1 0.049602159413112322 -0.13239501225014294 0 1 
8 0 0.32649612426757812
1 -0.092386744991849359 -0.19014211361397315 -0 1 
1 -0.044849941620727238 -0.23545905275121015 0.44206845942434075 0.89698131373077672 
8 0 0.3639943433265031
1 -0.11130825918040946 -0.13239501225014294 0.44206845942434075 0.89698131373077672 
1 0.11606047697279455 0.091037071516367973 -0.79328210249571129 0.60885425666573434 
8 0 0.20284135755400043
1 0.1257144808094737 -0.17718632419781949 -0.67833671346934488 -0.73475118452412724 
1 -0.044849941620727238 0.21453789549097735 0 -1 
8 0 0.4499969482421875
1 0.018060843928508482 0.24056089677917925 -0 -1 
1 0.097838392327157159 0.17420779760397664 -0.71562372273837815 -0.69848599660556188 
8 0 0.38475966356747271
1 0.18295639780987139 0.078607123446573723 -0.71562372273837815 -0.69848599660556188 
1 0.18295639780987136 0.078607123446573723 -0.97870720545235212 0.20526131149256477 
8 0 0.28133351963466841
1 0.1384222084256867 -0.01021415906283285 -0.34842681455127811 -0.93733598826762721 
1 -0.094030493835595988 -0.27158977383035676 0.48531402112116029 0.87433992297230145 
8 0 0.55813414163155317
1 -0.18561894864286088 -0.19381569485841516 0.48531402112116029 0.87433992297230145 
1 0.17683983076462026 0.21640918857198699 -0.92291192870345051 -0.38501113212071852 
8 0 0.2934953121483081
1 -0.020685424629034027 0.16559650408805385 0.39584111526307736 -0.91831901399637972 
1 0.18463703942878043 -0.22005272287969291 -0.44142211177012053 0.89729957051165876 
8 0 0.60459133166305168
1 0.082242942951836734 -0.32244681935663522 -0.44142211177012053 0.89729957051165876 
1 -0.082242942951833167 0.32244681935663522 -0 -1 
8 0 0.54249954223632812
1 -0.60610827545881885 -0.16042370884166246 -0 1 
1 -0.082242942951833167 -0.22005272287969291 1 0 
8 0 0.26687998238061356
1 0.10261721983285099 0.12861870388961449 -0.0065179184201391016 -0.99997875814412607 
1 0.089461190491517212 -0.089906633978927855 0.10650238868384647 0.99431244646973771 
8 0 0.2725764297413078
1 -0.043136003606490975 -0.15918085204145094 0.048142918202248926 0.99884045744401617 
1 -0.22399820608139301 -0.0067469982167532522 0.99566332892396925 -0.093029755648608298 
8 0 0.42196702113945972
1 -0.18793395908664512 -0.10898352998769725 0.7261827941365423 0.68750167236163451 
1 0.14848260022593054 0.060926934412485818 -0.98389307711099738 -0.17875797272584254 
8 0 0.378578541685686
1 -0.13406873745548353 0.25259831521806164 0.71977388012499988 -0.6942085864420019 
1 -0.13406873745548351 0.25259831521806164 0.31454188751965162 -0.94924359412933357 
8 0 0.55466953919599371
1 -0.069241313840383345 0.3420925371515896 0.35148098259091337 -0.93619502181806435 
1 -0.043136003606490982 -0.15918085204145094 0.43143757834311952 0.90214279135479691 
8 0 0.30179298485819128
1 -0.13616955517666574 -0.10973004074976922 0.51975189437599256 0.85431725271854786 
1 0.14086828777617633 -0.02076372439735966 -0.57984960361582627 0.81472353420443755 
8 0 0.20726127363714861
1 0.040764566742688441 -0.10425743655843646 -0.58224642119502978 0.81301236460805459 
1 0.040764566742688441 -0.10425743655843646 -0.02174900297483201 0.99976346245979641 
8 0 0.16854584559114288
1 0.095492087056237254 -0.10392582157654015 -1 -7.2324163994600949e-19 
1 -0.010866874647285571 -0.13678849214507321 0.13050443217433325 0.9914477258952461 
8 0 0.27456279141159734
1 -0.073053758534905616 -0.10392582157654015 0.19073354272307844 0.98164184694841916 
1 0.024964786542084842 0.13542616301540575 -0.29870543444751896 -0.95434535857388603 
8 0 0.16326110656781079
1 -0.036573995474035517 -0.075148713908580009 0.18588089909726702 0.98257228301575439 
1 -0.036573995474035517 -0.075148713908579995 0.83291172323279195 0.55340587393104279 
8 0 0.10628475909049534
1 0.027400459133088723 -0.085970886606266991 -0.70759481235907018 0.70661841295180838 
1 0.027400459133088719 -0.085970886606266977 -0.098925183503192737 0.99509487390341811 
8 0 0.17789857111207841
1 -0.087939524766751251 0.040937487807475442 0.99881896803142411 -0.048586717327281592 
1 -0.00038955203868548698 -0.080896993148068169 0.62294768100394304 0.78226350210898232 
8 0 0.14469673334219338
1 0.063418988553146913 -0.094836356116789672 -0.7942314697529248 0.6076153161780149 
1 -0.12716640549618319 0.078603220995567824 0.70415525834947623 -0.71004603522502863 
8 0 0.27586531784975737
1 -0.083619733277899427 0.10848436120664579 0.70415525834947623 -0.71004603522502863 
1 0.095589026632723062 0.026227427538536574 -0.97345344847270254 0.22888508832294766 
8 0 0.22883008168330787
1 0.15227108047038485 -0.062785276381891464 -0.97345344847270254 0.22888508832294766 
1 -0.06073917907868065 -0.0063914322503855203 0.90409403792592957 -0.42733355892883956 
8 0 0.18955048122436308
1 0.091547164744377338 0.081572365422756934 -0.42365793025190601 -0.90582225526571769 
1 0.091547164744377352 0.081572365422756976 -0.91417643466729781 -0.40531647671787036 
8 0 0.22276586043773958
1 -0.028917104285731327 0.1078917241676557 0.41449840050641462 -0.91005004037010195 
1 0.15227108047038485 -0.062785276381891464 -0.88730976415118101 0.46117391778154099 
8 0 0.32444131179267277
1 0.10087771787972599 -0.13825560946487769 -0.88730976415118101 0.46117391778154099 
1 0.10261721983285099 0.12861870388961449 -0.92692062704724631 -0.37525744650085202 
8 0 0.31245333996221342
1 0.19557726800550773 0.046841338088235332 -0.92692062704724631 -0.37525744650085202 
1 0.19557726800550768 0.046841338088235318 -0.99104534917521669 -0.13352571242338646 
8 0 0.39036693750956314
1 0.25109823602589643 0.022104941518325205 -0.99104534917521669 -0.13352571242338646 
1 0.25109823602589643 0.022104941518325205 -0.99829054881971935 -0.058446386862008461 
8 0 0.50259866984249479
1 0.061448188584175542 0.71922207966768559 0.025640493022410157 -0.9996712285134387 
1 -0.087423694834358537 0.33515935078586523 0 -1 
8 0 0.5625
1 0.08592040552835177 0.22791606899732386 0 -1 
1 -0.19524239640609514 0.22734064921412767 0.44901224771014919 -0.89352560198702735 
8 0 0.62952868809702744
1 -0.087423694834358495 0.33515935078586523 0.44901224771014919 -0.89352560198702735 
1 0.087423694834372623 -0.33515935078587233 0 1 
8 0 0.5625
1 -0.087428713632145341 -0.22733874085534467 -0 1 
1 0.087423694834372623 0.22734064921412767 -1 0 
8 0 0.28266609124046777
1 -0.073731808939199867 -0.1466775915709212 -0.019288254383962034 0.99981396431677216 
1 -0.19525123192147631 0.22733874085535177 0.44902981792368107 -0.89351677243095218 
8 0 0.62953490897505004
1 -0.087428713632145383 0.33516125914465533 0.44902981792368107 -0.89351677243095218 
1 0.087428713632191526 -0.33516125914464823 0 1 
8 0 0.5625
1 -0.083860258072636376 -0.22871715711885088 -0 1 
1 0.087428713632191526 0.22733874085535177 -1 0 
8 0 0.28267994555366782
1 0.23144960286716196 -0.08835377810012153 -1 -3.4225584601962429e-17 
1 0.043697796958046355 -0.31458826742345281 0 1 
8 0 0.5625
1 -0.088953052844864697 -0.22676298392288885 -0 1 
1 0.11037433180494559 -0.24791173257654719 -0.26417540093577724 0.96447465365369844 
8 0 0.58321905906919735
1 0.043697796958046362 -0.31458826742345281 -0.26417540093577724 0.96447465365369844 
1 -0.043697796958046355 0.31458826742345281 0 -1 
8 0 0.5625
1 0.043707720590753327 0.24790595674834748 -0 -1 
1 -0.043697796958046355 -0.24791173257654719 1 0 
8 0 0.15407212876299192
1 0.11845724818974515 0.035568354689574436 0.12592698881465314 -0.99203951205991514 
1 0.11039580709406116 -0.24790595674834748 -0.26422547990713291 0.96446093532493349 
8 0 0.58322735467817566
1 0.043707720590753341 -0.31459404325165252 -0.26422547990713291 0.96446093532493349 
1 -0.043707720590747415 0.31459404325165252 0 -1 
8 0 0.5625
1 -0.043708221802493001 -0.24790566504577072 -0 1 
1 -0.043707720590747415 -0.24790595674834748 1 0 
8 0 0.15410352768480856
1 0.10261305801590095 0.044705404071662971 0.34317553762449982 -0.939271286890074 
1 -0.11039689171094112 0.24790566504577782 0.2642280091305102 -0.96446024241071082 
8 0 0.58322777369651502
1 -0.043708221802493022 0.31459433495422939 0.2642280091305102 -0.96446024241071082 
1 0.043708221802508766 -0.31459433495422218 -0 1 
8 0 0.5625
1 -0.085920405528337226 -0.22791606899731676 -0 1 
1 0.043708221802508766 0.24790566504577782 -1 0 
8 0 0.15410511351344988
1 0.00083830423840219881 -0.10116901926180985 -1 6.7223199868562635e-17 
1 -0.043439689952584105 0.31443782326557823 0 -1 
8 0 0.5625
1 0.083860258072636376 0.22871715711885088 -0 -1 
1 -0.10981533648373126 0.24806217673441466 0.26287143231378352 -0.96483087122733591 
8 0 0.58300373337397327
1 -0.04343968995258414 0.31443782326557834 0.26287143231378352 -0.96483087122733591 
1 0.043439689952568222 -0.31443782326558534 0 1 
8 0 0.4499969482421875
1 -0.018060843928494271 -0.24056089677917214 -0 1 
1 0.043439689952568222 -0.31443782326558534 0 1 
1 0.043439689952568222 -0.31443782326558534 0 1 
1 0.043439689952568222 0.24806217673441466 -1 0 
8 0 0.15325502643629946
1 0.075315267464048929 0.028286070944854913 -0.90290238324285321 -0.42984565408338843 
1 -0.19258826753366665 0.22791606899732386 0.4437162275082403 -0.89616734455449543 
8 0 0.62767294905130833
1 -0.08592040552833724 0.33458393100268335 0.4437162275082403 -0.89616734455449543 
1 0.08592040552835177 0.22791606899732386 -1 0 
8 0 0.27850867306201843
1 0.10334532242515213 -0.078663558062981545 -1 -3.0851808088734845e-18 
1 -0.18892594383494576 0.22871715711885088 0.43634982671488243 -0.89977709946735818 
8 0 0.62515483038297337
1 -0.08386025807263639 0.33378284288114923 0.43634982671488243 -0.89977709946735818 
1 0.083860258072636376 0.22871715711885088 -1 0 
8 0 0.27278620190758213
1 -0.051231561369438107 -0.31075313111605701 -0.15354991332010715 0.98814089284847817 
1 0.1979270849990811 -0.22676298392288885 -0.45433254005873636 0.89083216322929026 
8 0 0.631432073535516
1 0.088953052844864683 -0.33573701607709694 -0.45433254005873636 0.89083216322929026 
1 -0.088953052844864697 -0.22676298392288885 1 0 
8 0 0.28688013784394578
1 0.11293089917903823 0.078230023644220131 0.0040917790069130199 -0.99999162863723945 
1 0.105729019334197 0.30047260624692662 -0.50299642123487132 -0.86428849363213889 
8 0 0.39532463844035015
1 0.083872062062226971 0.12391725876127349 -0.40809925291297561 -0.91293756619599753 
1 -0.29537385266694532 -0.088554728064816068 0.97681790511906152 0.21407190436581905 
8 0 0.63105746640836546
1 0.10572901933419698 0.30047260624692657 -0.24872628731733262 -0.96857381442889312 
1 0.32105437967981681 0.046536945533491594 -0.99857691155799411 -0.053330588814472113 
8 0 0.55586742349241869
1 0.27070049540371499 0.0065788419603593287 -0.99868478519572379 -0.051270847648260343 
1 0.041151880387725798 0.23812302190660606 -0.24221539061443359 -0.97022250259901588 
8 0 0.48969434861349348
1 -0.19453362838025512 0.1531805709270993 0.86989615553770183 -0.49323491216734322 
1 -0.19453362838025506 0.15318057092709925 0.51025510801921359 -0.86002309546912792 
8 0 0.28084635203368336
1 0.15569894095607373 0.015298346312210137 -0.8169262240150329 -0.57674218201596839 
1 0.15569894095607376 0.01529834631221017 -0.88953311044325156 0.45687070974746691 
8 0 0.26405187464219126
1 0.085919950918368154 0.092858858112379788 -0.48144135807170135 -0.87647830477318489 
1 -0.036067985335788783 0.092858858112379802 -0.0221931647801757 -0.99975370138701669 
8 0 0.23149275580323936
1 0.099916791929908627 0.15280380717026554 0.014810530391532425 -0.99989031807969886 
1 0.099916791929908627 0.15280380717026557 -0.76515655912456837 -0.64384426690671936 
8 0 0.35950831145131906
1 0.1466156688800912 0.09832538454579734 -0.75868897377938538 -0.65145302291537732 
1 0.024762403062559758 0.098325384545797381 -0.5416279083782829 -0.84061834911317901 
8 0 0.27860773739383632
1 0.1234269616997891 0.14901949445840001 -0.4400044973916038 -0.89799556918459367 
1 0.1234269616997891 0.14901949445840001 -0.74174042361880987 -0.67068706858697424 
8 0 0.37303315575670087
1 0.14911796142318134 0.10576610914066339 -0.74173740286556911 -0.67069040934714486 
1 0.02718367478521104 0.10576610914066452 -0.52605718547586577 -0.85044919754751414 
8 0 0.29418542654400115
1 -0.19153548101632759 0.049363963514390118 0.99987461135581746 -0.015835452821217039 
1 0.18860816020854751 -0.055541913761825559 -0.91849024632436227 0.39544363366605395 
8 0 0.37782721139822945
1 0.15549761897896711 -0.10003961469114726 -0.91849684068816906 0.39542831669703693 
1 -0.11657567375767156 -0.020659544944861833 0.99353112405310096 -0.11356014062064961 
8 0 0.30717088431132827
1 -0.18712217233078063 0.066796065507741947 0.99481896275953852 -0.10166233980209261 
1 -0.18712217233078063 0.066796065507741947 0.87011714204858803 -0.4928449645813554 
8 0 0.37349138874655763
1 -0.1422391710014172 0.11083905467605207 0.87007454568799225 -0.49292016082306261 
1 -0.12681109649699079 -0.010041120888589409 0.97977279932553707 -0.20011312226288619 
8 0 0.31592760698265299
1 -0.19675268466596296 0.14073066964649572 0.9802359053161358 -0.197832176172269 
1 -0.19675268466596293 0.14073066964649569 0.66472077286751297 -0.74709189134832432 
8 0 0.46765115016570891
1 0.13002262499879477 -0.18618399435665872 -0.65792925387064116 0.75307974139610301 
1 0.14843234692447904 -0.065598875980723934 -0.81530176370600804 0.57903629773777809 
8 0 0.39996368061769877
1 0.12141435602825143 -0.1356592894563485 -0.79466598515708875 0.60704692737408172 
1 0.17964320314907234 -0.028526784805999697 -0.94066374437239053 0.33934012439337907 
8 0 0.39978832144407844
1 0.12040606924038572 0.10882213045397232 -0.59265153904883139 -0.80545897056464122 
1 0.064860312355187494 0.21736880568775468 -0.38824077059414885 -0.92155797649874505 
8 0 0.46720854905267262
1 -0.10566772587839675 -0.14626297296737883 0.48776260643238956 0.87297631111404284 
1 -0.60610827545881885 -0.16042370884166246 1 0 
8 0 1.4338686754706571
1 0.7218994260261411 -0.0054757741446564978 -0.99999981360389789 0.00061056708849125936 
1 -0.79594046937903373 0.20123941811121426 0.93529605080938027 -0.35386621390064515 
8 0 1.533063968600985
1 -0.60610827545881885 0.38207583339466566 0.93529605080938027 -0.35386621390064515 
1 0.63792820609162337 -0.34126012412511386 0 1 
8 0 0.36874771118164062
1 -0.018407192756726875 -0.19971737060870254 -0 1 
1 0.63792820609162337 0.027487587056526763 -0.99273795251800889 0.12029695603111411 
8 0 1.4443576694471605
1 -0.095075020655740791 -0.7166294315478966 0.10836873203285365 0.99411076742865623 
1 0.7218994260261411 -0.0054757741446564978 -0.99989403216235573 0.014557625015985133 
8 0 1.4340203682406854
1 0.70489615424459373 -0.015419370882195693 -0.99989403216235573 0.014557625015985133 
1 -0.7119689821769839 0.015400156641476315 0 -1 
8 0 0.020000457763671875
1 0.029479701989131968 0.014596802475310255 -0 -1 
1 0.27070049540371494 0.0065788419603593227 -0.0080401125940565508 0.99996767777237439 
8 0 0.028502622612163037
1 -0.063059061149232321 -0.037589936135223212 -0.0088332229267846819 0.99996098632532948 
1 -0.2554896269962561 -0.058206864535559219 0.99472852272759904 0.10254348381134946 
8 0 0.55782716173873781
1 -0.28443584302411162 -0.021920952022151483 0.99476542591286266 0.10218486878398884 
1 0.29939696153744499 -0.0010053240062714065 -0.99315670795999555 0.11678935496895369 
8 0 0.53703320625575768
1 0.15605986917131676 -0.16637105634228636 -0.9930710034184056 0.11751588049945152 
1 0.075315267464048929 0.028286070944854913 -0.96552463106160658 -0.26031171086477961 
8 0 0.14357593185415823
1 0.052369921576541856 -0.024583196107034411 -0.96552463106160658 -0.26031171086477961 
1 0.28187079495270922 0.24901662377484135 -0.88193842473239648 -0.47136463059985662 
8 0 0.74735719898676234
1 0.36162182163566714 0.15642860693594915 -0.88386607399073502 -0.46774005948625419 
1 0.15605986917131678 -0.16637105634228636 0.28987206454627362 0.95706540330098699 
8 0 0.43402225039629044
1 -0.089362081545218075 -0.19779800668717584 0.31881851330648719 0.94781578145388634 
1 0.056057165388693014 -0.30486635398614176 -0.14188746464617416 0.98988279476727992 
8 0 0.63912788702492007
1 -0.35200730348469794 0.028915466499649711 0.99996782212330149 0.0080221392397275253 
1 0.0081771432915799299 -0.30486635398614176 1 -5.2627656501624999e-18 
8 0 0.047880022097113083
1 -0.032118493369123563 0.025481556981103107 1 -1.9269001754733925e-19 
1 -0.352007303484698 0.028915466499649711 0.98654362320835454 -0.16349825536357385 
8 0 0.67077389721040359
1 -0.011880259029367228 -0.32622425193110338 -0.085514739094004227 0.99633690556843491 
1 -0.089362081545218075 -0.19779800668717584 0.67901856975968555 0.73412109486208821 
8 0 0.2041565647930281
1 -0.086256177056270672 -0.061957692566995376 0.67901856975968555 0.73412109486208821 
1 0.049264017087594425 -0.047922365818035217 -0.00096280042902259565 0.99999953650755957 
8 0 0.26149761876076327
1 0.00012621474277807471 -0.13143730147701055 -0.00096280042902259565 0.99999953650755957 
1 0.0001227886330887884 0.011277970729160813 -0.96584223881361386 -0.25913079655553539 
8 0 0.058369267023657564
1 0.038205351202193767 -0.02447013134611483 -1 -5.7217772746710817e-21 
1 -0.056252714906950274 -0.0038473039290423117 1 0 
8 0 0.11250114440917969
1 0.052369921576541856 0.087917948302145277 -0 -1 
1 0.00012621474277807465 -0.13143730147701049 -0.00095775666771871716 0.99999954135097757 
8 0 0.26287472383871952
1 0.0037991546193086637 0.13107604864880534 3.411217398327218e-06 -0.99999999999418188 
1 0.0037991546193086637 0.13107604864880532 -0.25967822488474479 -0.96569520011270016 
8 0 0.058245849179656924
1 0.038133565441376832 -0.024480839367995617 -1 7.7582354342288912e-20 
1 -0.074129652149527839 -0.069914398267272304 0.99733153719931333 0.073005512857968524 
8 0 0.20717989732678396
1 0.0038000513421401986 -0.13179867518838467 -0.073009378032710959 0.99733125425771985 
1 0.13249739332818949 -0.054789123609069179 -0.76788210029370207 0.6405911957313597 
8 0 0.26908694107947823
1 0.1491878405379457 -0.018804298198802111 -0.99999956226138209 -0.0009356693028970336 
1 -0.029479701989131968 -0.014596802475306703 0.9558519809626056 0.29384858429106442 
8 0 0.070614754964460708
1 -0.038017551428836782 -0.0061532433010569355 0.9558519809626056 0.29384858429106442 
1 -0.038017551428836782 -0.0061532433010569321 0.99993834008827953 0.011104774716138065 
8 0 0.067501415549292523
1 0.018407192756741089 -0.16903034057292388 -1 -0 
1 0.018407192756741086 0.19971737060871675 -0.18006376404496938 -0.98365493994487607 
8 0 0.37487506665935644
1 0.049094222792565645 0.16903034057293814 -0.18006376404496938 -0.98365493994487607 
1 0.049094222792565645 0.16903034057293809 -1 0 
8 0 0.067501415549292523
1 0.11221860718789316 0.019092085266100699 0.0085772874726138607 -0.99996321439321567 
1 -0.14186197618129912 0.019092085266100709 0.96662156324738779 -0.25620841802168831 
8 0 0.26345321902361885
1 -0.11277439903381914 0.048352607594870825 0.96662283013447792 -0.25620363827005338 
1 -0.11277439903381914 0.048352607594870811 0.0042972441047855626 -0.99999076680392607 
8 0 0.067246522542681611
1 0.015560830295439993 0.041774728886151344 0.0053703206387465145 -0.99998557972414648 
1 0.032118493369115785 -0.025481556981117308 -0.58078880556608348 0.81405427541971798 
8 0 0.082606854456456921
1 0.01585864296221335 -0.041764906068150032 -0.58078880556608348 0.81405427541971798 
1 -0.015858642962221125 0.041764906068135835 0.0014441522802930867 -0.99999895721155208 
8 0 0.067246533173161108
1 -0.015634766626864898 -0.041776010852431232 -0.0039510398599807298 0.99999219461155053 
1 0.015858642962213343 -0.041764906068150039 -0.0014441522802930869 0.99999895721155208 
8 0 0.067246533173161108
1 -0.018060843928508478 0.20943605146301536 1 0 
1 -0.015634766626864898 -0.041776010852431225 0.57807802892576621 0.81598149027615896 
8 0 0.08241119325524067
1 -0.03200533353153498 -0.025469997435388178 0.57807802892576621 0.81598149027615896 
1 0.015900460359887621 -0.025469997435388157 -0.0039510398599807298 0.99999219461155053 
8 0 0.067246533173161108
1 -0.015561092309461148 -0.041775160347875845 -0.0053977491249844597 0.99998543204607937 
1 -0.015561092309461148 -0.041775160347875845 0.57707019461263331 0.81669455152445936 
8 0 0.08233868268527389
1 -0.031954107331874287 -0.025470393180874476 0.57707019461263331 0.81669455152445936 
1 0.015924072225058251 -0.025470393180874466 -0.0053977491249844597 0.99998543204607937 
8 0 0.067246533173161108
1 -0.015560366506498675 -0.041774966556791408 -0.0053977342536301225 0.99998543212635227 
1 -0.015560366506498674 -0.041774966556791415 0.57705527681538726 0.81670509212292586 
8 0 0.082337620008424248
1 -0.031952528808465386 -0.025470823943124998 0.57705528893164659 0.81670508356200022 
1 0.018060843928508482 0.24056089677917925 -0.14779659532811493 -0.98901777861139462 
8 0 0.45499379078300733
1 0.049185689244652636 0.20943605146301542 -0.14779659532811493 -0.98901777861139462 
1 -0.049185689244652629 -0.20943605146300825 1 0 
8 0 0.067246533173161108
1 -0.037897888513185762 0.0055132532441071191 0.9999843891621758 0.0055876141554614426 
1 -0.037897888513185762 0.0055132532441071191 0.9599560746140029 -0.28015055740025746 
8 0 0.070050583747258255
1 -0.029347594885280159 0.014111456838897144 0.9599560746140029 -0.28015055740025746 
1 -0.029347594885280159 -0.0058890009247747344 0.9999843891621758 0.0055876141554614426 
8 0 0.067246533173161108
1 0.018060843928494268 -0.20943605146300825 -1 -0 
1 0.038133565441376839 -0.024480839367995617 -0.65238683393060859 0.75788615168374507 
8 0 0.088727777018780554
1 0.019750804538518844 -0.04276492459415715 -0.6523868246033484 0.7578861597126314 
1 0.019750804538518837 -0.042764924594157157 0.0053959420332805614 0.9999854417988161 
8 0 0.067246533173161108
1 -0.020163915821463794 -0.024470131346114823 0.0053967537655375195 0.99998543741836265 
1 0.038205351202193774 -0.02447013134611483 -0.65317245776509381 0.75720917877235661 
8 0 0.088807103473118751
1 0.019831103394806725 -0.042761750810098614 -0.65317296311871753 0.7572087428514771 
1 0.019831103394806718 -0.042761750810098621 0.0036155944358292279 0.99999346371707631 
8 0 0.067245954715746792
1 -0.020014777870855191 -0.024493519061839497 0.0026475428243955233 0.9999964952523549 
1 -0.038143490130528236 0.024493671699188414 0.65300505667037556 -0.75735354753438622 
8 0 0.088790388199278827
1 -0.019836741325977882 0.042752199973805853 0.65300501035226988 -0.75735358747076109 
1 0.019837082347326479 -0.042752043790490711 0.0026274250346628551 0.99999654831288665 
8 0 0.067245947601649883
1 0.020002209164943816 0.024491397934178309 -0.00095726402277250262 -0.99999954182269046 
1 0.0382264195991424 -0.024487902387986187 -0.65412974875542129 0.75638235819800137 
8 0 0.088905381878105538
1 0.019937837038627518 -0.042754518856904206 -0.65413684498960445 0.75637622121999992 
1 -0.019929235511787553 0.04275856001346913 -0.0014508074113748477 -0.99999894757837393 
8 0 0.067246533173161108
1 -0.018060843928494268 0.20943605146301536 1 -0 
1 0.018060843928494271 0.24056089677917925 -0.14779659532811493 -0.98901777861139462 
8 0 0.45499379078300733
1 0.049185689244666847 0.20943605146301542 -0.14779659532811493 -0.98901777861139462 
Curves 1066
1 -16.267997741699219 39.624996185302734 -117.31748962402344 -0.76788153026279293 -0.64059119573135959 0.00093564562635868142 
1 -16.474624633789062 39.452621459960938 -117.31723785400391 0.99733079683851777 -0.073005512857968524 -0.0012152241736761468 
1 -16.267997741699219 39.437496185302734 -117.31748962402344 0 1 0 
1 -16.474624633789062 39.452621459960938 -117.31723785400391 -0.96569475720315923 -0.25967987197765524 0 
1 -16.267997741699219 39.437496185302734 -117.31748962402344 -0.99999954135097746 0 0.00095775666771871705 
1 -16.618247985839844 13.474997520446777 -118.56223297119141 -0.95563327084905647 0 0.29455908006091724 
1 -16.732997894287109 13.474997520446777 -118.52686309814453 -0.38169754982259407 0 -0.92428728242869829 
1 -16.737749099731445 13.474997520446777 -118.53836822509766 0.98063662127083506 0 -0.19583619946915054 
1 -16.618247985839844 13.474997520446777 -118.56223297119141 0 0 1 
1 -16.618247985839844 13.474997520446777 -118.54974365234375 -0.98069461599960472 0 0.19554557051845448 
1 -16.732997894287109 13.474997520446777 -118.52686309814453 -0.83170927072986345 0 0.55521139125741892 
1 -16.737749099731445 13.474997520446777 -118.53836822509766 -0.77098988301330906 0 0.63684739168118143 
1 -16.830371856689453 13.474997520446777 -118.46186065673828 -0.70710678118654757 0 -0.70710678118654757 
1 -16.839122772216797 13.474997520446777 -118.47061157226562 0.83139030929502611 0 -0.55568890002439386 
1 -16.830371856689453 13.474997520446777 -118.46186065673828 -0.55520012167668642 0 0.83171679368051277 
1 -16.839122772216797 13.474997520446777 -118.47061157226562 -0.46831595234010565 0 0.88356107246968496 
1 -16.89537239074707 13.474997520446777 -118.36448669433594 -0.92440482172154037 0 -0.38141280206354766 
1 -16.90687370300293 13.474997520446777 -118.36923217773438 0.55563478209611583 0 -0.83142647836414363 
1 -16.89537239074707 13.474997520446777 -118.36448669433594 -0.19530495413974444 0 0.98074256300441676 
1 -16.90687370300293 13.474997520446777 -118.36923217773438 -0.09465851745938586 0 0.99550980159533897 
1 -16.918247222900391 13.474997520446777 -118.24961853027344 -0.99995232551391466 0 -0.0097645634471911092 
1 -16.930747985839844 13.474997520446777 -118.24974060058594 0.19592649139715712 0 -0.98061858536782776 
1 -16.918247222900391 13.474997520446777 -118.24961853027344 0.19549228661279922 0 0.98070523903714268 
1 -16.930747985839844 13.474997520446777 -118.24974060058594 0.29430773856551512 0 0.95571070676248704 
1 -16.89537239074707 13.474997520446777 -118.13486480712891 -0.92418852055132938 0 0.38193661579003529 
1 -16.90687370300293 13.474997520446777 -118.13011169433594 -0.19571019536860559 0 -0.98066177626579398 
1 -16.89537239074707 13.474997520446777 -118.13486480712891 0.55517003117486796 0 0.83173687935866836 
1 -16.90687370300293 13.474997520446777 -118.13011169433594 0.63679569142406856 0 0.77103258516339146 
1 -16.830371856689453 13.474997520446777 -118.03748321533203 -0.70710678118654757 0 0.70710678118654757 
1 -16.839122772216797 13.474997520446777 -118.02873229980469 -0.55563478209611583 0 -0.83142647836414363 
1 -16.830371856689453 13.474997520446777 -118.03748321533203 0.83176945386939549 0 0.55512122604869629 
1 -16.839122772216797 13.474997520446777 -118.02873229980469 0.88360706691466562 0 0.4682291653650611 
1 -16.732997894287109 13.474997520446777 -117.97249603271484 -0.37805363634629113 0 0.92578369398329019 
1 -16.737749099731445 13.474997520446777 -117.96086120605469 -0.83095667410752405 0 -0.55633713318109723 
1 -16.732997894287109 13.474997520446777 -117.97249603271484 0.98069461599960472 0 0.19554557051845448 
1 -16.737749099731445 13.474997520446777 -117.96086120605469 0.99560125979156344 0 0.093691683203215456 
1 -16.618247985839844 13.474997520446777 -117.94961547851562 0 0 1 
1 -16.618247985839844 13.474997520446777 -117.93711090087891 -0.98081658937861982 0 -0.19493285510578223 
1 -16.618247985839844 13.474997520446777 -117.94961547851562 0.98073568976429526 0 -0.19533946560424528 
1 -16.618247985839844 13.474997520446777 -117.93711090087891 0.95568838803294209 0 -0.29438020480153987 
1 -16.503372192382812 13.474997520446777 -117.97249603271484 0.38156663232426552 0 0.92434133581524891 
1 -16.498622894287109 13.474997520446777 -117.96099090576172 -0.98065157437045947 0 0.19576130793581034 
1 -16.503372192382812 13.474997520446777 -117.97249603271484 0.83143764140753607 0 -0.55561807786524864 
1 -16.498622894287109 13.474997520446777 -117.96099090576172 0.77063326605532922 0 -0.63727887870923217 
1 -16.406124114990234 13.474997520446777 -118.03748321533203 0.71213829220740876 0 0.70203921028096083 
1 -16.397247314453125 13.474997520446777 -118.02873229980469 -0.83145295231103722 0 0.55559516564964817 
1 -16.406124114990234 13.474997520446777 -118.03748321533203 0.55591316346788533 0 -0.83124037118220395 
1 -16.397247314453125 13.474997520446777 -118.02873229980469 0.4682896700007419 0 -0.8835750024590987 
1 -16.340997695922852 13.474997520446777 -118.13486480712891 0.92416615816583303 0 0.38199072253263489 
1 -16.329498291015625 13.474997520446777 -118.13011169433594 -0.55562396881222165 0 0.83143370468207223 
1 -16.340997695922852 13.474997520446777 -118.13486480712891 0.19445724096497502 0 -0.98091099567508644 
1 -16.329498291015625 13.474997520446777 -118.13011169433594 0.093718737423775289 0 -0.99559871346627071 
1 -16.318248748779297 13.474997520446777 -118.24961853027344 1 0 0 
1 -16.305749893188477 13.474997520446777 -118.24961853027344 -0.19490881695088541 0 0.98082136654683771 
1 -16.318248748779297 13.474997520446777 -118.24961853027344 -0.19427082224884956 0 -0.98094793318644391 
1 -16.305749893188477 13.474997520446777 -118.24961853027344 -0.29335400794352234 0 -0.95600388389560009 
1 -16.340997695922852 13.474997520446777 -118.36448669433594 0.92438251541089556 0 -0.38146685990086387 
1 -16.329498291015625 13.474997520446777 -118.36923217773438 0.19474137248809154 0 0.98085462625276654 
1 -16.340997695922852 13.474997520446777 -118.36448669433594 -0.55642511947040596 0 -0.83089775930757237 
1 -16.329498291015625 13.474997520446777 -118.36923217773438 -0.63790756868164977 0 -0.77011293575596185 
1 -16.406124114990234 13.474997520446777 -118.46173858642578 0.70725873278355889 0 -0.70695479692933305 
1 -16.397247314453125 13.474997520446777 -118.47061157226562 0.55562396881222165 0 0.83143370468207223 
1 -16.406124114990234 13.474997520446777 -118.46173858642578 -0.83089520260948924 0 -0.55642893731413334 
1 -16.397247314453125 13.474997520446777 -118.47061157226562 -0.88355450152977122 0 -0.46832834937304124 
1 -16.503372192382812 13.474997520446777 -118.52686309814453 0.38156663232426552 0 -0.92434133581524891 
1 -16.498622894287109 13.474997520446777 -118.53836822509766 0.83139513949189303 0 0.55568167328899354 
1 -16.498622894287109 13.474997520446777 -118.53836822509766 -0.99550915916802052 0 -0.094665273530375238 
1 -16.618247985839844 13.474997520446777 -118.56223297119141 0.98067558100476393 0 0.19564101006938367 
1 -16.503372192382812 13.474997520446777 -118.52686309814453 -0.98073568976429526 0 -0.19533946560424528 
1 -16.618247985839844 39.207496643066406 -118.56223297119141 0 -1 0 
1 -16.618247985839844 39.207496643066406 -118.56223297119141 -0.0046439241420692268 -0.99998878688031079 0.00092740617154118987 
1 -16.737749099731445 13.474997520446777 -118.53836822509766 0 1 0 
1 -16.737749099731445 39.207496643066406 -118.53836822509766 0.98063662127083506 0 -0.19583619946915054 
1 -16.737749099731445 39.207496643066406 -118.53836822509766 -0.0039394749007600075 -0.99998877363387628 0.0026330863492182075 
1 -16.839122772216797 13.474997520446777 -118.47061157226562 0 1 0 
1 -16.839122772216797 39.207496643066406 -118.47061157226562 0.83139030929502611 0 -0.55568890002439386 
1 -16.839122772216797 39.207496643066406 -118.47061157226562 -0.0026328639844444735 -0.99998877334333636 0.0039396972636241284 
1 -16.90687370300293 13.474997520446777 -118.36923217773438 0 1 0 
1 -16.90687370300293 39.207496643066406 -118.36923217773438 0.55563478209611583 0 -0.83142647836414363 
1 -16.90687370300293 39.207496643066406 -118.36923217773438 -0.00092777677950514875 -0.99998878825752435 0.0046435535417782663 
1 -16.930747985839844 13.474997520446777 -118.24974060058594 0 1 0 
1 -16.930747985839844 39.207496643066406 -118.24974060058594 0.19592649139715712 0 -0.98061858536782776 
1 -16.930747985839844 39.207496643066406 -118.24974060058594 0.00092777675650031102 -0.99998876346214227 0.0046488901627945601 
1 -16.90687370300293 13.474997520446777 -118.13011169433594 0 1 0 
1 -16.90687370300293 39.207496643066406 -118.13011169433594 -0.19571019536860559 0 -0.98066177626579398 
1 -16.90687370300293 39.207496643066406 -118.13011169433594 0.0026328639844444735 -0.99998877334333636 0.0039396972636241284 
1 -16.839122772216797 13.474997520446777 -118.02873229980469 0 1 0 
1 -16.839122772216797 39.207496643066406 -118.02873229980469 -0.55563478209611583 0 -0.83142647836414363 
1 -16.839122772216797 39.207496643066406 -118.02873229980469 0.003939474854589513 -0.99998876191404629 0.0026375335984818757 
1 -16.737749099731445 13.474997520446777 -117.96086120605469 0 1 0 
1 -16.737749099731445 39.207496643066406 -117.96086120605469 -0.83095667410752405 0 -0.55633713318109723 
1 -16.737749099731445 39.207496643066406 -117.96086120605469 0.0046439241611768668 -0.99998879099481075 0.00092295889510437407 
1 -16.618247985839844 13.474997520446777 -117.93711090087891 0 1 0 
1 -16.618247985839844 39.207496643066406 -117.93711090087891 -0.98081658937861982 0 -0.19493285510578223 
1 -16.618247985839844 39.207496643066406 -117.93711090087891 0.0046487419223680765 -0.99998876394496083 -0.00092799912095488249 
1 -16.498622894287109 13.474997520446777 -117.96099090576172 0 1 0 
1 -16.498622894287109 39.207496643066406 -117.96099090576172 -0.98065157437045947 0 0.19576130793581034 
1 -16.498622894287109 39.207496643066406 -117.96099090576172 0.0039395490270962043 -0.9999887749030274 -0.0026324933818692151 
1 -16.397247314453125 13.474997520446777 -118.02873229980469 0 1 0 
1 -16.397247314453125 39.207496643066406 -118.02873229980469 -0.83145295231103722 0 0.55559516564964817 
1 -16.397247314453125 39.207496643066406 -118.02873229980469 0.0026327898636220228 -0.99998877353848281 -0.0039396972643929544 
1 -16.329498291015625 13.474997520446777 -118.13011169433594 0 1 0 
1 -16.329498291015625 39.207496643066406 -118.13011169433594 -0.55562396881222165 0 0.83143370468207223 
1 -16.329498291015625 39.207496643066406 -118.13011169433594 0.00092288477287693032 -0.9999887900305634 -0.0046441465207113447 
1 -16.305749893188477 13.474997520446777 -118.24961853027344 0 1 0 
1 -16.305749893188477 39.207496643066406 -118.24961853027344 -0.19490881695088541 0 0.98082136654683771 
1 -16.305749893188477 39.207496643066406 -118.24961853027344 -0.00092288475507862344 -0.99998877074526582 -0.004648297225965034 
1 -16.329498291015625 13.474997520446777 -118.36923217773438 0 1 0 
1 -16.329498291015625 39.207496643066406 -118.36923217773438 0.19474137248809154 0 0.98085462625276654 
1 -16.329498291015625 39.207496643066406 -118.36923217773438 -0.0026327898636220228 -0.99998877353848281 -0.0039396972643929544 
1 -16.397247314453125 13.474997520446777 -118.47061157226562 0 1 0 
1 -16.397247314453125 39.207496643066406 -118.47061157226562 0.55562396881222165 0 0.83143370468207223 
1 -16.397247314453125 39.207496643066406 -118.47061157226562 -0.0039395490209459087 -0.99998877334187763 -0.0026330863484493408 
1 -16.498622894287109 13.474997520446777 -118.53836822509766 0 1 0 
1 -16.498622894287109 39.207496643066406 -118.53836822509766 0.83139513949189303 0 0.55568167328899354 
1 -16.498622894287109 39.207496643066406 -118.53836822509766 -0.0046487419249253521 -0.99998876449505525 -0.00092740615078073293 
1 -16.618247985839844 39.207496643066406 -118.56223297119141 0.98067558100476393 0 0.19564101006938367 
1 -16.490999221801758 39.207496643066406 -117.94248962402344 0.73596652290381004 0 -0.67701792972186181 
1 -16.490999221801758 39.207496643066406 -117.94248962402344 -0.38098470306864901 0 -0.92458134094718425 
1 -16.618247985839844 39.207496643066406 -117.91710662841797 0.45176952620254801 -0.88757154070929145 -0.090116898069452292 
1 -16.490999221801758 38.957496643066406 -117.94248962402344 0 1 0 
1 -16.490999221801758 39.207496643066406 -117.94248962402344 -0.98067949008480393 0 0.19562141428537166 
1 -16.618247985839844 39.207496643066406 -117.91710662841797 0 -1 0 
1 -16.618247985839844 38.957496643066406 -117.91710662841797 0.98067949008480393 0 -0.19562141428537166 
1 -16.490999221801758 38.957496643066406 -117.94248962402344 0.83176057937602765 0 -0.55513452297263499 
1 -16.490999221801758 39.207496643066406 -117.94248962402344 0.3830275914321849 -0.88765855341771882 -0.25564067897348058 
1 -16.383123397827148 38.957496643066406 -118.01448822021484 0 1 0 
1 -16.383123397827148 39.207496643066406 -118.01448822021484 -0.83176057937602765 0 0.55513452297263499 
1 -16.383123397827148 38.957496643066406 -118.01448822021484 0.5558190616706441 0 -0.83130329644694956 
1 -16.383123397827148 39.207496643066406 -118.01448822021484 0.25605969650783222 -0.88756165813388133 -0.38297223768173055 
1 -16.310998916625977 38.957496643066406 -118.12236022949219 0 1 0 
1 -16.310998916625977 39.207496643066406 -118.12236022949219 -0.5558190616706441 0 0.83130329644694956 
1 -16.310998916625977 38.957496643066406 -118.12236022949219 0.19461749148531401 0 -0.98087921377097376 
1 -16.310998916625977 39.207496643066406 -118.12236022949219 0.089645331768228267 -0.88759577923592814 -0.45181572258469482 
1 -16.285749435424805 38.957496643066406 -118.24961853027344 0 1 0 
1 -16.285749435424805 39.207496643066406 -118.24961853027344 -0.19461749148531401 0 0.98087921377097376 
1 -16.285749435424805 38.957496643066406 -118.24961853027344 -0.19463994560329576 0 -0.98087475835375937 
1 -16.285749435424805 39.207496643066406 -118.24961853027344 -0.089647525958143709 -0.8876175043349307 -0.45177260550836101 
1 -16.310998916625977 38.957496643066406 -118.37686157226562 0 1 0 
1 -16.310998916625977 39.207496643066406 -118.37686157226562 0.19463994560329576 0 0.98087475835375937 
1 -16.310998916625977 38.957496643066406 -118.37686157226562 -0.5558190616706441 0 -0.83130329644694956 
1 -16.310998916625977 39.207496643066406 -118.37686157226562 -0.25605969650783222 -0.88756165813388133 -0.38297223768173055 
1 -16.383123397827148 38.957496643066406 -118.48473358154297 0 1 0 
1 -16.383123397827148 39.207496643066406 -118.48473358154297 0.5558190616706441 0 0.83130329644694956 
1 -16.383123397827148 38.957496643066406 -118.48473358154297 -0.83127162958885004 0 -0.55586642086089155 
1 -16.383123397827148 39.207496643066406 -118.48473358154297 -0.38297980977049983 -0.88754782040098579 -0.25609633306553103 
1 -16.490999221801758 38.957496643066406 -118.55686950683594 0 1 0 
1 -16.490999221801758 39.207496643066406 -118.55686950683594 0.83127162958885004 0 0.55586642086089155 
1 -16.490999221801758 38.957496643066406 -118.55686950683594 -0.98088204262825451 0 -0.19460323339919922 
1 -16.490999221801758 39.207496643066406 -118.55686950683594 -0.45178932328685634 -0.88761043516232985 -0.089633268125981116 
1 -16.618247985839844 38.957496643066406 -118.58211517333984 0 1 0 
1 -16.618247985839844 39.207496643066406 -118.58211517333984 0.98088204262825451 0 0.19460323339919922 
1 -16.618247985839844 38.957496643066406 -118.58211517333984 -0.98088259940873657 0 0.19460042697065227 
1 -16.618247985839844 39.207496643066406 -118.58211517333984 -0.4517947129493195 -0.88760771952295114 0.089632993893476717 
1 -16.745498657226562 38.957496643066406 -118.55686950683594 0 1 0 
1 -16.745498657226562 39.207496643066406 -118.55686950683594 0.98088259940873657 0 -0.19460042697065227 
1 -16.745498657226562 38.957496643066406 -118.55686950683594 -0.83097153427143333 0 0.55631493709101487 
1 -16.745498657226562 39.207496643066406 -118.55686950683594 -0.38259834673447851 -0.88769968319729453 0.25614015211884827 
1 -16.853248596191406 38.957496643066406 -118.48473358154297 0 1 0 
1 -16.853248596191406 39.207496643066406 -118.48473358154297 0.83097153427143333 0 -0.55631493709101487 
1 -16.853248596191406 38.957496643066406 -118.48473358154297 -0.5558190616706441 0 0.83130329644694956 
1 -16.853248596191406 39.207496643066406 -118.48473358154297 -0.25605969650783222 -0.88756165813388133 0.38297223768173055 
1 -16.925373077392578 38.957496643066406 -118.37686157226562 0 1 0 
1 -16.925373077392578 39.207496643066406 -118.37686157226562 0.5558190616706441 0 -0.83130329644694956 
1 -16.925373077392578 38.957496643066406 -118.37686157226562 -0.19557332330905433 0 0.9806890818245364 
1 -16.925373077392578 39.207496643066406 -118.37686157226562 -0.090090858220363806 -0.88758185272546042 0.45175445983139734 
1 -16.950748443603516 38.957496643066406 -118.24961853027344 0 1 0 
1 -16.950748443603516 39.207496643066406 -118.24961853027344 0.19557332330905433 0 -0.9806890818245364 
1 -16.950748443603516 38.957496643066406 -118.24961853027344 0.19555077005391275 0 0.9806935792240723 
1 -16.950748443603516 39.207496643066406 -118.24961853027344 0.090088653356684423 -0.88756013024408753 0.45179757606419002 
1 -16.925373077392578 38.957496643066406 -118.12236022949219 0 1 0 
1 -16.925373077392578 39.207496643066406 -118.12236022949219 -0.19555077005391275 0 -0.9806935792240723 
1 -16.925373077392578 38.957496643066406 -118.12236022949219 0.55558297637975607 0 0.83146109732026019 
1 -16.925373077392578 39.207496643066406 -118.12236022949219 0.25568443098066668 -0.88781047307136651 0.38264609714315517 
1 -16.853374481201172 38.957496643066406 -118.01461029052734 0 1 0 
1 -16.853374481201172 39.207496643066406 -118.01461029052734 -0.55558297637975607 0 -0.83146109732026019 
1 -16.853374481201172 38.957496643066406 -118.01461029052734 0.83132596074432763 0 0.55578516262358135 
1 -16.853374481201172 39.207496643066406 -118.01461029052734 0.38298512245668248 -0.88756013244178167 0.25604571325598641 
1 -16.745498657226562 38.957496643066406 -117.94248962402344 0 1 0 
1 -16.745498657226562 39.207496643066406 -117.94248962402344 -0.83132596074432763 0 -0.55578516262358135 
1 -16.745498657226562 39.207496643066406 -117.94248962402344 0.45177491574997153 -0.8875688254268882 0.090116622381447048 
1 -16.618247985839844 39.207496643066406 -117.91710662841797 -0.98068005259059798 0 -0.19561859433832482 
1 -16.745498657226562 38.957496643066406 -117.94248962402344 0.98068005259059798 0 0.19561859433832482 
1 -16.618247985839844 39.207496643066406 -117.91710662841797 0.93882114898599756 0 -0.344405067060012 
1 -16.498622894287109 39.207496643066406 -117.96099090576172 -0.98065157437045947 0 0.19576130793581034 
1 -16.618247985839844 39.207496643066406 -117.93711090087891 0 0 1 
1 -16.618247985839844 38.957496643066406 -117.91710662841797 0.93882114898599756 0 -0.344405067060012 
1 -16.498622894287109 38.957496643066406 -117.96099090576172 0.38098470306864901 0 0.92458134094718425 
1 -16.618247985839844 38.957496643066406 -117.91710662841797 0 0 -1 
1 -16.618247985839844 38.957496643066406 -117.93711090087891 0.98065157437045947 0 -0.19576130793581034 
1 -16.383123397827148 39.207496643066406 -118.01448822021484 -0.70410525658828926 0 -0.710095618663247 
1 -16.490999221801758 38.957496643066406 -117.94248962402344 0.73596652290381004 0 -0.67701792972186181 
1 -16.397247314453125 38.957496643066406 -118.02873229980469 0.70410525658828926 0 0.710095618663247 
1 -16.498622894287109 38.957496643066406 -117.96099090576172 0.83145295231103722 0 -0.55559516564964817 
1 -16.383123397827148 39.207496643066406 -118.01448822021484 0.42074193512686198 0 -0.90718037017216335 
1 -16.329498291015625 39.207496643066406 -118.13011169433594 -0.55562396881222165 0 0.83143370468207223 
1 -16.310998916625977 39.207496643066406 -118.12236022949219 -0.92230702368207518 0 -0.38645795898999413 
1 -16.383123397827148 38.957496643066406 -118.01448822021484 0.42074193512686198 0 -0.90718037017216335 
1 -16.329498291015625 38.957496643066406 -118.13011169433594 0.92230702368207518 0 0.38645795898999413 
1 -16.397247314453125 38.957496643066406 -118.02873229980469 0.55562396881222165 0 -0.83143370468207223 
1 -16.310998916625977 39.207496643066406 -118.12236022949219 0.041211960029126041 0 -0.99915042628753248 
1 -16.305749893188477 39.207496643066406 -118.24961853027344 -0.19490881695088541 0 0.98082136654683771 
1 -16.285749435424805 39.207496643066406 -118.24961853027344 -1 0 0 
1 -16.310998916625977 38.957496643066406 -118.12236022949219 0.041211960029126041 0 -0.99915042628753248 
1 -16.305749893188477 38.957496643066406 -118.24961853027344 1 0 0 
1 -16.329498291015625 38.957496643066406 -118.13011169433594 0.19490881695088541 0 -0.98082136654683771 
1 -16.285749435424805 39.207496643066406 -118.24961853027344 -0.34349680657807008 0 -0.93915384462326945 
1 -16.329498291015625 39.207496643066406 -118.36923217773438 0.19474137248809154 0 0.98085462625276654 
1 -16.310998916625977 39.207496643066406 -118.37686157226562 -0.92446673891451048 0 0.38126270292381093 
1 -16.285749435424805 38.957496643066406 -118.24961853027344 -0.34349680657807008 0 -0.93915384462326945 
1 -16.329498291015625 38.957496643066406 -118.36923217773438 0.92446673891451048 0 -0.38126270292381093 
1 -16.305749893188477 38.957496643066406 -118.24961853027344 -0.19474137248809154 0 -0.98085462625276654 
1 -16.310998916625977 39.207496643066406 -118.37686157226562 -0.67704971912967449 0 -0.73593727845953605 
1 -16.397247314453125 39.207496643066406 -118.47061157226562 0.55562396881222165 0 0.83143370468207223 
1 -16.383123397827148 39.207496643066406 -118.48473358154297 -0.70715452802329204 0 0.70705903112551716 
1 -16.310998916625977 38.957496643066406 -118.37686157226562 -0.67704971912967449 0 -0.73593727845953605 
1 -16.397247314453125 38.957496643066406 -118.47061157226562 0.70715452802329204 0 -0.70705903112551716 
1 -16.329498291015625 38.957496643066406 -118.36923217773438 -0.55562396881222165 0 -0.83143370468207223 
1 -16.383123397827148 39.207496643066406 -118.48473358154297 -0.9069793399936299 0 -0.4211751142039612 
1 -16.498622894287109 39.207496643066406 -118.53836822509766 0.83139513949189303 0 0.55568167328899354 
1 -16.490999221801758 39.207496643066406 -118.55686950683594 -0.38098470306864901 0 0.92458134094718425 
1 -16.383123397827148 38.957496643066406 -118.48473358154297 -0.9069793399936299 0 -0.4211751142039612 
1 -16.498622894287109 38.957496643066406 -118.53836822509766 0.38098470306864901 0 -0.92458134094718425 
1 -16.397247314453125 38.957496643066406 -118.47061157226562 -0.83139513949189303 0 -0.55568167328899354 
1 -16.490999221801758 39.207496643066406 -118.55686950683594 -0.99911289411714332 0 -0.042112050637149172 
1 -16.618247985839844 39.207496643066406 -118.58211517333984 0 0 1 
1 -16.490999221801758 38.957496643066406 -118.55686950683594 -0.9991527642310265 0 -0.041155239393042956 
1 -16.618247985839844 38.957496643066406 -118.56211090087891 0 0 -1 
1 -16.498622894287109 38.957496643066406 -118.53836822509766 -0.98086714482057147 0 -0.19467830955589263 
1 -16.618247985839844 39.207496643066406 -118.58211517333984 -0.93905430145044433 0 0.34376884519603834 
1 -16.745498657226562 39.207496643066406 -118.55686950683594 0.38634317668820606 0 0.92235511047885765 
1 -16.618247985839844 38.957496643066406 -118.58211517333984 -0.93905430145044433 0 0.34376884519603834 
1 -16.737749099731445 38.957496643066406 -118.53836822509766 -0.38634317668820606 0 -0.92235511047885765 
1 -16.618247985839844 38.957496643066406 -118.56211090087891 -0.98082856000730634 0 0.19487261447928989 
1 -16.745498657226562 39.207496643066406 -118.55686950683594 -0.73544646564320326 0 0.67758283344025227 
1 -16.839122772216797 39.207496643066406 -118.47061157226562 0.83139030929502611 0 -0.55568890002439386 
1 -16.853248596191406 39.207496643066406 -118.48473358154297 0.70720226518783236 0 0.70701128428986104 
1 -16.745498657226562 38.957496643066406 -118.55686950683594 -0.73544646564320326 0 0.67758283344025227 
1 -16.839122772216797 38.957496643066406 -118.47061157226562 -0.70720226518783236 0 -0.70701128428986104 
1 -16.737749099731445 38.957496643066406 -118.53836822509766 -0.83139030929502611 0 0.55568890002439386 
1 -16.853248596191406 39.207496643066406 -118.48473358154297 -0.42110778590320475 0 0.90701060228185904 
1 -16.925373077392578 39.207496643066406 -118.37686157226562 0.92446673891451048 0 0.38126270292381093 
1 -16.853248596191406 38.957496643066406 -118.48473358154297 -0.42110778590320475 0 0.90701060228185904 
1 -16.90687370300293 38.957496643066406 -118.36923217773438 -0.92446673891451048 0 -0.38126270292381093 
1 -16.839122772216797 38.957496643066406 -118.47061157226562 -0.55563478209611583 0 0.83142647836414363 
1 -16.925373077392578 39.207496643066406 -118.37686157226562 -0.042244094754064002 0 0.99910731979022627 
1 -16.950748443603516 39.207496643066406 -118.24961853027344 0.99998137492148287 0 -0.0061032622539552647 
1 -16.925373077392578 38.957496643066406 -118.37686157226562 -0.04220364020005158 0 0.9991090294626831 
1 -16.930747985839844 38.957496643066406 -118.24961853027344 -1 0 0 
1 -16.90687370300293 38.957496643066406 -118.36923217773438 -0.19573420514407497 0 0.98065698434091475 
1 -16.950748443603516 39.207496643066406 -118.24961853027344 0.34463937798980743 0 0.9387351592109453 
1 -16.925373077392578 39.207496643066406 -118.12236022949219 0.92230702368207518 0 -0.38645795898999413 
1 -16.950748443603516 38.957496643066406 -118.24961853027344 0.34463937798980743 0 0.9387351592109453 
1 -16.90687370300293 38.957496643066406 -118.13011169433594 -0.92230702368207518 0 0.38645795898999413 
1 -16.930747985839844 38.957496643066406 -118.24961853027344 0.19590243536944429 0 0.98062339142828969 
1 -16.925373077392578 39.207496643066406 -118.12236022949219 0.67753548279664799 0 0.7354900880035794 
1 -16.839122772216797 39.207496643066406 -118.02873229980469 -0.55563478209611583 0 -0.83142647836414363 
1 -16.853374481201172 39.207496643066406 -118.01461029052734 0.7103316308294958 0 -0.70386715667312461 
1 -16.925373077392578 38.957496643066406 -118.12236022949219 0.67753548279664799 0 0.7354900880035794 
1 -16.839122772216797 38.957496643066406 -118.02873229980469 -0.7103316308294958 0 0.70386715667312461 
1 -16.90687370300293 38.957496643066406 -118.13011169433594 0.55563478209611583 0 0.83142647836414363 
1 -16.853374481201172 39.207496643066406 -118.01461029052734 0.90681154828495192 0 0.42153625691872365 
1 -16.745498657226562 39.207496643066406 -117.94248962402344 0.38865990226748615 0 -0.92138128935279995 
1 -16.853374481201172 38.957496643066406 -118.01461029052734 0.90681154828495192 0 0.42153625691872365 
1 -16.737749099731445 38.957496643066406 -117.96086120605469 -0.38865990226748615 0 0.92138128935279995 
1 -16.839122772216797 38.957496643066406 -118.02873229980469 0.83095667410752405 0 0.55633713318109723 
1 -16.745498657226562 39.207496643066406 -117.94248962402344 0.99910787286422253 0 0.042231012073222426 
1 -16.745498657226562 38.957496643066406 -117.94248962402344 0.99910787286422253 0 0.042231012073222426 
1 -16.737749099731445 38.957496643066406 -117.96086120605469 0.98081658937861982 0 0.19493285510578223 
1 -16.811872482299805 39.437496185302734 -117.70835876464844 -0.068931423107097684 -0.58179915915114999 -0.81040619279435733 
1 -16.90687370300293 39.207496643066406 -118.13011169433594 0.19400105590785094 0.46967979697446421 0.86125749844089305 
1 -16.623373031616211 39.999996185302734 -117.31723785400391 -0.52731388228879039 0 -0.84967056530488561 
1 -16.709249496459961 39.999996185302734 -117.45561218261719 0.42984565408338843 0 0.90290238324285321 
1 -16.643373489379883 39.999996185302734 -117.31723785400391 1 0 0 
1 -16.623373031616211 39.999996185302734 -117.31723785400391 -0.41871237235213593 0 -0.90811890699359743 
1 -16.69074821472168 39.999996185302734 -117.46336364746094 -0.92232122393031069 0 0.38642406742812196 
1 -16.811872482299805 39.999996185302734 -117.70835876464844 0.37620299385454853 0 0.92653726714842644 
1 -16.811872482299805 39.999996185302734 -117.70835876464844 0.44318922194127719 0 0.89642808610344504 
1 -16.956998825073242 39.999996185302734 -118.24974060058594 0.20039505032648572 0 0.97971517483636295 
1 -16.900747299194336 39.999996185302734 -117.9747314453125 -0.13074420662566719 0 -0.99141613484642499 
1 -16.93699836730957 39.999996185302734 -118.24961853027344 -0.99998137492148287 0 -0.0061032622539552647 
1 -16.956998825073242 39.999996185302734 -118.24974060058594 0.13045346527537402 0 0.991454433344088 
1 -16.920124053955078 39.999996185302734 -117.96949005126953 0.96530774333796998 0 -0.26111484188332923 
1 -16.920124053955078 39.999996185302734 -117.96949005126953 0.44702879032134668 0 0.8945195697265842 
1 -16.794624328613281 39.999996185302734 -117.71836090087891 -0.38247059015648693 0 -0.92396766591983537 
1 -16.920124053955078 39.999996185302734 -117.96949005126953 0.38294747596348849 0 0.92377011786114493 
1 -16.811872482299805 39.999996185302734 -117.70835876464844 0.86507021301931608 0 -0.50165080140144791 
1 -16.920623779296875 39.999996185302734 -118.52586364746094 -0.13060650993898196 0 0.99143428403578948 
1 -16.920623779296875 39.999996185302734 -118.52586364746094 -0.059171712930792222 0 0.99824781912550953 
1 -16.555747985839844 39.999996185302734 -118.76960754394531 -0.94737069587866729 0 0.32013866462889096 
1 -16.699249267578125 39.999996185302734 -118.72111511230469 0.9808385531800009 0 -0.19482231031317365 
1 -16.555747985839844 39.999996185302734 -118.74961853027344 0 0 -1 
1 -16.555747985839844 39.999996185302734 -118.76960754394531 -0.98087146219747035 0 0.19465655562193812 
1 -16.706872940063477 39.999996185302734 -118.73961639404297 0.38098470306864901 0 0.92458134094718425 
1 -16.706872940063477 39.999996185302734 -118.73961639404297 -0.75256343479497878 0 0.65851976174567739 
1 -16.820873260498047 39.999996185302734 -118.63986206054688 0.83151225192633704 0 -0.55550641301103965 
1 -16.706872940063477 39.999996185302734 -118.73961639404297 -0.83142901615619724 0 0.55563098464136962 
1 -16.834999084472656 39.999996185302734 -118.65399169921875 0.70701131007718132 0 0.70720223940747495 
1 -16.834999084472656 39.999996185302734 -118.65399169921875 -0.44321926575905984 0 0.89641323197507505 
1 -16.902122497558594 39.999996185302734 -118.51823425292969 0.55547633406928021 0 -0.83153234590661196 
1 -16.834999084472656 39.999996185302734 -118.65399169921875 -0.55562526688477254 0 0.83143283721490413 
1 -16.920623779296875 39.999996185302734 -118.52586364746094 0.92448059228905433 0 0.38122911022229045 
1 -16.93699836730957 39.999996185302734 -118.24961853027344 0.12875485641496781 0 -0.99167645275541416 
1 -16.69074821472168 39.999996185302734 -117.46336364746094 -0.37726058050555678 0 -0.92610715060224558 
1 -16.555747985839844 39.999996185302734 -118.74961853027344 0.99713984991635851 0 -0.075578566464189936 
1 -16.26887321472168 39.999996185302734 -118.7713623046875 -0.99998129279418901 0 0.0061167034963641766 
1 -16.555747985839844 39.999996185302734 -118.74961853027344 0.99997875814412607 0 -0.0065179184201391016 
1 -16.288873672485352 39.999996185302734 -118.75135803222656 0.70703935098806714 0 -0.70717420495544991 
1 -16.900747299194336 39.999996185302734 -117.9747314453125 -0.077730082845912291 -0.80408061286799559 -0.58941700198636637 
1 -16.93699836730957 39.624996185302734 -118.24961853027344 0 1 0 
1 -16.900747299194336 39.999996185302734 -117.9747314453125 0 -1 0 
1 -16.900747299194336 39.713245391845703 -117.9747314453125 -0.12458590838731835 -0.30329058240894691 -0.94471856870358417 
1 -16.794624328613281 39.999996185302734 -117.71836090087891 -0.26596153332865147 -0.71864442065151179 -0.64250654429034848 
1 -16.794624328613281 39.999996185302734 -117.71836090087891 0 -1 0 
1 -16.794624328613281 39.731246948242188 -117.71836090087891 -0.38166817878064158 -0.064742074288389351 -0.92202921055848597 
1 -16.699249267578125 39.999996185302734 -118.72111511230469 0.25539421150493691 -0.9655052634576955 -0.050728522206520507 
1 -16.555747985839844 39.457496643066406 -118.74961853027344 0 1 0 
1 -16.699249267578125 39.999996185302734 -118.72111511230469 0 -1 0 
1 -16.699249267578125 39.457496643066406 -118.72111511230469 0.9808385531800009 0 -0.19482231031317365 
1 -16.820873260498047 39.999996185302734 -118.63986206054688 0.21646207816254337 -0.96552148548536143 -0.14461130586400822 
1 -16.820873260498047 39.999996185302734 -118.63986206054688 0 -1 0 
1 -16.820873260498047 39.478622436523438 -118.63986206054688 0.82297274254649844 -0.14294837525397575 -0.54980144328452207 
1 -16.902122497558594 39.999996185302734 -118.51823425292969 0.15004396647570495 -0.96282732137973481 -0.22461156989113931 
1 -16.902122497558594 39.999996185302734 -118.51823425292969 0 -1 0 
1 -16.902122497558594 39.511997222900391 -118.51823425292969 0.54155762967540455 -0.2224558759580316 -0.81069643948404146 
1 -16.623373031616211 39.999996185302734 -117.31723785400391 -0.18509953338761964 -0.89698131373077672 -0.40145072618877581 
1 -16.69074821472168 39.673500061035156 -117.46336364746094 0 1 0 
1 -16.623373031616211 39.999996185302734 -117.31723785400391 0 -1 0 
1 -16.623373031616211 39.549999237060547 -117.31723785400391 -0.33215703108046951 0.60885425666573434 -0.72039447585598826 
1 -16.794624328613281 39.731246948242188 -117.71836090087891 0.26997662106382808 0.69848599660556188 0.66274424676861066 
1 -16.69074821472168 39.673500061035156 -117.46336364746094 -0.36922764847392547 0.20526131149256474 -0.90638774131536415 
1 -16.93699836730957 39.999996185302734 -118.24961853027344 0.062486537105625635 -0.87433992297230134 -0.48127448693789826 
1 -16.93699836730957 39.624996185302734 -118.24961853027344 0.11882939286387376 -0.38501113212071847 -0.91523002766229522 
1 -16.555747985839844 39.457496643066406 -118.74961853027344 0.44141273514524265 0.89729957051165876 -0.0028771533133631695 
1 -16.555747985839844 39.457496643066406 -118.74961853027344 0.99997875814412607 0 -0.0065179184201391016 
1 -16.288873672485352 39.457496643066406 -118.75135803222656 0 1 0 
1 -16.794624328613281 39.731246948242188 -117.71836090087891 -0.084716402669670593 -0.64874810461860011 -0.75627311724831536 
1 -16.830371856689453 39.457496643066406 -118.03748321533203 -0.258186089573752 0.93826435771434291 0.23021715442926094 
1 -16.794624328613281 39.731246948242188 -117.71836090087891 0.16278374905183371 -0.72310042707877997 -0.67128773518001617 
1 -16.732997894287109 39.457496643066406 -117.97249603271484 -0.83176945386939549 0 -0.55512122604869629 
1 -16.69074821472168 39.673500061035156 -117.46336364746094 -0.076170902816606031 -0.38942722234549232 -0.91790219090073955 
1 -16.830371856689453 39.457496643066406 -118.03748321533203 -0.55517003117486796 0 -0.83173687935866836 
1 -16.89537239074707 39.457496643066406 -118.13486480712891 -0.017809918443900299 0.84743105907339089 0.53060664048122552 
1 -16.93699836730957 39.624996185302734 -118.24961853027344 0.20083817797710929 -0.80815648431056553 0.55366697854723257 
1 -16.89537239074707 39.457496643066406 -118.13486480712891 -0.19549228661279922 0 -0.98070523903714268 
1 -16.918247222900391 39.457496643066406 -118.24961853027344 -0.11125248648765902 0.99379217357066829 0 
1 -16.918247222900391 39.457496643066406 -118.24961853027344 0.058728734723651185 0.19849951099995375 -0.97833985907277554 
1 -16.918247222900391 39.457496643066406 -118.24961853027344 0.19530495413974444 0 -0.98074256300441676 
1 -16.89537239074707 39.457496643066406 -118.36448669433594 -0.041345467719954287 0.33382463821135172 -0.94172801977114295 
1 -16.89537239074707 39.457496643066406 -118.36448669433594 0.55520012167668642 0 -0.83171679368051277 
1 -16.830371856689453 39.457496643066406 -118.46186065673828 -0.67507930095649082 0.51277888100193436 -0.53040150510580153 
1 -16.902122497558594 39.511997222900391 -118.51823425292969 0.95067994202681749 -0.30635760306162496 -0.048504297482004313 
1 -16.732997894287109 39.457496643066406 -118.52686309814453 -0.60730718780721193 0.14600048645929586 -0.78093651316310264 
1 -16.830371856689453 39.457496643066406 -118.46186065673828 0.83170927072986345 0 -0.55521139125741892 
1 -16.503372192382812 39.457496643066406 -118.52686309814453 -0.22888508832294766 0 -0.97345344847270254 
1 -16.503372192382812 39.457496643066406 -118.52686309814453 -0.71004603522502852 0 -0.70415525834947612 
1 -16.699249267578125 39.457496643066406 -118.72111511230469 0.42733355892883951 0 0.90409403792592946 
1 -16.618247985839844 39.457496643066406 -118.54974365234375 0.98073568976429526 0 0.19533946560424528 
1 -16.618247985839844 39.457496643066406 -118.54974365234375 -0.90958854404368883 0.094834071143211185 -0.40454317383301214 
1 -16.732997894287109 39.457496643066406 -118.52686309814453 0.98069461599960472 0 -0.19554557051845448 
1 -16.555747985839844 39.457496643066406 -118.74961853027344 0.46117391778154099 0 0.88730976415118101 
1 -16.406124114990234 39.457496643066406 -118.46173858642578 0.37525744650085197 0 -0.9269206270472462 
1 -16.503372192382812 39.457496643066406 -118.52686309814453 0.83089520260948924 0 0.55642893731413334 
1 -16.406124114990234 39.457496643066406 -118.46173858642578 0.55642511947040596 0 0.83089775930757237 
1 -16.340997695922852 39.457496643066406 -118.36448669433594 0.13352571242338646 0 -0.99104534917521669 
1 -16.318248748779297 39.457496643066406 -118.24961853027344 0.058446386862008454 0 -0.99829054881971924 
1 -16.340997695922852 39.457496643066406 -118.36448669433594 0.19427082224884956 0 0.98094793318644391 
1 -16.956998825073242 39.437496185302734 -118.24974060058594 0.058575203664873586 0.89352560198702735 0.44517518361802128 
1 -16.956998825073242 39.999996185302734 -118.24974060058594 0 -1 0 
1 -16.956998825073242 39.437496185302734 -118.24974060058594 0.13045346527537402 0 0.991454433344088 
1 -16.920124053955078 39.437496185302734 -117.96949005126953 0 1 0 
1 -16.920124053955078 39.437496185302734 -117.96949005126953 0.17195483540621845 0.89351677243095218 0.41480032782652726 
1 -16.920124053955078 39.437496185302734 -117.96949005126953 0.38294747596348849 0 0.92377011786114493 
1 -16.811872482299805 39.437496185302734 -117.70835876464844 0 1 0 
1 -16.555747985839844 39.437496185302734 -118.76960754394531 -0.25912211179247874 0.96447465365369844 0.051423473626202913 
1 -16.555747985839844 39.999996185302734 -118.76960754394531 0 -1 0 
1 -16.555747985839844 39.437496185302734 -118.76960754394531 -0.98087146219747035 0 0.19465655562193812 
1 -16.706872940063477 39.437496185302734 -118.73961639404297 0 1 0 
1 -16.706872940063477 39.437496185302734 -118.73961639404297 -0.21968473080258655 0.96446093532493349 0.14681186356813866 
1 -16.706872940063477 39.437496185302734 -118.73961639404297 -0.83142901615619724 0 0.55563098464136962 
1 -16.834999084472656 39.437496185302734 -118.65399169921875 0 1 0 
1 -16.834999084472656 39.437496185302734 -118.65399169921875 -0.14681175809157182 0.96446024241071071 0.21968784330302565 
1 -16.834999084472656 39.437496185302734 -118.65399169921875 -0.55562526688477254 0 0.83143283721490413 
1 -16.920623779296875 39.437496185302734 -118.52586364746094 0 1 0 
1 -16.709249496459961 39.437496185302734 -117.45561218261719 0.11299414276275541 0.9648308712273358 0.23734724272257743 
1 -16.709249496459961 39.999996185302734 -117.45561218261719 0 -1 0 
1 -16.709249496459961 39.437496185302734 -117.45561218261719 0.42984565408338843 0 0.90290238324285321 
1 -16.643373489379883 39.437496185302734 -117.31723785400391 0 1 0 
1 -16.643373489379883 39.549999237060547 -117.31723785400391 0 -1 0 
1 -16.920623779296875 39.437496185302734 -118.52586364746094 -0.057952227878142561 0.89616734455449532 0.43991548033469363 
1 -16.920623779296875 39.437496185302734 -118.52586364746094 -0.13060650993898196 0 0.99143428403578948 
1 -16.811872482299805 39.437496185302734 -117.70835876464844 0.16415611117805221 0.89977709946735807 0.40429437596509654 
1 -16.811872482299805 39.437496185302734 -117.70835876464844 0.37620299385454853 0 0.92653726714842644 
1 -16.26887321472168 39.437496185302734 -118.7713623046875 -0.45432404076640287 0.89083216322929026 0.0027790174362892898 
1 -16.26887321472168 39.999996185302734 -118.7713623046875 0 -1 0 
1 -16.26887321472168 39.437496185302734 -118.7713623046875 -0.99998129279418901 0 0.0061167034963641766 
1 -16.839122772216797 39.207496643066406 -118.02873229980469 0.20580261334360517 0.364466874222026 0.90819005826741384 
1 -16.839122772216797 39.207496643066406 -118.02873229980469 0.83095667410752405 0 0.55633713318109723 
1 -16.737749099731445 39.207496643066406 -117.96086120605469 0.051270504561009005 0.4137669028907664 0.90893799867441039 
1 -16.920124053955078 39.437496185302734 -117.96949005126953 0.047180071438347376 -0.81895150344962675 -0.57191999078251177 
1 -16.90687370300293 39.207496643066406 -118.13011169433594 -0.18983058589618249 0.87103923252956861 -0.45305077425451162 
1 -16.956998825073242 39.437496185302734 -118.24974060058594 0.11339810242576541 -0.99354963155659004 0 
1 -16.930747985839844 39.207496643066406 -118.24974060058594 0.19571019536860559 0 0.98066177626579398 
1 -16.930747985839844 39.207496643066406 -118.24974060058594 0.028161258642666085 0.63976140442436558 -0.76805747761520049 
1 -16.920623779296875 39.437496185302734 -118.52586364746094 0.049352815620150495 -0.82553178310049491 0.5621935384556469 
1 -16.90687370300293 39.207496643066406 -118.36923217773438 -0.19592649139715712 0 0.98061858536782776 
1 -16.90687370300293 39.207496643066406 -118.36923217773438 0.19267622038709983 0.61656595047100338 -0.76336249764913777 
1 -16.834999084472656 39.437496185302734 -118.65399169921875 -0.014017308037942006 -0.78181827338726861 0.62334878075850886 
1 -16.839122772216797 39.207496643066406 -118.47061157226562 -0.55563478209611583 0 0.83142647836414363 
1 -16.706872940063477 39.437496185302734 -118.73961639404297 -0.35002728274626344 -0.60874266145407108 0.7119784220459785 
1 -16.706872940063477 39.437496185302734 -118.73961639404297 -0.10051785909720108 -0.74876739295126571 0.65516681177809988 
1 -16.737749099731445 39.207496643066406 -118.53836822509766 0.48729668039308716 0.61580949164105181 -0.61912891652923685 
1 -16.555747985839844 39.437496185302734 -118.76960754394531 -0.19783013139282812 -0.72801343457444978 0.65639902360698987 
1 -16.618247985839844 39.207496643066406 -118.56223297119141 -0.98063662127083506 0 0.19583619946915054 
1 -16.618247985839844 39.207496643066406 -118.56223297119141 0.74708416945914824 0.49181861769147667 -0.44719088881100844 
1 -16.26887321472168 39.437496185302734 -118.7713623046875 -0.57442635593963742 -0.57505106933989558 0.58253809253382882 
1 -16.498622894287109 39.207496643066406 -118.53836822509766 -0.98067558100476393 0 -0.19564101006938367 
1 -16.26887321472168 39.437496185302734 -118.7713623046875 -0.3211051770290444 -0.57530330402235119 0.75227493223296515 
1 -16.26887321472168 39.437496185302734 -118.7713623046875 -0.1297602032686917 -0.49228453268392186 0.86070798098300483 
1 -16.26887321472168 39.437496185302734 -118.7713623046875 -0.064539560450514386 -0.40253271110405131 0.91312762614438336 
1 -16.288873672485352 39.457496643066406 -118.75135803222656 0.00057106098662005624 0.35386621390064515 0.93529587647384205 
1 -16.287998199462891 39.999996185302734 -117.31748962402344 -0.00061056708849125936 0 -0.99999981360389789 
1 -16.288873672485352 39.457496643066406 -118.75135803222656 0.00060613312130369465 0.12029695603111411 0.992737767475524 
1 -16.287998199462891 39.631248474121094 -117.31748962402344 0 1 0 
1 -16.288873672485352 39.999996185302734 -118.75135803222656 0.014557625015985133 0 0.99989403216235573 
1 -16.267997741699219 39.999996185302734 -117.31748962402344 -0.00060216611494207605 0 -0.99999981869796861 
1 -16.287998199462891 39.999996185302734 -117.31748962402344 1 0 0 
1 -16.737749099731445 39.207496643066406 -117.96086120605469 0.10218418499724907 0.41231327194506528 0.90529340995856289 
1 -16.680747985839844 39.437496185302734 -117.45586395263672 -0.99996098632532937 0 0.0088332229267846802 
1 -16.737749099731445 39.207496643066406 -117.96086120605469 0.98081658937861982 0 0.19493285510578223 
1 -16.618247985839844 39.207496643066406 -117.93711090087891 -0.11638014050519417 0.42827806466550733 0.89612139926594703 
1 -16.680747985839844 39.437496185302734 -117.45586395263672 0.26031171086477961 0 0.96552463106160658 
1 -16.269374847412109 39.437496185302734 -117.31748962402344 -0.037860136615791865 -0.23938977683141305 -0.97018510852519269 
1 -16.26887321472168 39.437496185302734 -118.7713623046875 -0.00034503204251805776 0 0.99999994047644303 
1 -16.318248748779297 39.457496643066406 -118.24961853027344 -0.19445724096497502 0 0.98091099567508644 
1 -16.287998199462891 39.631248474121094 -117.31748962402344 -0.30289063090939339 -0.2443554164377876 -0.92116648667047418 
1 -16.503372192382812 39.457496643066406 -117.97249603271484 -0.98073568976429526 0 0.19533946560424528 
1 -16.618247985839844 39.457496643066406 -117.94961547851562 0.44989747113916656 0.23670116566882005 0.8611415816424175 
1 -16.287998199462891 39.631248474121094 -117.31748962402344 -0.15749643257083856 -0.23166206519203497 -0.95996227075777352 
1 -16.406124114990234 39.457496643066406 -118.03748321533203 -0.83143764140753607 0 0.55561807786524864 
1 -16.287998199462891 39.631248474121094 -117.31748962402344 -0.063296763061609224 -0.20751005606435938 -0.97618292159722242 
1 -16.340997695922852 39.457496643066406 -118.13486480712891 -0.55591316346788533 0 0.83124037118220395 
1 -16.287998199462891 39.631248474121094 -117.31748962402344 -0.031887426310597045 -0.183153656191056 -0.98256701057339324 
1 -16.269374847412109 39.437496185302734 -117.31748962402344 -0.071010712799372919 -0.27164830320491029 -0.95977324302859057 
1 -16.397247314453125 39.207496643066406 -118.02873229980469 0.16861601758431988 0.30328348045140058 0.93786340641870092 
1 -16.498622894287109 39.207496643066406 -117.96099090576172 0.83145295231103722 0 -0.55559516564964817 
1 -16.269374847412109 39.437496185302734 -117.31748962402344 -0.31804799114085369 -0.31909058056868161 -0.89276350548373617 
1 -16.269374847412109 39.437496185302734 -117.31748962402344 -0.46680909597274628 -0.30775048738160615 -0.82908317160191547 
1 -16.269374847412109 39.437496185302734 -117.31748962402344 -0.94781578145388634 0 -0.31881851330648719 
1 -16.484624862670898 39.469871520996094 -117.31723785400391 -0.20669995090338994 -0.019142545091299853 -0.97821709924942735 
1 -16.484624862670898 39.469871520996094 -117.31723785400391 0.77299152657331771 0.63441557373061397 -0.00098977467535506149 
1 -16.577123641967773 39.469871520996094 -117.31723785400391 -0.064881861920935591 -0.019523840273782761 -0.99770194129040179 
1 -16.618247985839844 39.457496643066406 -117.94961547851562 0.011433117889069139 0.07293613327391435 0.99727107863327935 
1 -16.610998153686523 39.503746032714844 -117.31723785400391 0.70710678118654757 -0.70710678118654757 0 
1 -16.577123641967773 39.469871520996094 -117.31723785400391 0.96602037556737785 -0.25846592423114961 0 
1 -16.530872344970703 39.457496643066406 -117.31723785400391 -0.13686972820496604 0 -0.99058905581532586 
1 -16.530872344970703 39.457496643066406 -117.31723785400391 0.96601505228897511 0.25848581924571579 0 
1 -16.623373031616211 39.549999237060547 -117.31723785400391 0.2584559778311723 -0.96602303674567336 0 
1 -16.618247985839844 39.457496643066406 -117.94961547851562 -0.0080188110711672915 0.14473252673221859 0.9894383226733805 
1 -16.623373031616211 39.549999237060547 -117.31723785400391 -0.16343042436028499 -0.13790428396041934 -0.97686892921147883 
1 -16.618247985839844 39.457496643066406 -117.94961547851562 -0.98069461599960472 0 -0.19554557051845448 
1 -16.269374847412109 39.437496185302734 -117.31748962402344 -0.99999953650755946 0 0.00096280042902259554 
1 -16.530872344970703 39.437496185302734 -117.31723785400391 -0.7341210948620881 0 -0.67901856975968544 
1 -16.628374099731445 39.493743896484375 -117.31723785400391 -0.25766265056033233 -0.96623493960124629 0 
1 -16.628374099731445 39.493743896484375 -117.31723785400391 -0.25763002566505755 0.96624363898336829 0 
1 -16.643373489379883 39.437496185302734 -117.31723785400391 0.96555300115863074 0.26020646024563115 0 
1 -16.587247848510742 39.452621459960938 -117.31723785400391 -0.70713957606538469 0.70707398478664751 0 
1 -16.643373489379883 39.437496185302734 -117.31723785400391 1 0 0 
1 -16.530872344970703 39.437496185302734 -117.31723785400391 -0.96584223881361375 0.25913079655553534 0 
1 -16.269374847412109 39.437496185302734 -117.31748962402344 1 0 0 
1 -16.267997741699219 39.624996185302734 -117.31748962402344 -0.011104774716138065 0 0.99993834008827953 
1 -16.474624633789062 39.452621459960938 -117.31723785400391 0.74376558663740022 0.62273201647938559 0.24293535721554008 
1 -16.288747787475586 39.999996185302734 -117.24999237060547 8.5289803805312705e-05 0 0.99999999636282466 
1 -16.268747329711914 39.999996185302734 117.24999237060547 0 0 -1 
1 -16.268747329711914 39.999996185302734 -117.24999237060547 -1 0 0 
1 -16.288747787475586 39.999996185302734 -117.24999237060547 0 0 1 
1 -16.288747787475586 39.999996185302734 117.24999237060547 1 0 0 
1 -16.268747329711914 39.999996185302734 117.24999237060547 0 -1 0 
1 -16.268747329711914 39.999996185302734 -117.24999237060547 0 -0.0015991451808676628 0.99999872136652779 
1 -16.268747329711914 39.624996185302734 117.24999237060547 0 0 -1 
1 -16.268747329711914 39.624996185302734 -117.24999237060547 0 1 0 
1 -16.268747329711914 39.624996185302734 117.24999237060547 -0.76730792839978723 -0.64127883406114916 0 
1 -16.268747329711914 39.624996185302734 -117.24999237060547 -0.00087953527646728578 -0.00073507302053409617 0.99999934304246019 
1 -16.628623962402344 39.493743896484375 -117.24999237060547 -6.4500107359095053e-05 0.00023989485075020798 0.99999996914509792 
1 -16.643749237060547 39.549999237060547 117.24999237060547 0 0 -1 
1 -16.643749237060547 39.549999237060547 -117.24999237060547 0.25964702841136594 -0.96570358839405135 0 
1 -16.628623962402344 39.493743896484375 -117.24999237060547 0 0 1 
1 -16.628623962402344 39.493743896484375 117.24999237060547 -0.25964702841136594 0.96570358839405135 0 
1 -16.587499618530273 39.452621459960938 -117.24999237060547 -0.00017537034235948321 0.00017536220867633495 0.9999999692466689 
1 -16.628623962402344 39.493743896484375 -117.24999237060547 0.7071231791963779 -0.70709038279643377 0 
1 -16.587499618530273 39.452621459960938 -117.24999237060547 0 0 1 
1 -16.587499618530273 39.452621459960938 117.24999237060547 -0.7071231791963779 0.70709038279643377 0 
1 -16.531248092651367 39.437496185302734 -117.24999237060547 -0.00023987858338484923 6.450010735934675e-05 0.99999996914900025 
1 -16.587499618530273 39.452621459960938 -117.24999237060547 0.96569917321748566 -0.2596634491934986 0 
1 -16.531248092651367 39.437496185302734 -117.24999237060547 0 0 1 
1 -16.531248092651367 39.437496185302734 117.24999237060547 -0.96569917321748566 0.2596634491934986 0 
1 -16.474998474121094 39.452621459960938 -117.24999237060547 -0.00023987044970216975 -6.4500107359472599e-05 0.99999996915095135 
1 -16.531248092651367 39.437496185302734 -117.24999237060547 0.96569696531505544 0.25967166033530198 0 
1 -16.474998474121094 39.452621459960938 -117.24999237060547 0 0 1 
1 -16.474998474121094 39.452621459960938 117.24999237060547 -0.96569696531505544 -0.25967166033530198 0 
1 -16.643749237060547 39.999996185302734 -117.24999237060547 0 -1 0 
1 -16.643749237060547 39.999996185302734 -117.24999237060547 0 -0.00191896012360879 0.99999815879432696 
1 -16.643749237060547 39.549999237060547 117.24999237060547 0 1 0 
1 -16.643749237060547 39.999996185302734 117.24999237060547 0 0 -1 
1 -16.643749237060547 39.999996185302734 117.24999237060547 1 0 0 
1 -16.643749237060547 39.999996185302734 -117.24999237060547 8.5289803805312705e-05 0 0.99999999636282466 
1 -16.623748779296875 39.999996185302734 117.24999237060547 0 0 -1 
1 -16.623748779296875 39.999996185302734 -117.24999237060547 -1 0 0 
1 -16.623748779296875 39.999996185302734 117.24999237060547 0 -1 0 
1 -16.623748779296875 39.999996185302734 -117.24999237060547 0 -0.00191896012360879 0.99999815879432696 
1 -16.623748779296875 39.549999237060547 -117.24999237060547 5.2771336788763883e-05 -0.00019724181829955674 0.99999997915542538 
1 -16.611373901367188 39.503746032714844 117.24999237060547 0 0 -1 
1 -16.611373901367188 39.503746032714844 -117.24999237060547 -0.2584559778311723 0.96602303674567336 0 
1 -16.623748779296875 39.549999237060547 -117.24999237060547 0 0 1 
1 -16.623748779296875 39.549999237060547 117.24999237060547 0.2584559778311723 -0.96602303674567336 0 
1 -16.611373901367188 39.503746032714844 117.24999237060547 0.70710678118654757 -0.70710678118654757 0 
1 -16.611373901367188 39.503746032714844 -117.24999237060547 0.00014445421414109279 -0.00014445421414109279 0.99999997913297978 
1 -16.577499389648438 39.469871520996094 117.24999237060547 0 0 -1 
1 -16.577499389648438 39.469871520996094 -117.24999237060547 -0.70710678118654757 0.70710678118654757 0 
1 -16.577499389648438 39.469871520996094 117.24999237060547 0.96602037556737785 -0.25846592423114961 0 
1 -16.577499389648438 39.469871520996094 -117.24999237060547 0.0001972336846166443 -5.2771336788848539e-05 0.99999997915702965 
1 -16.531248092651367 39.457496643066406 117.24999237060547 0 0 -1 
1 -16.531248092651367 39.457496643066406 -117.24999237060547 -0.96602037556737785 0.25846592423114961 0 
1 -16.531248092651367 39.457496643066406 117.24999237060547 0.96601771408182713 0.25847587136930444 0 
1 -16.531248092651367 39.457496643066406 -117.24999237060547 0.00019722555093373183 5.2771336788933195e-05 0.99999997915863381 
1 -16.48499870300293 39.469871520996094 117.24999237060547 0 0 -1 
1 -16.48499870300293 39.469871520996094 -117.24999237060547 -0.96601771408182713 -0.25847587136930444 0 
1 -16.623748779296875 39.549999237060547 -117.24999237060547 0 1 0 
1 -16.474998474121094 39.452621459960938 -117.24999237060547 0.76730792839978723 0.64127883406114916 0 
1 -16.48499870300293 39.469871520996094 117.24999237060547 0.77239635128742201 0.63514083203481519 0 
1 -16.48499870300293 39.469871520996094 -117.24999237060547 0.00083689046098486938 0.00068817428102289609 0.99999941301508533 
1 -16.288747787475586 39.631248474121094 117.24999237060547 0 0 -1 
1 -16.288747787475586 39.631248474121094 -117.24999237060547 -0.77239635128742201 -0.63514083203481519 0 
1 -16.288747787475586 39.999996185302734 -117.24999237060547 0 -0.0015724830672655052 0.99999876364773732 
1 -16.288747787475586 39.631248474121094 117.24999237060547 0 1 0 
1 -16.288747787475586 39.999996185302734 -117.24999237060547 0 -1 0 
1 -16.474998474121094 39.452621459960938 -117.24999237060547 0.0055592515106483338 0 -0.99998454724192687 
1 -16.288747787475586 39.999996185302734 -117.24999237060547 0.29384858429106436 0 -0.95585198096260549 
1 -16.287998199462891 39.999996185302734 -117.31748962402344 -0.011104774716138065 0 0.99993834008827953 
1 -16.268747329711914 39.999996185302734 -117.24999237060547 0.011104774716138065 0 -0.99993834008827953 
1 -16.288747787475586 39.631248474121094 -117.24999237060547 0.0019995675342592265 0.98365493994487596 -0.1800526613291743 
1 -16.287998199462891 39.631248474121094 -117.31748962402344 -0.011104774716138065 0 0.99993834008827953 
1 -16.48499870300293 39.469871520996094 -117.24999237060547 0.7477627499490821 0.61254500409248136 -0.25620204478092773 
1 -16.484624862670898 39.469871520996094 -117.31723785400391 -0.0055592515106483338 0 0.99998454724192687 
1 -16.623748779296875 39.549999237060547 -117.24999237060547 0.15435311868789983 -0.55991969007951703 -0.81404241622447215 
1 -16.623373031616211 39.549999237060547 -117.31723785400391 -0.0055876141554614426 0 0.9999843891621758 
1 -16.611373901367188 39.503746032714844 -117.24999237060547 0.0055876141554614426 0 -0.9999843891621758 
1 -16.610998153686523 39.503746032714844 -117.31723785400391 0.40648318165148872 -0.41104260696523603 0.81597512112423209 
1 -16.577499389648438 39.469871520996094 -117.24999237060547 0.0055876141554614426 0 -0.9999843891621758 
1 -16.577123641967773 39.469871520996094 -117.31723785400391 0.55715670715498344 -0.15029239630889457 0.81669369979444939 
1 -16.531248092651367 39.457496643066406 -117.24999237060547 0.0055876141554614426 0 -0.9999843891621758 
1 -16.530872344970703 39.457496643066406 -117.31723785400391 0.55714073303406086 0.15029433603280473 0.81670424031636302 
1 -16.623373031616211 39.549999237060547 -117.31723785400391 -0.00082583034818438134 0.9890177786113945 0.14779428809943426 
1 -16.623373031616211 39.999996185302734 -117.31723785400391 -0.0055876141554614426 0 0.9999843891621758 
1 -16.623748779296875 39.999996185302734 -117.24999237060547 -0.28015055740025741 0 -0.95995607461400279 
1 -16.643373489379883 39.999996185302734 -117.31723785400391 -0.0055876141554614426 0 0.9999843891621758 
1 -16.530872344970703 39.437496185302734 -117.31723785400391 0.62972242432922487 0.17046831518163286 0.75788536192227596 
1 -16.531248092651367 39.437496185302734 -117.24999237060547 0.0055876141554614426 0 -0.9999843891621758 
1 -16.587247848510742 39.452621459960938 -117.31723785400391 0.63057743884559536 -0.17031604530127967 0.75720838501159093 
1 -16.587499618530273 39.452621459960938 -117.24999237060547 0.0037440173255848465 0 -0.99999299114257079 
1 -16.587499618530273 39.452621459960938 -117.24999237060547 -0.46034804025672527 0.46314063219482021 -0.7573509336113442 
1 -16.628623962402344 39.493743896484375 -117.24999237060547 0.0037156539510539532 0 -0.99999309693403193 
1 -16.628623962402344 39.493743896484375 -117.24999237060547 -0.16590139613551769 0.63275517620858124 -0.75637134645723669 
1 -16.643749237060547 39.549999237060547 -117.24999237060547 0.0055876141554614426 0 -0.9999843891621758 
1 -16.643749237060547 39.549999237060547 -117.24999237060547 0.00082583034818438134 0.9890177786113945 -0.14779428809943426 
1 -16.474624633789062 39.452621459960938 117.31723785400391 -0.0055592515106483338 0 -0.99998454724192687 
1 -16.474624633789062 39.452621459960938 117.31723785400391 0.74376558663740022 0.62273201647938559 -0.24293535721554008 
1 -16.643373489379883 39.437496185302734 117.31723785400391 0.25766265056033233 0.96623493960124629 0 
1 -16.628374099731445 39.493743896484375 117.31723785400391 0.70713957606538469 -0.70707398478664751 0 
1 -16.587247848510742 39.452621459960938 117.31723785400391 -0.96555300115863074 -0.26020646024563115 0 
1 -16.643373489379883 39.549999237060547 117.31723785400391 0.25763002566505755 -0.96624363898336829 0 
1 -16.643373489379883 39.437496185302734 117.31723785400391 0 1 0 
1 -16.577123641967773 39.469871520996094 117.31723785400391 -0.70710678118654757 0.70710678118654757 0 
1 -16.610998153686523 39.503746032714844 117.31723785400391 -0.011433117889069139 -0.07293613327391435 0.99727107863327935 
1 -16.618247985839844 39.457496643066406 117.94961547851562 0.064881861920935591 0.019523840273782761 -0.99770194129040179 
1 -16.618247985839844 39.457496643066406 117.94961547851562 0.13686972820496604 0 -0.99058905581532586 
1 -16.530872344970703 39.457496643066406 117.31723785400391 -0.96602037556737785 0.25846592423114961 0 
1 -16.484624862670898 39.469871520996094 117.31723785400391 -0.96601505228897511 -0.25848581924571579 0 
1 -16.618247985839844 39.457496643066406 117.94961547851562 0.20669995090338994 0.019142545091299853 -0.97821709924942735 
1 -16.287998199462891 39.631248474121094 117.31748962402344 -0.77299152657331771 -0.63441557373061397 -0.00098977467535506149 
1 -16.287998199462891 39.631248474121094 117.31748962402344 -0.44989747113916656 -0.23670116566882005 0.8611415816424175 
1 -16.618247985839844 39.207496643066406 117.91710662841797 0.45176952620254801 -0.88757154070929145 0.090116898069452292 
1 -16.490999221801758 38.957496643066406 117.94248962402344 -0.98067949008480393 0 -0.19562141428537166 
1 -16.618247985839844 38.957496643066406 117.91710662841797 0 1 0 
1 -16.618247985839844 39.207496643066406 117.91710662841797 0.98067949008480393 0 0.19562141428537166 
1 -16.490999221801758 39.207496643066406 117.94248962402344 0 -1 0 
1 -16.490999221801758 39.207496643066406 117.94248962402344 0.3830275914321849 -0.88765855341771882 0.25564067897348058 
1 -16.383123397827148 38.957496643066406 118.01448822021484 -0.83176057937602765 0 -0.55513452297263499 
1 -16.490999221801758 39.207496643066406 117.94248962402344 0.83176057937602765 0 0.55513452297263499 
1 -16.383123397827148 39.207496643066406 118.01448822021484 0 -1 0 
1 -16.383123397827148 39.207496643066406 118.01448822021484 0.25605969650783222 -0.88756165813388133 0.38297223768173055 
1 -16.310998916625977 38.957496643066406 118.12236022949219 -0.5558190616706441 0 -0.83130329644694956 
1 -16.383123397827148 39.207496643066406 118.01448822021484 0.5558190616706441 0 0.83130329644694956 
1 -16.310998916625977 39.207496643066406 118.12236022949219 0 -1 0 
1 -16.310998916625977 39.207496643066406 118.12236022949219 0.089645331768228267 -0.88759577923592814 0.45181572258469482 
1 -16.285749435424805 38.957496643066406 118.24961853027344 -0.19461749148531401 0 -0.98087921377097376 
1 -16.310998916625977 39.207496643066406 118.12236022949219 0.19461749148531401 0 0.98087921377097376 
1 -16.285749435424805 39.207496643066406 118.24961853027344 0 -1 0 
1 -16.285749435424805 39.207496643066406 118.24961853027344 -0.089647525958143709 -0.8876175043349307 0.45177260550836101 
1 -16.310998916625977 38.957496643066406 118.37686157226562 0.19463994560329576 0 -0.98087475835375937 
1 -16.285749435424805 39.207496643066406 118.24961853027344 -0.19463994560329576 0 0.98087475835375937 
1 -16.310998916625977 39.207496643066406 118.37686157226562 0 -1 0 
1 -16.310998916625977 39.207496643066406 118.37686157226562 -0.25605969650783222 -0.88756165813388133 0.38297223768173055 
1 -16.383123397827148 38.957496643066406 118.48473358154297 0.5558190616706441 0 -0.83130329644694956 
1 -16.310998916625977 39.207496643066406 118.37686157226562 -0.5558190616706441 0 0.83130329644694956 
1 -16.383123397827148 39.207496643066406 118.48473358154297 0 -1 0 
1 -16.383123397827148 39.207496643066406 118.48473358154297 -0.38297980977049983 -0.88754782040098579 0.25609633306553103 
1 -16.490999221801758 38.957496643066406 118.55686950683594 0.83127162958885004 0 -0.55586642086089155 
1 -16.383123397827148 39.207496643066406 118.48473358154297 -0.83127162958885004 0 0.55586642086089155 
1 -16.490999221801758 39.207496643066406 118.55686950683594 0 -1 0 
1 -16.490999221801758 39.207496643066406 118.55686950683594 -0.45178932328685634 -0.88761043516232985 0.089633268125981116 
1 -16.618247985839844 38.957496643066406 118.58211517333984 0.98088204262825451 0 -0.19460323339919922 
1 -16.490999221801758 39.207496643066406 118.55686950683594 -0.98088204262825451 0 0.19460323339919922 
1 -16.618247985839844 39.207496643066406 118.58211517333984 0 -1 0 
1 -16.618247985839844 39.207496643066406 118.58211517333984 -0.4517947129493195 -0.88760771952295114 -0.089632993893476717 
1 -16.745498657226562 38.957496643066406 118.55686950683594 0.98088259940873657 0 0.19460042697065227 
1 -16.618247985839844 39.207496643066406 118.58211517333984 -0.98088259940873657 0 -0.19460042697065227 
1 -16.745498657226562 39.207496643066406 118.55686950683594 0 -1 0 
1 -16.745498657226562 39.207496643066406 118.55686950683594 -0.38259834673447851 -0.88769968319729453 -0.25614015211884827 
1 -16.853248596191406 38.957496643066406 118.48473358154297 0.83097153427143333 0 0.55631493709101487 
1 -16.745498657226562 39.207496643066406 118.55686950683594 -0.83097153427143333 0 -0.55631493709101487 
1 -16.853248596191406 39.207496643066406 118.48473358154297 0 -1 0 
1 -16.853248596191406 39.207496643066406 118.48473358154297 -0.25605969650783222 -0.88756165813388133 -0.38297223768173055 
1 -16.925373077392578 38.957496643066406 118.37686157226562 0.5558190616706441 0 0.83130329644694956 
1 -16.853248596191406 39.207496643066406 118.48473358154297 -0.5558190616706441 0 -0.83130329644694956 
1 -16.925373077392578 39.207496643066406 118.37686157226562 0 -1 0 
1 -16.925373077392578 39.207496643066406 118.37686157226562 -0.090090858220363806 -0.88758185272546042 -0.45175445983139734 
1 -16.950748443603516 38.957496643066406 118.24961853027344 0.19557332330905433 0 0.9806890818245364 
1 -16.925373077392578 39.207496643066406 118.37686157226562 -0.19557332330905433 0 -0.9806890818245364 
1 -16.950748443603516 39.207496643066406 118.24961853027344 0 -1 0 
1 -16.950748443603516 39.207496643066406 118.24961853027344 0.090088653356684423 -0.88756013024408753 -0.45179757606419002 
1 -16.925373077392578 38.957496643066406 118.12236022949219 -0.19555077005391275 0 0.9806935792240723 
1 -16.950748443603516 39.207496643066406 118.24961853027344 0.19555077005391275 0 -0.9806935792240723 
1 -16.925373077392578 39.207496643066406 118.12236022949219 0 -1 0 
1 -16.925373077392578 39.207496643066406 118.12236022949219 0.25568443098066668 -0.88781047307136651 -0.38264609714315517 
1 -16.853374481201172 38.957496643066406 118.01461029052734 -0.55558297637975607 0 0.83146109732026019 
1 -16.925373077392578 39.207496643066406 118.12236022949219 0.55558297637975607 0 -0.83146109732026019 
1 -16.853374481201172 39.207496643066406 118.01461029052734 0 -1 0 
1 -16.853374481201172 39.207496643066406 118.01461029052734 0.38298512245668248 -0.88756013244178167 -0.25604571325598641 
1 -16.745498657226562 38.957496643066406 117.94248962402344 -0.83132596074432763 0 0.55578516262358135 
1 -16.853374481201172 39.207496643066406 118.01461029052734 0.83132596074432763 0 -0.55578516262358135 
1 -16.745498657226562 39.207496643066406 117.94248962402344 0 -1 0 
1 -16.745498657226562 39.207496643066406 117.94248962402344 0.45177491574997153 -0.8875688254268882 -0.090116622381447048 
1 -16.618247985839844 38.957496643066406 117.91710662841797 -0.98068005259059798 0 0.19561859433832482 
1 -16.745498657226562 39.207496643066406 117.94248962402344 0.98068005259059798 0 -0.19561859433832482 
1 -16.618247985839844 39.207496643066406 117.91710662841797 0.93882114898599756 0 0.344405067060012 
1 -16.498622894287109 39.207496643066406 117.96099090576172 0.38098470306864901 0 -0.92458134094718425 
1 -16.618247985839844 39.207496643066406 117.91710662841797 0 0 1 
1 -16.618247985839844 39.207496643066406 117.93711090087891 0.98065157437045947 0 0.19576130793581034 
1 -16.490999221801758 38.957496643066406 117.94248962402344 -0.38098470306864901 0 0.92458134094718425 
1 -16.618247985839844 38.957496643066406 117.91710662841797 0.93882114898599756 0 0.344405067060012 
1 -16.498622894287109 38.957496643066406 117.96099090576172 -0.98065157437045947 0 -0.19576130793581034 
1 -16.618247985839844 38.957496643066406 117.93711090087891 0 0 -1 
1 -16.490999221801758 39.207496643066406 117.94248962402344 0.73596652290381004 0 0.67701792972186181 
1 -16.397247314453125 39.207496643066406 118.02873229980469 0.70410525658828926 0 -0.710095618663247 
1 -16.498622894287109 39.207496643066406 117.96099090576172 0.83145295231103722 0 0.55559516564964817 
1 -16.618247985839844 13.474997520446777 118.56223297119141 -0.95563327084905647 0 -0.29455908006091724 
1 -16.732997894287109 13.474997520446777 118.52686309814453 0.98069461599960472 0 0.19554557051845448 
1 -16.618247985839844 13.474997520446777 118.54974365234375 0 0 1 
1 -16.618247985839844 13.474997520446777 118.56223297119141 -0.98063662127083506 0 -0.19583619946915054 
1 -16.737749099731445 13.474997520446777 118.53836822509766 0.38169754982259407 0 -0.92428728242869829 
1 -16.737749099731445 13.474997520446777 118.53836822509766 -0.77098988301330906 0 -0.63684739168118143 
1 -16.830371856689453 13.474997520446777 118.46186065673828 0.83170927072986345 0 0.55521139125741892 
1 -16.737749099731445 13.474997520446777 118.53836822509766 -0.83139030929502611 0 -0.55568890002439386 
1 -16.839122772216797 13.474997520446777 118.47061157226562 0.70710678118654757 0 -0.70710678118654757 
1 -16.839122772216797 13.474997520446777 118.47061157226562 -0.46831595234010565 0 -0.88356107246968496 
1 -16.89537239074707 13.474997520446777 118.36448669433594 0.55520012167668642 0 0.83171679368051277 
1 -16.839122772216797 13.474997520446777 118.47061157226562 -0.55563478209611583 0 -0.83142647836414363 
1 -16.90687370300293 13.474997520446777 118.36923217773438 0.92440482172154037 0 -0.38141280206354766 
1 -16.90687370300293 13.474997520446777 118.36923217773438 -0.09465851745938586 0 -0.99550980159533897 
1 -16.918247222900391 13.474997520446777 118.24961853027344 0.19530495413974444 0 0.98074256300441676 
1 -16.90687370300293 13.474997520446777 118.36923217773438 -0.19592649139715712 0 -0.98061858536782776 
1 -16.930747985839844 13.474997520446777 118.24974060058594 0.99995232551391466 0 -0.0097645634471911092 
1 -16.930747985839844 13.474997520446777 118.24974060058594 0.29430773856551512 0 -0.95571070676248704 
1 -16.89537239074707 13.474997520446777 118.13486480712891 -0.19549228661279922 0 0.98070523903714268 
1 -16.930747985839844 13.474997520446777 118.24974060058594 0.19571019536860559 0 -0.98066177626579398 
1 -16.90687370300293 13.474997520446777 118.13011169433594 0.92418852055132938 0 0.38193661579003529 
1 -16.90687370300293 13.474997520446777 118.13011169433594 0.63679569142406856 0 -0.77103258516339146 
1 -16.830371856689453 13.474997520446777 118.03748321533203 -0.55517003117486796 0 0.83173687935866836 
1 -16.90687370300293 13.474997520446777 118.13011169433594 0.55563478209611583 0 -0.83142647836414363 
1 -16.839122772216797 13.474997520446777 118.02873229980469 0.70710678118654757 0 0.70710678118654757 
1 -16.839122772216797 13.474997520446777 118.02873229980469 0.88360706691466562 0 -0.4682291653650611 
1 -16.732997894287109 13.474997520446777 117.97249603271484 -0.83176945386939549 0 0.55512122604869629 
1 -16.839122772216797 13.474997520446777 118.02873229980469 0.83095667410752405 0 -0.55633713318109723 
1 -16.737749099731445 13.474997520446777 117.96086120605469 0.37805363634629113 0 0.92578369398329019 
1 -16.737749099731445 13.474997520446777 117.96086120605469 0.99560125979156344 0 -0.093691683203215456 
1 -16.618247985839844 13.474997520446777 117.94961547851562 -0.98069461599960472 0 0.19554557051845448 
1 -16.737749099731445 13.474997520446777 117.96086120605469 0.98081658937861982 0 -0.19493285510578223 
1 -16.618247985839844 13.474997520446777 117.93711090087891 0 0 1 
1 -16.618247985839844 13.474997520446777 117.93711090087891 0.95568838803294209 0 0.29438020480153987 
1 -16.503372192382812 13.474997520446777 117.97249603271484 -0.98073568976429526 0 -0.19533946560424528 
1 -16.618247985839844 13.474997520446777 117.93711090087891 0.98065157437045947 0 0.19576130793581034 
1 -16.498622894287109 13.474997520446777 117.96099090576172 -0.38156663232426552 0 0.92434133581524891 
1 -16.498622894287109 13.474997520446777 117.96099090576172 0.77063326605532922 0 0.63727887870923217 
1 -16.406124114990234 13.474997520446777 118.03748321533203 -0.83143764140753607 0 -0.55561807786524864 
1 -16.498622894287109 13.474997520446777 117.96099090576172 0.83145295231103722 0 0.55559516564964817 
1 -16.397247314453125 13.474997520446777 118.02873229980469 -0.71213829220740876 0 0.70203921028096083 
1 -16.397247314453125 13.474997520446777 118.02873229980469 0.4682896700007419 0 0.8835750024590987 
1 -16.340997695922852 13.474997520446777 118.13486480712891 -0.55591316346788533 0 -0.83124037118220395 
1 -16.397247314453125 13.474997520446777 118.02873229980469 0.55562396881222165 0 0.83143370468207223 
1 -16.329498291015625 13.474997520446777 118.13011169433594 -0.92416615816583303 0 0.38199072253263489 
1 -16.329498291015625 13.474997520446777 118.13011169433594 0.093718737423775289 0 0.99559871346627071 
1 -16.318248748779297 13.474997520446777 118.24961853027344 -0.19445724096497502 0 -0.98091099567508644 
1 -16.329498291015625 13.474997520446777 118.13011169433594 0.19490881695088541 0 0.98082136654683771 
1 -16.305749893188477 13.474997520446777 118.24961853027344 -1 0 0 
1 -16.305749893188477 13.474997520446777 118.24961853027344 -0.29335400794352234 0 0.95600388389560009 
1 -16.340997695922852 13.474997520446777 118.36448669433594 0.19427082224884956 0 -0.98094793318644391 
1 -16.305749893188477 13.474997520446777 118.24961853027344 -0.19474137248809154 0 0.98085462625276654 
1 -16.329498291015625 13.474997520446777 118.36923217773438 -0.92438251541089556 0 -0.38146685990086387 
1 -16.329498291015625 13.474997520446777 118.36923217773438 -0.63790756868164977 0 0.77011293575596185 
1 -16.406124114990234 13.474997520446777 118.46173858642578 0.55642511947040596 0 -0.83089775930757237 
1 -16.329498291015625 13.474997520446777 118.36923217773438 -0.55562396881222165 0 0.83143370468207223 
1 -16.397247314453125 13.474997520446777 118.47061157226562 -0.70725873278355889 0 -0.70695479692933305 
1 -16.397247314453125 13.474997520446777 118.47061157226562 -0.88355450152977122 0 0.46832834937304124 
1 -16.503372192382812 13.474997520446777 118.52686309814453 0.83089520260948924 0 -0.55642893731413334 
1 -16.397247314453125 13.474997520446777 118.47061157226562 -0.83139513949189303 0 0.55568167328899354 
1 -16.498622894287109 13.474997520446777 118.53836822509766 -0.38156663232426552 0 -0.92434133581524891 
1 -16.498622894287109 13.474997520446777 118.53836822509766 -0.99550915916802052 0 0.094665273530375238 
1 -16.618247985839844 13.474997520446777 118.54974365234375 0.98073568976429526 0 -0.19533946560424528 
1 -16.498622894287109 13.474997520446777 118.53836822509766 -0.98067558100476393 0 0.19564101006938367 
1 -16.618247985839844 39.207496643066406 118.56223297119141 -0.0046439241420692268 -0.99998878688031079 -0.00092740617154118987 
1 -16.618247985839844 13.474997520446777 118.56223297119141 0 1 0 
1 -16.618247985839844 39.207496643066406 118.56223297119141 -0.98063662127083506 0 -0.19583619946915054 
1 -16.737749099731445 39.207496643066406 118.53836822509766 0 -1 0 
1 -16.737749099731445 39.207496643066406 118.53836822509766 -0.0039394749007600075 -0.99998877363387628 -0.0026330863492182075 
1 -16.737749099731445 39.207496643066406 118.53836822509766 -0.83139030929502611 0 -0.55568890002439386 
1 -16.839122772216797 39.207496643066406 118.47061157226562 0 -1 0 
1 -16.839122772216797 39.207496643066406 118.47061157226562 -0.0026328639844444735 -0.99998877334333636 -0.0039396972636241284 
1 -16.839122772216797 39.207496643066406 118.47061157226562 -0.55563478209611583 0 -0.83142647836414363 
1 -16.90687370300293 39.207496643066406 118.36923217773438 0 -1 0 
1 -16.90687370300293 39.207496643066406 118.36923217773438 -0.00092777677950514875 -0.99998878825752435 -0.0046435535417782663 
1 -16.90687370300293 39.207496643066406 118.36923217773438 -0.19592649139715712 0 -0.98061858536782776 
1 -16.930747985839844 39.207496643066406 118.24974060058594 0 -1 0 
1 -16.930747985839844 39.207496643066406 118.24974060058594 0.00092777675650031102 -0.99998876346214227 -0.0046488901627945601 
1 -16.930747985839844 39.207496643066406 118.24974060058594 0.19571019536860559 0 -0.98066177626579398 
1 -16.90687370300293 39.207496643066406 118.13011169433594 0 -1 0 
1 -16.90687370300293 39.207496643066406 118.13011169433594 0.0026328639844444735 -0.99998877334333636 -0.0039396972636241284 
1 -16.90687370300293 39.207496643066406 118.13011169433594 0.55563478209611583 0 -0.83142647836414363 
1 -16.839122772216797 39.207496643066406 118.02873229980469 0 -1 0 
1 -16.839122772216797 39.207496643066406 118.02873229980469 0.003939474854589513 -0.99998876191404629 -0.0026375335984818757 
1 -16.839122772216797 39.207496643066406 118.02873229980469 0.83095667410752405 0 -0.55633713318109723 
1 -16.737749099731445 39.207496643066406 117.96086120605469 0 -1 0 
1 -16.737749099731445 39.207496643066406 117.96086120605469 0.0046439241611768668 -0.99998879099481075 -0.00092295889510437407 
1 -16.737749099731445 39.207496643066406 117.96086120605469 0.98081658937861982 0 -0.19493285510578223 
1 -16.618247985839844 39.207496643066406 117.93711090087891 0 -1 0 
1 -16.618247985839844 39.207496643066406 117.93711090087891 0.0046487419223680765 -0.99998876394496083 0.00092799912095488249 
1 -16.618247985839844 39.207496643066406 117.93711090087891 0.98065157437045947 0 0.19576130793581034 
1 -16.498622894287109 39.207496643066406 117.96099090576172 0 -1 0 
1 -16.498622894287109 39.207496643066406 117.96099090576172 0.0039395490270962043 -0.9999887749030274 0.0026324933818692151 
1 -16.397247314453125 39.207496643066406 118.02873229980469 0 -1 0 
1 -16.397247314453125 39.207496643066406 118.02873229980469 0.0026327898636220228 -0.99998877353848281 0.0039396972643929544 
1 -16.397247314453125 39.207496643066406 118.02873229980469 0.55562396881222165 0 0.83143370468207223 
1 -16.329498291015625 39.207496643066406 118.13011169433594 0 -1 0 
1 -16.329498291015625 39.207496643066406 118.13011169433594 0.00092288477287693032 -0.9999887900305634 0.0046441465207113447 
1 -16.329498291015625 39.207496643066406 118.13011169433594 0.19490881695088541 0 0.98082136654683771 
1 -16.305749893188477 39.207496643066406 118.24961853027344 0 -1 0 
1 -16.305749893188477 39.207496643066406 118.24961853027344 -0.00092288475507862344 -0.99998877074526582 0.004648297225965034 
1 -16.305749893188477 39.207496643066406 118.24961853027344 -0.19474137248809154 0 0.98085462625276654 
1 -16.329498291015625 39.207496643066406 118.36923217773438 0 -1 0 
1 -16.329498291015625 39.207496643066406 118.36923217773438 -0.0026327898636220228 -0.99998877353848281 0.0039396972643929544 
1 -16.329498291015625 39.207496643066406 118.36923217773438 -0.55562396881222165 0 0.83143370468207223 
1 -16.397247314453125 39.207496643066406 118.47061157226562 0 -1 0 
1 -16.397247314453125 39.207496643066406 118.47061157226562 -0.0039395490209459087 -0.99998877334187763 0.0026330863484493408 
1 -16.397247314453125 39.207496643066406 118.47061157226562 -0.83139513949189303 0 0.55568167328899354 
1 -16.498622894287109 39.207496643066406 118.53836822509766 0 -1 0 
1 -16.498622894287109 39.207496643066406 118.53836822509766 -0.0046487419249253521 -0.99998876449505525 0.00092740615078073293 
1 -16.498622894287109 39.207496643066406 118.53836822509766 -0.98067558100476393 0 0.19564101006938367 
1 -16.490999221801758 38.957496643066406 117.94248962402344 0.73596652290381004 0 0.67701792972186181 
1 -16.397247314453125 38.957496643066406 118.02873229980469 -0.83145295231103722 0 -0.55559516564964817 
1 -16.383123397827148 38.957496643066406 118.01448822021484 -0.70410525658828926 0 0.710095618663247 
1 -16.383123397827148 39.207496643066406 118.01448822021484 0.42074193512686198 0 0.90718037017216335 
1 -16.329498291015625 39.207496643066406 118.13011169433594 0.92230702368207518 0 -0.38645795898999413 
1 -16.397247314453125 39.207496643066406 118.02873229980469 0.55562396881222165 0 0.83143370468207223 
1 -16.383123397827148 38.957496643066406 118.01448822021484 0.42074193512686198 0 0.90718037017216335 
1 -16.329498291015625 38.957496643066406 118.13011169433594 -0.55562396881222165 0 -0.83143370468207223 
1 -16.310998916625977 38.957496643066406 118.12236022949219 -0.92230702368207518 0 0.38645795898999413 
1 -16.310998916625977 39.207496643066406 118.12236022949219 0.041211960029126041 0 0.99915042628753248 
1 -16.305749893188477 39.207496643066406 118.24961853027344 1 0 0 
1 -16.310998916625977 38.957496643066406 118.12236022949219 0.041211960029126041 0 0.99915042628753248 
1 -16.305749893188477 38.957496643066406 118.24961853027344 -0.19490881695088541 0 -0.98082136654683771 
1 -16.285749435424805 38.957496643066406 118.24961853027344 -1 0 0 
1 -16.285749435424805 39.207496643066406 118.24961853027344 -0.34349680657807008 0 0.93915384462326945 
1 -16.329498291015625 39.207496643066406 118.36923217773438 0.92446673891451048 0 0.38126270292381093 
1 -16.285749435424805 38.957496643066406 118.24961853027344 -0.34349680657807008 0 0.93915384462326945 
1 -16.329498291015625 38.957496643066406 118.36923217773438 0.19474137248809154 0 -0.98085462625276654 
1 -16.310998916625977 38.957496643066406 118.37686157226562 -0.92446673891451048 0 -0.38126270292381093 
1 -16.310998916625977 39.207496643066406 118.37686157226562 -0.67704971912967449 0 0.73593727845953605 
1 -16.397247314453125 39.207496643066406 118.47061157226562 0.70715452802329204 0 0.70705903112551716 
1 -16.310998916625977 38.957496643066406 118.37686157226562 -0.67704971912967449 0 0.73593727845953605 
1 -16.397247314453125 38.957496643066406 118.47061157226562 0.55562396881222165 0 -0.83143370468207223 
1 -16.383123397827148 38.957496643066406 118.48473358154297 -0.70715452802329204 0 -0.70705903112551716 
1 -16.383123397827148 39.207496643066406 118.48473358154297 -0.9069793399936299 0 0.4211751142039612 
1 -16.498622894287109 39.207496643066406 118.53836822509766 0.38098470306864901 0 0.92458134094718425 
1 -16.383123397827148 38.957496643066406 118.48473358154297 -0.9069793399936299 0 0.4211751142039612 
1 -16.498622894287109 38.957496643066406 118.53836822509766 0.83139513949189303 0 -0.55568167328899354 
1 -16.490999221801758 38.957496643066406 118.55686950683594 -0.38098470306864901 0 -0.92458134094718425 
1 -16.490999221801758 39.207496643066406 118.55686950683594 -0.99911289411714332 0 0.042112050637149172 
1 -16.618247985839844 39.207496643066406 118.56223297119141 0 0 1 
1 -16.490999221801758 38.957496643066406 118.55686950683594 -0.9991527642310265 0 0.041155239393042956 
1 -16.618247985839844 38.957496643066406 118.56211090087891 0.98086714482057147 0 -0.19467830955589263 
1 -16.618247985839844 38.957496643066406 118.58211517333984 0 0 -1 
1 -16.618247985839844 39.207496643066406 118.58211517333984 -0.93905430145044433 0 -0.34376884519603834 
1 -16.737749099731445 39.207496643066406 118.53836822509766 -0.38634317668820606 0 0.92235511047885765 
1 -16.618247985839844 38.957496643066406 118.58211517333984 -0.93905430145044433 0 -0.34376884519603834 
1 -16.737749099731445 38.957496643066406 118.53836822509766 0.98082856000730634 0 0.19487261447928989 
1 -16.745498657226562 38.957496643066406 118.55686950683594 0.38634317668820606 0 -0.92235511047885765 
1 -16.745498657226562 39.207496643066406 118.55686950683594 -0.73544646564320326 0 -0.67758283344025227 
1 -16.839122772216797 39.207496643066406 118.47061157226562 -0.70720226518783236 0 0.70701128428986104 
1 -16.745498657226562 38.957496643066406 118.55686950683594 -0.73544646564320326 0 -0.67758283344025227 
1 -16.839122772216797 38.957496643066406 118.47061157226562 0.83139030929502611 0 0.55568890002439386 
1 -16.853248596191406 38.957496643066406 118.48473358154297 0.70720226518783236 0 -0.70701128428986104 
1 -16.853248596191406 39.207496643066406 118.48473358154297 -0.42110778590320475 0 -0.90701060228185904 
1 -16.90687370300293 39.207496643066406 118.36923217773438 -0.92446673891451048 0 0.38126270292381093 
1 -16.853248596191406 38.957496643066406 118.48473358154297 -0.42110778590320475 0 -0.90701060228185904 
1 -16.90687370300293 38.957496643066406 118.36923217773438 0.55563478209611583 0 0.83142647836414363 
1 -16.925373077392578 38.957496643066406 118.37686157226562 0.92446673891451048 0 -0.38126270292381093 
1 -16.925373077392578 39.207496643066406 118.37686157226562 -0.042244094754064002 0 -0.99910731979022627 
1 -16.930747985839844 39.207496643066406 118.24974060058594 -0.99998137492148287 0 -0.0061032622539552647 
1 -16.925373077392578 38.957496643066406 118.37686157226562 -0.04220364020005158 0 -0.9991090294626831 
1 -16.930747985839844 38.957496643066406 118.24961853027344 0.19573420514407497 0 0.98065698434091475 
1 -16.950748443603516 38.957496643066406 118.24961853027344 1 0 0 
1 -16.950748443603516 39.207496643066406 118.24961853027344 0.34463937798980743 0 -0.9387351592109453 
1 -16.90687370300293 39.207496643066406 118.13011169433594 -0.92230702368207518 0 -0.38645795898999413 
1 -16.950748443603516 38.957496643066406 118.24961853027344 0.34463937798980743 0 -0.9387351592109453 
1 -16.90687370300293 38.957496643066406 118.13011169433594 -0.19590243536944429 0 0.98062339142828969 
1 -16.925373077392578 38.957496643066406 118.12236022949219 0.92230702368207518 0 0.38645795898999413 
1 -16.925373077392578 39.207496643066406 118.12236022949219 0.67753548279664799 0 -0.7354900880035794 
1 -16.839122772216797 39.207496643066406 118.02873229980469 -0.7103316308294958 0 -0.70386715667312461 
1 -16.925373077392578 38.957496643066406 118.12236022949219 0.67753548279664799 0 -0.7354900880035794 
1 -16.839122772216797 38.957496643066406 118.02873229980469 -0.55563478209611583 0 0.83142647836414363 
1 -16.853374481201172 38.957496643066406 118.01461029052734 0.7103316308294958 0 0.70386715667312461 
1 -16.853374481201172 39.207496643066406 118.01461029052734 0.90681154828495192 0 -0.42153625691872365 
1 -16.737749099731445 39.207496643066406 117.96086120605469 -0.38865990226748615 0 -0.92138128935279995 
1 -16.853374481201172 38.957496643066406 118.01461029052734 0.90681154828495192 0 -0.42153625691872365 
1 -16.737749099731445 38.957496643066406 117.96086120605469 -0.83095667410752405 0 0.55633713318109723 
1 -16.745498657226562 38.957496643066406 117.94248962402344 0.38865990226748615 0 0.92138128935279995 
1 -16.745498657226562 39.207496643066406 117.94248962402344 0.99910787286422253 0 -0.042231012073222426 
1 -16.745498657226562 38.957496643066406 117.94248962402344 0.99910787286422253 0 -0.042231012073222426 
1 -16.618247985839844 38.957496643066406 117.93711090087891 -0.98081658937861982 0 0.19493285510578223 
1 -16.269374847412109 39.437496185302734 117.31748962402344 -0.16861601758431988 -0.30328348045140058 0.93786340641870092 
1 -16.329498291015625 39.207496643066406 118.13011169433594 0.071010712799372919 0.27164830320491029 -0.95977324302859057 
1 -16.498622894287109 39.207496643066406 117.96099090576172 0.31804799114085369 0.31909058056868161 -0.89276350548373617 
1 -16.397247314453125 39.207496643066406 118.02873229980469 -0.83145295231103722 0 -0.55559516564964817 
1 -16.618247985839844 39.457496643066406 117.94961547851562 0.98073568976429526 0 0.19533946560424528 
1 -16.503372192382812 39.457496643066406 117.97249603271484 0.30289063090939339 0.2443554164377876 -0.92116648667047418 
1 -16.503372192382812 39.457496643066406 117.97249603271484 0.83143764140753607 0 0.55561807786524864 
1 -16.406124114990234 39.457496643066406 118.03748321533203 0.15749643257083856 0.23166206519203497 -0.95996227075777352 
1 -16.406124114990234 39.457496643066406 118.03748321533203 0.55591316346788533 0 0.83124037118220395 
1 -16.340997695922852 39.457496643066406 118.13486480712891 0.063296763061609224 0.20751005606435938 -0.97618292159722242 
1 -16.340997695922852 39.457496643066406 118.13486480712891 0.19445724096497502 0 0.98091099567508644 
1 -16.318248748779297 39.457496643066406 118.24961853027344 0.031887426310597045 0.183153656191056 -0.98256701057339324 
1 -16.269374847412109 39.437496185302734 117.31748962402344 0.00034503204251805776 0 0.99999994047644303 
1 -16.318248748779297 39.457496643066406 118.24961853027344 -0.19427082224884956 0 0.98094793318644391 
1 -16.305749893188477 39.207496643066406 118.24961853027344 0.064539560450514386 0.40253271110405131 0.91312762614438336 
1 -16.305749893188477 39.207496643066406 118.24961853027344 0.037860136615791865 0.23938977683141305 -0.97018510852519269 
1 -16.555747985839844 39.999996185302734 118.76960754394531 -0.94737069587866729 0 -0.32013866462889096 
1 -16.699249267578125 39.999996185302734 118.72111511230469 -0.38098470306864901 0 0.92458134094718425 
1 -16.706872940063477 39.999996185302734 118.73961639404297 0.98087146219747035 0 0.19465655562193812 
1 -16.555747985839844 39.999996185302734 118.76960754394531 0 0 -1 
1 -16.555747985839844 39.999996185302734 118.74961853027344 -0.9808385531800009 0 -0.19482231031317365 
1 -16.699249267578125 39.999996185302734 118.72111511230469 -0.83151225192633704 0 -0.55550641301103965 
1 -16.706872940063477 39.999996185302734 118.73961639404297 -0.75256343479497878 0 -0.65851976174567739 
1 -16.820873260498047 39.999996185302734 118.63986206054688 -0.70701131007718132 0 0.70720223940747495 
1 -16.834999084472656 39.999996185302734 118.65399169921875 0.83142901615619724 0 0.55563098464136962 
1 -16.820873260498047 39.999996185302734 118.63986206054688 -0.55547633406928021 0 -0.83153234590661196 
1 -16.834999084472656 39.999996185302734 118.65399169921875 -0.44321926575905984 0 -0.89641323197507505 
1 -16.902122497558594 39.999996185302734 118.51823425292969 -0.92448059228905433 0 0.38122911022229045 
1 -16.920623779296875 39.999996185302734 118.52586364746094 0.55562526688477254 0 0.83143283721490413 
1 -16.902122497558594 39.999996185302734 118.51823425292969 -0.12875485641496781 0 -0.99167645275541416 
1 -16.920623779296875 39.999996185302734 118.52586364746094 -0.059171712930792222 0 -0.99824781912550953 
1 -16.956998825073242 39.999996185302734 118.24974060058594 0.20039505032648572 0 -0.97971517483636295 
1 -16.900747299194336 39.999996185302734 117.9747314453125 -0.96530774333796998 0 -0.26111484188332923 
1 -16.920124053955078 39.999996185302734 117.96949005126953 -0.13045346527537402 0 0.991454433344088 
1 -16.956998825073242 39.999996185302734 118.24974060058594 0.99998137492148287 0 -0.0061032622539552647 
1 -16.93699836730957 39.999996185302734 118.24961853027344 0.13074420662566719 0 -0.99141613484642499 
1 -16.900747299194336 39.999996185302734 117.9747314453125 0.38247059015648693 0 -0.92396766591983537 
1 -16.920124053955078 39.999996185302734 117.96949005126953 0.44702879032134668 0 -0.8945195697265842 
1 -16.794624328613281 39.999996185302734 117.71836090087891 -0.86507021301931608 0 -0.50165080140144791 
1 -16.811872482299805 39.999996185302734 117.70835876464844 -0.38294747596348849 0 0.92377011786114493 
1 -16.956998825073242 39.999996185302734 118.24974060058594 0.13060650993898196 0 0.99143428403578948 
1 -16.794624328613281 39.999996185302734 117.71836090087891 0.37726058050555678 0 -0.92610715060224558 
1 -16.811872482299805 39.999996185302734 117.70835876464844 0.44318922194127719 0 -0.89642808610344504 
1 -16.623373031616211 39.999996185302734 117.31723785400391 -0.52731388228879039 0 0.84967056530488561 
1 -16.709249496459961 39.999996185302734 117.45561218261719 0.92232122393031069 0 0.38642406742812196 
1 -16.69074821472168 39.999996185302734 117.46336364746094 0.41871237235213593 0 -0.90811890699359743 
1 -16.623373031616211 39.999996185302734 117.31723785400391 -1 0 0 
1 -16.643373489379883 39.999996185302734 117.31723785400391 -0.42984565408338843 0 0.90290238324285321 
1 -16.709249496459961 39.999996185302734 117.45561218261719 -0.37620299385454853 0 0.92653726714842644 
1 -16.555747985839844 39.999996185302734 118.76960754394531 0.99998129279418901 0 0.0061167034963641766 
1 -16.555747985839844 39.999996185302734 118.74961853027344 0.99713984991635851 0 0.075578566464189936 
1 -16.26887321472168 39.999996185302734 118.7713623046875 -0.70703935098806714 0 -0.70717420495544991 
1 -16.288873672485352 39.999996185302734 118.75135803222656 -0.99997875814412607 0 -0.0065179184201391016 
1 -16.93699836730957 39.999996185302734 118.24961853027344 0 -1 0 
1 -16.900747299194336 39.999996185302734 117.9747314453125 -0.077730082845912291 -0.80408061286799559 0.58941700198636637 
1 -16.93699836730957 39.624996185302734 118.24961853027344 0.12458590838731835 0.30329058240894691 -0.94471856870358417 
1 -16.900747299194336 39.713245391845703 117.9747314453125 0 1 0 
1 -16.794624328613281 39.999996185302734 117.71836090087891 -0.26596153332865147 -0.71864442065151179 0.64250654429034848 
1 -16.900747299194336 39.713245391845703 117.9747314453125 0.38166817878064158 0.064742074288389351 -0.92202921055848597 
1 -16.794624328613281 39.731246948242188 117.71836090087891 0 1 0 
1 -16.555747985839844 39.999996185302734 118.74961853027344 0 -1 0 
1 -16.699249267578125 39.999996185302734 118.72111511230469 0.25539421150493691 -0.9655052634576955 0.050728522206520507 
1 -16.555747985839844 39.457496643066406 118.74961853027344 -0.9808385531800009 0 -0.19482231031317365 
1 -16.699249267578125 39.457496643066406 118.72111511230469 0 1 0 
1 -16.820873260498047 39.999996185302734 118.63986206054688 0.21646207816254337 -0.96552148548536143 0.14461130586400822 
1 -16.699249267578125 39.457496643066406 118.72111511230469 -0.82297274254649844 0.14294837525397575 -0.54980144328452207 
1 -16.820873260498047 39.478622436523438 118.63986206054688 0 1 0 
1 -16.902122497558594 39.999996185302734 118.51823425292969 0.15004396647570495 -0.96282732137973481 0.22461156989113931 
1 -16.820873260498047 39.478622436523438 118.63986206054688 -0.54155762967540455 0.2224558759580316 -0.81069643948404146 
1 -16.902122497558594 39.511997222900391 118.51823425292969 0 1 0 
1 -16.69074821472168 39.999996185302734 117.46336364746094 0 -1 0 
1 -16.623373031616211 39.999996185302734 117.31723785400391 -0.18509953338761964 -0.89698131373077672 0.40145072618877581 
1 -16.69074821472168 39.673500061035156 117.46336364746094 0.33215703108046951 -0.60885425666573434 -0.72039447585598826 
1 -16.623373031616211 39.549999237060547 117.31723785400391 0 1 0 
1 -16.794624328613281 39.731246948242188 117.71836090087891 0.26997662106382808 0.69848599660556188 -0.66274424676861066 
1 -16.794624328613281 39.731246948242188 117.71836090087891 0.36922764847392547 -0.20526131149256474 -0.90638774131536415 
1 -16.93699836730957 39.999996185302734 118.24961853027344 0.062486537105625635 -0.87433992297230134 0.48127448693789826 
1 -16.902122497558594 39.511997222900391 118.51823425292969 -0.11882939286387376 0.38501113212071847 -0.91523002766229522 
1 -16.555747985839844 39.457496643066406 118.74961853027344 0.44141273514524265 0.89729957051165876 0.0028771533133631695 
1 -16.288873672485352 39.999996185302734 118.75135803222656 0 -1 0 
1 -16.288873672485352 39.457496643066406 118.75135803222656 -0.99997875814412607 0 -0.0065179184201391016 
1 -16.900747299194336 39.713245391845703 117.9747314453125 0.258186089573752 -0.93826435771434291 0.23021715442926094 
1 -16.794624328613281 39.731246948242188 117.71836090087891 -0.084716402669670593 -0.64874810461860011 0.75627311724831536 
1 -16.830371856689453 39.457496643066406 118.03748321533203 0.83176945386939549 0 -0.55512122604869629 
1 -16.732997894287109 39.457496643066406 117.97249603271484 -0.16278374905183371 0.72310042707877997 -0.67128773518001617 
1 -16.732997894287109 39.457496643066406 117.97249603271484 0.076170902816606031 0.38942722234549232 -0.91790219090073955 
1 -16.900747299194336 39.713245391845703 117.9747314453125 0.017809918443900299 -0.84743105907339089 0.53060664048122552 
1 -16.89537239074707 39.457496643066406 118.13486480712891 0.55517003117486796 0 -0.83173687935866836 
1 -16.93699836730957 39.624996185302734 118.24961853027344 0.20083817797710929 -0.80815648431056553 -0.55366697854723257 
1 -16.93699836730957 39.624996185302734 118.24961853027344 0.11125248648765902 -0.99379217357066829 0 
1 -16.918247222900391 39.457496643066406 118.24961853027344 0.19549228661279922 0 -0.98070523903714268 
1 -16.918247222900391 39.457496643066406 118.24961853027344 0.058728734723651185 0.19849951099995375 0.97833985907277554 
1 -16.902122497558594 39.511997222900391 118.51823425292969 0.041345467719954287 -0.33382463821135172 -0.94172801977114295 
1 -16.89537239074707 39.457496643066406 118.36448669433594 -0.19530495413974444 0 -0.98074256300441676 
1 -16.902122497558594 39.511997222900391 118.51823425292969 0.67507930095649082 -0.51277888100193436 -0.53040150510580153 
1 -16.830371856689453 39.457496643066406 118.46186065673828 -0.55520012167668642 0 -0.83171679368051277 
1 -16.902122497558594 39.511997222900391 118.51823425292969 0.95067994202681749 -0.30635760306162496 0.048504297482004313 
1 -16.732997894287109 39.457496643066406 118.52686309814453 -0.83170927072986345 0 -0.55521139125741892 
1 -16.820873260498047 39.478622436523438 118.63986206054688 0.60730718780721193 -0.14600048645929586 -0.78093651316310264 
1 -16.503372192382812 39.457496643066406 118.52686309814453 -0.71004603522502852 0 0.70415525834947612 
1 -16.555747985839844 39.457496643066406 118.74961853027344 0.22888508832294766 0 -0.97345344847270254 
1 -16.503372192382812 39.457496643066406 118.52686309814453 -0.98073568976429526 0 0.19533946560424528 
1 -16.618247985839844 39.457496643066406 118.54974365234375 -0.42733355892883951 0 0.90409403792592946 
1 -16.618247985839844 39.457496643066406 118.54974365234375 -0.90958854404368883 0.094834071143211185 0.40454317383301214 
1 -16.618247985839844 39.457496643066406 118.54974365234375 -0.98069461599960472 0 -0.19554557051845448 
1 -16.555747985839844 39.457496643066406 118.74961853027344 0.46117391778154099 0 -0.88730976415118101 
1 -16.406124114990234 39.457496643066406 118.46173858642578 -0.83089520260948924 0 0.55642893731413334 
1 -16.288873672485352 39.457496643066406 118.75135803222656 -0.37525744650085197 0 -0.9269206270472462 
1 -16.288873672485352 39.457496643066406 118.75135803222656 -0.13352571242338646 0 -0.99104534917521669 
1 -16.340997695922852 39.457496643066406 118.36448669433594 -0.55642511947040596 0 0.83089775930757237 
1 -16.288873672485352 39.457496643066406 118.75135803222656 -0.058446386862008454 0 -0.99829054881971924 
1 -16.956998825073242 39.437496185302734 118.24974060058594 0 1 0 
1 -16.956998825073242 39.437496185302734 118.24974060058594 0.058575203664873586 0.89352560198702735 -0.44517518361802128 
1 -16.920124053955078 39.999996185302734 117.96949005126953 0 -1 0 
1 -16.920124053955078 39.437496185302734 117.96949005126953 -0.13045346527537402 0 0.991454433344088 
1 -16.920124053955078 39.437496185302734 117.96949005126953 0.17195483540621845 0.89351677243095218 -0.41480032782652726 
1 -16.811872482299805 39.999996185302734 117.70835876464844 0 -1 0 
1 -16.811872482299805 39.437496185302734 117.70835876464844 -0.38294747596348849 0 0.92377011786114493 
1 -16.555747985839844 39.437496185302734 118.76960754394531 0 1 0 
1 -16.555747985839844 39.437496185302734 118.76960754394531 -0.25912211179247874 0.96447465365369844 -0.051423473626202913 
1 -16.706872940063477 39.999996185302734 118.73961639404297 0 -1 0 
1 -16.706872940063477 39.437496185302734 118.73961639404297 0.98087146219747035 0 0.19465655562193812 
1 -16.706872940063477 39.437496185302734 118.73961639404297 -0.21968473080258655 0.96446093532493349 -0.14681186356813866 
1 -16.834999084472656 39.999996185302734 118.65399169921875 0 -1 0 
1 -16.834999084472656 39.437496185302734 118.65399169921875 0.83142901615619724 0 0.55563098464136962 
1 -16.834999084472656 39.437496185302734 118.65399169921875 -0.14681175809157182 0.96446024241071071 -0.21968784330302565 
1 -16.920623779296875 39.999996185302734 118.52586364746094 0 -1 0 
1 -16.920623779296875 39.437496185302734 118.52586364746094 0.55562526688477254 0 0.83143283721490413 
1 -16.709249496459961 39.437496185302734 117.45561218261719 0 1 0 
1 -16.709249496459961 39.437496185302734 117.45561218261719 0.11299414276275541 0.9648308712273358 -0.23734724272257743 
1 -16.643373489379883 39.999996185302734 117.31723785400391 0 -1 0 
1 -16.643373489379883 39.437496185302734 117.31723785400391 -0.42984565408338843 0 0.90290238324285321 
1 -16.920623779296875 39.437496185302734 118.52586364746094 -0.057952227878142561 0.89616734455449532 -0.43991548033469363 
1 -16.956998825073242 39.437496185302734 118.24974060058594 0.13060650993898196 0 0.99143428403578948 
1 -16.811872482299805 39.437496185302734 117.70835876464844 0.16415611117805221 0.89977709946735807 -0.40429437596509654 
1 -16.709249496459961 39.437496185302734 117.45561218261719 -0.37620299385454853 0 0.92653726714842644 
1 -16.26887321472168 39.437496185302734 118.7713623046875 -0.45432404076640287 0.89083216322929026 -0.0027790174362892898 
1 -16.555747985839844 39.437496185302734 118.76960754394531 0.99998129279418901 0 0.0061167034963641766 
1 -16.26887321472168 39.437496185302734 118.7713623046875 0 1 0 
1 -16.839122772216797 39.207496643066406 118.02873229980469 0.068931423107097684 0.58179915915114999 -0.81040619279435733 
1 -16.839122772216797 39.207496643066406 118.02873229980469 0.20580261334360517 0.364466874222026 -0.90819005826741384 
1 -16.709249496459961 39.437496185302734 117.45561218261719 -0.051270504561009005 -0.4137669028907664 0.90893799867441039 
1 -16.737749099731445 39.207496643066406 117.96086120605469 -0.83095667410752405 0 0.55633713318109723 
1 -16.90687370300293 39.207496643066406 118.13011169433594 0.19400105590785094 0.46967979697446421 -0.86125749844089305 
1 -16.839122772216797 39.207496643066406 118.02873229980469 -0.55563478209611583 0 0.83142647836414363 
1 -16.90687370300293 39.207496643066406 118.13011169433594 -0.047180071438347376 0.81895150344962675 -0.57191999078251177 
1 -16.90687370300293 39.207496643066406 118.13011169433594 -0.18983058589618249 0.87103923252956861 0.45305077425451162 
1 -16.90687370300293 39.207496643066406 118.13011169433594 -0.19571019536860559 0 0.98066177626579398 
1 -16.930747985839844 39.207496643066406 118.24974060058594 -0.11339810242576541 0.99354963155659004 0 
1 -16.930747985839844 39.207496643066406 118.24974060058594 0.028161258642666085 0.63976140442436558 0.76805747761520049 
1 -16.930747985839844 39.207496643066406 118.24974060058594 0.19592649139715712 0 0.98061858536782776 
1 -16.90687370300293 39.207496643066406 118.36923217773438 -0.049352815620150495 0.82553178310049491 0.5621935384556469 
1 -16.90687370300293 39.207496643066406 118.36923217773438 0.19267622038709983 0.61656595047100338 0.76336249764913777 
1 -16.90687370300293 39.207496643066406 118.36923217773438 0.55563478209611583 0 0.83142647836414363 
1 -16.839122772216797 39.207496643066406 118.47061157226562 0.014017308037942006 0.78181827338726861 0.62334878075850886 
1 -16.706872940063477 39.437496185302734 118.73961639404297 -0.35002728274626344 -0.60874266145407108 -0.7119784220459785 
1 -16.839122772216797 39.207496643066406 118.47061157226562 0.83139030929502611 0 0.55568890002439386 
1 -16.737749099731445 39.207496643066406 118.53836822509766 0.10051785909720108 0.74876739295126571 0.65516681177809988 
1 -16.737749099731445 39.207496643066406 118.53836822509766 0.48729668039308716 0.61580949164105181 0.61912891652923685 
1 -16.737749099731445 39.207496643066406 118.53836822509766 0.98063662127083506 0 0.19583619946915054 
1 -16.618247985839844 39.207496643066406 118.56223297119141 0.19783013139282812 0.72801343457444978 0.65639902360698987 
1 -16.618247985839844 39.207496643066406 118.56223297119141 0.74708416945914824 0.49181861769147667 0.44719088881100844 
1 -16.618247985839844 39.207496643066406 118.56223297119141 0.98067558100476393 0 -0.19564101006938367 
1 -16.498622894287109 39.207496643066406 118.53836822509766 0.57442635593963742 0.57505106933989558 0.58253809253382882 
1 -16.498622894287109 39.207496643066406 118.53836822509766 0.83139513949189303 0 -0.55568167328899354 
1 -16.397247314453125 39.207496643066406 118.47061157226562 0.3211051770290444 0.57530330402235119 0.75227493223296515 
1 -16.397247314453125 39.207496643066406 118.47061157226562 0.55562396881222165 0 -0.83143370468207223 
1 -16.329498291015625 39.207496643066406 118.36923217773438 0.1297602032686917 0.49228453268392186 0.86070798098300483 
1 -16.329498291015625 39.207496643066406 118.36923217773438 0.19474137248809154 0 -0.98085462625276654 
1 -16.288873672485352 39.999996185302734 118.75135803222656 0.00061056708849125936 0 -0.99999981360389789 
1 -16.288873672485352 39.457496643066406 118.75135803222656 0.00057106098662005624 0.35386621390064515 -0.93529587647384205 
1 -16.287998199462891 39.999996185302734 117.31748962402344 0 -1 0 
1 -16.287998199462891 39.631248474121094 117.31748962402344 -0.00060613312130369465 -0.12029695603111411 0.992737767475524 
1 -16.288873672485352 39.999996185302734 118.75135803222656 0.014557625015985133 0 -0.99989403216235573 
1 -16.267997741699219 39.999996185302734 117.31748962402344 -1 0 0 
1 -16.26887321472168 39.999996185302734 118.7713623046875 0.00060216611494207605 0 -0.99999981869796861 
1 -16.709249496459961 39.437496185302734 117.45561218261719 0.99996098632532937 0 0.0088332229267846802 
1 -16.737749099731445 39.207496643066406 117.96086120605469 0.10218418499724907 0.41231327194506528 -0.90529340995856289 
1 -16.680747985839844 39.437496185302734 117.45586395263672 0.11638014050519417 -0.42827806466550733 0.89612139926594703 
1 -16.618247985839844 39.207496643066406 117.93711090087891 -0.98081658937861982 0 0.19493285510578223 
1 -16.643373489379883 39.437496185302734 117.31723785400391 -0.26031171086477961 0 0.96552463106160658 
1 -16.305749893188477 39.207496643066406 118.24961853027344 -0.19490881695088541 0 -0.98082136654683771 
1 -16.269374847412109 39.437496185302734 117.31748962402344 -0.46680909597274628 -0.30775048738160615 0.82908317160191547 
1 -16.680747985839844 39.437496185302734 117.45586395263672 0.94781578145388634 0 -0.31881851330648719 
1 -16.623373031616211 39.549999237060547 117.31723785400391 0.0080188110711672915 -0.14473252673221859 0.9894383226733805 
1 -16.610998153686523 39.503746032714844 117.31723785400391 -0.2584559778311723 0.96602303674567336 0 
1 -16.623373031616211 39.549999237060547 117.31723785400391 -0.16343042436028499 -0.13790428396041934 0.97686892921147883 
1 -16.732997894287109 39.457496643066406 117.97249603271484 0.98069461599960472 0 -0.19554557051845448 
1 -16.680747985839844 39.437496185302734 117.45586395263672 0.7341210948620881 0 -0.67901856975968544 
1 -16.530872344970703 39.437496185302734 117.31723785400391 0.99999953650755946 0 0.00096280042902259554 
1 -16.587247848510742 39.452621459960938 117.31723785400391 0.96584223881361375 -0.25913079655553534 0 
1 -16.530872344970703 39.437496185302734 117.31723785400391 -1 0 0 
1 -16.530872344970703 39.437496185302734 117.31723785400391 0.99999954135097746 0 0.00095775666771871705 
1 -16.267997741699219 39.437496185302734 117.31748962402344 -1 0 0 
1 -16.530872344970703 39.437496185302734 117.31723785400391 0.96569475720315923 0.25967987197765524 0 
1 -16.267997741699219 39.437496185302734 117.31748962402344 -0.99733079683851777 0.073005512857968524 -0.0012152241736761468 
1 -16.267997741699219 39.624996185302734 117.31748962402344 0 -1 0 
1 -16.474624633789062 39.452621459960938 117.31723785400391 0.76788153026279293 0.64059119573135959 0.00093564562635868142 
1 -16.268747329711914 39.624996185302734 117.24999237060547 0.011104774716138065 0 0.99993834008827953 
1 -16.288747787475586 39.999996185302734 117.24999237060547 0.29384858429106436 0 0.95585198096260549 
1 -16.267997741699219 39.999996185302734 117.31748962402344 -0.011104774716138065 0 -0.99993834008827953 
1 -16.288747787475586 39.999996185302734 117.24999237060547 0.011104774716138065 0 0.99993834008827953 
1 -16.288747787475586 39.631248474121094 117.24999237060547 0.0019995675342592265 0.98365493994487596 0.1800526613291743 
1 -16.288747787475586 39.631248474121094 117.24999237060547 0.011104774716138065 0 0.99993834008827953 
1 -16.48499870300293 39.469871520996094 117.24999237060547 0.7477627499490821 0.61254500409248136 0.25620204478092773 
1 -16.48499870300293 39.469871520996094 117.24999237060547 0.0055592515106483338 0 0.99998454724192687 
1 -16.623748779296875 39.549999237060547 117.24999237060547 0.15435311868789983 -0.55991969007951703 0.81404241622447215 
1 -16.610998153686523 39.503746032714844 117.31723785400391 -0.0055876141554614426 0 -0.9999843891621758 
1 -16.623748779296875 39.549999237060547 117.24999237060547 0.0055876141554614426 0 0.9999843891621758 
1 -16.610998153686523 39.503746032714844 117.31723785400391 0.40648318165148872 -0.41104260696523603 -0.81597512112423209 
1 -16.577123641967773 39.469871520996094 117.31723785400391 -0.0055876141554614426 0 -0.9999843891621758 
1 -16.577123641967773 39.469871520996094 117.31723785400391 0.55715670715498344 -0.15029239630889457 -0.81669369979444939 
1 -16.530872344970703 39.457496643066406 117.31723785400391 -0.0055876141554614426 0 -0.9999843891621758 
1 -16.530872344970703 39.457496643066406 117.31723785400391 0.55714073303406086 0.15029433603280473 -0.81670424031636302 
1 -16.623373031616211 39.549999237060547 117.31723785400391 -0.00082583034818438134 0.9890177786113945 -0.14779428809943426 
1 -16.623748779296875 39.999996185302734 117.24999237060547 0.0055876141554614426 0 0.9999843891621758 
1 -16.623748779296875 39.999996185302734 117.24999237060547 -0.28015055740025741 0 0.95995607461400279 
1 -16.643749237060547 39.999996185302734 117.24999237060547 0.0055876141554614426 0 0.9999843891621758 
1 -16.530872344970703 39.437496185302734 117.31723785400391 0.62972242432922487 0.17046831518163286 -0.75788536192227596 
1 -16.530872344970703 39.437496185302734 117.31723785400391 -0.0055876141554614426 0 -0.9999843891621758 
1 -16.587247848510742 39.452621459960938 117.31723785400391 0.63057743884559536 -0.17031604530127967 -0.75720838501159093 
1 -16.587247848510742 39.452621459960938 117.31723785400391 -0.0037440173255848465 0 -0.99999299114257079 
1 -16.587499618530273 39.452621459960938 117.24999237060547 -0.46034804025672527 0.46314063219482021 0.7573509336113442 
1 -16.628374099731445 39.493743896484375 117.31723785400391 -0.0037156539510539532 0 -0.99999309693403193 
1 -16.628623962402344 39.493743896484375 117.24999237060547 -0.16590139613551769 0.63275517620858124 0.75637134645723669 
1 -16.643373489379883 39.549999237060547 117.31723785400391 -0.0055876141554614426 0 -0.9999843891621758 
1 -16.643749237060547 39.549999237060547 117.24999237060547 0.00082583034818438134 0.9890177786113945 0.14779428809943426 
Polygon3D 0
PolygonOnTriangulations 0
Surfaces 662
1 -16.342127338819214 39.507410583570007 -117.31739929884877 0.0012184756305698666 0 0.99999925765829334 0.99999925765829334 0 -0.0012184756305698666 -0 1 0 
1 -16.360152326786199 39.548293402498636 -117.29843403163632 0.64058037746077245 -0.7678581717205879 0.0071139394241577121 -0.76787760239277736 -0.64059658736487168 -1.5711835315539315e-19 0.0045571653178358507 -0.005462634748589679 -0.99997469561277874 
1 -16.399796356439033 39.441295762950894 -117.31734986001923 0.00095775059288219554 -0.0035616727596590059 0.99999319857734781 -2.8593980456615369e-22 0.99999365721764299 0.003561674393196762 -0.99999954135679581 -3.4111957617375334e-06 0.00095774451807863258 
1 -16.494056138273091 39.447432833968406 -117.29275704014636 0.25967960137611873 -0.96569375089303144 0.0014436465245552259 -0.96569475720315923 -0.2596798719776553 -1.0549723652798747e-22 0.00037488594467748808 -0.0013941218800175435 -0.99999895794181315 
1 -16.399435043493696 39.437496185302734 -117.31736406874674 -0 -1 -0 0 0 -1 1 -0 0 
1 -16.679684653748378 13.474997520446779 -118.54671986577608 -0 -1 -0 0 0 -1 1 -0 0 
1 -16.672751768136358 13.474997520446779 -118.54219283975112 -0 -1 -0 0 0 -1 1 -0 0 
1 -16.780519001819364 13.474997520446776 -118.49903724773512 -0 -1 -0 0 0 -1 1 -0 0 
1 -16.648194003719059 26.310854030528336 -118.55625265778734 -0.19583619946915048 -0 -0.98063662127083506 -0.98063662127083506 0 0.19583619946915048 0 1 -0 
1 -16.561369105529788 13.474997520446776 -118.54763266767091 -0 -1 -0 0 0 -1 1 -0 0 
1 -16.788622575069134 13.474997520446777 -118.50056343951817 -0 -1 -0 0 0 -1 1 -0 0 
1 -16.863583269154397 13.474997520446779 -118.41791085991726 -0 -1 -0 0 0 -1 1 -0 0 
1 -16.763152562045565 26.3108361259806 -118.52138892924552 -0.55568890002439386 -0 -0.83139030929502622 -0.83139030929502622 0 0.55568890002439386 0 1 -0 
1 -16.871659114608132 13.474997520446779 -118.41620778389694 -0 -1 -0 0 0 -1 1 -0 0 
1 -16.909293424168109 13.474997520446776 -118.3111740514033 -0 -1 -0 0 0 -1 1 -0 0 
1 -16.856100634687564 26.310835733391116 -118.44520667527382 -0.83142647836414374 -0 -0.55563478209611583 0.55563478209611583 0 -0.83142647836414374 0 -1 0 
1 -16.916139370719634 13.474997520446777 -118.30651987817184 -0 -1 -0 0 0 -1 1 -0 0 
1 -16.91070394375609 13.474997520446779 -118.19514656626492 -0 -1 -0 0 0 -1 1 -0 0 
1 -16.912856405370192 26.310855892649233 -118.33928855403025 -0.98061858536782776 -0 -0.19592649139715709 0.19592649139715709 0 -0.98061858536782776 0 -1 0 
1 -16.915231775602322 13.474997520446779 -118.18824081035562 -0 -1 -0 0 0 -1 1 -0 0 
1 -16.867545961671002 13.474997520446777 -118.08733902718321 -0 -1 -0 0 0 -1 1 -0 0 
1 -16.924765267854653 26.310822384555451 -118.21976248506056 -0.98066177626579409 -0 0.19571019536860565 -0.19571019536860565 0 -0.98066177626579409 0 -1 -0 
1 -16.869071940593422 13.474997520446777 -118.07923523374593 -0 -1 -0 0 0 -1 1 -0 0 
1 -16.786422209636996 13.474997520446777 -118.00427821820514 -0 -1 -0 0 0 -1 1 -0 0 
1 -16.889895840532169 26.310835733391116 -118.10470679734415 -0.83142647836414374 -0 0.55563478209611583 -0.55563478209611583 0 -0.83142647836414374 0 -1 -0 
1 -16.784697012673735 13.474997520446776 -117.99615271280371 -0 -1 -0 0 0 -1 1 -0 0 
1 -16.67977372754698 13.474997520446776 -117.95854141441265 -0 -1 -0 0 0 -1 1 -0 0 
1 -16.813719278568939 26.310820293715004 -118.01172430496065 -0.55633713318109734 0 0.83095667410752416 0.83095667410752416 0 0.55633713318109734 0 1 -0 
1 -16.675061288262324 13.474997520446777 -117.9516598731078 -0 -1 -0 0 0 -1 1 -0 0 
1 -16.56368488717926 13.474997520446777 -117.95716214158945 -0 -1 -0 0 0 -1 1 -0 0 
1 -16.707803094831917 26.310859594056005 -117.95490957320375 -0.19493285510578229 0 0.98081658937861982 0.98081658937861982 0 0.19493285510578229 0 1 -0 
1 -16.556748776885065 13.474997520446776 -117.9526312810483 -0 -1 -0 0 0 -1 1 -0 0 
1 -16.455913285019601 13.474997520446779 -118.00031306611648 -0 -1 -0 0 0 -1 1 -0 0 
1 -16.588270827772252 26.310823036674197 -117.9430950524623 0.19576130793581031 0 0.98065157437045958 0.98065157437045958 0 -0.19576130793581031 -0 1 0 
1 -16.447763108892435 13.474997520446777 -117.99879966171942 -0 -1 -0 0 0 -1 1 -0 0 
1 -16.372829919106497 13.474997520446779 -118.08142080682249 -0 -1 -0 0 0 -1 1 -0 0 
1 -16.473218957400306 26.310837840969228 -117.97796637561068 0.55559516564964817 0 0.83145295231103733 0.83145295231103733 0 -0.55559516564964817 -0 1 0 
1 -16.364711464995516 13.474997520446777 -118.08313827794686 -0 -1 -0 0 0 -1 1 -0 0 
1 -16.327137193387312 13.474997520446777 -118.18811771436943 -0 -1 -0 0 0 -1 1 -0 0 
1 -16.380269930298034 26.310835997080417 -118.0541371962746 0.83143370468207245 0 0.55562396881222154 -0.55562396881222154 0 0.83143370468207245 0 -1 0 
1 -16.320296684685733 13.474997520446777 -118.1928010990097 -0 -1 -0 0 0 -1 1 -0 0 
1 -16.325734670855837 13.474997520446777 -118.30417832552061 -0 -1 -0 0 0 -1 1 -0 0 
1 -16.323547135526173 26.310858290131964 -118.16005913617573 0.98082136654683771 0 0.19490881695088547 -0.19490881695088547 0 0.98082136654683771 0 -1 0 
1 -16.321199502286216 13.474997520446776 -118.31111225875493 -0 -1 -0 0 0 -1 1 -0 0 
1 -16.368884421960413 13.474997520446777 -118.4119492860345 -0 -1 -0 0 0 -1 1 -0 0 
1 -16.311701060763589 26.310832222999121 -118.27959279908482 0.98085462625276654 0 -0.19474137248809151 0.19474137248809154 0 0.98085462625276665 0 -1 0 
1 -16.36735547846547 13.474997520446777 -118.42010886926714 -0 -1 -0 0 0 -1 1 -0 0 
1 -16.449946084008804 13.474997520446779 -118.49502116620717 -0 -1 -0 0 0 -1 1 -0 0 
1 -16.346475675170712 26.310835997080417 -118.3946370742043 0.83143370468207245 0 -0.55562396881222154 0.55562396881222154 0 0.83143370468207245 0 -1 0 
1 -16.451651056801275 13.474997520446776 -118.50315048341122 -0 -1 -0 0 0 -1 1 -0 0 
1 -16.556686559351711 13.474997520446779 -118.54078776568571 -0 -1 -0 0 0 -1 1 -0 0 
1 -16.422651255515021 26.310835731420163 -118.48759086863971 0.55568167328899343 -0 -0.83139513949189314 -0.83139513949189314 0 -0.55568167328899343 0 1 0 
1 -16.528600050619474 26.310823779675964 -118.54434855259582 0.19564101006938364 -0 -0.98067558100476393 -0.98067558100476393 0 -0.19564101006938364 0 1 0 
1 -16.588270829507483 26.37167038383722 -118.55625264369326 0.19564101006938364 -0 -0.98067558100476393 -0.98067558100476393 0 -0.19564101006938364 0 1 0 
1 -16.707803081852227 26.371640132984837 -118.54434853850172 -0.19583619946915048 -0 -0.98063662127083506 -0.98063662127083506 0 0.19583619946915048 0 1 -0 
1 -16.673582284698561 39.207496643066406 -118.55662017947292 0 1 0 0 -0 1 1 0 -0 
1 -16.81371930990268 26.371658037532587 -118.48759086811779 -0.55568890002439386 -0 -0.83139030929502622 -0.83139030929502622 0 0.55568890002439386 0 1 -0 
1 -16.75603591424602 39.305119170032036 -118.60280531964064 -0.46530410359011304 -0.54667265840992796 -0.69616168792114941 -3.086098322524291e-19 -0.78648928543719843 0.61760392153263155 -0.88515088611049897 0.28737363908247965 0.36595669194358416 
1 -16.889895840532166 26.371658430122068 -118.39463707472619 -0.83142647836414363 -0 -0.55563478209611594 0.55563478209611594 0 -0.83142647836414363 0 -1 0 
1 -16.874349583254293 39.207496643066406 -118.42754558536268 0 1 0 0 -0 1 1 0 -0 
1 -16.924765283472578 26.371638270863944 -118.27968422429004 -0.98061858536782776 -0 -0.19592649139715715 0.19592649139715715 0 -0.98061858536782776 0 -1 0 
1 -16.922984412062704 39.20749664306642 -118.31601656348518 0 1 0 0 -0 1 1 0 -0 
1 -16.91285642098812 26.371671778957733 -118.16008980986132 -0.98066177626579409 -0 0.19571019536860557 -0.19571019536860557 0 -0.98066177626579409 0 -1 -0 
1 -16.925167654193093 39.207496643066406 -118.19433524463065 0 1 0 0 -0 1 1 0 -0 
1 -16.856100634687561 26.371658430122068 -118.05413719679652 -0.83142647836414374 -0 0.55563478209611583 -0.55563478209611583 0 -0.83142647836414374 0 -1 -0 
1 -16.847723660563371 39.308570827544969 -117.91873210087249 -0.68898171178152157 -0.55973117707552345 0.46044023525345124 0.63054752427467775 -0.77615064235692977 4.9049398805774295e-18 0.35737098435894205 0.29032945041551389 0.88769070613572765 
1 -16.763152593379303 26.37167386979819 -117.97786920089872 -0.55633713318109734 0 0.83095667410752416 0.83095667410752416 0 0.55633713318109734 0 1 -0 
1 -16.796109427337978 39.207496643066406 -117.99345706714986 0 1 0 0 -0 1 1 0 -0 
1 -16.648193990739369 26.371634569457175 -117.94306253372982 -0.19493285510578229 0 0.98081658937861982 0.98081658937861982 0 0.19493285510578229 0 1 -0 
1 -16.684545815357982 39.207496643066399 -117.94483835916192 0 1 0 0 -0 1 1 0 -0 
1 -16.528600052354705 26.37167112683899 -117.95500675417834 0.1957613079358104 0 0.98065157437045947 0.98065157437045947 0 -0.1957613079358104 -0 1 0 
1 -16.42549210764475 39.313674368716683 -117.65739521348293 0.063061288222109657 -0.94669423026491706 0.31590078871519794 3.0223504093098549e-18 -0.31653079380875637 -0.9485822350069596 0.99800965622972215 0.059818817724146836 -0.019960839619547147 
1 -16.422651251339929 26.371656322543959 -118.01175682995577 0.55559516564964817 0 0.83145295231103733 0.83145295231103733 0 -0.55559516564964817 -0 1 0 
1 -16.449615000562524 39.207496643066413 -117.98728228360058 0 1 0 0 -0 1 1 0 -0 
1 -16.346475675170712 26.371658166432766 -118.10470679786604 0.83143370468207245 0 0.55562396881222154 -0.55562396881222154 0 0.83143370468207245 0 -1 0 
1 -16.318826025148216 39.314376865705789 -117.72665001029354 0.34660125728997304 -0.9089652964485686 0.23162395881509251 -0.93437526008957317 -0.35629043396159638 7.4750366042264589e-18 0.082525400802132234 -0.21642369676082865 -0.97280539765300678 
1 -16.311701048677932 26.371635873381223 -118.2196710884337 0.98082136654683783 0 0.19490881695088533 -0.19490881695088533 0 0.98082136654683783 0 -1 0 
1 -16.294671942226241 39.315233678905173 -117.78299133868313 0.71285993266309244 -0.68685027202430105 0.14165952217805575 0.6938474174365703 0.72012204612593411 -2.8816836262669587e-18 -0.10201214496408362 0.098290093618542504 0.98991544072020865 
1 -16.323547123440513 26.371661940514066 -118.33925790892302 0.98085462625276654 0 -0.19474137248809162 0.19474137248809162 0 0.98085462625276654 0 -1 0 
1 -16.295277077775232 39.310412330579609 -118.51343965112466 0.84143717136937068 -0.51388139040364322 -0.16706107636050629 0.52120613547974737 0.85343081989008784 -5.7895130899973101e-18 0.14257507137006742 -0.087073257998946441 0.98594654863500042 
1 -16.380269930298034 26.371658166432766 -118.4452066757957 0.83143370468207223 0 -0.55562396881222187 0.55562396881222187 0 0.83143370468207223 0 -1 0 
1 -16.320794123722774 39.30831715801876 -118.57224823385167 0.53473735356354424 -0.76573944120448278 -0.35735006770351024 -0.81987538811449323 -0.57254200541454525 3.4531078603087013e-18 -0.20459792439799129 0.29298252545115594 -0.93397051833143896 
1 -16.47321895322521 26.371658432093017 -118.52138892872357 0.55568167328899354 -0 -0.83139513949189303 -0.83139513949189303 0 -0.55568167328899354 0 1 0 
1 -16.370253458947314 39.307282543676578 -118.62027641013135 0.32339661493753413 -0.81320181751565435 -0.48385683154852821 -1.8749350189191167e-17 0.51133413333729094 -0.85938198962056533 0.94626350951885718 0.2779212263815739 0.16536372782329758 
1 -16.55190637135771 39.207496643066413 -118.55447544971945 0 1 0 0 -0 1 1 0 -0 
1 -16.436914426833862 39.207496643066406 -117.984883626284 0 1 0 0 -0 1 1 0 -0 
1 -16.552057934781192 39.207496643066406 -117.93563460241823 0 1 0 0 -0 1 1 0 -0 
1 -16.530575314020314 39.107018711737815 -117.93459516797542 0.19562141428537161 0 0.98067949008480393 0.98067949008480393 0 -0.19562141428537161 -0 1 0 
1 -16.578671893621291 39.057974574395011 -117.925001084466 0.19562141428537161 0 0.98067949008480393 0.98067949008480393 0 -0.19562141428537161 -0 1 0 
1 -16.457451075931449 39.057982658366285 -117.96488036291652 0.55513452297263499 0 0.83176057937602765 0.83176057937602765 0 -0.55513452297263499 -0 1 0 
1 -16.657824770608677 39.107018963940568 -117.92500110428138 -0.19561859433832482 0 0.98068005259059798 0.98068005259059798 0 0.19561859433832482 0 1 -0 
1 -16.552057934781192 38.957496643066413 -117.93563460241825 -0 -1 -0 0 0 -1 1 -0 0 
1 -16.436914426833862 38.957496643066406 -117.984883626284 -0 -1 -0 0 0 -1 1 -0 0 
1 -16.416671543697461 39.107010627766542 -117.99209748132181 0.55513452297263499 0 0.83176057937602765 0.83176057937602765 0 -0.55513452297263499 -0 1 0 
1 -16.360691500613282 39.05797365649277 -118.04803818527613 0.83130329644694956 0 0.55581906167064421 -0.5558190616706441 0 0.83130329644694945 0 -1 0 
1 -16.349373340138975 38.957496643066399 -118.07438781464032 -0 -1 -0 0 0 -1 1 -0 0 
1 -16.333430813839843 39.107019629640035 -118.0888102644309 0.83130329644694956 0 0.55581906167064421 -0.5558190616706441 0 0.83130329644694945 0 -1 0 
1 -16.303146161333633 39.057976825901846 -118.16193840090064 0.98087921377097387 0 0.19461749148531404 -0.19461749148531404 0 0.98087921377097387 0 -1 0 
1 -16.349373340138975 39.207496643066399 -118.07438781464032 0 1 0 0 -0 1 1 0 -0 
1 -16.30278116429368 38.957496643066399 -118.19058189045171 -0 -1 -0 0 0 -1 1 -0 0 
1 -16.293602190717145 39.107016460230952 -118.21004035886499 0.98087921377097387 0 0.19461749148531399 -0.19461749148531399 0 0.98087921377097387 0 -1 0 
1 -16.293602032986293 39.057978844192654 -118.28919116122387 0.98087475835375948 0 -0.19463994560329573 0.19463994560329573 0 0.98087475835375948 0 -1 0 
1 -16.30278116429368 39.207496643066399 -118.19058189045171 0 1 0 0 -0 1 1 0 -0 
1 -16.304205309000757 38.957496643066406 -118.31580569082959 -0 -1 -0 0 0 -1 1 -0 0 
1 -16.303146319064485 39.107014441940152 -118.33728894131518 0.98087475835375948 0 -0.19463994560329576 0.19463994560329576 0 0.98087475835375948 0 -1 0 
1 -16.333430813839843 39.05797365649277 -118.41041153732691 0.83130329644694956 0 -0.55581906167064421 0.5558190616706441 0 0.83130329644694945 0 -1 0 
1 -16.304205309000757 39.207496643066406 -118.31580569082959 0 1 0 0 -0 1 1 0 -0 
1 -16.353415452189296 38.957496643066406 -118.4309301446969 -0 -1 -0 0 0 -1 1 -0 0 
1 -16.360691500613278 39.107019629640035 -118.45118361648169 0.83130329644694956 0 -0.55581906167064421 0.5558190616706441 0 0.83130329644694945 0 -1 0 
1 -16.416674978471935 39.057972371315905 -118.50716932502729 0.55586642086089155 -0 -0.83127162958885004 -0.83127162958885004 0 -0.55586642086089155 0 1 0 
1 -16.353415452189299 39.207496643066406 -118.4309301446969 0 1 0 0 -0 1 1 0 -0 
1 -16.442982829145009 38.957496643066413 -118.51848709316201 -0 -1 -0 0 0 -1 1 -0 0 
1 -16.457447641156971 39.107020914816907 -118.53443376335161 0.55586642086089166 -0 -0.83127162958885004 -0.83127162958885004 0 -0.55586642086089166 0 1 0 
1 -16.530573890974626 39.057978187430564 -118.56472096934321 0.19460323339919924 -0 -0.98088204262825451 -0.98088204262825451 0 -0.19460323339919924 0 1 0 
1 -16.442982829145009 39.207496643066406 -118.51848709316201 0 1 0 0 -0 1 1 0 -0 
1 -16.559216913380101 38.957496643066413 -118.56508433466324 -0 -1 -0 0 0 -1 1 -0 0 
1 -16.578673316666976 39.107015098702249 -118.57426371083257 0.19460323339919913 -0 -0.98088204262825451 -0.98088204262825451 0 -0.19460323339919913 0 1 0 
1 -16.65782334756884 39.057977935140642 -118.57426369111899 -0.19460042697065225 -0 -0.98088259940873657 -0.98088259940873657 0 0.19460042697065225 0 1 -0 
1 -16.559190812318828 39.207496643066406 -118.56511358168308 0 1 0 0 -0 1 1 0 -0 
1 -16.68441956896649 38.957496643066406 -118.56365951941913 -0 -1 -0 0 0 -1 1 -0 0 
1 -16.705923295497566 39.107015350992164 -118.56472098905677 -0.19460042697065227 -0 -0.98088259940873657 -0.98088259940873657 0 0.19460042697065227 0 1 -0 
1 -16.779006379650564 39.057986480902706 -118.53443691351166 -0.55631493709101498 -0 -0.83097153427143355 -0.83097153427143355 0 0.55631493709101498 0 1 -0 
1 -16.684419568966494 39.207496643066413 -118.56365951941916 0 1 0 0 -0 1 1 0 -0 
1 -16.799503289095629 38.957496643066413 -118.51444520288955 -0 -1 -0 0 0 -1 1 -0 0 
1 -16.819740873767408 39.107006805230121 -118.50716617486728 -0.55631493709101498 -0 -0.83097153427143355 -0.83097153427143355 0 0.55631493709101498 0 1 -0 
1 -16.875680493405273 39.05797365649277 -118.45118361648169 -0.83130329644694956 -0 -0.55581906167064421 0.5558190616706441 0 -0.83130329644694945 0 -1 0 
1 -16.799503289095632 39.207496643066406 -118.51444520288955 0 1 0 0 -0 1 1 0 -0 
1 -16.886996501172298 38.957496643066399 -118.42487437482296 -0 -1 -0 0 0 -1 1 -0 0 
1 -16.902941180178711 39.107019629640035 -118.41041153732691 -0.83130329644694956 -0 -0.55581906167064421 0.5558190616706441 0 -0.83130329644694945 0 -1 0 
1 -16.933265085361963 39.057975532237286 -118.33728763693387 -0.9806890818245364 -0 -0.19557332330905436 0.19557332330905436 0 -0.9806890818245364 0 -1 0 
1 -16.886996501172302 39.207496643066406 -118.42487437482296 0 1 0 0 -0 1 1 0 -0 
1 -16.933658669513886 38.957496643066406 -118.30864808471445 -0 -1 -0 0 0 -1 1 -0 0 
1 -16.942856435634123 39.107017753895526 -118.28919246560518 -0.9806890818245364 -0 -0.19557332330905436 0.19557332330905436 0 -0.9806890818245364 0 -1 0 
1 -16.942856277156622 39.057973514585491 -118.21003905452653 -0.9806935792240723 -0 0.19555077005391272 -0.19555077005391272 0 -0.9806935792240723 0 -1 -0 
1 -16.933661144017844 39.207496643066406 -118.30867842763129 0 1 0 0 -0 1 1 0 -0 
1 -16.932223893739646 38.957496643066406 -118.18344501934226 -0 -1 -0 0 0 -1 1 -0 0 
1 -16.933265243839472 39.107019771547321 -118.16193970523909 -0.9806935792240723 -0 0.1955507700539128 -0.1955507700539128 0 -0.9806935792240723 0 -1 -0 
1 -16.902985485113863 39.057996781847322 -118.08885594150318 -0.8314610973202603 -0 0.55558297637975618 -0.55558297637975618 0 -0.8314610973202603 0 -1 -0 
1 -16.932223893739646 39.207496643066406 -118.18344501934226 0 1 0 0 -0 1 1 0 -0 
1 -16.882974313717277 38.957496643066406 -118.0683394464383 -0 -1 -0 0 0 -1 1 -0 0 
1 -16.875762073479891 39.106996504285497 -118.04811457851636 -0.8314610973202603 -0 0.55558297637975618 -0.55558297637975618 0 -0.8314610973202603 0 -1 -0 
1 -16.819823282389038 39.057973514789609 -117.99217954811277 -0.55578516262358146 0 0.83132596074432752 0.83132596074432752 0 0.55578516262358146 0 1 -0 
1 -16.882974313717277 39.207496643066406 -118.0683394464383 0 1 0 0 -0 1 1 0 -0 
1 -16.793495950298045 38.957496643066406 -117.98084208718176 -0 -1 -0 0 0 -1 1 -0 0 
1 -16.7790498560387 39.107019771343204 -117.96492036643804 -0.55578516262358124 1.729283921621716e-16 0.83132596074432763 0.83132596074432763 -1.1876154006580515e-32 0.55578516262358124 9.6111034560086979e-17 1 -1.4375986175418915e-16 
1 -16.705921872457726 39.057974322192237 -117.93459514816001 -0.19561859433832476 0 0.98068005259059798 0.98068005259059798 0 0.19561859433832476 0 1 -0 
1 -16.793495950298038 39.207496643066399 -117.98084208718176 0 1 0 0 -0 1 1 0 -0 
1 -16.677280544739915 39.207496643066413 -117.93420087321184 0 1 0 0 -0 1 1 0 -0 
1 -16.677280544739915 38.957496643066413 -117.93420087321184 -0 -1 -0 0 0 -1 1 -0 0 
1 -16.562876648348375 39.207496643066399 -117.94269103069863 0 1 0 0 -0 1 1 0 -0 
1 -16.562876648348379 38.957496643066413 -117.94269103069864 -0 -1 -0 0 0 -1 1 -0 0 
1 -16.449615000562524 38.957496643066406 -117.98728228360058 -0 -1 -0 0 0 -1 1 -0 0 
1 -16.362028455788266 39.207496643066399 -118.07174923255941 0 1 0 0 -0 1 1 0 -0 
1 -16.36202845578827 38.957496643066413 -118.07174923255941 -0 -1 -0 0 0 -1 1 -0 0 
1 -16.313444392911787 39.207496643066399 -118.18329212547854 0 1 0 0 -0 1 1 0 -0 
1 -16.313444392911784 38.957496643066399 -118.18329212547852 -0 -1 -0 0 0 -1 1 -0 0 
1 -16.311270274159391 39.207496643066406 -118.30498380079763 0 1 0 0 -0 1 1 0 -0 
1 -16.311270274159394 38.957496643066413 -118.30498380079764 -0 -1 -0 0 0 -1 1 -0 0 
1 -16.355793860182541 39.207496643066413 -118.41824342941236 0 1 0 0 -0 1 1 0 -0 
1 -16.355793860182541 38.957496643066413 -118.41824342941236 -0 -1 -0 0 0 -1 1 -0 0 
1 -16.440311269818256 39.207496643066413 -118.50584017806483 0 1 0 0 -0 1 1 0 -0 
1 -16.440311269818253 38.957496643066406 -118.50584017806483 -0 -1 -0 0 0 -1 1 -0 0 
1 -16.551905742553942 38.957496643066413 -118.55441922287858 -0 -1 -0 0 0 -1 1 -0 0 
1 -16.673556792170405 38.957496643066399 -118.55659562363959 -0 -1 -0 0 0 -1 1 -0 0 
1 -16.786780784304025 39.207496643066399 -118.51207544726773 0 1 0 0 -0 1 1 0 -0 
1 -16.786780784304025 38.957496643066406 -118.51207544726772 -0 -1 -0 0 0 -1 1 -0 0 
1 -16.874349583254297 38.957496643066413 -118.42754558536271 -0 -1 -0 0 0 -1 1 -0 0 
1 -16.922984855689577 38.957496643066406 -118.31595593107743 -0 -1 -0 0 0 -1 1 -0 0 
1 -16.925170459628379 38.957496643066413 -118.19430496026064 -0 -1 -0 0 0 -1 1 -0 0 
1 -16.880582857263001 39.207496643066406 -118.08107670741498 0 1 0 0 -0 1 1 0 -0 
1 -16.880582857263001 38.957496643066413 -118.08107670741498 -0 -1 -0 0 0 -1 1 -0 0 
1 -16.796109427337974 38.957496643066399 -117.99345706714983 -0 -1 -0 0 0 -1 1 -0 0 
1 -16.684545815357986 38.957496643066406 -117.94483835916192 -0 -1 -0 0 0 -1 1 -0 0 
1 -16.786938866803126 39.34664290130285 -117.74699204448295 -0.85599810043438773 -0.3827113551719365 0.34756189473988625 0.40815707431470977 -0.91291171680883609 -2.2746951086994954e-18 0.31729332602432153 0.14185984610030908 0.93765704248665471 
1 -16.87558416276768 39.353361864036536 -117.93249610319108 -0.87965419864864602 -0.30533930828134381 0.3646592897734528 -0.38294747596348833 6.5635541401955485e-18 -0.92377011786114505 0.28206332879869744 -0.95224361736809271 -0.11692891741877803 
1 -16.668911023565446 39.999996185302734 -117.38230801194214 0 1 0 0 -0 1 1 0 -0 
1 -16.663947370077803 39.999996185302734 -117.39250148481619 0 1 0 0 -0 1 1 0 -0 
1 -16.690577134519121 39.751934008568313 -117.41639038303168 -0.9029023832428531 -0 0.42984565408338854 -0.42984565408338854 0 -0.9029023832428531 0 -1 -0 
1 -16.629262032540986 39.999996185302741 -117.28789025911865 0 1 0 0 -0 1 1 0 -0 
1 -16.669979176880027 39.867601173052591 -117.41831898867018 0.90811890699359754 0 -0.41871237235213593 0.41871237235213593 0 0.90811890699359754 0 -1 0 
1 -16.753949530651514 39.999996185302741 -117.57951616222552 0 1 0 0 -0 1 1 0 -0 
1 -16.780324002147463 39.771279028183891 -117.63065911031146 -0.92653726714842644 -0 0.37620299385454853 -0.37620299385454853 0 -0.92653726714842644 0 -1 -0 
1 -16.748955342718279 39.999996185302741 -117.59275401427965 0 1 0 0 -0 1 1 0 -0 
1 -16.924702942245521 39.999996185302749 -118.11696300996269 0 1 0 0 -0 1 1 0 -0 
1 -16.932932553869794 39.999996185302734 -118.10614538563061 0 1 0 0 -0 1 1 0 -0 
1 -16.924949038156669 39.858970174946599 -118.15825005097659 0.9914161348464251 0 -0.13074420662566721 0.13074420662566721 0 0.9914161348464251 0 -1 0 
1 -16.934285168921271 39.999996185302749 -118.38297029988134 0 1 0 0 -0 1 1 0 -0 
1 -16.945594101134922 39.7726555360886 -118.16306399076308 -0.99145443334408812 -0 0.13045346527537405 -0.13045346527537405 0 -0.99145443334408812 0 -1 -0 
1 -16.854567438861267 39.999996185302741 -117.84963244444775 0 1 0 0 -0 1 1 0 -0 
1 -16.859703231497797 39.999996185302734 -117.83703954768477 0 1 0 0 -0 1 1 0 -0 
1 -16.863481998806151 39.897921179529455 -117.88470639892819 0.92396766591983548 0 -0.38247059015648699 0.38247059015648699 0 0.92396766591983548 0 -1 0 
1 -16.886643448742902 39.77265744444739 -117.88872601817309 -0.92377011786114482 -0 0.38294747596348844 -0.38294747596348844 0 -0.92377011786114482 0 -1 -0 
1 -16.931845543595472 39.772080116305418 -118.4406792117219 -0.99143428403578959 -0 -0.13060650993898196 0.13060650993898196 0 -0.99143428403578959 0 -1 0 
1 -16.923781760749637 39.999996185302749 -118.39065604058753 0 1 0 0 -0 1 1 0 -0 
1 -16.622985178432341 39.999996185302734 -118.74165620474447 0 1 0 0 -0 1 1 0 -0 
1 -16.633947095566523 39.999996185302741 -118.74881756481621 0 1 0 0 -0 1 1 0 -0 
1 -16.596375948250088 39.760477098462829 -118.74154866650798 0.19482231031317368 0 0.98083855318000102 0.98083855318000102 0 -0.19482231031317368 -0 1 0 
1 -16.417132887620824 39.999996185302727 -118.7652832979801 0 1 0 0 -0 1 1 0 -0 
1 -16.598609907836892 39.752084452726187 -118.7611014813012 -0.19465655562193807 -0 -0.98087146219747035 -0.98087146219747035 0 0.19465655562193807 0 1 -0 
1 -16.758288956182188 39.999996185302727 -118.68803945594928 0 1 0 0 -0 1 1 0 -0 
1 -16.771147746078992 39.999996185302727 -118.69045594485151 0 1 0 0 -0 1 1 0 -0 
1 -16.733682386460423 39.760470393616686 -118.69811146044655 0.55550641301103965 0 0.83151225192633704 0.83151225192633704 0 -0.55550641301103965 -0 1 0 
1 -16.74321280719267 39.752090228554387 -118.71533103021468 -0.55563098464136962 -0 -0.83142901615619724 -0.83142901615619724 0 0.55563098464136962 0 1 -0 
1 -16.862754097396792 39.999996185302734 -118.58668482074883 0 1 0 0 -0 1 1 0 -0 
1 -16.875571290226354 39.999996185302741 -118.58398059287123 0 1 0 0 -0 1 1 0 -0 
1 -16.84398088107206 39.770844404096877 -118.60527060675179 0.83153234590661218 0 0.5554763340692801 -0.5554763340692801 0 0.83153234590661218 0 -1 0 
1 -16.859284476876724 39.752090520256964 -118.61765124835588 -0.83143283721490435 -0 -0.55562526688477232 0.55562526688477232 0 -0.83143283721490435 0 -1 0 
1 -16.913099026229162 39.806180490444312 -118.43369247082776 0.99167645275541416 0 0.12875485641496784 -0.12875485641496784 0 0.99167645275541416 0 -1 0 
1 -16.757713759928205 39.905454745846157 -117.6277520661413 0.92610715060224558 1.8979451382858654e-16 -0.37726058050555694 0.37726058050555694 -4.3047010409041922e-33 0.92610715060224558 1.7577005640173072e-16 -1 -7.16019884637425e-17 
1 -16.41041349249798 39.999996185302741 -118.75595289039543 0 1 0 0 -0 1 1 0 -0 
1 -16.357824603503477 39.773233201379838 -118.77081820523817 -0.0061167034963641748 -0 -0.99998129279418901 -0.99998129279418901 0 0.0061167034963641748 0 1 -0 
1 -16.473506789880748 39.779943462423041 -118.75015458306619 0.0065179184201391025 0 0.99997875814412607 0.99997875814412607 0 -0.0065179184201391025 -0 1 0 
1 -16.273454301603152 39.999996185302727 -118.04646187798195 0 1 0 0 -0 1 1 0 -0 
1 -16.913894824307992 39.784658159662399 -118.07442740024149 0.9914161348464251 0 -0.13074420662566719 0.13074420662566719 0 0.9914161348464251 0 -1 0 
1 -16.924891484577135 39.728406411472378 -118.34286635685118 0.99167645275541416 0 0.12875485641496784 -0.12875485641496784 0 0.99167645275541416 0 -1 0 
1 -16.910325344907815 39.604399826162883 -118.11127350283127 0.97733874806470789 0.12671210419609197 -0.16956713768153364 0.17094503401118527 9.157977235557617e-19 0.98528056681684062 0.12484697384488007 -0.99193953578340588 -0.021660804961429792 
1 -16.832608635757602 39.819674951476514 -117.8101229147879 0.92396766591983548 0 -0.38247059015648699 0.38247059015648699 0 0.92396766591983548 0 -1 0 
1 -16.837428611848814 39.628406676928677 -117.90487699862764 0.86344562306475725 0.33099841134799296 -0.38065956929442618 0.40339862055432701 -1.9181301205220491e-17 0.91502434554216439 0.30287160471919339 -0.94363131131025157 -0.1335243025434541 
1 -16.65862130516788 39.697015729906319 -118.72918497607014 0.19482231031317371 0 0.98083855318000102 0.98083855318000102 0 -0.19482231031317371 -0 1 0 
1 -16.581975413378377 39.457496643066406 -118.65402950364071 0 1 0 0 -0 1 1 0 -0 
1 -16.785816710776974 39.701924447511253 -118.66328220636308 0.55550641301103965 0 0.83151225192633704 0.83151225192633704 0 -0.55550641301103965 -0 1 0 
1 -16.709666883576475 39.464484833197368 -118.63116038593527 0.13062672625886906 0.98950720085458699 -0.061742674414140018 0.9913986893841269 -0.13087642525464863 -2.0094135339342247e-19 -0.0080806605129843025 -0.061211606493249276 -0.99809210103887192 
1 -16.878305218690624 39.715178087421648 -118.5538880450996 0.83153234590661207 0 0.55547633406928032 -0.55547633406928032 0 0.83153234590661207 0 -1 0 
1 -16.819070207656836 39.482991049924266 -118.55910229662575 0.30350601791847009 0.95104904408315782 -0.058222099204555698 0.95266509295168367 -0.30402174374764729 -8.8074739766947276e-19 -0.017700784124817532 -0.055466161550550203 -0.99830365478856942 
1 -16.642152257072084 39.764537132551517 -117.35796693396725 0.90811890699359754 0 -0.41871237235213604 0.41871237235213604 0 0.90811890699359754 0 -1 0 
1 -16.725602091768319 39.809854071688761 -117.54892367261874 0.92610715060224558 0 -0.37726058050555689 0.37726058050555689 0 0.92610715060224558 0 -1 0 
1 -16.623473948643404 39.790560133839726 -117.29917729202032 0.99998438916217569 0 0.0055876141554614409 -0.0055876141554614409 0 0.99998438916217569 0 -1 0 
1 -16.688267828712629 39.543066629212987 -117.63708783033789 0.93966612204976641 0.27987545442356732 -0.19671631626063762 -0.28545307959587007 0.95839268535879074 1.2198409218126373e-18 0.18853147859492164 0.05615327828335414 0.98046044842045765 
1 -16.735199132126716 39.606202438610239 -117.72823781660422 0.86541708599950395 0.43140343772902745 -0.25484179636728427 -0.44613353558705643 0.89496640631064628 1.6500150438297437e-18 0.22807484667257791 0.1136934716286932 0.96698276035526909 
1 -16.917910555939194 39.531044428524247 -118.35319477241437 0.99044931515622636 0.11087826205676357 0.081952212354725495 -0.11125248648765904 0.99379217357066829 5.5848377782189644e-19 -0.081443467244927625 -0.0091173873976278623 0.99663626007193129 
1 -16.371114868444444 39.677549365946092 -118.75082197943378 0.006517918420139099 0 0.99997875814412607 0.99997875814412607 0 -0.006517918420139099 -0 1 0 
1 -16.41749237637497 39.457496643066406 -118.6487408123937 0 1 0 0 -0 1 1 0 -0 
1 -16.288503602720294 39.839572476461072 -118.14524986974396 -0.99999981360389789 -0 0.00061056708849125904 -0.00061056708849125904 0 -0.99999981360389789 0 -1 -0 
1 -16.788480257678586 39.576909374664332 -117.88072740631357 0.41320573596476007 0.66778718291406758 -0.61912946796410406 1.9919596164232887e-18 0.67988561015910542 0.73331818271373916 0.91063769950832862 -0.30301127938457101 0.28093263391764312 
1 -16.879289677317285 39.563718288905477 -118.04091659782773 0.78129501371597454 0.34295022261507863 -0.52150095527316465 0.55517003117486796 -1.1400944689996104e-17 0.83173687935866847 0.28524434793322612 -0.93935357816333898 -0.19039568578064112 
1 -16.91787094838547 39.521361447308422 -118.21186477674344 0.97484777923063604 0.10913171010062152 -0.1943246695085602 0.19549228661279922 -1.3962144298121334e-18 0.9807052390371428 0.1070260398407622 -0.99402729834271364 -0.021334407549535618 
1 -16.906107747399613 39.47899566195381 -118.38459855053335 0.81385615226483432 0.5580063483386557 0.16207121470032135 -0.56548255697135752 0.82476025471717263 1.2073970467374311e-17 -0.13366989631855861 -0.091648444900191597 0.98677906410987581 
1 -16.878949236747598 39.476495065600801 -118.44620937418972 0.42742839144050976 0.85784352068015801 0.28532343790451165 0.89504957789172901 -0.44596665022828547 -4.4114302513998219e-19 0.12724473783389328 0.25537862265905009 -0.95843128902511865 
1 -16.819988824038365 39.476796033106162 -118.50571569008429 0.29542435781702842 0.84668561770953188 0.44254707497872464 -4.4592397179924106e-18 -0.46322248561741297 0.88624202609582081 0.95536613337944754 -0.26181748142981998 -0.13684720533993192 
1 -16.726084996934436 39.46550840477623 -118.577740326729 0.031842812493531422 0.98665234418384751 0.15969717282726209 -8.0703624413777513e-19 -0.15977819809861246 0.98715294023386302 0.99949288906550104 -0.031433725978305134 -0.0050877872026084342 
1 -16.492962709457956 39.457496643066406 -118.59734744980305 0 1 0 0 -0 1 1 0 -0 
1 -16.611856553589458 39.457496643066399 -118.61048283142243 0 1 0 0 -0 1 1 0 -0 
1 -16.33571501057359 39.457496643066406 -118.55578076422104 0 1 0 0 -0 1 1 0 -0 
1 -16.31097861400368 39.457496643066406 -118.50025979620067 0 1 0 0 -0 1 1 0 -0 
1 -16.295873203605765 39.52929334615969 -118.03312929446203 -0.89739191982238242 0.43809517484873961 -0.052539128387813015 -0.4387010797253762 -0.89863305227873136 2.4851486506499409e-18 -0.047213397307204551 0.023048972351563737 0.99861886622887763 
1 -16.278536898837096 39.378488867207423 -118.04967084839652 0.98750964973256405 -0.15755816574602655 0.00034072249173453266 0.15755817489163418 0.98750970705346353 5.2582323247828865e-21 -0.00033646676799929448 5.3683613942222873e-05 0.99999994195409025 
1 -16.931528777893401 39.664836834516876 -118.0561666610924 -0.99145443334408812 -0 0.13045346527537405 -0.13045346527537405 0 -0.99145443334408812 0 -1 -0 
1 -16.945777060774645 39.665412254300058 -118.33492503632498 -0.99143428403578959 -0 -0.13060650993898199 0.13060650993898199 0 -0.99143428403578959 0 -1 0 
1 -16.927942181707394 39.361776183855369 -118.11494125881951 -0.98073979375515985 -0.14661920694508779 0.12904365579089988 0.14785543905059542 -0.98900898334805631 1.1820235843235412e-19 0.12762533482127439 0.019079806383657409 0.99163891356688894 
1 -16.845353087511985 39.664834926158079 -117.78912279774491 -0.92377011786114482 -0 0.38294747596348849 -0.38294747596348849 0 -0.92377011786114482 0 -1 -0 
1 -16.664011018066429 39.685407917879289 -118.74812245668708 -0.19465655562193809 -0 -0.98087146219747035 -0.98087146219747035 0 0.19465655562193809 0 1 -0 
1 -16.466796597058043 39.664259169225616 -118.77015164339467 -0.0061167034963641774 -0 -0.99998129279418901 -0.99998129279418901 0 0.0061167034963641774 0 1 -0 
1 -16.671705002044678 39.34372263836412 -118.66704253143345 -0.14962819823639414 -0.63963602144576626 -0.7539742451579905 3.0386091915486539e-18 -0.76255887860839089 0.64691881766997117 -0.98874233362010466 0.096797297093176166 0.11410031105533873 
1 -16.798659217343459 39.685402142051075 -118.67827706304702 -0.55563098464136962 -0 -0.83142901615619735 -0.83142901615619735 0 0.55563098464136962 0 1 -0 
1 -16.795426523655607 39.343948446174281 -118.60697206754296 -0.46523887444971251 -0.5467187861793561 -0.69616905887818381 9.3236180712901449e-18 -0.78646714887169566 0.61763211035828292 -0.88518517254909135 0.28734646784708817 0.36589509113274221 
1 -16.896338386892804 39.685401850348498 -118.56220409832379 -0.83143283721490424 -0 -0.55562526688477243 0.55562526688477243 0 -0.83143283721490424 0 -1 0 
1 -16.887054785478664 39.344491003838897 -118.50443861333481 -0.76434033327978623 -0.39354591324077348 -0.51078906516607325 0.55562526688477232 -9.1412115512919041e-18 -0.83143283721490446 0.32720699522010688 -0.91930496255132088 0.21866405307581616 
1 -16.662045851320723 39.685558362037149 -117.3564596535894 -0.9029023832428531 -0 0.42984565408338837 -0.42984565408338837 0 -0.9029023832428531 0 -1 -0 
1 -16.740797976612303 39.666213342421585 -117.53331183695417 -0.92653726714842644 -0 0.37620299385454853 -0.37620299385454853 0 -0.92653726714842644 0 -1 -0 
1 -16.671659560324738 39.437496185302734 -117.39255312146796 -0 -1 -0 0 0 -1 1 -0 0 
1 -16.639559256359512 39.493747646788194 -117.31723785400389 0 0 1 1 0 -0 -0 1 0 
1 -16.64347440640708 39.759435288523555 -117.29917729202032 -0.99998438916217569 -0 -0.0055876141554614426 0.0055876141554614426 0 -0.99998438916217569 0 -1 0 
1 -16.934732156153039 39.35933146291547 -118.35104550009039 -0.98514722045524905 -0.11243909902580392 -0.12977828416018772 0.13060650993898201 -2.3814405124573434e-18 -0.99143428403578959 0.11147597764027715 -0.99365861794192956 0.014685278304443843 
1 -16.477518770775635 39.353316047095966 -118.69432661122865 -0.0045466198786619774 -0.66894475382132379 -0.74329822048933192 -1.6557248612189177e-21 -0.74330590324680146 0.66895166805865469 -0.99998966407042378 0.003041468951859568 0.0033795293956287039 
1 -16.753988786448506 39.311778006690105 -117.7513061756384 -0.27525437127086683 -0.86902862078228316 0.41112563451762846 2.2115697797854314e-18 -0.42764494621773064 -0.90394679045529802 0.96137143243196055 -0.248815305469091 0.11771114079832508 
1 -16.715828294396925 39.325366141981277 -117.70199727180844 0.0036583168110683986 -0.91020671152205412 0.41413809172583743 -1.7000559605654987e-19 -0.41414086301706565 -0.91021280235968993 0.99999330833666578 0.0033298467965221313 -0.0015150584813257062 
1 -16.933818300669891 39.299779256410396 -118.21234862902297 -0.97457618325269246 -0.11123258098043562 0.19449569652063062 -0.19571019536860562 1.2287889828042936e-19 -0.98066177626579398 0.10908154044290276 -0.99379440173932898 -0.0217693501550353 
1 -16.92020733793235 39.304057383280757 -118.39714804204731 -0.96301943703015025 -0.1886050856258108 -0.19241020133613826 0.19592649139715712 1.5708334283487858e-18 -0.98061858536782776 0.18494965225956062 -0.98205301367903797 0.036952732686325498 
1 -16.858626663701077 39.304727467752578 -118.51634107002583 -0.7643306803482468 -0.39355660969954959 -0.51079526822415122 0.55563478209611605 -2.3769352840868632e-17 -0.83142647836414363 0.32721338603942829 -0.91930038342306619 0.21867374107289544 
1 -16.628174552584987 39.305222522648698 -118.64305990999277 -0.15062154307171957 -0.639104360560242 -0.75422726487152292 -8.5000491608153216e-18 -0.7629311662819277 0.64647972552563304 -0.98859149842727967 0.09737377382325256 0.11491386952289058 
1 -16.433546277448816 39.308321009782752 -118.64761498779829 0.12593420388345758 -0.76527756144159864 -0.6312613010839806 7.9962051163317952e-18 0.63632736016592395 -0.77141914074273954 0.99203859617065293 0.097148055349897816 0.080135379511757809 
1 -16.288387697430348 39.658736061177621 -117.95541771120773 -0.99999981360389789 -0 0.00061056708849125882 -0.00061056708849125882 0 -0.99999981360389789 0 -1 -0 
1 -16.283397898340695 39.999996185302727 -118.02945860620042 0 1 0 0 -0 1 1 0 -0 
1 -16.288202607191607 39.800278814694018 -117.29908356625258 -0.99993834008827953 -0 -0.011104774716138065 0.011104774716138065 0 -0.99993834008827953 0 -1 0 
1 -16.282594544174529 39.999996185302741 -117.28800992203433 0 1 0 0 -0 1 1 0 -0 
1 -16.679746184356016 39.310980509491117 -117.72721673302038 -0.083638858015784329 -0.90327363440768282 0.42083403238539435 1.5116715119575464e-19 -0.42231376399722081 -0.90644971440146627 0.99649613217002275 -0.075814418961272487 0.035321840945075005 
1 -16.515984833567821 39.351542091479828 -117.58814777085603 -0.1386929282677844 -0.90042003471582499 0.41232030356369792 6.9630748723169609e-18 -0.41634408852536614 -0.90920712708930207 0.99033543390535472 -0.12610059885795488 0.057743980804564679 
1 -16.618790293272852 39.437496185302727 -117.36960777558046 -0 -1 -0 0 0 -1 1 -0 0 
1 -16.309757399109881 39.539031783572433 -117.7834323886847 -0.62366391825679091 0.77185325238357572 -0.12363605400320336 0.77782098240590347 0.6284858942960575 -8.9332507051167548e-18 0.077703515967438935 -0.096166716985560993 -0.99232763044798722 
1 -16.43505410120175 39.53785889315855 -117.66331471629758 -0.04806301154721699 0.96925747997071077 -0.24130869118587348 -5.0989040728069195e-20 0.24158789294980207 0.97037894143477532 0.99884430564578586 0.046639334267355809 -0.011611441688514159 
1 -16.376952620816692 39.537933381142423 -117.68711923693081 -0.1406031451322402 0.96745132309893989 -0.21040126666213971 -3.9371897944589866e-18 0.21251235677048877 0.97715837929163385 0.99006603596877429 0.13739154142072621 -0.029879905741395436 
1 -16.481602537954064 39.513429780494626 -117.58430712752653 -0.62988761472694865 0.76765873427297115 0.11807480894761174 0.773066564762112 0.63432490605911684 4.1930527356884493e-18 -0.074897792093641988 0.091279686938072896 -0.9930047026535096 
1 -16.332886119037941 39.538401456196809 -117.72949502957586 -0.27361290470420963 0.94427339777025898 -0.18298559681771512 0.96049071283149057 0.27831203812349764 -1.2040474320353804e-17 0.050927094397582882 -0.17575596632534293 -0.98311559409728866 
1 -16.364859156017911 39.313738967179304 -117.68236455336351 0.18223889367809262 -0.94467542346315814 0.2727220745295249 9.1792799199395212e-18 -0.27736678004978005 -0.9607641070131715 0.98325428330162123 0.17508858794770096 -0.050547015139326759 
1 -16.482949979152668 39.437496185302741 -117.36650187109153 -0 -1 -0 0 0 -1 1 -0 0 
1 -16.560943547836533 39.460720238955538 -117.62206840094946 -0.25832111958829723 0.96539953555139357 0.035692239097626588 0.966015052288975 0.25848581924571584 -5.0999898238024066e-19 -0.0092259376638639794 0.034479240218204352 -0.9993628290406833 
1 -16.397717063972834 39.541285872832361 -117.29834467746552 -0.63441463706414181 0.77298488282669853 -0.0035269250301960455 0.77298969052839384 0.63441858290628428 -1.7217669003363702e-19 0.0022375467796736789 -0.0027262766876080874 -0.99999378038057396 
1 -16.605715917226831 39.472688052613982 -117.62191524901776 0.70584494424723443 0.7058449442472341 -0.059714565737662977 -0.70710678118654746 0.70710678118654779 1.009569719656091e-18 0.042224574368711375 0.042224574368711354 0.9982154930869197 
1 -16.584917994632573 39.460691901580027 -117.62195892165542 0.25830126257616098 0.96540495009391603 -0.035689495453490698 0.96602037556737785 -0.25846592423114967 3.8655276214784466e-19 -0.0092245184277298855 -0.034476779801791299 -0.99936292702615059 
1 -16.617709292739281 39.49348574189279 -117.6219673184639 0.96558927803790806 0.25833992725401861 -0.02996378021245049 -0.25845597783117247 0.96602303674567336 -1.4517673232495509e-19 0.028945701953211334 0.0077443181143272265 0.99955098513051344 
1 -16.58843812412676 39.481043685526025 -117.29176805537485 0.70710126185728395 0.70710126185728417 0.0039510706996223255 0.70710678118654757 -0.70710678118654746 1.083006702273846e-19 0.0027938288846504227 0.0027938288846504232 -0.99999219448970045 
1 -16.546264830891257 39.461576937976886 -117.29176748738611 0.25846565467727084 0.96601936810560107 0.0014442288963984241 0.96602037556737774 -0.25846592423114967 5.890098339033309e-20 0.00037328395650895204 0.001395154540904065 -0.99999895710090358 
1 -16.500015182226196 39.465791276530624 -117.29176705635933 -0.25848555235985482 0.96601405488122682 -0.0014370084031805046 0.96601505228897511 0.25848581924571579 -3.1002572775084284e-21 0.00037144629435909059 -0.0013881717477381118 -0.99999896750289163 
1 -16.61943224055797 39.534737688256008 -117.29175666823977 0.96600896365970035 0.25845221262779927 0.0053977696233538409 -0.25845597783117219 0.96602303674567347 -2.2788478365229322e-20 -0.0052143698032058265 -0.0013950858261113147 0.99998543193543232 
1 -16.652276501871011 39.499955264350234 -117.66567068269842 0.028802322433756661 0.9890930341416474 -0.14444859305265637 2.5595714638886361e-19 0.14450854573912084 0.9895035523980521 0.99958512705142932 -0.028500000365516327 0.0041621817288114305 
1 -16.619670989363481 39.461291386874613 -117.31723785400392 0 0 1 1 0 -0 -0 1 0 
1 -16.633612230922946 39.513048250520029 -117.29274661391413 -0.96623741164784482 -0.25762836526746635 -0.0035902286398306147 0.2576300256650576 -0.96624363898336829 4.7100692115301492e-20 -0.0034690355857322419 -0.00092495069662298609 0.99999355510838861 
1 -16.587125059877657 39.441343489231777 -117.31723785400392 0 0 1 1 0 -0 -0 1 0 
1 -16.601446938036688 39.466727536464333 -117.29274442077033 -0.70707150711309574 -0.70713709816199311 -0.0026473065276529113 -0.70713957606538458 0.70707398478664751 2.0163801467401592e-20 0.0018718415754592473 0.0018720152156796049 -0.99999649587793504 
1 -16.550356687932595 39.442687055748145 -117.29276774830913 -0.25913052491611882 -0.96584122634876723 -0.001447943992752295 -0.96584223881361386 0.25913079655553539 2.994730152235651e-20 0.00037520688020970449 0.0013984854676365997 -0.99999895172854758 
1 -16.383083700605003 39.529351679091555 -117.2688680211814 0.64127475882622076 -0.76730305226805728 0.0035650627617984506 -0.76730792839978723 -0.64127883406114916 9.0305338286999496e-20 0.0022861992912409307 -0.0027355009223707935 -0.99999364514356015 
1 -16.273747657382224 39.999996185302734 -0.004999901211527746 0 1 0 0 -0 1 1 0 -0 
1 -16.28374745980528 39.999996185302734 0.004999901211527746 0 1 0 0 -0 1 1 0 -0 
1 -16.268747329711914 39.906171225324456 0.093675040021723652 1 0 0 -0 0 1 0 -1 0 
1 -16.274150985000276 39.999996185302734 -117.27947207259459 0 1 0 0 -0 1 1 0 -0 
1 -16.288747787475589 39.90773677627103 0.092114446559113244 -1 -0 -0 0 0 -1 0 -1 0 
1 -16.274150985000279 39.999996185302741 117.2794720725946 0 1 0 0 -0 1 1 0 -0 
1 -16.268747329711914 39.718821145281012 -0.093675040021723652 1 0 0 -0 0 1 0 -1 0 
1 -16.320339668033434 39.581877805652582 0.067161086150304986 0.64127883406114938 -0.76730792839978723 -0 -0.76730792839978723 -0.64127883406114938 0 -0 0 -1 
1 -16.383083700605006 39.529351679091562 117.26886802118139 0.64127475882622087 -0.76730305226805717 -0.0035650627617976427 -0.76730792839978723 -0.64127883406114927 -2.2850116175980582e-19 -0.0022861992912404129 0.0027355009223701734 -0.99999364514356026 
1 -16.423406135799574 39.495739839611076 -0.067161086150304222 0.64127883406114927 -0.76730792839978734 -0 -0.76730792839978734 -0.64127883406114927 0 -0 0 -1 
1 -16.639967448728648 39.535933655085628 -0.014561495351333588 -0.96570358839405135 -0.25964702841136605 -0 0.25964702841136605 -0.96570358839405135 0 -0 0 1 
1 -16.632405750734247 39.507809478459293 0.014561495351335319 -0.96570358839405135 -0.25964702841136589 -0 0.25964702841136589 -0.96570358839405135 0 -0 0 1 
1 -16.643749237060547 39.662606414995388 -0.11239129618624839 -1 -0 -0 0 0 -1 0 -1 0 
1 -16.638421734113521 39.530693595872584 -117.27447991648798 -0.96568952926449148 -0.25964324835788344 -0.0053959847193414566 0.25964702841136589 -0.96570358839405146 -1.1307739857610929e-19 -0.0052109218063875135 -0.0014010513977301474 0.99998544156848046 
1 -16.618341601552068 39.483462012530389 -0.014537511127043126 -0.70709038279643377 -0.70712317919637802 -0 -0.70712317919637802 0.70709038279643377 0 0 0 -1 
1 -16.638421734113521 39.530693595872592 117.274479916488 -0.96568952926449148 -0.25964324835788355 0.0053959847193415537 0.25964702841136594 -0.96570358839405135 9.5091348096072596e-20 0.0052109218063876063 0.001401051397730173 0.99998544156848046 
1 -16.597781979380549 39.462903343914931 0.014537511127043297 -0.70709038279643377 -0.70712317919637802 -0 -0.70712317919637802 0.70709038279643377 0 0 0 -1 
1 -16.614426261486521 39.479637860159556 -117.27448595776744 -0.70708794235121464 -0.70712073863796543 -0.0026273122432495743 -0.7071231791963779 0.70709038279643388 -1.5763690014557627e-19 0.0018577472198050991 0.0018578333861882061 -0.99999654860923226 
1 -16.573434990458587 39.448839671658725 -0.014560574615507004 -0.25966344919349882 -0.96569917321748566 -0 -0.96569917321748566 0.25966344919349882 0 0 0 -1 
1 -16.614426261486518 39.479637860159556 117.27448595776742 -0.70708794235121442 -0.70712073863796565 0.0026273122432497326 -0.70712317919637813 0.70709038279643366 7.7593994146043229e-20 -0.0018577472198052101 -0.0018578333861883189 -0.99999654860923226 
1 -16.54531272072305 39.441277973604933 0.014560574615506115 -0.25966344919349865 -0.96569917321748566 -0 -0.96569917321748566 0.25966344919349865 0 0 0 -1 
1 -16.568107763238178 39.447431900645 -117.27447612340207 -0.2596633264823705 -0.96569871684969355 -0.00097219080711573834 -0.96569917321748566 0.25966344919349865 2.656607497957103e-20 0.00025244241824988397 0.00093884385864130863 -0.99999952742240572 
1 -16.51718394153129 39.441277973590083 -0.01456011424916505 0.25967166033530198 -0.96569696531505556 -0 -0.96569696531505556 -0.25967166033530198 0 -0 0 -1 
1 -16.568107763238174 39.447431900644986 117.27447612340205 -0.2596633264823705 -0.96569871684969355 0.00097219080711573834 -0.96569917321748566 0.25966344919349865 -2.656607497957103e-20 -0.00025244241824988397 -0.00093884385864130863 -0.99999952742240572 
1 -16.489062625241171 39.448839671673582 0.014560114249164225 0.25967166033530198 -0.96569696531505556 -0 -0.96569696531505556 -0.25967166033530198 0 -0 0 -1 
1 -16.511815165710981 39.442684831449959 -117.27447297442633 0.25967138699141851 -0.96569594877224729 0.0014509661685190294 -0.96569696531505556 -0.25967166033530203 -1.6340108952789311e-20 0.00037677479406968801 -0.0014011936257136402 -0.99999894734803496 
1 -16.511815165710981 39.442684831449959 117.27447297442633 0.25967138699141851 -0.96569594877224729 -0.0014509661685190602 -0.96569696531505556 -0.25967166033530203 5.4291517933435266e-20 -0.00037677479406969609 0.0014011936257136699 -0.99999894734803496 
1 -16.643648320033357 39.790560133839726 -117.26805293258906 -0.99998438916217569 -0 -0.0055876141554614418 0.0055876141554614418 0 -0.99998438916217569 0 -1 0 
1 -16.643749237060547 39.887389007367887 0.11239129618624839 -1 -0 -0 0 0 -1 0 -1 0 
1 -16.643648320033353 39.790560133839726 117.26805293258906 -0.99998438916217569 -0 0.0055876141554614409 -0.0055876141554614409 0 -0.99998438916217569 0 -1 -0 
1 -16.638748909390241 39.999996185302734 0.004999901211527746 0 1 0 0 -0 1 1 0 -0 
1 -16.637860236135772 39.999996185302741 117.27933996549075 0 1 0 0 -0 1 1 0 -0 
1 -16.628749106967184 39.999996185302734 -0.004999901211527746 0 1 0 0 -0 1 1 0 -0 
1 -16.623748779296875 39.887389007367887 0.11239129618624839 1 0 0 -0 0 1 0 -1 0 
1 -16.637860236135776 39.999996185302741 -117.27933996549075 0 1 0 0 -0 1 1 0 -0 
1 -16.623647862269678 39.759435288523562 117.26805293258907 0.99998438916217569 0 -0.0055876141554614418 0.0055876141554614418 0 0.99998438916217569 0 -1 0 
1 -16.623748779296875 39.662606414995388 -0.11239129618624839 1 0 0 -0 0 1 0 -1 0 
1 -16.614467936686207 39.515310514294107 -0.011968783511143248 0.96602303674567336 0.2584559778311723 0 -0.2584559778311723 0.96602303674567336 0 0 -0 1 
1 -16.620654743977852 39.538434755481276 0.011968783511143975 0.96602303674567336 0.25845597783117241 0 -0.25845597783117241 0.96602303674567336 0 0 -0 1 
1 -16.602904408413263 39.495276539760916 0.011975225143851973 0.70710678118654757 0.70710678118654746 0 -0.70710678118654746 0.70710678118654757 0 0 -0 1 
1 -16.615314692425432 39.519007581519382 -117.27547355636962 0.96600896365970024 0.25845221262779933 0.0053977696233537794 -0.25845597783117225 0.96602303674567336 -8.0669549496441069e-20 -0.0052143698032057675 -0.0013950858261112993 0.99998543193543232 
1 -16.615314692425436 39.519007581519389 117.27547355636962 0.96600896365970024 0.25845221262779933 -0.0053977696233538097 -0.25845597783117225 0.96602303674567336 1.3654246529372201e-19 0.005214369803205797 0.0013950858261113071 0.99998543193543232 
1 -16.600059419208204 39.492573868184913 117.27546216923456 0.70710126185728395 0.70710126185728406 -0.0039510706996223506 0.70710678118654757 -0.70710678118654757 -1.1213799298353162e-19 -0.0027938288846504409 -0.0027938288846504409 -0.99999219448970034 
1 -16.585968882602359 39.478341013950022 -0.011975225143850448 0.70710678118654757 0.70710678118654746 0 -0.70710678118654746 0.70710678118654757 0 0 -0 1 
1 -16.565935385000436 39.466777485689214 0.011968322970144184 0.25846592423114967 0.96602037556737785 0 0.96602037556737785 -0.25846592423114967 0 0 0 -1 
1 -16.6000594192082 39.492573868184913 -117.27546216923456 0.70710126185728395 0.70710126185728406 0.0039510706996223515 0.70710678118654757 -0.70710678118654757 -1.9451829672563191e-19 0.0027938288846504414 0.0027938288846504418 -0.99999219448970034 
1 -16.562106903727887 39.465791226085628 117.27546273722331 0.25846565467727078 0.96601936810560107 -0.0014442288963984378 0.96602037556737785 -0.25846592423114961 -7.8580256175879478e-20 -0.00037328395650895551 -0.0013951545409040785 -0.9999989571009037 
1 -16.542812097299365 39.460590678373272 -0.01196832297014452 0.25846592423114967 0.96602037556737785 0 0.96602037556737785 -0.25846592423114967 0 0 0 -1 
1 -16.519684564934629 39.460590678361115 0.011967862430420402 -0.2584758713693045 0.96601771408182724 0 0.96601771408182724 0.2584758713693045 0 0 0 -1 
1 -16.562106903727884 39.465791226085628 -117.27546273722331 0.2584656546772709 0.96601936810560107 0.0014442288963983779 0.96602037556737774 -0.25846592423114972 -2.1698682793718848e-20 0.00037328395650894011 0.0013951545409040206 -0.9999989571009037 
1 -16.515856350412914 39.461576906974727 117.27546293101754 -0.25847560178430284 0.96601670654527994 0.0014442844778621308 0.96601771408182724 0.25847587136930444 3.5998458356911665e-20 -0.00037331268892057509 0.0013952043897882411 -0.99999895702062969 
1 -16.496562230719668 39.466777485701378 -0.011967862430418693 -0.2584758713693045 0.96601771408182713 0 0.96601771408182713 0.2584758713693045 0 0 0 -1 
1 -16.435909394411226 39.510237615749105 0.063485733833716626 -0.63514083203481542 0.77239635128742201 0 0.77239635128742201 0.63514083203481542 0 0 0 -1 
1 -16.515856350412914 39.46157690697472 -117.27546293101754 -0.25847560178430296 0.96601670654527994 -0.001444284477862102 0.96601771408182724 0.25847587136930456 4.6185797268701313e-20 0.00037331268892056794 -0.0013952043897882131 -0.99999895702062969 
1 -16.623647862269681 39.759435288523555 -117.26805293258907 0.99998438916217569 0 0.0055876141554614418 -0.0055876141554614418 0 0.99998438916217569 0 -1 0 
1 -16.375339500078379 39.559869841170475 117.26908398095175 -0.63512503276689614 0.77237713775826733 0.0070533553147214866 0.77239635128742212 0.63514083203481519 -1.5691667608620407e-19 -0.0044798739632293909 0.0054479859094246231 -0.99997512478001394 
1 -16.337837096067293 39.590882379368097 -0.063485733833716557 -0.63514083203481531 0.77239635128742201 0 0.77239635128742201 0.63514083203481531 0 0 0 -1 
1 -16.288747787475589 39.723507883152806 -0.092114446559113244 -1 -0 -0 0 0 -1 0 -1 0 
1 -16.375339500078383 39.559869841170475 -117.26908398095175 -0.63512503276689625 0.77237713775826733 -0.0070533553147221779 0.77239635128742212 0.63514083203481531 -2.1983263345378922e-19 0.0044798739632298298 -0.0054479859094251565 -0.99997512478001382 
1 -16.288543379746866 39.83096584472981 117.26839842837633 -0.99993834008827953 -0 0.011104774716138067 -0.011104774716138067 0 -0.99993834008827953 0 -1 -0 
1 -16.288543379746862 39.830965844729803 -117.26839842837633 -0.99993834008827953 -0 -0.011104774716138067 0.011104774716138067 0 -0.99993834008827953 0 -1 0 
1 -16.494056138273095 39.447432833968406 117.29275704014637 0.25967960137611867 -0.96569375089303144 -0.0014436465245552315 -0.96569475720315923 -0.25967987197765524 -2.9188525075195618e-20 -0.00037488594467748938 0.001394121880017549 -0.99999895794181315 
1 -16.360152326786203 39.548293402498636 117.29843403163635 0.64058037746077245 -0.7678581717205879 -0.0071139394241573842 -0.76787760239277736 -0.64059658736487168 3.8983971584305233e-19 -0.0045571653178356408 0.0054626347485894275 -0.99997469561277874 
1 -16.619670989363481 39.46129138687462 117.31723785400393 -0 -0 -1 -1 0 0 0 1 -0 
1 -16.639559256359512 39.493747646788194 117.31723785400389 -0 -0 -1 -1 0 0 0 1 -0 
1 -16.601446938036695 39.466727536464333 117.29274442077035 -0.70707150711309574 -0.70713709816199299 0.0026473065276527881 -0.70713957606538458 0.70707398478664762 -1.2084837665167332e-19 -0.0018718415754591605 -0.001872015215679518 -0.99999649587793504 
1 -16.587125059877653 39.441343489231777 117.31723785400392 -0 -0 -1 -1 0 0 0 1 -0 
1 -16.633612230922946 39.513048250520036 117.29274661391413 -0.96623741164784482 -0.25762836526746641 0.0035902286398306481 0.25763002566505766 -0.9662436389833684 -1.8344360654787639e-20 0.0034690355857322744 0.00092495069662299487 0.99999355510838872 
1 -16.662045851320723 39.685558362037149 117.35645965358941 -0.90290238324285321 -0 -0.42984565408338837 0.42984565408338837 0 -0.90290238324285321 0 -1 0 
1 -16.605715917226831 39.472688052613975 117.62191524901776 0.70584494424723421 0.70584494424723432 0.059714565737662963 0.70710678118654757 -0.70710678118654746 -2.3032202376635706e-20 0.042224574368711347 0.042224574368711354 -0.99821549308691981 
1 -16.588438124126764 39.481043685526032 117.29176805537485 0.70710126185728395 0.70710126185728406 -0.0039510706996223497 0.70710678118654757 -0.70710678118654757 1.4191116558654489e-19 -0.0027938288846504401 -0.0027938288846504405 -0.99999219448970034 
1 -16.617709292739278 39.493485741892783 117.6219673184639 0.96558927803790806 0.25833992725401861 0.02996378021245049 -0.25845597783117247 0.96602303674567336 1.4517673232495509e-19 -0.028945701953211334 -0.0077443181143272265 0.99955098513051344 
1 -16.584917994632573 39.460691901580027 117.62195892165542 0.25830126257616098 0.96540495009391603 0.035689495453490698 0.96602037556737785 -0.25846592423114967 -3.8655276214784466e-19 0.0092245184277298855 0.034476779801791299 -0.99936292702615059 
1 -16.56094354783653 39.460720238955538 117.62206840094943 -0.25832111958829679 0.96539953555139379 -0.035692239097626505 0.96601505228897522 0.2584858192457154 8.4447926915591642e-19 0.0092259376638639395 -0.034479240218204268 -0.99936282904068319 
1 -16.546264830891257 39.461576937976872 117.29176748738608 0.25846565467727078 0.96601936810560107 -0.0014442288963984226 0.96602037556737785 -0.25846592423114961 1.5268530340260058e-20 -0.0003732839565089515 -0.0013951545409040637 -0.9999989571009037 
1 -16.500015182226196 39.465791276530624 117.29176705635933 -0.25848555235985476 0.96601405488122682 0.0014370084031804745 0.96601505228897511 0.25848581924571573 4.7404418712298216e-21 -0.00037144629435908278 0.0013881717477380829 -0.99999896750289163 
1 -16.481602537954064 39.513429780494626 117.58430712752653 -0.62988761472694899 0.76765873427297093 -0.1180748089476119 0.77306656476211166 0.63432490605911707 3.1616450196322186e-18 0.074897792093642113 -0.091279686938072965 -0.9930047026535096 
1 -16.397717063972838 39.541285872832361 117.29834467746552 -0.63441463706414158 0.77298488282669864 0.0035269250301952874 0.77298969052839406 0.63441858290628417 1.7953831311027825e-20 -0.0022375467796731975 0.0027262766876075019 -0.99999378038057385 
1 -16.43505410120175 39.53785889315855 117.66331471629758 -0.048063011547213361 0.96925747997071066 0.24130869118587508 -7.4683107734424246e-19 -0.2415878929498036 0.97037894143477488 0.99884430564578608 0.046639334267352263 0.011611441688513356 
1 -16.578671893621291 39.057974574395011 117.925001084466 0.19562141428537161 -0 -0.98067949008480393 -0.98067949008480393 0 -0.19562141428537161 0 1 0 
1 -16.530575314020307 39.107018711737808 117.9345951679754 0.19562141428537169 -0 -0.98067949008480393 -0.98067949008480393 0 -0.19562141428537169 0 1 0 
1 -16.552057934781192 38.957496643066413 117.93563460241823 -0 -1 -0 0 0 -1 1 -0 0 
1 -16.657824770608677 39.107018963940575 117.92500110428138 -0.19561859433832476 -0 -0.98068005259059798 -0.98068005259059798 0 0.19561859433832476 0 1 -0 
1 -16.552057934781192 39.207496643066406 117.93563460241825 0 1 0 0 -0 1 1 0 -0 
1 -16.457451075931449 39.057982658366278 117.96488036291647 0.55513452297263499 -0 -0.83176057937602765 -0.83176057937602765 0 -0.55513452297263499 0 1 0 
1 -16.416671543697461 39.107010627766542 117.99209748132185 0.55513452297263499 -0 -0.83176057937602765 -0.83176057937602765 0 -0.55513452297263499 0 1 0 
1 -16.436914426833862 38.957496643066406 117.984883626284 -0 -1 -0 0 0 -1 1 -0 0 
1 -16.436914426833862 39.207496643066413 117.984883626284 0 1 0 0 -0 1 1 0 -0 
1 -16.360691500613278 39.05797365649277 118.04803818527613 0.83130329644694956 0 -0.5558190616706441 0.5558190616706441 0 0.83130329644694956 0 -1 0 
1 -16.333430813839843 39.107019629640043 118.0888102644309 0.83130329644694956 0 -0.5558190616706441 0.5558190616706441 0 0.83130329644694956 0 -1 0 
1 -16.349373340138975 38.957496643066406 118.07438781464032 -0 -1 -0 0 0 -1 1 -0 0 
1 -16.349373340138975 39.207496643066392 118.07438781464032 0 1 0 0 -0 1 1 0 -0 
1 -16.303146161333633 39.057976825901854 118.16193840090064 0.98087921377097387 0 -0.1946174914853139 0.1946174914853139 0 0.98087921377097387 0 -1 0 
1 -16.293602190717145 39.107016460230952 118.21004035886499 0.98087921377097387 0 -0.19461749148531404 0.19461749148531404 0 0.98087921377097387 0 -1 0 
1 -16.30278116429368 38.957496643066406 118.19058189045171 -0 -1 -0 0 0 -1 1 -0 0 
1 -16.30278116429368 39.207496643066399 118.19058189045171 0 1 0 0 -0 1 1 0 -0 
1 -16.293602032986289 39.057978844192654 118.28919116122387 0.98087475835375948 0 0.19463994560329567 -0.19463994560329567 0 0.98087475835375948 0 -1 0 
1 -16.303146319064496 39.107014441940159 118.33728894131519 0.98087475835375948 0 0.19463994560329576 -0.19463994560329576 0 0.98087475835375948 0 -1 0 
1 -16.304205309000757 38.957496643066406 118.31580569082959 -0 -1 -0 0 0 -1 1 -0 0 
1 -16.304205309000757 39.207496643066406 118.31580569082959 0 1 0 0 -0 1 1 0 -0 
1 -16.333430813839843 39.05797365649277 118.41041153732691 0.83130329644694956 0 0.55581906167064421 -0.5558190616706441 0 0.83130329644694945 0 -1 0 
1 -16.360691500613282 39.107019629640043 118.45118361648169 0.83130329644694956 0 0.5558190616706441 -0.5558190616706441 0 0.83130329644694956 0 -1 0 
1 -16.353415452189299 38.957496643066413 118.4309301446969 -0 -1 -0 0 0 -1 1 -0 0 
1 -16.353415452189296 39.207496643066392 118.4309301446969 0 1 0 0 -0 1 1 0 -0 
1 -16.416674978471935 39.057972371315905 118.50716932502726 0.55586642086089155 0 0.83127162958885015 0.83127162958884993 0 -0.55586642086089144 -0 1 0 
1 -16.457447641156971 39.107020914816907 118.53443376335163 0.55586642086089155 0 0.83127162958885015 0.83127162958884993 0 -0.55586642086089144 -0 1 0 
1 -16.442982829145009 38.957496643066413 118.51848709316201 -0 -1 -0 0 0 -1 1 -0 0 
1 -16.442982829145009 39.207496643066413 118.51848709316201 0 1 0 0 -0 1 1 0 -0 
1 -16.530573890974622 39.057978187430564 118.56472096934321 0.19460323339919913 0 0.98088204262825451 0.98088204262825451 0 -0.19460323339919913 -0 1 0 
1 -16.578673316666979 39.107015098702249 118.57426371083258 0.19460323339919913 0 0.98088204262825451 0.98088204262825451 0 -0.19460323339919913 -0 1 0 
1 -16.559216913380101 38.957496643066406 118.56508433466324 -0 -1 -0 0 0 -1 1 -0 0 
1 -16.559190812318828 39.207496643066406 118.56511358168305 0 1 0 0 -0 1 1 0 -0 
1 -16.65782334756884 39.057977935140642 118.57426369111901 -0.19460042697065227 0 0.98088259940873657 0.98088259940873657 0 0.19460042697065227 0 1 -0 
1 -16.705923295497566 39.107015350992164 118.56472098905675 -0.19460042697065227 0 0.98088259940873657 0.98088259940873657 0 0.19460042697065227 0 1 -0 
1 -16.684419568966494 38.95749664306642 118.56365951941916 -0 -1 -0 0 0 -1 1 -0 0 
1 -16.68441956896649 39.207496643066406 118.56365951941913 0 1 0 0 -0 1 1 0 -0 
1 -16.779006379650564 39.057986480902706 118.53443691351167 -0.55631493709101498 0 0.83097153427143355 0.83097153427143355 0 0.55631493709101498 0 1 -0 
1 -16.819740873767405 39.107006805230121 118.50716617486727 -0.55631493709101487 0 0.83097153427143355 0.83097153427143355 0 0.55631493709101487 0 1 -0 
1 -16.799503289095632 38.957496643066413 118.51444520288955 -0 -1 -0 0 0 -1 1 -0 0 
1 -16.799503289095629 39.207496643066406 118.51444520288955 0 1 0 0 -0 1 1 0 -0 
1 -16.875680493405273 39.05797365649277 118.45118361648169 -0.83130329644694956 -0 0.55581906167064421 -0.5558190616706441 0 -0.83130329644694945 0 -1 -0 
1 -16.902941180178711 39.107019629640043 118.41041153732691 -0.83130329644694956 -0 0.5558190616706441 -0.5558190616706441 0 -0.83130329644694956 0 -1 -0 
1 -16.886996501172302 38.957496643066399 118.42487437482296 -0 -1 -0 0 0 -1 1 -0 0 
1 -16.886996501172298 39.207496643066406 118.42487437482296 0 1 0 0 -0 1 1 0 -0 
1 -16.933265085361967 39.057975532237286 118.33728763693387 -0.9806890818245364 -0 0.19557332330905425 -0.19557332330905425 0 -0.9806890818245364 0 -1 -0 
1 -16.942856435634127 39.107017753895533 118.2891924656052 -0.9806890818245364 -0 0.19557332330905436 -0.19557332330905436 0 -0.9806890818245364 0 -1 -0 
1 -16.933658669513886 38.957496643066406 118.30864808471445 -0 -1 -0 0 0 -1 1 -0 0 
1 -16.933661144017844 39.207496643066406 118.30867842763126 0 1 0 0 -0 1 1 0 -0 
1 -16.942856277156622 39.057973514585491 118.21003905452653 -0.9806935792240723 -0 -0.19555077005391272 0.19555077005391272 0 -0.9806935792240723 0 -1 0 
1 -16.933265243839472 39.107019771547321 118.16193970523911 -0.9806935792240723 -0 -0.19555077005391272 0.19555077005391272 0 -0.9806935792240723 0 -1 0 
1 -16.932223893739646 38.957496643066406 118.18344501934226 -0 -1 -0 0 0 -1 1 -0 0 
1 -16.932223893739646 39.207496643066413 118.18344501934226 0 1 0 0 -0 1 1 0 -0 
1 -16.902985485113863 39.057996781847322 118.08885594150316 -0.8314610973202603 -0 -0.55558297637975629 0.55558297637975629 0 -0.8314610973202603 0 -1 0 
1 -16.875762073479887 39.10699650428549 118.04811457851636 -0.8314610973202603 -0 -0.55558297637975618 0.55558297637975618 0 -0.8314610973202603 0 -1 0 
1 -16.882974313717277 38.957496643066413 118.0683394464383 -0 -1 -0 0 0 -1 1 -0 0 
1 -16.882974313717277 39.207496643066406 118.0683394464383 0 1 0 0 -0 1 1 0 -0 
1 -16.819823282389034 39.057973514789609 117.99217954811277 -0.55578516262358146 -0 -0.83132596074432741 -0.83132596074432752 0 0.55578516262358157 0 1 -0 
1 -16.7790498560387 39.107019771343204 117.96492036643801 -0.55578516262358146 -0 -0.83132596074432752 -0.83132596074432752 0 0.55578516262358146 0 1 -0 
1 -16.793495950298038 38.957496643066399 117.98084208718176 -0 -1 -0 0 0 -1 1 -0 0 
1 -16.793495950298045 39.207496643066406 117.98084208718176 0 1 0 0 -0 1 1 0 -0 
1 -16.705921872457726 39.05797432219223 117.93459514816001 -0.19561859433832476 -0 -0.98068005259059798 -0.98068005259059798 0 0.19561859433832476 0 1 -0 
1 -16.677280544739915 38.957496643066406 117.93420087321184 -0 -1 -0 0 0 -1 1 -0 0 
1 -16.677280544739915 39.207496643066406 117.93420087321184 0 1 0 0 -0 1 1 0 -0 
1 -16.562876648348379 39.207496643066406 117.94269103069864 0 1 0 0 -0 1 1 0 -0 
1 -16.449615000562524 39.207496643066406 117.98728228360058 0 1 0 0 -0 1 1 0 -0 
1 -16.449615000562524 38.957496643066413 117.98728228360058 -0 -1 -0 0 0 -1 1 -0 0 
1 -16.562876648348375 38.957496643066406 117.94269103069863 -0 -1 -0 0 0 -1 1 -0 0 
1 -16.36202845578827 39.207496643066406 118.07174923255941 0 1 0 0 -0 1 1 0 -0 
1 -16.422651251339929 26.371656322543956 118.01175682995576 0.55559516564964817 -0 -0.83145295231103733 -0.83145295231103733 0 -0.55559516564964817 0 1 0 
1 -16.672751768136358 13.474997520446776 118.54219283975112 -0 -1 -0 0 0 -1 1 -0 0 
1 -16.679684653748378 13.474997520446777 118.5467198657761 -0 -1 -0 0 0 -1 1 -0 0 
1 -16.561369105529796 13.474997520446781 118.54763266767095 -0 -1 -0 0 0 -1 1 -0 0 
1 -16.648194003719059 26.310854030528336 118.55625265778734 -0.19583619946915048 0 0.98063662127083506 0.98063662127083506 0 0.19583619946915048 0 1 -0 
1 -16.780519001819364 13.474997520446777 118.49903724773513 -0 -1 -0 0 0 -1 1 -0 0 
1 -16.78862257506913 13.474997520446776 118.50056343951815 -0 -1 -0 0 0 -1 1 -0 0 
1 -16.763152562045562 26.310836125980597 118.5213889292455 -0.55568890002439386 0 0.83139030929502622 0.83139030929502622 0 0.55568890002439386 0 1 -0 
1 -16.863583269154393 13.474997520446776 118.41791085991723 -0 -1 -0 0 0 -1 1 -0 0 
1 -16.871659114608132 13.474997520446779 118.41620778389694 -0 -1 -0 0 0 -1 1 -0 0 
1 -16.856100634687564 26.310835733391116 118.44520667527382 -0.83142647836414374 -0 0.55563478209611583 -0.55563478209611583 0 -0.83142647836414374 0 -1 -0 
1 -16.909293424168112 13.474997520446781 118.3111740514033 -0 -1 -0 0 0 -1 1 -0 0 
1 -16.916139370719634 13.474997520446777 118.30651987817183 -0 -1 -0 0 0 -1 1 -0 0 
1 -16.912856405370192 26.310855892649233 118.33928855403025 -0.98061858536782776 -0 0.19592649139715726 -0.19592649139715726 0 -0.98061858536782776 0 -1 -0 
1 -16.91070394375609 13.474997520446777 118.1951465662649 -0 -1 -0 0 0 -1 1 -0 0 
1 -16.915231775602319 13.474997520446776 118.18824081035561 -0 -1 -0 0 0 -1 1 -0 0 
1 -16.924765267854653 26.310822384555451 118.21976248506056 -0.98066177626579409 -0 -0.19571019536860557 0.19571019536860557 0 -0.98066177626579409 0 -1 0 
1 -16.867545961670999 13.474997520446779 118.08733902718321 -0 -1 -0 0 0 -1 1 -0 0 
1 -16.869071940593425 13.474997520446777 118.07923523374592 -0 -1 -0 0 0 -1 1 -0 0 
1 -16.889895840532169 26.310835733391116 118.10470679734415 -0.83142647836414374 -0 -0.55563478209611583 0.55563478209611583 0 -0.83142647836414374 0 -1 0 
1 -16.786422209636996 13.474997520446777 118.00427821820513 -0 -1 -0 0 0 -1 1 -0 0 
1 -16.784697012673735 13.474997520446777 117.99615271280371 -0 -1 -0 0 0 -1 1 -0 0 
1 -16.813719278568939 26.310820293715004 118.01172430496065 -0.55633713318109734 -0 -0.83095667410752416 -0.83095667410752416 0 0.55633713318109734 0 1 -0 
1 -16.679773727546984 13.474997520446777 117.95854141441266 -0 -1 -0 0 0 -1 1 -0 0 
1 -16.67506128826232 13.474997520446777 117.95165987310779 -0 -1 -0 0 0 -1 1 -0 0 
1 -16.707803094831917 26.310859594056005 117.95490957320375 -0.1949328551057822 -0 -0.98081658937861982 -0.98081658937861982 0 0.1949328551057822 0 1 -0 
1 -16.56368488717926 13.474997520446779 117.95716214158945 -0 -1 -0 0 0 -1 1 -0 0 
1 -16.556748776885069 13.474997520446779 117.95263128104828 -0 -1 -0 0 0 -1 1 -0 0 
1 -16.588270827772249 26.310823036674194 117.94309505246228 0.19576130793581031 -0 -0.98065157437045958 -0.98065157437045958 0 -0.19576130793581031 0 1 0 
1 -16.455913285019601 13.474997520446777 118.00031306611649 -0 -1 -0 0 0 -1 1 -0 0 
1 -16.447763108892435 13.474997520446777 117.9987996617194 -0 -1 -0 0 0 -1 1 -0 0 
1 -16.473218957400306 26.310837840969228 117.97796637561066 0.55559516564964828 -0 -0.83145295231103722 -0.83145295231103722 0 -0.55559516564964828 0 1 0 
1 -16.372829919106493 13.474997520446776 118.08142080682245 -0 -1 -0 0 0 -1 1 -0 0 
1 -16.364711464995516 13.474997520446776 118.08313827794684 -0 -1 -0 0 0 -1 1 -0 0 
1 -16.380269930298034 26.310835997080417 118.0541371962746 0.83143370468207245 0 -0.55562396881222154 0.55562396881222154 0 0.83143370468207245 0 -1 0 
1 -16.327137193387316 13.474997520446777 118.18811771436943 -0 -1 -0 0 0 -1 1 -0 0 
1 -16.320296684685736 13.474997520446776 118.1928010990097 -0 -1 -0 0 0 -1 1 -0 0 
1 -16.323547135526173 26.310858290131961 118.1600591361757 0.98082136654683783 0 -0.19490881695088541 0.19490881695088541 0 0.98082136654683783 0 -1 0 
1 -16.325734670855837 13.474997520446777 118.30417832552061 -0 -1 -0 0 0 -1 1 -0 0 
1 -16.321199502286216 13.474997520446776 118.31111225875493 -0 -1 -0 0 0 -1 1 -0 0 
1 -16.311701060763589 26.310832222999121 118.2795927990848 0.98085462625276654 0 0.19474137248809151 -0.19474137248809154 0 0.98085462625276665 0 -1 0 
1 -16.368884421960416 13.474997520446779 118.41194928603451 -0 -1 -0 0 0 -1 1 -0 0 
1 -16.36735547846547 13.474997520446777 118.42010886926712 -0 -1 -0 0 0 -1 1 -0 0 
1 -16.346475675170712 26.310835997080417 118.3946370742043 0.83143370468207234 0 0.55562396881222165 -0.55562396881222165 0 0.83143370468207234 0 -1 0 
1 -16.449946084008804 13.474997520446776 118.49502116620717 -0 -1 -0 0 0 -1 1 -0 0 
1 -16.451651056801271 13.474997520446777 118.50315048341122 -0 -1 -0 0 0 -1 1 -0 0 
1 -16.422651255515021 26.310835731420163 118.48759086863971 0.55568167328899354 0 0.83139513949189303 0.83139513949189303 0 -0.55568167328899354 -0 1 0 
1 -16.556686559351707 13.474997520446776 118.54078776568569 -0 -1 -0 0 0 -1 1 -0 0 
1 -16.528600050619474 26.310823779675964 118.54434855259584 0.19564101006938373 0 0.98067558100476393 0.98067558100476393 0 -0.19564101006938373 -0 1 0 
1 -16.707803081852227 26.371640132984844 118.54434853850171 -0.19583619946915057 0 0.98063662127083506 0.98063662127083506 0 0.19583619946915057 0 1 -0 
1 -16.588270829507476 26.371670383837216 118.55625264369321 0.19564101006938364 0 0.98067558100476393 0.98067558100476393 0 -0.19564101006938364 -0 1 0 
1 -16.673582284698561 39.207496643066406 118.55662017947292 0 1 0 0 -0 1 1 0 -0 
1 -16.813719309902684 26.371658037532587 118.48759086811781 -0.55568890002439386 0 0.83139030929502622 0.83139030929502622 0 0.55568890002439386 0 1 -0 
1 -16.786780784304025 39.207496643066399 118.51207544726772 0 1 0 0 -0 1 1 0 -0 
1 -16.889895840532169 26.371658430122071 118.39463707472619 -0.83142647836414374 -0 0.55563478209611583 -0.55563478209611583 0 -0.83142647836414374 0 -1 -0 
1 -16.874349583254297 39.207496643066413 118.42754558536271 0 1 0 0 -0 1 1 0 -0 
1 -16.924765283472578 26.371638270863947 118.27968422429005 -0.98061858536782776 -0 0.19592649139715715 -0.19592649139715715 0 -0.98061858536782776 0 -1 -0 
1 -16.922984412062696 39.207496643066406 118.31601656348516 0 1 0 0 -0 1 1 0 -0 
1 -16.91285642098812 26.371671778957733 118.16008980986132 -0.98066177626579409 -0 -0.19571019536860557 0.19571019536860557 0 -0.98066177626579409 0 -1 0 
1 -16.925167654193096 39.207496643066413 118.19433524463064 0 1 0 0 -0 1 1 0 -0 
1 -16.856100634687564 26.371658430122071 118.05413719679652 -0.83142647836414374 -0 -0.55563478209611583 0.55563478209611583 0 -0.83142647836414374 0 -1 0 
1 -16.880582857263001 39.207496643066406 118.08107670741498 0 1 0 0 -0 1 1 0 -0 
1 -16.763152593379303 26.37167386979819 117.97786920089875 -0.55633713318109734 -0 -0.83095667410752416 -0.83095667410752416 0 0.55633713318109734 0 1 -0 
1 -16.796109427337974 39.207496643066399 117.99345706714983 0 1 0 0 -0 1 1 0 -0 
1 -16.648193990739372 26.371634569457179 117.94306253372983 -0.1949328551057822 -0 -0.98081658937861982 -0.98081658937861982 0 0.1949328551057822 0 1 -0 
1 -16.684545815357986 39.207496643066406 117.94483835916192 0 1 0 0 -0 1 1 0 -0 
1 -16.528600052354705 26.371671126838994 117.95500675417836 0.19576130793581031 -0 -0.98065157437045958 -0.98065157437045958 0 -0.19576130793581031 0 1 0 
1 -16.42549210764475 39.313674368716683 117.65739521348293 0.063061288222110295 -0.94669423026491717 -0.31590078871519772 -5.6969589789272183e-19 0.31653079380875609 -0.9485822350069596 0.99800965622972204 0.05981881772414744 0.019960839619547331 
1 -16.346475675170712 26.371658166432766 118.10470679786603 0.83143370468207223 0 -0.55562396881222165 0.55562396881222176 0 0.83143370468207234 0 -1 0 
1 -16.318826025148208 39.314376865705782 117.72665001029353 0.34660125728997204 -0.90896529644856894 -0.23162395881509271 -0.9343752600895735 -0.35629043396159543 1.1172318383131437e-17 -0.082525400802132096 0.2164236967608289 -0.97280539765300655 
1 -16.311701048677929 26.371635873381219 118.21967108843369 0.98082136654683783 0 -0.19490881695088541 0.19490881695088541 0 0.98082136654683783 0 -1 0 
1 -16.313444392911784 39.207496643066392 118.18329212547852 0 1 0 0 -0 1 1 0 -0 
1 -16.323547123440513 26.371661940514063 118.339257908923 0.98085462625276654 0 0.19474137248809151 -0.19474137248809154 0 0.98085462625276665 0 -1 0 
1 -16.311270274159394 39.207496643066413 118.30498380079764 0 1 0 0 -0 1 1 0 -0 
1 -16.380269930298034 26.371658166432766 118.44520667579572 0.83143370468207223 0 0.55562396881222165 -0.55562396881222176 0 0.83143370468207234 0 -1 0 
1 -16.355793860182541 39.207496643066413 118.41824342941236 0 1 0 0 -0 1 1 0 -0 
1 -16.47321895322521 26.371658432093025 118.52138892872357 0.55568167328899343 0 0.83139513949189314 0.83139513949189314 0 -0.55568167328899343 -0 1 0 
1 -16.440311269818253 39.207496643066413 118.50584017806483 0 1 0 0 -0 1 1 0 -0 
1 -16.55190637135771 39.207496643066406 118.55447544971945 0 1 0 0 -0 1 1 0 -0 
1 -16.362028455788266 38.957496643066399 118.07174923255941 -0 -1 -0 0 0 -1 1 -0 0 
1 -16.313444392911787 38.957496643066406 118.18329212547854 -0 -1 -0 0 0 -1 1 -0 0 
1 -16.311270274159391 38.957496643066399 118.30498380079763 -0 -1 -0 0 0 -1 1 -0 0 
1 -16.355793860182541 38.957496643066413 118.41824342941236 -0 -1 -0 0 0 -1 1 -0 0 
1 -16.440311269818256 38.957496643066406 118.50584017806483 -0 -1 -0 0 0 -1 1 -0 0 
1 -16.551905742553938 38.957496643066413 118.55441922287856 -0 -1 -0 0 0 -1 1 -0 0 
1 -16.673556792170402 38.957496643066399 118.55659562363957 -0 -1 -0 0 0 -1 1 -0 0 
1 -16.786780784304025 38.957496643066406 118.51207544726773 -0 -1 -0 0 0 -1 1 -0 0 
1 -16.874349583254293 38.957496643066399 118.42754558536268 -0 -1 -0 0 0 -1 1 -0 0 
1 -16.922984855689585 38.95749664306642 118.31595593107744 -0 -1 -0 0 0 -1 1 -0 0 
1 -16.925170459628376 38.957496643066406 118.19430496026064 -0 -1 -0 0 0 -1 1 -0 0 
1 -16.880582857263001 38.957496643066413 118.08107670741498 -0 -1 -0 0 0 -1 1 -0 0 
1 -16.796109427337978 38.957496643066399 117.99345706714986 -0 -1 -0 0 0 -1 1 -0 0 
1 -16.684545815357982 38.957496643066406 117.94483835916192 -0 -1 -0 0 0 -1 1 -0 0 
1 -16.364859156017907 39.313738967179297 117.6823645533635 0.18223889367809326 -0.94467542346315814 -0.27272207452952474 -1.0302104720254852e-17 0.27736678004977988 -0.96076410701317161 0.98325428330162123 0.1750885879477016 0.050547015139326905 
1 -16.294671942226241 39.315233678905173 117.78299133868316 0.71285993266309244 -0.68685027202430105 -0.14165952217805575 0.6938474174365703 0.72012204612593411 2.8816836262669587e-18 0.10201214496408362 -0.098290093618542504 0.98991544072020865 
1 -16.376952620816692 39.537933381142423 117.68711923693081 -0.14060314513224131 0.96745132309893989 0.21040126666213935 -3.7296730808076389e-18 -0.21251235677048838 0.97715837929163385 0.99006603596877418 0.13739154142072729 0.029879905741395627 
1 -16.332886119037941 39.538401456196816 117.72949502957586 -0.27361290470421012 0.94427339777025887 0.18298559681771506 0.96049071283149046 0.2783120381234982 -6.2013592859839274e-18 -0.050927094397582993 0.17575596632534285 -0.98311559409728866 
1 -16.309757399109881 39.53903178357244 117.78343238868467 -0.62366391825679335 0.77185325238357394 0.12363605400320289 0.77782098240590147 0.62848589429605994 -1.2103674466743515e-17 -0.077703515967438949 0.096166716985560355 -0.99232763044798733 
1 -16.278536898837096 39.378488867207423 118.04967084839649 0.98750964973256405 -0.15755816574602657 -0.00034072249173453374 0.15755817489163418 0.98750970705346341 -7.5434557758240834e-21 0.00033646676799929551 -5.3683613942223043e-05 0.99999994195409014 
1 -16.295873203605769 39.529293346159697 118.03312929446204 -0.89739191982238242 0.43809517484873961 0.052539128387813022 -0.4387010797253762 -0.89863305227873136 -2.1291553596318935e-18 0.047213397307204558 -0.023048972351563737 0.99861886622887763 
1 -16.310978614003677 39.457496643066399 118.50025979620067 0 1 0 0 -0 1 1 0 -0 
1 -16.295277077775232 39.310412330579609 118.51343965112466 0.84143717136937124 -0.51388139040364234 0.16706107636050579 0.52120613547974637 0.8534308198900884 -9.2158775934186277e-18 -0.14257507137006711 0.087073257998946038 0.98594654863500053 
1 -16.633947095566519 39.999996185302734 118.74881756481618 0 1 0 0 -0 1 1 0 -0 
1 -16.622985178432337 39.999996185302734 118.74165620474447 0 1 0 0 -0 1 1 0 -0 
1 -16.758288956182191 39.999996185302727 118.68803945594928 0 1 0 0 -0 1 1 0 -0 
1 -16.598609907836892 39.752084452726187 118.7611014813012 -0.19465655562193804 0 0.98087146219747035 0.98087146219747035 0 0.19465655562193804 0 1 -0 
1 -16.417132887620827 39.999996185302734 118.7652832979801 0 1 0 0 -0 1 1 0 -0 
1 -16.596375948250088 39.760477098462829 118.74154866650795 0.19482231031317368 -0 -0.98083855318000102 -0.98083855318000102 0 -0.19482231031317368 0 1 0 
1 -16.733682386460416 39.760470393616686 118.69811146044653 0.55550641301103965 -0 -0.83151225192633704 -0.83151225192633704 0 -0.55550641301103965 0 1 0 
1 -16.771147746078995 39.999996185302734 118.69045594485151 0 1 0 0 -0 1 1 0 -0 
1 -16.862754097396788 39.999996185302734 118.58668482074883 0 1 0 0 -0 1 1 0 -0 
1 -16.74321280719267 39.752090228554387 118.71533103021468 -0.55563098464136962 0 0.83142901615619724 0.83142901615619724 0 0.55563098464136962 0 1 -0 
1 -16.84398088107206 39.770844404096877 118.60527060675179 0.83153234590661218 0 -0.5554763340692801 0.5554763340692801 0 0.83153234590661218 0 -1 0 
1 -16.87557129022635 39.99999618530272 118.5839805928712 0 1 0 0 -0 1 1 0 -0 
1 -16.92378176074963 39.999996185302741 118.39065604058753 0 1 0 0 -0 1 1 0 -0 
1 -16.859284476876724 39.752090520256964 118.61765124835588 -0.83143283721490424 -0 0.55562526688477254 -0.55562526688477254 0 -0.83143283721490424 0 -1 -0 
1 -16.913099026229162 39.806180490444319 118.43369247082778 0.99167645275541416 0 -0.12875485641496776 0.12875485641496776 0 0.99167645275541416 0 -1 0 
1 -16.934285168921271 39.999996185302741 118.38297029988131 0 1 0 0 -0 1 1 0 -0 
1 -16.932932553869794 39.999996185302727 118.10614538563063 0 1 0 0 -0 1 1 0 -0 
1 -16.924702942245521 39.999996185302741 118.11696300996272 0 1 0 0 -0 1 1 0 -0 
1 -16.854567438861267 39.999996185302734 117.84963244444775 0 1 0 0 -0 1 1 0 -0 
1 -16.945594101134922 39.7726555360886 118.16306399076309 -0.99145443334408812 -0 -0.13045346527537405 0.13045346527537405 0 -0.99145443334408812 0 -1 0 
1 -16.924949038156672 39.858970174946599 118.15825005097659 0.9914161348464251 0 0.13074420662566721 -0.13074420662566721 0 0.9914161348464251 0 -1 0 
1 -16.863481998806154 39.897921179529462 117.8847063989282 0.92396766591983548 0 0.38247059015648699 -0.38247059015648699 0 0.92396766591983548 0 -1 0 
1 -16.8597032314978 39.999996185302734 117.83703954768477 0 1 0 0 -0 1 1 0 -0 
1 -16.748955342718279 39.999996185302727 117.59275401427965 0 1 0 0 -0 1 1 0 -0 
1 -16.886643448742902 39.77265744444739 117.88872601817312 -0.92377011786114482 -0 -0.38294747596348855 0.38294747596348855 0 -0.92377011786114482 0 -1 0 
1 -16.931845543595472 39.772080116305418 118.44067921172189 -0.99143428403578959 -0 0.13060650993898199 -0.13060650993898199 0 -0.99143428403578959 0 -1 -0 
1 -16.757713759928205 39.905454745846164 117.6277520661413 0.92610715060224558 0 0.37726058050555689 -0.37726058050555689 0 0.92610715060224558 0 -1 0 
1 -16.753949530651518 39.999996185302741 117.57951616222552 0 1 0 0 -0 1 1 0 -0 
1 -16.663947370077807 39.999996185302741 117.39250148481624 0 1 0 0 -0 1 1 0 -0 
1 -16.66891102356545 39.999996185302734 117.38230801194213 0 1 0 0 -0 1 1 0 -0 
1 -16.669979176880027 39.867601173052591 117.41831898867018 0.90811890699359754 0 0.41871237235213604 -0.41871237235213604 0 0.90811890699359754 0 -1 0 
1 -16.629262032540982 39.999996185302741 117.28789025911865 0 1 0 0 -0 1 1 0 -0 
1 -16.690577134519121 39.751934008568313 117.41639038303167 -0.9029023832428531 -0 -0.42984565408338848 0.42984565408338848 0 -0.9029023832428531 0 -1 0 
1 -16.780324002147463 39.771279028183883 117.63065911031146 -0.92653726714842644 -0 -0.37620299385454853 0.37620299385454853 0 -0.92653726714842644 0 -1 0 
1 -16.357824603503477 39.773233201379831 118.77081820523816 -0.0061167034963641731 0 0.99998129279418901 0.99998129279418901 0 0.0061167034963641731 0 1 -0 
1 -16.41041349249798 39.999996185302734 118.75595289039546 0 1 0 0 -0 1 1 0 -0 
1 -16.273454301603156 39.999996185302734 118.04646187798197 0 1 0 0 -0 1 1 0 -0 
1 -16.473506789880748 39.779943462423041 118.75015458306619 0.0065179184201391016 -0 -0.99997875814412607 -0.99997875814412607 0 -0.0065179184201391016 0 1 0 
1 -16.924891484577138 39.728406411472378 118.34286635685116 0.99167645275541416 0 -0.12875485641496784 0.12875485641496784 0 0.99167645275541416 0 -1 0 
1 -16.913894824307992 39.784658159662399 118.0744274002415 0.9914161348464251 0 0.13074420662566724 -0.13074420662566724 0 0.9914161348464251 0 -1 0 
1 -16.910325344907815 39.604399826162883 118.11127350283125 0.97733874806470789 0.12671210419609197 0.16956713768153364 -0.17094503401118527 -9.157977235557617e-19 0.98528056681684062 0.12484697384488007 -0.99193953578340588 0.021660804961429792 
1 -16.832608635757602 39.819674951476514 117.81012291478788 0.92396766591983548 0 0.38247059015648693 -0.38247059015648693 0 0.92396766591983548 0 -1 0 
1 -16.837428611848814 39.628406676928677 117.90487699862764 0.86344562306475736 0.33099841134799285 0.38065956929442601 -0.40339862055432685 -6.3941081710897074e-18 0.91502434554216439 0.30287160471919328 -0.94363131131025157 0.13352430254345396 
1 -16.65862130516788 39.697015729906319 118.72918497607014 0.19482231031317362 -0 -0.98083855318000102 -0.98083855318000102 0 -0.19482231031317362 0 1 0 
1 -16.58197541337838 39.457496643066413 118.65402950364071 0 1 0 0 -0 1 1 0 -0 
1 -16.785816710776977 39.701924447511253 118.66328220636309 0.55550641301103976 -0 -0.83151225192633704 -0.83151225192633704 0 -0.55550641301103976 0 1 0 
1 -16.709666883576475 39.464484833197361 118.63116038593526 0.13062672625886906 0.98950720085458699 0.061742674414139984 0.9913986893841269 -0.1308764252546486 -4.7120410191187484e-19 0.0080806605129842956 0.061211606493249242 -0.99809210103887192 
1 -16.87830521869062 39.715178087421634 118.5538880450996 0.83153234590661207 0 -0.55547633406928032 0.55547633406928032 0 0.83153234590661207 0 -1 0 
1 -16.819070207656839 39.482991049924266 118.55910229662575 0.30350601791847009 0.95104904408315782 0.058222099204555712 0.95266509295168367 -0.30402174374764729 1.3820223455582663e-19 0.017700784124817535 0.055466161550550216 -0.99830365478856942 
1 -16.725602091768319 39.809854071688761 117.54892367261876 0.92610715060224558 0 0.37726058050555689 -0.37726058050555689 0 0.92610715060224558 0 -1 0 
1 -16.642152257072087 39.764537132551524 117.35796693396725 0.90811890699359754 0 0.4187123723521361 -0.4187123723521361 0 0.90811890699359754 0 -1 0 
1 -16.688267828712636 39.543066629212994 117.6370878303379 0.93966612204976641 0.27987545442356748 0.19671631626063765 -0.28545307959587024 0.95839268535879074 3.2071507146468395e-18 -0.18853147859492161 -0.056153278283354174 0.98046044842045754 
1 -16.623473948643404 39.790560133839726 117.2991772920203 0.99998438916217569 0 -0.0055876141554614418 0.0055876141554614418 0 0.99998438916217569 0 -1 0 
1 -16.735199132126713 39.606202438610239 117.72823781660419 0.86541708599950395 0.43140343772902762 0.25484179636728432 -0.44613353558705654 0.89496640631064606 -9.1208675360546444e-18 -0.22807484667257791 -0.11369347162869325 0.96698276035526909 
1 -16.917910555939198 39.531044428524247 118.35319477241438 0.99044931515622636 0.11087826205676357 -0.081952212354725495 -0.11125248648765904 0.99379217357066829 -5.5848377782189644e-19 0.081443467244927625 0.0091173873976278623 0.99663626007193129 
1 -16.371114868444444 39.677549365946099 118.75082197943375 0.006517918420139099 -0 -0.99997875814412607 -0.99997875814412607 0 -0.006517918420139099 0 1 0 
1 -16.288503602720294 39.839572476461072 118.14524986974396 -0.99999981360389789 -0 -0.00061056708849125904 0.00061056708849125904 0 -0.99999981360389789 0 -1 0 
1 -16.417492376374966 39.457496643066406 118.64874081239371 0 1 0 0 -0 1 1 0 -0 
1 -16.879289677317288 39.563718288905477 118.04091659782775 0.78129501371597454 0.34295022261507857 0.52150095527316465 -0.55517003117486807 1.2594487469781259e-17 0.83173687935866847 0.28524434793322606 -0.93935357816333886 0.19039568578064106 
1 -16.788480257678589 39.576909374664332 117.88072740631358 0.41320573596476023 0.66778718291406758 0.61912946796410406 -1.1119415861233152e-17 -0.67988561015910542 0.73331818271373916 0.91063769950832862 -0.30301127938457112 -0.28093263391764323 
1 -16.917870948385463 39.521361447308415 118.21186477674341 0.97484777923063604 0.10913171010062152 0.1943246695085602 -0.19549228661279922 1.3962144298121334e-18 0.9807052390371428 0.1070260398407622 -0.99402729834271364 0.021334407549535618 
1 -16.906107747399616 39.478995661953824 118.38459855053335 0.81385615226483432 0.5580063483386557 -0.16207121470032135 -0.56548255697135752 0.82476025471717263 -1.2073970467374311e-17 0.13366989631855861 0.091648444900191597 0.98677906410987581 
1 -16.878949236747594 39.476495065600801 118.44620937418971 0.4274283914405097 0.85784352068015812 -0.28532343790451165 0.89504957789172912 -0.44596665022828536 1.4256948929758243e-19 -0.1272447378338932 -0.25537862265905009 -0.95843128902511854 
1 -16.819988824038361 39.476796033106154 118.50571569008429 0.29542435781702847 0.84668561770953188 -0.44254707497872464 8.7145686486189361e-18 0.46322248561741297 0.88624202609582081 0.95536613337944754 -0.26181748142982003 0.13684720533993192 
1 -16.726084996934432 39.46550840477623 118.57774032672897 0.031842812493531429 0.98665234418384751 -0.15969717282726209 -3.717100195709032e-20 0.15977819809861246 0.98715294023386302 0.99949288906550104 -0.031433725978305141 0.0050877872026084368 
1 -16.611856553589458 39.457496643066406 118.61048283142243 0 1 0 0 -0 1 1 0 -0 
1 -16.492962709457952 39.457496643066406 118.59734744980305 0 1 0 0 -0 1 1 0 -0 
1 -16.335715010573587 39.457496643066406 118.55578076422105 0 1 0 0 -0 1 1 0 -0 
1 -16.945777060774645 39.665412254300058 118.334925036325 -0.99143428403578959 -0 0.13060650993898193 -0.13060650993898193 0 -0.99143428403578959 0 -1 -0 
1 -16.931528777893398 39.664836834516862 118.05616666109239 -0.99145443334408812 -0 -0.13045346527537402 0.13045346527537402 0 -0.99145443334408812 0 -1 0 
1 -16.927942181707394 39.361776183855369 118.11494125881953 -0.98073979375515985 -0.14661920694508779 -0.12904365579089988 0.14785543905059542 -0.98900898334805631 -1.1820235843235412e-19 -0.12762533482127439 -0.019079806383657409 0.99163891356688894 
1 -16.845353087511985 39.664834926158086 117.78912279774489 -0.92377011786114482 -0 -0.38294747596348855 0.38294747596348855 0 -0.92377011786114482 0 -1 0 
1 -16.87558416276768 39.353361864036536 117.93249610319106 -0.87965419864864591 -0.30533930828134404 -0.36465928977345285 0.38294747596348838 4.3313786996029916e-19 -0.92377011786114493 0.28206332879869767 -0.95224361736809271 0.11692891741877816 
1 -16.466796597058046 39.664259169225623 118.77015164339468 -0.006116703496364174 0 0.99998129279418901 0.99998129279418901 0 0.006116703496364174 0 1 -0 
1 -16.664011018066429 39.685407917879282 118.74812245668708 -0.1946565556219382 0 0.98087146219747035 0.98087146219747035 0 0.1946565556219382 0 1 -0 
1 -16.671705002044678 39.343722638364127 118.66704253143342 -0.14962819823639481 -0.63963602144576603 0.75397424515799072 9.1710704716032448e-18 0.76255887860839111 0.64691881766997095 -0.98874233362010455 0.09679729709317654 -0.11410031105533924 
1 -16.798659217343467 39.685402142051082 118.67827706304702 -0.55563098464136962 0 0.83142901615619724 0.83142901615619724 0 0.55563098464136962 0 1 -0 
1 -16.79542652365561 39.343948446174288 118.60697206754301 -0.46523887444971246 -0.5467187861793561 0.69616905887818381 -3.7079193686919065e-17 0.78646714887169578 0.61763211035828292 -0.88518517254909146 0.28734646784708812 -0.36589509113274221 
1 -16.896338386892808 39.685401850348512 118.56220409832382 -0.83143283721490424 -0 0.55562526688477243 -0.55562526688477243 0 -0.83143283721490424 0 -1 -0 
1 -16.887054785478668 39.344491003838897 118.50443861333484 -0.76434033327978601 -0.39354591324077365 0.51078906516607336 -0.55562526688477243 -6.2831368041239072e-19 -0.83143283721490424 0.32720699522010699 -0.91930496255132099 -0.21866405307581635 
1 -16.740797976612303 39.666213342421585 117.53331183695417 -0.92653726714842644 -0 -0.37620299385454858 0.37620299385454858 0 -0.92653726714842644 0 -1 0 
1 -16.64347440640708 39.759435288523562 117.29917729202032 -0.99998438916217569 -0 0.0055876141554614409 -0.0055876141554614409 0 -0.99998438916217569 0 -1 -0 
1 -16.671659560324738 39.437496185302727 117.39255312146796 -0 -1 -0 0 0 -1 1 -0 0 
1 -16.934732156153039 39.359331462915478 118.35104550009039 -0.98514722045524905 -0.11243909902580392 0.12977828416018769 -0.13060650993898199 2.0060734872245994e-18 -0.99143428403578959 0.11147597764027715 -0.99365861794192956 -0.014685278304443841 
1 -16.786938866803119 39.34664290130285 117.74699204448294 -0.85599810043438795 -0.38271135517193616 -0.34756189473988619 0.40815707431470938 -0.9129117168088362 -2.1453220818678191e-17 -0.31729332602432153 -0.14185984610030894 0.93765704248665482 
1 -16.477518770775639 39.353316047095966 118.69432661122866 -0.004546619878662353 -0.66894475382132346 0.74329822048933214 -9.0187972089185868e-20 0.74330590324680168 0.66895166805865447 -0.99998966407042378 0.0030414689518598187 -0.0033795293956289845 
1 -16.847723660563368 39.308570827544962 117.91873210087249 -0.68898171178152079 -0.55973117707552411 -0.46044023525345151 0.63054752427467864 -0.77615064235692921 1.5288734617742969e-17 -0.35737098435894193 -0.29032945041551439 0.88769070613572731 
1 -16.753988786448502 39.311778006690105 117.75130617563839 -0.27525437127086533 -0.86902862078228371 -0.4111256345176284 4.4642380260170922e-18 0.42764494621773036 -0.90394679045529813 0.96137143243196121 -0.24881530546908973 -0.11771114079832438 
1 -16.715828294396925 39.325366141981277 117.70199727180845 0.0036583168110717879 -0.91020671152205423 -0.41413809172583721 -4.8413422256829516e-20 0.41414086301706549 -0.91021280235969015 0.99999330833666589 0.0033298467965252173 0.0015150584813271091 
1 -16.933818300669891 39.299779256410396 118.21234862902297 -0.97457618325269246 -0.11123258098043562 -0.19449569652063062 0.19571019536860562 -1.2287889828042936e-19 -0.98066177626579398 0.10908154044290276 -0.99379440173932898 0.0217693501550353 
1 -16.92020733793235 39.304057383280757 118.39714804204729 -0.96301943703015003 -0.18860508562581141 0.19241020133613884 -0.1959264913971577 -6.4157613735646502e-18 -0.98061858536782764 0.1849496522595612 -0.98205301367903786 -0.036952732686325727 
1 -16.858626663701074 39.304727467752585 118.5163410700258 -0.76433068034824692 -0.39355660969954964 0.51079526822415122 -0.55563478209611605 -5.1847383087059848e-18 -0.83142647836414363 0.32721338603942829 -0.91930038342306608 -0.21867374107289542 
1 -16.756035914246024 39.305119170032036 118.60280531964061 -0.46530410359011215 -0.54667265840992851 0.69616168792114952 2.7722808426960803e-17 0.78648928543719832 0.61760392153263199 -0.8851508861104993 0.28737363908247926 -0.36595669194358332 
1 -16.628174552584984 39.305222522648691 118.64305990999273 -0.15062154307171946 -0.63910436056024211 0.75422726487152292 2.31637847057695e-18 0.76293116628192759 0.64647972552563315 -0.98859149842727967 0.097373773823252505 -0.11491386952289048 
1 -16.433546277448819 39.308321009782752 118.64761498779831 0.12593420388345866 -0.7652775614415992 0.63126130108397971 -5.8739133436974325e-18 -0.63632736016592317 -0.77141914074274021 0.99203859617065282 0.097148055349898732 -0.080135379511758406 
1 -16.370253458947314 39.307282543676585 118.62027641013135 0.3233966149375338 -0.81320181751565424 0.48385683154852849 4.4125223296322117e-17 -0.51133413333729116 -0.85938198962056522 0.94626350951885729 0.27792122638157363 -0.16536372782329747 
1 -16.32079412372277 39.308317158018752 118.57224823385165 0.53473735356354379 -0.76573944120448301 0.35735006770351047 -0.81987538811449356 -0.57254200541454481 -1.0971320703035386e-17 0.20459792439799124 -0.29298252545115616 -0.93397051833143885 
1 -16.283397898340695 39.999996185302727 118.02945860620042 0 1 0 0 -0 1 1 0 -0 
1 -16.288387697430352 39.658736061177621 117.95541771120773 -0.99999981360389789 -0 -0.00061056708849125969 0.00061056708849125969 0 -0.99999981360389789 0 -1 0 
1 -16.288202607191614 39.800278814694032 117.29908356625259 -0.99993834008827953 -0 0.011104774716138065 -0.011104774716138065 0 -0.99993834008827953 0 -1 -0 
1 -16.282594544174529 39.999996185302734 117.28800992203431 0 1 0 0 -0 1 1 0 -0 
1 -16.679746184356016 39.310980509491117 117.72721673302036 -0.083638858015784273 -0.90327363440768293 -0.42083403238539441 1.815186895519637e-19 0.42231376399722081 -0.90644971440146616 0.99649613217002275 -0.075814418961272431 -0.035321840945074977 
1 -16.515984833567813 39.351542091479814 117.58814777085604 -0.1386929282677842 -0.90042003471582499 -0.41232030356369792 -8.3158787371495974e-18 0.41634408852536614 -0.90920712708930207 0.99033543390535472 -0.12610059885795469 -0.057743980804564596 
1 -16.618790293272848 39.437496185302727 117.36960777558045 -0 -1 -0 0 0 -1 1 -0 0 
1 -16.482949979152668 39.437496185302741 117.3665018710915 -0 -1 -0 0 0 -1 1 -0 0 
1 -16.652276501871015 39.499955264350234 117.66567068269842 0.028802322433756661 0.9890930341416474 0.14444859305265637 -2.5595714638886361e-19 -0.14450854573912084 0.9895035523980521 0.99958512705142932 -0.028500000365516327 -0.0041621817288114305 
1 -16.619432240557963 39.534737688256008 117.29175666823977 0.96600896365970024 0.25845221262779933 -0.0053977696233537932 -0.25845597783117225 0.96602303674567336 -1.0870156487024926e-20 0.0052143698032057805 0.001395085826111303 0.99998543193543232 
1 -16.399435043493693 39.437496185302727 117.31736406874668 -0 -1 1.0317425396901808e-15 0 -1.0317425396901808e-15 -1 1 0 0 
1 -16.550356687932595 39.442687055748145 117.29276774830913 -0.25913052491611882 -0.96584122634876723 0.0014479439927523256 -0.96584223881361386 0.25913079655553539 -3.0138536030680468e-20 -0.00037520688020971246 -0.0013984854676366292 -0.99999895172854758 
1 -16.399796356439037 39.441295762950894 117.31734986001923 0.00095775059288219543 -0.0035616727596590094 -0.99999319857734781 -1.0964781829866586e-22 -0.99999365721764299 0.0035616743931967654 -0.99999954135679581 -3.4111957617375355e-06 -0.00095774451807863247 
1 -16.342127338819214 39.507410583570007 117.31739929884877 0.0012184756305698655 -0 -0.99999925765829334 -0.99999925765829334 0 -0.0012184756305698655 0 1 0 
Triangulations 0

TShapes 2788
Ve
1e-07
-16.2679977416992 39.6249961853027 -117.317489624023
0 0

0101101
*
Ve
1e-07
-16.4746246337891 39.4526214599609 -117.317237854004
0 0

0101101
*
Ed
 1e-07 1 1 0
1  1 0 0 0.269086941079478
2  1 1 0 0 0.269086941079478
2  2 2 0 0 0.269086941079478
4 C0 1 0 2 0
0

0101000
+2788 0 -2787 0 *
Ve
1e-07
-16.2679977416992 39.4374961853027 -117.317489624023
0 0

0101101
*
Ed
 1e-07 1 1 0
1  2 0 0 0.207179897326784
2  3 1 0 0 0.207179897326784
2  4 3 0 0 0.207179897326784
4 C0 1 0 3 0
0

0101000
+2787 0 -2785 0 *
Ed
 1e-07 1 1 0
1  3 0 0 0.1875
0

0101000
+2785 0 -2788 0 *
Wi

0101100
+2786 0 +2784 0 +2783 0 *
Fa
0  1e-07 1 0

0101000
+2782 0 *
Ve
1e-07
-16.5308723449707 39.4374961853027 -117.317237854004
0 0

0101101
*
Ed
 1e-07 1 1 0
1  4 0 0 0.0582458491796569
2  5 3 0 0 0.0582458491796569
2  6 4 0 0 0.0582458491796569
4 C0 3 0 4 0
0

0101000
+2787 0 -2780 0 *
Ed
 1e-07 1 1 0
1  5 0 0 0.26287472383872
2  7 5 0 0 0.26287472383872
2  8 3 0 0 0.26287472383872
4 C0 3 0 5 0
0

0101000
+2785 0 -2780 0 *
Wi

0101100
-2784 0 +2779 0 -2778 0 *
Fa
0  1e-07 3 0

0101000
+2777 0 *
Ve
1e-07
-16.6182479858398 13.4749975204468 -118.562232971191
0 0

0101101
*
Ve
1e-07
-16.7329978942871 13.4749975204468 -118.526863098145
0 0

0101101
*
Ed
 1e-07 1 1 0
1  6 0 0 0.120077347605649
2  9 6 0 0 0.120077347605649
2  10 7 0 0 0.120077347605649
4 CN 6 0 7 0
0

0101000
+2775 0 -2774 0 *
Ve
1e-07
-16.7377490997314 13.4749975204468 -118.538368225098
0 0

0101101
*
Ed
 1e-07 1 1 0
1  7 0 0 0.0124475660023079
2  11 6 0 0 0.0124475660023079
2  12 8 0 0 0.0124475660023079
4 CN 6 0 8 0
0

0101000
+2774 0 -2772 0 *
Ed
 1e-07 1 1 0
1  8 0 0 0.121860749741058
2  13 6 0 0 0.121860749741058
2  14 9 0 0 0.121860749741058
4 C0 6 0 9 0
0

0101000
+2772 0 -2775 0 *
Wi

0101100
+2773 0 +2771 0 +2770 0 *
Fa
0  1e-07 6 0

0101000
+2769 0 *
Ve
1e-07
-16.6182479858398 13.4749975204468 -118.549743652344
0 0

0101101
*
Ed
 1e-07 1 1 0
1  9 0 0 0.0124893188476562
2  15 7 0 0 0.0124893188476562
2  16 10 0 0 0.0124893188476562
4 CN 7 0 10 0
0

0101000
+2775 0 -2767 0 *
Ed
 1e-07 1 1 0
1  10 0 0 0.117008808425346
0

0101000
+2767 0 -2774 0 *
Wi

0101100
+2766 0 +2765 0 -2773 0 *
Fa
0  1e-07 7 0

0101000
+2764 0 *
Ve
1e-07
-16.8303718566895 13.4749975204468 -118.461860656738
0 0

0101101
*
Ed
 1e-07 1 1 0
1  11 0 0 0.117076923186023
0

0101000
+2774 0 -2762 0 *
Ed
 1e-07 1 1 0
1  12 0 0 0.120134853904962
2  17 11 0 0 0.120134853904962
2  18 8 0 0 0.120134853904962
4 CN 8 0 11 0
0

0101000
+2772 0 -2762 0 *
Wi

0101100
-2771 0 +2761 0 -2760 0 *
Fa
0  1e-07 8 0

0101000
+2759 0 *
Ve
1e-07
-16.8391227722168 13.4749975204468 -118.470611572266
0 0

0101101
*
Ed
 1e-07 1 1 0
1  13 0 0 0.0123756634219508
2  19 11 0 0 0.0123756634219508
2  20 12 0 0 0.0123756634219508
4 CN 11 0 12 0
0

0101000
+2762 0 -2757 0 *
Ed
 1e-07 1 1 0
1  14 0 0 0.121932708803535
2  21 11 0 0 0.121932708803535
2  22 13 0 0 0.121932708803535
4 C0 11 0 13 0
0

0101000
+2757 0 -2772 0 *
Wi

0101100
+2760 0 +2756 0 +2755 0 *
Fa
0  1e-07 11 0

0101000
+2754 0 *
Ve
1e-07
-16.8953723907471 13.4749975204468 -118.364486694336
0 0

0101101
*
Ed
 1e-07 1 1 0
1  15 0 0 0.117075864215083
0

0101000
+2762 0 -2752 0 *
Ed
 1e-07 1 1 0
1  16 0 0 0.120110404630042
2  23 14 0 0 0.120110404630042
2  24 12 0 0 0.120110404630042
4 CN 12 0 14 0
0

0101000
+2757 0 -2752 0 *
Wi

0101100
-2756 0 +2751 0 -2750 0 *
Fa
0  1e-07 12 0

0101000
+2749 0 *
Ve
1e-07
-16.9068737030029 13.4749975204468 -118.369232177734
0 0

0101101
*
Ed
 1e-07 1 1 0
1  17 0 0 0.0124418566255855
2  25 14 0 0 0.0124418566255855
2  26 15 0 0 0.0124418566255855
4 CN 14 0 15 0
0

0101000
+2752 0 -2747 0 *
Ed
 1e-07 1 1 0
1  18 0 0 0.121934286637968
2  27 14 0 0 0.121934286637968
2  28 16 0 0 0.121934286637968
4 C0 14 0 16 0
0

0101000
+2747 0 -2757 0 *
Wi

0101100
+2750 0 +2746 0 +2745 0 *
Fa
0  1e-07 14 0

0101000
+2744 0 *
Ve
1e-07
-16.9182472229004 13.4749975204468 -118.249618530273
0 0

0101101
*
Ed
 1e-07 1 1 0
1  19 0 0 0.117123665674927
0

0101000
+2752 0 -2742 0 *
Ed
 1e-07 1 1 0
1  20 0 0 0.120153158983721
2  29 17 0 0 0.120153158983721
2  30 15 0 0 0.120153158983721
4 CN 15 0 17 0
0

0101000
+2747 0 -2742 0 *
Wi

0101100
-2746 0 +2741 0 -2740 0 *
Fa
0  1e-07 15 0

0101000
+2739 0 *
Ve
1e-07
-16.9307479858398 13.4749975204468 -118.249740600586
0 0

0101101
*
Ed
 1e-07 1 1 0
1  21 0 0 0.0125013589353157
2  31 17 0 0 0.0125013589353157
2  32 18 0 0 0.0125013589353157
4 CN 17 0 18 0
0

0101000
+2742 0 -2737 0 *
Ed
 1e-07 1 1 0
1  22 0 0 0.121853265817531
2  33 17 0 0 0.121853265817531
2  34 19 0 0 0.121853265817531
4 C0 17 0 19 0
0

0101000
+2737 0 -2747 0 *
Wi

0101100
+2740 0 +2736 0 +2735 0 *
Fa
0  1e-07 17 0

0101000
+2734 0 *
Ve
1e-07
-16.8953723907471 13.4749975204468 -118.134864807129
0 0

0101101
*
Ed
 1e-07 1 1 0
1  23 0 0 0.117011430730396
0

0101000
+2742 0 -2732 0 *
Ed
 1e-07 1 1 0
1  24 0 0 0.120199337146884
2  35 20 0 0 0.120199337146884
2  36 18 0 0 0.120199337146884
4 CN 18 0 20 0
0

0101000
+2737 0 -2732 0 *
Wi

0101100
-2736 0 +2731 0 -2730 0 *
Fa
0  1e-07 18 0

0101000
+2729 0 *
Ve
1e-07
-16.9068737030029 13.4749975204468 -118.130111694336
0 0

0101101
*
Ed
 1e-07 1 1 0
1  25 0 0 0.0124447685727564
2  37 20 0 0 0.0124447685727564
2  38 21 0 0 0.0124447685727564
4 CN 20 0 21 0
0

0101000
+2732 0 -2727 0 *
Ed
 1e-07 1 1 0
1  26 0 0 0.121987936254157
2  39 20 0 0 0.121987936254157
2  40 22 0 0 0.121987936254157
4 C0 20 0 22 0
0

0101000
+2727 0 -2737 0 *
Wi

0101100
+2730 0 +2726 0 +2725 0 *
Fa
0  1e-07 20 0

0101000
+2724 0 *
Ve
1e-07
-16.8303718566895 13.4749975204468 -118.037483215332
0 0

0101101
*
Ed
 1e-07 1 1 0
1  27 0 0 0.117082209787263
0

0101000
+2732 0 -2722 0 *
Ed
 1e-07 1 1 0
1  28 0 0 0.120135621744543
2  41 23 0 0 0.120135621744543
2  42 21 0 0 0.120135621744543
4 CN 21 0 23 0
0

0101000
+2727 0 -2722 0 *
Wi

0101100
-2726 0 +2721 0 -2720 0 *
Fa
0  1e-07 21 0

0101000
+2719 0 *
Ve
1e-07
-16.8391227722168 13.4749975204468 -118.028732299805
0 0

0101101
*
Ed
 1e-07 1 1 0
1  29 0 0 0.0123756634219508
2  43 23 0 0 0.0123756634219508
2  44 24 0 0 0.0123756634219508
4 CN 23 0 24 0
0

0101000
+2722 0 -2717 0 *
Ed
 1e-07 1 1 0
1  30 0 0 0.121934286637968
2  45 23 0 0 0.121934286637968
2  46 25 0 0 0.121934286637968
4 C0 23 0 25 0
0

0101000
+2717 0 -2727 0 *
Wi

0101100
+2720 0 +2716 0 +2715 0 *
Fa
0  1e-07 23 0

0101000
+2714 0 *
Ve
1e-07
-16.7329978942871 13.4749975204468 -117.972496032715
0 0

0101101
*
Ed
 1e-07 1 1 0
1  31 0 0 0.1170684520204
0

0101000
+2722 0 -2712 0 *
Ed
 1e-07 1 1 0
1  32 0 0 0.120104152516852
2  47 26 0 0 0.120104152516852
2  48 24 0 0 0.120104152516852
4 CN 24 0 26 0
0

0101000
+2717 0 -2712 0 *
Wi

0101100
-2716 0 +2711 0 -2710 0 *
Fa
0  1e-07 24 0

0101000
+2709 0 *
Ve
1e-07
-16.7377490997314 13.4749975204468 -117.960861206055
0 0

0101101
*
Ed
 1e-07 1 1 0
1  33 0 0 0.0125675432995542
2  49 26 0 0 0.0125675432995542
2  50 27 0 0 0.0125675432995542
4 CN 26 0 27 0
0

0101000
+2712 0 -2707 0 *
Ed
 1e-07 1 1 0
1  34 0 0 0.121996339453234
2  51 26 0 0 0.121996339453234
2  52 28 0 0 0.121996339453234
4 C0 26 0 28 0
0

0101000
+2707 0 -2717 0 *
Wi

0101100
+2710 0 +2706 0 +2705 0 *
Fa
0  1e-07 26 0

0101000
+2704 0 *
Ve
1e-07
-16.6182479858398 13.4749975204468 -117.949615478516
0 0

0101101
*
Ed
 1e-07 1 1 0
1  35 0 0 0.117008808425346
0

0101000
+2712 0 -2702 0 *
Ed
 1e-07 1 1 0
1  36 0 0 0.120029090678953
2  53 29 0 0 0.120029090678953
2  54 27 0 0 0.120029090678953
4 CN 27 0 29 0
0

0101000
+2707 0 -2702 0 *
Wi

0101100
-2706 0 +2701 0 -2700 0 *
Fa
0  1e-07 27 0

0101000
+2699 0 *
Ve
1e-07
-16.6182479858398 13.4749975204468 -117.937110900879
0 0

0101101
*
Ed
 1e-07 1 1 0
1  37 0 0 0.0125045776367188
2  55 29 0 0 0.0125045776367188
2  56 30 0 0 0.0125045776367188
4 CN 29 0 30 0
0

0101000
+2702 0 -2697 0 *
Ed
 1e-07 1 1 0
1  38 0 0 0.121838389751655
2  57 29 0 0 0.121838389751655
2  58 31 0 0 0.121838389751655
4 C0 29 0 31 0
0

0101000
+2697 0 -2707 0 *
Wi

0101100
+2700 0 +2696 0 +2695 0 *
Fa
0  1e-07 29 0

0101000
+2694 0 *
Ve
1e-07
-16.5033721923828 13.4749975204468 -117.972496032715
0 0

0101101
*
Ed
 1e-07 1 1 0
1  39 0 0 0.117132265763307
0

0101000
+2702 0 -2692 0 *
Ed
 1e-07 1 1 0
1  40 0 0 0.120202144229748
2  59 32 0 0 0.120202144229748
2  60 30 0 0 0.120202144229748
4 CN 30 0 32 0
0

0101000
+2697 0 -2692 0 *
Wi

0101100
-2696 0 +2691 0 -2690 0 *
Fa
0  1e-07 30 0

0101000
+2689 0 *
Ve
1e-07
-16.4986228942871 13.4749975204468 -117.960990905762
0 0

0101101
*
Ed
 1e-07 1 1 0
1  41 0 0 0.0124468380968571
2  61 32 0 0 0.0124468380968571
2  62 33 0 0 0.0124468380968571
4 CN 32 0 33 0
0

0101000
+2692 0 -2687 0 *
Ed
 1e-07 1 1 0
1  42 0 0 0.121985315354772
2  63 32 0 0 0.121985315354772
2  64 34 0 0 0.121985315354772
4 C0 32 0 34 0
0

0101000
+2687 0 -2697 0 *
Wi

0101100
+2690 0 +2686 0 +2685 0 *
Fa
0  1e-07 32 0

0101000
+2684 0 *
Ve
1e-07
-16.4061241149902 13.4749975204468 -118.037483215332
0 0

0101101
*
Ed
 1e-07 1 1 0
1  43 0 0 0.116963765590342
0

0101000
+2692 0 -2682 0 *
Ed
 1e-07 1 1 0
1  44 0 0 0.12002956966853
2  65 35 0 0 0.12002956966853
2  66 33 0 0 0.12002956966853
4 CN 33 0 35 0
0

0101000
+2687 0 -2682 0 *
Wi

0101100
-2686 0 +2681 0 -2680 0 *
Fa
0  1e-07 33 0

0101000
+2679 0 *
Ve
1e-07
-16.3972473144531 13.4749975204468 -118.028732299805
0 0

0101101
*
Ed
 1e-07 1 1 0
1  45 0 0 0.0124649954008147
2  67 35 0 0 0.0124649954008147
2  68 36 0 0 0.0124649954008147
4 CN 35 0 36 0
0

0101000
+2682 0 -2677 0 *
Ed
 1e-07 1 1 0
1  46 0 0 0.121925816189851
2  69 35 0 0 0.121925816189851
2  70 37 0 0 0.121925816189851
4 C0 35 0 37 0
0

0101000
+2677 0 -2687 0 *
Wi

0101100
+2680 0 +2676 0 +2675 0 *
Fa
0  1e-07 35 0

0101000
+2674 0 *
Ve
1e-07
-16.3409976959229 13.4749975204468 -118.134864807129
0 0

0101101
*
Ed
 1e-07 1 1 0
1  47 0 0 0.117152144160632
0

0101000
+2682 0 -2672 0 *
Ed
 1e-07 1 1 0
1  48 0 0 0.120117145719196
2  71 38 0 0 0.120117145719196
2  72 36 0 0 0.120117145719196
4 CN 36 0 38 0
0

0101000
+2677 0 -2672 0 *
Wi

0101100
-2676 0 +2671 0 -2670 0 *
Fa
0  1e-07 36 0

0101000
+2669 0 *
Ve
1e-07
-16.3294982910156 13.4749975204468 -118.130111694336
0 0

0101101
*
Ed
 1e-07 1 1 0
1  49 0 0 0.0124430058443701
2  73 38 0 0 0.0124430058443701
2  74 39 0 0 0.0124430058443701
4 CN 38 0 39 0
0

0101000
+2672 0 -2667 0 *
Ed
 1e-07 1 1 0
1  50 0 0 0.121933226859039
2  75 38 0 0 0.121933226859039
2  76 40 0 0 0.121933226859039
4 C0 38 0 40 0
0

0101000
+2667 0 -2677 0 *
Wi

0101100
+2670 0 +2666 0 +2665 0 *
Fa
0  1e-07 38 0

0101000
+2664 0 *
Ve
1e-07
-16.3182487487793 13.4749975204468 -118.249618530273
0 0

0101101
*
Ed
 1e-07 1 1 0
1  51 0 0 0.116986886323519
0

0101000
+2672 0 -2662 0 *
Ed
 1e-07 1 1 0
1  52 0 0 0.120035145004784
2  77 41 0 0 0.120035145004784
2  78 39 0 0 0.120035145004784
4 CN 39 0 41 0
0

0101000
+2667 0 -2662 0 *
Wi

0101100
-2666 0 +2661 0 -2660 0 *
Fa
0  1e-07 39 0

0101000
+2659 0 *
Ve
1e-07
-16.3057498931885 13.4749975204468 -118.249618530273
0 0

0101101
*
Ed
 1e-07 1 1 0
1  53 0 0 0.0124988555908203
2  79 41 0 0 0.0124988555908203
2  80 42 0 0 0.0124988555908203
4 CN 41 0 42 0
0

0101000
+2662 0 -2657 0 *
Ed
 1e-07 1 1 0
1  54 0 0 0.121843630260876
2  81 41 0 0 0.121843630260876
2  82 43 0 0 0.121843630260876
4 C0 41 0 43 0
0

0101000
+2657 0 -2667 0 *
Wi

0101100
+2660 0 +2656 0 +2655 0 *
Fa
0  1e-07 41 0

0101000
+2654 0 *
Ve
1e-07
-16.3409976959229 13.4749975204468 -118.364486694336
0 0

0101101
*
Ed
 1e-07 1 1 0
1  55 0 0 0.117099144792905
0

0101000
+2662 0 -2652 0 *
Ed
 1e-07 1 1 0
1  56 0 0 0.120154495183039
2  83 44 0 0 0.120154495183039
2  84 42 0 0 0.120154495183039
4 CN 42 0 44 0
0

0101000
+2657 0 -2652 0 *
Wi

0101100
-2656 0 +2651 0 -2650 0 *
Fa
0  1e-07 42 0

0101000
+2649 0 *
Ve
1e-07
-16.3294982910156 13.4749975204468 -118.369232177734
0 0

0101101
*
Ed
 1e-07 1 1 0
1  57 0 0 0.0124400934845841
2  85 44 0 0 0.0124400934845841
2  86 45 0 0 0.0124400934845841
4 CN 44 0 45 0
0

0101000
+2652 0 -2647 0 *
Ed
 1e-07 1 1 0
1  58 0 0 0.12194839506228
2  87 44 0 0 0.12194839506228
2  88 46 0 0 0.12194839506228
4 C0 44 0 46 0
0

0101000
+2647 0 -2657 0 *
Wi

0101100
+2650 0 +2646 0 +2645 0 *
Fa
0  1e-07 44 0

0101000
+2644 0 *
Ve
1e-07
-16.4061241149902 13.4749975204468 -118.461738586426
0 0

0101101
*
Ed
 1e-07 1 1 0
1  59 0 0 0.117044354736121
0

0101000
+2652 0 -2642 0 *
Ed
 1e-07 1 1 0
1  60 0 0 0.120120575043451
2  89 47 0 0 0.120120575043451
2  90 45 0 0 0.120120575043451
4 CN 45 0 47 0
0

0101000
+2647 0 -2642 0 *
Wi

0101100
-2646 0 +2641 0 -2640 0 *
Fa
0  1e-07 45 0

0101000
+2639 0 *
Ve
1e-07
-16.3972473144531 13.4749975204468 -118.470611572266
0 0

0101101
*
Ed
 1e-07 1 1 0
1  61 0 0 0.012550994601612
2  91 47 0 0 0.012550994601612
2  92 48 0 0 0.012550994601612
4 CN 47 0 48 0
0

0101000
+2642 0 -2637 0 *
Ed
 1e-07 1 1 0
1  62 0 0 0.121933226859039
2  93 47 0 0 0.121933226859039
2  94 49 0 0 0.121933226859039
4 C0 47 0 49 0
0

0101000
+2637 0 -2647 0 *
Wi

0101100
+2640 0 +2636 0 +2635 0 *
Fa
0  1e-07 47 0

0101000
+2634 0 *
Ve
1e-07
-16.5033721923828 13.4749975204468 -118.526863098145
0 0

0101101
*
Ed
 1e-07 1 1 0
1  63 0 0 0.117040123817255
0

0101000
+2642 0 -2632 0 *
Ed
 1e-07 1 1 0
1  64 0 0 0.120111297883656
2  95 50 0 0 0.120111297883656
2  96 48 0 0 0.120111297883656
4 CN 48 0 50 0
0

0101000
+2637 0 -2632 0 *
Wi

0101100
-2636 0 +2631 0 -2630 0 *
Fa
0  1e-07 48 0

0101000
+2629 0 *
Ve
1e-07
-16.4986228942871 13.4749975204468 -118.538368225098
0 0

0101101
*
Ed
 1e-07 1 1 0
1  65 0 0 0.0124468380968571
2  97 50 0 0 0.0124468380968571
2  98 51 0 0 0.0124468380968571
4 CN 50 0 51 0
0

0101000
+2632 0 -2627 0 *
Ed
 1e-07 1 1 0
1  66 0 0 0.121934294559312
2  99 50 0 0 0.121934294559312
2  100 52 0 0 0.121934294559312
4 C0 50 0 52 0
0

0101000
+2627 0 -2637 0 *
Wi

0101100
+2630 0 +2626 0 +2625 0 *
Fa
0  1e-07 50 0

0101000
+2624 0 *
Ed
 1e-07 1 1 0
1  67 0 0 0.120164732238836
2  101 10 0 0 0.120164732238836
2  102 51 0 0 0.120164732238836
4 CN 10 0 51 0
0

0101000
+2627 0 -2767 0 *
Ed
 1e-07 1 1 0
1  68 0 0 0.121982329192056
2  103 10 0 0 0.121982329192056
2  104 53 0 0 0.121982329192056
4 C0 10 0 53 0
0

0101000
+2775 0 -2627 0 *
Wi

0101100
+2622 0 -2766 0 +2621 0 *
Fa
0  1e-07 10 0

0101000
+2620 0 *
Ed
 1e-07 1 1 0
1  69 0 0 0.117132265763307
0

0101000
+2632 0 -2767 0 *
Wi

0101100
-2626 0 +2618 0 -2622 0 *
Fa
0  1e-07 51 0

0101000
+2617 0 *
Ve
1e-07
-16.6182479858398 39.2074966430664 -118.562232971191
0 0

0101101
*
Ed
 1e-07 1 1 0
1  70 0 0 25.7324991226196
2  105 9 0 0 25.7324991226196
2  106 54 0 0 25.7324991226196
4 C0 9 0 54 0
0

0101000
+2615 0 -2775 0 *
Ed
 1e-07 1 1 0
1  71 0 0 25.7327876674477
2  107 55 0 0 25.7327876674477
2  108 9 0 0 25.7327876674477
4 CN 9 0 55 0
0

0101000
+2615 0 -2772 0 *
Wi

0101100
+2614 0 -2770 0 -2613 0 *
Fa
0  1e-07 9 0

0101000
+2612 0 *
Ve
1e-07
-16.7377490997314 39.2074966430664 -118.538368225098
0 0

0101101
*
Ed
 1e-07 1 1 0
1  72 0 0 25.7324991226196
2  109 55 0 0 25.7324991226196
2  110 13 0 0 25.7324991226196
4 C0 55 0 13 0
0

0101000
+2772 0 -2610 0 *
Ed
 1e-07 1 1 0
1  73 0 0 0.121860749741058
2  111 55 0 0 0.121860749741058
2  112 56 0 0 0.121860749741058
4 C0 55 0 56 0
0

0101000
+2610 0 -2615 0 *
Wi

0101100
+2613 0 +2609 0 +2608 0 *
Fa
0  1e-07 55 0

0101000
+2607 0 *
Ed
 1e-07 1 1 0
1  74 0 0 25.7327880083192
2  113 57 0 0 25.7327880083192
2  114 13 0 0 25.7327880083192
4 CN 13 0 57 0
0

0101000
+2610 0 -2757 0 *
Wi

0101100
-2609 0 -2755 0 -2605 0 *
Fa
0  1e-07 13 0

0101000
+2604 0 *
Ve
1e-07
-16.8391227722168 39.2074966430664 -118.470611572266
0 0

0101101
*
Ed
 1e-07 1 1 0
1  75 0 0 25.7324991226196
2  115 57 0 0 25.7324991226196
2  116 16 0 0 25.7324991226196
4 C0 57 0 16 0
0

0101000
+2757 0 -2602 0 *
Ed
 1e-07 1 1 0
1  76 0 0 0.121932708803535
2  117 57 0 0 0.121932708803535
2  118 58 0 0 0.121932708803535
4 C0 57 0 58 0
0

0101000
+2602 0 -2610 0 *
Wi

0101100
+2605 0 +2601 0 +2600 0 *
Fa
0  1e-07 57 0

0101000
+2599 0 *
Ed
 1e-07 1 1 0
1  77 0 0 25.7327880157957
2  119 59 0 0 25.7327880157957
2  120 16 0 0 25.7327880157957
4 CN 16 0 59 0
0

0101000
+2602 0 -2747 0 *
Wi

0101100
-2601 0 -2745 0 -2597 0 *
Fa
0  1e-07 16 0

0101000
+2596 0 *
Ve
1e-07
-16.9068737030029 39.2074966430664 -118.369232177734
0 0

0101101
*
Ed
 1e-07 1 1 0
1  78 0 0 25.7324991226196
2  121 59 0 0 25.7324991226196
2  122 19 0 0 25.7324991226196
4 C0 59 0 19 0
0

0101000
+2747 0 -2594 0 *
Ed
 1e-07 1 1 0
1  79 0 0 0.121934286637968
2  123 59 0 0 0.121934286637968
2  124 60 0 0 0.121934286637968
4 C0 59 0 60 0
0

0101000
+2594 0 -2602 0 *
Wi

0101100
+2597 0 +2593 0 +2592 0 *
Fa
0  1e-07 59 0

0101000
+2591 0 *
Ed
 1e-07 1 1 0
1  80 0 0 25.7327876320077
2  125 61 0 0 25.7327876320077
2  126 19 0 0 25.7327876320077
4 CN 19 0 61 0
0

0101000
+2594 0 -2737 0 *
Wi

0101100
-2593 0 -2735 0 -2589 0 *
Fa
0  1e-07 19 0

0101000
+2588 0 *
Ve
1e-07
-16.9307479858398 39.2074966430664 -118.249740600586
0 0

0101101
*
Ed
 1e-07 1 1 0
1  81 0 0 25.7324991226196
2  127 61 0 0 25.7324991226196
2  128 22 0 0 25.7324991226196
4 C0 61 0 22 0
0

0101000
+2737 0 -2586 0 *
Ed
 1e-07 1 1 0
1  82 0 0 0.121853265817531
2  129 61 0 0 0.121853265817531
2  130 62 0 0 0.121853265817531
4 C0 61 0 62 0
0

0101000
+2586 0 -2594 0 *
Wi

0101100
+2589 0 +2585 0 +2584 0 *
Fa
0  1e-07 61 0

0101000
+2583 0 *
Ed
 1e-07 1 1 0
1  83 0 0 25.7327882700692
2  131 63 0 0 25.7327882700692
2  132 22 0 0 25.7327882700692
4 CN 22 0 63 0
0

0101000
+2586 0 -2727 0 *
Wi

0101100
-2585 0 -2725 0 -2581 0 *
Fa
0  1e-07 22 0

0101000
+2580 0 *
Ve
1e-07
-16.9068737030029 39.2074966430664 -118.130111694336
0 0

0101101
*
Ed
 1e-07 1 1 0
1  84 0 0 25.7324991226196
2  133 63 0 0 25.7324991226196
2  134 25 0 0 25.7324991226196
4 C0 63 0 25 0
0

0101000
+2727 0 -2578 0 *
Ed
 1e-07 1 1 0
1  85 0 0 0.121987936254157
2  135 63 0 0 0.121987936254157
2  136 64 0 0 0.121987936254157
4 C0 63 0 64 0
0

0101000
+2578 0 -2586 0 *
Wi

0101100
+2581 0 +2577 0 +2576 0 *
Fa
0  1e-07 63 0

0101000
+2575 0 *
Ed
 1e-07 1 1 0
1  86 0 0 25.7327880157957
2  137 65 0 0 25.7327880157957
2  138 25 0 0 25.7327880157957
4 CN 25 0 65 0
0

0101000
+2578 0 -2717 0 *
Wi

0101100
-2577 0 -2715 0 -2573 0 *
Fa
0  1e-07 25 0

0101000
+2572 0 *
Ve
1e-07
-16.8391227722168 39.2074966430664 -118.028732299805
0 0

0101101
*
Ed
 1e-07 1 1 0
1  87 0 0 25.7324991226196
2  139 65 0 0 25.7324991226196
2  140 28 0 0 25.7324991226196
4 C0 65 0 28 0
0

0101000
+2717 0 -2570 0 *
Ed
 1e-07 1 1 0
1  88 0 0 0.121934286637968
2  141 65 0 0 0.121934286637968
2  142 66 0 0 0.121934286637968
4 C0 65 0 66 0
0

0101000
+2570 0 -2578 0 *
Wi

0101100
+2573 0 +2569 0 +2568 0 *
Fa
0  1e-07 65 0

0101000
+2567 0 *
Ed
 1e-07 1 1 0
1  89 0 0 25.7327883099065
2  143 67 0 0 25.7327883099065
2  144 28 0 0 25.7327883099065
4 CN 28 0 67 0
0

0101000
+2570 0 -2707 0 *
Wi

0101100
-2569 0 -2705 0 -2565 0 *
Fa
0  1e-07 28 0

0101000
+2564 0 *
Ve
1e-07
-16.7377490997314 39.2074966430664 -117.960861206055
0 0

0101101
*
Ed
 1e-07 1 1 0
1  90 0 0 25.7324991226196
2  145 67 0 0 25.7324991226196
2  146 31 0 0 25.7324991226196
4 C0 67 0 31 0
0

0101000
+2707 0 -2562 0 *
Ed
 1e-07 1 1 0
1  91 0 0 0.121996339453234
2  147 67 0 0 0.121996339453234
2  148 68 0 0 0.121996339453234
4 C0 67 0 68 0
0

0101000
+2562 0 -2570 0 *
Wi

0101100
+2565 0 +2561 0 +2560 0 *
Fa
0  1e-07 67 0

0101000
+2559 0 *
Ed
 1e-07 1 1 0
1  92 0 0 25.7327875615689
2  149 69 0 0 25.7327875615689
2  150 31 0 0 25.7327875615689
4 CN 31 0 69 0
0

0101000
+2562 0 -2697 0 *
Wi

0101100
-2561 0 -2695 0 -2557 0 *
Fa
0  1e-07 31 0

0101000
+2556 0 *
Ve
1e-07
-16.6182479858398 39.2074966430664 -117.937110900879
0 0

0101101
*
Ed
 1e-07 1 1 0
1  93 0 0 25.7324991226196
2  151 69 0 0 25.7324991226196
2  152 34 0 0 25.7324991226196
4 C0 69 0 34 0
0

0101000
+2697 0 -2554 0 *
Ed
 1e-07 1 1 0
1  94 0 0 0.121838389751655
2  153 69 0 0 0.121838389751655
2  154 70 0 0 0.121838389751655
4 C0 69 0 70 0
0

0101000
+2554 0 -2562 0 *
Wi

0101100
+2557 0 +2553 0 +2552 0 *
Fa
0  1e-07 69 0

0101000
+2551 0 *
Ed
 1e-07 1 1 0
1  95 0 0 25.7327882576448
2  155 71 0 0 25.7327882576448
2  156 34 0 0 25.7327882576448
4 CN 34 0 71 0
0

0101000
+2554 0 -2687 0 *
Wi

0101100
-2553 0 -2685 0 -2549 0 *
Fa
0  1e-07 34 0

0101000
+2548 0 *
Ve
1e-07
-16.4986228942871 39.2074966430664 -117.960990905762
0 0

0101101
*
Ed
 1e-07 1 1 0
1  96 0 0 25.7324991226196
2  157 71 0 0 25.7324991226196
2  158 37 0 0 25.7324991226196
4 C0 71 0 37 0
0

0101000
+2687 0 -2546 0 *
Ed
 1e-07 1 1 0
1  97 0 0 0.121985315354772
2  159 71 0 0 0.121985315354772
2  160 72 0 0 0.121985315354772
4 C0 71 0 72 0
0

0101000
+2546 0 -2554 0 *
Wi

0101100
+2549 0 +2545 0 +2544 0 *
Fa
0  1e-07 71 0

0101000
+2543 0 *
Ed
 1e-07 1 1 0
1  98 0 0 25.73278797566
2  161 73 0 0 25.73278797566
2  162 37 0 0 25.73278797566
4 CN 37 0 73 0
0

0101000
+2546 0 -2677 0 *
Wi

0101100
-2545 0 -2675 0 -2541 0 *
Fa
0  1e-07 37 0

0101000
+2540 0 *
Ve
1e-07
-16.3972473144531 39.2074966430664 -118.028732299805
0 0

0101101
*
Ed
 1e-07 1 1 0
1  99 0 0 25.7324991226196
2  163 73 0 0 25.7324991226196
2  164 40 0 0 25.7324991226196
4 C0 73 0 40 0
0

0101000
+2677 0 -2538 0 *
Ed
 1e-07 1 1 0
1  100 0 0 0.121925816189851
2  165 73 0 0 0.121925816189851
2  166 74 0 0 0.121925816189851
4 C0 73 0 74 0
0

0101000
+2538 0 -2546 0 *
Wi

0101100
+2541 0 +2537 0 +2536 0 *
Fa
0  1e-07 73 0

0101000
+2535 0 *
Ed
 1e-07 1 1 0
1  101 0 0 25.732788010774
2  167 75 0 0 25.732788010774
2  168 40 0 0 25.732788010774
4 CN 40 0 75 0
0

0101000
+2538 0 -2667 0 *
Wi

0101100
-2537 0 -2665 0 -2533 0 *
Fa
0  1e-07 40 0

0101000
+2532 0 *
Ve
1e-07
-16.3294982910156 39.2074966430664 -118.130111694336
0 0

0101101
*
Ed
 1e-07 1 1 0
1  102 0 0 25.7324991226196
2  169 75 0 0 25.7324991226196
2  170 43 0 0 25.7324991226196
4 C0 75 0 43 0
0

0101000
+2667 0 -2530 0 *
Ed
 1e-07 1 1 0
1  103 0 0 0.121933226859039
2  171 75 0 0 0.121933226859039
2  172 76 0 0 0.121933226859039
4 C0 75 0 76 0
0

0101000
+2530 0 -2538 0 *
Wi

0101100
+2533 0 +2529 0 +2528 0 *
Fa
0  1e-07 75 0

0101000
+2527 0 *
Ed
 1e-07 1 1 0
1  104 0 0 25.732787586382
2  173 77 0 0 25.732787586382
2  174 43 0 0 25.732787586382
4 CN 43 0 77 0
0

0101000
+2530 0 -2657 0 *
Wi

0101100
-2529 0 -2655 0 -2525 0 *
Fa
0  1e-07 43 0

0101000
+2524 0 *
Ve
1e-07
-16.3057498931885 39.2074966430664 -118.249618530273
0 0

0101101
*
Ed
 1e-07 1 1 0
1  105 0 0 25.7324991226196
2  175 77 0 0 25.7324991226196
2  176 46 0 0 25.7324991226196
4 C0 77 0 46 0
0

0101000
+2657 0 -2522 0 *
Ed
 1e-07 1 1 0
1  106 0 0 0.121843630260876
2  177 77 0 0 0.121843630260876
2  178 78 0 0 0.121843630260876
4 C0 77 0 78 0
0

0101000
+2522 0 -2530 0 *
Wi

0101100
+2525 0 +2521 0 +2520 0 *
Fa
0  1e-07 77 0

0101000
+2519 0 *
Ed
 1e-07 1 1 0
1  107 0 0 25.732788082652
2  179 79 0 0 25.732788082652
2  180 46 0 0 25.732788082652
4 CN 46 0 79 0
0

0101000
+2522 0 -2647 0 *
Wi

0101100
-2521 0 -2645 0 -2517 0 *
Fa
0  1e-07 46 0

0101000
+2516 0 *
Ve
1e-07
-16.3294982910156 39.2074966430664 -118.369232177734
0 0

0101101
*
Ed
 1e-07 1 1 0
1  108 0 0 25.7324991226196
2  181 79 0 0 25.7324991226196
2  182 49 0 0 25.7324991226196
4 C0 79 0 49 0
0

0101000
+2647 0 -2514 0 *
Ed
 1e-07 1 1 0
1  109 0 0 0.12194839506228
2  183 79 0 0 0.12194839506228
2  184 80 0 0 0.12194839506228
4 C0 79 0 80 0
0

0101000
+2514 0 -2522 0 *
Wi

0101100
+2517 0 +2513 0 +2512 0 *
Fa
0  1e-07 79 0

0101000
+2511 0 *
Ed
 1e-07 1 1 0
1  110 0 0 25.732788010774
2  185 81 0 0 25.732788010774
2  186 49 0 0 25.732788010774
4 CN 49 0 81 0
0

0101000
+2514 0 -2637 0 *
Wi

0101100
-2513 0 -2635 0 -2509 0 *
Fa
0  1e-07 49 0

0101000
+2508 0 *
Ve
1e-07
-16.3972473144531 39.2074966430664 -118.470611572266
0 0

0101101
*
Ed
 1e-07 1 1 0
1  111 0 0 25.7324991226196
2  187 81 0 0 25.7324991226196
2  188 52 0 0 25.7324991226196
4 C0 81 0 52 0
0

0101000
+2637 0 -2506 0 *
Ed
 1e-07 1 1 0
1  112 0 0 0.121933226859039
2  189 81 0 0 0.121933226859039
2  190 82 0 0 0.121933226859039
4 C0 81 0 82 0
0

0101000
+2506 0 -2514 0 *
Wi

0101100
+2509 0 +2505 0 +2504 0 *
Fa
0  1e-07 81 0

0101000
+2503 0 *
Ed
 1e-07 1 1 0
1  113 0 0 25.7327880158332
2  191 83 0 0 25.7327880158332
2  192 52 0 0 25.7327880158332
4 CN 52 0 83 0
0

0101000
+2506 0 -2627 0 *
Wi

0101100
-2505 0 -2625 0 -2501 0 *
Fa
0  1e-07 52 0

0101000
+2500 0 *
Ve
1e-07
-16.4986228942871 39.2074966430664 -118.538368225098
0 0

0101101
*
Ed
 1e-07 1 1 0
1  114 0 0 25.7324991226196
2  193 83 0 0 25.7324991226196
2  194 53 0 0 25.7324991226196
4 C0 83 0 53 0
0

0101000
+2627 0 -2498 0 *
Ed
 1e-07 1 1 0
1  115 0 0 0.121934294559312
2  195 83 0 0 0.121934294559312
2  196 84 0 0 0.121934294559312
4 C0 83 0 84 0
0

0101000
+2498 0 -2506 0 *
Wi

0101100
+2501 0 +2497 0 +2496 0 *
Fa
0  1e-07 83 0

0101000
+2495 0 *
Ed
 1e-07 1 1 0
1  116 0 0 25.7327882434892
2  197 54 0 0 25.7327882434892
2  198 53 0 0 25.7327882434892
4 CN 54 0 53 0
0

0101000
+2498 0 -2775 0 *
Ed
 1e-07 1 1 0
1  117 0 0 0.121982329192056
2  199 54 0 0 0.121982329192056
2  200 85 0 0 0.121982329192056
4 C0 54 0 85 0
0

0101000
+2615 0 -2498 0 *
Wi

0101100
+2493 0 -2614 0 +2492 0 *
Fa
0  1e-07 54 0

0101000
+2491 0 *
Wi

0101100
-2497 0 -2621 0 -2493 0 *
Fa
0  1e-07 53 0

0101000
+2489 0 *
Ve
1e-07
-16.4909992218018 39.2074966430664 -117.942489624023
0 0

0101101
*
Ed
 1e-07 1 1 0
1  118 0 0 0.127386103078069
2  201 74 0 0 0.127386103078069
2  202 86 0 0 0.127386103078069
4 CN 74 0 86 0
0

0101000
+2487 0 -2538 0 *
Ed
 1e-07 1 1 0
1  119 0 0 0.020010442476946
2  203 87 0 0 0.020010442476946
2  204 74 0 0 0.020010442476946
4 CN 74 0 87 0
0

0101000
+2487 0 -2546 0 *
Wi

0101100
+2486 0 +2536 0 -2485 0 *
Fa
0  1e-07 74 0

0101000
+2484 0 *
Ve
1e-07
-16.6182479858398 39.2074966430664 -117.917106628418
0 0

0101101
*
Ve
1e-07
-16.4909992218018 38.9574966430664 -117.942489624023
0 0

0101101
*
Ed
 1e-07 1 1 0
1  120 0 0 0.281667435844344
2  205 88 0 0 0.281667435844344
2  206 89 0 0 0.281667435844344
4 CN 88 0 89 0
0

0101000
+2482 0 -2481 0 *
Ed
 1e-07 1 1 0
1  121 0 0 0.25
2  207 88 0 0 0.25
2  208 90 0 0 0.25
4 C0 88 0 90 0
0

0101000
+2481 0 -2487 0 *
Ed
 1e-07 1 1 0
1  122 0 0 0.129755710529933
2  209 88 0 0 0.129755710529933
2  210 87 0 0 0.129755710529933
4 C0 88 0 87 0
0

0101000
+2487 0 -2482 0 *
Wi

0101100
+2480 0 +2479 0 +2478 0 *
Fa
0  1e-07 88 0

0101000
+2477 0 *
Ve
1e-07
-16.6182479858398 38.9574966430664 -117.917106628418
0 0

0101101
*
Ed
 1e-07 1 1 0
1  123 0 0 0.25
2  211 89 0 0 0.25
2  212 91 0 0 0.25
4 C0 89 0 91 0
0

0101000
+2482 0 -2475 0 *
Ed
 1e-07 1 1 0
1  124 0 0 0.129755710529933
2  213 89 0 0 0.129755710529933
2  214 92 0 0 0.129755710529933
4 C0 89 0 92 0
0

0101000
+2475 0 -2481 0 *
Wi

0101100
+2474 0 +2473 0 -2480 0 *
Fa
0  1e-07 89 0

0101000
+2472 0 *
Ve
1e-07
-16.3831233978271 38.9574966430664 -118.014488220215
0 0

0101101
*
Ed
 1e-07 1 1 0
1  125 0 0 0.129695764201203
2  215 90 0 0 0.129695764201203
2  216 93 0 0 0.129695764201203
4 C0 90 0 93 0
0

0101000
+2481 0 -2470 0 *
Ed
 1e-07 1 1 0
1  126 0 0 0.281639825400695
2  217 94 0 0 0.281639825400695
2  218 90 0 0 0.281639825400695
4 CN 90 0 94 0
0

0101000
+2487 0 -2470 0 *
Wi

0101100
-2479 0 +2469 0 -2468 0 *
Fa
0  1e-07 90 0

0101000
+2467 0 *
Ve
1e-07
-16.3831233978271 39.2074966430664 -118.014488220215
0 0

0101101
*
Ed
 1e-07 1 1 0
1  127 0 0 0.25
2  219 94 0 0 0.25
2  220 95 0 0 0.25
4 C0 94 0 95 0
0

0101000
+2470 0 -2465 0 *
Ed
 1e-07 1 1 0
1  128 0 0 0.129695764201203
2  221 94 0 0 0.129695764201203
2  222 86 0 0 0.129695764201203
4 C0 94 0 86 0
0

0101000
+2465 0 -2487 0 *
Wi

0101100
+2468 0 +2464 0 +2463 0 *
Fa
0  1e-07 94 0

0101000
+2462 0 *
Ve
1e-07
-16.310998916626 38.9574966430664 -118.122360229492
0 0

0101101
*
Ed
 1e-07 1 1 0
1  129 0 0 0.129762518371329
2  223 95 0 0 0.129762518371329
2  224 96 0 0 0.129762518371329
4 C0 95 0 96 0
0

0101000
+2470 0 -2460 0 *
Ed
 1e-07 1 1 0
1  130 0 0 0.281670572076796
2  225 97 0 0 0.281670572076796
2  226 95 0 0 0.281670572076796
4 CN 95 0 97 0
0

0101000
+2465 0 -2460 0 *
Wi

0101100
-2464 0 +2459 0 -2458 0 *
Fa
0  1e-07 95 0

0101000
+2457 0 *
Ve
1e-07
-16.310998916626 39.2074966430664 -118.122360229492
0 0

0101101
*
Ed
 1e-07 1 1 0
1  131 0 0 0.25
2  227 97 0 0 0.25
2  228 98 0 0 0.25
4 C0 97 0 98 0
0

0101000
+2460 0 -2455 0 *
Ed
 1e-07 1 1 0
1  132 0 0 0.129762518371329
2  229 97 0 0 0.129762518371329
2  230 99 0 0 0.129762518371329
4 C0 97 0 99 0
0

0101000
+2455 0 -2465 0 *
Wi

0101100
+2458 0 +2454 0 +2453 0 *
Fa
0  1e-07 97 0

0101000
+2452 0 *
Ve
1e-07
-16.2857494354248 38.9574966430664 -118.249618530273
0 0

0101101
*
Ed
 1e-07 1 1 0
1  133 0 0 0.12973901270882
2  231 98 0 0 0.12973901270882
2  232 100 0 0 0.12973901270882
4 C0 98 0 100 0
0

0101000
+2460 0 -2450 0 *
Ed
 1e-07 1 1 0
1  134 0 0 0.281659744050618
2  233 101 0 0 0.281659744050618
2  234 98 0 0 0.281659744050618
4 CN 98 0 101 0
0

0101000
+2455 0 -2450 0 *
Wi

0101100
-2454 0 +2449 0 -2448 0 *
Fa
0  1e-07 98 0

0101000
+2447 0 *
Ve
1e-07
-16.2857494354248 39.2074966430664 -118.249618530273
0 0

0101101
*
Ed
 1e-07 1 1 0
1  135 0 0 0.25
2  235 101 0 0 0.25
2  236 102 0 0 0.25
4 C0 101 0 102 0
0

0101000
+2450 0 -2445 0 *
Ed
 1e-07 1 1 0
1  136 0 0 0.12973901270882
2  237 101 0 0 0.12973901270882
2  238 103 0 0 0.12973901270882
4 C0 101 0 103 0
0

0101000
+2445 0 -2455 0 *
Wi

0101100
+2448 0 +2444 0 +2443 0 *
Fa
0  1e-07 101 0

0101000
+2442 0 *
Ve
1e-07
-16.310998916626 38.9574966430664 -118.376861572266
0 0

0101101
*
Ed
 1e-07 1 1 0
1  137 0 0 0.129724045713792
2  239 102 0 0 0.129724045713792
2  240 104 0 0 0.129724045713792
4 C0 102 0 104 0
0

0101000
+2450 0 -2440 0 *
Ed
 1e-07 1 1 0
1  138 0 0 0.281652850218765
2  241 105 0 0 0.281652850218765
2  242 102 0 0 0.281652850218765
4 CN 102 0 105 0
0

0101000
+2445 0 -2440 0 *
Wi

0101100
-2444 0 +2439 0 -2438 0 *
Fa
0  1e-07 102 0

0101000
+2437 0 *
Ve
1e-07
-16.310998916626 39.2074966430664 -118.376861572266
0 0

0101101
*
Ed
 1e-07 1 1 0
1  139 0 0 0.25
2  243 105 0 0 0.25
2  244 106 0 0 0.25
4 C0 105 0 106 0
0

0101000
+2440 0 -2435 0 *
Ed
 1e-07 1 1 0
1  140 0 0 0.129724045713792
2  245 105 0 0 0.129724045713792
2  246 107 0 0 0.129724045713792
4 C0 105 0 107 0
0

0101000
+2435 0 -2445 0 *
Wi

0101100
+2438 0 +2434 0 +2433 0 *
Fa
0  1e-07 105 0

0101000
+2432 0 *
Ve
1e-07
-16.3831233978271 38.9574966430664 -118.484733581543
0 0

0101101
*
Ed
 1e-07 1 1 0
1  141 0 0 0.129762518371329
2  247 106 0 0 0.129762518371329
2  248 108 0 0 0.129762518371329
4 C0 106 0 108 0
0

0101000
+2440 0 -2430 0 *
Ed
 1e-07 1 1 0
1  142 0 0 0.281670572076796
2  249 109 0 0 0.281670572076796
2  250 106 0 0 0.281670572076796
4 CN 106 0 109 0
0

0101000
+2435 0 -2430 0 *
Wi

0101100
-2434 0 +2429 0 -2428 0 *
Fa
0  1e-07 106 0

0101000
+2427 0 *
Ve
1e-07
-16.3831233978271 39.2074966430664 -118.484733581543
0 0

0101101
*
Ed
 1e-07 1 1 0
1  143 0 0 0.25
2  251 109 0 0 0.25
2  252 110 0 0 0.25
4 C0 109 0 110 0
0

0101000
+2430 0 -2425 0 *
Ed
 1e-07 1 1 0
1  144 0 0 0.129762518371329
2  253 109 0 0 0.129762518371329
2  254 111 0 0 0.129762518371329
4 C0 109 0 111 0
0

0101000
+2425 0 -2435 0 *
Wi

0101100
+2428 0 +2424 0 +2423 0 *
Fa
0  1e-07 109 0

0101000
+2422 0 *
Ve
1e-07
-16.4909992218018 38.9574966430664 -118.556869506836
0 0

0101101
*
Ed
 1e-07 1 1 0
1  145 0 0 0.129772050596705
2  255 110 0 0 0.129772050596705
2  256 112 0 0 0.129772050596705
4 C0 110 0 112 0
0

0101000
+2430 0 -2420 0 *
Ed
 1e-07 1 1 0
1  146 0 0 0.281674963594697
2  257 113 0 0 0.281674963594697
2  258 110 0 0 0.281674963594697
4 CN 110 0 113 0
0

0101000
+2425 0 -2420 0 *
Wi

0101100
-2424 0 +2419 0 -2418 0 *
Fa
0  1e-07 110 0

0101000
+2417 0 *
Ve
1e-07
-16.4909992218018 39.2074966430664 -118.556869506836
0 0

0101101
*
Ed
 1e-07 1 1 0
1  147 0 0 0.25
2  259 113 0 0 0.25
2  260 114 0 0 0.25
4 C0 113 0 114 0
0

0101000
+2420 0 -2415 0 *
Ed
 1e-07 1 1 0
1  148 0 0 0.129772050596705
2  261 113 0 0 0.129772050596705
2  262 115 0 0 0.129772050596705
4 C0 113 0 115 0
0

0101000
+2415 0 -2425 0 *
Wi

0101100
+2418 0 +2414 0 +2413 0 *
Fa
0  1e-07 113 0

0101000
+2412 0 *
Ve
1e-07
-16.6182479858398 38.9574966430664 -118.58211517334
0 0

0101101
*
Ed
 1e-07 1 1 0
1  149 0 0 0.129728915922577
2  263 114 0 0 0.129728915922577
2  264 116 0 0 0.129728915922577
4 C0 114 0 116 0
0

0101000
+2420 0 -2410 0 *
Ed
 1e-07 1 1 0
1  150 0 0 0.281655093379202
2  265 117 0 0 0.281655093379202
2  266 114 0 0 0.281655093379202
4 CN 114 0 117 0
0

0101000
+2415 0 -2410 0 *
Wi

0101100
-2414 0 +2409 0 -2408 0 *
Fa
0  1e-07 114 0

0101000
+2407 0 *
Ve
1e-07
-16.6182479858398 39.2074966430664 -118.58211517334
0 0

0101101
*
Ed
 1e-07 1 1 0
1  151 0 0 0.25
2  267 117 0 0 0.25
2  268 118 0 0 0.25
4 C0 117 0 118 0
0

0101000
+2410 0 -2405 0 *
Ed
 1e-07 1 1 0
1  152 0 0 0.129728915922577
2  269 117 0 0 0.129728915922577
2  270 119 0 0 0.129728915922577
4 C0 117 0 119 0
0

0101000
+2405 0 -2415 0 *
Wi

0101100
+2408 0 +2404 0 +2403 0 *
Fa
0  1e-07 117 0

0101000
+2402 0 *
Ve
1e-07
-16.7454986572266 38.9574966430664 -118.556869506836
0 0

0101101
*
Ed
 1e-07 1 1 0
1  153 0 0 0.12973078680713
2  271 118 0 0 0.12973078680713
2  272 120 0 0 0.12973078680713
4 C0 118 0 120 0
0

0101000
+2410 0 -2400 0 *
Ed
 1e-07 1 1 0
1  154 0 0 0.28165595510409
2  273 121 0 0 0.28165595510409
2  274 118 0 0 0.28165595510409
4 CN 118 0 121 0
0

0101000
+2405 0 -2400 0 *
Wi

0101100
-2404 0 +2399 0 -2398 0 *
Fa
0  1e-07 118 0

0101000
+2397 0 *
Ve
1e-07
-16.7454986572266 39.2074966430664 -118.556869506836
0 0

0101101
*
Ed
 1e-07 1 1 0
1  155 0 0 0.25
2  275 121 0 0 0.25
2  276 122 0 0 0.25
4 C0 121 0 122 0
0

0101000
+2400 0 -2395 0 *
Ed
 1e-07 1 1 0
1  156 0 0 0.12973078680713
2  277 121 0 0 0.12973078680713
2  278 123 0 0 0.12973078680713
4 C0 121 0 123 0
0

0101000
+2395 0 -2405 0 *
Wi

0101100
+2398 0 +2394 0 +2393 0 *
Fa
0  1e-07 121 0

0101000
+2392 0 *
Ve
1e-07
-16.8532485961914 38.9574966430664 -118.484733581543
0 0

0101101
*
Ed
 1e-07 1 1 0
1  157 0 0 0.12966742484063
2  279 122 0 0 0.12966742484063
2  280 124 0 0 0.12966742484063
4 C0 122 0 124 0
0

0101000
+2400 0 -2390 0 *
Ed
 1e-07 1 1 0
1  158 0 0 0.281626776185789
2  281 125 0 0 0.281626776185789
2  282 122 0 0 0.281626776185789
4 CN 122 0 125 0
0

0101000
+2395 0 -2390 0 *
Wi

0101100
-2394 0 +2389 0 -2388 0 *
Fa
0  1e-07 122 0

0101000
+2387 0 *
Ve
1e-07
-16.8532485961914 39.2074966430664 -118.484733581543
0 0

0101101
*
Ed
 1e-07 1 1 0
1  159 0 0 0.25
2  283 125 0 0 0.25
2  284 126 0 0 0.25
4 C0 125 0 126 0
0

0101000
+2390 0 -2385 0 *
Ed
 1e-07 1 1 0
1  160 0 0 0.12966742484063
2  285 125 0 0 0.12966742484063
2  286 127 0 0 0.12966742484063
4 C0 125 0 127 0
0

0101000
+2385 0 -2395 0 *
Wi

0101100
+2388 0 +2384 0 +2383 0 *
Fa
0  1e-07 125 0

0101000
+2382 0 *
Ve
1e-07
-16.9253730773926 38.9574966430664 -118.376861572266
0 0

0101101
*
Ed
 1e-07 1 1 0
1  161 0 0 0.129762518371329
2  287 126 0 0 0.129762518371329
2  288 128 0 0 0.129762518371329
4 C0 126 0 128 0
0

0101000
+2390 0 -2380 0 *
Ed
 1e-07 1 1 0
1  162 0 0 0.281670572076796
2  289 129 0 0 0.281670572076796
2  290 126 0 0 0.281670572076796
4 CN 126 0 129 0
0

0101000
+2385 0 -2380 0 *
Wi

0101100
-2384 0 +2379 0 -2378 0 *
Fa
0  1e-07 126 0

0101000
+2377 0 *
Ve
1e-07
-16.9253730773926 39.2074966430664 -118.376861572266
0 0

0101101
*
Ed
 1e-07 1 1 0
1  163 0 0 0.25
2  291 129 0 0 0.25
2  292 130 0 0 0.25
4 C0 129 0 130 0
0

0101000
+2380 0 -2375 0 *
Ed
 1e-07 1 1 0
1  164 0 0 0.129762518371329
2  293 129 0 0 0.129762518371329
2  294 131 0 0 0.129762518371329
4 C0 129 0 131 0
0

0101000
+2375 0 -2385 0 *
Wi

0101100
+2378 0 +2374 0 +2373 0 *
Fa
0  1e-07 129 0

0101000
+2372 0 *
Ve
1e-07
-16.9507484436035 38.9574966430664 -118.249618530273
0 0

0101101
*
Ed
 1e-07 1 1 0
1  165 0 0 0.129748606719937
2  295 130 0 0 0.129748606719937
2  296 132 0 0 0.129748606719937
4 C0 130 0 132 0
0

0101000
+2380 0 -2370 0 *
Ed
 1e-07 1 1 0
1  166 0 0 0.281664163403449
2  297 133 0 0 0.281664163403449
2  298 130 0 0 0.281664163403449
4 CN 130 0 133 0
0

0101000
+2375 0 -2370 0 *
Wi

0101100
-2374 0 +2369 0 -2368 0 *
Fa
0  1e-07 130 0

0101000
+2367 0 *
Ve
1e-07
-16.9507484436035 39.2074966430664 -118.249618530273
0 0

0101101
*
Ed
 1e-07 1 1 0
1  167 0 0 0.25
2  299 133 0 0 0.25
2  300 134 0 0 0.25
4 C0 133 0 134 0
0

0101000
+2370 0 -2365 0 *
Ed
 1e-07 1 1 0
1  168 0 0 0.129748606719937
2  301 133 0 0 0.129748606719937
2  302 135 0 0 0.129748606719937
4 C0 133 0 135 0
0

0101000
+2365 0 -2375 0 *
Wi

0101100
+2368 0 +2364 0 +2363 0 *
Fa
0  1e-07 133 0

0101000
+2362 0 *
Ve
1e-07
-16.9253730773926 38.9574966430664 -118.122360229492
0 0

0101101
*
Ed
 1e-07 1 1 0
1  169 0 0 0.129763570882086
2  303 134 0 0 0.129763570882086
2  304 136 0 0 0.129763570882086
4 C0 134 0 136 0
0

0101000
+2370 0 -2360 0 *
Ed
 1e-07 1 1 0
1  170 0 0 0.281671056958414
2  305 137 0 0 0.281671056958414
2  306 134 0 0 0.281671056958414
4 CN 134 0 137 0
0

0101000
+2365 0 -2360 0 *
Wi

0101100
-2364 0 +2359 0 -2358 0 *
Fa
0  1e-07 134 0

0101000
+2357 0 *
Ve
1e-07
-16.9253730773926 39.2074966430664 -118.122360229492
0 0

0101101
*
Ed
 1e-07 1 1 0
1  171 0 0 0.25
2  307 137 0 0 0.25
2  308 138 0 0 0.25
4 C0 137 0 138 0
0

0101000
+2360 0 -2355 0 *
Ed
 1e-07 1 1 0
1  172 0 0 0.129763570882086
2  309 137 0 0 0.129763570882086
2  310 139 0 0 0.129763570882086
4 C0 137 0 139 0
0

0101000
+2355 0 -2365 0 *
Wi

0101100
+2358 0 +2354 0 +2353 0 *
Fa
0  1e-07 137 0

0101000
+2352 0 *
Ve
1e-07
-16.8533744812012 38.9574966430664 -118.014610290527
0 0

0101101
*
Ed
 1e-07 1 1 0
1  173 0 0 0.129591076855086
2  311 138 0 0 0.129591076855086
2  312 140 0 0 0.129591076855086
4 C0 138 0 140 0
0

0101000
+2360 0 -2350 0 *
Ed
 1e-07 1 1 0
1  174 0 0 0.281591631978759
2  313 141 0 0 0.281591631978759
2  314 138 0 0 0.281591631978759
4 CN 138 0 141 0
0

0101000
+2355 0 -2350 0 *
Wi

0101100
-2354 0 +2349 0 -2348 0 *
Fa
0  1e-07 138 0

0101000
+2347 0 *
Ve
1e-07
-16.8533744812012 39.2074966430664 -118.014610290527
0 0

0101101
*
Ed
 1e-07 1 1 0
1  175 0 0 0.25
2  315 141 0 0 0.25
2  316 142 0 0 0.25
4 C0 141 0 142 0
0

0101000
+2350 0 -2345 0 *
Ed
 1e-07 1 1 0
1  176 0 0 0.129591076855086
2  317 141 0 0 0.129591076855086
2  318 143 0 0 0.129591076855086
4 C0 141 0 143 0
0

0101000
+2345 0 -2355 0 *
Wi

0101100
+2348 0 +2344 0 +2343 0 *
Fa
0  1e-07 141 0

0101000
+2342 0 *
Ve
1e-07
-16.7454986572266 38.9574966430664 -117.942489624023
0 0

0101101
*
Ed
 1e-07 1 1 0
1  177 0 0 0.129763569368173
2  319 142 0 0 0.129763569368173
2  320 144 0 0 0.129763569368173
4 C0 142 0 144 0
0

0101000
+2350 0 -2340 0 *
Ed
 1e-07 1 1 0
1  178 0 0 0.281671056260967
2  321 145 0 0 0.281671056260967
2  322 142 0 0 0.281671056260967
4 CN 142 0 145 0
0

0101000
+2345 0 -2340 0 *
Wi

0101100
-2344 0 +2339 0 -2338 0 *
Fa
0  1e-07 142 0

0101000
+2337 0 *
Ve
1e-07
-16.7454986572266 39.2074966430664 -117.942489624023
0 0

0101101
*
Ed
 1e-07 1 1 0
1  179 0 0 0.25
2  323 145 0 0 0.25
2  324 146 0 0 0.25
4 C0 145 0 146 0
0

0101000
+2340 0 -2335 0 *
Ed
 1e-07 1 1 0
1  180 0 0 0.129763569368173
2  325 145 0 0 0.129763569368173
2  326 147 0 0 0.129763569368173
4 C0 145 0 147 0
0

0101000
+2335 0 -2345 0 *
Wi

0101100
+2338 0 +2334 0 +2333 0 *
Fa
0  1e-07 145 0

0101000
+2332 0 *
Ed
 1e-07 1 1 0
1  181 0 0 0.281668297531472
2  327 91 0 0 0.281668297531472
2  328 146 0 0 0.281668297531472
4 CN 91 0 146 0
0

0101000
+2335 0 -2475 0 *
Ed
 1e-07 1 1 0
1  182 0 0 0.129757581028154
2  329 91 0 0 0.129757581028154
2  330 148 0 0 0.129757581028154
4 C0 91 0 148 0
0

0101000
+2482 0 -2335 0 *
Wi

0101100
+2330 0 -2474 0 +2329 0 *
Fa
0  1e-07 91 0

0101000
+2328 0 *
Ed
 1e-07 1 1 0
1  183 0 0 0.129757581028154
2  331 146 0 0 0.129757581028154
2  332 149 0 0 0.129757581028154
4 C0 146 0 149 0
0

0101000
+2340 0 -2475 0 *
Wi

0101100
-2334 0 +2326 0 -2330 0 *
Fa
0  1e-07 146 0

0101000
+2325 0 *
Ed
 1e-07 1 1 0
1  184 0 0 0.127420533380548
2  333 150 0 0 0.127420533380548
2  334 87 0 0 0.127420533380548
4 CN 87 0 150 0
0

0101000
+2482 0 -2546 0 *
Wi

0101100
-2478 0 +2485 0 -2323 0 *
Fa
0  1e-07 87 0

0101000
+2322 0 *
Ed
 1e-07 1 1 0
1  185 0 0 0.121985315354772
0

0101000
+2546 0 -2554 0 *
Ed
 1e-07 1 1 0
1  186 0 0 0.0200042724609375
2  335 150 0 0 0.0200042724609375
2  336 148 0 0 0.0200042724609375
4 CN 150 0 148 0
0

0101000
+2554 0 -2482 0 *
Wi

0101100
+2323 0 +2320 0 +2319 0 *
Fa
0  1e-07 150 0

0101000
+2318 0 *
Ve
1e-07
-16.4986228942871 38.9574966430664 -117.960990905762
0 0

0101101
*
Ed
 1e-07 1 1 0
1  187 0 0 0.127420533380548
2  337 92 0 0 0.127420533380548
2  338 151 0 0 0.127420533380548
4 CN 92 0 151 0
0

0101000
+2475 0 -2316 0 *
Ed
 1e-07 1 1 0
1  188 0 0 0.020010442476946
2  339 92 0 0 0.020010442476946
2  340 152 0 0 0.020010442476946
4 CN 92 0 152 0
0

0101000
+2316 0 -2481 0 *
Wi

0101100
+2315 0 +2314 0 -2473 0 *
Fa
0  1e-07 92 0

0101000
+2313 0 *
Ve
1e-07
-16.6182479858398 38.9574966430664 -117.937110900879
0 0

0101101
*
Ed
 1e-07 1 1 0
1  189 0 0 0.0200042724609375
2  341 151 0 0 0.0200042724609375
2  342 149 0 0 0.0200042724609375
4 CN 151 0 149 0
0

0101000
+2475 0 -2311 0 *
Ed
 1e-07 1 1 0
1  190 0 0 0.121985315354772
0

0101000
+2311 0 -2316 0 *
Wi

0101100
+2310 0 +2309 0 -2315 0 *
Fa
0  1e-07 151 0

0101000
+2308 0 *
Ed
 1e-07 1 1 0
1  191 0 0 0.0200593824486035
2  343 86 0 0 0.0200593824486035
2  344 153 0 0 0.0200593824486035
4 CN 86 0 153 0
0

0101000
+2465 0 -2538 0 *
Wi

0101100
-2463 0 +2306 0 -2486 0 *
Fa
0  1e-07 86 0

0101000
+2305 0 *
Ve
1e-07
-16.3972473144531 38.9574966430664 -118.028732299805
0 0

0101101
*
Ed
 1e-07 1 1 0
1  192 0 0 0.127386103078069
2  345 93 0 0 0.127386103078069
2  346 152 0 0 0.127386103078069
4 CN 93 0 152 0
0

0101000
+2481 0 -2303 0 *
Ed
 1e-07 1 1 0
1  193 0 0 0.0200593824486035
2  347 93 0 0 0.0200593824486035
2  348 154 0 0 0.0200593824486035
4 CN 93 0 154 0
0

0101000
+2303 0 -2470 0 *
Wi

0101100
+2302 0 +2301 0 -2469 0 *
Fa
0  1e-07 93 0

0101000
+2300 0 *
Ed
 1e-07 1 1 0
1  194 0 0 0.121925816189851
0

0101000
+2316 0 -2303 0 *
Wi

0101100
-2314 0 +2298 0 -2302 0 *
Fa
0  1e-07 152 0

0101000
+2297 0 *
Ve
1e-07
-16.3294982910156 39.2074966430664 -118.130111694336
0 0

0101101
*
Ed
 1e-07 1 1 0
1  195 0 0 0.12745367726503
2  349 153 0 0 0.12745367726503
2  350 99 0 0 0.12745367726503
4 CN 153 0 99 0
0

0101000
+2465 0 -2295 0 *
Ed
 1e-07 1 1 0
1  196 0 0 0.121933226859039
0

0101000
+2295 0 -2538 0 *
Wi

0101100
+2294 0 +2293 0 -2306 0 *
Fa
0  1e-07 153 0

0101000
+2292 0 *
Ed
 1e-07 1 1 0
1  197 0 0 0.0200577182159954
2  351 99 0 0 0.0200577182159954
2  352 155 0 0 0.0200577182159954
4 CN 99 0 155 0
0

0101000
+2455 0 -2295 0 *
Wi

0101100
-2453 0 +2290 0 -2294 0 *
Fa
0  1e-07 99 0

0101000
+2289 0 *
Ve
1e-07
-16.3294982910156 38.9574966430664 -118.130111694336
0 0

0101101
*
Ed
 1e-07 1 1 0
1  198 0 0 0.12745367726503
2  353 96 0 0 0.12745367726503
2  354 154 0 0 0.12745367726503
4 CN 96 0 154 0
0

0101000
+2470 0 -2287 0 *
Ed
 1e-07 1 1 0
1  199 0 0 0.0200577182159954
2  355 96 0 0 0.0200577182159954
2  356 156 0 0 0.0200577182159954
4 CN 96 0 156 0
0

0101000
+2287 0 -2460 0 *
Wi

0101100
+2286 0 +2285 0 -2459 0 *
Fa
0  1e-07 96 0

0101000
+2284 0 *
Ed
 1e-07 1 1 0
1  200 0 0 0.121933226859039
0

0101000
+2303 0 -2287 0 *
Wi

0101100
-2301 0 +2282 0 -2286 0 *
Fa
0  1e-07 154 0

0101000
+2281 0 *
Ve
1e-07
-16.3057498931885 39.2074966430664 -118.249618530273
0 0

0101101
*
Ed
 1e-07 1 1 0
1  201 0 0 0.127366508018311
2  357 155 0 0 0.127366508018311
2  358 103 0 0 0.127366508018311
4 CN 155 0 103 0
0

0101000
+2455 0 -2279 0 *
Ed
 1e-07 1 1 0
1  202 0 0 0.121843630260876
0

0101000
+2279 0 -2295 0 *
Wi

0101100
+2278 0 +2277 0 -2290 0 *
Fa
0  1e-07 155 0

0101000
+2276 0 *
Ed
 1e-07 1 1 0
1  203 0 0 0.0200004577636719
2  359 103 0 0 0.0200004577636719
2  360 157 0 0 0.0200004577636719
4 CN 103 0 157 0
0

0101000
+2445 0 -2279 0 *
Wi

0101100
-2443 0 +2274 0 -2278 0 *
Fa
0  1e-07 103 0

0101000
+2273 0 *
Ve
1e-07
-16.3057498931885 38.9574966430664 -118.249618530273
0 0

0101101
*
Ed
 1e-07 1 1 0
1  204 0 0 0.127366508018311
2  361 100 0 0 0.127366508018311
2  362 156 0 0 0.127366508018311
4 CN 100 0 156 0
0

0101000
+2460 0 -2271 0 *
Ed
 1e-07 1 1 0
1  205 0 0 0.0200004577636719
2  363 100 0 0 0.0200004577636719
2  364 158 0 0 0.0200004577636719
4 CN 100 0 158 0
0

0101000
+2271 0 -2450 0 *
Wi

0101100
+2270 0 +2269 0 -2449 0 *
Fa
0  1e-07 100 0

0101000
+2268 0 *
Ed
 1e-07 1 1 0
1  206 0 0 0.121843630260876
0

0101000
+2287 0 -2271 0 *
Wi

0101100
-2285 0 +2266 0 -2270 0 *
Fa
0  1e-07 156 0

0101000
+2265 0 *
Ve
1e-07
-16.3294982910156 39.2074966430664 -118.369232177734
0 0

0101101
*
Ed
 1e-07 1 1 0
1  207 0 0 0.127363209069244
2  365 157 0 0 0.127363209069244
2  366 107 0 0 0.127363209069244
4 CN 157 0 107 0
0

0101000
+2445 0 -2263 0 *
Ed
 1e-07 1 1 0
1  208 0 0 0.12194839506228
0

0101000
+2263 0 -2279 0 *
Wi

0101100
+2262 0 +2261 0 -2274 0 *
Fa
0  1e-07 157 0

0101000
+2260 0 *
Ed
 1e-07 1 1 0
1  209 0 0 0.0200108598946134
2  367 107 0 0 0.0200108598946134
2  368 159 0 0 0.0200108598946134
4 CN 107 0 159 0
0

0101000
+2435 0 -2263 0 *
Wi

0101100
-2433 0 +2258 0 -2262 0 *
Fa
0  1e-07 107 0

0101000
+2257 0 *
Ve
1e-07
-16.3294982910156 38.9574966430664 -118.369232177734
0 0

0101101
*
Ed
 1e-07 1 1 0
1  210 0 0 0.127363209069244
2  369 104 0 0 0.127363209069244
2  370 158 0 0 0.127363209069244
4 CN 104 0 158 0
0

0101000
+2450 0 -2255 0 *
Ed
 1e-07 1 1 0
1  211 0 0 0.0200108598946134
2  371 104 0 0 0.0200108598946134
2  372 160 0 0 0.0200108598946134
4 CN 104 0 160 0
0

0101000
+2255 0 -2440 0 *
Wi

0101100
+2254 0 +2253 0 -2439 0 *
Fa
0  1e-07 104 0

0101000
+2252 0 *
Ed
 1e-07 1 1 0
1  212 0 0 0.12194839506228
0

0101000
+2271 0 -2255 0 *
Wi

0101100
-2269 0 +2250 0 -2254 0 *
Fa
0  1e-07 158 0

0101000
+2249 0 *
Ve
1e-07
-16.3972473144531 39.2074966430664 -118.470611572266
0 0

0101101
*
Ed
 1e-07 1 1 0
1  213 0 0 0.127388573379837
2  373 159 0 0 0.127388573379837
2  374 111 0 0 0.127388573379837
4 CN 159 0 111 0
0

0101000
+2435 0 -2247 0 *
Ed
 1e-07 1 1 0
1  214 0 0 0.121933226859039
0

0101000
+2247 0 -2263 0 *
Wi

0101100
+2246 0 +2245 0 -2258 0 *
Fa
0  1e-07 159 0

0101000
+2244 0 *
Ed
 1e-07 1 1 0
1  215 0 0 0.019972885792667
2  375 111 0 0 0.019972885792667
2  376 161 0 0 0.019972885792667
4 CN 111 0 161 0
0

0101000
+2425 0 -2247 0 *
Wi

0101100
-2423 0 +2242 0 -2246 0 *
Fa
0  1e-07 111 0

0101000
+2241 0 *
Ve
1e-07
-16.3972473144531 38.9574966430664 -118.470611572266
0 0

0101101
*
Ed
 1e-07 1 1 0
1  216 0 0 0.127388573379837
2  377 108 0 0 0.127388573379837
2  378 160 0 0 0.127388573379837
4 CN 108 0 160 0
0

0101000
+2440 0 -2239 0 *
Ed
 1e-07 1 1 0
1  217 0 0 0.019972885792667
2  379 108 0 0 0.019972885792667
2  380 162 0 0 0.019972885792667
4 CN 108 0 162 0
0

0101000
+2239 0 -2430 0 *
Wi

0101100
+2238 0 +2237 0 -2429 0 *
Fa
0  1e-07 108 0

0101000
+2236 0 *
Ed
 1e-07 1 1 0
1  218 0 0 0.121933226859039
0

0101000
+2255 0 -2239 0 *
Wi

0101100
-2253 0 +2234 0 -2238 0 *
Fa
0  1e-07 160 0

0101000
+2233 0 *
Ed
 1e-07 1 1 0
1  219 0 0 0.127345234193286
2  381 161 0 0 0.127345234193286
2  382 115 0 0 0.127345234193286
4 CN 161 0 115 0
0

0101000
+2425 0 -2498 0 *
Ed
 1e-07 1 1 0
1  220 0 0 0.121934294559312
0

0101000
+2498 0 -2247 0 *
Wi

0101100
+2231 0 +2230 0 -2242 0 *
Fa
0  1e-07 161 0

0101000
+2229 0 *
Ed
 1e-07 1 1 0
1  221 0 0 0.020010442476946
2  383 115 0 0 0.020010442476946
2  384 85 0 0 0.020010442476946
4 CN 115 0 85 0
0

0101000
+2415 0 -2498 0 *
Wi

0101100
-2413 0 +2227 0 -2231 0 *
Fa
0  1e-07 115 0

0101000
+2226 0 *
Ve
1e-07
-16.4986228942871 38.9574966430664 -118.538368225098
0 0

0101101
*
Ed
 1e-07 1 1 0
1  222 0 0 0.127345234193286
2  385 112 0 0 0.127345234193286
2  386 162 0 0 0.127345234193286
4 CN 112 0 162 0
0

0101000
+2430 0 -2224 0 *
Ed
 1e-07 1 1 0
1  223 0 0 0.020010442476946
2  387 112 0 0 0.020010442476946
2  388 163 0 0 0.020010442476946
4 CN 112 0 163 0
0

0101000
+2224 0 -2420 0 *
Wi

0101100
+2223 0 +2222 0 -2419 0 *
Fa
0  1e-07 112 0

0101000
+2221 0 *
Ed
 1e-07 1 1 0
1  224 0 0 0.121934294559312
0

0101000
+2239 0 -2224 0 *
Wi

0101100
-2237 0 +2219 0 -2223 0 *
Fa
0  1e-07 162 0

0101000
+2218 0 *
Ed
 1e-07 1 1 0
1  225 0 0 0.12736174739345
2  389 85 0 0 0.12736174739345
2  390 119 0 0 0.12736174739345
4 CN 85 0 119 0
0

0101000
+2415 0 -2615 0 *
Wi

0101100
+2216 0 +2492 0 -2227 0 *
Fa
0  1e-07 85 0

0101000
+2215 0 *
Ed
 1e-07 1 1 0
1  226 0 0 0.0198822021484375
2  391 119 0 0 0.0198822021484375
2  392 56 0 0 0.0198822021484375
4 CN 119 0 56 0
0

0101000
+2405 0 -2615 0 *
Wi

0101100
-2403 0 +2213 0 -2216 0 *
Fa
0  1e-07 119 0

0101000
+2212 0 *
Ve
1e-07
-16.6182479858398 38.9574966430664 -118.562110900879
0 0

0101101
*
Ed
 1e-07 1 1 0
1  227 0 0 0.127356665160227
2  393 116 0 0 0.127356665160227
2  394 163 0 0 0.127356665160227
4 CN 116 0 163 0
0

0101000
+2420 0 -2210 0 *
Ed
 1e-07 1 1 0
1  228 0 0 0.0200042724609375
2  395 116 0 0 0.0200042724609375
2  396 164 0 0 0.0200042724609375
4 CN 116 0 164 0
0

0101000
+2210 0 -2410 0 *
Wi

0101100
+2209 0 +2208 0 -2409 0 *
Fa
0  1e-07 116 0

0101000
+2207 0 *
Ed
 1e-07 1 1 0
1  229 0 0 0.121958505985657
0

0101000
+2224 0 -2210 0 *
Wi

0101100
-2222 0 +2205 0 -2209 0 *
Fa
0  1e-07 163 0

0101000
+2204 0 *
Ed
 1e-07 1 1 0
1  230 0 0 0.127256872906096
2  397 56 0 0 0.127256872906096
2  398 123 0 0 0.127256872906096
4 CN 56 0 123 0
0

0101000
+2405 0 -2610 0 *
Wi

0101100
+2202 0 +2608 0 -2213 0 *
Fa
0  1e-07 56 0

0101000
+2201 0 *
Ed
 1e-07 1 1 0
1  231 0 0 0.0200587404223043
2  399 123 0 0 0.0200587404223043
2  400 165 0 0 0.0200587404223043
4 CN 123 0 165 0
0

0101000
+2395 0 -2610 0 *
Wi

0101100
-2393 0 +2199 0 -2202 0 *
Fa
0  1e-07 123 0

0101000
+2198 0 *
Ve
1e-07
-16.7377490997314 38.9574966430664 -118.538368225098
0 0

0101101
*
Ed
 1e-07 1 1 0
1  232 0 0 0.127256872906096
2  401 120 0 0 0.127256872906096
2  402 164 0 0 0.127256872906096
4 CN 120 0 164 0
0

0101000
+2410 0 -2196 0 *
Ed
 1e-07 1 1 0
1  233 0 0 0.0200587404223043
2  403 120 0 0 0.0200587404223043
2  404 166 0 0 0.0200587404223043
4 CN 120 0 166 0
0

0101000
+2196 0 -2400 0 *
Wi

0101100
+2195 0 +2194 0 -2399 0 *
Fa
0  1e-07 120 0

0101000
+2193 0 *
Ed
 1e-07 1 1 0
1  234 0 0 0.121836902761795
0

0101000
+2210 0 -2196 0 *
Wi

0101100
-2208 0 +2191 0 -2195 0 *
Fa
0  1e-07 164 0

0101000
+2190 0 *
Ed
 1e-07 1 1 0
1  235 0 0 0.127302420181397
2  405 165 0 0 0.127302420181397
2  406 127 0 0 0.127302420181397
4 CN 165 0 127 0
0

0101000
+2395 0 -2602 0 *
Ed
 1e-07 1 1 0
1  236 0 0 0.121932708803535
0

0101000
+2602 0 -2610 0 *
Wi

0101100
+2188 0 +2187 0 -2199 0 *
Fa
0  1e-07 165 0

0101000
+2186 0 *
Ed
 1e-07 1 1 0
1  237 0 0 0.0199742346284165
2  407 127 0 0 0.0199742346284165
2  408 60 0 0 0.0199742346284165
4 CN 127 0 60 0
0

0101000
+2385 0 -2602 0 *
Wi

0101100
-2383 0 +2184 0 -2188 0 *
Fa
0  1e-07 127 0

0101000
+2183 0 *
Ve
1e-07
-16.8391227722168 38.9574966430664 -118.470611572266
0 0

0101101
*
Ed
 1e-07 1 1 0
1  238 0 0 0.127302420181397
2  409 124 0 0 0.127302420181397
2  410 166 0 0 0.127302420181397
4 CN 124 0 166 0
0

0101000
+2400 0 -2181 0 *
Ed
 1e-07 1 1 0
1  239 0 0 0.0199742346284165
2  411 124 0 0 0.0199742346284165
2  412 167 0 0 0.0199742346284165
4 CN 124 0 167 0
0

0101000
+2181 0 -2390 0 *
Wi

0101100
+2180 0 +2179 0 -2389 0 *
Fa
0  1e-07 124 0

0101000
+2178 0 *
Ed
 1e-07 1 1 0
1  240 0 0 0.121932708803535
0

0101000
+2196 0 -2181 0 *
Wi

0101100
-2194 0 +2176 0 -2180 0 *
Fa
0  1e-07 166 0

0101000
+2175 0 *
Ed
 1e-07 1 1 0
1  241 0 0 0.127342947831056
2  413 60 0 0 0.127342947831056
2  414 131 0 0 0.127342947831056
4 CN 60 0 131 0
0

0101000
+2385 0 -2594 0 *
Wi

0101100
+2173 0 +2592 0 -2184 0 *
Fa
0  1e-07 60 0

0101000
+2172 0 *
Ed
 1e-07 1 1 0
1  242 0 0 0.0200108598946134
2  415 131 0 0 0.0200108598946134
2  416 62 0 0 0.0200108598946134
4 CN 131 0 62 0
0

0101000
+2375 0 -2594 0 *
Wi

0101100
-2373 0 +2170 0 -2173 0 *
Fa
0  1e-07 131 0

0101000
+2169 0 *
Ve
1e-07
-16.9068737030029 38.9574966430664 -118.369232177734
0 0

0101101
*
Ed
 1e-07 1 1 0
1  243 0 0 0.127342947831056
2  417 128 0 0 0.127342947831056
2  418 167 0 0 0.127342947831056
4 CN 128 0 167 0
0

0101000
+2390 0 -2167 0 *
Ed
 1e-07 1 1 0
1  244 0 0 0.0200108598946134
2  419 128 0 0 0.0200108598946134
2  420 168 0 0 0.0200108598946134
4 CN 128 0 168 0
0

0101000
+2167 0 -2380 0 *
Wi

0101100
+2166 0 +2165 0 -2379 0 *
Fa
0  1e-07 128 0

0101000
+2164 0 *
Ed
 1e-07 1 1 0
1  245 0 0 0.121934286637968
0

0101000
+2181 0 -2167 0 *
Wi

0101100
-2179 0 +2162 0 -2166 0 *
Fa
0  1e-07 167 0

0101000
+2161 0 *
Ed
 1e-07 1 1 0
1  246 0 0 0.127234551445763
2  421 62 0 0 0.127234551445763
2  422 135 0 0 0.127234551445763
4 CN 62 0 135 0
0

0101000
+2375 0 -2586 0 *
Wi

0101100
+2159 0 +2584 0 -2170 0 *
Fa
0  1e-07 62 0

0101000
+2158 0 *
Ed
 1e-07 1 1 0
1  247 0 0 0.0200008302807063
2  423 135 0 0 0.0200008302807063
2  424 64 0 0 0.0200008302807063
4 CN 135 0 64 0
0

0101000
+2365 0 -2586 0 *
Wi

0101100
-2363 0 +2156 0 -2159 0 *
Fa
0  1e-07 135 0

0101000
+2155 0 *
Ve
1e-07
-16.9307479858398 38.9574966430664 -118.249618530273
0 0

0101101
*
Ed
 1e-07 1 1 0
1  248 0 0 0.127356512892911
2  425 132 0 0 0.127356512892911
2  426 168 0 0 0.127356512892911
4 CN 132 0 168 0
0

0101000
+2380 0 -2153 0 *
Ed
 1e-07 1 1 0
1  249 0 0 0.0200004577636719
2  427 132 0 0 0.0200004577636719
2  428 169 0 0 0.0200004577636719
4 CN 132 0 169 0
0

0101000
+2153 0 -2370 0 *
Wi

0101100
+2152 0 +2151 0 -2369 0 *
Fa
0  1e-07 132 0

0101000
+2150 0 *
Ed
 1e-07 1 1 0
1  250 0 0 0.121972972579528
0

0101000
+2167 0 -2153 0 *
Wi

0101100
-2165 0 +2148 0 -2152 0 *
Fa
0  1e-07 168 0

0101000
+2147 0 *
Ed
 1e-07 1 1 0
1  251 0 0 0.127306231970635
2  429 64 0 0 0.127306231970635
2  430 139 0 0 0.127306231970635
4 CN 64 0 139 0
0

0101000
+2365 0 -2578 0 *
Wi

0101100
+2145 0 +2576 0 -2156 0 *
Fa
0  1e-07 64 0

0101000
+2144 0 *
Ed
 1e-07 1 1 0
1  252 0 0 0.0200577182159954
2  431 139 0 0 0.0200577182159954
2  432 170 0 0 0.0200577182159954
4 CN 139 0 170 0
0

0101000
+2355 0 -2578 0 *
Wi

0101100
-2353 0 +2142 0 -2145 0 *
Fa
0  1e-07 139 0

0101000
+2141 0 *
Ve
1e-07
-16.9068737030029 38.9574966430664 -118.130111694336
0 0

0101101
*
Ed
 1e-07 1 1 0
1  253 0 0 0.127306231970635
2  433 136 0 0 0.127306231970635
2  434 169 0 0 0.127306231970635
4 CN 136 0 169 0
0

0101000
+2370 0 -2139 0 *
Ed
 1e-07 1 1 0
1  254 0 0 0.0200577182159954
2  435 136 0 0 0.0200577182159954
2  436 171 0 0 0.0200577182159954
4 CN 136 0 171 0
0

0101000
+2139 0 -2360 0 *
Wi

0101100
+2138 0 +2137 0 -2359 0 *
Fa
0  1e-07 136 0

0101000
+2136 0 *
Ed
 1e-07 1 1 0
1  255 0 0 0.121868228906346
0

0101000
+2153 0 -2139 0 *
Wi

0101100
-2151 0 +2134 0 -2138 0 *
Fa
0  1e-07 169 0

0101000
+2133 0 *
Ed
 1e-07 1 1 0
1  256 0 0 0.127300056404084
2  437 170 0 0 0.127300056404084
2  438 143 0 0 0.127300056404084
4 CN 170 0 143 0
0

0101000
+2355 0 -2570 0 *
Ed
 1e-07 1 1 0
1  257 0 0 0.121934286637968
0

0101000
+2570 0 -2578 0 *
Wi

0101100
+2131 0 +2130 0 -2142 0 *
Fa
0  1e-07 170 0

0101000
+2129 0 *
Ed
 1e-07 1 1 0
1  258 0 0 0.0200634582015339
2  439 143 0 0 0.0200634582015339
2  440 68 0 0 0.0200634582015339
4 CN 143 0 68 0
0

0101000
+2345 0 -2570 0 *
Wi

0101100
-2343 0 +2127 0 -2131 0 *
Fa
0  1e-07 143 0

0101000
+2126 0 *
Ve
1e-07
-16.8391227722168 38.9574966430664 -118.028732299805
0 0

0101101
*
Ed
 1e-07 1 1 0
1  259 0 0 0.127300056404084
2  441 140 0 0 0.127300056404084
2  442 171 0 0 0.127300056404084
4 CN 140 0 171 0
0

0101000
+2360 0 -2124 0 *
Ed
 1e-07 1 1 0
1  260 0 0 0.0200634582015339
2  443 140 0 0 0.0200634582015339
2  444 172 0 0 0.0200634582015339
4 CN 140 0 172 0
0

0101000
+2124 0 -2350 0 *
Wi

0101100
+2123 0 +2122 0 -2349 0 *
Fa
0  1e-07 140 0

0101000
+2121 0 *
Ed
 1e-07 1 1 0
1  261 0 0 0.121934286637968
0

0101000
+2139 0 -2124 0 *
Wi

0101100
-2137 0 +2119 0 -2123 0 *
Fa
0  1e-07 171 0

0101000
+2118 0 *
Ed
 1e-07 1 1 0
1  262 0 0 0.127507619073013
2  445 68 0 0 0.127507619073013
2  446 147 0 0 0.127507619073013
4 CN 68 0 147 0
0

0101000
+2345 0 -2562 0 *
Wi

0101100
+2116 0 +2560 0 -2127 0 *
Fa
0  1e-07 68 0

0101000
+2115 0 *
Ed
 1e-07 1 1 0
1  263 0 0 0.0199391741980724
2  447 147 0 0 0.0199391741980724
2  448 70 0 0 0.0199391741980724
4 CN 147 0 70 0
0

0101000
+2335 0 -2562 0 *
Wi

0101100
-2333 0 +2113 0 -2116 0 *
Fa
0  1e-07 147 0

0101000
+2112 0 *
Ve
1e-07
-16.7377490997314 38.9574966430664 -117.960861206055
0 0

0101101
*
Ed
 1e-07 1 1 0
1  264 0 0 0.127507619073013
2  449 144 0 0 0.127507619073013
2  450 172 0 0 0.127507619073013
4 CN 144 0 172 0
0

0101000
+2350 0 -2110 0 *
Ed
 1e-07 1 1 0
1  265 0 0 0.0199391741980724
2  451 144 0 0 0.0199391741980724
2  452 173 0 0 0.0199391741980724
4 CN 144 0 173 0
0

0101000
+2110 0 -2340 0 *
Wi

0101100
+2109 0 +2108 0 -2339 0 *
Fa
0  1e-07 144 0

0101000
+2107 0 *
Ed
 1e-07 1 1 0
1  266 0 0 0.121996339453234
0

0101000
+2124 0 -2110 0 *
Wi

0101100
-2122 0 +2105 0 -2109 0 *
Fa
0  1e-07 172 0

0101000
+2104 0 *
Ed
 1e-07 1 1 0
1  267 0 0 0.127364296531784
2  453 70 0 0 0.127364296531784
2  454 148 0 0 0.127364296531784
4 CN 70 0 148 0
0

0101000
+2335 0 -2554 0 *
Wi

0101100
+2102 0 +2552 0 -2113 0 *
Fa
0  1e-07 70 0

0101000
+2101 0 *
Wi

0101100
-2329 0 -2319 0 -2102 0 *
Fa
0  1e-07 148 0

0101000
+2099 0 *
Ed
 1e-07 1 1 0
1  268 0 0 0.127364296531784
2  455 149 0 0 0.127364296531784
2  456 173 0 0 0.127364296531784
4 CN 149 0 173 0
0

0101000
+2340 0 -2311 0 *
Wi

0101100
+2097 0 -2310 0 -2326 0 *
Fa
0  1e-07 149 0

0101000
+2096 0 *
Ed
 1e-07 1 1 0
1  269 0 0 0.121838389751655
0

0101000
+2110 0 -2311 0 *
Wi

0101100
-2108 0 +2094 0 -2097 0 *
Fa
0  1e-07 173 0

0101000
+2093 0 *
Ve
1e-07
-16.8118724822998 39.4374961853027 -117.708358764648
0 0

0101101
*
Ed
 1e-07 1 1 0
1  270 0 0 0.39532463844035
2  457 174 0 0 0.39532463844035
2  458 66 0 0 0.39532463844035
4 C0 66 0 174 0
0

0101000
+2091 0 -2570 0 *
Ed
 1e-07 1 1 0
1  271 0 0 0.489694348613493
2  459 175 0 0 0.489694348613493
2  460 66 0 0 0.489694348613493
4 C0 66 0 175 0
0

0101000
+2578 0 -2091 0 *
Wi

0101100
-2568 0 -2090 0 -2089 0 *
Fa
0  1e-07 66 0

0101000
+2088 0 *
Ve
1e-07
-16.6233730316162 39.9999961853027 -117.317237854004
0 0

0101101
*
Ve
1e-07
-16.70924949646 39.9999961853027 -117.455612182617
0 0

0101101
*
Ed
 1e-07 1 1 0
1  272 0 0 0.162856446090525
2  461 176 0 0 0.162856446090525
2  462 177 0 0 0.162856446090525
4 CN 176 0 177 0
0

0101000
+2086 0 -2085 0 *
Ve
1e-07
-16.6433734893799 39.9999961853027 -117.317237854004
0 0

0101101
*
Ed
 1e-07 1 1 0
1  273 0 0 0.153255026436299
2  463 176 0 0 0.153255026436299
2  464 178 0 0 0.153255026436299
4 C0 176 0 178 0
0

0101000
+2085 0 -2083 0 *
Ed
 1e-07 1 1 0
1  274 0 0 0.0200004577636719
2  465 176 0 0 0.0200004577636719
2  466 179 0 0 0.0200004577636719
4 CN 176 0 179 0
0

0101000
+2083 0 -2086 0 *
Wi

0101100
+2084 0 +2082 0 +2081 0 *
Fa
0  1e-07 176 0

0101000
+2080 0 *
Ve
1e-07
-16.6907482147217 39.9999961853027 -117.463363647461
0 0

0101101
*
Ed
 1e-07 1 1 0
1  275 0 0 0.160910418593522
2  467 177 0 0 0.160910418593522
2  468 180 0 0 0.160910418593522
4 C0 177 0 180 0
0

0101000
+2086 0 -2078 0 *
Ed
 1e-07 1 1 0
1  276 0 0 0.020059477390579
2  469 177 0 0 0.020059477390579
2  470 181 0 0 0.020059477390579
4 CN 177 0 181 0
0

0101000
+2078 0 -2085 0 *
Wi

0101100
+2077 0 +2076 0 -2084 0 *
Fa
0  1e-07 177 0

0101000
+2075 0 *
Ve
1e-07
-16.8118724822998 39.9999961853027 -117.708358764648
0 0

0101101
*
Ed
 1e-07 1 1 0
1  277 0 0 0.272786201907582
2  471 181 0 0 0.272786201907582
2  472 182 0 0 0.272786201907582
4 C0 181 0 182 0
0

0101000
+2073 0 -2085 0 *
Ed
 1e-07 1 1 0
1  278 0 0 0.273301473911236
2  473 183 0 0 0.273301473911236
2  474 181 0 0 0.273301473911236
4 CN 181 0 183 0
0

0101000
+2073 0 -2078 0 *
Wi

0101100
+2072 0 -2076 0 -2071 0 *
Fa
0  1e-07 181 0

0101000
+2070 0 *
Ve
1e-07
-16.9569988250732 39.9999961853027 -118.249740600586
0 0

0101101
*
Ve
1e-07
-16.9007472991943 39.9999961853027 -117.974731445312
0 0

0101101
*
Ed
 1e-07 1 1 0
1  279 0 0 0.280703169999761
2  475 184 0 0 0.280703169999761
2  476 185 0 0 0.280703169999761
4 CN 184 0 185 0
0

0101000
+2068 0 -2067 0 *
Ve
1e-07
-16.9369983673096 39.9999961853027 -118.249618530273
0 0

0101101
*
Ed
 1e-07 1 1 0
1  280 0 0 0.277267108431233
2  477 184 0 0 0.277267108431233
2  478 186 0 0 0.277267108431233
4 C0 184 0 186 0
0

0101000
+2067 0 -2065 0 *
Ed
 1e-07 1 1 0
1  281 0 0 0.0200008302807063
2  479 184 0 0 0.0200008302807063
2  480 187 0 0 0.0200008302807063
4 CN 184 0 187 0
0

0101000
+2065 0 -2068 0 *
Wi

0101100
+2066 0 +2064 0 +2063 0 *
Fa
0  1e-07 184 0

0101000
+2062 0 *
Ve
1e-07
-16.9201240539551 39.9999961853027 -117.96949005127
0 0

0101101
*
Ed
 1e-07 1 1 0
1  282 0 0 0.282666091240468
2  481 185 0 0 0.282666091240468
2  482 188 0 0 0.282666091240468
4 C0 185 0 188 0
0

0101000
+2068 0 -2060 0 *
Ed
 1e-07 1 1 0
1  283 0 0 0.0200731371880833
2  483 185 0 0 0.0200731371880833
2  484 189 0 0 0.0200731371880833
4 CN 185 0 189 0
0

0101000
+2060 0 -2067 0 *
Wi

0101100
+2059 0 +2058 0 -2066 0 *
Fa
0  1e-07 185 0

0101000
+2057 0 *
Ve
1e-07
-16.7946243286133 39.9999961853027 -117.718360900879
0 0

0101101
*
Ed
 1e-07 1 1 0
1  284 0 0 0.280741929958429
2  485 189 0 0 0.280741929958429
2  486 190 0 0 0.280741929958429
4 CN 189 0 190 0
0

0101000
+2060 0 -2055 0 *
Ed
 1e-07 1 1 0
1  285 0 0 0.277467008738201
2  487 189 0 0 0.277467008738201
2  488 191 0 0 0.277467008738201
4 C0 189 0 191 0
0

0101000
+2055 0 -2067 0 *
Wi

0101100
+2054 0 +2053 0 -2058 0 *
Fa
0  1e-07 189 0

0101000
+2052 0 *
Ed
 1e-07 1 1 0
1  286 0 0 0.282679945553668
2  489 190 0 0 0.282679945553668
2  490 192 0 0 0.282679945553668
4 C0 190 0 192 0
0

0101000
+2060 0 -2073 0 *
Ed
 1e-07 1 1 0
1  287 0 0 0.0199384436395318
2  491 190 0 0 0.0199384436395318
2  492 183 0 0 0.0199384436395318
4 CN 190 0 183 0
0

0101000
+2073 0 -2055 0 *
Wi

0101100
+2050 0 +2049 0 -2054 0 *
Fa
0  1e-07 190 0

0101000
+2048 0 *
Ve
1e-07
-16.9206237792969 39.9999961853027 -118.525863647461
0 0

0101101
*
Ed
 1e-07 1 1 0
1  288 0 0 0.278508673062018
2  493 187 0 0 0.278508673062018
2  494 193 0 0 0.278508673062018
4 C0 187 0 193 0
0

0101000
+2046 0 -2068 0 *
Ed
 1e-07 1 1 0
1  289 0 0 0.27672999819774
2  495 194 0 0 0.27672999819774
2  496 187 0 0 0.27672999819774
4 CN 187 0 194 0
0

0101000
+2046 0 -2065 0 *
Wi

0101100
+2045 0 -2063 0 -2044 0 *
Fa
0  1e-07 187 0

0101000
+2043 0 *
Ve
1e-07
-16.5557479858398 39.9999961853027 -118.769607543945
0 0

0101101
*
Ve
1e-07
-16.6992492675781 39.9999961853027 -118.721115112305
0 0

0101101
*
Ed
 1e-07 1 1 0
1  290 0 0 0.151473211449914
2  497 195 0 0 0.151473211449914
2  498 196 0 0 0.151473211449914
4 CN 195 0 196 0
0

0101000
+2041 0 -2040 0 *
Ve
1e-07
-16.5557479858398 39.9999961853027 -118.749618530273
0 0

0101101
*
Ed
 1e-07 1 1 0
1  291 0 0 0.146304691300145
2  499 195 0 0 0.146304691300145
2  500 197 0 0 0.146304691300145
4 C0 195 0 197 0
0

0101000
+2040 0 -2038 0 *
Ed
 1e-07 1 1 0
1  292 0 0 0.019989013671875
2  501 195 0 0 0.019989013671875
2  502 198 0 0 0.019989013671875
4 CN 195 0 198 0
0

0101000
+2038 0 -2041 0 *
Wi

0101100
+2039 0 +2037 0 +2036 0 *
Fa
0  1e-07 195 0

0101000
+2035 0 *
Ve
1e-07
-16.7068729400635 39.9999961853027 -118.739616394043
0 0

0101101
*
Ed
 1e-07 1 1 0
1  293 0 0 0.154072128762992
2  503 196 0 0 0.154072128762992
2  504 199 0 0 0.154072128762992
4 C0 196 0 199 0
0

0101000
+2041 0 -2033 0 *
Ed
 1e-07 1 1 0
1  294 0 0 0.020010442476946
2  505 196 0 0 0.020010442476946
2  506 200 0 0 0.020010442476946
4 CN 196 0 200 0
0

0101000
+2033 0 -2040 0 *
Wi

0101100
+2032 0 +2031 0 -2039 0 *
Fa
0  1e-07 196 0

0101000
+2030 0 *
Ve
1e-07
-16.820873260498 39.9999961853027 -118.639862060547
0 0

0101101
*
Ed
 1e-07 1 1 0
1  295 0 0 0.151482672640915
2  507 200 0 0 0.151482672640915
2  508 201 0 0 0.151482672640915
4 CN 200 0 201 0
0

0101000
+2033 0 -2028 0 *
Ed
 1e-07 1 1 0
1  296 0 0 0.1462684315693
2  509 200 0 0 0.1462684315693
2  510 202 0 0 0.1462684315693
4 C0 200 0 202 0
0

0101000
+2028 0 -2040 0 *
Wi

0101100
+2027 0 +2026 0 -2031 0 *
Fa
0  1e-07 200 0

0101000
+2025 0 *
Ve
1e-07
-16.8349990844727 39.9999961853027 -118.653991699219
0 0

0101101
*
Ed
 1e-07 1 1 0
1  297 0 0 0.154103527684809
2  511 201 0 0 0.154103527684809
2  512 203 0 0 0.154103527684809
4 C0 201 0 203 0
0

0101000
+2033 0 -2023 0 *
Ed
 1e-07 1 1 0
1  298 0 0 0.0199796294249767
2  513 201 0 0 0.0199796294249767
2  514 204 0 0 0.0199796294249767
4 CN 201 0 204 0
0

0101000
+2023 0 -2028 0 *
Wi

0101100
+2022 0 +2021 0 -2027 0 *
Fa
0  1e-07 201 0

0101000
+2020 0 *
Ve
1e-07
-16.9021224975586 39.9999961853027 -118.51823425293
0 0

0101101
*
Ed
 1e-07 1 1 0
1  299 0 0 0.151445161055852
2  515 204 0 0 0.151445161055852
2  516 205 0 0 0.151445161055852
4 CN 204 0 205 0
0

0101000
+2023 0 -2018 0 *
Ed
 1e-07 1 1 0
1  300 0 0 0.146269484543716
2  517 204 0 0 0.146269484543716
2  518 206 0 0 0.146269484543716
4 C0 204 0 206 0
0

0101000
+2018 0 -2028 0 *
Wi

0101100
+2017 0 +2016 0 -2021 0 *
Fa
0  1e-07 204 0

0101000
+2015 0 *
Ed
 1e-07 1 1 0
1  301 0 0 0.15410511351345
2  519 205 0 0 0.15410511351345
2  520 207 0 0 0.15410511351345
4 C0 205 0 207 0
0

0101000
+2023 0 -2046 0 *
Ed
 1e-07 1 1 0
1  302 0 0 0.0200126231881962
2  521 205 0 0 0.0200126231881962
2  522 194 0 0 0.0200126231881962
4 CN 205 0 194 0
0

0101000
+2046 0 -2018 0 *
Wi

0101100
+2013 0 +2012 0 -2017 0 *
Fa
0  1e-07 205 0

0101000
+2011 0 *
Ed
 1e-07 1 1 0
1  303 0 0 0.270870324600216
2  523 194 0 0 0.270870324600216
2  524 208 0 0 0.270870324600216
4 C0 194 0 208 0
0

0101000
+2065 0 -2018 0 *
Wi

0101100
+2044 0 +2009 0 -2012 0 *
Fa
0  1e-07 194 0

0101000
+2008 0 *
Ed
 1e-07 1 1 0
1  304 0 0 0.275343142801721
2  525 183 0 0 0.275343142801721
2  526 209 0 0 0.275343142801721
4 C0 183 0 209 0
0

0101000
+2078 0 -2055 0 *
Wi

0101100
+2071 0 +2006 0 -2049 0 *
Fa
0  1e-07 183 0

0101000
+2005 0 *
Ve
1e-07
-16.2688732147217 39.9999961853027 -118.771362304688
0 0

0101101
*
Ed
 1e-07 1 1 0
1  305 0 0 0.287697629517291
2  527 198 0 0 0.287697629517291
2  528 210 0 0 0.287697629517291
4 CN 198 0 210 0
0

0101000
+2038 0 -2003 0 *
Ed
 1e-07 1 1 0
1  306 0 0 0.286880137843946
2  529 198 0 0 0.286880137843946
2  530 211 0 0 0.286880137843946
4 C0 198 0 211 0
0

0101000
+2003 0 -2041 0 *
Wi

0101100
+2002 0 +2001 0 -2036 0 *
Fa
0  1e-07 198 0

0101000
+2000 0 *
Ve
1e-07
-16.2888736724854 39.9999961853027 -118.751358032227
0 0

0101101
*
Ed
 1e-07 1 1 0
1  307 0 0 0.266879982380614
2  531 210 0 0 0.266879982380614
2  532 212 0 0 0.266879982380614
4 C0 210 0 212 0
0

0101000
+2038 0 -1998 0 *
Ed
 1e-07 1 1 0
1  308 0 0 0.0282876161499665
2  533 210 0 0 0.0282876161499665
2  534 213 0 0 0.0282876161499665
4 CN 210 0 213 0
0

0101000
+1998 0 -2003 0 *
Wi

0101100
+1997 0 +1996 0 -2002 0 *
Fa
0  1e-07 210 0

0101000
+1995 0 *
Ve
1e-07
-16.9369983673096 39.6249961853027 -118.249618530273
0 0

0101101
*
Ed
 1e-07 1 1 0
1  309 0 0 0.466371149855796
2  535 186 0 0 0.466371149855796
2  536 214 0 0 0.466371149855796
4 CN 186 0 214 0
0

0101000
+2067 0 -1993 0 *
Ed
 1e-07 1 1 0
1  310 0 0 0.375
2  537 186 0 0 0.375
2  538 215 0 0 0.375
4 C0 186 0 215 0
0

0101000
+1993 0 -2065 0 *
Wi

0101100
+1992 0 +1991 0 -2064 0 *
Fa
0  1e-07 186 0

0101000
+1990 0 *
Ve
1e-07
-16.9007472991943 39.7132453918457 -117.974731445312
0 0

0101101
*
Ed
 1e-07 1 1 0
1  311 0 0 0.286750793457031
2  539 214 0 0 0.286750793457031
2  540 191 0 0 0.286750793457031
4 C0 214 0 191 0
0

0101000
+2067 0 -1988 0 *
Ed
 1e-07 1 1 0
1  312 0 0 0.290972458960089
2  541 214 0 0 0.290972458960089
2  542 216 0 0 0.290972458960089
4 C0 214 0 216 0
0

0101000
+1988 0 -1993 0 *
Wi

0101100
+1987 0 +1986 0 -1992 0 *
Fa
0  1e-07 214 0

0101000
+1985 0 *
Ed
 1e-07 1 1 0
1  313 0 0 0.399016238374282
2  543 191 0 0 0.399016238374282
2  544 217 0 0 0.399016238374282
4 CN 191 0 217 0
0

0101000
+2055 0 -1988 0 *
Wi

0101100
+1983 0 -1987 0 -2053 0 *
Fa
0  1e-07 191 0

0101000
+1982 0 *
Ve
1e-07
-16.7946243286133 39.7312469482422 -117.718360900879
0 0

0101101
*
Ed
 1e-07 1 1 0
1  314 0 0 0.268749237060547
2  545 217 0 0 0.268749237060547
2  546 209 0 0 0.268749237060547
4 C0 217 0 209 0
0

0101000
+2055 0 -1980 0 *
Ed
 1e-07 1 1 0
1  315 0 0 0.278050349704546
2  547 217 0 0 0.278050349704546
2  548 218 0 0 0.278050349704546
4 C0 217 0 218 0
0

0101000
+1980 0 -1988 0 *
Wi

0101100
+1979 0 +1978 0 -1983 0 *
Fa
0  1e-07 217 0

0101000
+1977 0 *
Ve
1e-07
-16.5557479858398 39.4574966430664 -118.749618530273
0 0

0101101
*
Ed
 1e-07 1 1 0
1  316 0 0 0.561881496423451
2  549 197 0 0 0.561881496423451
2  550 219 0 0 0.561881496423451
4 CN 197 0 219 0
0

0101000
+2040 0 -1975 0 *
Ed
 1e-07 1 1 0
1  317 0 0 0.542499542236328
2  551 197 0 0 0.542499542236328
2  552 212 0 0 0.542499542236328
4 C0 197 0 212 0
0

0101000
+1975 0 -2038 0 *
Wi

0101100
+1974 0 +1973 0 -2037 0 *
Fa
0  1e-07 197 0

0101000
+1972 0 *
Ve
1e-07
-16.6992492675781 39.4574966430664 -118.721115112305
0 0

0101101
*
Ed
 1e-07 1 1 0
1  318 0 0 0.542499542236328
2  553 219 0 0 0.542499542236328
2  554 202 0 0 0.542499542236328
4 C0 219 0 202 0
0

0101000
+2040 0 -1970 0 *
Ed
 1e-07 1 1 0
1  319 0 0 0.146304691300145
2  555 219 0 0 0.146304691300145
2  556 220 0 0 0.146304691300145
4 C0 219 0 220 0
0

0101000
+1970 0 -1975 0 *
Wi

0101100
+1969 0 +1968 0 -1974 0 *
Fa
0  1e-07 219 0

0101000
+1967 0 *
Ed
 1e-07 1 1 0
1  320 0 0 0.561872056077154
2  557 202 0 0 0.561872056077154
2  558 221 0 0 0.561872056077154
4 CN 202 0 221 0
0

0101000
+2028 0 -1970 0 *
Wi

0101100
+1965 0 -1969 0 -2026 0 *
Fa
0  1e-07 202 0

0101000
+1964 0 *
Ve
1e-07
-16.820873260498 39.4786224365234 -118.639862060547
0 0

0101101
*
Ed
 1e-07 1 1 0
1  321 0 0 0.521373748779297
2  559 221 0 0 0.521373748779297
2  560 206 0 0 0.521373748779297
4 C0 221 0 206 0
0

0101000
+2028 0 -1962 0 *
Ed
 1e-07 1 1 0
1  322 0 0 0.147786173991115
2  561 221 0 0 0.147786173991115
2  562 222 0 0 0.147786173991115
4 C0 221 0 222 0
0

0101000
+1962 0 -1970 0 *
Wi

0101100
+1961 0 +1960 0 -1965 0 *
Fa
0  1e-07 221 0

0101000
+1959 0 *
Ed
 1e-07 1 1 0
1  323 0 0 0.541502860587885
2  563 206 0 0 0.541502860587885
2  564 223 0 0 0.541502860587885
4 CN 206 0 223 0
0

0101000
+2018 0 -1962 0 *
Wi

0101100
+1957 0 -1961 0 -2016 0 *
Fa
0  1e-07 206 0

0101000
+1956 0 *
Ve
1e-07
-16.9021224975586 39.5119972229004 -118.51823425293
0 0

0101101
*
Ed
 1e-07 1 1 0
1  324 0 0 0.487998962402344
2  565 223 0 0 0.487998962402344
2  566 208 0 0 0.487998962402344
4 C0 223 0 208 0
0

0101000
+2018 0 -1954 0 *
Ed
 1e-07 1 1 0
1  325 0 0 0.150028792151346
2  567 223 0 0 0.150028792151346
2  568 224 0 0 0.150028792151346
4 C0 223 0 224 0
0

0101000
+1954 0 -1962 0 *
Wi

0101100
+1953 0 +1952 0 -1957 0 *
Fa
0  1e-07 223 0

0101000
+1951 0 *
Ve
1e-07
-16.6907482147217 39.6735000610352 -117.463363647461
0 0

0101101
*
Ed
 1e-07 1 1 0
1  326 0 0 0.363994343326503
2  569 180 0 0 0.363994343326503
2  570 225 0 0 0.363994343326503
4 CN 180 0 225 0
0

0101000
+2086 0 -1949 0 *
Ed
 1e-07 1 1 0
1  327 0 0 0.326496124267578
2  571 180 0 0 0.326496124267578
2  572 226 0 0 0.326496124267578
4 C0 180 0 226 0
0

0101000
+1949 0 -2078 0 *
Wi

0101100
+1948 0 +1947 0 -2077 0 *
Fa
0  1e-07 180 0

0101000
+1946 0 *
Ve
1e-07
-16.6233730316162 39.5499992370605 -117.317237854004
0 0

0101101
*
Ed
 1e-07 1 1 0
1  328 0 0 0.449996948242188
2  573 225 0 0 0.449996948242188
2  574 227 0 0 0.449996948242188
4 C0 225 0 227 0
0

0101000
+2086 0 -1944 0 *
Ed
 1e-07 1 1 0
1  329 0 0 0.202841357554
2  575 225 0 0 0.202841357554
2  576 228 0 0 0.202841357554
4 C0 225 0 228 0
0

0101000
+1944 0 -1949 0 *
Wi

0101100
+1943 0 +1942 0 -1948 0 *
Fa
0  1e-07 225 0

0101000
+1941 0 *
Ed
 1e-07 1 1 0
1  330 0 0 0.384759663567473
2  577 226 0 0 0.384759663567473
2  578 209 0 0 0.384759663567473
4 CN 226 0 209 0
0

0101000
+1980 0 -2078 0 *
Ed
 1e-07 1 1 0
1  331 0 0 0.281333519634668
2  579 226 0 0 0.281333519634668
2  580 229 0 0 0.281333519634668
4 C0 226 0 229 0
0

0101000
+1949 0 -1980 0 *
Wi

0101100
+1939 0 -1947 0 +1938 0 *
Fa
0  1e-07 226 0

0101000
+1937 0 *
Wi

0101100
-1979 0 -2006 0 -1939 0 *
Fa
0  1e-07 209 0

0101000
+1935 0 *
Ed
 1e-07 1 1 0
1  332 0 0 0.558134141631553
2  581 208 0 0 0.558134141631553
2  582 215 0 0 0.558134141631553
4 CN 208 0 215 0
0

0101000
+2065 0 -1954 0 *
Wi

0101100
+1933 0 -1953 0 -2009 0 *
Fa
0  1e-07 208 0

0101000
+1932 0 *
Ed
 1e-07 1 1 0
1  333 0 0 0.293495312148308
2  583 215 0 0 0.293495312148308
2  584 230 0 0 0.293495312148308
4 C0 215 0 230 0
0

0101000
+1993 0 -1954 0 *
Wi

0101100
-1991 0 +1930 0 -1933 0 *
Fa
0  1e-07 215 0

0101000
+1929 0 *
Ed
 1e-07 1 1 0
1  334 0 0 0.604591331663052
2  585 212 0 0 0.604591331663052
2  586 231 0 0 0.604591331663052
4 CN 212 0 231 0
0

0101000
+1975 0 -1998 0 *
Wi

0101100
+1927 0 -1997 0 -1973 0 *
Fa
0  1e-07 212 0

0101000
+1926 0 *
Ve
1e-07
-16.2888736724854 39.4574966430664 -118.751358032227
0 0

0101101
*
Ed
 1e-07 1 1 0
1  335 0 0 0.266879982380614
2  587 231 0 0 0.266879982380614
2  588 232 0 0 0.266879982380614
4 C0 231 0 232 0
0

0101000
+1975 0 -1924 0 *
Ed
 1e-07 1 1 0
1  336 0 0 0.542499542236328
2  589 231 0 0 0.542499542236328
2  590 233 0 0 0.542499542236328
4 C0 231 0 233 0
0

0101000
+1924 0 -1998 0 *
Wi

0101100
+1923 0 +1922 0 -1927 0 *
Fa
0  1e-07 231 0

0101000
+1921 0 *
Ve
1e-07
-16.8303718566895 39.4574966430664 -118.037483215332
0 0

0101101
*
Ed
 1e-07 1 1 0
1  337 0 0 0.42196702113946
2  591 218 0 0 0.42196702113946
2  592 234 0 0 0.42196702113946
4 C0 218 0 234 0
0

0101000
+1980 0 -1919 0 *
Ed
 1e-07 1 1 0
1  338 0 0 0.272576429741308
2  593 218 0 0 0.272576429741308
2  594 235 0 0 0.272576429741308
4 C0 218 0 235 0
0

0101000
+1919 0 -1988 0 *
Wi

0101100
+1918 0 +1917 0 -1978 0 *
Fa
0  1e-07 218 0

0101000
+1916 0 *
Ve
1e-07
-16.7329978942871 39.4574966430664 -117.972496032715
0 0

0101101
*
Ed
 1e-07 1 1 0
1  339 0 0 0.378578541685686
2  595 234 0 0 0.378578541685686
2  596 229 0 0 0.378578541685686
4 C0 234 0 229 0
0

0101000
+1980 0 -1914 0 *
Ed
 1e-07 1 1 0
1  340 0 0 0.1170684520204
0

0101000
+1914 0 -1919 0 *
Wi

0101100
+1913 0 +1912 0 -1918 0 *
Fa
0  1e-07 234 0

0101000
+1911 0 *
Ed
 1e-07 1 1 0
1  341 0 0 0.554669539195994
2  597 229 0 0 0.554669539195994
2  598 228 0 0 0.554669539195994
4 C0 229 0 228 0
0

0101000
+1949 0 -1914 0 *
Wi

0101100
-1913 0 -1938 0 +1909 0 *
Fa
0  1e-07 229 0

0101000
+1908 0 *
Ve
1e-07
-16.8953723907471 39.4574966430664 -118.134864807129
0 0

0101101
*
Ed
 1e-07 1 1 0
1  342 0 0 0.117082209787263
0

0101000
+1919 0 -1906 0 *
Ed
 1e-07 1 1 0
1  343 0 0 0.301792984858191
2  599 235 0 0 0.301792984858191
2  600 216 0 0 0.301792984858191
4 C0 235 0 216 0
0

0101000
+1906 0 -1988 0 *
Wi

0101100
-1917 0 +1905 0 +1904 0 *
Fa
0  1e-07 235 0

0101000
+1903 0 *
Ed
 1e-07 1 1 0
1  344 0 0 0.207261273637149
2  601 236 0 0 0.207261273637149
2  602 216 0 0 0.207261273637149
4 C0 216 0 236 0
0

0101000
+1993 0 -1906 0 *
Wi

0101100
-1986 0 -1904 0 -1901 0 *
Fa
0  1e-07 216 0

0101000
+1900 0 *
Ve
1e-07
-16.9182472229004 39.4574966430664 -118.249618530273
0 0

0101101
*
Ed
 1e-07 1 1 0
1  345 0 0 0.117011430730396
0

0101000
+1906 0 -1898 0 *
Ed
 1e-07 1 1 0
1  346 0 0 0.168545845591143
2  603 236 0 0 0.168545845591143
2  604 230 0 0 0.168545845591143
4 C0 236 0 230 0
0

0101000
+1898 0 -1993 0 *
Wi

0101100
+1901 0 +1897 0 +1896 0 *
Fa
0  1e-07 236 0

0101000
+1895 0 *
Ed
 1e-07 1 1 0
1  347 0 0 0.274562791411597
2  605 230 0 0 0.274562791411597
2  606 237 0 0 0.274562791411597
4 C0 230 0 237 0
0

0101000
+1898 0 -1954 0 *
Wi

0101100
+1893 0 -1930 0 -1896 0 *
Fa
0  1e-07 230 0

0101000
+1892 0 *
Ve
1e-07
-16.8953723907471 39.4574966430664 -118.364486694336
0 0

0101101
*
Ed
 1e-07 1 1 0
1  348 0 0 0.117123665674927
0

0101000
+1898 0 -1890 0 *
Ed
 1e-07 1 1 0
1  349 0 0 0.163261106567811
2  607 237 0 0 0.163261106567811
2  608 238 0 0 0.163261106567811
4 C0 237 0 238 0
0

0101000
+1890 0 -1954 0 *
Wi

0101100
+1889 0 +1888 0 -1893 0 *
Fa
0  1e-07 237 0

0101000
+1887 0 *
Ve
1e-07
-16.8303718566895 39.4574966430664 -118.461860656738
0 0

0101101
*
Ed
 1e-07 1 1 0
1  350 0 0 0.117075864215083
0

0101000
+1890 0 -1885 0 *
Ed
 1e-07 1 1 0
1  351 0 0 0.106284759090495
2  609 238 0 0 0.106284759090495
2  610 239 0 0 0.106284759090495
4 C0 238 0 239 0
0

0101000
+1885 0 -1954 0 *
Wi

0101100
-1888 0 +1884 0 +1883 0 *
Fa
0  1e-07 238 0

0101000
+1882 0 *
Ve
1e-07
-16.7329978942871 39.4574966430664 -118.526863098145
0 0

0101101
*
Ed
 1e-07 1 1 0
1  352 0 0 0.177898571112078
2  611 224 0 0 0.177898571112078
2  612 239 0 0 0.177898571112078
4 C0 224 0 239 0
0

0101000
+1954 0 -1880 0 *
Ed
 1e-07 1 1 0
1  353 0 0 0.144696733342193
2  613 224 0 0 0.144696733342193
2  614 240 0 0 0.144696733342193
4 C0 224 0 240 0
0

0101000
+1880 0 -1962 0 *
Wi

0101100
+1879 0 +1878 0 -1952 0 *
Fa
0  1e-07 224 0

0101000
+1877 0 *
Ed
 1e-07 1 1 0
1  354 0 0 0.117076923186023
0

0101000
+1885 0 -1880 0 *
Wi

0101100
-1883 0 +1875 0 -1879 0 *
Fa
0  1e-07 239 0

0101000
+1874 0 *
Ve
1e-07
-16.5033721923828 39.4574966430664 -118.526863098145
0 0

0101101
*
Ed
 1e-07 1 1 0
1  355 0 0 0.228830081683308
2  615 220 0 0 0.228830081683308
2  616 241 0 0 0.228830081683308
4 CN 220 0 241 0
0

0101000
+1872 0 -1975 0 *
Ed
 1e-07 1 1 0
1  356 0 0 0.275865317849757
2  617 242 0 0 0.275865317849757
2  618 220 0 0 0.275865317849757
4 CN 220 0 242 0
0

0101000
+1872 0 -1970 0 *
Wi

0101100
+1871 0 -1968 0 -1870 0 *
Fa
0  1e-07 220 0

0101000
+1869 0 *
Ve
1e-07
-16.6182479858398 39.4574966430664 -118.549743652344
0 0

0101101
*
Ed
 1e-07 1 1 0
1  357 0 0 0.189550481224363
2  619 242 0 0 0.189550481224363
2  620 222 0 0 0.189550481224363
4 C0 242 0 222 0
0

0101000
+1970 0 -1867 0 *
Ed
 1e-07 1 1 0
1  358 0 0 0.117132265763307
0

0101000
+1867 0 -1872 0 *
Wi

0101100
+1870 0 +1866 0 +1865 0 *
Fa
0  1e-07 242 0

0101000
+1864 0 *
Ed
 1e-07 1 1 0
1  359 0 0 0.22276586043774
2  621 240 0 0 0.22276586043774
2  622 222 0 0 0.22276586043774
4 C0 240 0 222 0
0

0101000
+1867 0 -1962 0 *
Ed
 1e-07 1 1 0
1  360 0 0 0.117008808425346
0

0101000
+1880 0 -1867 0 *
Wi

0101100
+1862 0 -1878 0 +1861 0 *
Fa
0  1e-07 240 0

0101000
+1860 0 *
Wi

0101100
-1866 0 -1960 0 -1862 0 *
Fa
0  1e-07 222 0

0101000
+1858 0 *
Ve
1e-07
-16.4061241149902 39.4574966430664 -118.461738586426
0 0

0101101
*
Ed
 1e-07 1 1 0
1  361 0 0 0.324441311792673
2  623 232 0 0 0.324441311792673
2  624 241 0 0 0.324441311792673
4 CN 232 0 241 0
0

0101000
+1975 0 -1856 0 *
Ed
 1e-07 1 1 0
1  362 0 0 0.312453339962213
2  625 232 0 0 0.312453339962213
2  626 243 0 0 0.312453339962213
4 CN 232 0 243 0
0

0101000
+1856 0 -1924 0 *
Wi

0101100
+1855 0 +1854 0 -1923 0 *
Fa
0  1e-07 232 0

0101000
+1853 0 *
Ed
 1e-07 1 1 0
1  363 0 0 0.117040123817255
0

0101000
+1872 0 -1856 0 *
Wi

0101100
-1871 0 +1851 0 -1855 0 *
Fa
0  1e-07 241 0

0101000
+1850 0 *
Ve
0.0784465096638107
-16.3050056521726 39.4474964141846 -118.364474275927
0 0

0101101
*
Ed
 1e-07 1 1 0
1  364 0 0 0.117044354736121
0

0101000
+1856 0 -1848 0 *
Ed
 1e-07 1 1 0
1  365 0 0 0.390366937509563
2  627 243 0 0 0.390366937509563
2  628 244 0 0 0.390366937509563
4 CN 243 0 244 0
0

0101000
+1848 0 -1924 0 *
Wi

0101100
-1854 0 +1847 0 +1846 0 *
Fa
0  1e-07 243 0

0101000
+1845 0 *
Ve
0.0784465096638107
-16.2936509938442 39.4474964141846 -118.249610043259
0 0

0101101
*
Ed
 1e-07 1 1 0
1  366 0 0 0.502598669842495
2  629 244 0 0 0.502598669842495
2  630 245 0 0 0.502598669842495
4 C0 244 0 245 0
0

0101000
+1843 0 -1924 0 *
Ed
 0.0784465096638107 1 1 0
1  367 0 0 0.117099144792905
2  631 244 0 0 0.117099144792905
2  632 246 0 0 0.117099144792905
4 C0 244 0 246 0
0

0101000
+1848 0 -1843 0 *
Wi

0101100
+1842 0 -1846 0 +1841 0 *
Fa
0  1e-07 244 0

0101000
+1840 0 *
Ve
1e-07
-16.9569988250732 39.4374961853027 -118.249740600586
0 0

0101101
*
Ed
 1e-07 1 1 0
1  368 0 0 0.629528688097027
2  633 188 0 0 0.629528688097027
2  634 247 0 0 0.629528688097027
4 CN 188 0 247 0
0

0101000
+1838 0 -2060 0 *
Ed
 1e-07 1 1 0
1  369 0 0 0.5625
2  635 188 0 0 0.5625
2  636 248 0 0 0.5625
4 C0 188 0 248 0
0

0101000
+2068 0 -1838 0 *
Wi

0101100
+1837 0 -2059 0 +1836 0 *
Fa
0  1e-07 188 0

0101000
+1835 0 *
Ve
1e-07
-16.9201240539551 39.4374961853027 -117.96949005127
0 0

0101101
*
Ed
 1e-07 1 1 0
1  370 0 0 0.282666091240468
2  637 247 0 0 0.282666091240468
2  638 249 0 0 0.282666091240468
4 C0 247 0 249 0
0

0101000
+1838 0 -1833 0 *
Ed
 1e-07 1 1 0
1  371 0 0 0.5625
2  639 247 0 0 0.5625
2  640 192 0 0 0.5625
4 C0 247 0 192 0
0

0101000
+1833 0 -2060 0 *
Wi

0101100
+1832 0 +1831 0 -1837 0 *
Fa
0  1e-07 247 0

0101000
+1830 0 *
Ed
 1e-07 1 1 0
1  372 0 0 0.62953490897505
2  641 192 0 0 0.62953490897505
2  642 250 0 0 0.62953490897505
4 CN 192 0 250 0
0

0101000
+1833 0 -2073 0 *
Wi

0101100
+1828 0 -2050 0 -1831 0 *
Fa
0  1e-07 192 0

0101000
+1827 0 *
Ed
 1e-07 1 1 0
1  373 0 0 0.282679945553668
2  643 250 0 0 0.282679945553668
2  644 175 0 0 0.282679945553668
4 C0 250 0 175 0
0

0101000
+1833 0 -2091 0 *
Ed
 1e-07 1 1 0
1  374 0 0 0.5625
2  645 250 0 0 0.5625
2  646 182 0 0 0.5625
4 C0 250 0 182 0
0

0101000
+2091 0 -2073 0 *
Wi

0101100
+1825 0 +1824 0 -1828 0 *
Fa
0  1e-07 250 0

0101000
+1823 0 *
Ve
1e-07
-16.5557479858398 39.4374961853027 -118.769607543945
0 0

0101101
*
Ed
 1e-07 1 1 0
1  375 0 0 0.583219059069197
2  647 199 0 0 0.583219059069197
2  648 251 0 0 0.583219059069197
4 CN 199 0 251 0
0

0101000
+1821 0 -2033 0 *
Ed
 1e-07 1 1 0
1  376 0 0 0.5625
2  649 199 0 0 0.5625
2  650 252 0 0 0.5625
4 C0 199 0 252 0
0

0101000
+2041 0 -1821 0 *
Wi

0101100
+1820 0 -2032 0 +1819 0 *
Fa
0  1e-07 199 0

0101000
+1818 0 *
Ve
1e-07
-16.7068729400635 39.4374961853027 -118.739616394043
0 0

0101101
*
Ed
 1e-07 1 1 0
1  377 0 0 0.154072128762992
2  651 251 0 0 0.154072128762992
2  652 253 0 0 0.154072128762992
4 C0 251 0 253 0
0

0101000
+1821 0 -1816 0 *
Ed
 1e-07 1 1 0
1  378 0 0 0.5625
2  653 251 0 0 0.5625
2  654 203 0 0 0.5625
4 C0 251 0 203 0
0

0101000
+1816 0 -2033 0 *
Wi

0101100
+1815 0 +1814 0 -1820 0 *
Fa
0  1e-07 251 0

0101000
+1813 0 *
Ed
 1e-07 1 1 0
1  379 0 0 0.583227354678176
2  655 203 0 0 0.583227354678176
2  656 254 0 0 0.583227354678176
4 CN 203 0 254 0
0

0101000
+1816 0 -2023 0 *
Wi

0101100
+1811 0 -2022 0 -1814 0 *
Fa
0  1e-07 203 0

0101000
+1810 0 *
Ve
1e-07
-16.8349990844727 39.4374961853027 -118.653991699219
0 0

0101101
*
Ed
 1e-07 1 1 0
1  380 0 0 0.154103527684809
2  657 254 0 0 0.154103527684809
2  658 255 0 0 0.154103527684809
4 C0 254 0 255 0
0

0101000
+1816 0 -1808 0 *
Ed
 1e-07 1 1 0
1  381 0 0 0.5625
2  659 254 0 0 0.5625
2  660 207 0 0 0.5625
4 C0 254 0 207 0
0

0101000
+1808 0 -2023 0 *
Wi

0101100
+1807 0 +1806 0 -1811 0 *
Fa
0  1e-07 254 0

0101000
+1805 0 *
Ed
 1e-07 1 1 0
1  382 0 0 0.583227773696515
2  661 207 0 0 0.583227773696515
2  662 256 0 0 0.583227773696515
4 CN 207 0 256 0
0

0101000
+1808 0 -2046 0 *
Wi

0101100
+1803 0 -2013 0 -1806 0 *
Fa
0  1e-07 207 0

0101000
+1802 0 *
Ve
1e-07
-16.9206237792969 39.4374961853027 -118.525863647461
0 0

0101101
*
Ed
 1e-07 1 1 0
1  383 0 0 0.15410511351345
2  663 256 0 0 0.15410511351345
2  664 257 0 0 0.15410511351345
4 C0 256 0 257 0
0

0101000
+1808 0 -1800 0 *
Ed
 1e-07 1 1 0
1  384 0 0 0.5625
2  665 256 0 0 0.5625
2  666 193 0 0 0.5625
4 C0 256 0 193 0
0

0101000
+1800 0 -2046 0 *
Wi

0101100
+1799 0 +1798 0 -1803 0 *
Fa
0  1e-07 256 0

0101000
+1797 0 *
Ve
1e-07
-16.70924949646 39.4374961853027 -117.455612182617
0 0

0101101
*
Ed
 1e-07 1 1 0
1  385 0 0 0.583003733373973
2  667 178 0 0 0.583003733373973
2  668 258 0 0 0.583003733373973
4 CN 178 0 258 0
0

0101000
+1795 0 -2083 0 *
Ed
 1e-07 1 1 0
1  386 0 0 0.5625
2  669 178 0 0 0.5625
2  670 259 0 0 0.5625
4 C0 178 0 259 0
0

0101000
+2085 0 -1795 0 *
Wi

0101100
+1794 0 -2082 0 +1793 0 *
Fa
0  1e-07 178 0

0101000
+1792 0 *
Ve
1e-07
-16.6433734893799 39.4374961853027 -117.317237854004
0 0

0101101
*
Ed
 1e-07 1 1 0
1  387 0 0 0.153255026436299
2  671 258 0 0 0.153255026436299
2  672 260 0 0 0.153255026436299
4 C0 258 0 260 0
0

0101000
+1795 0 -1790 0 *
Ve
1e-07
-16.6433734893799 39.4526214599609 -117.317237854004
0 0

0101101
*
Ed
 1e-07 1 1 0
1  388 0 0 0.0151252746582031
2  673 258 0 0 0.0151252746582031
2  674 261 0 0 0.0151252746582031
4 C0 258 0 261 0
0

0101000
+1790 0 -1788 0 *
Ve
1e-07
-16.6433734893799 39.4937438964844 -117.317237854004
0 0

0101101
*
Ed
 1e-07 1 1 0
1  389 0 0.0562553405761719 0.0973777770996094
2  675 261 0 0.0562553405761719 0.0973777770996094
2  676 258 0 0.0562553405761719 0.0973777770996094
4 C0 258 0 261 0
0

0101000
+1786 0 -1788 0 *
Ve
1e-07
-16.6433734893799 39.5499992370605 -117.317237854004
0 0

0101101
*
Ed
 1e-07 1 1 0
1  388 0 0.0562477111816406 0.112503051757812
2  677 258 0 0.0562477111816406 0.112503051757812
2  678 261 0 0.0562477111816406 0.112503051757812
4 C0 258 0 261 0
0

0101000
+1786 0 -1784 0 *
Ed
 1e-07 1 1 0
1  388 0 0.112503051757812 0.5625
2  679 258 0 0.112503051757812 0.5625
2  680 262 0 0.112503051757812 0.5625
4 C0 258 0 262 0
0

0101000
+1784 0 -2083 0 *
Wi

0101100
+1789 0 +1787 0 -1785 0 +1783 0 +1782 0 -1794 0 *
Fa
0  1e-07 258 0

0101000
+1781 0 *
Ed
 1e-07 1 1 0
1  390 0 0 0.627672949051308
2  681 193 0 0 0.627672949051308
2  682 248 0 0 0.627672949051308
4 CN 193 0 248 0
0

0101000
+1800 0 -2068 0 *
Wi

0101100
+1779 0 -2045 0 -1798 0 *
Fa
0  1e-07 193 0

0101000
+1778 0 *
Ed
 1e-07 1 1 0
1  391 0 0 0.278508673062018
2  683 248 0 0 0.278508673062018
2  684 263 0 0 0.278508673062018
4 C0 248 0 263 0
0

0101000
+1800 0 -1838 0 *
Wi

0101100
+1776 0 -1836 0 -1779 0 *
Fa
0  1e-07 248 0

0101000
+1775 0 *
Ed
 1e-07 1 1 0
1  392 0 0 0.625154830382973
2  685 182 0 0 0.625154830382973
2  686 259 0 0 0.625154830382973
4 CN 182 0 259 0
0

0101000
+2091 0 -2085 0 *
Wi

0101100
+1773 0 -2072 0 -1824 0 *
Fa
0  1e-07 182 0

0101000
+1772 0 *
Ed
 1e-07 1 1 0
1  393 0 0 0.272786201907582
2  687 259 0 0 0.272786201907582
2  688 174 0 0 0.272786201907582
4 C0 259 0 174 0
0

0101000
+2091 0 -1795 0 *
Wi

0101100
+1770 0 -1793 0 -1773 0 *
Fa
0  1e-07 259 0

0101000
+1769 0 *
Ve
1e-07
-16.2688732147217 39.4374961853027 -118.771362304688
0 0

0101101
*
Ed
 1e-07 1 1 0
1  394 0 0 0.631432073535516
2  689 211 0 0 0.631432073535516
2  690 252 0 0 0.631432073535516
4 CN 211 0 252 0
0

0101000
+1767 0 -2041 0 *
Ed
 1e-07 1 1 0
1  395 0 0 0.5625
0

0101000
+2003 0 -1767 0 *
Wi

0101100
+1766 0 -2001 0 +1765 0 *
Fa
0  1e-07 211 0

0101000
+1764 0 *
Ed
 1e-07 1 1 0
1  396 0 0 0.286880137843946
2  691 252 0 0 0.286880137843946
2  692 264 0 0 0.286880137843946
4 C0 252 0 264 0
0

0101000
+1767 0 -1821 0 *
Wi

0101100
+1762 0 -1819 0 -1766 0 *
Fa
0  1e-07 252 0

0101000
+1761 0 *
Ed
 1e-07 1 1 0
1  397 0 0 0.631057466408365
2  693 174 0 0 0.631057466408365
2  694 265 0 0 0.631057466408365
4 C0 174 0 265 0
0

0101000
+2570 0 -1795 0 *
Wi

0101100
+1759 0 -1770 0 +2090 0 *
Fa
0  1e-07 174 0

0101000
+1758 0 *
Ve
1e-07
-16.7377490997314 39.2074966430664 -117.960861206055
0 0

0101101
*
Ed
 1e-07 1 1 0
1  398 0 0 0.121996339453234
0

0101000
+2570 0 -1756 0 *
Ed
 1e-07 1 1 0
1  399 0 0 0.555867423492419
2  695 265 0 0 0.555867423492419
2  696 266 0 0 0.555867423492419
4 C0 265 0 266 0
0

0101000
+1756 0 -1795 0 *
Wi

0101100
+1755 0 +1754 0 -1759 0 *
Fa
0  1e-07 265 0

0101000
+1753 0 *
Ed
 1e-07 1 1 0
1  400 0 0 0.280846352033683
2  697 175 0 0 0.280846352033683
2  698 249 0 0 0.280846352033683
4 C0 175 0 249 0
0

0101000
+1833 0 -2578 0 *
Wi

0101100
+2089 0 -1825 0 +1751 0 *
Fa
0  1e-07 175 0

0101000
+1750 0 *
Ed
 1e-07 1 1 0
1  401 0 0 0.264051874642191
2  699 267 0 0 0.264051874642191
2  700 249 0 0 0.264051874642191
4 C0 249 0 267 0
0

0101000
+2578 0 -1838 0 *
Wi

0101100
-1751 0 -1832 0 -1748 0 *
Fa
0  1e-07 249 0

0101000
+1747 0 *
Ve
1e-07
-16.9307479858398 39.2074966430664 -118.249740600586
0 0

0101101
*
Ed
 1e-07 1 1 0
1  402 0 0 0.231492755803239
2  701 267 0 0 0.231492755803239
2  702 263 0 0 0.231492755803239
4 C0 267 0 263 0
0

0101000
+1838 0 -1745 0 *
Ed
 1e-07 1 1 0
1  403 0 0 0.121987936254157
0

0101000
+1745 0 -2578 0 *
Wi

0101100
+1748 0 +1744 0 +1743 0 *
Fa
0  1e-07 267 0

0101000
+1742 0 *
Ed
 1e-07 1 1 0
1  404 0 0 0.359508311451319
2  703 268 0 0 0.359508311451319
2  704 263 0 0 0.359508311451319
4 C0 263 0 268 0
0

0101000
+1745 0 -1800 0 *
Wi

0101100
-1744 0 -1776 0 -1740 0 *
Fa
0  1e-07 263 0

0101000
+1739 0 *
Ve
1e-07
-16.9068737030029 39.2074966430664 -118.369232177734
0 0

0101101
*
Ed
 1e-07 1 1 0
1  405 0 0 0.278607737393836
2  705 268 0 0 0.278607737393836
2  706 257 0 0 0.278607737393836
4 C0 268 0 257 0
0

0101000
+1800 0 -1737 0 *
Ed
 1e-07 1 1 0
1  406 0 0 0.121853265817531
0

0101000
+1737 0 -1745 0 *
Wi

0101100
+1740 0 +1736 0 +1735 0 *
Fa
0  1e-07 268 0

0101000
+1734 0 *
Ed
 1e-07 1 1 0
1  407 0 0 0.373033155756701
2  707 269 0 0 0.373033155756701
2  708 257 0 0 0.373033155756701
4 C0 257 0 269 0
0

0101000
+1737 0 -1808 0 *
Wi

0101100
-1736 0 -1799 0 -1732 0 *
Fa
0  1e-07 257 0

0101000
+1731 0 *
Ed
 1e-07 1 1 0
1  408 0 0 0.294185426544001
2  709 269 0 0 0.294185426544001
2  710 255 0 0 0.294185426544001
4 C0 269 0 255 0
0

0101000
+1808 0 -2602 0 *
Ed
 1e-07 1 1 0
1  409 0 0 0.121934286637968
0

0101000
+2602 0 -1737 0 *
Wi

0101100
+1732 0 +1729 0 +1728 0 *
Fa
0  1e-07 269 0

0101000
+1727 0 *
Ed
 1e-07 1 1 0
1  410 0 0 0.377827211398229
2  711 255 0 0 0.377827211398229
2  712 58 0 0 0.377827211398229
4 C0 255 0 58 0
0

0101000
+1816 0 -2602 0 *
Wi

0101100
+1725 0 -1729 0 -1807 0 *
Fa
0  1e-07 255 0

0101000
+1724 0 *
Ed
 1e-07 1 1 0
1  411 0 0 0.307170884311328
2  713 58 0 0 0.307170884311328
2  714 253 0 0 0.307170884311328
4 C0 58 0 253 0
0

0101000
+1816 0 -2610 0 *
Wi

0101100
+1722 0 -2600 0 -1725 0 *
Fa
0  1e-07 58 0

0101000
+1721 0 *
Ed
 1e-07 1 1 0
1  412 0 0 0.373491388746558
2  715 270 0 0 0.373491388746558
2  716 253 0 0 0.373491388746558
4 C0 253 0 270 0
0

0101000
+2610 0 -1821 0 *
Wi

0101100
-1722 0 -1815 0 -1719 0 *
Fa
0  1e-07 253 0

0101000
+1718 0 *
Ve
1e-07
-16.6182479858398 39.2074966430664 -118.562232971191
0 0

0101101
*
Ed
 1e-07 1 1 0
1  413 0 0 0.315927606982653
2  717 270 0 0 0.315927606982653
2  718 264 0 0 0.315927606982653
4 C0 270 0 264 0
0

0101000
+1821 0 -1716 0 *
Ed
 1e-07 1 1 0
1  414 0 0 0.121860749741058
0

0101000
+1716 0 -2610 0 *
Wi

0101100
+1719 0 +1715 0 +1714 0 *
Fa
0  1e-07 270 0

0101000
+1713 0 *
Ed
 1e-07 1 1 0
1  415 0 0 0.467651150165709
2  719 271 0 0 0.467651150165709
2  720 264 0 0 0.467651150165709
4 C0 264 0 271 0
0

0101000
+1716 0 -1767 0 *
Wi

0101100
-1715 0 -1762 0 -1711 0 *
Fa
0  1e-07 264 0

0101000
+1710 0 *
Ed
 1e-07 1 1 0
1  416 0 0 0.399963680617699
2  721 271 0 0 0.399963680617699
2  722 84 0 0 0.399963680617699
4 C0 271 0 84 0
0

0101000
+1767 0 -2498 0 *
Ed
 1e-07 1 1 0
1  417 0 0 0.121982329192056
0

0101000
+2498 0 -1716 0 *
Wi

0101100
+1711 0 +1708 0 +1707 0 *
Fa
0  1e-07 271 0

0101000
+1706 0 *
Ed
 1e-07 1 1 0
1  418 0 0 0.399788321444078
2  723 84 0 0 0.399788321444078
2  724 82 0 0 0.399788321444078
4 C0 84 0 82 0
0

0101000
+1767 0 -2506 0 *
Wi

0101100
-1708 0 +1704 0 -2496 0 *
Fa
0  1e-07 84 0

0101000
+1703 0 *
Ed
 1e-07 1 1 0
1  419 0 0 0.467208549052673
2  725 82 0 0 0.467208549052673
2  726 80 0 0 0.467208549052673
4 C0 82 0 80 0
0

0101000
+1767 0 -2514 0 *
Wi

0101100
-1704 0 +1701 0 -2504 0 *
Fa
0  1e-07 82 0

0101000
+1700 0 *
Ed
 1e-07 1 1 0
1  420 0 0 0.571380998094525
2  727 80 0 0 0.571380998094525
2  728 246 0 0 0.571380998094525
4 C0 80 0 246 0
0

0101000
+1767 0 -2522 0 *
Wi

0101100
+1698 0 -2512 0 -1701 0 *
Fa
0  1e-07 80 0

0101000
+1697 0 *
Ve
1e-07
-16.2879981994629 39.9999961853027 -117.317489624023
0 0

0101101
*
Ed
 1e-07 1 1 0
1  421 0 0 1.53306396860099
2  729 233 0 0 1.53306396860099
2  730 272 0 0 1.53306396860099
4 CN 233 0 272 0
0

0101000
+1924 0 -1695 0 *
Ed
 1e-07 1 1 0
1  422 0 0 1.43386867547066
2  731 233 0 0 1.43386867547066
2  732 273 0 0 1.43386867547066
4 C0 233 0 273 0
0

0101000
+1695 0 -1998 0 *
Wi

0101100
+1694 0 +1693 0 -1922 0 *
Fa
0  1e-07 233 0

0101000
+1692 0 *
Ve
1e-07
-16.2879981994629 39.6312484741211 -117.317489624023
0 0

0101101
*
Ed
 1e-07 1 1 0
1  423 0 0 1.44435766944716
2  733 272 0 0 1.44435766944716
2  734 245 0 0 1.44435766944716
4 C0 272 0 245 0
0

0101000
+1924 0 -1690 0 *
Ed
 1e-07 1 1 0
1  424 0 0 0.368747711181641
2  735 272 0 0 0.368747711181641
2  736 274 0 0 0.368747711181641
4 C0 272 0 274 0
0

0101000
+1690 0 -1695 0 *
Wi

0101100
+1689 0 +1688 0 -1694 0 *
Fa
0  1e-07 272 0

0101000
+1687 0 *
Ve
1e-07
-16.2679977416992 39.9999961853027 -117.317489624023
0 0

0101101
*
Ed
 1e-07 1 1 0
1  425 0 0 1.43402036824069
2  737 213 0 0 1.43402036824069
2  738 273 0 0 1.43402036824069
4 CN 213 0 273 0
0

0101000
+1998 0 -1685 0 *
Ed
 1e-07 1 1 0
1  426 0 0 1.45387294425418
0

0101000
+1685 0 -2003 0 *
Wi

0101100
+1684 0 +1683 0 -1996 0 *
Fa
0  1e-07 213 0

0101000
+1682 0 *
Ed
 1e-07 1 1 0
1  427 0 0 0.0200004577636719
2  739 273 0 0 0.0200004577636719
2  740 275 0 0 0.0200004577636719
4 CN 273 0 275 0
0

0101000
+1695 0 -1685 0 *
Wi

0101100
-1693 0 +1680 0 -1684 0 *
Fa
0  1e-07 273 0

0101000
+1679 0 *
Ve
1e-07
-16.6807479858398 39.4374961853027 -117.455863952637
0 0

0101101
*
Ed
 1e-07 1 1 0
1  428 0 0 0.557827161738738
2  741 266 0 0 0.557827161738738
2  742 276 0 0 0.557827161738738
4 C0 266 0 276 0
0

0101000
+1756 0 -1677 0 *
Ed
 1e-07 1 1 0
1  429 0 0 0.028502622612163
2  743 266 0 0 0.028502622612163
2  744 260 0 0 0.028502622612163
4 C0 266 0 260 0
0

0101000
+1677 0 -1795 0 *
Wi

0101100
+1676 0 +1675 0 -1754 0 *
Fa
0  1e-07 266 0

0101000
+1674 0 *
Ed
 1e-07 1 1 0
1  430 0 0 0.121838389751655
0

0101000
+1756 0 -2554 0 *
Ed
 1e-07 1 1 0
1  431 0 0 0.537033206255758
2  745 276 0 0 0.537033206255758
2  746 277 0 0 0.537033206255758
4 C0 276 0 277 0
0

0101000
+2554 0 -1677 0 *
Wi

0101100
+1672 0 +1671 0 -1676 0 *
Fa
0  1e-07 276 0

0101000
+1670 0 *
Ed
 1e-07 1 1 0
1  432 0 0 0.143575931854158
2  747 260 0 0 0.143575931854158
2  748 278 0 0 0.143575931854158
4 CN 260 0 278 0
0

0101000
+1677 0 -1790 0 *
Wi

0101100
+1668 0 -1789 0 -1675 0 *
Fa
0  1e-07 260 0

0101000
+1667 0 *
Ve
1e-07
-16.2693748474121 39.4374961853027 -117.317489624023
0 0

0101101
*
Ed
 1e-07 1 1 0
1  433 0 0 0.960774287359406
2  749 246 0 0 0.960774287359406
2  750 78 0 0 0.960774287359406
4 C0 246 0 78 0
0

0101000
+1665 0 -2522 0 *
Ed
 1e-07 1 1 0
1  434 0 0 0.406900471389943
2  751 246 0 0 0.406900471389943
0

0101000
+1767 0 -1848 0 *
Ve
0.0783663608557757
-16.3050452656247 39.4474964141846 -118.134852402388
0 0

0101101
*
Ed
 0.0783663608557757 1 1 0
1  435 0 0 0.116986886323519
2  752 279 0 0 0.116986886323519
2  753 246 0 0 0.116986886323519
4 C0 246 0 279 0
0

0101000
+1843 0 -1662 0 *
Ed
 1e-07 1 1 0
1  434 0 0.636522344929063 1.45387276720374
2  754 246 0 0.636522344929063 1.45387276720374
0

0101000
+1662 0 -1665 0 *
Wi

0101100
+1664 0 -1698 0 +1663 0 +1841 0 +1661 0 +1660 0 *
Fa
0  1e-07 246 0

0101000
+1659 0 *
Ve
1e-07
-16.5033721923828 39.4574966430664 -117.972496032715
0 0

0101101
*
Ed
 1e-07 1 1 0
1  436 0 0 0.711061917872094
2  755 280 0 0 0.711061917872094
2  756 281 0 0 0.711061917872094
4 C0 280 0 281 0
0

0101000
+1690 0 -1657 0 *
Ve
1e-07
-16.6182479858398 39.4574966430664 -117.949615478516
0 0

0101101
*
Ed
 1e-07 1 1 0
1  437 0 0 0.117132265763307
0

0101000
+1657 0 -1655 0 *
Ed
 1e-07 1 1 0
1  438 0 0 0.734055662817445
2  757 280 0 0 0.734055662817445
2  758 282 0 0 0.734055662817445
4 C0 280 0 282 0
0

0101000
+1655 0 -1690 0 *
Wi

0101100
+1656 0 +1654 0 +1653 0 *
Fa
0  1e-07 280 0

0101000
+1652 0 *
Ve
1e-07
-16.4061241149902 39.4574966430664 -118.037483215332
0 0

0101101
*
Ed
 1e-07 1 1 0
1  439 0 0 0.750022801146389
2  759 281 0 0 0.750022801146389
2  760 283 0 0 0.750022801146389
4 C0 281 0 283 0
0

0101000
+1690 0 -1650 0 *
Ed
 1e-07 1 1 0
1  440 0 0 0.116963765590342
0

0101000
+1650 0 -1657 0 *
Wi

0101100
-1656 0 +1649 0 +1648 0 *
Fa
0  1e-07 281 0

0101000
+1647 0 *
Ed
 1e-07 1 1 0
1  441 0 0 0.837317643058215
2  761 283 0 0 0.837317643058215
2  762 279 0 0 0.837317643058215
4 C0 283 0 279 0
0

0101000
+1690 0 -1662 0 *
Ed
 1e-07 1 1 0
1  442 0 0 0.117152144160632
0

0101000
+1662 0 -1650 0 *
Wi

0101100
+1645 0 +1644 0 -1649 0 *
Fa
0  1e-07 283 0

0101000
+1643 0 *
Ed
 1e-07 1 1 0
1  443 0 0 0.948667008172848
2  763 279 0 0 0.948667008172848
2  764 245 0 0 0.948667008172848
4 C0 279 0 245 0
0

0101000
+1690 0 -1843 0 *
Wi

0101100
-1645 0 +1641 0 +1661 0 *
Fa
0  1e-07 279 0

0101000
+1640 0 *
Ed
 1e-07 1 1 0
1  444 0 0 0.846681313753079
2  765 78 0 0 0.846681313753079
2  766 76 0 0 0.846681313753079
4 C0 78 0 76 0
0

0101000
+1665 0 -2530 0 *
Wi

0101100
-1664 0 +1638 0 -2520 0 *
Fa
0  1e-07 78 0

0101000
+1637 0 *
Ed
 1e-07 1 1 0
1  445 0 0 0.758364886521355
2  767 284 0 0 0.758364886521355
2  768 76 0 0 0.758364886521355
4 C0 76 0 284 0
0

0101000
+2538 0 -1665 0 *
Wi

0101100
-1638 0 -1635 0 -2528 0 *
Fa
0  1e-07 76 0

0101000
+1634 0 *
Ed
 1e-07 1 1 0
1  446 0 0 0.121925816189851
0

0101000
+2546 0 -2538 0 *
Ed
 1e-07 1 1 0
1  447 0 0 0.720797028312224
2  769 284 0 0 0.720797028312224
2  770 72 0 0 0.720797028312224
4 C0 284 0 72 0
0

0101000
+1665 0 -2546 0 *
Wi

0101100
+1632 0 +1635 0 +1631 0 *
Fa
0  1e-07 284 0

0101000
+1630 0 *
Ed
 1e-07 1 1 0
1  448 0 0 0.747357198986762
2  771 72 0 0 0.747357198986762
2  772 277 0 0 0.747357198986762
4 C0 72 0 277 0
0

0101000
+1665 0 -2554 0 *
Wi

0101100
+1628 0 -2544 0 -1631 0 *
Fa
0  1e-07 72 0

0101000
+1627 0 *
Ed
 1e-07 1 1 0
1  449 0 0 0.43402225039629
2  773 277 0 0 0.43402225039629
2  774 285 0 0 0.43402225039629
4 C0 277 0 285 0
0

0101000
+1665 0 -1677 0 *
Wi

0101100
+1625 0 -1671 0 -1628 0 *
Fa
0  1e-07 277 0

0101000
+1624 0 *
Wi

0101100
-1641 0 -1689 0 -1842 0 *
Fa
0  1e-07 245 0

0101000
+1622 0 *
Ve
1e-07
-16.4846248626709 39.4698715209961 -117.317237854004
0 0

0101101
*
Ed
 1e-07 1 1 0
1  450 0 0 0.646459385137444
2  775 286 0 0 0.646459385137444
2  776 282 0 0 0.646459385137444
4 C0 282 0 286 0
0

0101000
+1620 0 -1655 0 *
Ed
 1e-07 1 1 0
1  451 0 0 0.25437104605746
2  777 282 0 0 0.25437104605746
2  778 287 0 0 0.25437104605746
4 C0 282 0 287 0
0

0101000
+1620 0 -1690 0 *
Wi

0101100
-1653 0 -1619 0 +1618 0 *
Fa
0  1e-07 282 0

0101000
+1617 0 *
Ve
1e-07
-16.5771236419678 39.4698715209961 -117.317237854004
0 0

0101101
*
Ed
 1e-07 1 1 0
1  452 0 0 0.633834212744758
2  779 288 0 0 0.633834212744758
2  780 289 0 0 0.633834212744758
4 C0 288 0 289 0
0

0101000
+1615 0 -1655 0 *
Ve
1e-07
-16.6109981536865 39.5037460327148 -117.317237854004
0 0

0101101
*
Ed
 1e-07 1 1 0
1  453 0 0 0.634108055533273
2  781 288 0 0 0.634108055533273
2  782 290 0 0 0.634108055533273
4 C0 288 0 290 0
0

0101000
+1655 0 -1613 0 *
Ed
 1e-07 1 1 0
1  454 0 0 0.0479057938914226
2  783 288 0 0 0.0479057938914226
2  784 291 0 0 0.0479057938914226
4 C0 288 0 291 0
0

0101000
+1613 0 -1615 0 *
Wi

0101100
+1614 0 +1612 0 +1611 0 *
Fa
0  1e-07 288 0

0101000
+1610 0 *
Ve
1e-07
-16.5308723449707 39.4574966430664 -117.317237854004
0 0

0101101
*
Ed
 1e-07 1 1 0
1  455 0 0 0.0478781795569325
2  785 289 0 0 0.0478781795569325
2  786 292 0 0 0.0478781795569325
4 C0 289 0 292 0
0

0101000
+1615 0 -1608 0 *
Ed
 1e-07 1 1 0
1  456 0 0 0.638385434201296
2  787 289 0 0 0.638385434201296
2  788 286 0 0 0.638385434201296
4 C0 289 0 286 0
0

0101000
+1608 0 -1655 0 *
Wi

0101100
-1614 0 +1607 0 +1606 0 *
Fa
0  1e-07 289 0

0101000
+1605 0 *
Ed
 1e-07 1 1 0
1  457 0 0 0.0478744944918003
2  789 286 0 0 0.0478744944918003
2  790 293 0 0 0.0478744944918003
4 C0 286 0 293 0
0

0101000
+1608 0 -1620 0 *
Wi

0101100
+1619 0 -1606 0 +1603 0 *
Fa
0  1e-07 286 0

0101000
+1602 0 *
Ed
 1e-07 1 1 0
1  458 0 0 0.0478800220971131
2  791 290 0 0 0.0478800220971131
2  792 294 0 0 0.0478800220971131
4 C0 290 0 294 0
0

0101000
+1944 0 -1613 0 *
Ed
 1e-07 1 1 0
1  459 0 0 0.63912788702492
2  793 290 0 0 0.63912788702492
2  794 295 0 0 0.63912788702492
4 C0 290 0 295 0
0

0101000
+1655 0 -1944 0 *
Wi

0101100
+1600 0 -1612 0 +1599 0 *
Fa
0  1e-07 290 0

0101000
+1598 0 *
Ed
 1e-07 1 1 0
1  460 0 0 0.670773897210404
2  795 228 0 0 0.670773897210404
2  796 295 0 0 0.670773897210404
4 C0 228 0 295 0
0

0101000
+1944 0 -1914 0 *
Wi

0101100
+1596 0 -1909 0 -1942 0 *
Fa
0  1e-07 228 0

0101000
+1595 0 *
Ed
 1e-07 1 1 0
1  461 0 0 0.117008808425346
0

0101000
+1655 0 -1914 0 *
Wi

0101100
-1599 0 +1593 0 -1596 0 *
Fa
0  1e-07 295 0

0101000
+1592 0 *
Ed
 1e-07 1 1 0
1  462 0 0 0.261497618760763
2  797 285 0 0 0.261497618760763
2  798 5 0 0 0.261497618760763
4 CN 285 0 5 0
0

0101000
+1665 0 -2780 0 *
Ed
 1e-07 1 1 0
1  463 0 0 0.204156564793028
2  799 285 0 0 0.204156564793028
2  800 278 0 0 0.204156564793028
4 CN 285 0 278 0
0

0101000
+2780 0 -1677 0 *
Wi

0101100
-1625 0 +1590 0 +1589 0 *
Fa
0  1e-07 285 0

0101000
+1588 0 *
Ve
1e-07
-16.6283740997314 39.4937438964844 -117.317237854004
0 0

0101101
*
Ed
 1e-07 1 1 0
1  464 0 0 0.0582132863099045
2  801 296 0 0 0.0582132863099045
2  802 261 0 0 0.0582132863099045
4 CN 261 0 296 0
0

0101000
+1586 0 -1790 0 *
Ed
 1e-07 1 1 0
1  465 0 0 0.0582206581306562
2  803 261 0 0 0.0582206581306562
2  804 297 0 0 0.0582206581306562
4 C0 261 0 297 0
0

0101000
+1586 0 -1784 0 *
Wi

0101100
-1783 0 +1785 0 -1787 0 -1585 0 +1584 0 *
Fa
0  1e-07 261 0

0101000
+1583 0 *
Ve
1e-07
-16.5872478485107 39.4526214599609 -117.317237854004
0 0

0101101
*
Ed
 1e-07 1 1 0
1  466 0 0 0.0581279751622042
2  805 296 0 0 0.0581279751622042
2  806 298 0 0 0.0581279751622042
4 CN 296 0 298 0
0

0101000
+1790 0 -1581 0 *
Ed
 1e-07 1 1 0
1  467 0 0 0.0581586049101294
2  807 296 0 0 0.0581586049101294
2  808 299 0 0 0.0581586049101294
4 C0 296 0 299 0
0

0101000
+1581 0 -1586 0 *
Wi

0101100
+1580 0 +1579 0 +1585 0 *
Fa
0  1e-07 296 0

0101000
+1578 0 *
Ed
 1e-07 1 1 0
1  468 0 0 0.11250114440918
2  809 298 0 0 0.11250114440918
2  810 278 0 0 0.11250114440918
4 C0 298 0 278 0
0

0101000
+1790 0 -2780 0 *
Ed
 1e-07 1 1 0
1  469 0 0 0.0583692670236576
2  811 298 0 0 0.0583692670236576
2  812 300 0 0 0.0583692670236576
4 C0 298 0 300 0
0

0101000
+2780 0 -1581 0 *
Wi

0101100
+1576 0 +1575 0 -1580 0 *
Fa
0  1e-07 298 0

0101000
+1574 0 *
Wi

0101100
-1668 0 -1589 0 -1576 0 *
Fa
0  1e-07 278 0

0101000
+1572 0 *
Ed
 1e-07 1 1 0
1  470 0 0 0.00137710571289062
0

0101000
+1665 0 -2785 0 *
Wi

0101100
-1590 0 +1570 0 +2778 0 *
Fa
0  1e-07 5 0

0101000
+1569 0 *
Ve
1e-07
-16.2687473297119 39.6249961853027 -117.249992370605
0 0

0101101
*
Ed
 1e-07 1 1 0
1  471 0 0 0.0675014155492925
0

0101000
+2788 0 -1567 0 *
Ed
 1e-07 1 1 0
1  472 0 0 0.276804019674975
2  813 301 0 0 0.276804019674975
2  814 2 0 0 0.276804019674975
4 C0 2 0 301 0
0

0101000
+2787 0 -1567 0 *
Wi

0101100
-2786 0 +1566 0 -1565 0 *
Fa
0  1e-07 2 0

0101000
+1564 0 *
Ve
1e-07
-16.2887477874756 39.9999961853027 -117.249992370605
0 0

0101101
*
Ve
1e-07
-16.2687473297119 39.9999961853027 117.249992370605
0 0

0101101
*
Ed
 1e-07 1 1 0
1  473 0 0 234.499985594129
2  815 302 0 0 234.499985594129
2  816 303 0 0 234.499985594129
4 CN 302 0 303 0
0

0101000
+1562 0 -1561 0 *
Ve
1e-07
-16.2687473297119 39.9999961853027 -117.249992370605
0 0

0101101
*
Ed
 1e-07 1 1 0
1  474 0 0 234.499984741211
2  817 302 0 0 234.499984741211
2  818 304 0 0 234.499984741211
4 C0 302 0 304 0
0

0101000
+1561 0 -1559 0 *
Ed
 1e-07 1 1 0
1  475 0 0 0.0200004577636719
2  819 302 0 0 0.0200004577636719
2  820 305 0 0 0.0200004577636719
4 CN 302 0 305 0
0

0101000
+1559 0 -1562 0 *
Wi

0101100
+1560 0 +1558 0 +1557 0 *
Fa
0  1e-07 302 0

0101000
+1556 0 *
Ve
1e-07
-16.2887477874756 39.9999961853027 117.249992370605
0 0

0101101
*
Ed
 1e-07 1 1 0
1  476 0 0 234.499984741211
2  821 303 0 0 234.499984741211
2  822 306 0 0 234.499984741211
4 C0 303 0 306 0
0

0101000
+1562 0 -1554 0 *
Ed
 1e-07 1 1 0
1  477 0 0 0.0200004577636719
2  823 303 0 0 0.0200004577636719
2  824 307 0 0 0.0200004577636719
4 CN 303 0 307 0
0

0101000
+1554 0 -1561 0 *
Wi

0101100
+1553 0 +1552 0 -1560 0 *
Fa
0  1e-07 303 0

0101000
+1551 0 *
Ve
1e-07
-16.2687473297119 39.6249961853027 117.249992370605
0 0

0101101
*
Ed
 1e-07 1 1 0
1  478 0 0 0.375
0

0101000
+1561 0 -1549 0 *
Ed
 1e-07 1 1 0
1  479 0 0 234.500284581124
2  825 308 0 0 234.500284581124
2  826 304 0 0 234.500284581124
4 CN 304 0 308 0
0

0101000
+1559 0 -1549 0 *
Wi

0101100
-1558 0 +1548 0 -1547 0 *
Fa
0  1e-07 304 0

0101000
+1546 0 *
Ed
 1e-07 1 1 0
1  480 0 0 234.499984741211
2  827 308 0 0 234.499984741211
2  828 309 0 0 234.499984741211
4 C0 308 0 309 0
0

0101000
+1549 0 -1567 0 *
Ed
 1e-07 1 1 0
1  481 0 0 0.375
0

0101000
+1567 0 -1559 0 *
Wi

0101100
+1547 0 +1544 0 +1543 0 *
Fa
0  1e-07 308 0

0101000
+1542 0 *
Ve
1e-07
-16.4749984741211 39.4526214599609 117.249992370605
0 0

0101101
*
Ed
 1e-07 1 1 0
1  482 0 0 0.268798401235491
2  829 309 0 0 0.268798401235491
2  830 310 0 0 0.268798401235491
4 C0 309 0 310 0
0

0101000
+1549 0 -1540 0 *
Ed
 1e-07 1 1 0
1  483 0 0 234.500138797845
2  831 311 0 0 234.500138797845
2  832 309 0 0 234.500138797845
4 CN 309 0 311 0
0

0101000
+1567 0 -1540 0 *
Wi

0101100
-1544 0 +1539 0 -1538 0 *
Fa
0  1e-07 309 0

0101000
+1537 0 *
Ve
1e-07
-16.6286239624023 39.4937438964844 -117.249992370605
0 0

0101101
*
Ve
1e-07
-16.6437492370605 39.5499992370605 117.249992370605
0 0

0101101
*
Ed
 1e-07 1 1 0
1  484 0 0 234.499991976685
2  833 312 0 0 234.499991976685
2  834 313 0 0 234.499991976685
4 CN 312 0 313 0
0

0101000
+1535 0 -1534 0 *
Ve
1e-07
-16.6437492370605 39.5499992370605 -117.249992370605
0 0

0101101
*
Ed
 1e-07 1 1 0
1  485 0 0 234.499984741211
2  835 312 0 0 234.499984741211
2  836 314 0 0 234.499984741211
4 C0 312 0 314 0
0

0101000
+1534 0 -1532 0 *
Ed
 1e-07 1 1 0
1  486 0 0 0.0582532168796468
2  837 312 0 0 0.0582532168796468
2  838 315 0 0 0.0582532168796468
4 C0 312 0 315 0
0

0101000
+1532 0 -1535 0 *
Wi

0101100
+1533 0 +1531 0 +1530 0 *
Fa
0  1e-07 312 0

0101000
+1529 0 *
Ve
1e-07
-16.6286239624023 39.4937438964844 117.249992370605
0 0

0101101
*
Ed
 1e-07 1 1 0
1  487 0 0 234.499984741211
2  839 313 0 0 234.499984741211
2  840 316 0 0 234.499984741211
4 C0 313 0 316 0
0

0101000
+1535 0 -1527 0 *
Ed
 1e-07 1 1 0
1  488 0 0 0.0582532168796468
2  841 313 0 0 0.0582532168796468
2  842 317 0 0 0.0582532168796468
4 C0 313 0 317 0
0

0101000
+1527 0 -1534 0 *
Wi

0101100
+1526 0 +1525 0 -1533 0 *
Fa
0  1e-07 313 0

0101000
+1524 0 *
Ve
1e-07
-16.5874996185303 39.4526214599609 -117.249992370605
0 0

0101101
*
Ed
 1e-07 1 1 0
1  489 0 0 234.499991952867
2  843 316 0 0 234.499991952867
2  844 318 0 0 234.499991952867
4 CN 316 0 318 0
0

0101000
+1522 0 -1527 0 *
Ed
 1e-07 1 1 0
1  490 0 0 0.0581572561640629
2  845 316 0 0 0.0581572561640629
2  846 319 0 0 0.0581572561640629
4 C0 316 0 319 0
0

0101000
+1535 0 -1522 0 *
Wi

0101100
+1521 0 -1526 0 +1520 0 *
Fa
0  1e-07 316 0

0101000
+1519 0 *
Ve
1e-07
-16.5874996185303 39.4526214599609 117.249992370605
0 0

0101101
*
Ed
 1e-07 1 1 0
1  491 0 0 234.499984741211
2  847 318 0 0 234.499984741211
2  848 320 0 0 234.499984741211
4 C0 318 0 320 0
0

0101000
+1522 0 -1517 0 *
Ed
 1e-07 1 1 0
1  492 0 0 0.0581572561640629
2  849 318 0 0 0.0581572561640629
2  850 321 0 0 0.0581572561640629
4 C0 318 0 321 0
0

0101000
+1517 0 -1527 0 *
Wi

0101100
+1516 0 +1515 0 -1521 0 *
Fa
0  1e-07 318 0

0101000
+1514 0 *
Ve
1e-07
-16.5312480926514 39.4374961853027 -117.249992370605
0 0

0101101
*
Ed
 1e-07 1 1 0
1  493 0 0 234.49999197577
2  851 320 0 0 234.49999197577
2  852 322 0 0 234.49999197577
4 CN 320 0 322 0
0

0101000
+1512 0 -1517 0 *
Ed
 1e-07 1 1 0
1  494 0 0 0.0582495330212298
2  853 320 0 0 0.0582495330212298
2  854 323 0 0 0.0582495330212298
4 C0 320 0 323 0
0

0101000
+1522 0 -1512 0 *
Wi

0101100
+1511 0 -1516 0 +1510 0 *
Fa
0  1e-07 320 0

0101000
+1509 0 *
Ve
1e-07
-16.5312480926514 39.4374961853027 117.249992370605
0 0

0101101
*
Ed
 1e-07 1 1 0
1  495 0 0 234.499984741211
2  855 322 0 0 234.499984741211
2  856 324 0 0 234.499984741211
4 C0 322 0 324 0
0

0101000
+1512 0 -1507 0 *
Ed
 1e-07 1 1 0
1  496 0 0 0.0582495330212298
2  857 322 0 0 0.0582495330212298
2  858 325 0 0 0.0582495330212298
4 C0 322 0 325 0
0

0101000
+1507 0 -1517 0 *
Wi

0101100
+1506 0 +1505 0 -1511 0 *
Fa
0  1e-07 322 0

0101000
+1504 0 *
Ve
1e-07
-16.4749984741211 39.4526214599609 -117.249992370605
0 0

0101101
*
Ed
 1e-07 1 1 0
1  497 0 0 234.499991975313
2  859 324 0 0 234.499991975313
2  860 326 0 0 234.499991975313
4 CN 324 0 326 0
0

0101000
+1502 0 -1507 0 *
Ed
 1e-07 1 1 0
1  498 0 0 0.0582476910983376
2  861 324 0 0 0.0582476910983376
2  862 327 0 0 0.0582476910983376
4 C0 324 0 327 0
0

0101000
+1512 0 -1502 0 *
Wi

0101100
+1501 0 -1506 0 +1500 0 *
Fa
0  1e-07 324 0

0101000
+1499 0 *
Ed
 1e-07 1 1 0
1  499 0 0 234.499984741211
2  863 326 0 0 234.499984741211
2  864 311 0 0 234.499984741211
4 C0 326 0 311 0
0

0101000
+1502 0 -1540 0 *
Ed
 1e-07 1 1 0
1  500 0 0 0.0582476910983376
2  865 326 0 0 0.0582476910983376
2  866 328 0 0 0.0582476910983376
4 C0 326 0 328 0
0

0101000
+1540 0 -1507 0 *
Wi

0101100
+1497 0 +1496 0 -1501 0 *
Fa
0  1e-07 326 0

0101000
+1495 0 *
Ve
1e-07
-16.6437492370605 39.9999961853027 -117.249992370605
0 0

0101101
*
Ed
 1e-07 1 1 0
1  501 0 0 0.449996948242188
2  867 314 0 0 0.449996948242188
2  868 329 0 0 0.449996948242188
4 C0 314 0 329 0
0

0101000
+1493 0 -1532 0 *
Ed
 1e-07 1 1 0
1  502 0 0 234.500416504708
2  869 330 0 0 234.500416504708
2  870 314 0 0 234.500416504708
4 CN 314 0 330 0
0

0101000
+1493 0 -1534 0 *
Wi

0101100
+1492 0 -1531 0 -1491 0 *
Fa
0  1e-07 314 0

0101000
+1490 0 *
Ve
1e-07
-16.6437492370605 39.9999961853027 117.249992370605
0 0

0101101
*
Ed
 1e-07 1 1 0
1  503 0 0 0.449996948242188
2  871 330 0 0 0.449996948242188
2  872 331 0 0 0.449996948242188
4 C0 330 0 331 0
0

0101000
+1534 0 -1488 0 *
Ed
 1e-07 1 1 0
1  504 0 0 234.499984741211
2  873 330 0 0 234.499984741211
2  874 332 0 0 234.499984741211
4 C0 330 0 332 0
0

0101000
+1488 0 -1493 0 *
Wi

0101100
+1491 0 +1487 0 +1486 0 *
Fa
0  1e-07 330 0

0101000
+1485 0 *
Ve
1e-07
-16.6237487792969 39.9999961853027 117.249992370605
0 0

0101101
*
Ed
 1e-07 1 1 0
1  505 0 0 0.0200004577636719
2  875 332 0 0 0.0200004577636719
2  876 333 0 0 0.0200004577636719
4 CN 332 0 333 0
0

0101000
+1488 0 -1483 0 *
Ed
 1e-07 1 1 0
1  506 0 0 234.499985594129
2  877 334 0 0 234.499985594129
2  878 332 0 0 234.499985594129
4 CN 332 0 334 0
0

0101000
+1493 0 -1483 0 *
Wi

0101100
-1486 0 +1482 0 -1481 0 *
Fa
0  1e-07 332 0

0101000
+1480 0 *
Ve
1e-07
-16.6237487792969 39.9999961853027 -117.249992370605
0 0

0101101
*
Ed
 1e-07 1 1 0
1  507 0 0 234.499984741211
2  879 334 0 0 234.499984741211
2  880 335 0 0 234.499984741211
4 C0 334 0 335 0
0

0101000
+1483 0 -1478 0 *
Ed
 1e-07 1 1 0
1  508 0 0 0.0200004577636719
2  881 334 0 0 0.0200004577636719
2  882 336 0 0 0.0200004577636719
4 CN 334 0 336 0
0

0101000
+1478 0 -1493 0 *
Wi

0101100
+1481 0 +1477 0 +1476 0 *
Fa
0  1e-07 334 0

0101000
+1475 0 *
Ve
1e-07
-16.6237487792969 39.5499992370605 117.249992370605
0 0

0101101
*
Ed
 1e-07 1 1 0
1  509 0 0 0.449996948242188
2  883 335 0 0 0.449996948242188
2  884 337 0 0 0.449996948242188
4 C0 335 0 337 0
0

0101000
+1483 0 -1473 0 *
Ed
 1e-07 1 1 0
1  510 0 0 234.500416504708
2  885 338 0 0 234.500416504708
2  886 335 0 0 234.500416504708
4 CN 335 0 338 0
0

0101000
+1478 0 -1473 0 *
Wi

0101100
-1477 0 +1472 0 -1471 0 *
Fa
0  1e-07 335 0

0101000
+1470 0 *
Ve
1e-07
-16.6237487792969 39.5499992370605 -117.249992370605
0 0

0101101
*
Ve
1e-07
-16.6113739013672 39.5037460327148 117.249992370605
0 0

0101101
*
Ed
 1e-07 1 1 0
1  511 0 0 234.499989629263
2  887 339 0 0 234.499989629263
2  888 340 0 0 234.499989629263
4 CN 339 0 340 0
0

0101000
+1468 0 -1467 0 *
Ve
1e-07
-16.6113739013672 39.5037460327148 -117.249992370605
0 0

0101101
*
Ed
 1e-07 1 1 0
1  512 0 0 234.499984741211
2  889 339 0 0 234.499984741211
2  890 341 0 0 234.499984741211
4 C0 339 0 341 0
0

0101000
+1467 0 -1465 0 *
Ed
 1e-07 1 1 0
1  513 0 0 0.0478800220971131
2  891 339 0 0 0.0478800220971131
2  892 342 0 0 0.0478800220971131
4 C0 339 0 342 0
0

0101000
+1465 0 -1468 0 *
Wi

0101100
+1466 0 +1464 0 +1463 0 *
Fa
0  1e-07 339 0

0101000
+1462 0 *
Ed
 1e-07 1 1 0
1  514 0 0 234.499984741211
2  893 340 0 0 234.499984741211
2  894 338 0 0 234.499984741211
4 C0 340 0 338 0
0

0101000
+1468 0 -1473 0 *
Ed
 1e-07 1 1 0
1  515 0 0 0.0478800220971131
2  895 340 0 0 0.0478800220971131
2  896 343 0 0 0.0478800220971131
4 C0 340 0 343 0
0

0101000
+1473 0 -1467 0 *
Wi

0101100
+1460 0 +1459 0 -1466 0 *
Fa
0  1e-07 340 0

0101000
+1458 0 *
Ve
1e-07
-16.5774993896484 39.4698715209961 117.249992370605
0 0

0101101
*
Ed
 1e-07 1 1 0
1  516 0 0 0.0479057938914226
2  897 341 0 0 0.0479057938914226
2  898 344 0 0 0.0479057938914226
4 C0 341 0 344 0
0

0101000
+1467 0 -1456 0 *
Ed
 1e-07 1 1 0
1  517 0 0 234.499989634527
2  899 345 0 0 234.499989634527
2  900 341 0 0 234.499989634527
4 CN 341 0 345 0
0

0101000
+1465 0 -1456 0 *
Wi

0101100
-1464 0 +1455 0 -1454 0 *
Fa
0  1e-07 341 0

0101000
+1453 0 *
Ve
1e-07
-16.5774993896484 39.4698715209961 -117.249992370605
0 0

0101101
*
Ed
 1e-07 1 1 0
1  518 0 0 234.499984741211
2  901 345 0 0 234.499984741211
2  902 346 0 0 234.499984741211
4 C0 345 0 346 0
0

0101000
+1456 0 -1451 0 *
Ed
 1e-07 1 1 0
1  519 0 0 0.0479057938914226
2  903 345 0 0 0.0479057938914226
2  904 347 0 0 0.0479057938914226
4 C0 345 0 347 0
0

0101000
+1451 0 -1465 0 *
Wi

0101100
+1454 0 +1450 0 +1449 0 *
Fa
0  1e-07 345 0

0101000
+1448 0 *
Ve
1e-07
-16.5312480926514 39.4574966430664 117.249992370605
0 0

0101101
*
Ed
 1e-07 1 1 0
1  520 0 0 0.0478781795569325
2  905 346 0 0 0.0478781795569325
2  906 348 0 0 0.0478781795569325
4 C0 346 0 348 0
0

0101000
+1456 0 -1446 0 *
Ed
 1e-07 1 1 0
1  521 0 0 234.499989628887
2  907 349 0 0 234.499989628887
2  908 346 0 0 234.499989628887
4 CN 346 0 349 0
0

0101000
+1451 0 -1446 0 *
Wi

0101100
-1450 0 +1445 0 -1444 0 *
Fa
0  1e-07 346 0

0101000
+1443 0 *
Ve
1e-07
-16.5312480926514 39.4574966430664 -117.249992370605
0 0

0101101
*
Ed
 1e-07 1 1 0
1  522 0 0 234.499984741211
2  909 349 0 0 234.499984741211
2  910 350 0 0 234.499984741211
4 C0 349 0 350 0
0

0101000
+1446 0 -1441 0 *
Ed
 1e-07 1 1 0
1  523 0 0 0.0478781795569325
2  911 349 0 0 0.0478781795569325
2  912 351 0 0 0.0478781795569325
4 C0 349 0 351 0
0

0101000
+1441 0 -1451 0 *
Wi

0101100
+1444 0 +1440 0 +1439 0 *
Fa
0  1e-07 349 0

0101000
+1438 0 *
Ve
1e-07
-16.4849987030029 39.4698715209961 117.249992370605
0 0

0101101
*
Ed
 1e-07 1 1 0
1  524 0 0 0.0478763370218281
2  913 350 0 0 0.0478763370218281
2  914 352 0 0 0.0478763370218281
4 C0 350 0 352 0
0

0101000
+1446 0 -1436 0 *
Ed
 1e-07 1 1 0
1  525 0 0 234.499989628511
2  915 353 0 0 234.499989628511
2  916 350 0 0 234.499989628511
4 CN 350 0 353 0
0

0101000
+1441 0 -1436 0 *
Wi

0101100
-1440 0 +1435 0 -1434 0 *
Fa
0  1e-07 350 0

0101000
+1433 0 *
Ve
1e-07
-16.4849987030029 39.4698715209961 -117.249992370605
0 0

0101101
*
Ed
 1e-07 1 1 0
1  526 0 0 234.499984741211
2  917 353 0 0 234.499984741211
2  918 354 0 0 234.499984741211
4 C0 353 0 354 0
0

0101000
+1436 0 -1431 0 *
Ed
 1e-07 1 1 0
1  527 0 0 0.0478763370218281
2  919 353 0 0 0.0478763370218281
2  920 355 0 0 0.0478763370218281
4 C0 353 0 355 0
0

0101000
+1431 0 -1441 0 *
Wi

0101100
+1434 0 +1430 0 +1429 0 *
Fa
0  1e-07 353 0

0101000
+1428 0 *
Ed
 1e-07 1 1 0
1  528 0 0 0.449996948242188
2  921 338 0 0 0.449996948242188
2  922 356 0 0 0.449996948242188
4 C0 338 0 356 0
0

0101000
+1468 0 -1478 0 *
Wi

0101100
+1471 0 -1460 0 +1426 0 *
Fa
0  1e-07 338 0

0101000
+1425 0 *
Ed
 1e-07 1 1 0
1  529 0 0 0.268798401235491
2  923 311 0 0 0.268798401235491
2  924 301 0 0 0.268798401235491
4 C0 311 0 301 0
0

0101000
+1502 0 -1567 0 *
Wi

0101100
+1538 0 -1497 0 +1423 0 *
Fa
0  1e-07 311 0

0101000
+1422 0 *
Ve
1e-07
-16.2887477874756 39.6312484741211 117.249992370605
0 0

0101101
*
Ed
 1e-07 1 1 0
1  530 0 0 0.254080583369192
2  925 354 0 0 0.254080583369192
2  926 357 0 0 0.254080583369192
4 C0 354 0 357 0
0

0101000
+1436 0 -1420 0 *
Ed
 1e-07 1 1 0
1  531 0 0 234.500122389245
2  927 358 0 0 234.500122389245
2  928 354 0 0 234.500122389245
4 CN 354 0 358 0
0

0101000
+1431 0 -1420 0 *
Wi

0101100
-1430 0 +1419 0 -1418 0 *
Fa
0  1e-07 354 0

0101000
+1417 0 *
Ve
1e-07
-16.2887477874756 39.6312484741211 -117.249992370605
0 0

0101101
*
Ed
 1e-07 1 1 0
1  532 0 0 234.499984741211
2  929 358 0 0 234.499984741211
2  930 359 0 0 234.499984741211
4 C0 358 0 359 0
0

0101000
+1420 0 -1415 0 *
Ed
 1e-07 1 1 0
1  533 0 0 0.254080583369192
2  931 358 0 0 0.254080583369192
2  932 360 0 0 0.254080583369192
4 C0 358 0 360 0
0

0101000
+1415 0 -1431 0 *
Wi

0101100
+1418 0 +1414 0 +1413 0 *
Fa
0  1e-07 358 0

0101000
+1412 0 *
Ed
 1e-07 1 1 0
1  534 0 0 234.500274666156
2  933 306 0 0 234.500274666156
2  934 359 0 0 234.500274666156
4 CN 306 0 359 0
0

0101000
+1562 0 -1420 0 *
Ed
 1e-07 1 1 0
1  535 0 0 0.368747711181641
2  935 306 0 0 0.368747711181641
2  936 361 0 0 0.368747711181641
4 C0 306 0 361 0
0

0101000
+1420 0 -1554 0 *
Wi

0101100
+1410 0 +1409 0 -1553 0 *
Fa
0  1e-07 306 0

0101000
+1408 0 *
Ed
 1e-07 1 1 0
1  536 0 0 0.368747711181641
2  937 359 0 0 0.368747711181641
2  938 362 0 0 0.368747711181641
4 C0 359 0 362 0
0

0101000
+1562 0 -1415 0 *
Wi

0101100
+1406 0 -1414 0 -1410 0 *
Fa
0  1e-07 359 0

0101000
+1405 0 *
Ed
 1e-07 1 1 0
1  537 0 0 0.0672465225426816
2  939 301 0 0 0.0672465225426816
2  940 4 0 0 0.0672465225426816
4 C0 301 0 4 0
0

0101000
+1502 0 -2787 0 *
Wi

0101100
+1565 0 -1423 0 +1403 0 *
Fa
0  1e-07 301 0

0101000
+1402 0 *
Ed
 1e-07 1 1 0
1  538 0 0 0.0706147549644607
2  941 275 0 0 0.0706147549644607
2  942 305 0 0 0.0706147549644607
4 CN 275 0 305 0
0

0101000
+1562 0 -1685 0 *
Ed
 1e-07 1 1 0
1  539 0 0 0.0675014155492925
2  943 275 0 0 0.0675014155492925
2  944 362 0 0 0.0675014155492925
4 C0 275 0 362 0
0

0101000
+1695 0 -1562 0 *
Wi

0101100
+1400 0 -1680 0 +1399 0 *
Fa
0  1e-07 275 0

0101000
+1398 0 *
Ed
 1e-07 1 1 0
1  540 0 0 0.0675014155492925
0

0101000
+1559 0 -1685 0 *
Wi

0101100
-1557 0 +1396 0 -1400 0 *
Fa
0  1e-07 305 0

0101000
+1395 0 *
Ed
 1e-07 1 1 0
1  541 0 0 0.374875066659356
2  945 274 0 0 0.374875066659356
2  946 362 0 0 0.374875066659356
4 CN 274 0 362 0
0

0101000
+1415 0 -1695 0 *
Ed
 1e-07 1 1 0
1  542 0 0 0.0675014155492925
2  947 274 0 0 0.0675014155492925
2  948 360 0 0 0.0675014155492925
4 C0 274 0 360 0
0

0101000
+1690 0 -1415 0 *
Wi

0101100
+1393 0 -1688 0 +1392 0 *
Fa
0  1e-07 274 0

0101000
+1391 0 *
Wi

0101100
-1406 0 -1399 0 -1393 0 *
Fa
0  1e-07 362 0

0101000
+1389 0 *
Ed
 1e-07 1 1 0
1  543 0 0 0.263453219023619
2  949 287 0 0 0.263453219023619
2  950 360 0 0 0.263453219023619
4 C0 287 0 360 0
0

0101000
+1431 0 -1690 0 *
Ed
 1e-07 1 1 0
1  544 0 0 0.0672465225426816
2  951 287 0 0 0.0672465225426816
2  952 293 0 0 0.0672465225426816
4 C0 287 0 293 0
0

0101000
+1620 0 -1431 0 *
Wi

0101100
+1387 0 -1618 0 +1386 0 *
Fa
0  1e-07 287 0

0101000
+1385 0 *
Wi

0101100
-1413 0 -1392 0 -1387 0 *
Fa
0  1e-07 360 0

0101000
+1383 0 *
Ed
 1e-07 1 1 0
1  545 0 0 0.0826068544564569
2  953 294 0 0 0.0826068544564569
2  954 342 0 0 0.0826068544564569
4 C0 294 0 342 0
0

0101000
+1468 0 -1613 0 *
Ed
 1e-07 1 1 0
1  546 0 0 0.0672465331731611
2  955 294 0 0 0.0672465331731611
2  956 356 0 0 0.0672465331731611
4 C0 294 0 356 0
0

0101000
+1944 0 -1468 0 *
Wi

0101100
+1381 0 -1600 0 +1380 0 *
Fa
0  1e-07 294 0

0101000
+1379 0 *
Ed
 1e-07 1 1 0
1  547 0 0 0.0672465331731611
2  957 342 0 0 0.0672465331731611
2  958 347 0 0 0.0672465331731611
4 C0 342 0 347 0
0

0101000
+1465 0 -1613 0 *
Wi

0101100
-1463 0 +1377 0 -1381 0 *
Fa
0  1e-07 342 0

0101000
+1376 0 *
Ed
 1e-07 1 1 0
1  548 0 0 0.0824111932552407
2  959 291 0 0 0.0824111932552407
2  960 347 0 0 0.0824111932552407
4 C0 291 0 347 0
0

0101000
+1613 0 -1451 0 *
Ed
 1e-07 1 1 0
1  549 0 0 0.0672465331731611
2  961 291 0 0 0.0672465331731611
2  962 351 0 0 0.0672465331731611
4 C0 291 0 351 0
0

0101000
+1451 0 -1615 0 *
Wi

0101100
+1374 0 +1373 0 -1611 0 *
Fa
0  1e-07 291 0

0101000
+1372 0 *
Wi

0101100
-1377 0 -1449 0 -1374 0 *
Fa
0  1e-07 347 0

0101000
+1370 0 *
Ed
 1e-07 1 1 0
1  550 0 0 0.0823386826852739
2  963 292 0 0 0.0823386826852739
2  964 351 0 0 0.0823386826852739
4 CN 292 0 351 0
0

0101000
+1615 0 -1441 0 *
Ed
 1e-07 1 1 0
1  551 0 0 0.0672465331731611
2  965 292 0 0 0.0672465331731611
2  966 355 0 0 0.0672465331731611
4 C0 292 0 355 0
0

0101000
+1441 0 -1608 0 *
Wi

0101100
+1368 0 +1367 0 -1607 0 *
Fa
0  1e-07 292 0

0101000
+1366 0 *
Wi

0101100
-1373 0 -1439 0 -1368 0 *
Fa
0  1e-07 351 0

0101000
+1364 0 *
Ed
 1e-07 1 1 0
1  552 0 0 0.0823376200084242
2  967 293 0 0 0.0823376200084242
2  968 355 0 0 0.0823376200084242
4 C0 293 0 355 0
0

0101000
+1608 0 -1431 0 *
Wi

0101100
+1362 0 -1386 0 -1603 0 *
Fa
0  1e-07 293 0

0101000
+1361 0 *
Wi

0101100
-1367 0 -1429 0 -1362 0 *
Fa
0  1e-07 355 0

0101000
+1359 0 *
Ed
 1e-07 1 1 0
1  553 0 0 0.454993790783007
2  969 356 0 0 0.454993790783007
2  970 227 0 0 0.454993790783007
4 CN 356 0 227 0
0

0101000
+1944 0 -1478 0 *
Wi

0101100
+1357 0 -1426 0 -1380 0 *
Fa
0  1e-07 356 0

0101000
+1356 0 *
Ed
 1e-07 1 1 0
1  554 0 0 0.0672465331731611
2  971 227 0 0 0.0672465331731611
2  972 179 0 0 0.0672465331731611
4 C0 227 0 179 0
0

0101000
+2086 0 -1478 0 *
Wi

0101100
-1943 0 +1354 0 -1357 0 *
Fa
0  1e-07 227 0

0101000
+1353 0 *
Ed
 1e-07 1 1 0
1  555 0 0 0.0700505837472583
2  973 336 0 0 0.0700505837472583
2  974 179 0 0 0.0700505837472583
4 CN 336 0 179 0
0

0101000
+1478 0 -2083 0 *
Ed
 1e-07 1 1 0
1  556 0 0 0.0672465331731611
2  975 336 0 0 0.0672465331731611
2  976 329 0 0 0.0672465331731611
4 C0 336 0 329 0
0

0101000
+2083 0 -1493 0 *
Wi

0101100
+1351 0 +1350 0 -1476 0 *
Fa
0  1e-07 336 0

0101000
+1349 0 *
Wi

0101100
-1354 0 -2081 0 -1351 0 *
Fa
0  1e-07 179 0

0101000
+1347 0 *
Ed
 1e-07 1 1 0
1  557 0 0 0.0887277770187806
2  977 327 0 0 0.0887277770187806
2  978 4 0 0 0.0887277770187806
4 C0 327 0 4 0
0

0101000
+2780 0 -1502 0 *
Ed
 1e-07 1 1 0
1  558 0 0 0.0672465331731611
2  979 327 0 0 0.0672465331731611
2  980 300 0 0 0.0672465331731611
4 C0 327 0 300 0
0

0101000
+1512 0 -2780 0 *
Wi

0101100
+1345 0 -1500 0 +1344 0 *
Fa
0  1e-07 327 0

0101000
+1343 0 *
Wi

0101100
-2779 0 -1403 0 -1345 0 *
Fa
0  1e-07 4 0

0101000
+1341 0 *
Ed
 1e-07 1 1 0
1  559 0 0 0.0888071034731188
2  981 323 0 0 0.0888071034731188
2  982 300 0 0 0.0888071034731188
4 C0 323 0 300 0
0

0101000
+1581 0 -1512 0 *
Ed
 1e-07 1 1 0
1  560 0 0 0.0672459547157468
2  983 323 0 0 0.0672459547157468
2  984 299 0 0 0.0672459547157468
4 C0 323 0 299 0
0

0101000
+1522 0 -1581 0 *
Wi

0101100
+1339 0 -1510 0 +1338 0 *
Fa
0  1e-07 323 0

0101000
+1337 0 *
Wi

0101100
-1575 0 -1344 0 -1339 0 *
Fa
0  1e-07 300 0

0101000
+1335 0 *
Ed
 1e-07 1 1 0
1  561 0 0 0.0887903881992788
2  985 299 0 0 0.0887903881992788
2  986 319 0 0 0.0887903881992788
4 C0 299 0 319 0
0

0101000
+1522 0 -1586 0 *
Wi

0101100
+1333 0 -1579 0 -1338 0 *
Fa
0  1e-07 299 0

0101000
+1332 0 *
Ed
 1e-07 1 1 0
1  562 0 0 0.0672459476016499
2  987 319 0 0 0.0672459476016499
2  988 297 0 0 0.0672459476016499
4 C0 319 0 297 0
0

0101000
+1535 0 -1586 0 *
Wi

0101100
-1520 0 +1330 0 -1333 0 *
Fa
0  1e-07 319 0

0101000
+1329 0 *
Ed
 1e-07 1 1 0
1  563 0 0 0.0889053818781055
2  989 297 0 0 0.0889053818781055
2  990 315 0 0 0.0889053818781055
4 C0 297 0 315 0
0

0101000
+1535 0 -1784 0 *
Wi

0101100
+1327 0 -1584 0 -1330 0 *
Fa
0  1e-07 297 0

0101000
+1326 0 *
Ed
 1e-07 1 1 0
1  564 0 0 0.0672465331731611
2  991 315 0 0 0.0672465331731611
2  992 262 0 0 0.0672465331731611
4 C0 315 0 262 0
0

0101000
+1532 0 -1784 0 *
Wi

0101100
-1530 0 +1324 0 -1327 0 *
Fa
0  1e-07 315 0

0101000
+1323 0 *
Ed
 1e-07 1 1 0
1  565 0 0 0.454993790783007
2  993 262 0 0 0.454993790783007
2  994 329 0 0 0.454993790783007
4 CN 262 0 329 0
0

0101000
+1532 0 -2083 0 *
Wi

0101100
+1321 0 -1782 0 -1324 0 *
Fa
0  1e-07 262 0

0101000
+1320 0 *
Wi

0101100
-1492 0 -1350 0 -1321 0 *
Fa
0  1e-07 329 0

0101000
+1318 0 *
Ve
1e-07
-16.4746246337891 39.4526214599609 117.317237854004
0 0

0101101
*
Ed
 1e-07 1 1 0
1  566 0 0 0.0672465225426816
2  995 310 0 0 0.0672465225426816
2  996 363 0 0 0.0672465225426816
4 C0 310 0 363 0
0

0101000
+1316 0 -1540 0 *
Ed
 1e-07 1 1 0
1  567 0 0 0.276804019674975
2  997 364 0 0 0.276804019674975
2  998 310 0 0 0.276804019674975
4 C0 310 0 364 0
0

0101000
+1316 0 -1549 0 *
Wi

0101100
+1315 0 -1539 0 -1314 0 *
Fa
0  1e-07 310 0

0101000
+1313 0 *
Ve
0.0590600967407227
-16.6433734893799 39.4656200408936 117.317237854004
0 0

0101101
*
Ve
1e-07
-16.6283740997314 39.4937438964844 117.317237854004
0 0

0101101
*
Ed
 1e-07 1 1 0
1  568 0 0 0.0582132863099045
2  999 365 0 0 0.0582132863099045
2  1000 366 0 0 0.0582132863099045
4 CN 365 0 366 0
0

0101000
+1311 0 -1310 0 *
Ve
1e-07
-16.5872478485107 39.4526214599609 117.317237854004
0 0

0101101
*
Ed
 1e-07 1 1 0
1  569 0 0 0.0581586049101294
2  1001 365 0 0 0.0581586049101294
2  1002 367 0 0 0.0581586049101294
4 C0 365 0 367 0
0

0101000
+1310 0 -1308 0 *
Ed
 1e-07 1 1 0
1  570 0 0 0.0581279751622042
2  1003 365 0 0 0.0581279751622042
2  1004 368 0 0 0.0581279751622042
4 CN 365 0 368 0
0

0101000
+1308 0 -1311 0 *
Wi

0101100
+1309 0 +1307 0 +1306 0 *
Fa
0  1e-07 365 0

0101000
+1305 0 *
Ve
0.0590600967407227
-16.6433734893799 39.5499992370605 117.317237854004
0 0

0101101
*
Ed
 1e-07 1 1 0
1  571 0 0 0.0582206581306562
2  1005 366 0 0 0.0582206581306562
2  1006 369 0 0 0.0582206581306562
4 C0 366 0 369 0
0

0101000
+1303 0 -1310 0 *
Ed
 0.0590600967407227 1 1 0
1  572 0 0 0.112503051757812
2  1007 366 0 0 0.112503051757812
2  1008 370 0 0 0.112503051757812
4 C0 366 0 370 0
0

0101000
+1311 0 -1303 0 *
Wi

0101100
+1302 0 -1309 0 +1301 0 *
Fa
0  1e-07 366 0

0101000
+1300 0 *
Ve
1e-07
-16.5771236419678 39.4698715209961 117.317237854004
0 0

0101101
*
Ve
1e-07
-16.6109981536865 39.5037460327148 117.317237854004
0 0

0101101
*
Ed
 1e-07 1 1 0
1  573 0 0 0.0479057938914226
2  1009 371 0 0 0.0479057938914226
2  1010 372 0 0 0.0479057938914226
4 C0 371 0 372 0
0

0101000
+1298 0 -1297 0 *
Ve
1e-07
-16.6182479858398 39.4574966430664 117.949615478516
0 0

0101101
*
Ed
 1e-07 1 1 0
1  574 0 0 0.634108055533273
2  1011 371 0 0 0.634108055533273
2  1012 373 0 0 0.634108055533273
4 C0 371 0 373 0
0

0101000
+1297 0 -1295 0 *
Ed
 1e-07 1 1 0
1  575 0 0 0.633834212744758
2  1013 371 0 0 0.633834212744758
2  1014 374 0 0 0.633834212744758
4 C0 371 0 374 0
0

0101000
+1295 0 -1298 0 *
Wi

0101100
+1296 0 +1294 0 +1293 0 *
Fa
0  1e-07 371 0

0101000
+1292 0 *
Ve
1e-07
-16.5308723449707 39.4574966430664 117.317237854004
0 0

0101101
*
Ed
 1e-07 1 1 0
1  576 0 0 0.638385434201296
2  1015 374 0 0 0.638385434201296
2  1016 375 0 0 0.638385434201296
4 C0 374 0 375 0
0

0101000
+1295 0 -1290 0 *
Ed
 1e-07 1 1 0
1  577 0 0 0.0478781795569325
2  1017 374 0 0 0.0478781795569325
2  1018 376 0 0 0.0478781795569325
4 C0 374 0 376 0
0

0101000
+1290 0 -1298 0 *
Wi

0101100
+1289 0 +1288 0 -1293 0 *
Fa
0  1e-07 374 0

0101000
+1287 0 *
Ve
1e-07
-16.4846248626709 39.4698715209961 117.317237854004
0 0

0101101
*
Ed
 1e-07 1 1 0
1  578 0 0 0.0478744944918003
2  1019 375 0 0 0.0478744944918003
2  1020 377 0 0 0.0478744944918003
4 C0 375 0 377 0
0

0101000
+1285 0 -1290 0 *
Ed
 1e-07 1 1 0
1  579 0 0 0.646459385137444
2  1021 375 0 0 0.646459385137444
2  1022 378 0 0 0.646459385137444
4 C0 375 0 378 0
0

0101000
+1295 0 -1285 0 *
Wi

0101100
+1284 0 -1289 0 +1283 0 *
Fa
0  1e-07 375 0

0101000
+1282 0 *
Ve
1e-07
-16.2879981994629 39.6312484741211 117.317489624023
0 0

0101101
*
Ed
 1e-07 1 1 0
1  580 0 0 0.25437104605746
2  1023 378 0 0 0.25437104605746
2  1024 379 0 0 0.25437104605746
4 C0 378 0 379 0
0

0101000
+1280 0 -1285 0 *
Ed
 1e-07 1 1 0
1  581 0 0 0.734055662817445
2  1025 380 0 0 0.734055662817445
2  1026 378 0 0 0.734055662817445
4 C0 378 0 380 0
0

0101000
+1280 0 -1295 0 *
Wi

0101100
+1279 0 -1283 0 -1278 0 *
Fa
0  1e-07 378 0

0101000
+1277 0 *
Ve
1e-07
-16.6182479858398 39.2074966430664 117.917106628418
0 0

0101101
*
Ve
1e-07
-16.4909992218018 38.9574966430664 117.942489624023
0 0

0101101
*
Ed
 1e-07 1 1 0
1  582 0 0 0.281667435844344
2  1027 381 0 0 0.281667435844344
2  1028 382 0 0 0.281667435844344
4 CN 381 0 382 0
0

0101000
+1275 0 -1274 0 *
Ve
1e-07
-16.6182479858398 38.9574966430664 117.917106628418
0 0

0101101
*
Ed
 1e-07 1 1 0
1  583 0 0 0.129755710529933
2  1029 381 0 0 0.129755710529933
2  1030 383 0 0 0.129755710529933
4 C0 381 0 383 0
0

0101000
+1274 0 -1272 0 *
Ed
 1e-07 1 1 0
1  584 0 0 0.25
2  1031 381 0 0 0.25
2  1032 384 0 0 0.25
4 C0 381 0 384 0
0

0101000
+1272 0 -1275 0 *
Wi

0101100
+1273 0 +1271 0 +1270 0 *
Fa
0  1e-07 381 0

0101000
+1269 0 *
Ve
1e-07
-16.4909992218018 39.2074966430664 117.942489624023
0 0

0101101
*
Ed
 1e-07 1 1 0
1  585 0 0 0.129755710529933
2  1033 382 0 0 0.129755710529933
2  1034 385 0 0 0.129755710529933
4 C0 382 0 385 0
0

0101000
+1275 0 -1267 0 *
Ed
 1e-07 1 1 0
1  586 0 0 0.25
2  1035 382 0 0 0.25
2  1036 386 0 0 0.25
4 C0 382 0 386 0
0

0101000
+1267 0 -1274 0 *
Wi

0101100
+1266 0 +1265 0 -1273 0 *
Fa
0  1e-07 382 0

0101000
+1264 0 *
Ve
1e-07
-16.3831233978271 38.9574966430664 118.014488220215
0 0

0101101
*
Ed
 1e-07 1 1 0
1  587 0 0 0.281639825400695
2  1037 386 0 0 0.281639825400695
2  1038 387 0 0 0.281639825400695
4 CN 386 0 387 0
0

0101000
+1267 0 -1262 0 *
Ed
 1e-07 1 1 0
1  588 0 0 0.129695764201203
2  1039 386 0 0 0.129695764201203
2  1040 388 0 0 0.129695764201203
4 C0 386 0 388 0
0

0101000
+1262 0 -1274 0 *
Wi

0101100
+1261 0 +1260 0 -1265 0 *
Fa
0  1e-07 386 0

0101000
+1259 0 *
Ve
1e-07
-16.3831233978271 39.2074966430664 118.014488220215
0 0

0101101
*
Ed
 1e-07 1 1 0
1  589 0 0 0.129695764201203
2  1041 387 0 0 0.129695764201203
2  1042 389 0 0 0.129695764201203
4 C0 387 0 389 0
0

0101000
+1267 0 -1257 0 *
Ed
 1e-07 1 1 0
1  590 0 0 0.25
2  1043 387 0 0 0.25
2  1044 390 0 0 0.25
4 C0 387 0 390 0
0

0101000
+1257 0 -1262 0 *
Wi

0101100
+1256 0 +1255 0 -1261 0 *
Fa
0  1e-07 387 0

0101000
+1254 0 *
Ve
1e-07
-16.310998916626 38.9574966430664 118.122360229492
0 0

0101101
*
Ed
 1e-07 1 1 0
1  591 0 0 0.281670572076796
2  1045 390 0 0 0.281670572076796
2  1046 391 0 0 0.281670572076796
4 CN 390 0 391 0
0

0101000
+1257 0 -1252 0 *
Ed
 1e-07 1 1 0
1  592 0 0 0.129762518371329
2  1047 390 0 0 0.129762518371329
2  1048 392 0 0 0.129762518371329
4 C0 390 0 392 0
0

0101000
+1252 0 -1262 0 *
Wi

0101100
+1251 0 +1250 0 -1255 0 *
Fa
0  1e-07 390 0

0101000
+1249 0 *
Ve
1e-07
-16.310998916626 39.2074966430664 118.122360229492
0 0

0101101
*
Ed
 1e-07 1 1 0
1  593 0 0 0.129762518371329
2  1049 391 0 0 0.129762518371329
2  1050 393 0 0 0.129762518371329
4 C0 391 0 393 0
0

0101000
+1257 0 -1247 0 *
Ed
 1e-07 1 1 0
1  594 0 0 0.25
2  1051 391 0 0 0.25
2  1052 394 0 0 0.25
4 C0 391 0 394 0
0

0101000
+1247 0 -1252 0 *
Wi

0101100
+1246 0 +1245 0 -1251 0 *
Fa
0  1e-07 391 0

0101000
+1244 0 *
Ve
1e-07
-16.2857494354248 38.9574966430664 118.249618530273
0 0

0101101
*
Ed
 1e-07 1 1 0
1  595 0 0 0.281659744050618
2  1053 394 0 0 0.281659744050618
2  1054 395 0 0 0.281659744050618
4 CN 394 0 395 0
0

0101000
+1247 0 -1242 0 *
Ed
 1e-07 1 1 0
1  596 0 0 0.12973901270882
2  1055 394 0 0 0.12973901270882
2  1056 396 0 0 0.12973901270882
4 C0 394 0 396 0
0

0101000
+1242 0 -1252 0 *
Wi

0101100
+1241 0 +1240 0 -1245 0 *
Fa
0  1e-07 394 0

0101000
+1239 0 *
Ve
1e-07
-16.2857494354248 39.2074966430664 118.249618530273
0 0

0101101
*
Ed
 1e-07 1 1 0
1  597 0 0 0.12973901270882
2  1057 395 0 0 0.12973901270882
2  1058 397 0 0 0.12973901270882
4 C0 395 0 397 0
0

0101000
+1247 0 -1237 0 *
Ed
 1e-07 1 1 0
1  598 0 0 0.25
2  1059 395 0 0 0.25
2  1060 398 0 0 0.25
4 C0 395 0 398 0
0

0101000
+1237 0 -1242 0 *
Wi

0101100
+1236 0 +1235 0 -1241 0 *
Fa
0  1e-07 395 0

0101000
+1234 0 *
Ve
1e-07
-16.310998916626 38.9574966430664 118.376861572266
0 0

0101101
*
Ed
 1e-07 1 1 0
1  599 0 0 0.281652850218765
2  1061 398 0 0 0.281652850218765
2  1062 399 0 0 0.281652850218765
4 CN 398 0 399 0
0

0101000
+1237 0 -1232 0 *
Ed
 1e-07 1 1 0
1  600 0 0 0.129724045713792
2  1063 398 0 0 0.129724045713792
2  1064 400 0 0 0.129724045713792
4 C0 398 0 400 0
0

0101000
+1232 0 -1242 0 *
Wi

0101100
+1231 0 +1230 0 -1235 0 *
Fa
0  1e-07 398 0

0101000
+1229 0 *
Ve
1e-07
-16.310998916626 39.2074966430664 118.376861572266
0 0

0101101
*
Ed
 1e-07 1 1 0
1  601 0 0 0.129724045713792
2  1065 399 0 0 0.129724045713792
2  1066 401 0 0 0.129724045713792
4 C0 399 0 401 0
0

0101000
+1237 0 -1227 0 *
Ed
 1e-07 1 1 0
1  602 0 0 0.25
2  1067 399 0 0 0.25
2  1068 402 0 0 0.25
4 C0 399 0 402 0
0

0101000
+1227 0 -1232 0 *
Wi

0101100
+1226 0 +1225 0 -1231 0 *
Fa
0  1e-07 399 0

0101000
+1224 0 *
Ve
1e-07
-16.3831233978271 38.9574966430664 118.484733581543
0 0

0101101
*
Ed
 1e-07 1 1 0
1  603 0 0 0.281670572076796
2  1069 402 0 0 0.281670572076796
2  1070 403 0 0 0.281670572076796
4 CN 402 0 403 0
0

0101000
+1227 0 -1222 0 *
Ed
 1e-07 1 1 0
1  604 0 0 0.129762518371329
2  1071 402 0 0 0.129762518371329
2  1072 404 0 0 0.129762518371329
4 C0 402 0 404 0
0

0101000
+1222 0 -1232 0 *
Wi

0101100
+1221 0 +1220 0 -1225 0 *
Fa
0  1e-07 402 0

0101000
+1219 0 *
Ve
1e-07
-16.3831233978271 39.2074966430664 118.484733581543
0 0

0101101
*
Ed
 1e-07 1 1 0
1  605 0 0 0.129762518371329
2  1073 403 0 0 0.129762518371329
2  1074 405 0 0 0.129762518371329
4 C0 403 0 405 0
0

0101000
+1227 0 -1217 0 *
Ed
 1e-07 1 1 0
1  606 0 0 0.25
2  1075 403 0 0 0.25
2  1076 406 0 0 0.25
4 C0 403 0 406 0
0

0101000
+1217 0 -1222 0 *
Wi

0101100
+1216 0 +1215 0 -1221 0 *
Fa
0  1e-07 403 0

0101000
+1214 0 *
Ve
1e-07
-16.4909992218018 38.9574966430664 118.556869506836
0 0

0101101
*
Ed
 1e-07 1 1 0
1  607 0 0 0.281674963594697
2  1077 406 0 0 0.281674963594697
2  1078 407 0 0 0.281674963594697
4 CN 406 0 407 0
0

0101000
+1217 0 -1212 0 *
Ed
 1e-07 1 1 0
1  608 0 0 0.129772050596705
2  1079 406 0 0 0.129772050596705
2  1080 408 0 0 0.129772050596705
4 C0 406 0 408 0
0

0101000
+1212 0 -1222 0 *
Wi

0101100
+1211 0 +1210 0 -1215 0 *
Fa
0  1e-07 406 0

0101000
+1209 0 *
Ve
1e-07
-16.4909992218018 39.2074966430664 118.556869506836
0 0

0101101
*
Ed
 1e-07 1 1 0
1  609 0 0 0.129772050596705
2  1081 407 0 0 0.129772050596705
2  1082 409 0 0 0.129772050596705
4 C0 407 0 409 0
0

0101000
+1217 0 -1207 0 *
Ed
 1e-07 1 1 0
1  610 0 0 0.25
2  1083 407 0 0 0.25
2  1084 410 0 0 0.25
4 C0 407 0 410 0
0

0101000
+1207 0 -1212 0 *
Wi

0101100
+1206 0 +1205 0 -1211 0 *
Fa
0  1e-07 407 0

0101000
+1204 0 *
Ve
1e-07
-16.6182479858398 38.9574966430664 118.58211517334
0 0

0101101
*
Ed
 1e-07 1 1 0
1  611 0 0 0.281655093379202
2  1085 410 0 0 0.281655093379202
2  1086 411 0 0 0.281655093379202
4 CN 410 0 411 0
0

0101000
+1207 0 -1202 0 *
Ed
 1e-07 1 1 0
1  612 0 0 0.129728915922577
2  1087 410 0 0 0.129728915922577
2  1088 412 0 0 0.129728915922577
4 C0 410 0 412 0
0

0101000
+1202 0 -1212 0 *
Wi

0101100
+1201 0 +1200 0 -1205 0 *
Fa
0  1e-07 410 0

0101000
+1199 0 *
Ve
1e-07
-16.6182479858398 39.2074966430664 118.58211517334
0 0

0101101
*
Ed
 1e-07 1 1 0
1  613 0 0 0.129728915922577
2  1089 411 0 0 0.129728915922577
2  1090 413 0 0 0.129728915922577
4 C0 411 0 413 0
0

0101000
+1207 0 -1197 0 *
Ed
 1e-07 1 1 0
1  614 0 0 0.25
2  1091 411 0 0 0.25
2  1092 414 0 0 0.25
4 C0 411 0 414 0
0

0101000
+1197 0 -1202 0 *
Wi

0101100
+1196 0 +1195 0 -1201 0 *
Fa
0  1e-07 411 0

0101000
+1194 0 *
Ve
1e-07
-16.7454986572266 38.9574966430664 118.556869506836
0 0

0101101
*
Ed
 1e-07 1 1 0
1  615 0 0 0.28165595510409
2  1093 414 0 0 0.28165595510409
2  1094 415 0 0 0.28165595510409
4 CN 414 0 415 0
0

0101000
+1197 0 -1192 0 *
Ed
 1e-07 1 1 0
1  616 0 0 0.12973078680713
2  1095 414 0 0 0.12973078680713
2  1096 416 0 0 0.12973078680713
4 C0 414 0 416 0
0

0101000
+1192 0 -1202 0 *
Wi

0101100
+1191 0 +1190 0 -1195 0 *
Fa
0  1e-07 414 0

0101000
+1189 0 *
Ve
1e-07
-16.7454986572266 39.2074966430664 118.556869506836
0 0

0101101
*
Ed
 1e-07 1 1 0
1  617 0 0 0.12973078680713
2  1097 415 0 0 0.12973078680713
2  1098 417 0 0 0.12973078680713
4 C0 415 0 417 0
0

0101000
+1197 0 -1187 0 *
Ed
 1e-07 1 1 0
1  618 0 0 0.25
2  1099 415 0 0 0.25
2  1100 418 0 0 0.25
4 C0 415 0 418 0
0

0101000
+1187 0 -1192 0 *
Wi

0101100
+1186 0 +1185 0 -1191 0 *
Fa
0  1e-07 415 0

0101000
+1184 0 *
Ve
1e-07
-16.8532485961914 38.9574966430664 118.484733581543
0 0

0101101
*
Ed
 1e-07 1 1 0
1  619 0 0 0.281626776185789
2  1101 418 0 0 0.281626776185789
2  1102 419 0 0 0.281626776185789
4 CN 418 0 419 0
0

0101000
+1187 0 -1182 0 *
Ed
 1e-07 1 1 0
1  620 0 0 0.12966742484063
2  1103 418 0 0 0.12966742484063
2  1104 420 0 0 0.12966742484063
4 C0 418 0 420 0
0

0101000
+1182 0 -1192 0 *
Wi

0101100
+1181 0 +1180 0 -1185 0 *
Fa
0  1e-07 418 0

0101000
+1179 0 *
Ve
1e-07
-16.8532485961914 39.2074966430664 118.484733581543
0 0

0101101
*
Ed
 1e-07 1 1 0
1  621 0 0 0.12966742484063
2  1105 419 0 0 0.12966742484063
2  1106 421 0 0 0.12966742484063
4 C0 419 0 421 0
0

0101000
+1187 0 -1177 0 *
Ed
 1e-07 1 1 0
1  622 0 0 0.25
2  1107 419 0 0 0.25
2  1108 422 0 0 0.25
4 C0 419 0 422 0
0

0101000
+1177 0 -1182 0 *
Wi

0101100
+1176 0 +1175 0 -1181 0 *
Fa
0  1e-07 419 0

0101000
+1174 0 *
Ve
1e-07
-16.9253730773926 38.9574966430664 118.376861572266
0 0

0101101
*
Ed
 1e-07 1 1 0
1  623 0 0 0.281670572076796
2  1109 422 0 0 0.281670572076796
2  1110 423 0 0 0.281670572076796
4 CN 422 0 423 0
0

0101000
+1177 0 -1172 0 *
Ed
 1e-07 1 1 0
1  624 0 0 0.129762518371329
2  1111 422 0 0 0.129762518371329
2  1112 424 0 0 0.129762518371329
4 C0 422 0 424 0
0

0101000
+1172 0 -1182 0 *
Wi

0101100
+1171 0 +1170 0 -1175 0 *
Fa
0  1e-07 422 0

0101000
+1169 0 *
Ve
1e-07
-16.9253730773926 39.2074966430664 118.376861572266
0 0

0101101
*
Ed
 1e-07 1 1 0
1  625 0 0 0.129762518371329
2  1113 423 0 0 0.129762518371329
2  1114 425 0 0 0.129762518371329
4 C0 423 0 425 0
0

0101000
+1177 0 -1167 0 *
Ed
 1e-07 1 1 0
1  626 0 0 0.25
2  1115 423 0 0 0.25
2  1116 426 0 0 0.25
4 C0 423 0 426 0
0

0101000
+1167 0 -1172 0 *
Wi

0101100
+1166 0 +1165 0 -1171 0 *
Fa
0  1e-07 423 0

0101000
+1164 0 *
Ve
1e-07
-16.9507484436035 38.9574966430664 118.249618530273
0 0

0101101
*
Ed
 1e-07 1 1 0
1  627 0 0 0.281664163403449
2  1117 426 0 0 0.281664163403449
2  1118 427 0 0 0.281664163403449
4 CN 426 0 427 0
0

0101000
+1167 0 -1162 0 *
Ed
 1e-07 1 1 0
1  628 0 0 0.129748606719937
2  1119 426 0 0 0.129748606719937
2  1120 428 0 0 0.129748606719937
4 C0 426 0 428 0
0

0101000
+1162 0 -1172 0 *
Wi

0101100
+1161 0 +1160 0 -1165 0 *
Fa
0  1e-07 426 0

0101000
+1159 0 *
Ve
1e-07
-16.9507484436035 39.2074966430664 118.249618530273
0 0

0101101
*
Ed
 1e-07 1 1 0
1  629 0 0 0.129748606719937
2  1121 427 0 0 0.129748606719937
2  1122 429 0 0 0.129748606719937
4 C0 427 0 429 0
0

0101000
+1167 0 -1157 0 *
Ed
 1e-07 1 1 0
1  630 0 0 0.25
2  1123 427 0 0 0.25
2  1124 430 0 0 0.25
4 C0 427 0 430 0
0

0101000
+1157 0 -1162 0 *
Wi

0101100
+1156 0 +1155 0 -1161 0 *
Fa
0  1e-07 427 0

0101000
+1154 0 *
Ve
1e-07
-16.9253730773926 38.9574966430664 118.122360229492
0 0

0101101
*
Ed
 1e-07 1 1 0
1  631 0 0 0.281671056958414
2  1125 430 0 0 0.281671056958414
2  1126 431 0 0 0.281671056958414
4 CN 430 0 431 0
0

0101000
+1157 0 -1152 0 *
Ed
 1e-07 1 1 0
1  632 0 0 0.129763570882086
2  1127 430 0 0 0.129763570882086
2  1128 432 0 0 0.129763570882086
4 C0 430 0 432 0
0

0101000
+1152 0 -1162 0 *
Wi

0101100
+1151 0 +1150 0 -1155 0 *
Fa
0  1e-07 430 0

0101000
+1149 0 *
Ve
1e-07
-16.9253730773926 39.2074966430664 118.122360229492
0 0

0101101
*
Ed
 1e-07 1 1 0
1  633 0 0 0.129763570882086
2  1129 431 0 0 0.129763570882086
2  1130 433 0 0 0.129763570882086
4 C0 431 0 433 0
0

0101000
+1157 0 -1147 0 *
Ed
 1e-07 1 1 0
1  634 0 0 0.25
2  1131 431 0 0 0.25
2  1132 434 0 0 0.25
4 C0 431 0 434 0
0

0101000
+1147 0 -1152 0 *
Wi

0101100
+1146 0 +1145 0 -1151 0 *
Fa
0  1e-07 431 0

0101000
+1144 0 *
Ve
1e-07
-16.8533744812012 38.9574966430664 118.014610290527
0 0

0101101
*
Ed
 1e-07 1 1 0
1  635 0 0 0.281591631978759
2  1133 434 0 0 0.281591631978759
2  1134 435 0 0 0.281591631978759
4 CN 434 0 435 0
0

0101000
+1147 0 -1142 0 *
Ed
 1e-07 1 1 0
1  636 0 0 0.129591076855086
2  1135 434 0 0 0.129591076855086
2  1136 436 0 0 0.129591076855086
4 C0 434 0 436 0
0

0101000
+1142 0 -1152 0 *
Wi

0101100
+1141 0 +1140 0 -1145 0 *
Fa
0  1e-07 434 0

0101000
+1139 0 *
Ve
1e-07
-16.8533744812012 39.2074966430664 118.014610290527
0 0

0101101
*
Ed
 1e-07 1 1 0
1  637 0 0 0.129591076855086
2  1137 435 0 0 0.129591076855086
2  1138 437 0 0 0.129591076855086
4 C0 435 0 437 0
0

0101000
+1147 0 -1137 0 *
Ed
 1e-07 1 1 0
1  638 0 0 0.25
2  1139 435 0 0 0.25
2  1140 438 0 0 0.25
4 C0 435 0 438 0
0

0101000
+1137 0 -1142 0 *
Wi

0101100
+1136 0 +1135 0 -1141 0 *
Fa
0  1e-07 435 0

0101000
+1134 0 *
Ve
1e-07
-16.7454986572266 38.9574966430664 117.942489624023
0 0

0101101
*
Ed
 1e-07 1 1 0
1  639 0 0 0.281671056260967
2  1141 438 0 0 0.281671056260967
2  1142 439 0 0 0.281671056260967
4 CN 438 0 439 0
0

0101000
+1137 0 -1132 0 *
Ed
 1e-07 1 1 0
1  640 0 0 0.129763569368173
2  1143 438 0 0 0.129763569368173
2  1144 440 0 0 0.129763569368173
4 C0 438 0 440 0
0

0101000
+1132 0 -1142 0 *
Wi

0101100
+1131 0 +1130 0 -1135 0 *
Fa
0  1e-07 438 0

0101000
+1129 0 *
Ve
1e-07
-16.7454986572266 39.2074966430664 117.942489624023
0 0

0101101
*
Ed
 1e-07 1 1 0
1  641 0 0 0.129763569368173
2  1145 439 0 0 0.129763569368173
2  1146 441 0 0 0.129763569368173
4 C0 439 0 441 0
0

0101000
+1137 0 -1127 0 *
Ed
 1e-07 1 1 0
1  642 0 0 0.25
2  1147 439 0 0 0.25
2  1148 442 0 0 0.25
4 C0 439 0 442 0
0

0101000
+1127 0 -1132 0 *
Wi

0101100
+1126 0 +1125 0 -1131 0 *
Fa
0  1e-07 439 0

0101000
+1124 0 *
Ed
 1e-07 1 1 0
1  643 0 0 0.281668297531472
2  1149 442 0 0 0.281668297531472
2  1150 384 0 0 0.281668297531472
4 CN 442 0 384 0
0

0101000
+1127 0 -1272 0 *
Ed
 1e-07 1 1 0
1  644 0 0 0.129757581028154
2  1151 442 0 0 0.129757581028154
2  1152 443 0 0 0.129757581028154
4 C0 442 0 443 0
0

0101000
+1272 0 -1132 0 *
Wi

0101100
+1122 0 +1121 0 -1125 0 *
Fa
0  1e-07 442 0

0101000
+1120 0 *
Ed
 1e-07 1 1 0
1  645 0 0 0.129757581028154
2  1153 384 0 0 0.129757581028154
2  1154 444 0 0 0.129757581028154
4 C0 384 0 444 0
0

0101000
+1127 0 -1275 0 *
Wi

0101100
+1118 0 -1270 0 -1122 0 *
Fa
0  1e-07 384 0

0101000
+1117 0 *
Ve
1e-07
-16.4986228942871 39.2074966430664 117.960990905762
0 0

0101101
*
Ed
 1e-07 1 1 0
1  646 0 0 0.127420533380548
2  1155 385 0 0 0.127420533380548
2  1156 445 0 0 0.127420533380548
4 CN 385 0 445 0
0

0101000
+1275 0 -1115 0 *
Ed
 1e-07 1 1 0
1  647 0 0 0.020010442476946
2  1157 385 0 0 0.020010442476946
2  1158 446 0 0 0.020010442476946
4 CN 385 0 446 0
0

0101000
+1115 0 -1267 0 *
Wi

0101100
+1114 0 +1113 0 -1266 0 *
Fa
0  1e-07 385 0

0101000
+1112 0 *
Ve
1e-07
-16.6182479858398 39.2074966430664 117.937110900879
0 0

0101101
*
Ed
 1e-07 1 1 0
1  648 0 0 0.0200042724609375
2  1159 445 0 0 0.0200042724609375
2  1160 444 0 0 0.0200042724609375
4 CN 445 0 444 0
0

0101000
+1275 0 -1110 0 *
Ed
 1e-07 1 1 0
1  649 0 0 0.121985315354772
0

0101000
+1110 0 -1115 0 *
Wi

0101100
+1109 0 +1108 0 -1114 0 *
Fa
0  1e-07 445 0

0101000
+1107 0 *
Ve
1e-07
-16.4986228942871 38.9574966430664 117.960990905762
0 0

0101101
*
Ed
 1e-07 1 1 0
1  650 0 0 0.020010442476946
2  1161 383 0 0 0.020010442476946
2  1162 447 0 0 0.020010442476946
4 CN 383 0 447 0
0

0101000
+1274 0 -1105 0 *
Ed
 1e-07 1 1 0
1  651 0 0 0.127420533380548
2  1163 448 0 0 0.127420533380548
2  1164 383 0 0 0.127420533380548
4 CN 383 0 448 0
0

0101000
+1272 0 -1105 0 *
Wi

0101100
-1271 0 +1104 0 -1103 0 *
Fa
0  1e-07 383 0

0101000
+1102 0 *
Ve
1e-07
-16.6182479858398 38.9574966430664 117.937110900879
0 0

0101101
*
Ed
 1e-07 1 1 0
1  652 0 0 0.121985315354772
0

0101000
+1105 0 -1100 0 *
Ed
 1e-07 1 1 0
1  653 0 0 0.0200042724609375
2  1165 448 0 0 0.0200042724609375
2  1166 443 0 0 0.0200042724609375
4 CN 448 0 443 0
0

0101000
+1100 0 -1272 0 *
Wi

0101100
+1103 0 +1099 0 +1098 0 *
Fa
0  1e-07 448 0

0101000
+1097 0 *
Ve
1e-07
-16.3972473144531 39.2074966430664 118.028732299805
0 0

0101101
*
Ed
 1e-07 1 1 0
1  654 0 0 0.127386103078069
2  1167 389 0 0 0.127386103078069
2  1168 446 0 0 0.127386103078069
4 CN 389 0 446 0
0

0101000
+1267 0 -1095 0 *
Ed
 1e-07 1 1 0
1  655 0 0 0.0200593824486035
2  1169 389 0 0 0.0200593824486035
2  1170 449 0 0 0.0200593824486035
4 CN 389 0 449 0
0

0101000
+1095 0 -1257 0 *
Wi

0101100
+1094 0 +1093 0 -1256 0 *
Fa
0  1e-07 389 0

0101000
+1092 0 *
Ed
 1e-07 1 1 0
1  656 0 0 0.121925816189851
2  1171 450 0 0 0.121925816189851
2  1172 446 0 0 0.121925816189851
4 C0 446 0 450 0
0

0101000
+1115 0 -1095 0 *
Wi

0101100
-1113 0 +1090 0 -1094 0 *
Fa
0  1e-07 446 0

0101000
+1089 0 *
Ve
1e-07
-16.6182479858398 13.4749975204468 118.562232971191
0 0

0101101
*
Ve
1e-07
-16.7329978942871 13.4749975204468 118.526863098145
0 0

0101101
*
Ed
 1e-07 1 1 0
1  657 0 0 0.120077347605649
2  1173 451 0 0 0.120077347605649
2  1174 452 0 0 0.120077347605649
4 CN 451 0 452 0
0

0101000
+1087 0 -1086 0 *
Ve
1e-07
-16.6182479858398 13.4749975204468 118.549743652344
0 0

0101101
*
Ed
 1e-07 1 1 0
1  658 0 0 0.117008808425346
0

0101000
+1086 0 -1084 0 *
Ed
 1e-07 1 1 0
1  659 0 0 0.0124893188476562
2  1175 451 0 0 0.0124893188476562
2  1176 453 0 0 0.0124893188476562
4 CN 451 0 453 0
0

0101000
+1084 0 -1087 0 *
Wi

0101100
+1085 0 +1083 0 +1082 0 *
Fa
0  1e-07 451 0

0101000
+1081 0 *
Ve
1e-07
-16.7377490997314 13.4749975204468 118.538368225098
0 0

0101101
*
Ed
 1e-07 1 1 0
1  660 0 0 0.121860749741058
2  1177 452 0 0 0.121860749741058
2  1178 454 0 0 0.121860749741058
4 C0 452 0 454 0
0

0101000
+1087 0 -1079 0 *
Ed
 1e-07 1 1 0
1  661 0 0 0.0124475660023079
2  1179 452 0 0 0.0124475660023079
2  1180 455 0 0 0.0124475660023079
4 CN 452 0 455 0
0

0101000
+1079 0 -1086 0 *
Wi

0101100
+1078 0 +1077 0 -1085 0 *
Fa
0  1e-07 452 0

0101000
+1076 0 *
Ve
1e-07
-16.8303718566895 13.4749975204468 118.461860656738
0 0

0101101
*
Ed
 1e-07 1 1 0
1  662 0 0 0.120134853904962
2  1181 455 0 0 0.120134853904962
2  1182 456 0 0 0.120134853904962
4 CN 455 0 456 0
0

0101000
+1079 0 -1074 0 *
Ed
 1e-07 1 1 0
1  663 0 0 0.117076923186023
0

0101000
+1074 0 -1086 0 *
Wi

0101100
+1073 0 +1072 0 -1077 0 *
Fa
0  1e-07 455 0

0101000
+1071 0 *
Ve
1e-07
-16.8391227722168 13.4749975204468 118.470611572266
0 0

0101101
*
Ed
 1e-07 1 1 0
1  664 0 0 0.121932708803535
2  1183 456 0 0 0.121932708803535
2  1184 457 0 0 0.121932708803535
4 C0 456 0 457 0
0

0101000
+1079 0 -1069 0 *
Ed
 1e-07 1 1 0
1  665 0 0 0.0123756634219508
2  1185 456 0 0 0.0123756634219508
2  1186 458 0 0 0.0123756634219508
4 CN 456 0 458 0
0

0101000
+1069 0 -1074 0 *
Wi

0101100
+1068 0 +1067 0 -1073 0 *
Fa
0  1e-07 456 0

0101000
+1066 0 *
Ve
1e-07
-16.8953723907471 13.4749975204468 118.364486694336
0 0

0101101
*
Ed
 1e-07 1 1 0
1  666 0 0 0.120110404630042
2  1187 458 0 0 0.120110404630042
2  1188 459 0 0 0.120110404630042
4 CN 458 0 459 0
0

0101000
+1069 0 -1064 0 *
Ed
 1e-07 1 1 0
1  667 0 0 0.117075864215083
0

0101000
+1064 0 -1074 0 *
Wi

0101100
+1063 0 +1062 0 -1067 0 *
Fa
0  1e-07 458 0

0101000
+1061 0 *
Ve
1e-07
-16.9068737030029 13.4749975204468 118.369232177734
0 0

0101101
*
Ed
 1e-07 1 1 0
1  668 0 0 0.121934286637968
2  1189 459 0 0 0.121934286637968
2  1190 460 0 0 0.121934286637968
4 C0 459 0 460 0
0

0101000
+1069 0 -1059 0 *
Ed
 1e-07 1 1 0
1  669 0 0 0.0124418566255855
2  1191 459 0 0 0.0124418566255855
2  1192 461 0 0 0.0124418566255855
4 CN 459 0 461 0
0

0101000
+1059 0 -1064 0 *
Wi

0101100
+1058 0 +1057 0 -1063 0 *
Fa
0  1e-07 459 0

0101000
+1056 0 *
Ve
1e-07
-16.9182472229004 13.4749975204468 118.249618530273
0 0

0101101
*
Ed
 1e-07 1 1 0
1  670 0 0 0.120153158983721
2  1193 461 0 0 0.120153158983721
2  1194 462 0 0 0.120153158983721
4 CN 461 0 462 0
0

0101000
+1059 0 -1054 0 *
Ed
 1e-07 1 1 0
1  671 0 0 0.117123665674927
0

0101000
+1054 0 -1064 0 *
Wi

0101100
+1053 0 +1052 0 -1057 0 *
Fa
0  1e-07 461 0

0101000
+1051 0 *
Ve
1e-07
-16.9307479858398 13.4749975204468 118.249740600586
0 0

0101101
*
Ed
 1e-07 1 1 0
1  672 0 0 0.121853265817531
2  1195 462 0 0 0.121853265817531
2  1196 463 0 0 0.121853265817531
4 C0 462 0 463 0
0

0101000
+1059 0 -1049 0 *
Ed
 1e-07 1 1 0
1  673 0 0 0.0125013589353157
2  1197 462 0 0 0.0125013589353157
2  1198 464 0 0 0.0125013589353157
4 CN 462 0 464 0
0

0101000
+1049 0 -1054 0 *
Wi

0101100
+1048 0 +1047 0 -1053 0 *
Fa
0  1e-07 462 0

0101000
+1046 0 *
Ve
1e-07
-16.8953723907471 13.4749975204468 118.134864807129
0 0

0101101
*
Ed
 1e-07 1 1 0
1  674 0 0 0.120199337146884
2  1199 464 0 0 0.120199337146884
2  1200 465 0 0 0.120199337146884
4 CN 464 0 465 0
0

0101000
+1049 0 -1044 0 *
Ed
 1e-07 1 1 0
1  675 0 0 0.117011430730396
0

0101000
+1044 0 -1054 0 *
Wi

0101100
+1043 0 +1042 0 -1047 0 *
Fa
0  1e-07 464 0

0101000
+1041 0 *
Ve
1e-07
-16.9068737030029 13.4749975204468 118.130111694336
0 0

0101101
*
Ed
 1e-07 1 1 0
1  676 0 0 0.121987936254157
2  1201 465 0 0 0.121987936254157
2  1202 466 0 0 0.121987936254157
4 C0 465 0 466 0
0

0101000
+1049 0 -1039 0 *
Ed
 1e-07 1 1 0
1  677 0 0 0.0124447685727564
2  1203 465 0 0 0.0124447685727564
2  1204 467 0 0 0.0124447685727564
4 CN 465 0 467 0
0

0101000
+1039 0 -1044 0 *
Wi

0101100
+1038 0 +1037 0 -1043 0 *
Fa
0  1e-07 465 0

0101000
+1036 0 *
Ve
1e-07
-16.8303718566895 13.4749975204468 118.037483215332
0 0

0101101
*
Ed
 1e-07 1 1 0
1  678 0 0 0.120135621744543
2  1205 467 0 0 0.120135621744543
2  1206 468 0 0 0.120135621744543
4 CN 467 0 468 0
0

0101000
+1039 0 -1034 0 *
Ed
 1e-07 1 1 0
1  679 0 0 0.117082209787263
0

0101000
+1034 0 -1044 0 *
Wi

0101100
+1033 0 +1032 0 -1037 0 *
Fa
0  1e-07 467 0

0101000
+1031 0 *
Ve
1e-07
-16.8391227722168 13.4749975204468 118.028732299805
0 0

0101101
*
Ed
 1e-07 1 1 0
1  680 0 0 0.121934286637968
2  1207 468 0 0 0.121934286637968
2  1208 469 0 0 0.121934286637968
4 C0 468 0 469 0
0

0101000
+1039 0 -1029 0 *
Ed
 1e-07 1 1 0
1  681 0 0 0.0123756634219508
2  1209 468 0 0 0.0123756634219508
2  1210 470 0 0 0.0123756634219508
4 CN 468 0 470 0
0

0101000
+1029 0 -1034 0 *
Wi

0101100
+1028 0 +1027 0 -1033 0 *
Fa
0  1e-07 468 0

0101000
+1026 0 *
Ve
1e-07
-16.7329978942871 13.4749975204468 117.972496032715
0 0

0101101
*
Ed
 1e-07 1 1 0
1  682 0 0 0.120104152516852
2  1211 470 0 0 0.120104152516852
2  1212 471 0 0 0.120104152516852
4 CN 470 0 471 0
0

0101000
+1029 0 -1024 0 *
Ed
 1e-07 1 1 0
1  683 0 0 0.1170684520204
0

0101000
+1024 0 -1034 0 *
Wi

0101100
+1023 0 +1022 0 -1027 0 *
Fa
0  1e-07 470 0

0101000
+1021 0 *
Ve
1e-07
-16.7377490997314 13.4749975204468 117.960861206055
0 0

0101101
*
Ed
 1e-07 1 1 0
1  684 0 0 0.121996339453234
2  1213 471 0 0 0.121996339453234
2  1214 472 0 0 0.121996339453234
4 C0 471 0 472 0
0

0101000
+1029 0 -1019 0 *
Ed
 1e-07 1 1 0
1  685 0 0 0.0125675432995542
2  1215 471 0 0 0.0125675432995542
2  1216 473 0 0 0.0125675432995542
4 CN 471 0 473 0
0

0101000
+1019 0 -1024 0 *
Wi

0101100
+1018 0 +1017 0 -1023 0 *
Fa
0  1e-07 471 0

0101000
+1016 0 *
Ve
1e-07
-16.6182479858398 13.4749975204468 117.949615478516
0 0

0101101
*
Ed
 1e-07 1 1 0
1  686 0 0 0.120029090678953
2  1217 473 0 0 0.120029090678953
2  1218 474 0 0 0.120029090678953
4 CN 473 0 474 0
0

0101000
+1019 0 -1014 0 *
Ed
 1e-07 1 1 0
1  687 0 0 0.117008808425346
0

0101000
+1014 0 -1024 0 *
Wi

0101100
+1013 0 +1012 0 -1017 0 *
Fa
0  1e-07 473 0

0101000
+1011 0 *
Ve
1e-07
-16.6182479858398 13.4749975204468 117.937110900879
0 0

0101101
*
Ed
 1e-07 1 1 0
1  688 0 0 0.121838389751655
2  1219 474 0 0 0.121838389751655
2  1220 475 0 0 0.121838389751655
4 C0 474 0 475 0
0

0101000
+1019 0 -1009 0 *
Ed
 1e-07 1 1 0
1  689 0 0 0.0125045776367188
2  1221 474 0 0 0.0125045776367188
2  1222 476 0 0 0.0125045776367188
4 CN 474 0 476 0
0

0101000
+1009 0 -1014 0 *
Wi

0101100
+1008 0 +1007 0 -1013 0 *
Fa
0  1e-07 474 0

0101000
+1006 0 *
Ve
1e-07
-16.5033721923828 13.4749975204468 117.972496032715
0 0

0101101
*
Ed
 1e-07 1 1 0
1  690 0 0 0.120202144229748
2  1223 476 0 0 0.120202144229748
2  1224 477 0 0 0.120202144229748
4 CN 476 0 477 0
0

0101000
+1009 0 -1004 0 *
Ed
 1e-07 1 1 0
1  691 0 0 0.117132265763307
0

0101000
+1004 0 -1014 0 *
Wi

0101100
+1003 0 +1002 0 -1007 0 *
Fa
0  1e-07 476 0

0101000
+1001 0 *
Ve
1e-07
-16.4986228942871 13.4749975204468 117.960990905762
0 0

0101101
*
Ed
 1e-07 1 1 0
1  692 0 0 0.121985315354772
2  1225 477 0 0 0.121985315354772
2  1226 478 0 0 0.121985315354772
4 C0 477 0 478 0
0

0101000
+1009 0 -999 0 *
Ed
 1e-07 1 1 0
1  693 0 0 0.0124468380968571
2  1227 477 0 0 0.0124468380968571
2  1228 479 0 0 0.0124468380968571
4 CN 477 0 479 0
0

0101000
+999 0 -1004 0 *
Wi

0101100
+998 0 +997 0 -1003 0 *
Fa
0  1e-07 477 0

0101000
+996 0 *
Ve
1e-07
-16.4061241149902 13.4749975204468 118.037483215332
0 0

0101101
*
Ed
 1e-07 1 1 0
1  694 0 0 0.12002956966853
2  1229 479 0 0 0.12002956966853
2  1230 480 0 0 0.12002956966853
4 CN 479 0 480 0
0

0101000
+999 0 -994 0 *
Ed
 1e-07 1 1 0
1  695 0 0 0.116963765590342
0

0101000
+994 0 -1004 0 *
Wi

0101100
+993 0 +992 0 -997 0 *
Fa
0  1e-07 479 0

0101000
+991 0 *
Ve
1e-07
-16.3972473144531 13.4749975204468 118.028732299805
0 0

0101101
*
Ed
 1e-07 1 1 0
1  696 0 0 0.121925816189851
2  1231 480 0 0 0.121925816189851
2  1232 481 0 0 0.121925816189851
4 C0 480 0 481 0
0

0101000
+999 0 -989 0 *
Ed
 1e-07 1 1 0
1  697 0 0 0.0124649954008147
2  1233 480 0 0 0.0124649954008147
2  1234 482 0 0 0.0124649954008147
4 CN 480 0 482 0
0

0101000
+989 0 -994 0 *
Wi

0101100
+988 0 +987 0 -993 0 *
Fa
0  1e-07 480 0

0101000
+986 0 *
Ve
1e-07
-16.3409976959229 13.4749975204468 118.134864807129
0 0

0101101
*
Ed
 1e-07 1 1 0
1  698 0 0 0.120117145719196
2  1235 482 0 0 0.120117145719196
2  1236 483 0 0 0.120117145719196
4 CN 482 0 483 0
0

0101000
+989 0 -984 0 *
Ed
 1e-07 1 1 0
1  699 0 0 0.117152144160632
0

0101000
+984 0 -994 0 *
Wi

0101100
+983 0 +982 0 -987 0 *
Fa
0  1e-07 482 0

0101000
+981 0 *
Ve
1e-07
-16.3294982910156 13.4749975204468 118.130111694336
0 0

0101101
*
Ed
 1e-07 1 1 0
1  700 0 0 0.121933226859039
2  1237 483 0 0 0.121933226859039
2  1238 484 0 0 0.121933226859039
4 C0 483 0 484 0
0

0101000
+989 0 -979 0 *
Ed
 1e-07 1 1 0
1  701 0 0 0.0124430058443701
2  1239 483 0 0 0.0124430058443701
2  1240 485 0 0 0.0124430058443701
4 CN 483 0 485 0
0

0101000
+979 0 -984 0 *
Wi

0101100
+978 0 +977 0 -983 0 *
Fa
0  1e-07 483 0

0101000
+976 0 *
Ve
1e-07
-16.3182487487793 13.4749975204468 118.249618530273
0 0

0101101
*
Ed
 1e-07 1 1 0
1  702 0 0 0.120035145004784
2  1241 485 0 0 0.120035145004784
2  1242 486 0 0 0.120035145004784
4 CN 485 0 486 0
0

0101000
+979 0 -974 0 *
Ed
 1e-07 1 1 0
1  703 0 0 0.116986886323519
0

0101000
+974 0 -984 0 *
Wi

0101100
+973 0 +972 0 -977 0 *
Fa
0  1e-07 485 0

0101000
+971 0 *
Ve
1e-07
-16.3057498931885 13.4749975204468 118.249618530273
0 0

0101101
*
Ed
 1e-07 1 1 0
1  704 0 0 0.121843630260876
2  1243 486 0 0 0.121843630260876
2  1244 487 0 0 0.121843630260876
4 C0 486 0 487 0
0

0101000
+979 0 -969 0 *
Ed
 1e-07 1 1 0
1  705 0 0 0.0124988555908203
2  1245 486 0 0 0.0124988555908203
2  1246 488 0 0 0.0124988555908203
4 CN 486 0 488 0
0

0101000
+969 0 -974 0 *
Wi

0101100
+968 0 +967 0 -973 0 *
Fa
0  1e-07 486 0

0101000
+966 0 *
Ve
1e-07
-16.3409976959229 13.4749975204468 118.364486694336
0 0

0101101
*
Ed
 1e-07 1 1 0
1  706 0 0 0.120154495183039
2  1247 488 0 0 0.120154495183039
2  1248 489 0 0 0.120154495183039
4 CN 488 0 489 0
0

0101000
+969 0 -964 0 *
Ed
 1e-07 1 1 0
1  707 0 0 0.117099144792905
0

0101000
+964 0 -974 0 *
Wi

0101100
+963 0 +962 0 -967 0 *
Fa
0  1e-07 488 0

0101000
+961 0 *
Ve
1e-07
-16.3294982910156 13.4749975204468 118.369232177734
0 0

0101101
*
Ed
 1e-07 1 1 0
1  708 0 0 0.12194839506228
2  1249 489 0 0 0.12194839506228
2  1250 490 0 0 0.12194839506228
4 C0 489 0 490 0
0

0101000
+969 0 -959 0 *
Ed
 1e-07 1 1 0
1  709 0 0 0.0124400934845841
2  1251 489 0 0 0.0124400934845841
2  1252 491 0 0 0.0124400934845841
4 CN 489 0 491 0
0

0101000
+959 0 -964 0 *
Wi

0101100
+958 0 +957 0 -963 0 *
Fa
0  1e-07 489 0

0101000
+956 0 *
Ve
1e-07
-16.4061241149902 13.4749975204468 118.461738586426
0 0

0101101
*
Ed
 1e-07 1 1 0
1  710 0 0 0.120120575043451
2  1253 491 0 0 0.120120575043451
2  1254 492 0 0 0.120120575043451
4 CN 491 0 492 0
0

0101000
+959 0 -954 0 *
Ed
 1e-07 1 1 0
1  711 0 0 0.117044354736121
0

0101000
+954 0 -964 0 *
Wi

0101100
+953 0 +952 0 -957 0 *
Fa
0  1e-07 491 0

0101000
+951 0 *
Ve
1e-07
-16.3972473144531 13.4749975204468 118.470611572266
0 0

0101101
*
Ed
 1e-07 1 1 0
1  712 0 0 0.121933226859039
2  1255 492 0 0 0.121933226859039
2  1256 493 0 0 0.121933226859039
4 C0 492 0 493 0
0

0101000
+959 0 -949 0 *
Ed
 1e-07 1 1 0
1  713 0 0 0.012550994601612
2  1257 492 0 0 0.012550994601612
2  1258 494 0 0 0.012550994601612
4 CN 492 0 494 0
0

0101000
+949 0 -954 0 *
Wi

0101100
+948 0 +947 0 -953 0 *
Fa
0  1e-07 492 0

0101000
+946 0 *
Ve
1e-07
-16.5033721923828 13.4749975204468 118.526863098145
0 0

0101101
*
Ed
 1e-07 1 1 0
1  714 0 0 0.120111297883656
2  1259 494 0 0 0.120111297883656
2  1260 495 0 0 0.120111297883656
4 CN 494 0 495 0
0

0101000
+949 0 -944 0 *
Ed
 1e-07 1 1 0
1  715 0 0 0.117040123817255
0

0101000
+944 0 -954 0 *
Wi

0101100
+943 0 +942 0 -947 0 *
Fa
0  1e-07 494 0

0101000
+941 0 *
Ve
1e-07
-16.4986228942871 13.4749975204468 118.538368225098
0 0

0101101
*
Ed
 1e-07 1 1 0
1  716 0 0 0.121934294559312
2  1261 495 0 0 0.121934294559312
2  1262 496 0 0 0.121934294559312
4 C0 495 0 496 0
0

0101000
+949 0 -939 0 *
Ed
 1e-07 1 1 0
1  717 0 0 0.0124468380968571
2  1263 495 0 0 0.0124468380968571
2  1264 497 0 0 0.0124468380968571
4 CN 495 0 497 0
0

0101000
+939 0 -944 0 *
Wi

0101100
+938 0 +937 0 -943 0 *
Fa
0  1e-07 495 0

0101000
+936 0 *
Ed
 1e-07 1 1 0
1  718 0 0 0.120164732238836
2  1265 497 0 0 0.120164732238836
2  1266 453 0 0 0.120164732238836
4 CN 497 0 453 0
0

0101000
+939 0 -1084 0 *
Ed
 1e-07 1 1 0
1  719 0 0 0.117132265763307
0

0101000
+1084 0 -944 0 *
Wi

0101100
+934 0 +933 0 -937 0 *
Fa
0  1e-07 497 0

0101000
+932 0 *
Ed
 1e-07 1 1 0
1  720 0 0 0.121982329192056
2  1267 453 0 0 0.121982329192056
2  1268 498 0 0 0.121982329192056
4 C0 453 0 498 0
0

0101000
+939 0 -1087 0 *
Wi

0101100
+930 0 -1082 0 -934 0 *
Fa
0  1e-07 453 0

0101000
+929 0 *
Ve
1e-07
-16.6182479858398 39.2074966430664 118.562232971191
0 0

0101101
*
Ed
 1e-07 1 1 0
1  721 0 0 25.7327876674477
2  1269 454 0 0 25.7327876674477
2  1270 499 0 0 25.7327876674477
4 CN 454 0 499 0
0

0101000
+927 0 -1079 0 *
Ed
 1e-07 1 1 0
1  722 0 0 25.7324991226196
2  1271 454 0 0 25.7324991226196
2  1272 500 0 0 25.7324991226196
4 C0 454 0 500 0
0

0101000
+1087 0 -927 0 *
Wi

0101100
+926 0 -1078 0 +925 0 *
Fa
0  1e-07 454 0

0101000
+924 0 *
Ve
1e-07
-16.7377490997314 39.2074966430664 118.538368225098
0 0

0101101
*
Ed
 1e-07 1 1 0
1  723 0 0 0.121860749741058
2  1273 499 0 0 0.121860749741058
2  1274 501 0 0 0.121860749741058
4 C0 499 0 501 0
0

0101000
+927 0 -922 0 *
Ed
 1e-07 1 1 0
1  724 0 0 25.7324991226196
2  1275 499 0 0 25.7324991226196
2  1276 457 0 0 25.7324991226196
4 C0 499 0 457 0
0

0101000
+922 0 -1079 0 *
Wi

0101100
+921 0 +920 0 -926 0 *
Fa
0  1e-07 499 0

0101000
+919 0 *
Ed
 1e-07 1 1 0
1  725 0 0 25.7327880083192
2  1277 457 0 0 25.7327880083192
2  1278 502 0 0 25.7327880083192
4 CN 457 0 502 0
0

0101000
+922 0 -1069 0 *
Wi

0101100
+917 0 -1068 0 -920 0 *
Fa
0  1e-07 457 0

0101000
+916 0 *
Ve
1e-07
-16.8391227722168 39.2074966430664 118.470611572266
0 0

0101101
*
Ed
 1e-07 1 1 0
1  726 0 0 0.121932708803535
2  1279 502 0 0 0.121932708803535
2  1280 503 0 0 0.121932708803535
4 C0 502 0 503 0
0

0101000
+922 0 -914 0 *
Ed
 1e-07 1 1 0
1  727 0 0 25.7324991226196
2  1281 502 0 0 25.7324991226196
2  1282 460 0 0 25.7324991226196
4 C0 502 0 460 0
0

0101000
+914 0 -1069 0 *
Wi

0101100
+913 0 +912 0 -917 0 *
Fa
0  1e-07 502 0

0101000
+911 0 *
Ed
 1e-07 1 1 0
1  728 0 0 25.7327880157957
2  1283 460 0 0 25.7327880157957
2  1284 504 0 0 25.7327880157957
4 CN 460 0 504 0
0

0101000
+914 0 -1059 0 *
Wi

0101100
+909 0 -1058 0 -912 0 *
Fa
0  1e-07 460 0

0101000
+908 0 *
Ve
1e-07
-16.9068737030029 39.2074966430664 118.369232177734
0 0

0101101
*
Ed
 1e-07 1 1 0
1  729 0 0 0.121934286637968
2  1285 504 0 0 0.121934286637968
2  1286 505 0 0 0.121934286637968
4 C0 504 0 505 0
0

0101000
+914 0 -906 0 *
Ed
 1e-07 1 1 0
1  730 0 0 25.7324991226196
2  1287 504 0 0 25.7324991226196
2  1288 463 0 0 25.7324991226196
4 C0 504 0 463 0
0

0101000
+906 0 -1059 0 *
Wi

0101100
+905 0 +904 0 -909 0 *
Fa
0  1e-07 504 0

0101000
+903 0 *
Ed
 1e-07 1 1 0
1  731 0 0 25.7327876320077
2  1289 463 0 0 25.7327876320077
2  1290 506 0 0 25.7327876320077
4 CN 463 0 506 0
0

0101000
+906 0 -1049 0 *
Wi

0101100
+901 0 -1048 0 -904 0 *
Fa
0  1e-07 463 0

0101000
+900 0 *
Ve
1e-07
-16.9307479858398 39.2074966430664 118.249740600586
0 0

0101101
*
Ed
 1e-07 1 1 0
1  732 0 0 0.121853265817531
2  1291 506 0 0 0.121853265817531
2  1292 507 0 0 0.121853265817531
4 C0 506 0 507 0
0

0101000
+906 0 -898 0 *
Ed
 1e-07 1 1 0
1  733 0 0 25.7324991226196
2  1293 506 0 0 25.7324991226196
2  1294 466 0 0 25.7324991226196
4 C0 506 0 466 0
0

0101000
+898 0 -1049 0 *
Wi

0101100
+897 0 +896 0 -901 0 *
Fa
0  1e-07 506 0

0101000
+895 0 *
Ed
 1e-07 1 1 0
1  734 0 0 25.7327882700692
2  1295 466 0 0 25.7327882700692
2  1296 508 0 0 25.7327882700692
4 CN 466 0 508 0
0

0101000
+898 0 -1039 0 *
Wi

0101100
+893 0 -1038 0 -896 0 *
Fa
0  1e-07 466 0

0101000
+892 0 *
Ve
1e-07
-16.9068737030029 39.2074966430664 118.130111694336
0 0

0101101
*
Ed
 1e-07 1 1 0
1  735 0 0 0.121987936254157
2  1297 508 0 0 0.121987936254157
2  1298 509 0 0 0.121987936254157
4 C0 508 0 509 0
0

0101000
+898 0 -890 0 *
Ed
 1e-07 1 1 0
1  736 0 0 25.7324991226196
2  1299 508 0 0 25.7324991226196
2  1300 469 0 0 25.7324991226196
4 C0 508 0 469 0
0

0101000
+890 0 -1039 0 *
Wi

0101100
+889 0 +888 0 -893 0 *
Fa
0  1e-07 508 0

0101000
+887 0 *
Ed
 1e-07 1 1 0
1  737 0 0 25.7327880157957
2  1301 469 0 0 25.7327880157957
2  1302 510 0 0 25.7327880157957
4 CN 469 0 510 0
0

0101000
+890 0 -1029 0 *
Wi

0101100
+885 0 -1028 0 -888 0 *
Fa
0  1e-07 469 0

0101000
+884 0 *
Ve
1e-07
-16.8391227722168 39.2074966430664 118.028732299805
0 0

0101101
*
Ed
 1e-07 1 1 0
1  738 0 0 0.121934286637968
2  1303 510 0 0 0.121934286637968
2  1304 511 0 0 0.121934286637968
4 C0 510 0 511 0
0

0101000
+890 0 -882 0 *
Ed
 1e-07 1 1 0
1  739 0 0 25.7324991226196
2  1305 510 0 0 25.7324991226196
2  1306 472 0 0 25.7324991226196
4 C0 510 0 472 0
0

0101000
+882 0 -1029 0 *
Wi

0101100
+881 0 +880 0 -885 0 *
Fa
0  1e-07 510 0

0101000
+879 0 *
Ed
 1e-07 1 1 0
1  740 0 0 25.7327883099065
2  1307 472 0 0 25.7327883099065
2  1308 512 0 0 25.7327883099065
4 CN 472 0 512 0
0

0101000
+882 0 -1019 0 *
Wi

0101100
+877 0 -1018 0 -880 0 *
Fa
0  1e-07 472 0

0101000
+876 0 *
Ve
1e-07
-16.7377490997314 39.2074966430664 117.960861206055
0 0

0101101
*
Ed
 1e-07 1 1 0
1  741 0 0 0.121996339453234
2  1309 512 0 0 0.121996339453234
2  1310 513 0 0 0.121996339453234
4 C0 512 0 513 0
0

0101000
+882 0 -874 0 *
Ed
 1e-07 1 1 0
1  742 0 0 25.7324991226196
2  1311 512 0 0 25.7324991226196
2  1312 475 0 0 25.7324991226196
4 C0 512 0 475 0
0

0101000
+874 0 -1019 0 *
Wi

0101100
+873 0 +872 0 -877 0 *
Fa
0  1e-07 512 0

0101000
+871 0 *
Ed
 1e-07 1 1 0
1  743 0 0 25.7327875615689
2  1313 475 0 0 25.7327875615689
2  1314 514 0 0 25.7327875615689
4 CN 475 0 514 0
0

0101000
+874 0 -1009 0 *
Wi

0101100
+869 0 -1008 0 -872 0 *
Fa
0  1e-07 475 0

0101000
+868 0 *
Ed
 1e-07 1 1 0
1  744 0 0 0.121838389751655
2  1315 514 0 0 0.121838389751655
2  1316 515 0 0 0.121838389751655
4 C0 514 0 515 0
0

0101000
+874 0 -1110 0 *
Ed
 1e-07 1 1 0
1  745 0 0 25.7324991226196
2  1317 514 0 0 25.7324991226196
2  1318 478 0 0 25.7324991226196
4 C0 514 0 478 0
0

0101000
+1110 0 -1009 0 *
Wi

0101100
+866 0 +865 0 -869 0 *
Fa
0  1e-07 514 0

0101000
+864 0 *
Ed
 1e-07 1 1 0
1  746 0 0 25.7327882576448
2  1319 478 0 0 25.7327882576448
2  1320 516 0 0 25.7327882576448
4 CN 478 0 516 0
0

0101000
+1110 0 -999 0 *
Wi

0101100
+862 0 -998 0 -865 0 *
Fa
0  1e-07 478 0

0101000
+861 0 *
Ed
 1e-07 1 1 0
1  747 0 0 0.121985315354772
2  1321 516 0 0 0.121985315354772
2  1322 517 0 0 0.121985315354772
4 C0 516 0 517 0
0

0101000
+1110 0 -1115 0 *
Ed
 1e-07 1 1 0
1  748 0 0 25.7324991226196
2  1323 516 0 0 25.7324991226196
2  1324 481 0 0 25.7324991226196
4 C0 516 0 481 0
0

0101000
+1115 0 -999 0 *
Wi

0101100
+859 0 +858 0 -862 0 *
Fa
0  1e-07 516 0

0101000
+857 0 *
Ed
 1e-07 1 1 0
1  749 0 0 25.73278797566
2  1325 481 0 0 25.73278797566
2  1326 450 0 0 25.73278797566
4 CN 481 0 450 0
0

0101000
+1115 0 -989 0 *
Wi

0101100
+855 0 -988 0 -858 0 *
Fa
0  1e-07 481 0

0101000
+854 0 *
Ed
 1e-07 1 1 0
1  750 0 0 25.7324991226196
2  1327 450 0 0 25.7324991226196
2  1328 484 0 0 25.7324991226196
4 C0 450 0 484 0
0

0101000
+1095 0 -989 0 *
Wi

0101100
+1090 0 +852 0 -855 0 *
Fa
0  1e-07 450 0

0101000
+851 0 *
Ed
 1e-07 1 1 0
1  751 0 0 25.732788010774
2  1329 484 0 0 25.732788010774
2  1330 518 0 0 25.732788010774
4 CN 484 0 518 0
0

0101000
+1095 0 -979 0 *
Wi

0101100
+849 0 -978 0 -852 0 *
Fa
0  1e-07 484 0

0101000
+848 0 *
Ve
1e-07
-16.3294982910156 39.2074966430664 118.130111694336
0 0

0101101
*
Ed
 1e-07 1 1 0
1  752 0 0 0.121933226859039
2  1331 518 0 0 0.121933226859039
2  1332 519 0 0 0.121933226859039
4 C0 518 0 519 0
0

0101000
+1095 0 -846 0 *
Ed
 1e-07 1 1 0
1  753 0 0 25.7324991226196
2  1333 518 0 0 25.7324991226196
2  1334 487 0 0 25.7324991226196
4 C0 518 0 487 0
0

0101000
+846 0 -979 0 *
Wi

0101100
+845 0 +844 0 -849 0 *
Fa
0  1e-07 518 0

0101000
+843 0 *
Ed
 1e-07 1 1 0
1  754 0 0 25.732787586382
2  1335 487 0 0 25.732787586382
2  1336 520 0 0 25.732787586382
4 CN 487 0 520 0
0

0101000
+846 0 -969 0 *
Wi

0101100
+841 0 -968 0 -844 0 *
Fa
0  1e-07 487 0

0101000
+840 0 *
Ve
1e-07
-16.3057498931885 39.2074966430664 118.249618530273
0 0

0101101
*
Ed
 1e-07 1 1 0
1  755 0 0 0.121843630260876
2  1337 520 0 0 0.121843630260876
2  1338 521 0 0 0.121843630260876
4 C0 520 0 521 0
0

0101000
+846 0 -838 0 *
Ed
 1e-07 1 1 0
1  756 0 0 25.7324991226196
2  1339 520 0 0 25.7324991226196
2  1340 490 0 0 25.7324991226196
4 C0 520 0 490 0
0

0101000
+838 0 -969 0 *
Wi

0101100
+837 0 +836 0 -841 0 *
Fa
0  1e-07 520 0

0101000
+835 0 *
Ed
 1e-07 1 1 0
1  757 0 0 25.732788082652
2  1341 490 0 0 25.732788082652
2  1342 522 0 0 25.732788082652
4 CN 490 0 522 0
0

0101000
+838 0 -959 0 *
Wi

0101100
+833 0 -958 0 -836 0 *
Fa
0  1e-07 490 0

0101000
+832 0 *
Ve
1e-07
-16.3294982910156 39.2074966430664 118.369232177734
0 0

0101101
*
Ed
 1e-07 1 1 0
1  758 0 0 0.12194839506228
2  1343 522 0 0 0.12194839506228
2  1344 523 0 0 0.12194839506228
4 C0 522 0 523 0
0

0101000
+838 0 -830 0 *
Ed
 1e-07 1 1 0
1  759 0 0 25.7324991226196
2  1345 522 0 0 25.7324991226196
2  1346 493 0 0 25.7324991226196
4 C0 522 0 493 0
0

0101000
+830 0 -959 0 *
Wi

0101100
+829 0 +828 0 -833 0 *
Fa
0  1e-07 522 0

0101000
+827 0 *
Ed
 1e-07 1 1 0
1  760 0 0 25.732788010774
2  1347 493 0 0 25.732788010774
2  1348 524 0 0 25.732788010774
4 CN 493 0 524 0
0

0101000
+830 0 -949 0 *
Wi

0101100
+825 0 -948 0 -828 0 *
Fa
0  1e-07 493 0

0101000
+824 0 *
Ve
1e-07
-16.3972473144531 39.2074966430664 118.470611572266
0 0

0101101
*
Ed
 1e-07 1 1 0
1  761 0 0 0.121933226859039
2  1349 524 0 0 0.121933226859039
2  1350 525 0 0 0.121933226859039
4 C0 524 0 525 0
0

0101000
+830 0 -822 0 *
Ed
 1e-07 1 1 0
1  762 0 0 25.7324991226196
2  1351 524 0 0 25.7324991226196
2  1352 496 0 0 25.7324991226196
4 C0 524 0 496 0
0

0101000
+822 0 -949 0 *
Wi

0101100
+821 0 +820 0 -825 0 *
Fa
0  1e-07 524 0

0101000
+819 0 *
Ed
 1e-07 1 1 0
1  763 0 0 25.7327880158332
2  1353 496 0 0 25.7327880158332
2  1354 526 0 0 25.7327880158332
4 CN 496 0 526 0
0

0101000
+822 0 -939 0 *
Wi

0101100
+817 0 -938 0 -820 0 *
Fa
0  1e-07 496 0

0101000
+816 0 *
Ve
1e-07
-16.4986228942871 39.2074966430664 118.538368225098
0 0

0101101
*
Ed
 1e-07 1 1 0
1  764 0 0 0.121934294559312
2  1355 526 0 0 0.121934294559312
2  1356 527 0 0 0.121934294559312
4 C0 526 0 527 0
0

0101000
+822 0 -814 0 *
Ed
 1e-07 1 1 0
1  765 0 0 25.7324991226196
2  1357 526 0 0 25.7324991226196
2  1358 498 0 0 25.7324991226196
4 C0 526 0 498 0
0

0101000
+814 0 -939 0 *
Wi

0101100
+813 0 +812 0 -817 0 *
Fa
0  1e-07 526 0

0101000
+811 0 *
Ed
 1e-07 1 1 0
1  766 0 0 25.7327882434892
2  1359 498 0 0 25.7327882434892
2  1360 500 0 0 25.7327882434892
4 CN 498 0 500 0
0

0101000
+814 0 -1087 0 *
Wi

0101100
+809 0 -930 0 -812 0 *
Fa
0  1e-07 498 0

0101000
+808 0 *
Ed
 1e-07 1 1 0
1  767 0 0 0.121982329192056
2  1361 500 0 0 0.121982329192056
2  1362 528 0 0 0.121982329192056
4 C0 500 0 528 0
0

0101000
+814 0 -927 0 *
Wi

0101100
+806 0 -925 0 -809 0 *
Fa
0  1e-07 500 0

0101000
+805 0 *
Ve
1e-07
-16.3972473144531 38.9574966430664 118.028732299805
0 0

0101101
*
Ed
 1e-07 1 1 0
1  768 0 0 0.127386103078069
2  1363 447 0 0 0.127386103078069
2  1364 388 0 0 0.127386103078069
4 CN 447 0 388 0
0

0101000
+1274 0 -803 0 *
Ed
 1e-07 1 1 0
1  769 0 0 0.121925816189851
0

0101000
+803 0 -1105 0 *
Wi

0101100
+802 0 +801 0 -1104 0 *
Fa
0  1e-07 447 0

0101000
+800 0 *
Ed
 1e-07 1 1 0
1  770 0 0 0.0200593824486035
2  1365 388 0 0 0.0200593824486035
2  1366 529 0 0 0.0200593824486035
4 CN 388 0 529 0
0

0101000
+1262 0 -803 0 *
Wi

0101100
-1260 0 +798 0 -802 0 *
Fa
0  1e-07 388 0

0101000
+797 0 *
Ed
 1e-07 1 1 0
1  771 0 0 0.12745367726503
2  1367 393 0 0 0.12745367726503
2  1368 449 0 0 0.12745367726503
4 CN 393 0 449 0
0

0101000
+1257 0 -846 0 *
Ed
 1e-07 1 1 0
1  772 0 0 0.0200577182159954
2  1369 393 0 0 0.0200577182159954
2  1370 521 0 0 0.0200577182159954
4 CN 393 0 521 0
0

0101000
+846 0 -1247 0 *
Wi

0101100
+795 0 +794 0 -1246 0 *
Fa
0  1e-07 393 0

0101000
+793 0 *
Ed
 1e-07 1 1 0
1  773 0 0 0.121933226859039
0

0101000
+1095 0 -846 0 *
Wi

0101100
-1093 0 +791 0 -795 0 *
Fa
0  1e-07 449 0

0101000
+790 0 *
Ve
1e-07
-16.3294982910156 38.9574966430664 118.130111694336
0 0

0101101
*
Ed
 1e-07 1 1 0
1  774 0 0 0.12745367726503
2  1371 529 0 0 0.12745367726503
2  1372 392 0 0 0.12745367726503
4 CN 529 0 392 0
0

0101000
+1262 0 -788 0 *
Ed
 1e-07 1 1 0
1  775 0 0 0.121933226859039
0

0101000
+788 0 -803 0 *
Wi

0101100
+787 0 +786 0 -798 0 *
Fa
0  1e-07 529 0

0101000
+785 0 *
Ed
 1e-07 1 1 0
1  776 0 0 0.0200577182159954
2  1373 392 0 0 0.0200577182159954
2  1374 530 0 0 0.0200577182159954
4 CN 392 0 530 0
0

0101000
+1252 0 -788 0 *
Wi

0101100
-1250 0 +783 0 -787 0 *
Fa
0  1e-07 392 0

0101000
+782 0 *
Ed
 1e-07 1 1 0
1  777 0 0 0.127366508018311
2  1375 397 0 0 0.127366508018311
2  1376 521 0 0 0.127366508018311
4 CN 397 0 521 0
0

0101000
+1247 0 -838 0 *
Ed
 1e-07 1 1 0
1  778 0 0 0.0200004577636719
2  1377 397 0 0 0.0200004577636719
2  1378 523 0 0 0.0200004577636719
4 CN 397 0 523 0
0

0101000
+838 0 -1237 0 *
Wi

0101100
+780 0 +779 0 -1236 0 *
Fa
0  1e-07 397 0

0101000
+778 0 *
Wi

0101100
-794 0 +837 0 -780 0 *
Fa
0  1e-07 521 0

0101000
+776 0 *
Ve
1e-07
-16.3057498931885 38.9574966430664 118.249618530273
0 0

0101101
*
Ed
 1e-07 1 1 0
1  779 0 0 0.127366508018311
2  1379 530 0 0 0.127366508018311
2  1380 396 0 0 0.127366508018311
4 CN 530 0 396 0
0

0101000
+1252 0 -774 0 *
Ed
 1e-07 1 1 0
1  780 0 0 0.121843630260876
0

0101000
+774 0 -788 0 *
Wi

0101100
+773 0 +772 0 -783 0 *
Fa
0  1e-07 530 0

0101000
+771 0 *
Ed
 1e-07 1 1 0
1  781 0 0 0.0200004577636719
2  1381 396 0 0 0.0200004577636719
2  1382 531 0 0 0.0200004577636719
4 CN 396 0 531 0
0

0101000
+1242 0 -774 0 *
Wi

0101100
-1240 0 +769 0 -773 0 *
Fa
0  1e-07 396 0

0101000
+768 0 *
Ed
 1e-07 1 1 0
1  782 0 0 0.127363209069244
2  1383 401 0 0 0.127363209069244
2  1384 523 0 0 0.127363209069244
4 CN 401 0 523 0
0

0101000
+1237 0 -830 0 *
Ed
 1e-07 1 1 0
1  783 0 0 0.0200108598946134
2  1385 401 0 0 0.0200108598946134
2  1386 525 0 0 0.0200108598946134
4 CN 401 0 525 0
0

0101000
+830 0 -1227 0 *
Wi

0101100
+766 0 +765 0 -1226 0 *
Fa
0  1e-07 401 0

0101000
+764 0 *
Wi

0101100
-779 0 +829 0 -766 0 *
Fa
0  1e-07 523 0

0101000
+762 0 *
Ve
1e-07
-16.3294982910156 38.9574966430664 118.369232177734
0 0

0101101
*
Ed
 1e-07 1 1 0
1  784 0 0 0.127363209069244
2  1387 531 0 0 0.127363209069244
2  1388 400 0 0 0.127363209069244
4 CN 531 0 400 0
0

0101000
+1242 0 -760 0 *
Ed
 1e-07 1 1 0
1  785 0 0 0.12194839506228
0

0101000
+760 0 -774 0 *
Wi

0101100
+759 0 +758 0 -769 0 *
Fa
0  1e-07 531 0

0101000
+757 0 *
Ed
 1e-07 1 1 0
1  786 0 0 0.0200108598946134
2  1389 400 0 0 0.0200108598946134
2  1390 532 0 0 0.0200108598946134
4 CN 400 0 532 0
0

0101000
+1232 0 -760 0 *
Wi

0101100
-1230 0 +755 0 -759 0 *
Fa
0  1e-07 400 0

0101000
+754 0 *
Ed
 1e-07 1 1 0
1  787 0 0 0.127388573379837
2  1391 405 0 0 0.127388573379837
2  1392 525 0 0 0.127388573379837
4 CN 405 0 525 0
0

0101000
+1227 0 -822 0 *
Ed
 1e-07 1 1 0
1  788 0 0 0.019972885792667
2  1393 405 0 0 0.019972885792667
2  1394 527 0 0 0.019972885792667
4 CN 405 0 527 0
0

0101000
+822 0 -1217 0 *
Wi

0101100
+752 0 +751 0 -1216 0 *
Fa
0  1e-07 405 0

0101000
+750 0 *
Wi

0101100
-765 0 +821 0 -752 0 *
Fa
0  1e-07 525 0

0101000
+748 0 *
Ve
1e-07
-16.3972473144531 38.9574966430664 118.470611572266
0 0

0101101
*
Ed
 1e-07 1 1 0
1  789 0 0 0.127388573379837
2  1395 532 0 0 0.127388573379837
2  1396 404 0 0 0.127388573379837
4 CN 532 0 404 0
0

0101000
+1232 0 -746 0 *
Ed
 1e-07 1 1 0
1  790 0 0 0.121933226859039
0

0101000
+746 0 -760 0 *
Wi

0101100
+745 0 +744 0 -755 0 *
Fa
0  1e-07 532 0

0101000
+743 0 *
Ed
 1e-07 1 1 0
1  791 0 0 0.019972885792667
2  1397 404 0 0 0.019972885792667
2  1398 533 0 0 0.019972885792667
4 CN 404 0 533 0
0

0101000
+1222 0 -746 0 *
Wi

0101100
-1220 0 +741 0 -745 0 *
Fa
0  1e-07 404 0

0101000
+740 0 *
Ed
 1e-07 1 1 0
1  792 0 0 0.127345234193286
2  1399 409 0 0 0.127345234193286
2  1400 527 0 0 0.127345234193286
4 CN 409 0 527 0
0

0101000
+1217 0 -814 0 *
Ed
 1e-07 1 1 0
1  793 0 0 0.020010442476946
2  1401 409 0 0 0.020010442476946
2  1402 528 0 0 0.020010442476946
4 CN 409 0 528 0
0

0101000
+814 0 -1207 0 *
Wi

0101100
+738 0 +737 0 -1206 0 *
Fa
0  1e-07 409 0

0101000
+736 0 *
Wi

0101100
-751 0 +813 0 -738 0 *
Fa
0  1e-07 527 0

0101000
+734 0 *
Ve
1e-07
-16.4986228942871 38.9574966430664 118.538368225098
0 0

0101101
*
Ed
 1e-07 1 1 0
1  794 0 0 0.127345234193286
2  1403 533 0 0 0.127345234193286
2  1404 408 0 0 0.127345234193286
4 CN 533 0 408 0
0

0101000
+1222 0 -732 0 *
Ed
 1e-07 1 1 0
1  795 0 0 0.121934294559312
0

0101000
+732 0 -746 0 *
Wi

0101100
+731 0 +730 0 -741 0 *
Fa
0  1e-07 533 0

0101000
+729 0 *
Ed
 1e-07 1 1 0
1  796 0 0 0.020010442476946
2  1405 408 0 0 0.020010442476946
2  1406 534 0 0 0.020010442476946
4 CN 408 0 534 0
0

0101000
+1212 0 -732 0 *
Wi

0101100
-1210 0 +727 0 -731 0 *
Fa
0  1e-07 408 0

0101000
+726 0 *
Ed
 1e-07 1 1 0
1  797 0 0 0.12736174739345
2  1407 413 0 0 0.12736174739345
2  1408 528 0 0 0.12736174739345
4 CN 413 0 528 0
0

0101000
+1207 0 -927 0 *
Ed
 1e-07 1 1 0
1  798 0 0 0.0198822021484375
2  1409 413 0 0 0.0198822021484375
2  1410 501 0 0 0.0198822021484375
4 CN 413 0 501 0
0

0101000
+927 0 -1197 0 *
Wi

0101100
+724 0 +723 0 -1196 0 *
Fa
0  1e-07 413 0

0101000
+722 0 *
Wi

0101100
-737 0 +806 0 -724 0 *
Fa
0  1e-07 528 0

0101000
+720 0 *
Ve
1e-07
-16.6182479858398 38.9574966430664 118.562110900879
0 0

0101101
*
Ed
 1e-07 1 1 0
1  799 0 0 0.127356665160227
2  1411 534 0 0 0.127356665160227
2  1412 412 0 0 0.127356665160227
4 CN 534 0 412 0
0

0101000
+1212 0 -718 0 *
Ed
 1e-07 1 1 0
1  800 0 0 0.121958505985657
0

0101000
+718 0 -732 0 *
Wi

0101100
+717 0 +716 0 -727 0 *
Fa
0  1e-07 534 0

0101000
+715 0 *
Ed
 1e-07 1 1 0
1  801 0 0 0.0200042724609375
2  1413 412 0 0 0.0200042724609375
2  1414 535 0 0 0.0200042724609375
4 CN 412 0 535 0
0

0101000
+1202 0 -718 0 *
Wi

0101100
-1200 0 +713 0 -717 0 *
Fa
0  1e-07 412 0

0101000
+712 0 *
Ed
 1e-07 1 1 0
1  802 0 0 0.127256872906096
2  1415 417 0 0 0.127256872906096
2  1416 501 0 0 0.127256872906096
4 CN 417 0 501 0
0

0101000
+1197 0 -922 0 *
Ed
 1e-07 1 1 0
1  803 0 0 0.0200587404223043
2  1417 417 0 0 0.0200587404223043
2  1418 503 0 0 0.0200587404223043
4 CN 417 0 503 0
0

0101000
+922 0 -1187 0 *
Wi

0101100
+710 0 +709 0 -1186 0 *
Fa
0  1e-07 417 0

0101000
+708 0 *
Wi

0101100
-723 0 +921 0 -710 0 *
Fa
0  1e-07 501 0

0101000
+706 0 *
Ve
1e-07
-16.7377490997314 38.9574966430664 118.538368225098
0 0

0101101
*
Ed
 1e-07 1 1 0
1  804 0 0 0.127256872906096
2  1419 535 0 0 0.127256872906096
2  1420 416 0 0 0.127256872906096
4 CN 535 0 416 0
0

0101000
+1202 0 -704 0 *
Ed
 1e-07 1 1 0
1  805 0 0 0.121836902761795
0

0101000
+704 0 -718 0 *
Wi

0101100
+703 0 +702 0 -713 0 *
Fa
0  1e-07 535 0

0101000
+701 0 *
Ed
 1e-07 1 1 0
1  806 0 0 0.0200587404223043
2  1421 416 0 0 0.0200587404223043
2  1422 536 0 0 0.0200587404223043
4 CN 416 0 536 0
0

0101000
+1192 0 -704 0 *
Wi

0101100
-1190 0 +699 0 -703 0 *
Fa
0  1e-07 416 0

0101000
+698 0 *
Ed
 1e-07 1 1 0
1  807 0 0 0.127302420181397
2  1423 421 0 0 0.127302420181397
2  1424 503 0 0 0.127302420181397
4 CN 421 0 503 0
0

0101000
+1187 0 -914 0 *
Ed
 1e-07 1 1 0
1  808 0 0 0.0199742346284165
2  1425 421 0 0 0.0199742346284165
2  1426 505 0 0 0.0199742346284165
4 CN 421 0 505 0
0

0101000
+914 0 -1177 0 *
Wi

0101100
+696 0 +695 0 -1176 0 *
Fa
0  1e-07 421 0

0101000
+694 0 *
Wi

0101100
-709 0 +913 0 -696 0 *
Fa
0  1e-07 503 0

0101000
+692 0 *
Ve
1e-07
-16.8391227722168 38.9574966430664 118.470611572266
0 0

0101101
*
Ed
 1e-07 1 1 0
1  809 0 0 0.127302420181397
2  1427 536 0 0 0.127302420181397
2  1428 420 0 0 0.127302420181397
4 CN 536 0 420 0
0

0101000
+1192 0 -690 0 *
Ed
 1e-07 1 1 0
1  810 0 0 0.121932708803535
0

0101000
+690 0 -704 0 *
Wi

0101100
+689 0 +688 0 -699 0 *
Fa
0  1e-07 536 0

0101000
+687 0 *
Ed
 1e-07 1 1 0
1  811 0 0 0.0199742346284165
2  1429 420 0 0 0.0199742346284165
2  1430 537 0 0 0.0199742346284165
4 CN 420 0 537 0
0

0101000
+1182 0 -690 0 *
Wi

0101100
-1180 0 +685 0 -689 0 *
Fa
0  1e-07 420 0

0101000
+684 0 *
Ed
 1e-07 1 1 0
1  812 0 0 0.127342947831056
2  1431 425 0 0 0.127342947831056
2  1432 505 0 0 0.127342947831056
4 CN 425 0 505 0
0

0101000
+1177 0 -906 0 *
Ed
 1e-07 1 1 0
1  813 0 0 0.0200108598946134
2  1433 425 0 0 0.0200108598946134
2  1434 507 0 0 0.0200108598946134
4 CN 425 0 507 0
0

0101000
+906 0 -1167 0 *
Wi

0101100
+682 0 +681 0 -1166 0 *
Fa
0  1e-07 425 0

0101000
+680 0 *
Wi

0101100
-695 0 +905 0 -682 0 *
Fa
0  1e-07 505 0

0101000
+678 0 *
Ve
1e-07
-16.9068737030029 38.9574966430664 118.369232177734
0 0

0101101
*
Ed
 1e-07 1 1 0
1  814 0 0 0.127342947831056
2  1435 537 0 0 0.127342947831056
2  1436 424 0 0 0.127342947831056
4 CN 537 0 424 0
0

0101000
+1182 0 -676 0 *
Ed
 1e-07 1 1 0
1  815 0 0 0.121934286637968
0

0101000
+676 0 -690 0 *
Wi

0101100
+675 0 +674 0 -685 0 *
Fa
0  1e-07 537 0

0101000
+673 0 *
Ed
 1e-07 1 1 0
1  816 0 0 0.0200108598946134
2  1437 424 0 0 0.0200108598946134
2  1438 538 0 0 0.0200108598946134
4 CN 424 0 538 0
0

0101000
+1172 0 -676 0 *
Wi

0101100
-1170 0 +671 0 -675 0 *
Fa
0  1e-07 424 0

0101000
+670 0 *
Ed
 1e-07 1 1 0
1  817 0 0 0.127234551445763
2  1439 429 0 0 0.127234551445763
2  1440 507 0 0 0.127234551445763
4 CN 429 0 507 0
0

0101000
+1167 0 -898 0 *
Ed
 1e-07 1 1 0
1  818 0 0 0.0200008302807063
2  1441 429 0 0 0.0200008302807063
2  1442 509 0 0 0.0200008302807063
4 CN 429 0 509 0
0

0101000
+898 0 -1157 0 *
Wi

0101100
+668 0 +667 0 -1156 0 *
Fa
0  1e-07 429 0

0101000
+666 0 *
Wi

0101100
-681 0 +897 0 -668 0 *
Fa
0  1e-07 507 0

0101000
+664 0 *
Ve
1e-07
-16.9307479858398 38.9574966430664 118.249618530273
0 0

0101101
*
Ed
 1e-07 1 1 0
1  819 0 0 0.127356512892911
2  1443 538 0 0 0.127356512892911
2  1444 428 0 0 0.127356512892911
4 CN 538 0 428 0
0

0101000
+1172 0 -662 0 *
Ed
 1e-07 1 1 0
1  820 0 0 0.121972972579528
0

0101000
+662 0 -676 0 *
Wi

0101100
+661 0 +660 0 -671 0 *
Fa
0  1e-07 538 0

0101000
+659 0 *
Ed
 1e-07 1 1 0
1  821 0 0 0.0200004577636719
2  1445 428 0 0 0.0200004577636719
2  1446 539 0 0 0.0200004577636719
4 CN 428 0 539 0
0

0101000
+1162 0 -662 0 *
Wi

0101100
-1160 0 +657 0 -661 0 *
Fa
0  1e-07 428 0

0101000
+656 0 *
Ed
 1e-07 1 1 0
1  822 0 0 0.127306231970635
2  1447 433 0 0 0.127306231970635
2  1448 509 0 0 0.127306231970635
4 CN 433 0 509 0
0

0101000
+1157 0 -890 0 *
Ed
 1e-07 1 1 0
1  823 0 0 0.0200577182159954
2  1449 433 0 0 0.0200577182159954
2  1450 511 0 0 0.0200577182159954
4 CN 433 0 511 0
0

0101000
+890 0 -1147 0 *
Wi

0101100
+654 0 +653 0 -1146 0 *
Fa
0  1e-07 433 0

0101000
+652 0 *
Wi

0101100
-667 0 +889 0 -654 0 *
Fa
0  1e-07 509 0

0101000
+650 0 *
Ve
1e-07
-16.9068737030029 38.9574966430664 118.130111694336
0 0

0101101
*
Ed
 1e-07 1 1 0
1  824 0 0 0.127306231970635
2  1451 539 0 0 0.127306231970635
2  1452 432 0 0 0.127306231970635
4 CN 539 0 432 0
0

0101000
+1162 0 -648 0 *
Ed
 1e-07 1 1 0
1  825 0 0 0.121868228906346
0

0101000
+648 0 -662 0 *
Wi

0101100
+647 0 +646 0 -657 0 *
Fa
0  1e-07 539 0

0101000
+645 0 *
Ed
 1e-07 1 1 0
1  826 0 0 0.0200577182159954
2  1453 432 0 0 0.0200577182159954
2  1454 540 0 0 0.0200577182159954
4 CN 432 0 540 0
0

0101000
+1152 0 -648 0 *
Wi

0101100
-1150 0 +643 0 -647 0 *
Fa
0  1e-07 432 0

0101000
+642 0 *
Ed
 1e-07 1 1 0
1  827 0 0 0.127300056404084
2  1455 437 0 0 0.127300056404084
2  1456 511 0 0 0.127300056404084
4 CN 437 0 511 0
0

0101000
+1147 0 -882 0 *
Ed
 1e-07 1 1 0
1  828 0 0 0.0200634582015339
2  1457 437 0 0 0.0200634582015339
2  1458 513 0 0 0.0200634582015339
4 CN 437 0 513 0
0

0101000
+882 0 -1137 0 *
Wi

0101100
+640 0 +639 0 -1136 0 *
Fa
0  1e-07 437 0

0101000
+638 0 *
Wi

0101100
-653 0 +881 0 -640 0 *
Fa
0  1e-07 511 0

0101000
+636 0 *
Ve
1e-07
-16.8391227722168 38.9574966430664 118.028732299805
0 0

0101101
*
Ed
 1e-07 1 1 0
1  829 0 0 0.127300056404084
2  1459 540 0 0 0.127300056404084
2  1460 436 0 0 0.127300056404084
4 CN 540 0 436 0
0

0101000
+1152 0 -634 0 *
Ed
 1e-07 1 1 0
1  830 0 0 0.121934286637968
0

0101000
+634 0 -648 0 *
Wi

0101100
+633 0 +632 0 -643 0 *
Fa
0  1e-07 540 0

0101000
+631 0 *
Ed
 1e-07 1 1 0
1  831 0 0 0.0200634582015339
2  1461 436 0 0 0.0200634582015339
2  1462 541 0 0 0.0200634582015339
4 CN 436 0 541 0
0

0101000
+1142 0 -634 0 *
Wi

0101100
-1140 0 +629 0 -633 0 *
Fa
0  1e-07 436 0

0101000
+628 0 *
Ed
 1e-07 1 1 0
1  832 0 0 0.127507619073013
2  1463 441 0 0 0.127507619073013
2  1464 513 0 0 0.127507619073013
4 CN 441 0 513 0
0

0101000
+1137 0 -874 0 *
Ed
 1e-07 1 1 0
1  833 0 0 0.0199391741980724
2  1465 441 0 0 0.0199391741980724
2  1466 515 0 0 0.0199391741980724
4 CN 441 0 515 0
0

0101000
+874 0 -1127 0 *
Wi

0101100
+626 0 +625 0 -1126 0 *
Fa
0  1e-07 441 0

0101000
+624 0 *
Wi

0101100
-639 0 +873 0 -626 0 *
Fa
0  1e-07 513 0

0101000
+622 0 *
Ve
1e-07
-16.7377490997314 38.9574966430664 117.960861206055
0 0

0101101
*
Ed
 1e-07 1 1 0
1  834 0 0 0.127507619073013
2  1467 541 0 0 0.127507619073013
2  1468 440 0 0 0.127507619073013
4 CN 541 0 440 0
0

0101000
+1142 0 -620 0 *
Ed
 1e-07 1 1 0
1  835 0 0 0.121996339453234
0

0101000
+620 0 -634 0 *
Wi

0101100
+619 0 +618 0 -629 0 *
Fa
0  1e-07 541 0

0101000
+617 0 *
Ed
 1e-07 1 1 0
1  836 0 0 0.0199391741980724
2  1469 440 0 0 0.0199391741980724
2  1470 542 0 0 0.0199391741980724
4 CN 440 0 542 0
0

0101000
+1132 0 -620 0 *
Wi

0101100
-1130 0 +615 0 -619 0 *
Fa
0  1e-07 440 0

0101000
+614 0 *
Ed
 1e-07 1 1 0
1  837 0 0 0.127364296531784
2  1471 444 0 0 0.127364296531784
2  1472 515 0 0 0.127364296531784
4 CN 444 0 515 0
0

0101000
+1127 0 -1110 0 *
Wi

0101100
+612 0 -1109 0 -1118 0 *
Fa
0  1e-07 444 0

0101000
+611 0 *
Wi

0101100
-625 0 +866 0 -612 0 *
Fa
0  1e-07 515 0

0101000
+609 0 *
Ed
 1e-07 1 1 0
1  838 0 0 0.127364296531784
2  1473 542 0 0 0.127364296531784
2  1474 443 0 0 0.127364296531784
4 CN 542 0 443 0
0

0101000
+1132 0 -1100 0 *
Ed
 1e-07 1 1 0
1  839 0 0 0.121838389751655
0

0101000
+1100 0 -620 0 *
Wi

0101100
+607 0 +606 0 -615 0 *
Fa
0  1e-07 542 0

0101000
+605 0 *
Wi

0101100
-1121 0 -1098 0 -607 0 *
Fa
0  1e-07 443 0

0101000
+603 0 *
Ve
1e-07
-16.2693748474121 39.4374961853027 117.317489624023
0 0

0101101
*
Ed
 1e-07 1 1 0
1  840 0 0 0.758364886521355
2  1475 543 0 0 0.758364886521355
2  1476 519 0 0 0.758364886521355
4 C0 519 0 543 0
0

0101000
+601 0 -1095 0 *
Ed
 1e-07 1 1 0
1  841 0 0 0.846681313753079
2  1477 544 0 0 0.846681313753079
2  1478 519 0 0 0.846681313753079
4 C0 519 0 544 0
0

0101000
+846 0 -601 0 *
Wi

0101100
-845 0 -600 0 -599 0 *
Fa
0  1e-07 519 0

0101000
+598 0 *
Ed
 1e-07 1 1 0
1  842 0 0 0.720797028312224
2  1479 543 0 0 0.720797028312224
2  1480 517 0 0 0.720797028312224
4 C0 543 0 517 0
0

0101000
+1115 0 -601 0 *
Ed
 1e-07 1 1 0
1  843 0 0 0.121925816189851
0

0101000
+1095 0 -1115 0 *
Wi

0101100
+596 0 +600 0 +595 0 *
Fa
0  1e-07 543 0

0101000
+594 0 *
Ve
1e-07
-16.5033721923828 39.4574966430664 117.972496032715
0 0

0101101
*
Ed
 1e-07 1 1 0
1  844 0 0 0.117132265763307
0

0101000
+1295 0 -592 0 *
Ed
 1e-07 1 1 0
1  845 0 0 0.711061917872094
2  1481 380 0 0 0.711061917872094
2  1482 545 0 0 0.711061917872094
4 C0 380 0 545 0
0

0101000
+592 0 -1280 0 *
Wi

0101100
+1278 0 +591 0 +590 0 *
Fa
0  1e-07 380 0

0101000
+589 0 *
Ve
1e-07
-16.4061241149902 39.4574966430664 118.037483215332
0 0

0101101
*
Ed
 1e-07 1 1 0
1  846 0 0 0.116963765590342
0

0101000
+592 0 -587 0 *
Ed
 1e-07 1 1 0
1  847 0 0 0.750022801146389
2  1483 545 0 0 0.750022801146389
2  1484 546 0 0 0.750022801146389
4 C0 545 0 546 0
0

0101000
+587 0 -1280 0 *
Wi

0101100
+586 0 +585 0 -590 0 *
Fa
0  1e-07 545 0

0101000
+584 0 *
Ve
0.0783663608557757
-16.3050452656247 39.4474964141846 118.134852402388
0 0

0101101
*
Ed
 1e-07 1 1 0
1  848 0 0 0.117152144160632
0

0101000
+587 0 -582 0 *
Ed
 1e-07 1 1 0
1  849 0 0 0.837317643058215
2  1485 546 0 0 0.837317643058215
2  1486 547 0 0 0.837317643058215
4 C0 546 0 547 0
0

0101000
+582 0 -1280 0 *
Wi

0101100
-585 0 +581 0 +580 0 *
Fa
0  1e-07 546 0

0101000
+579 0 *
Ve
0.0784465096638107
-16.2936509938442 39.4474964141846 118.249610043259
0 0

0101101
*
Ed
 0.0783663608557757 1 1 0
1  850 0 0 0.116986886323519
2  1487 547 0 0 0.116986886323519
2  1488 548 0 0 0.116986886323519
4 C0 547 0 548 0
0

0101000
+582 0 -577 0 *
Ed
 1e-07 1 1 0
1  851 0 0 0.948667008172848
2  1489 547 0 0 0.948667008172848
2  1490 549 0 0 0.948667008172848
4 C0 547 0 549 0
0

0101000
+577 0 -1280 0 *
Wi

0101100
+576 0 +575 0 -580 0 *
Fa
0  1e-07 547 0

0101000
+574 0 *
Ed
 1e-07 1 1 0
1  852 0 0 0.817350422274678
2  1491 548 0 0 0.817350422274678
0

0101000
+601 0 -582 0 *
Ve
0.0784465096638107
-16.3050056521726 39.4474964141846 118.364474275927
0 0

0101101
*
Ed
 0.0784465096638107 1 1 0
1  853 0 0 0.117099144792905
2  1492 550 0 0 0.117099144792905
2  1493 548 0 0 0.117099144792905
4 C0 548 0 550 0
0

0101000
+577 0 -571 0 *
Ve
1e-07
-16.2688732147217 39.4374961853027 118.771362304688
0 0

0101101
*
Ed
 1e-07 1 1 0
1  852 0 1.0469722958138 1.45387276720374
2  1494 548 0 1.0469722958138 1.45387276720374
0

0101000
+571 0 -569 0 *
Ve
1e-07
-16.3057498931885 39.2074966430664 118.249618530273
0 0

0101101
*
Ed
 1e-07 1 1 0
1  854 0 0 0.571380998094525
2  1495 551 0 0 0.571380998094525
2  1496 548 0 0 0.571380998094525
4 C0 548 0 551 0
0

0101000
+567 0 -569 0 *
Ed
 1e-07 1 1 0
1  855 0 0 0.960774287359406
2  1497 548 0 0 0.960774287359406
2  1498 544 0 0 0.960774287359406
4 C0 548 0 544 0
0

0101000
+567 0 -601 0 *
Wi

0101100
+572 0 +576 0 +570 0 +568 0 -566 0 +565 0 *
Fa
0  1e-07 548 0

0101000
+564 0 *
Ve
1e-07
-16.5557479858398 39.9999961853027 118.769607543945
0 0

0101101
*
Ve
1e-07
-16.6992492675781 39.9999961853027 118.721115112305
0 0

0101101
*
Ed
 1e-07 1 1 0
1  856 0 0 0.151473211449914
2  1499 552 0 0 0.151473211449914
2  1500 553 0 0 0.151473211449914
4 CN 552 0 553 0
0

0101000
+562 0 -561 0 *
Ve
1e-07
-16.7068729400635 39.9999961853027 118.739616394043
0 0

0101101
*
Ed
 1e-07 1 1 0
1  857 0 0 0.020010442476946
2  1501 552 0 0 0.020010442476946
2  1502 554 0 0 0.020010442476946
4 CN 552 0 554 0
0

0101000
+561 0 -559 0 *
Ed
 1e-07 1 1 0
1  858 0 0 0.154072128762992
2  1503 552 0 0 0.154072128762992
2  1504 555 0 0 0.154072128762992
4 C0 552 0 555 0
0

0101000
+559 0 -562 0 *
Wi

0101100
+560 0 +558 0 +557 0 *
Fa
0  1e-07 552 0

0101000
+556 0 *
Ve
1e-07
-16.5557479858398 39.9999961853027 118.749618530273
0 0

0101101
*
Ed
 1e-07 1 1 0
1  859 0 0 0.019989013671875
2  1505 553 0 0 0.019989013671875
2  1506 556 0 0 0.019989013671875
4 CN 553 0 556 0
0

0101000
+562 0 -554 0 *
Ed
 1e-07 1 1 0
1  860 0 0 0.146304691300145
2  1507 553 0 0 0.146304691300145
2  1508 557 0 0 0.146304691300145
4 C0 553 0 557 0
0

0101000
+554 0 -561 0 *
Wi

0101100
+553 0 +552 0 -560 0 *
Fa
0  1e-07 553 0

0101000
+551 0 *
Ve
1e-07
-16.820873260498 39.9999961853027 118.639862060547
0 0

0101101
*
Ed
 1e-07 1 1 0
1  861 0 0 0.1462684315693
2  1509 554 0 0 0.1462684315693
2  1510 558 0 0 0.1462684315693
4 C0 554 0 558 0
0

0101000
+561 0 -549 0 *
Ed
 1e-07 1 1 0
1  862 0 0 0.151482672640915
2  1511 559 0 0 0.151482672640915
2  1512 554 0 0 0.151482672640915
4 CN 554 0 559 0
0

0101000
+559 0 -549 0 *
Wi

0101100
-558 0 +548 0 -547 0 *
Fa
0  1e-07 554 0

0101000
+546 0 *
Ve
1e-07
-16.8349990844727 39.9999961853027 118.653991699219
0 0

0101101
*
Ed
 1e-07 1 1 0
1  863 0 0 0.0199796294249767
2  1513 559 0 0 0.0199796294249767
2  1514 560 0 0 0.0199796294249767
4 CN 559 0 560 0
0

0101000
+549 0 -544 0 *
Ed
 1e-07 1 1 0
1  864 0 0 0.154103527684809
2  1515 559 0 0 0.154103527684809
2  1516 561 0 0 0.154103527684809
4 C0 559 0 561 0
0

0101000
+544 0 -559 0 *
Wi

0101100
+547 0 +543 0 +542 0 *
Fa
0  1e-07 559 0

0101000
+541 0 *
Ve
1e-07
-16.9021224975586 39.9999961853027 118.51823425293
0 0

0101101
*
Ed
 1e-07 1 1 0
1  865 0 0 0.146269484543716
2  1517 560 0 0 0.146269484543716
2  1518 562 0 0 0.146269484543716
4 C0 560 0 562 0
0

0101000
+549 0 -539 0 *
Ed
 1e-07 1 1 0
1  866 0 0 0.151445161055852
2  1519 563 0 0 0.151445161055852
2  1520 560 0 0 0.151445161055852
4 CN 560 0 563 0
0

0101000
+544 0 -539 0 *
Wi

0101100
-543 0 +538 0 -537 0 *
Fa
0  1e-07 560 0

0101000
+536 0 *
Ve
1e-07
-16.9206237792969 39.9999961853027 118.525863647461
0 0

0101101
*
Ed
 1e-07 1 1 0
1  867 0 0 0.0200126231881962
2  1521 563 0 0 0.0200126231881962
2  1522 564 0 0 0.0200126231881962
4 CN 563 0 564 0
0

0101000
+539 0 -534 0 *
Ed
 1e-07 1 1 0
1  868 0 0 0.15410511351345
2  1523 563 0 0 0.15410511351345
2  1524 565 0 0 0.15410511351345
4 C0 563 0 565 0
0

0101000
+534 0 -544 0 *
Wi

0101100
+537 0 +533 0 +532 0 *
Fa
0  1e-07 563 0

0101000
+531 0 *
Ve
1e-07
-16.9369983673096 39.9999961853027 118.249618530273
0 0

0101101
*
Ed
 1e-07 1 1 0
1  869 0 0 0.270870324600216
2  1525 564 0 0 0.270870324600216
2  1526 566 0 0 0.270870324600216
4 C0 564 0 566 0
0

0101000
+539 0 -529 0 *
Ed
 1e-07 1 1 0
1  870 0 0 0.27672999819774
2  1527 567 0 0 0.27672999819774
2  1528 564 0 0 0.27672999819774
4 CN 564 0 567 0
0

0101000
+534 0 -529 0 *
Wi

0101100
-533 0 +528 0 -527 0 *
Fa
0  1e-07 564 0

0101000
+526 0 *
Ve
1e-07
-16.9569988250732 39.9999961853027 118.249740600586
0 0

0101101
*
Ve
1e-07
-16.9007472991943 39.9999961853027 117.974731445312
0 0

0101101
*
Ed
 1e-07 1 1 0
1  871 0 0 0.280703169999761
2  1529 568 0 0 0.280703169999761
2  1530 569 0 0 0.280703169999761
4 CN 568 0 569 0
0

0101000
+524 0 -523 0 *
Ve
1e-07
-16.9201240539551 39.9999961853027 117.96949005127
0 0

0101101
*
Ed
 1e-07 1 1 0
1  872 0 0 0.0200731371880833
2  1531 568 0 0 0.0200731371880833
2  1532 570 0 0 0.0200731371880833
4 CN 568 0 570 0
0

0101000
+523 0 -521 0 *
Ed
 1e-07 1 1 0
1  873 0 0 0.282666091240468
2  1533 568 0 0 0.282666091240468
2  1534 571 0 0 0.282666091240468
4 C0 568 0 571 0
0

0101000
+521 0 -524 0 *
Wi

0101100
+522 0 +520 0 +519 0 *
Fa
0  1e-07 568 0

0101000
+518 0 *
Ed
 1e-07 1 1 0
1  874 0 0 0.0200008302807063
2  1535 569 0 0 0.0200008302807063
2  1536 567 0 0 0.0200008302807063
4 CN 569 0 567 0
0

0101000
+524 0 -529 0 *
Ed
 1e-07 1 1 0
1  875 0 0 0.277267108431233
2  1537 569 0 0 0.277267108431233
2  1538 572 0 0 0.277267108431233
4 C0 569 0 572 0
0

0101000
+529 0 -523 0 *
Wi

0101100
+516 0 +515 0 -522 0 *
Fa
0  1e-07 569 0

0101000
+514 0 *
Ve
1e-07
-16.7946243286133 39.9999961853027 117.718360900879
0 0

0101101
*
Ed
 1e-07 1 1 0
1  876 0 0 0.277467008738201
2  1539 570 0 0 0.277467008738201
2  1540 573 0 0 0.277467008738201
4 C0 570 0 573 0
0

0101000
+523 0 -512 0 *
Ed
 1e-07 1 1 0
1  877 0 0 0.280741929958429
2  1541 574 0 0 0.280741929958429
2  1542 570 0 0 0.280741929958429
4 CN 570 0 574 0
0

0101000
+521 0 -512 0 *
Wi

0101100
-520 0 +511 0 -510 0 *
Fa
0  1e-07 570 0

0101000
+509 0 *
Ve
1e-07
-16.8118724822998 39.9999961853027 117.708358764648
0 0

0101101
*
Ed
 1e-07 1 1 0
1  878 0 0 0.0199384436395318
2  1543 574 0 0 0.0199384436395318
2  1544 575 0 0 0.0199384436395318
4 CN 574 0 575 0
0

0101000
+512 0 -507 0 *
Ed
 1e-07 1 1 0
1  879 0 0 0.282679945553668
2  1545 574 0 0 0.282679945553668
2  1546 576 0 0 0.282679945553668
4 C0 574 0 576 0
0

0101000
+507 0 -521 0 *
Wi

0101100
+510 0 +506 0 +505 0 *
Fa
0  1e-07 574 0

0101000
+504 0 *
Ed
 1e-07 1 1 0
1  880 0 0 0.278508673062018
2  1547 567 0 0 0.278508673062018
2  1548 577 0 0 0.278508673062018
4 C0 567 0 577 0
0

0101000
+524 0 -534 0 *
Wi

0101100
+527 0 -516 0 +502 0 *
Fa
0  1e-07 567 0

0101000
+501 0 *
Ve
1e-07
-16.6907482147217 39.9999961853027 117.463363647461
0 0

0101101
*
Ed
 1e-07 1 1 0
1  881 0 0 0.275343142801721
2  1549 575 0 0 0.275343142801721
2  1550 578 0 0 0.275343142801721
4 C0 575 0 578 0
0

0101000
+512 0 -499 0 *
Ed
 1e-07 1 1 0
1  882 0 0 0.273301473911236
2  1551 579 0 0 0.273301473911236
2  1552 575 0 0 0.273301473911236
4 CN 575 0 579 0
0

0101000
+507 0 -499 0 *
Wi

0101100
-506 0 +498 0 -497 0 *
Fa
0  1e-07 575 0

0101000
+496 0 *
Ve
1e-07
-16.6233730316162 39.9999961853027 117.317237854004
0 0

0101101
*
Ve
1e-07
-16.70924949646 39.9999961853027 117.455612182617
0 0

0101101
*
Ed
 1e-07 1 1 0
1  883 0 0 0.162856446090525
2  1553 580 0 0 0.162856446090525
2  1554 581 0 0 0.162856446090525
4 CN 580 0 581 0
0

0101000
+494 0 -493 0 *
Ed
 1e-07 1 1 0
1  884 0 0 0.020059477390579
2  1555 580 0 0 0.020059477390579
2  1556 579 0 0 0.020059477390579
4 CN 580 0 579 0
0

0101000
+493 0 -499 0 *
Ed
 1e-07 1 1 0
1  885 0 0 0.160910418593522
2  1557 580 0 0 0.160910418593522
2  1558 582 0 0 0.160910418593522
4 C0 580 0 582 0
0

0101000
+499 0 -494 0 *
Wi

0101100
+492 0 +491 0 +490 0 *
Fa
0  1e-07 580 0

0101000
+489 0 *
Ve
1e-07
-16.6433734893799 39.9999961853027 117.317237854004
0 0

0101101
*
Ed
 1e-07 1 1 0
1  886 0 0 0.0200004577636719
2  1559 581 0 0 0.0200004577636719
2  1560 583 0 0 0.0200004577636719
4 CN 581 0 583 0
0

0101000
+494 0 -487 0 *
Ed
 1e-07 1 1 0
1  887 0 0 0.153255026436299
2  1561 581 0 0 0.153255026436299
2  1562 584 0 0 0.153255026436299
4 C0 581 0 584 0
0

0101000
+487 0 -493 0 *
Wi

0101100
+486 0 +485 0 -492 0 *
Fa
0  1e-07 581 0

0101000
+484 0 *
Ed
 1e-07 1 1 0
1  888 0 0 0.272786201907582
2  1563 579 0 0 0.272786201907582
2  1564 585 0 0 0.272786201907582
4 C0 579 0 585 0
0

0101000
+493 0 -507 0 *
Wi

0101100
+497 0 -491 0 +482 0 *
Fa
0  1e-07 579 0

0101000
+481 0 *
Ve
1e-07
-16.2688732147217 39.9999961853027 118.771362304688
0 0

0101101
*
Ed
 1e-07 1 1 0
1  889 0 0 0.286880137843946
2  1565 556 0 0 0.286880137843946
2  1566 586 0 0 0.286880137843946
4 C0 556 0 586 0
0

0101000
+562 0 -479 0 *
Ed
 1e-07 1 1 0
1  890 0 0 0.287697629517291
2  1567 587 0 0 0.287697629517291
2  1568 556 0 0 0.287697629517291
4 CN 556 0 587 0
0

0101000
+554 0 -479 0 *
Wi

0101100
-553 0 +478 0 -477 0 *
Fa
0  1e-07 556 0

0101000
+476 0 *
Ve
1e-07
-16.2888736724854 39.9999961853027 118.751358032227
0 0

0101101
*
Ed
 1e-07 1 1 0
1  891 0 0 0.0282876161499665
2  1569 587 0 0 0.0282876161499665
2  1570 588 0 0 0.0282876161499665
4 CN 587 0 588 0
0

0101000
+479 0 -474 0 *
Ed
 1e-07 1 1 0
1  892 0 0 0.266879982380614
2  1571 587 0 0 0.266879982380614
2  1572 589 0 0 0.266879982380614
4 C0 587 0 589 0
0

0101000
+474 0 -554 0 *
Wi

0101100
+477 0 +473 0 +472 0 *
Fa
0  1e-07 587 0

0101000
+471 0 *
Ve
1e-07
-16.9369983673096 39.6249961853027 118.249618530273
0 0

0101101
*
Ed
 1e-07 1 1 0
1  893 0 0 0.375
2  1573 572 0 0 0.375
2  1574 590 0 0 0.375
4 C0 572 0 590 0
0

0101000
+529 0 -469 0 *
Ed
 1e-07 1 1 0
1  894 0 0 0.466371149855796
2  1575 591 0 0 0.466371149855796
2  1576 572 0 0 0.466371149855796
4 CN 572 0 591 0
0

0101000
+523 0 -469 0 *
Wi

0101100
-515 0 +468 0 -467 0 *
Fa
0  1e-07 572 0

0101000
+466 0 *
Ve
1e-07
-16.9007472991943 39.7132453918457 117.974731445312
0 0

0101101
*
Ed
 1e-07 1 1 0
1  895 0 0 0.290972458960089
2  1577 591 0 0 0.290972458960089
2  1578 592 0 0 0.290972458960089
4 C0 591 0 592 0
0

0101000
+469 0 -464 0 *
Ed
 1e-07 1 1 0
1  896 0 0 0.286750793457031
2  1579 591 0 0 0.286750793457031
2  1580 573 0 0 0.286750793457031
4 C0 591 0 573 0
0

0101000
+464 0 -523 0 *
Wi

0101100
+467 0 +463 0 +462 0 *
Fa
0  1e-07 591 0

0101000
+461 0 *
Ed
 1e-07 1 1 0
1  897 0 0 0.399016238374282
2  1581 593 0 0 0.399016238374282
2  1582 573 0 0 0.399016238374282
4 CN 573 0 593 0
0

0101000
+512 0 -464 0 *
Wi

0101100
-511 0 -462 0 -459 0 *
Fa
0  1e-07 573 0

0101000
+458 0 *
Ve
1e-07
-16.7946243286133 39.7312469482422 117.718360900879
0 0

0101101
*
Ed
 1e-07 1 1 0
1  898 0 0 0.278050349704546
2  1583 593 0 0 0.278050349704546
2  1584 594 0 0 0.278050349704546
4 C0 593 0 594 0
0

0101000
+464 0 -456 0 *
Ed
 1e-07 1 1 0
1  899 0 0 0.268749237060547
2  1585 593 0 0 0.268749237060547
2  1586 578 0 0 0.268749237060547
4 C0 593 0 578 0
0

0101000
+456 0 -512 0 *
Wi

0101100
+459 0 +455 0 +454 0 *
Fa
0  1e-07 593 0

0101000
+453 0 *
Ve
1e-07
-16.5557479858398 39.4574966430664 118.749618530273
0 0

0101101
*
Ed
 1e-07 1 1 0
1  900 0 0 0.542499542236328
2  1587 557 0 0 0.542499542236328
2  1588 589 0 0 0.542499542236328
4 C0 557 0 589 0
0

0101000
+554 0 -451 0 *
Ed
 1e-07 1 1 0
1  901 0 0 0.561881496423451
2  1589 595 0 0 0.561881496423451
2  1590 557 0 0 0.561881496423451
4 CN 557 0 595 0
0

0101000
+561 0 -451 0 *
Wi

0101100
-552 0 +450 0 -449 0 *
Fa
0  1e-07 557 0

0101000
+448 0 *
Ve
1e-07
-16.6992492675781 39.4574966430664 118.721115112305
0 0

0101101
*
Ed
 1e-07 1 1 0
1  902 0 0 0.146304691300145
2  1591 595 0 0 0.146304691300145
2  1592 596 0 0 0.146304691300145
4 C0 595 0 596 0
0

0101000
+451 0 -446 0 *
Ed
 1e-07 1 1 0
1  903 0 0 0.542499542236328
2  1593 595 0 0 0.542499542236328
2  1594 558 0 0 0.542499542236328
4 C0 595 0 558 0
0

0101000
+446 0 -561 0 *
Wi

0101100
+449 0 +445 0 +444 0 *
Fa
0  1e-07 595 0

0101000
+443 0 *
Ed
 1e-07 1 1 0
1  904 0 0 0.561872056077154
2  1595 597 0 0 0.561872056077154
2  1596 558 0 0 0.561872056077154
4 CN 558 0 597 0
0

0101000
+549 0 -446 0 *
Wi

0101100
-548 0 -444 0 -441 0 *
Fa
0  1e-07 558 0

0101000
+440 0 *
Ve
1e-07
-16.820873260498 39.4786224365234 118.639862060547
0 0

0101101
*
Ed
 1e-07 1 1 0
1  905 0 0 0.147786173991115
2  1597 597 0 0 0.147786173991115
2  1598 598 0 0 0.147786173991115
4 C0 597 0 598 0
0

0101000
+446 0 -438 0 *
Ed
 1e-07 1 1 0
1  906 0 0 0.521373748779297
2  1599 597 0 0 0.521373748779297
2  1600 562 0 0 0.521373748779297
4 C0 597 0 562 0
0

0101000
+438 0 -549 0 *
Wi

0101100
+441 0 +437 0 +436 0 *
Fa
0  1e-07 597 0

0101000
+435 0 *
Ed
 1e-07 1 1 0
1  907 0 0 0.541502860587885
2  1601 599 0 0 0.541502860587885
2  1602 562 0 0 0.541502860587885
4 CN 562 0 599 0
0

0101000
+539 0 -438 0 *
Wi

0101100
-538 0 -436 0 -433 0 *
Fa
0  1e-07 562 0

0101000
+432 0 *
Ve
1e-07
-16.9021224975586 39.5119972229004 118.51823425293
0 0

0101101
*
Ed
 1e-07 1 1 0
1  908 0 0 0.150028792151346
2  1603 599 0 0 0.150028792151346
2  1604 600 0 0 0.150028792151346
4 C0 599 0 600 0
0

0101000
+438 0 -430 0 *
Ed
 1e-07 1 1 0
1  909 0 0 0.487998962402344
2  1605 599 0 0 0.487998962402344
2  1606 566 0 0 0.487998962402344
4 C0 599 0 566 0
0

0101000
+430 0 -539 0 *
Wi

0101100
+433 0 +429 0 +428 0 *
Fa
0  1e-07 599 0

0101000
+427 0 *
Ve
1e-07
-16.6907482147217 39.6735000610352 117.463363647461
0 0

0101101
*
Ed
 1e-07 1 1 0
1  910 0 0 0.326496124267578
2  1607 582 0 0 0.326496124267578
2  1608 601 0 0 0.326496124267578
4 C0 582 0 601 0
0

0101000
+499 0 -425 0 *
Ed
 1e-07 1 1 0
1  911 0 0 0.363994343326503
2  1609 602 0 0 0.363994343326503
2  1610 582 0 0 0.363994343326503
4 CN 582 0 602 0
0

0101000
+494 0 -425 0 *
Wi

0101100
-490 0 +424 0 -423 0 *
Fa
0  1e-07 582 0

0101000
+422 0 *
Ve
1e-07
-16.6233730316162 39.5499992370605 117.317237854004
0 0

0101101
*
Ed
 1e-07 1 1 0
1  912 0 0 0.202841357554
2  1611 602 0 0 0.202841357554
2  1612 603 0 0 0.202841357554
4 C0 602 0 603 0
0

0101000
+425 0 -420 0 *
Ed
 1e-07 1 1 0
1  913 0 0 0.449996948242188
2  1613 602 0 0 0.449996948242188
2  1614 604 0 0 0.449996948242188
4 C0 602 0 604 0
0

0101000
+420 0 -494 0 *
Wi

0101100
+423 0 +419 0 +418 0 *
Fa
0  1e-07 602 0

0101000
+417 0 *
Ed
 1e-07 1 1 0
1  914 0 0 0.384759663567473
2  1615 578 0 0 0.384759663567473
2  1616 601 0 0 0.384759663567473
4 CN 578 0 601 0
0

0101000
+456 0 -499 0 *
Wi

0101100
+415 0 -498 0 -454 0 *
Fa
0  1e-07 578 0

0101000
+414 0 *
Ed
 1e-07 1 1 0
1  915 0 0 0.281333519634668
2  1617 601 0 0 0.281333519634668
2  1618 605 0 0 0.281333519634668
4 C0 601 0 605 0
0

0101000
+456 0 -425 0 *
Wi

0101100
+412 0 -424 0 -415 0 *
Fa
0  1e-07 601 0

0101000
+411 0 *
Ed
 1e-07 1 1 0
1  916 0 0 0.558134141631553
2  1619 590 0 0 0.558134141631553
2  1620 566 0 0 0.558134141631553
4 CN 590 0 566 0
0

0101000
+529 0 -430 0 *
Ed
 1e-07 1 1 0
1  917 0 0 0.293495312148308
2  1621 590 0 0 0.293495312148308
2  1622 606 0 0 0.293495312148308
4 C0 590 0 606 0
0

0101000
+430 0 -469 0 *
Wi

0101100
+409 0 +408 0 -468 0 *
Fa
0  1e-07 590 0

0101000
+407 0 *
Wi

0101100
-528 0 -428 0 -409 0 *
Fa
0  1e-07 566 0

0101000
+405 0 *
Ed
 1e-07 1 1 0
1  918 0 0 0.604591331663052
2  1623 607 0 0 0.604591331663052
2  1624 589 0 0 0.604591331663052
4 CN 589 0 607 0
0

0101000
+451 0 -474 0 *
Wi

0101100
-450 0 -472 0 -403 0 *
Fa
0  1e-07 589 0

0101000
+402 0 *
Ve
1e-07
-16.2888736724854 39.4574966430664 118.751358032227
0 0

0101101
*
Ed
 1e-07 1 1 0
1  919 0 0 0.542499542236328
2  1625 607 0 0 0.542499542236328
2  1626 608 0 0 0.542499542236328
4 C0 607 0 608 0
0

0101000
+474 0 -400 0 *
Ed
 1e-07 1 1 0
1  920 0 0 0.266879982380614
2  1627 607 0 0 0.266879982380614
2  1628 609 0 0 0.266879982380614
4 C0 607 0 609 0
0

0101000
+400 0 -451 0 *
Wi

0101100
+403 0 +399 0 +398 0 *
Fa
0  1e-07 607 0

0101000
+397 0 *
Ve
1e-07
-16.8303718566895 39.4574966430664 118.037483215332
0 0

0101101
*
Ed
 1e-07 1 1 0
1  921 0 0 0.272576429741308
2  1629 594 0 0 0.272576429741308
2  1630 610 0 0 0.272576429741308
4 C0 594 0 610 0
0

0101000
+464 0 -395 0 *
Ed
 1e-07 1 1 0
1  922 0 0 0.42196702113946
2  1631 611 0 0 0.42196702113946
2  1632 594 0 0 0.42196702113946
4 C0 594 0 611 0
0

0101000
+456 0 -395 0 *
Wi

0101100
-455 0 +394 0 -393 0 *
Fa
0  1e-07 594 0

0101000
+392 0 *
Ve
1e-07
-16.7329978942871 39.4574966430664 117.972496032715
0 0

0101101
*
Ed
 1e-07 1 1 0
1  923 0 0 0.1170684520204
0

0101000
+395 0 -390 0 *
Ed
 1e-07 1 1 0
1  924 0 0 0.378578541685686
2  1633 611 0 0 0.378578541685686
2  1634 605 0 0 0.378578541685686
4 C0 611 0 605 0
0

0101000
+390 0 -456 0 *
Wi

0101100
+393 0 +389 0 +388 0 *
Fa
0  1e-07 611 0

0101000
+387 0 *
Ed
 1e-07 1 1 0
1  925 0 0 0.554669539195994
2  1635 605 0 0 0.554669539195994
2  1636 603 0 0 0.554669539195994
4 C0 605 0 603 0
0

0101000
+390 0 -425 0 *
Wi

0101100
+385 0 -412 0 -388 0 *
Fa
0  1e-07 605 0

0101000
+384 0 *
Ve
1e-07
-16.8953723907471 39.4574966430664 118.134864807129
0 0

0101101
*
Ed
 1e-07 1 1 0
1  926 0 0 0.301792984858191
2  1637 610 0 0 0.301792984858191
2  1638 592 0 0 0.301792984858191
4 C0 610 0 592 0
0

0101000
+464 0 -382 0 *
Ed
 1e-07 1 1 0
1  927 0 0 0.117082209787263
0

0101000
+382 0 -395 0 *
Wi

0101100
+381 0 +380 0 -394 0 *
Fa
0  1e-07 610 0

0101000
+379 0 *
Ed
 1e-07 1 1 0
1  928 0 0 0.207261273637149
2  1639 592 0 0 0.207261273637149
2  1640 612 0 0 0.207261273637149
4 C0 592 0 612 0
0

0101000
+469 0 -382 0 *
Wi

0101100
+377 0 -381 0 -463 0 *
Fa
0  1e-07 592 0

0101000
+376 0 *
Ve
1e-07
-16.9182472229004 39.4574966430664 118.249618530273
0 0

0101101
*
Ed
 1e-07 1 1 0
1  929 0 0 0.168545845591143
2  1641 612 0 0 0.168545845591143
2  1642 606 0 0 0.168545845591143
4 C0 612 0 606 0
0

0101000
+469 0 -374 0 *
Ed
 1e-07 1 1 0
1  930 0 0 0.117011430730396
0

0101000
+374 0 -382 0 *
Wi

0101100
+373 0 +372 0 -377 0 *
Fa
0  1e-07 612 0

0101000
+371 0 *
Ed
 1e-07 1 1 0
1  931 0 0 0.274562791411597
2  1643 613 0 0 0.274562791411597
2  1644 606 0 0 0.274562791411597
4 C0 606 0 613 0
0

0101000
+374 0 -430 0 *
Wi

0101100
-373 0 -408 0 -369 0 *
Fa
0  1e-07 606 0

0101000
+368 0 *
Ve
1e-07
-16.8953723907471 39.4574966430664 118.364486694336
0 0

0101101
*
Ed
 1e-07 1 1 0
1  932 0 0 0.163261106567811
2  1645 613 0 0 0.163261106567811
2  1646 614 0 0 0.163261106567811
4 C0 613 0 614 0
0

0101000
+430 0 -366 0 *
Ed
 1e-07 1 1 0
1  933 0 0 0.117123665674927
0

0101000
+366 0 -374 0 *
Wi

0101100
+369 0 +365 0 +364 0 *
Fa
0  1e-07 613 0

0101000
+363 0 *
Ve
1e-07
-16.8303718566895 39.4574966430664 118.461860656738
0 0

0101101
*
Ed
 1e-07 1 1 0
1  934 0 0 0.106284759090495
2  1647 614 0 0 0.106284759090495
2  1648 615 0 0 0.106284759090495
4 C0 614 0 615 0
0

0101000
+430 0 -361 0 *
Ed
 1e-07 1 1 0
1  935 0 0 0.117075864215083
0

0101000
+361 0 -366 0 *
Wi

0101100
+360 0 +359 0 -365 0 *
Fa
0  1e-07 614 0

0101000
+358 0 *
Ve
1e-07
-16.7329978942871 39.4574966430664 118.526863098145
0 0

0101101
*
Ed
 1e-07 1 1 0
1  936 0 0 0.177898571112078
2  1649 615 0 0 0.177898571112078
2  1650 600 0 0 0.177898571112078
4 C0 615 0 600 0
0

0101000
+430 0 -356 0 *
Ed
 1e-07 1 1 0
1  937 0 0 0.117076923186023
0

0101000
+356 0 -361 0 *
Wi

0101100
+355 0 +354 0 -360 0 *
Fa
0  1e-07 615 0

0101000
+353 0 *
Ed
 1e-07 1 1 0
1  938 0 0 0.144696733342193
2  1651 600 0 0 0.144696733342193
2  1652 616 0 0 0.144696733342193
4 C0 600 0 616 0
0

0101000
+438 0 -356 0 *
Wi

0101100
-429 0 +351 0 -355 0 *
Fa
0  1e-07 600 0

0101000
+350 0 *
Ve
1e-07
-16.5033721923828 39.4574966430664 118.526863098145
0 0

0101101
*
Ed
 1e-07 1 1 0
1  939 0 0 0.275865317849757
2  1653 596 0 0 0.275865317849757
2  1654 617 0 0 0.275865317849757
4 CN 596 0 617 0
0

0101000
+348 0 -446 0 *
Ed
 1e-07 1 1 0
1  940 0 0 0.228830081683308
2  1655 596 0 0 0.228830081683308
2  1656 618 0 0 0.228830081683308
4 CN 596 0 618 0
0

0101000
+451 0 -348 0 *
Wi

0101100
+347 0 -445 0 +346 0 *
Fa
0  1e-07 596 0

0101000
+345 0 *
Ve
1e-07
-16.6182479858398 39.4574966430664 118.549743652344
0 0

0101101
*
Ed
 1e-07 1 1 0
1  941 0 0 0.117132265763307
0

0101000
+348 0 -343 0 *
Ed
 1e-07 1 1 0
1  942 0 0 0.189550481224363
2  1657 617 0 0 0.189550481224363
2  1658 598 0 0 0.189550481224363
4 C0 617 0 598 0
0

0101000
+343 0 -446 0 *
Wi

0101100
+342 0 +341 0 -347 0 *
Fa
0  1e-07 617 0

0101000
+340 0 *
Ed
 1e-07 1 1 0
1  943 0 0 0.22276586043774
2  1659 598 0 0 0.22276586043774
2  1660 616 0 0 0.22276586043774
4 C0 598 0 616 0
0

0101000
+343 0 -438 0 *
Wi

0101100
+338 0 -437 0 -341 0 *
Fa
0  1e-07 598 0

0101000
+337 0 *
Ed
 1e-07 1 1 0
1  944 0 0 0.117008808425346
0

0101000
+343 0 -356 0 *
Wi

0101100
+335 0 -351 0 -338 0 *
Fa
0  1e-07 616 0

0101000
+334 0 *
Ve
1e-07
-16.4061241149902 39.4574966430664 118.461738586426
0 0

0101101
*
Ed
 1e-07 1 1 0
1  945 0 0 0.324441311792673
2  1661 618 0 0 0.324441311792673
2  1662 609 0 0 0.324441311792673
4 CN 618 0 609 0
0

0101000
+451 0 -332 0 *
Ed
 1e-07 1 1 0
1  946 0 0 0.117040123817255
0

0101000
+332 0 -348 0 *
Wi

0101100
+331 0 +330 0 -346 0 *
Fa
0  1e-07 618 0

0101000
+329 0 *
Ed
 1e-07 1 1 0
1  947 0 0 0.312453339962213
2  1663 609 0 0 0.312453339962213
2  1664 619 0 0 0.312453339962213
4 CN 609 0 619 0
0

0101000
+400 0 -332 0 *
Wi

0101100
-398 0 +327 0 -331 0 *
Fa
0  1e-07 609 0

0101000
+326 0 *
Ed
 1e-07 1 1 0
1  948 0 0 0.390366937509563
2  1665 619 0 0 0.390366937509563
2  1666 550 0 0 0.390366937509563
4 CN 619 0 550 0
0

0101000
+400 0 -571 0 *
Ed
 1e-07 1 1 0
1  949 0 0 0.117044354736121
0

0101000
+571 0 -332 0 *
Wi

0101100
+324 0 +323 0 -327 0 *
Fa
0  1e-07 619 0

0101000
+322 0 *
Ed
 1e-07 1 1 0
1  950 0 0 0.502598669842495
2  1667 550 0 0 0.502598669842495
2  1668 549 0 0 0.502598669842495
4 C0 550 0 549 0
0

0101000
+400 0 -577 0 *
Wi

0101100
+570 0 -324 0 +320 0 *
Fa
0  1e-07 550 0

0101000
+319 0 *
Ve
1e-07
-16.9569988250732 39.4374961853027 118.249740600586
0 0

0101101
*
Ed
 1e-07 1 1 0
1  951 0 0 0.5625
2  1669 571 0 0 0.5625
2  1670 620 0 0 0.5625
4 C0 571 0 620 0
0

0101000
+317 0 -524 0 *
Ed
 1e-07 1 1 0
1  952 0 0 0.629528688097027
2  1671 621 0 0 0.629528688097027
2  1672 571 0 0 0.629528688097027
4 CN 571 0 621 0
0

0101000
+317 0 -521 0 *
Wi

0101100
+316 0 -519 0 -315 0 *
Fa
0  1e-07 571 0

0101000
+314 0 *
Ve
1e-07
-16.9201240539551 39.4374961853027 117.96949005127
0 0

0101101
*
Ed
 1e-07 1 1 0
1  953 0 0 0.5625
2  1673 621 0 0 0.5625
2  1674 576 0 0 0.5625
4 C0 621 0 576 0
0

0101000
+521 0 -312 0 *
Ed
 1e-07 1 1 0
1  954 0 0 0.282666091240468
2  1675 621 0 0 0.282666091240468
2  1676 622 0 0 0.282666091240468
4 C0 621 0 622 0
0

0101000
+312 0 -317 0 *
Wi

0101100
+315 0 +311 0 +310 0 *
Fa
0  1e-07 621 0

0101000
+309 0 *
Ed
 1e-07 1 1 0
1  955 0 0 0.62953490897505
2  1677 623 0 0 0.62953490897505
2  1678 576 0 0 0.62953490897505
4 CN 576 0 623 0
0

0101000
+312 0 -507 0 *
Wi

0101100
-311 0 -505 0 -307 0 *
Fa
0  1e-07 576 0

0101000
+306 0 *
Ve
1e-07
-16.8118724822998 39.4374961853027 117.708358764648
0 0

0101101
*
Ed
 1e-07 1 1 0
1  956 0 0 0.5625
2  1679 623 0 0 0.5625
2  1680 585 0 0 0.5625
4 C0 623 0 585 0
0

0101000
+507 0 -304 0 *
Ed
 1e-07 1 1 0
1  957 0 0 0.282679945553668
2  1681 623 0 0 0.282679945553668
2  1682 624 0 0 0.282679945553668
4 C0 623 0 624 0
0

0101000
+304 0 -312 0 *
Wi

0101100
+307 0 +303 0 +302 0 *
Fa
0  1e-07 623 0

0101000
+301 0 *
Ve
1e-07
-16.5557479858398 39.4374961853027 118.769607543945
0 0

0101101
*
Ed
 1e-07 1 1 0
1  958 0 0 0.5625
2  1683 555 0 0 0.5625
2  1684 625 0 0 0.5625
4 C0 555 0 625 0
0

0101000
+299 0 -562 0 *
Ed
 1e-07 1 1 0
1  959 0 0 0.583219059069197
2  1685 626 0 0 0.583219059069197
2  1686 555 0 0 0.583219059069197
4 CN 555 0 626 0
0

0101000
+299 0 -559 0 *
Wi

0101100
+298 0 -557 0 -297 0 *
Fa
0  1e-07 555 0

0101000
+296 0 *
Ve
1e-07
-16.7068729400635 39.4374961853027 118.739616394043
0 0

0101101
*
Ed
 1e-07 1 1 0
1  960 0 0 0.5625
2  1687 626 0 0 0.5625
2  1688 561 0 0 0.5625
4 C0 626 0 561 0
0

0101000
+559 0 -294 0 *
Ed
 1e-07 1 1 0
1  961 0 0 0.154072128762992
2  1689 626 0 0 0.154072128762992
2  1690 627 0 0 0.154072128762992
4 C0 626 0 627 0
0

0101000
+294 0 -299 0 *
Wi

0101100
+297 0 +293 0 +292 0 *
Fa
0  1e-07 626 0

0101000
+291 0 *
Ed
 1e-07 1 1 0
1  962 0 0 0.583227354678176
2  1691 628 0 0 0.583227354678176
2  1692 561 0 0 0.583227354678176
4 CN 561 0 628 0
0

0101000
+294 0 -544 0 *
Wi

0101100
-293 0 -542 0 -289 0 *
Fa
0  1e-07 561 0

0101000
+288 0 *
Ve
1e-07
-16.8349990844727 39.4374961853027 118.653991699219
0 0

0101101
*
Ed
 1e-07 1 1 0
1  963 0 0 0.5625
2  1693 628 0 0 0.5625
2  1694 565 0 0 0.5625
4 C0 628 0 565 0
0

0101000
+544 0 -286 0 *
Ed
 1e-07 1 1 0
1  964 0 0 0.154103527684809
2  1695 628 0 0 0.154103527684809
2  1696 629 0 0 0.154103527684809
4 C0 628 0 629 0
0

0101000
+286 0 -294 0 *
Wi

0101100
+289 0 +285 0 +284 0 *
Fa
0  1e-07 628 0

0101000
+283 0 *
Ed
 1e-07 1 1 0
1  965 0 0 0.583227773696515
2  1697 630 0 0 0.583227773696515
2  1698 565 0 0 0.583227773696515
4 CN 565 0 630 0
0

0101000
+286 0 -534 0 *
Wi

0101100
-285 0 -532 0 -281 0 *
Fa
0  1e-07 565 0

0101000
+280 0 *
Ve
1e-07
-16.9206237792969 39.4374961853027 118.525863647461
0 0

0101101
*
Ed
 1e-07 1 1 0
1  966 0 0 0.5625
2  1699 630 0 0 0.5625
2  1700 577 0 0 0.5625
4 C0 630 0 577 0
0

0101000
+534 0 -278 0 *
Ed
 1e-07 1 1 0
1  967 0 0 0.15410511351345
2  1701 630 0 0 0.15410511351345
2  1702 631 0 0 0.15410511351345
4 C0 630 0 631 0
0

0101000
+278 0 -286 0 *
Wi

0101100
+281 0 +277 0 +276 0 *
Fa
0  1e-07 630 0

0101000
+275 0 *
Ve
1e-07
-16.70924949646 39.4374961853027 117.455612182617
0 0

0101101
*
Ed
 1e-07 1 1 0
1  968 0 0 0.5625
2  1703 584 0 0 0.5625
2  1704 632 0 0 0.5625
4 C0 584 0 632 0
0

0101000
+273 0 -493 0 *
Ed
 1e-07 1 1 0
1  969 0 0 0.583003733373973
2  1705 370 0 0 0.583003733373973
2  1706 584 0 0 0.583003733373973
4 CN 584 0 370 0
0

0101000
+273 0 -487 0 *
Wi

0101100
+272 0 -485 0 -271 0 *
Fa
0  1e-07 584 0

0101000
+270 0 *
Ed
 1e-07 1 1 0
1  970 0 0 0.449996948242188
2  1707 370 0 0 0.449996948242188
2  1708 633 0 0 0.449996948242188
4 C0 370 0 633 0
0

0101000
+487 0 -1303 0 *
Ed
 1e-07 1 1 1
2  1709 370 0 0.506252288818359 0.547374725341797
0

0101000
+1311 0 -1311 0 *
Ed
 1e-07 1 1 1
2  1710 370 0 0.547374725341797 0.5625
0

0101000
+1311 0 -1311 0 *
Ed
 1e-07 1 1 0
1  971 0 0 0.153255026436299
2  1711 370 0 0 0.153255026436299
2  1712 634 0 0 0.153255026436299
4 C0 370 0 634 0
0

0101000
+1311 0 -273 0 *
Wi

0101100
+271 0 +268 0 -1301 0 +267 0 +266 0 +265 0 *
Fa
0  1e-07 370 0

0101000
+264 0 *
Ed
 1e-07 1 1 0
1  972 0 0 0.627672949051308
2  1713 620 0 0 0.627672949051308
2  1714 577 0 0 0.627672949051308
4 CN 620 0 577 0
0

0101000
+278 0 -524 0 *
Ed
 1e-07 1 1 0
1  973 0 0 0.278508673062018
2  1715 620 0 0 0.278508673062018
2  1716 635 0 0 0.278508673062018
4 C0 620 0 635 0
0

0101000
+317 0 -278 0 *
Wi

0101100
+262 0 -316 0 +261 0 *
Fa
0  1e-07 620 0

0101000
+260 0 *
Wi

0101100
-277 0 -502 0 -262 0 *
Fa
0  1e-07 577 0

0101000
+258 0 *
Ed
 1e-07 1 1 0
1  974 0 0 0.625154830382973
2  1717 632 0 0 0.625154830382973
2  1718 585 0 0 0.625154830382973
4 CN 632 0 585 0
0

0101000
+304 0 -493 0 *
Ed
 1e-07 1 1 0
1  975 0 0 0.272786201907582
2  1719 632 0 0 0.272786201907582
2  1720 636 0 0 0.272786201907582
4 C0 632 0 636 0
0

0101000
+273 0 -304 0 *
Wi

0101100
+256 0 -272 0 +255 0 *
Fa
0  1e-07 632 0

0101000
+254 0 *
Wi

0101100
-303 0 -482 0 -256 0 *
Fa
0  1e-07 585 0

0101000
+252 0 *
Ed
 1e-07 1 1 0
1  976 0 0 0.631432073535516
2  1721 625 0 0 0.631432073535516
2  1722 586 0 0 0.631432073535516
4 CN 625 0 586 0
0

0101000
+569 0 -562 0 *
Ed
 1e-07 1 1 0
1  977 0 0 0.286880137843946
2  1723 625 0 0 0.286880137843946
2  1724 637 0 0 0.286880137843946
4 C0 625 0 637 0
0

0101000
+299 0 -569 0 *
Wi

0101100
+250 0 -298 0 +249 0 *
Fa
0  1e-07 625 0

0101000
+248 0 *
Ed
 1e-07 1 1 0
1  978 0 0 0.5625
0

0101000
+569 0 -479 0 *
Wi

0101100
+246 0 -478 0 -250 0 *
Fa
0  1e-07 586 0

0101000
+245 0 *
Ve
1e-07
-16.8391227722168 39.2074966430664 118.028732299805
0 0

0101101
*
Ed
 1e-07 1 1 0
1  979 0 0 0.39532463844035
2  1725 636 0 0 0.39532463844035
2  1726 638 0 0 0.39532463844035
4 C0 636 0 638 0
0

0101000
+243 0 -304 0 *
Ed
 1e-07 1 1 0
1  980 0 0 0.631057466408365
2  1727 639 0 0 0.631057466408365
2  1728 636 0 0 0.631057466408365
4 C0 636 0 639 0
0

0101000
+243 0 -273 0 *
Wi

0101100
+242 0 -255 0 -241 0 *
Fa
0  1e-07 636 0

0101000
+240 0 *
Ve
1e-07
-16.7377490997314 39.2074966430664 117.960861206055
0 0

0101101
*
Ed
 1e-07 1 1 0
1  981 0 0 0.555867423492419
2  1729 639 0 0 0.555867423492419
2  1730 640 0 0 0.555867423492419
4 C0 639 0 640 0
0

0101000
+273 0 -238 0 *
Ed
 1e-07 1 1 0
1  982 0 0 0.121996339453234
0

0101000
+238 0 -243 0 *
Wi

0101100
+241 0 +237 0 +236 0 *
Fa
0  1e-07 639 0

0101000
+235 0 *
Ve
1e-07
-16.9068737030029 39.2074966430664 118.130111694336
0 0

0101101
*
Ed
 1e-07 1 1 0
1  983 0 0 0.489694348613493
2  1731 638 0 0 0.489694348613493
2  1732 624 0 0 0.489694348613493
4 C0 638 0 624 0
0

0101000
+233 0 -304 0 *
Ed
 1e-07 1 1 0
1  984 0 0 0.121934286637968
0

0101000
+243 0 -233 0 *
Wi

0101100
+232 0 -242 0 +231 0 *
Fa
0  1e-07 638 0

0101000
+230 0 *
Ed
 1e-07 1 1 0
1  985 0 0 0.280846352033683
2  1733 624 0 0 0.280846352033683
2  1734 622 0 0 0.280846352033683
4 C0 624 0 622 0
0

0101000
+233 0 -312 0 *
Wi

0101100
+228 0 -302 0 -232 0 *
Fa
0  1e-07 624 0

0101000
+227 0 *
Ed
 1e-07 1 1 0
1  986 0 0 0.264051874642191
2  1735 622 0 0 0.264051874642191
2  1736 641 0 0 0.264051874642191
4 C0 622 0 641 0
0

0101000
+233 0 -317 0 *
Wi

0101100
+225 0 -310 0 -228 0 *
Fa
0  1e-07 622 0

0101000
+224 0 *
Ve
1e-07
-16.9307479858398 39.2074966430664 118.249740600586
0 0

0101101
*
Ed
 1e-07 1 1 0
1  987 0 0 0.121987936254157
0

0101000
+233 0 -222 0 *
Ed
 1e-07 1 1 0
1  988 0 0 0.231492755803239
2  1737 641 0 0 0.231492755803239
2  1738 635 0 0 0.231492755803239
4 C0 641 0 635 0
0

0101000
+222 0 -317 0 *
Wi

0101100
+221 0 +220 0 -225 0 *
Fa
0  1e-07 641 0

0101000
+219 0 *
Ed
 1e-07 1 1 0
1  989 0 0 0.359508311451319
2  1739 635 0 0 0.359508311451319
2  1740 642 0 0 0.359508311451319
4 C0 635 0 642 0
0

0101000
+222 0 -278 0 *
Wi

0101100
+217 0 -261 0 -220 0 *
Fa
0  1e-07 635 0

0101000
+216 0 *
Ve
1e-07
-16.9068737030029 39.2074966430664 118.369232177734
0 0

0101101
*
Ed
 1e-07 1 1 0
1  990 0 0 0.121853265817531
0

0101000
+222 0 -214 0 *
Ed
 1e-07 1 1 0
1  991 0 0 0.278607737393836
2  1741 642 0 0 0.278607737393836
2  1742 631 0 0 0.278607737393836
4 C0 642 0 631 0
0

0101000
+214 0 -278 0 *
Wi

0101100
+213 0 +212 0 -217 0 *
Fa
0  1e-07 642 0

0101000
+211 0 *
Ed
 1e-07 1 1 0
1  992 0 0 0.373033155756701
2  1743 631 0 0 0.373033155756701
2  1744 643 0 0 0.373033155756701
4 C0 631 0 643 0
0

0101000
+214 0 -286 0 *
Wi

0101100
+209 0 -276 0 -212 0 *
Fa
0  1e-07 631 0

0101000
+208 0 *
Ve
1e-07
-16.8391227722168 39.2074966430664 118.470611572266
0 0

0101101
*
Ed
 1e-07 1 1 0
1  993 0 0 0.121934286637968
0

0101000
+214 0 -206 0 *
Ed
 1e-07 1 1 0
1  994 0 0 0.294185426544001
2  1745 643 0 0 0.294185426544001
2  1746 629 0 0 0.294185426544001
4 C0 643 0 629 0
0

0101000
+206 0 -286 0 *
Wi

0101100
+205 0 +204 0 -209 0 *
Fa
0  1e-07 643 0

0101000
+203 0 *
Ed
 1e-07 1 1 0
1  995 0 0 0.377827211398229
2  1747 644 0 0 0.377827211398229
2  1748 629 0 0 0.377827211398229
4 C0 629 0 644 0
0

0101000
+294 0 -206 0 *
Wi

0101100
-284 0 -204 0 -201 0 *
Fa
0  1e-07 629 0

0101000
+200 0 *
Ve
1e-07
-16.7377490997314 39.2074966430664 118.538368225098
0 0

0101101
*
Ed
 1e-07 1 1 0
1  996 0 0 0.121932708803535
0

0101000
+206 0 -198 0 *
Ed
 1e-07 1 1 0
1  997 0 0 0.307170884311328
2  1749 644 0 0 0.307170884311328
2  1750 627 0 0 0.307170884311328
4 C0 644 0 627 0
0

0101000
+198 0 -294 0 *
Wi

0101100
+201 0 +197 0 +196 0 *
Fa
0  1e-07 644 0

0101000
+195 0 *
Ed
 1e-07 1 1 0
1  998 0 0 0.373491388746558
2  1751 627 0 0 0.373491388746558
2  1752 645 0 0 0.373491388746558
4 C0 627 0 645 0
0

0101000
+198 0 -299 0 *
Wi

0101100
+193 0 -292 0 -196 0 *
Fa
0  1e-07 627 0

0101000
+192 0 *
Ve
1e-07
-16.6182479858398 39.2074966430664 118.562232971191
0 0

0101101
*
Ed
 1e-07 1 1 0
1  999 0 0 0.121860749741058
0

0101000
+198 0 -190 0 *
Ed
 1e-07 1 1 0
1  1000 0 0 0.315927606982653
2  1753 645 0 0 0.315927606982653
2  1754 637 0 0 0.315927606982653
4 C0 645 0 637 0
0

0101000
+190 0 -299 0 *
Wi

0101100
+189 0 +188 0 -193 0 *
Fa
0  1e-07 645 0

0101000
+187 0 *
Ed
 1e-07 1 1 0
1  1001 0 0 0.467651150165709
2  1755 637 0 0 0.467651150165709
2  1756 646 0 0 0.467651150165709
4 C0 637 0 646 0
0

0101000
+190 0 -569 0 *
Wi

0101100
+185 0 -249 0 -188 0 *
Fa
0  1e-07 637 0

0101000
+184 0 *
Ve
1e-07
-16.4986228942871 39.2074966430664 118.538368225098
0 0

0101101
*
Ed
 1e-07 1 1 0
1  1002 0 0 0.121982329192056
0

0101000
+190 0 -182 0 *
Ed
 1e-07 1 1 0
1  1003 0 0 0.399963680617699
2  1757 646 0 0 0.399963680617699
2  1758 647 0 0 0.399963680617699
4 C0 646 0 647 0
0

0101000
+182 0 -569 0 *
Wi

0101100
+181 0 +180 0 -185 0 *
Fa
0  1e-07 646 0

0101000
+179 0 *
Ve
1e-07
-16.3972473144531 39.2074966430664 118.470611572266
0 0

0101101
*
Ed
 1e-07 1 1 0
1  1004 0 0 0.121934294559312
0

0101000
+182 0 -177 0 *
Ed
 1e-07 1 1 0
1  1005 0 0 0.399788321444078
2  1759 647 0 0 0.399788321444078
2  1760 648 0 0 0.399788321444078
4 C0 647 0 648 0
0

0101000
+177 0 -569 0 *
Wi

0101100
+176 0 +175 0 -180 0 *
Fa
0  1e-07 647 0

0101000
+174 0 *
Ve
1e-07
-16.3294982910156 39.2074966430664 118.369232177734
0 0

0101101
*
Ed
 1e-07 1 1 0
1  1006 0 0 0.121933226859039
0

0101000
+177 0 -172 0 *
Ed
 1e-07 1 1 0
1  1007 0 0 0.467208549052673
2  1761 648 0 0 0.467208549052673
2  1762 551 0 0 0.467208549052673
4 C0 648 0 551 0
0

0101000
+172 0 -569 0 *
Wi

0101100
+171 0 +170 0 -175 0 *
Fa
0  1e-07 648 0

0101000
+169 0 *
Ed
 1e-07 1 1 0
1  1008 0 0 0.12194839506228
0

0101000
+172 0 -567 0 *
Wi

0101100
-170 0 +167 0 +566 0 *
Fa
0  1e-07 551 0

0101000
+166 0 *
Ve
1e-07
-16.2879981994629 39.9999961853027 117.317489624023
0 0

0101101
*
Ed
 1e-07 1 1 0
1  1009 0 0 1.43386867547066
2  1763 608 0 0 1.43386867547066
2  1764 649 0 0 1.43386867547066
4 C0 608 0 649 0
0

0101000
+474 0 -164 0 *
Ed
 1e-07 1 1 0
1  1010 0 0 1.53306396860099
2  1765 650 0 0 1.53306396860099
2  1766 608 0 0 1.53306396860099
4 CN 608 0 650 0
0

0101000
+400 0 -164 0 *
Wi

0101100
-399 0 +163 0 -162 0 *
Fa
0  1e-07 608 0

0101000
+161 0 *
Ed
 1e-07 1 1 0
1  1011 0 0 0.368747711181641
2  1767 650 0 0 0.368747711181641
2  1768 651 0 0 0.368747711181641
4 C0 650 0 651 0
0

0101000
+164 0 -1280 0 *
Ed
 1e-07 1 1 0
1  1012 0 0 1.44435766944716
2  1769 650 0 0 1.44435766944716
2  1770 549 0 0 1.44435766944716
4 C0 650 0 549 0
0

0101000
+1280 0 -400 0 *
Wi

0101100
+162 0 +159 0 +158 0 *
Fa
0  1e-07 650 0

0101000
+157 0 *
Ve
1e-07
-16.2679977416992 39.9999961853027 117.317489624023
0 0

0101101
*
Ed
 1e-07 1 1 0
1  1013 0 0 1.43402036824069
2  1771 649 0 0 1.43402036824069
2  1772 588 0 0 1.43402036824069
4 CN 649 0 588 0
0

0101000
+474 0 -155 0 *
Ed
 1e-07 1 1 0
1  1014 0 0 0.0200004577636719
2  1773 649 0 0 0.0200004577636719
2  1774 652 0 0 0.0200004577636719
4 CN 649 0 652 0
0

0101000
+155 0 -164 0 *
Wi

0101100
+154 0 +153 0 -163 0 *
Fa
0  1e-07 649 0

0101000
+152 0 *
Ed
 1e-07 1 1 0
1  1015 0 0 1.45387294425418
0

0101000
+479 0 -155 0 *
Wi

0101100
-473 0 +150 0 -154 0 *
Fa
0  1e-07 588 0

0101000
+149 0 *
Ve
1e-07
-16.6807479858398 39.4374961853027 117.455863952637
0 0

0101101
*
Ed
 1e-07 1 1 0
1  1016 0 0 0.028502622612163
2  1775 640 0 0 0.028502622612163
2  1776 634 0 0 0.028502622612163
4 C0 640 0 634 0
0

0101000
+273 0 -147 0 *
Ed
 1e-07 1 1 0
1  1017 0 0 0.557827161738738
2  1777 653 0 0 0.557827161738738
2  1778 640 0 0 0.557827161738738
4 C0 640 0 653 0
0

0101000
+238 0 -147 0 *
Wi

0101100
-237 0 +146 0 -145 0 *
Fa
0  1e-07 640 0

0101000
+144 0 *
Ed
 1e-07 1 1 0
1  1018 0 0 0.537033206255758
2  1779 653 0 0 0.537033206255758
2  1780 654 0 0 0.537033206255758
4 C0 653 0 654 0
0

0101000
+147 0 -1110 0 *
Ed
 1e-07 1 1 0
1  1019 0 0 0.121838389751655
0

0101000
+1110 0 -238 0 *
Wi

0101100
+145 0 +142 0 +141 0 *
Fa
0  1e-07 653 0

0101000
+140 0 *
Ed
 1e-07 1 1 0
1  1020 0 0 0.143575931854158
2  1781 634 0 0 0.143575931854158
2  1782 655 0 0 0.143575931854158
4 CN 634 0 655 0
0

0101000
+1311 0 -147 0 *
Wi

0101100
-146 0 -265 0 +138 0 *
Fa
0  1e-07 634 0

0101000
+137 0 *
Ed
 1e-07 1 1 0
1  1021 0 0 0.121843630260876
0

0101000
+567 0 -846 0 *
Wi

0101100
+135 0 +599 0 -565 0 *
Fa
0  1e-07 544 0

0101000
+134 0 *
Ed
 1e-07 1 1 0
1  1022 0 0 0.747357198986762
2  1783 654 0 0 0.747357198986762
2  1784 517 0 0 0.747357198986762
4 C0 654 0 517 0
0

0101000
+601 0 -1110 0 *
Ed
 1e-07 1 1 0
1  1023 0 0 0.43402225039629
2  1785 654 0 0 0.43402225039629
2  1786 656 0 0 0.43402225039629
4 C0 654 0 656 0
0

0101000
+147 0 -601 0 *
Wi

0101100
+132 0 -142 0 +131 0 *
Fa
0  1e-07 654 0

0101000
+130 0 *
Wi

0101100
-596 0 -859 0 -132 0 *
Fa
0  1e-07 517 0

0101000
+128 0 *
Wi

0101100
-320 0 -158 0 -575 0 *
Fa
0  1e-07 549 0

0101000
+126 0 *
Ed
 1e-07 1 1 0
1  1024 0 0 0.63912788702492
2  1787 373 0 0 0.63912788702492
2  1788 657 0 0 0.63912788702492
4 C0 373 0 657 0
0

0101000
+420 0 -1295 0 *
Ed
 1e-07 1 1 0
1  1025 0 0 0.0478800220971131
2  1789 373 0 0 0.0478800220971131
2  1790 658 0 0 0.0478800220971131
4 C0 373 0 658 0
0

0101000
+1297 0 -420 0 *
Wi

0101100
+124 0 -1294 0 +123 0 *
Fa
0  1e-07 373 0

0101000
+122 0 *
Ed
 1e-07 1 1 0
1  1026 0 0 0.670773897210404
2  1791 657 0 0 0.670773897210404
2  1792 603 0 0 0.670773897210404
4 C0 657 0 603 0
0

0101000
+420 0 -390 0 *
Ed
 1e-07 1 1 0
1  1027 0 0 0.117008808425346
0

0101000
+390 0 -1295 0 *
Wi

0101100
+120 0 +119 0 -124 0 *
Fa
0  1e-07 657 0

0101000
+118 0 *
Wi

0101100
-419 0 -385 0 -120 0 *
Fa
0  1e-07 603 0

0101000
+116 0 *
Ve
1e-07
-16.5308723449707 39.4374961853027 117.317237854004
0 0

0101101
*
Ed
 1e-07 1 1 0
1  1028 0 0 0.204156564793028
2  1793 656 0 0 0.204156564793028
2  1794 655 0 0 0.204156564793028
4 CN 656 0 655 0
0

0101000
+147 0 -114 0 *
Ed
 1e-07 1 1 0
1  1029 0 0 0.261497618760763
2  1795 656 0 0 0.261497618760763
2  1796 659 0 0 0.261497618760763
4 CN 656 0 659 0
0

0101000
+114 0 -601 0 *
Wi

0101100
+113 0 +112 0 -131 0 *
Fa
0  1e-07 656 0

0101000
+111 0 *
Ed
 1e-07 1 1 0
1  1030 0 0 0.0583692670236576
2  1797 368 0 0 0.0583692670236576
2  1798 660 0 0 0.0583692670236576
4 C0 368 0 660 0
0

0101000
+1308 0 -114 0 *
Ed
 1e-07 1 1 0
1  1031 0 0 0.11250114440918
2  1799 368 0 0 0.11250114440918
2  1800 655 0 0 0.11250114440918
4 C0 368 0 655 0
0

0101000
+114 0 -1311 0 *
Wi

0101100
-1306 0 +109 0 +108 0 *
Fa
0  1e-07 368 0

0101000
+107 0 *
Wi

0101100
-108 0 -113 0 -138 0 *
Fa
0  1e-07 655 0

0101000
+105 0 *
Ve
1e-07
-16.2679977416992 39.4374961853027 117.317489624023
0 0

0101101
*
Ed
 1e-07 1 1 0
1  1032 0 0 0.26287472383872
2  1801 659 0 0 0.26287472383872
2  1802 661 0 0 0.26287472383872
4 C0 659 0 661 0
0

0101000
+114 0 -103 0 *
Ed
 1e-07 1 1 0
1  1033 0 0 0.00137710571289062
0

0101000
+103 0 -601 0 *
Wi

0101100
+102 0 +101 0 -112 0 *
Fa
0  1e-07 659 0

0101000
+100 0 *
Ed
 1e-07 1 1 0
1  1034 0 0 0.0582458491796569
2  1803 661 0 0 0.0582458491796569
2  1804 363 0 0 0.0582458491796569
4 C0 661 0 363 0
0

0101000
+114 0 -1316 0 *
Ed
 1e-07 1 1 0
1  1035 0 0 0.207179897326784
2  1805 662 0 0 0.207179897326784
2  1806 661 0 0 0.207179897326784
4 C0 661 0 662 0
0

0101000
+103 0 -1316 0 *
Wi

0101100
-102 0 +98 0 -97 0 *
Fa
0  1e-07 661 0

0101000
+96 0 *
Ve
1e-07
-16.2679977416992 39.6249961853027 117.317489624023
0 0

0101101
*
Ed
 1e-07 1 1 0
1  1036 0 0 0.1875
0

0101000
+94 0 -103 0 *
Ed
 1e-07 1 1 0
1  1037 0 0 0.269086941079478
2  1807 662 0 0 0.269086941079478
2  1808 364 0 0 0.269086941079478
4 C0 662 0 364 0
0

0101000
+1316 0 -94 0 *
Wi

0101100
+93 0 +97 0 +92 0 *
Fa
0  1e-07 662 0

0101000
+91 0 *
Ed
 1e-07 1 1 0
1  1038 0 0 0.0675014155492925
0

0101000
+1549 0 -94 0 *
Wi

0101100
+1314 0 +89 0 -92 0 *
Fa
0  1e-07 364 0

0101000
+88 0 *
Ed
 1e-07 1 1 0
1  1039 0 0 0.0706147549644607
2  1809 307 0 0 0.0706147549644607
2  1810 652 0 0 0.0706147549644607
4 CN 307 0 652 0
0

0101000
+1554 0 -155 0 *
Ed
 1e-07 1 1 0
1  1040 0 0 0.0675014155492925
0

0101000
+155 0 -1561 0 *
Wi

0101100
+86 0 +85 0 -1552 0 *
Fa
0  1e-07 307 0

0101000
+84 0 *
Ed
 1e-07 1 1 0
1  1041 0 0 0.0675014155492925
2  1811 652 0 0 0.0675014155492925
2  1812 361 0 0 0.0675014155492925
4 C0 652 0 361 0
0

0101000
+1554 0 -164 0 *
Wi

0101100
+82 0 -153 0 -86 0 *
Fa
0  1e-07 652 0

0101000
+81 0 *
Ed
 1e-07 1 1 0
1  1042 0 0 0.374875066659356
2  1813 361 0 0 0.374875066659356
2  1814 651 0 0 0.374875066659356
4 CN 361 0 651 0
0

0101000
+1420 0 -164 0 *
Wi

0101100
+79 0 -82 0 -1409 0 *
Fa
0  1e-07 361 0

0101000
+78 0 *
Ed
 1e-07 1 1 0
1  1043 0 0 0.0675014155492925
2  1815 651 0 0 0.0675014155492925
2  1816 357 0 0 0.0675014155492925
4 C0 651 0 357 0
0

0101000
+1420 0 -1280 0 *
Wi

0101100
+76 0 -159 0 -79 0 *
Fa
0  1e-07 651 0

0101000
+75 0 *
Ed
 1e-07 1 1 0
1  1044 0 0 0.263453219023619
2  1817 357 0 0 0.263453219023619
2  1818 379 0 0 0.263453219023619
4 C0 357 0 379 0
0

0101000
+1436 0 -1280 0 *
Wi

0101100
+73 0 -76 0 -1419 0 *
Fa
0  1e-07 357 0

0101000
+72 0 *
Ed
 1e-07 1 1 0
1  1045 0 0 0.0672465225426816
2  1819 379 0 0 0.0672465225426816
2  1820 377 0 0 0.0672465225426816
4 C0 379 0 377 0
0

0101000
+1436 0 -1285 0 *
Wi

0101100
+70 0 -1279 0 -73 0 *
Fa
0  1e-07 379 0

0101000
+69 0 *
Ed
 1e-07 1 1 0
1  1046 0 0 0.0826068544564569
2  1821 343 0 0 0.0826068544564569
2  1822 658 0 0 0.0826068544564569
4 CN 343 0 658 0
0

0101000
+1473 0 -1297 0 *
Ed
 1e-07 1 1 0
1  1047 0 0 0.0672465331731611
2  1823 343 0 0 0.0672465331731611
2  1824 344 0 0 0.0672465331731611
4 C0 343 0 344 0
0

0101000
+1297 0 -1467 0 *
Wi

0101100
+67 0 +66 0 -1459 0 *
Fa
0  1e-07 343 0

0101000
+65 0 *
Ed
 1e-07 1 1 0
1  1048 0 0 0.0672465331731611
2  1825 658 0 0 0.0672465331731611
2  1826 337 0 0 0.0672465331731611
4 C0 658 0 337 0
0

0101000
+1473 0 -420 0 *
Wi

0101100
+63 0 -123 0 -67 0 *
Fa
0  1e-07 658 0

0101000
+62 0 *
Ed
 1e-07 1 1 0
1  1049 0 0 0.0824111932552407
2  1827 344 0 0 0.0824111932552407
2  1828 372 0 0 0.0824111932552407
4 CN 344 0 372 0
0

0101000
+1297 0 -1456 0 *
Wi

0101100
+60 0 -1455 0 -66 0 *
Fa
0  1e-07 344 0

0101000
+59 0 *
Ed
 1e-07 1 1 0
1  1050 0 0 0.0672465331731611
2  1829 372 0 0 0.0672465331731611
2  1830 348 0 0 0.0672465331731611
4 C0 372 0 348 0
0

0101000
+1298 0 -1456 0 *
Wi

0101100
-1296 0 +57 0 -60 0 *
Fa
0  1e-07 372 0

0101000
+56 0 *
Ed
 1e-07 1 1 0
1  1051 0 0 0.0823386826852739
2  1831 348 0 0 0.0823386826852739
2  1832 376 0 0 0.0823386826852739
4 CN 348 0 376 0
0

0101000
+1298 0 -1446 0 *
Wi

0101100
+54 0 -1445 0 -57 0 *
Fa
0  1e-07 348 0

0101000
+53 0 *
Ed
 1e-07 1 1 0
1  1052 0 0 0.0672465331731611
2  1833 376 0 0 0.0672465331731611
2  1834 352 0 0 0.0672465331731611
4 C0 376 0 352 0
0

0101000
+1290 0 -1446 0 *
Wi

0101100
-1288 0 +51 0 -54 0 *
Fa
0  1e-07 376 0

0101000
+50 0 *
Ed
 1e-07 1 1 0
1  1053 0 0 0.0823376200084242
2  1835 352 0 0 0.0823376200084242
2  1836 377 0 0 0.0823376200084242
4 C0 352 0 377 0
0

0101000
+1290 0 -1436 0 *
Wi

0101100
+48 0 -1435 0 -51 0 *
Fa
0  1e-07 352 0

0101000
+47 0 *
Wi

0101100
-1284 0 -70 0 -48 0 *
Fa
0  1e-07 377 0

0101000
+45 0 *
Ed
 1e-07 1 1 0
1  1054 0 0 0.454993790783007
2  1837 604 0 0 0.454993790783007
2  1838 337 0 0 0.454993790783007
4 CN 604 0 337 0
0

0101000
+420 0 -1483 0 *
Ed
 1e-07 1 1 0
1  1055 0 0 0.0672465331731611
2  1839 604 0 0 0.0672465331731611
2  1840 583 0 0 0.0672465331731611
4 C0 604 0 583 0
0

0101000
+1483 0 -494 0 *
Wi

0101100
+43 0 +42 0 -418 0 *
Fa
0  1e-07 604 0

0101000
+41 0 *
Wi

0101100
-63 0 -1472 0 -43 0 *
Fa
0  1e-07 337 0

0101000
+39 0 *
Ed
 1e-07 1 1 0
1  1056 0 0 0.0700505837472583
2  1841 583 0 0 0.0700505837472583
2  1842 333 0 0 0.0700505837472583
4 CN 583 0 333 0
0

0101000
+1483 0 -487 0 *
Wi

0101100
+37 0 -486 0 -42 0 *
Fa
0  1e-07 583 0

0101000
+36 0 *
Ed
 1e-07 1 1 0
1  1057 0 0 0.0672465331731611
2  1843 333 0 0 0.0672465331731611
2  1844 331 0 0 0.0672465331731611
4 C0 333 0 331 0
0

0101000
+1488 0 -487 0 *
Wi

0101100
-1482 0 +34 0 -37 0 *
Fa
0  1e-07 333 0

0101000
+33 0 *
Ed
 1e-07 1 1 0
1  1058 0 0 0.0887277770187806
2  1845 363 0 0 0.0887277770187806
2  1846 328 0 0 0.0887277770187806
4 C0 363 0 328 0
0

0101000
+114 0 -1540 0 *
Wi

0101100
+31 0 -1315 0 -98 0 *
Fa
0  1e-07 363 0

0101000
+30 0 *
Ed
 1e-07 1 1 0
1  1059 0 0 0.0672465331731611
2  1847 328 0 0 0.0672465331731611
2  1848 660 0 0 0.0672465331731611
4 C0 328 0 660 0
0

0101000
+114 0 -1507 0 *
Wi

0101100
+28 0 -1496 0 -31 0 *
Fa
0  1e-07 328 0

0101000
+27 0 *
Ed
 1e-07 1 1 0
1  1060 0 0 0.0888071034731188
2  1849 660 0 0 0.0888071034731188
2  1850 325 0 0 0.0888071034731188
4 C0 660 0 325 0
0

0101000
+1308 0 -1507 0 *
Wi

0101100
+25 0 -28 0 -109 0 *
Fa
0  1e-07 660 0

0101000
+24 0 *
Ed
 1e-07 1 1 0
1  1061 0 0 0.0672459547157468
2  1851 325 0 0 0.0672459547157468
2  1852 367 0 0 0.0672459547157468
4 C0 325 0 367 0
0

0101000
+1308 0 -1517 0 *
Wi

0101100
+22 0 -1505 0 -25 0 *
Fa
0  1e-07 325 0

0101000
+21 0 *
Ed
 1e-07 1 1 0
1  1062 0 0 0.0887903881992788
2  1853 321 0 0 0.0887903881992788
2  1854 367 0 0 0.0887903881992788
4 C0 321 0 367 0
0

0101000
+1517 0 -1310 0 *
Ed
 1e-07 1 1 0
1  1063 0 0 0.0672459476016499
2  1855 321 0 0 0.0672459476016499
2  1856 369 0 0 0.0672459476016499
4 C0 321 0 369 0
0

0101000
+1310 0 -1527 0 *
Wi

0101100
+19 0 +18 0 -1515 0 *
Fa
0  1e-07 321 0

0101000
+17 0 *
Wi

0101100
-22 0 -1307 0 -19 0 *
Fa
0  1e-07 367 0

0101000
+15 0 *
Ed
 1e-07 1 1 0
1  1064 0 0 0.0889053818781055
2  1857 317 0 0 0.0889053818781055
2  1858 369 0 0 0.0889053818781055
4 C0 317 0 369 0
0

0101000
+1527 0 -1303 0 *
Ed
 1e-07 1 1 0
1  1065 0 0 0.0672465331731611
2  1859 317 0 0 0.0672465331731611
2  1860 633 0 0 0.0672465331731611
4 C0 317 0 633 0
0

0101000
+1303 0 -1534 0 *
Wi

0101100
+13 0 +12 0 -1525 0 *
Fa
0  1e-07 317 0

0101000
+11 0 *
Wi

0101100
-18 0 -1302 0 -13 0 *
Fa
0  1e-07 369 0

0101000
+9 0 *
Ed
 1e-07 1 1 0
1  1066 0 0 0.454993790783007
2  1861 331 0 0 0.454993790783007
2  1862 633 0 0 0.454993790783007
4 CN 331 0 633 0
0

0101000
+1534 0 -487 0 *
Wi

0101100
+7 0 -34 0 -1487 0 *
Fa
0  1e-07 331 0

0101000
+6 0 *
Wi

0101100
-12 0 -268 0 -7 0 *
Fa
0  1e-07 633 0

0101000
+4 0 *
Sh

0100000
+2781 0 +2776 0 +2768 0 +2763 0 +2758 0 +2753 0 +2748 0 +2743 0 +2738 0 +2733 0 
+2728 0 +2723 0 +2718 0 +2713 0 +2708 0 +2703 0 +2698 0 +2693 0 +2688 0 +2683 0 
+2678 0 +2673 0 +2668 0 +2663 0 +2658 0 +2653 0 +2648 0 +2643 0 +2638 0 +2633 0 
+2628 0 +2623 0 +2619 0 +2616 0 +2611 0 +2606 0 +2603 0 +2598 0 +2595 0 +2590 0 
+2587 0 +2582 0 +2579 0 +2574 0 +2571 0 +2566 0 +2563 0 +2558 0 +2555 0 +2550 0 
+2547 0 +2542 0 +2539 0 +2534 0 +2531 0 +2526 0 +2523 0 +2518 0 +2515 0 +2510 0 
+2507 0 +2502 0 +2499 0 +2494 0 +2490 0 +2488 0 -2483 0 -2476 0 -2471 0 -2466 0 
-2461 0 -2456 0 -2451 0 -2446 0 -2441 0 -2436 0 -2431 0 -2426 0 -2421 0 -2416 0 
-2411 0 -2406 0 -2401 0 -2396 0 -2391 0 -2386 0 -2381 0 -2376 0 -2371 0 -2366 0 
-2361 0 -2356 0 -2351 0 -2346 0 -2341 0 -2336 0 -2331 0 -2327 0 -2324 0 -2321 0 
-2317 0 -2312 0 -2307 0 -2304 0 -2299 0 -2296 0 -2291 0 -2288 0 -2283 0 -2280 0 
-2275 0 -2272 0 -2267 0 -2264 0 -2259 0 -2256 0 -2251 0 -2248 0 -2243 0 -2240 0 
-2235 0 -2232 0 -2228 0 -2225 0 -2220 0 -2217 0 -2214 0 -2211 0 -2206 0 -2203 0 
-2200 0 -2197 0 -2192 0 -2189 0 -2185 0 -2182 0 -2177 0 -2174 0 -2171 0 -2168 0 
-2163 0 -2160 0 -2157 0 -2154 0 -2149 0 -2146 0 -2143 0 -2140 0 -2135 0 -2132 0 
-2128 0 -2125 0 -2120 0 -2117 0 -2114 0 -2111 0 -2106 0 -2103 0 -2100 0 -2098 0 
-2095 0 -2092 0 +2087 0 +2079 0 +2074 0 +2069 0 +2061 0 +2056 0 +2051 0 +2047 0 
+2042 0 +2034 0 +2029 0 +2024 0 +2019 0 +2014 0 +2010 0 +2007 0 +2004 0 +1999 0 
+1994 0 +1989 0 +1984 0 +1981 0 +1976 0 +1971 0 +1966 0 +1963 0 +1958 0 +1955 0 
+1950 0 +1945 0 +1940 0 +1936 0 +1934 0 +1931 0 +1928 0 +1925 0 +1920 0 +1915 0 
+1910 0 +1907 0 +1902 0 +1899 0 +1894 0 +1891 0 +1886 0 +1881 0 +1876 0 +1873 0 
+1868 0 +1863 0 +1859 0 +1857 0 +1852 0 +1849 0 +1844 0 +1839 0 +1834 0 +1829 0 
+1826 0 +1822 0 +1817 0 +1812 0 +1809 0 +1804 0 +1801 0 +1796 0 +1791 0 +1780 0 
+1777 0 +1774 0 +1771 0 +1768 0 +1763 0 +1760 0 +1757 0 +1752 0 +1749 0 +1746 0 
+1741 0 +1738 0 +1733 0 +1730 0 +1726 0 +1723 0 +1720 0 +1717 0 +1712 0 +1709 0 
+1705 0 +1702 0 +1699 0 +1696 0 +1691 0 +1686 0 +1681 0 +1678 0 +1673 0 +1669 0 
+1666 0 +1658 0 -1651 0 -1646 0 -1642 0 -1639 0 +1636 0 +1633 0 +1629 0 +1626 0 
+1623 0 -1621 0 -1616 0 -1609 0 -1604 0 -1601 0 -1597 0 +1594 0 -1591 0 +1587 0 
+1582 0 +1577 0 +1573 0 +1571 0 +1568 0 +1563 0 +1555 0 +1550 0 +1545 0 +1541 0 
+1536 0 +1528 0 +1523 0 +1518 0 +1513 0 +1508 0 +1503 0 +1498 0 +1494 0 +1489 0 
+1484 0 +1479 0 +1474 0 +1469 0 +1461 0 +1457 0 +1452 0 +1447 0 +1442 0 +1437 0 
+1432 0 +1427 0 +1424 0 +1421 0 +1416 0 +1411 0 +1407 0 +1404 0 +1401 0 +1397 0 
+1394 0 +1390 0 +1388 0 -1384 0 +1382 0 -1378 0 +1375 0 -1371 0 +1369 0 -1365 0 
-1363 0 -1360 0 -1358 0 +1355 0 +1352 0 +1348 0 +1346 0 +1342 0 +1340 0 +1336 0 
+1334 0 +1331 0 +1328 0 +1325 0 +1322 0 +1319 0 +1317 0 +1312 0 +1304 0 +1299 0 
+1291 0 +1286 0 +1281 0 +1276 0 +1268 0 +1263 0 +1258 0 +1253 0 +1248 0 +1243 0 
+1238 0 +1233 0 +1228 0 +1223 0 +1218 0 +1213 0 +1208 0 +1203 0 +1198 0 +1193 0 
+1188 0 +1183 0 +1178 0 +1173 0 +1168 0 +1163 0 +1158 0 +1153 0 +1148 0 +1143 0 
+1138 0 +1133 0 +1128 0 +1123 0 +1119 0 +1116 0 +1111 0 +1106 0 +1101 0 +1096 0 
+1091 0 +1088 0 -1080 0 -1075 0 -1070 0 -1065 0 -1060 0 -1055 0 -1050 0 -1045 0 
-1040 0 -1035 0 -1030 0 -1025 0 -1020 0 -1015 0 -1010 0 -1005 0 -1000 0 -995 0 
-990 0 -985 0 -980 0 -975 0 -970 0 -965 0 -960 0 -955 0 -950 0 -945 0 
-940 0 -935 0 -931 0 -928 0 -923 0 -918 0 -915 0 -910 0 -907 0 -902 0 
-899 0 -894 0 -891 0 -886 0 -883 0 -878 0 -875 0 -870 0 -867 0 -863 0 
-860 0 -856 0 -853 0 -850 0 -847 0 -842 0 -839 0 -834 0 -831 0 -826 0 
-823 0 -818 0 -815 0 -810 0 -807 0 -804 0 +799 0 +796 0 +792 0 +789 0 
+784 0 +781 0 +777 0 +775 0 +770 0 +767 0 +763 0 +761 0 +756 0 +753 0 
+749 0 +747 0 +742 0 +739 0 +735 0 +733 0 +728 0 +725 0 +721 0 +719 0 
+714 0 +711 0 +707 0 +705 0 +700 0 +697 0 +693 0 +691 0 +686 0 +683 0 
+679 0 +677 0 +672 0 +669 0 +665 0 +663 0 +658 0 +655 0 +651 0 +649 0 
+644 0 +641 0 +637 0 +635 0 +630 0 +627 0 +623 0 +621 0 +616 0 +613 0 
+610 0 +608 0 +604 0 +602 0 -597 0 -593 0 +588 0 +583 0 +578 0 +573 0 
-563 0 +555 0 +550 0 +545 0 +540 0 +535 0 +530 0 +525 0 +517 0 +513 0 
+508 0 +503 0 +500 0 +495 0 +488 0 +483 0 +480 0 +475 0 +470 0 +465 0 
+460 0 +457 0 +452 0 +447 0 +442 0 +439 0 +434 0 +431 0 +426 0 +421 0 
+416 0 +413 0 +410 0 +406 0 +404 0 +401 0 +396 0 +391 0 +386 0 +383 0 
+378 0 +375 0 +370 0 +367 0 +362 0 +357 0 +352 0 +349 0 +344 0 +339 0 
+336 0 +333 0 +328 0 +325 0 +321 0 +318 0 +313 0 +308 0 +305 0 +300 0 
+295 0 +290 0 +287 0 +282 0 +279 0 +274 0 +269 0 +263 0 +259 0 +257 0 
+253 0 +251 0 +247 0 +244 0 +239 0 +234 0 +229 0 +226 0 +223 0 +218 0 
+215 0 +210 0 +207 0 +202 0 +199 0 +194 0 +191 0 +186 0 +183 0 +178 0 
+173 0 +168 0 +165 0 +160 0 +156 0 +151 0 +148 0 +143 0 +139 0 +136 0 
-133 0 +129 0 -127 0 +125 0 +121 0 +117 0 +115 0 +110 0 +106 0 +104 0 
+99 0 +95 0 +90 0 +87 0 +83 0 +80 0 +77 0 +74 0 +71 0 +68 0 
+64 0 +61 0 +58 0 +55 0 +52 0 +49 0 +46 0 +44 0 +40 0 +38 0 
+35 0 +32 0 +29 0 +26 0 +23 0 +20 0 +16 0 +14 0 +10 0 +8 0 
+5 0 +3 0 *
So

1100000
+2 0 *

+1 0 