==================
WARNING: ThreadSanitizer: data race (pid=16756)
  Read of size 4 at 0x00011181d4e0 by thread T2:
    #0 MoniTool_TypedValue::IntegerValue() const MoniTool_TypedValue.cxx:1036 (stress_patched:arm64+0x101404f20)
    #1 Interface_Static::IVal(char const*) Interface_Static.cxx:472 (stress_patched:arm64+0x10135c228)
    #2 IGESControl_Reader::IGESControl_Reader() IGESControl_Reader.cxx:57 (stress_patched:arm64+0x1003a2d8c)
    #3 IGESControl_Reader::IGESControl_Reader() IGESControl_Reader.cxx:53 (stress_patched:arm64+0x1003a2ebc)
    #4 runIgesReadIndependent(int, int) occt_1157_stress.cpp:188 (stress_patched:arm64+0x100002570)
    #5 std::__1::__invoke_result_impl<void, void (*)(int, int), int, int>::type std::__1::__invoke[abi:nqe220106]<void (*)(int, int), int, int>(void (*&&)(int, int), int&&, int&&) invoke.h:90 (stress_patched:arm64+0x100006214)
    #6 void std::__1::__thread_execute[abi:nqe220106]<std::__1::unique_ptr<std::__1::__thread_struct, std::__1::default_delete<std::__1::__thread_struct>>, void (*)(int, int), int, int, 0ul, 1ul, 2ul>(std::__1::tuple<std::__1::unique_ptr<std::__1::__thread_struct, std::__1::default_delete<std::__1::__thread_struct>>, void (*)(int, int), int, int>&, std::__1::__integer_sequence<unsigned long, 0ul, 1ul, 2ul>) thread.h:161 (stress_patched:arm64+0x100006214)
    #7 void* std::__1::__thread_proxy[abi:nqe220106]<std::__1::tuple<std::__1::unique_ptr<std::__1::__thread_struct, std::__1::default_delete<std::__1::__thread_struct>>, void (*)(int, int), int, int>>(void*) thread.h:169 (stress_patched:arm64+0x100006214)

  Previous write of size 4 at 0x00011181d4e0 by thread T1:
    #0 MoniTool_TypedValue::SetIntegerValue(int) MoniTool_TypedValue.cxx:1059 (stress_patched:arm64+0x101408c50)
    #1 Interface_Static::SetIVal(char const*, int) Interface_Static.cxx:505 (stress_patched:arm64+0x10135c4c4)
    #2 IGESControl_Reader::NbRootsForTransfer() IGESControl_Reader.cxx:104 (stress_patched:arm64+0x1003a3328)
    #3 XSControl_Reader::TransferRoots(Message_ProgressRange const&) XSControl_Reader.cxx:275 (stress_patched:arm64+0x1013dc538)
    #4 runIgesReadIndependent(int, int) occt_1157_stress.cpp:199 (stress_patched:arm64+0x1000025d4)
    #5 std::__1::__invoke_result_impl<void, void (*)(int, int), int, int>::type std::__1::__invoke[abi:nqe220106]<void (*)(int, int), int, int>(void (*&&)(int, int), int&&, int&&) invoke.h:90 (stress_patched:arm64+0x100006214)
    #6 void std::__1::__thread_execute[abi:nqe220106]<std::__1::unique_ptr<std::__1::__thread_struct, std::__1::default_delete<std::__1::__thread_struct>>, void (*)(int, int), int, int, 0ul, 1ul, 2ul>(std::__1::tuple<std::__1::unique_ptr<std::__1::__thread_struct, std::__1::default_delete<std::__1::__thread_struct>>, void (*)(int, int), int, int>&, std::__1::__integer_sequence<unsigned long, 0ul, 1ul, 2ul>) thread.h:161 (stress_patched:arm64+0x100006214)
    #7 void* std::__1::__thread_proxy[abi:nqe220106]<std::__1::tuple<std::__1::unique_ptr<std::__1::__thread_struct, std::__1::default_delete<std::__1::__thread_struct>>, void (*)(int, int), int, int>>(void*) thread.h:169 (stress_patched:arm64+0x100006214)

  Location is heap block of size 648 at 0x00011181d400 allocated by main thread:
    #0 calloc <null> (libclang_rt.tsan_osx_dynamic.dylib:arm64e+0x67ff4)
    #1 Standard::Allocate(unsigned long) Standard.cxx:386 (stress_patched:arm64+0x1008dbec8)
    #2 Standard_Transient::operator new(unsigned long) Standard_Transient.hxx:47 (stress_patched:arm64+0x10135aecc)
    #3 Interface_Static::Init(char const*, char const*, Interface_ParamType, char const*) Interface_Static.cxx:180 (stress_patched:arm64+0x10135aecc)
    #4 Interface_Static::Init(char const*, char const*, char, char const*) Interface_Static.cxx:275 (stress_patched:arm64+0x10135b5bc)
    #5 IGESData::Init() IGESData.cxx:168 (stress_patched:arm64+0x1000e0008)
    #6 IGESBasic::Init() IGESBasic.cxx:31 (stress_patched:arm64+0x1001228b4)
    #7 IGESGeom::Init() IGESGeom.cxx:32 (stress_patched:arm64+0x10015f878)
    #8 IGESSolid::Init() IGESSolid.cxx:32 (stress_patched:arm64+0x100236f14)
    #9 IGESControl_Controller::IGESControl_Controller(bool) IGESControl_Controller.cxx:79 (stress_patched:arm64+0x1003992e0)
    #10 IGESControl_Controller::IGESControl_Controller(bool) IGESControl_Controller.cxx:75 (stress_patched:arm64+0x10039e680)
    #11 IGESControl_Controller::Init() IGESControl_Controller.cxx:364 (stress_patched:arm64+0x10039e680)
    #12 IGESControl_Writer::IGESControl_Writer(char const*, int) IGESControl_Writer.cxx:73 (stress_patched:arm64+0x1003a9218)
    #13 IGESControl_Writer::IGESControl_Writer(char const*, int) IGESControl_Writer.cxx:72 (stress_patched:arm64+0x1003a93e0)
    #14 writeFixtures() occt_1157_stress.cpp:323 (stress_patched:arm64+0x100003520)
    #15 runOne(char const*, int, int) occt_1157_stress.cpp:334 (stress_patched:arm64+0x100003520)
    #16 main occt_1157_stress.cpp:396 (stress_patched:arm64+0x100002de4)

  Thread T2 (tid=15144788, running) created by main thread at:
    #0 pthread_create <null> (libclang_rt.tsan_osx_dynamic.dylib:arm64e+0x33bac)
    #1 std::__1::__libcpp_thread_create[abi:nqe220106](_opaque_pthread_t**, void* (*)(void*), void*) pthread.h:182 (stress_patched:arm64+0x1000060dc)
    #2 std::__1::thread::thread[abi:nqe220106]<void (*&)(int, int), int&, int&, 0>(void (*&)(int, int), int&, int&) thread.h:221 (stress_patched:arm64+0x1000060dc)
    #3 std::__1::thread::thread[abi:nqe220106]<void (*&)(int, int), int&, int&, 0>(void (*&)(int, int), int&, int&) thread.h:212 (stress_patched:arm64+0x10000645c)
    #4 void std::__1::allocator<std::__1::thread>::construct[abi:nqe220106]<std::__1::thread, void (*&)(int, int), int&, int&>(std::__1::thread*, void (*&)(int, int), int&, int&) allocator.h:141 (stress_patched:arm64+0x10000645c)
    #5 void std::__1::allocator_traits<std::__1::allocator<std::__1::thread>>::construct[abi:nqe220106]<std::__1::thread, void (*&)(int, int), int&, int&, 0>(std::__1::allocator<std::__1::thread>&, std::__1::thread*, void (*&)(int, int), int&, int&) allocator_traits.h:296 (stress_patched:arm64+0x10000645c)
    #6 std::__1::thread* std::__1::vector<std::__1::thread, std::__1::allocator<std::__1::thread>>::__emplace_back_slow_path<void (*&)(int, int), int&, int&>(void (*&)(int, int), int&, int&) vector.h:1109 (stress_patched:arm64+0x10000645c)
    #7 std::__1::thread& std::__1::vector<std::__1::thread, std::__1::allocator<std::__1::thread>>::emplace_back<void (*&)(int, int), int&, int&>(void (*&)(int, int), int&, int&)::'lambda0'()::operator()() const vector.h:1149 (stress_patched:arm64+0x100003918)
    #8 void std::__1::__if_likely_else[abi:nqe220106]<std::__1::thread& std::__1::vector<std::__1::thread, std::__1::allocator<std::__1::thread>>::emplace_back<void (*&)(int, int), int&, int&>(void (*&)(int, int), int&, int&)::'lambda'(), std::__1::thread& std::__1::vector<std::__1::thread, std::__1::allocator<std::__1::thread>>::emplace_back<void (*&)(int, int), int&, int&>(void (*&)(int, int), int&, int&)::'lambda0'()>(bool, std::__1::thread& std::__1::vector<std::__1::thread, std::__1::allocator<std::__1::thread>>::emplace_back<void (*&)(int, int), int&, int&>(void (*&)(int, int), int&, int&)::'lambda'(), std::__1::thread& std::__1::vector<std::__1::thread, std::__1::allocator<std::__1::thread>>::emplace_back<void (*&)(int, int), int&, int&>(void (*&)(int, int), int&, int&)::'lambda0'()) vector.h:1129 (stress_patched:arm64+0x100003918)
    #9 std::__1::thread& std::__1::vector<std::__1::thread, std::__1::allocator<std::__1::thread>>::emplace_back<void (*&)(int, int), int&, int&>(void (*&)(int, int), int&, int&) vector.h:1143 (stress_patched:arm64+0x100003918)
    #10 runOne(char const*, int, int) occt_1157_stress.cpp:359 (stress_patched:arm64+0x100003918)
    #11 main occt_1157_stress.cpp:396 (stress_patched:arm64+0x100002de4)

  Thread T1 (tid=15144787, running) created by main thread at:
    #0 pthread_create <null> (libclang_rt.tsan_osx_dynamic.dylib:arm64e+0x33bac)
    #1 std::__1::__libcpp_thread_create[abi:nqe220106](_opaque_pthread_t**, void* (*)(void*), void*) pthread.h:182 (stress_patched:arm64+0x1000060dc)
    #2 std::__1::thread::thread[abi:nqe220106]<void (*&)(int, int), int&, int&, 0>(void (*&)(int, int), int&, int&) thread.h:221 (stress_patched:arm64+0x1000060dc)
    #3 std::__1::thread::thread[abi:nqe220106]<void (*&)(int, int), int&, int&, 0>(void (*&)(int, int), int&, int&) thread.h:212 (stress_patched:arm64+0x10000645c)
    #4 void std::__1::allocator<std::__1::thread>::construct[abi:nqe220106]<std::__1::thread, void (*&)(int, int), int&, int&>(std::__1::thread*, void (*&)(int, int), int&, int&) allocator.h:141 (stress_patched:arm64+0x10000645c)
    #5 void std::__1::allocator_traits<std::__1::allocator<std::__1::thread>>::construct[abi:nqe220106]<std::__1::thread, void (*&)(int, int), int&, int&, 0>(std::__1::allocator<std::__1::thread>&, std::__1::thread*, void (*&)(int, int), int&, int&) allocator_traits.h:296 (stress_patched:arm64+0x10000645c)
    #6 std::__1::thread* std::__1::vector<std::__1::thread, std::__1::allocator<std::__1::thread>>::__emplace_back_slow_path<void (*&)(int, int), int&, int&>(void (*&)(int, int), int&, int&) vector.h:1109 (stress_patched:arm64+0x10000645c)
    #7 std::__1::thread& std::__1::vector<std::__1::thread, std::__1::allocator<std::__1::thread>>::emplace_back<void (*&)(int, int), int&, int&>(void (*&)(int, int), int&, int&)::'lambda0'()::operator()() const vector.h:1149 (stress_patched:arm64+0x100003918)
    #8 void std::__1::__if_likely_else[abi:nqe220106]<std::__1::thread& std::__1::vector<std::__1::thread, std::__1::allocator<std::__1::thread>>::emplace_back<void (*&)(int, int), int&, int&>(void (*&)(int, int), int&, int&)::'lambda'(), std::__1::thread& std::__1::vector<std::__1::thread, std::__1::allocator<std::__1::thread>>::emplace_back<void (*&)(int, int), int&, int&>(void (*&)(int, int), int&, int&)::'lambda0'()>(bool, std::__1::thread& std::__1::vector<std::__1::thread, std::__1::allocator<std::__1::thread>>::emplace_back<void (*&)(int, int), int&, int&>(void (*&)(int, int), int&, int&)::'lambda'(), std::__1::thread& std::__1::vector<std::__1::thread, std::__1::allocator<std::__1::thread>>::emplace_back<void (*&)(int, int), int&, int&>(void (*&)(int, int), int&, int&)::'lambda0'()) vector.h:1129 (stress_patched:arm64+0x100003918)
    #9 std::__1::thread& std::__1::vector<std::__1::thread, std::__1::allocator<std::__1::thread>>::emplace_back<void (*&)(int, int), int&, int&>(void (*&)(int, int), int&, int&) vector.h:1143 (stress_patched:arm64+0x100003918)
    #10 runOne(char const*, int, int) occt_1157_stress.cpp:359 (stress_patched:arm64+0x100003918)
    #11 main occt_1157_stress.cpp:396 (stress_patched:arm64+0x100002de4)

SUMMARY: ThreadSanitizer: data race MoniTool_TypedValue.cxx:1036 in MoniTool_TypedValue::IntegerValue() const
==================
==================
WARNING: ThreadSanitizer: data race (pid=16756)
  Write of size 8 at 0x000110902af8 by thread T4:
    #0 IGESToBRep_Actor::SetModel(opencascade::handle<Interface_InterfaceModel> const&) IGESToBRep_Actor.cxx:97 (stress_patched:arm64+0x10030eeb0)
    #1 IGESControl_Controller::ActorRead(opencascade::handle<Interface_InterfaceModel> const&) const IGESControl_Controller.cxx:336 (stress_patched:arm64+0x10039e410)
    #2 XSControl_TransferReader::Actor() XSControl_TransferReader.cxx:71 (stress_patched:arm64+0x1013e51bc)
    #3 XSControl_TransferReader::BeginTransfer() XSControl_TransferReader.cxx:937 (stress_patched:arm64+0x1013e51bc)
    #4 XSControl_WorkSession::InitTransferReader(int) XSControl_WorkSession.cxx:376 (stress_patched:arm64+0x1013f567c)
    #5 XSControl_Reader::ReadFile(char const*) XSControl_Reader.cxx:109 (stress_patched:arm64+0x1013dad70)
    #6 runIgesReadIndependent(int, int) occt_1157_stress.cpp:192 (stress_patched:arm64+0x1000025b0)
    #7 std::__1::__invoke_result_impl<void, void (*)(int, int), int, int>::type std::__1::__invoke[abi:nqe220106]<void (*)(int, int), int, int>(void (*&&)(int, int), int&&, int&&) invoke.h:90 (stress_patched:arm64+0x100006214)
    #8 void std::__1::__thread_execute[abi:nqe220106]<std::__1::unique_ptr<std::__1::__thread_struct, std::__1::default_delete<std::__1::__thread_struct>>, void (*)(int, int), int, int, 0ul, 1ul, 2ul>(std::__1::tuple<std::__1::unique_ptr<std::__1::__thread_struct, std::__1::default_delete<std::__1::__thread_struct>>, void (*)(int, int), int, int>&, std::__1::__integer_sequence<unsigned long, 0ul, 1ul, 2ul>) thread.h:161 (stress_patched:arm64+0x100006214)
    #9 void* std::__1::__thread_proxy[abi:nqe220106]<std::__1::tuple<std::__1::unique_ptr<std::__1::__thread_struct, std::__1::default_delete<std::__1::__thread_struct>>, void (*)(int, int), int, int>>(void*) thread.h:169 (stress_patched:arm64+0x100006214)

  Previous read of size 8 at 0x000110902af8 by thread T3:
    #0 IGESToBRep_Actor::Transfer(opencascade::handle<Standard_Transient> const&, opencascade::handle<Transfer_TransientProcess> const&, Message_ProgressRange const&) IGESToBRep_Actor.cxx:210 (stress_patched:arm64+0x10030fac0)
    #1 Transfer_ActorOfTransientProcess::Transferring(opencascade::handle<Standard_Transient> const&, opencascade::handle<Transfer_ProcessForTransient> const&, Message_ProgressRange const&) Transfer_ActorOfTransientProcess.cxx:47 (stress_patched:arm64+0x101362930)
    #2 Transfer_ProcessForTransient::TransferProduct(opencascade::handle<Standard_Transient> const&, Message_ProgressRange const&) Transfer_ProcessForTransient_0.cxx:989 (stress_patched:arm64+0x10137a248)
    #3 Transfer_ProcessForTransient::Transferring(opencascade::handle<Standard_Transient> const&, Message_ProgressRange const&) Transfer_ProcessForTransient_0.cxx:903 (stress_patched:arm64+0x1013795fc)
    #4 Transfer_ProcessForTransient::Transfer(opencascade::handle<Standard_Transient> const&, Message_ProgressRange const&) Transfer_ProcessForTransient_0.cxx:1031 (stress_patched:arm64+0x10137a724)
    #5 Transfer_TransferOutput::Transfer(opencascade::handle<Standard_Transient> const&, Message_ProgressRange const&) Transfer_TransferOutput.cxx:77 (stress_patched:arm64+0x101382d60)
    #6 XSControl_TransferReader::TransferOne(opencascade::handle<Standard_Transient> const&, bool, Message_ProgressRange const&) XSControl_TransferReader.cxx:1023 (stress_patched:arm64+0x1013e5978)
    #7 XSControl_Reader::TransferRoots(Message_ProgressRange const&) XSControl_Reader.cxx:286 (stress_patched:arm64+0x1013dc8dc)
    #8 runIgesReadIndependent(int, int) occt_1157_stress.cpp:199 (stress_patched:arm64+0x1000025d4)
    #9 std::__1::__invoke_result_impl<void, void (*)(int, int), int, int>::type std::__1::__invoke[abi:nqe220106]<void (*)(int, int), int, int>(void (*&&)(int, int), int&&, int&&) invoke.h:90 (stress_patched:arm64+0x100006214)
    #10 void std::__1::__thread_execute[abi:nqe220106]<std::__1::unique_ptr<std::__1::__thread_struct, std::__1::default_delete<std::__1::__thread_struct>>, void (*)(int, int), int, int, 0ul, 1ul, 2ul>(std::__1::tuple<std::__1::unique_ptr<std::__1::__thread_struct, std::__1::default_delete<std::__1::__thread_struct>>, void (*)(int, int), int, int>&, std::__1::__integer_sequence<unsigned long, 0ul, 1ul, 2ul>) thread.h:161 (stress_patched:arm64+0x100006214)
    #11 void* std::__1::__thread_proxy[abi:nqe220106]<std::__1::tuple<std::__1::unique_ptr<std::__1::__thread_struct, std::__1::default_delete<std::__1::__thread_struct>>, void (*)(int, int), int, int>>(void*) thread.h:169 (stress_patched:arm64+0x100006214)

  Location is heap block of size 128 at 0x000110902a80 allocated by main thread:
    #0 calloc <null> (libclang_rt.tsan_osx_dynamic.dylib:arm64e+0x67ff4)
    #1 Standard::Allocate(unsigned long) Standard.cxx:386 (stress_patched:arm64+0x1008dbec8)
    #2 Standard_Transient::operator new(unsigned long) Standard_Transient.hxx:47 (stress_patched:arm64+0x100399d78)
    #3 IGESControl_Controller::IGESControl_Controller(bool) IGESControl_Controller.cxx:143 (stress_patched:arm64+0x100399d78)
    #4 IGESControl_Controller::IGESControl_Controller(bool) IGESControl_Controller.cxx:75 (stress_patched:arm64+0x10039e680)
    #5 IGESControl_Controller::Init() IGESControl_Controller.cxx:364 (stress_patched:arm64+0x10039e680)
    #6 IGESControl_Writer::IGESControl_Writer(char const*, int) IGESControl_Writer.cxx:73 (stress_patched:arm64+0x1003a9218)
    #7 IGESControl_Writer::IGESControl_Writer(char const*, int) IGESControl_Writer.cxx:72 (stress_patched:arm64+0x1003a93e0)
    #8 writeFixtures() occt_1157_stress.cpp:323 (stress_patched:arm64+0x100003520)
    #9 runOne(char const*, int, int) occt_1157_stress.cpp:334 (stress_patched:arm64+0x100003520)
    #10 main occt_1157_stress.cpp:396 (stress_patched:arm64+0x100002de4)

  Thread T4 (tid=15144790, running) created by main thread at:
    #0 pthread_create <null> (libclang_rt.tsan_osx_dynamic.dylib:arm64e+0x33bac)
    #1 std::__1::__libcpp_thread_create[abi:nqe220106](_opaque_pthread_t**, void* (*)(void*), void*) pthread.h:182 (stress_patched:arm64+0x1000060dc)
    #2 std::__1::thread::thread[abi:nqe220106]<void (*&)(int, int), int&, int&, 0>(void (*&)(int, int), int&, int&) thread.h:221 (stress_patched:arm64+0x1000060dc)
    #3 std::__1::thread::thread[abi:nqe220106]<void (*&)(int, int), int&, int&, 0>(void (*&)(int, int), int&, int&) thread.h:212 (stress_patched:arm64+0x1000038c8)
    #4 void std::__1::allocator<std::__1::thread>::construct[abi:nqe220106]<std::__1::thread, void (*&)(int, int), int&, int&>(std::__1::thread*, void (*&)(int, int), int&, int&) allocator.h:141 (stress_patched:arm64+0x1000038c8)
    #5 void std::__1::allocator_traits<std::__1::allocator<std::__1::thread>>::construct[abi:nqe220106]<std::__1::thread, void (*&)(int, int), int&, int&, 0>(std::__1::allocator<std::__1::thread>&, std::__1::thread*, void (*&)(int, int), int&, int&) allocator_traits.h:296 (stress_patched:arm64+0x1000038c8)
    #6 void std::__1::vector<std::__1::thread, std::__1::allocator<std::__1::thread>>::__emplace_back_assume_capacity[abi:nqe220106]<void (*&)(int, int), int&, int&>(void (*&)(int, int), int&, int&) vector.h:483 (stress_patched:arm64+0x1000038c8)
    #7 std::__1::thread& std::__1::vector<std::__1::thread, std::__1::allocator<std::__1::thread>>::emplace_back<void (*&)(int, int), int&, int&>(void (*&)(int, int), int&, int&)::'lambda'()::operator()() const vector.h:1146 (stress_patched:arm64+0x1000038c8)
    #8 void std::__1::__if_likely_else[abi:nqe220106]<std::__1::thread& std::__1::vector<std::__1::thread, std::__1::allocator<std::__1::thread>>::emplace_back<void (*&)(int, int), int&, int&>(void (*&)(int, int), int&, int&)::'lambda'(), std::__1::thread& std::__1::vector<std::__1::thread, std::__1::allocator<std::__1::thread>>::emplace_back<void (*&)(int, int), int&, int&>(void (*&)(int, int), int&, int&)::'lambda0'()>(bool, std::__1::thread& std::__1::vector<std::__1::thread, std::__1::allocator<std::__1::thread>>::emplace_back<void (*&)(int, int), int&, int&>(void (*&)(int, int), int&, int&)::'lambda'(), std::__1::thread& std::__1::vector<std::__1::thread, std::__1::allocator<std::__1::thread>>::emplace_back<void (*&)(int, int), int&, int&>(void (*&)(int, int), int&, int&)::'lambda0'()) vector.h:1127 (stress_patched:arm64+0x1000038c8)
    #9 std::__1::thread& std::__1::vector<std::__1::thread, std::__1::allocator<std::__1::thread>>::emplace_back<void (*&)(int, int), int&, int&>(void (*&)(int, int), int&, int&) vector.h:1143 (stress_patched:arm64+0x1000038c8)
    #10 runOne(char const*, int, int) occt_1157_stress.cpp:359 (stress_patched:arm64+0x1000038c8)
    #11 main occt_1157_stress.cpp:396 (stress_patched:arm64+0x100002de4)

  Thread T3 (tid=15144789, running) created by main thread at:
    #0 pthread_create <null> (libclang_rt.tsan_osx_dynamic.dylib:arm64e+0x33bac)
    #1 std::__1::__libcpp_thread_create[abi:nqe220106](_opaque_pthread_t**, void* (*)(void*), void*) pthread.h:182 (stress_patched:arm64+0x1000060dc)
    #2 std::__1::thread::thread[abi:nqe220106]<void (*&)(int, int), int&, int&, 0>(void (*&)(int, int), int&, int&) thread.h:221 (stress_patched:arm64+0x1000060dc)
    #3 std::__1::thread::thread[abi:nqe220106]<void (*&)(int, int), int&, int&, 0>(void (*&)(int, int), int&, int&) thread.h:212 (stress_patched:arm64+0x10000645c)
    #4 void std::__1::allocator<std::__1::thread>::construct[abi:nqe220106]<std::__1::thread, void (*&)(int, int), int&, int&>(std::__1::thread*, void (*&)(int, int), int&, int&) allocator.h:141 (stress_patched:arm64+0x10000645c)
    #5 void std::__1::allocator_traits<std::__1::allocator<std::__1::thread>>::construct[abi:nqe220106]<std::__1::thread, void (*&)(int, int), int&, int&, 0>(std::__1::allocator<std::__1::thread>&, std::__1::thread*, void (*&)(int, int), int&, int&) allocator_traits.h:296 (stress_patched:arm64+0x10000645c)
    #6 std::__1::thread* std::__1::vector<std::__1::thread, std::__1::allocator<std::__1::thread>>::__emplace_back_slow_path<void (*&)(int, int), int&, int&>(void (*&)(int, int), int&, int&) vector.h:1109 (stress_patched:arm64+0x10000645c)
    #7 std::__1::thread& std::__1::vector<std::__1::thread, std::__1::allocator<std::__1::thread>>::emplace_back<void (*&)(int, int), int&, int&>(void (*&)(int, int), int&, int&)::'lambda0'()::operator()() const vector.h:1149 (stress_patched:arm64+0x100003918)
    #8 void std::__1::__if_likely_else[abi:nqe220106]<std::__1::thread& std::__1::vector<std::__1::thread, std::__1::allocator<std::__1::thread>>::emplace_back<void (*&)(int, int), int&, int&>(void (*&)(int, int), int&, int&)::'lambda'(), std::__1::thread& std::__1::vector<std::__1::thread, std::__1::allocator<std::__1::thread>>::emplace_back<void (*&)(int, int), int&, int&>(void (*&)(int, int), int&, int&)::'lambda0'()>(bool, std::__1::thread& std::__1::vector<std::__1::thread, std::__1::allocator<std::__1::thread>>::emplace_back<void (*&)(int, int), int&, int&>(void (*&)(int, int), int&, int&)::'lambda'(), std::__1::thread& std::__1::vector<std::__1::thread, std::__1::allocator<std::__1::thread>>::emplace_back<void (*&)(int, int), int&, int&>(void (*&)(int, int), int&, int&)::'lambda0'()) vector.h:1129 (stress_patched:arm64+0x100003918)
    #9 std::__1::thread& std::__1::vector<std::__1::thread, std::__1::allocator<std::__1::thread>>::emplace_back<void (*&)(int, int), int&, int&>(void (*&)(int, int), int&, int&) vector.h:1143 (stress_patched:arm64+0x100003918)
    #10 runOne(char const*, int, int) occt_1157_stress.cpp:359 (stress_patched:arm64+0x100003918)
    #11 main occt_1157_stress.cpp:396 (stress_patched:arm64+0x100002de4)

SUMMARY: ThreadSanitizer: data race IGESToBRep_Actor.cxx:97 in IGESToBRep_Actor::SetModel(opencascade::handle<Interface_InterfaceModel> const&)
==================
==================
WARNING: ThreadSanitizer: data race (pid=16756)
  Write of size 8 at 0x000111205bc0 by thread T5:
    #0 NCollection_BaseSequence::PAppend(NCollection_SeqNode*) NCollection_BaseSequence.cxx (stress_patched:arm64+0x1008fcdfc)
    #1 NCollection_Sequence<opencascade::handle<TCollection_HAsciiString>>::Append(opencascade::handle<TCollection_HAsciiString> const&) NCollection_Sequence.hxx:274 (stress_patched:arm64+0x10131e1b8)
    #2 NCollection_HSequence<opencascade::handle<TCollection_HAsciiString>>::Append(opencascade::handle<TCollection_HAsciiString> const&) NCollection_HSequence.hxx:53 (stress_patched:arm64+0x10131e1b8)
    #3 Interface_Check::SendMsg(Message_Msg const&) Interface_Check.cxx:299 (stress_patched:arm64+0x10131e1b8)
    #4 IGESFile_Check(int, Message_Msg&) IGESFile_Read.cxx:328 (stress_patched:arm64+0x10011ffb4)
    #5 IGESFile_Read(char*, opencascade::handle<IGESData_IGESModel> const&, opencascade::handle<IGESData_Protocol> const&, opencascade::handle<IGESData_FileRecognizer> const&, bool) IGESFile_Read.cxx:91 (stress_patched:arm64+0x10011ffb4)
    #6 IGESFile_Read(char*, opencascade::handle<IGESData_IGESModel> const&, opencascade::handle<IGESData_Protocol> const&) IGESFile_Read.cxx:63 (stress_patched:arm64+0x10011fe98)
    #7 IGESSelect_WorkLibrary::ReadFile(char const*, opencascade::handle<Interface_InterfaceModel>&, opencascade::handle<Interface_Protocol> const&) const IGESSelect_WorkLibrary.cxx:82 (stress_patched:arm64+0x10030abd4)
    #8 IFSelect_WorkSession::ReadFile(char const*) IFSelect_WorkSession.cxx:187 (stress_patched:arm64+0x1000084a8)
    #9 XSControl_Reader::ReadFile(char const*) XSControl_Reader.cxx:108 (stress_patched:arm64+0x1013dad58)
    #10 runIgesReadIndependent(int, int) occt_1157_stress.cpp:192 (stress_patched:arm64+0x1000025b0)
    #11 std::__1::__invoke_result_impl<void, void (*)(int, int), int, int>::type std::__1::__invoke[abi:nqe220106]<void (*)(int, int), int, int>(void (*&&)(int, int), int&&, int&&) invoke.h:90 (stress_patched:arm64+0x100006214)
    #12 void std::__1::__thread_execute[abi:nqe220106]<std::__1::unique_ptr<std::__1::__thread_struct, std::__1::default_delete<std::__1::__thread_struct>>, void (*)(int, int), int, int, 0ul, 1ul, 2ul>(std::__1::tuple<std::__1::unique_ptr<std::__1::__thread_struct, std::__1::default_delete<std::__1::__thread_struct>>, void (*)(int, int), int, int>&, std::__1::__integer_sequence<unsigned long, 0ul, 1ul, 2ul>) thread.h:161 (stress_patched:arm64+0x100006214)
    #13 void* std::__1::__thread_proxy[abi:nqe220106]<std::__1::tuple<std::__1::unique_ptr<std::__1::__thread_struct, std::__1::default_delete<std::__1::__thread_struct>>, void (*)(int, int), int, int>>(void*) thread.h:169 (stress_patched:arm64+0x100006214)

  Previous read of size 8 at 0x000111205bc0 by thread T2:
    #0 NCollection_BaseSequence::Length() const NCollection_BaseSequence.hxx:108 (stress_patched:arm64+0x1013213ec)
    #1 Interface_Check::NbInfoMsgs() const Interface_Check.cxx:307 (stress_patched:arm64+0x1013213ec)
    #2 Interface_Check::Print(std::__1::basic_ostream<char, std::__1::char_traits<char>>&, int, int) const Interface_Check.cxx:845 (stress_patched:arm64+0x1013213ec)
    #3 Interface_Check::Trace(int, int) const Interface_Check.cxx:871 (stress_patched:arm64+0x101321628)
    #4 IGESFile_Read(char*, opencascade::handle<IGESData_IGESModel> const&, opencascade::handle<IGESData_Protocol> const&, opencascade::handle<IGESData_FileRecognizer> const&, bool) IGESFile_Read.cxx:191 (stress_patched:arm64+0x1001207c8)
    #5 IGESFile_Read(char*, opencascade::handle<IGESData_IGESModel> const&, opencascade::handle<IGESData_Protocol> const&) IGESFile_Read.cxx:63 (stress_patched:arm64+0x10011fe98)
    #6 IGESSelect_WorkLibrary::ReadFile(char const*, opencascade::handle<Interface_InterfaceModel>&, opencascade::handle<Interface_Protocol> const&) const IGESSelect_WorkLibrary.cxx:82 (stress_patched:arm64+0x10030abd4)
    #7 IFSelect_WorkSession::ReadFile(char const*) IFSelect_WorkSession.cxx:187 (stress_patched:arm64+0x1000084a8)
    #8 XSControl_Reader::ReadFile(char const*) XSControl_Reader.cxx:108 (stress_patched:arm64+0x1013dad58)
    #9 runIgesReadIndependent(int, int) occt_1157_stress.cpp:192 (stress_patched:arm64+0x1000025b0)
    #10 std::__1::__invoke_result_impl<void, void (*)(int, int), int, int>::type std::__1::__invoke[abi:nqe220106]<void (*)(int, int), int, int>(void (*&&)(int, int), int&&, int&&) invoke.h:90 (stress_patched:arm64+0x100006214)
    #11 void std::__1::__thread_execute[abi:nqe220106]<std::__1::unique_ptr<std::__1::__thread_struct, std::__1::default_delete<std::__1::__thread_struct>>, void (*)(int, int), int, int, 0ul, 1ul, 2ul>(std::__1::tuple<std::__1::unique_ptr<std::__1::__thread_struct, std::__1::default_delete<std::__1::__thread_struct>>, void (*)(int, int), int, int>&, std::__1::__integer_sequence<unsigned long, 0ul, 1ul, 2ul>) thread.h:161 (stress_patched:arm64+0x100006214)
    #12 void* std::__1::__thread_proxy[abi:nqe220106]<std::__1::tuple<std::__1::unique_ptr<std::__1::__thread_struct, std::__1::default_delete<std::__1::__thread_struct>>, void (*)(int, int), int, int>>(void*) thread.h:169 (stress_patched:arm64+0x100006214)

  Location is heap block of size 72 at 0x000111205b90 allocated by thread T2:
    #0 calloc <null> (libclang_rt.tsan_osx_dynamic.dylib:arm64e+0x67ff4)
    #1 Standard::Allocate(unsigned long) Standard.cxx:386 (stress_patched:arm64+0x1008dbec8)
    #2 NCollection_HSequence<opencascade::handle<TCollection_HAsciiString>>::operator new(unsigned long) NCollection_HSequence.hxx:28 (stress_patched:arm64+0x10131df80)
    #3 Interface_Check::SendMsg(Message_Msg const&) Interface_Check.cxx:293 (stress_patched:arm64+0x10131df80)
    #4 IGESFile_Check(int, Message_Msg&) IGESFile_Read.cxx:328 (stress_patched:arm64+0x100120648)
    #5 IGESFile_Read(char*, opencascade::handle<IGESData_IGESModel> const&, opencascade::handle<IGESData_Protocol> const&, opencascade::handle<IGESData_FileRecognizer> const&, bool) IGESFile_Read.cxx:167 (stress_patched:arm64+0x100120648)
    #6 IGESFile_Read(char*, opencascade::handle<IGESData_IGESModel> const&, opencascade::handle<IGESData_Protocol> const&) IGESFile_Read.cxx:63 (stress_patched:arm64+0x10011fe98)
    #7 IGESSelect_WorkLibrary::ReadFile(char const*, opencascade::handle<Interface_InterfaceModel>&, opencascade::handle<Interface_Protocol> const&) const IGESSelect_WorkLibrary.cxx:82 (stress_patched:arm64+0x10030abd4)
    #8 IFSelect_WorkSession::ReadFile(char const*) IFSelect_WorkSession.cxx:187 (stress_patched:arm64+0x1000084a8)
    #9 XSControl_Reader::ReadFile(char const*) XSControl_Reader.cxx:108 (stress_patched:arm64+0x1013dad58)
    #10 runIgesReadIndependent(int, int) occt_1157_stress.cpp:192 (stress_patched:arm64+0x1000025b0)
    #11 std::__1::__invoke_result_impl<void, void (*)(int, int), int, int>::type std::__1::__invoke[abi:nqe220106]<void (*)(int, int), int, int>(void (*&&)(int, int), int&&, int&&) invoke.h:90 (stress_patched:arm64+0x100006214)
    #12 void std::__1::__thread_execute[abi:nqe220106]<std::__1::unique_ptr<std::__1::__thread_struct, std::__1::default_delete<std::__1::__thread_struct>>, void (*)(int, int), int, int, 0ul, 1ul, 2ul>(std::__1::tuple<std::__1::unique_ptr<std::__1::__thread_struct, std::__1::default_delete<std::__1::__thread_struct>>, void (*)(int, int), int, int>&, std::__1::__integer_sequence<unsigned long, 0ul, 1ul, 2ul>) thread.h:161 (stress_patched:arm64+0x100006214)
    #13 void* std::__1::__thread_proxy[abi:nqe220106]<std::__1::tuple<std::__1::unique_ptr<std::__1::__thread_struct, std::__1::default_delete<std::__1::__thread_struct>>, void (*)(int, int), int, int>>(void*) thread.h:169 (stress_patched:arm64+0x100006214)

  Thread T5 (tid=15144791, running) created by main thread at:
    #0 pthread_create <null> (libclang_rt.tsan_osx_dynamic.dylib:arm64e+0x33bac)
    #1 std::__1::__libcpp_thread_create[abi:nqe220106](_opaque_pthread_t**, void* (*)(void*), void*) pthread.h:182 (stress_patched:arm64+0x1000060dc)
    #2 std::__1::thread::thread[abi:nqe220106]<void (*&)(int, int), int&, int&, 0>(void (*&)(int, int), int&, int&) thread.h:221 (stress_patched:arm64+0x1000060dc)
    #3 std::__1::thread::thread[abi:nqe220106]<void (*&)(int, int), int&, int&, 0>(void (*&)(int, int), int&, int&) thread.h:212 (stress_patched:arm64+0x10000645c)
    #4 void std::__1::allocator<std::__1::thread>::construct[abi:nqe220106]<std::__1::thread, void (*&)(int, int), int&, int&>(std::__1::thread*, void (*&)(int, int), int&, int&) allocator.h:141 (stress_patched:arm64+0x10000645c)
    #5 void std::__1::allocator_traits<std::__1::allocator<std::__1::thread>>::construct[abi:nqe220106]<std::__1::thread, void (*&)(int, int), int&, int&, 0>(std::__1::allocator<std::__1::thread>&, std::__1::thread*, void (*&)(int, int), int&, int&) allocator_traits.h:296 (stress_patched:arm64+0x10000645c)
    #6 std::__1::thread* std::__1::vector<std::__1::thread, std::__1::allocator<std::__1::thread>>::__emplace_back_slow_path<void (*&)(int, int), int&, int&>(void (*&)(int, int), int&, int&) vector.h:1109 (stress_patched:arm64+0x10000645c)
    #7 std::__1::thread& std::__1::vector<std::__1::thread, std::__1::allocator<std::__1::thread>>::emplace_back<void (*&)(int, int), int&, int&>(void (*&)(int, int), int&, int&)::'lambda0'()::operator()() const vector.h:1149 (stress_patched:arm64+0x100003918)
    #8 void std::__1::__if_likely_else[abi:nqe220106]<std::__1::thread& std::__1::vector<std::__1::thread, std::__1::allocator<std::__1::thread>>::emplace_back<void (*&)(int, int), int&, int&>(void (*&)(int, int), int&, int&)::'lambda'(), std::__1::thread& std::__1::vector<std::__1::thread, std::__1::allocator<std::__1::thread>>::emplace_back<void (*&)(int, int), int&, int&>(void (*&)(int, int), int&, int&)::'lambda0'()>(bool, std::__1::thread& std::__1::vector<std::__1::thread, std::__1::allocator<std::__1::thread>>::emplace_back<void (*&)(int, int), int&, int&>(void (*&)(int, int), int&, int&)::'lambda'(), std::__1::thread& std::__1::vector<std::__1::thread, std::__1::allocator<std::__1::thread>>::emplace_back<void (*&)(int, int), int&, int&>(void (*&)(int, int), int&, int&)::'lambda0'()) vector.h:1129 (stress_patched:arm64+0x100003918)
    #9 std::__1::thread& std::__1::vector<std::__1::thread, std::__1::allocator<std::__1::thread>>::emplace_back<void (*&)(int, int), int&, int&>(void (*&)(int, int), int&, int&) vector.h:1143 (stress_patched:arm64+0x100003918)
    #10 runOne(char const*, int, int) occt_1157_stress.cpp:359 (stress_patched:arm64+0x100003918)
    #11 main occt_1157_stress.cpp:396 (stress_patched:arm64+0x100002de4)

  Thread T2 (tid=15144788, running) created by main thread at:
    #0 pthread_create <null> (libclang_rt.tsan_osx_dynamic.dylib:arm64e+0x33bac)
    #1 std::__1::__libcpp_thread_create[abi:nqe220106](_opaque_pthread_t**, void* (*)(void*), void*) pthread.h:182 (stress_patched:arm64+0x1000060dc)
    #2 std::__1::thread::thread[abi:nqe220106]<void (*&)(int, int), int&, int&, 0>(void (*&)(int, int), int&, int&) thread.h:221 (stress_patched:arm64+0x1000060dc)
    #3 std::__1::thread::thread[abi:nqe220106]<void (*&)(int, int), int&, int&, 0>(void (*&)(int, int), int&, int&) thread.h:212 (stress_patched:arm64+0x10000645c)
    #4 void std::__1::allocator<std::__1::thread>::construct[abi:nqe220106]<std::__1::thread, void (*&)(int, int), int&, int&>(std::__1::thread*, void (*&)(int, int), int&, int&) allocator.h:141 (stress_patched:arm64+0x10000645c)
    #5 void std::__1::allocator_traits<std::__1::allocator<std::__1::thread>>::construct[abi:nqe220106]<std::__1::thread, void (*&)(int, int), int&, int&, 0>(std::__1::allocator<std::__1::thread>&, std::__1::thread*, void (*&)(int, int), int&, int&) allocator_traits.h:296 (stress_patched:arm64+0x10000645c)
    #6 std::__1::thread* std::__1::vector<std::__1::thread, std::__1::allocator<std::__1::thread>>::__emplace_back_slow_path<void (*&)(int, int), int&, int&>(void (*&)(int, int), int&, int&) vector.h:1109 (stress_patched:arm64+0x10000645c)
    #7 std::__1::thread& std::__1::vector<std::__1::thread, std::__1::allocator<std::__1::thread>>::emplace_back<void (*&)(int, int), int&, int&>(void (*&)(int, int), int&, int&)::'lambda0'()::operator()() const vector.h:1149 (stress_patched:arm64+0x100003918)
    #8 void std::__1::__if_likely_else[abi:nqe220106]<std::__1::thread& std::__1::vector<std::__1::thread, std::__1::allocator<std::__1::thread>>::emplace_back<void (*&)(int, int), int&, int&>(void (*&)(int, int), int&, int&)::'lambda'(), std::__1::thread& std::__1::vector<std::__1::thread, std::__1::allocator<std::__1::thread>>::emplace_back<void (*&)(int, int), int&, int&>(void (*&)(int, int), int&, int&)::'lambda0'()>(bool, std::__1::thread& std::__1::vector<std::__1::thread, std::__1::allocator<std::__1::thread>>::emplace_back<void (*&)(int, int), int&, int&>(void (*&)(int, int), int&, int&)::'lambda'(), std::__1::thread& std::__1::vector<std::__1::thread, std::__1::allocator<std::__1::thread>>::emplace_back<void (*&)(int, int), int&, int&>(void (*&)(int, int), int&, int&)::'lambda0'()) vector.h:1129 (stress_patched:arm64+0x100003918)
    #9 std::__1::thread& std::__1::vector<std::__1::thread, std::__1::allocator<std::__1::thread>>::emplace_back<void (*&)(int, int), int&, int&>(void (*&)(int, int), int&, int&) vector.h:1143 (stress_patched:arm64+0x100003918)
    #10 runOne(char const*, int, int) occt_1157_stress.cpp:359 (stress_patched:arm64+0x100003918)
    #11 main occt_1157_stress.cpp:396 (stress_patched:arm64+0x100002de4)

SUMMARY: ThreadSanitizer: data race NCollection_BaseSequence.cxx in NCollection_BaseSequence::PAppend(NCollection_SeqNode*)
==================
==================
WARNING: ThreadSanitizer: data race (pid=16756)
  Read of size 8 at 0x000110902ae8 by thread T2:
    #0 opencascade::handle<Interface_InterfaceModel>::Assign(Standard_Transient*) Standard_Handle.hxx:374 (stress_patched:arm64+0x10030ede8)
    #1 opencascade::handle<Interface_InterfaceModel>::operator=(opencascade::handle<Interface_InterfaceModel> const&) Standard_Handle.hxx:102 (stress_patched:arm64+0x10030ede8)
    #2 IGESToBRep_Actor::SetModel(opencascade::handle<Interface_InterfaceModel> const&) IGESToBRep_Actor.cxx:96 (stress_patched:arm64+0x10030ede8)
    #3 IGESControl_Controller::ActorRead(opencascade::handle<Interface_InterfaceModel> const&) const IGESControl_Controller.cxx:336 (stress_patched:arm64+0x10039e410)
    #4 XSControl_TransferReader::Actor() XSControl_TransferReader.cxx:71 (stress_patched:arm64+0x1013e51bc)
    #5 XSControl_TransferReader::BeginTransfer() XSControl_TransferReader.cxx:937 (stress_patched:arm64+0x1013e51bc)
    #6 XSControl_WorkSession::InitTransferReader(int) XSControl_WorkSession.cxx:376 (stress_patched:arm64+0x1013f567c)
    #7 XSControl_Reader::ReadFile(char const*) XSControl_Reader.cxx:109 (stress_patched:arm64+0x1013dad70)
    #8 runIgesReadIndependent(int, int) occt_1157_stress.cpp:192 (stress_patched:arm64+0x1000025b0)
    #9 std::__1::__invoke_result_impl<void, void (*)(int, int), int, int>::type std::__1::__invoke[abi:nqe220106]<void (*)(int, int), int, int>(void (*&&)(int, int), int&&, int&&) invoke.h:90 (stress_patched:arm64+0x100006214)
    #10 void std::__1::__thread_execute[abi:nqe220106]<std::__1::unique_ptr<std::__1::__thread_struct, std::__1::default_delete<std::__1::__thread_struct>>, void (*)(int, int), int, int, 0ul, 1ul, 2ul>(std::__1::tuple<std::__1::unique_ptr<std::__1::__thread_struct, std::__1::default_delete<std::__1::__thread_struct>>, void (*)(int, int), int, int>&, std::__1::__integer_sequence<unsigned long, 0ul, 1ul, 2ul>) thread.h:161 (stress_patched:arm64+0x100006214)
    #11 void* std::__1::__thread_proxy[abi:nqe220106]<std::__1::tuple<std::__1::unique_ptr<std::__1::__thread_struct, std::__1::default_delete<std::__1::__thread_struct>>, void (*)(int, int), int, int>>(void*) thread.h:169 (stress_patched:arm64+0x100006214)

  Previous write of size 8 at 0x000110902ae8 by thread T4:
    #0 opencascade::handle<Interface_InterfaceModel>::Assign(Standard_Transient*) Standard_Handle.hxx:377 (stress_patched:arm64+0x10030ee44)
    #1 opencascade::handle<Interface_InterfaceModel>::operator=(opencascade::handle<Interface_InterfaceModel> const&) Standard_Handle.hxx:102 (stress_patched:arm64+0x10030ee44)
    #2 IGESToBRep_Actor::SetModel(opencascade::handle<Interface_InterfaceModel> const&) IGESToBRep_Actor.cxx:96 (stress_patched:arm64+0x10030ee44)
    #3 IGESControl_Controller::ActorRead(opencascade::handle<Interface_InterfaceModel> const&) const IGESControl_Controller.cxx:336 (stress_patched:arm64+0x10039e410)
    #4 XSControl_TransferReader::Actor() XSControl_TransferReader.cxx:71 (stress_patched:arm64+0x1013e51bc)
    #5 XSControl_TransferReader::BeginTransfer() XSControl_TransferReader.cxx:937 (stress_patched:arm64+0x1013e51bc)
    #6 XSControl_WorkSession::InitTransferReader(int) XSControl_WorkSession.cxx:376 (stress_patched:arm64+0x1013f567c)
    #7 XSControl_Reader::ReadFile(char const*) XSControl_Reader.cxx:109 (stress_patched:arm64+0x1013dad70)
    #8 runIgesReadIndependent(int, int) occt_1157_stress.cpp:192 (stress_patched:arm64+0x1000025b0)
    #9 std::__1::__invoke_result_impl<void, void (*)(int, int), int, int>::type std::__1::__invoke[abi:nqe220106]<void (*)(int, int), int, int>(void (*&&)(int, int), int&&, int&&) invoke.h:90 (stress_patched:arm64+0x100006214)
    #10 void std::__1::__thread_execute[abi:nqe220106]<std::__1::unique_ptr<std::__1::__thread_struct, std::__1::default_delete<std::__1::__thread_struct>>, void (*)(int, int), int, int, 0ul, 1ul, 2ul>(std::__1::tuple<std::__1::unique_ptr<std::__1::__thread_struct, std::__1::default_delete<std::__1::__thread_struct>>, void (*)(int, int), int, int>&, std::__1::__integer_sequence<unsigned long, 0ul, 1ul, 2ul>) thread.h:161 (stress_patched:arm64+0x100006214)
    #11 void* std::__1::__thread_proxy[abi:nqe220106]<std::__1::tuple<std::__1::unique_ptr<std::__1::__thread_struct, std::__1::default_delete<std::__1::__thread_struct>>, void (*)(int, int), int, int>>(void*) thread.h:169 (stress_patched:arm64+0x100006214)

  Location is heap block of size 128 at 0x000110902a80 allocated by main thread:
    #0 calloc <null> (libclang_rt.tsan_osx_dynamic.dylib:arm64e+0x67ff4)
    #1 Standard::Allocate(unsigned long) Standard.cxx:386 (stress_patched:arm64+0x1008dbec8)
    #2 Standard_Transient::operator new(unsigned long) Standard_Transient.hxx:47 (stress_patched:arm64+0x100399d78)
    #3 IGESControl_Controller::IGESControl_Controller(bool) IGESControl_Controller.cxx:143 (stress_patched:arm64+0x100399d78)
    #4 IGESControl_Controller::IGESControl_Controller(bool) IGESControl_Controller.cxx:75 (stress_patched:arm64+0x10039e680)
    #5 IGESControl_Controller::Init() IGESControl_Controller.cxx:364 (stress_patched:arm64+0x10039e680)
    #6 IGESControl_Writer::IGESControl_Writer(char const*, int) IGESControl_Writer.cxx:73 (stress_patched:arm64+0x1003a9218)
    #7 IGESControl_Writer::IGESControl_Writer(char const*, int) IGESControl_Writer.cxx:72 (stress_patched:arm64+0x1003a93e0)
    #8 writeFixtures() occt_1157_stress.cpp:323 (stress_patched:arm64+0x100003520)
    #9 runOne(char const*, int, int) occt_1157_stress.cpp:334 (stress_patched:arm64+0x100003520)
    #10 main occt_1157_stress.cpp:396 (stress_patched:arm64+0x100002de4)

  Thread T2 (tid=15144788, running) created by main thread at:
    #0 pthread_create <null> (libclang_rt.tsan_osx_dynamic.dylib:arm64e+0x33bac)
    #1 std::__1::__libcpp_thread_create[abi:nqe220106](_opaque_pthread_t**, void* (*)(void*), void*) pthread.h:182 (stress_patched:arm64+0x1000060dc)
    #2 std::__1::thread::thread[abi:nqe220106]<void (*&)(int, int), int&, int&, 0>(void (*&)(int, int), int&, int&) thread.h:221 (stress_patched:arm64+0x1000060dc)
    #3 std::__1::thread::thread[abi:nqe220106]<void (*&)(int, int), int&, int&, 0>(void (*&)(int, int), int&, int&) thread.h:212 (stress_patched:arm64+0x10000645c)
    #4 void std::__1::allocator<std::__1::thread>::construct[abi:nqe220106]<std::__1::thread, void (*&)(int, int), int&, int&>(std::__1::thread*, void (*&)(int, int), int&, int&) allocator.h:141 (stress_patched:arm64+0x10000645c)
    #5 void std::__1::allocator_traits<std::__1::allocator<std::__1::thread>>::construct[abi:nqe220106]<std::__1::thread, void (*&)(int, int), int&, int&, 0>(std::__1::allocator<std::__1::thread>&, std::__1::thread*, void (*&)(int, int), int&, int&) allocator_traits.h:296 (stress_patched:arm64+0x10000645c)
    #6 std::__1::thread* std::__1::vector<std::__1::thread, std::__1::allocator<std::__1::thread>>::__emplace_back_slow_path<void (*&)(int, int), int&, int&>(void (*&)(int, int), int&, int&) vector.h:1109 (stress_patched:arm64+0x10000645c)
    #7 std::__1::thread& std::__1::vector<std::__1::thread, std::__1::allocator<std::__1::thread>>::emplace_back<void (*&)(int, int), int&, int&>(void (*&)(int, int), int&, int&)::'lambda0'()::operator()() const vector.h:1149 (stress_patched:arm64+0x100003918)
    #8 void std::__1::__if_likely_else[abi:nqe220106]<std::__1::thread& std::__1::vector<std::__1::thread, std::__1::allocator<std::__1::thread>>::emplace_back<void (*&)(int, int), int&, int&>(void (*&)(int, int), int&, int&)::'lambda'(), std::__1::thread& std::__1::vector<std::__1::thread, std::__1::allocator<std::__1::thread>>::emplace_back<void (*&)(int, int), int&, int&>(void (*&)(int, int), int&, int&)::'lambda0'()>(bool, std::__1::thread& std::__1::vector<std::__1::thread, std::__1::allocator<std::__1::thread>>::emplace_back<void (*&)(int, int), int&, int&>(void (*&)(int, int), int&, int&)::'lambda'(), std::__1::thread& std::__1::vector<std::__1::thread, std::__1::allocator<std::__1::thread>>::emplace_back<void (*&)(int, int), int&, int&>(void (*&)(int, int), int&, int&)::'lambda0'()) vector.h:1129 (stress_patched:arm64+0x100003918)
    #9 std::__1::thread& std::__1::vector<std::__1::thread, std::__1::allocator<std::__1::thread>>::emplace_back<void (*&)(int, int), int&, int&>(void (*&)(int, int), int&, int&) vector.h:1143 (stress_patched:arm64+0x100003918)
    #10 runOne(char const*, int, int) occt_1157_stress.cpp:359 (stress_patched:arm64+0x100003918)
    #11 main occt_1157_stress.cpp:396 (stress_patched:arm64+0x100002de4)

  Thread T4 (tid=15144790, running) created by main thread at:
    #0 pthread_create <null> (libclang_rt.tsan_osx_dynamic.dylib:arm64e+0x33bac)
    #1 std::__1::__libcpp_thread_create[abi:nqe220106](_opaque_pthread_t**, void* (*)(void*), void*) pthread.h:182 (stress_patched:arm64+0x1000060dc)
    #2 std::__1::thread::thread[abi:nqe220106]<void (*&)(int, int), int&, int&, 0>(void (*&)(int, int), int&, int&) thread.h:221 (stress_patched:arm64+0x1000060dc)
    #3 std::__1::thread::thread[abi:nqe220106]<void (*&)(int, int), int&, int&, 0>(void (*&)(int, int), int&, int&) thread.h:212 (stress_patched:arm64+0x1000038c8)
    #4 void std::__1::allocator<std::__1::thread>::construct[abi:nqe220106]<std::__1::thread, void (*&)(int, int), int&, int&>(std::__1::thread*, void (*&)(int, int), int&, int&) allocator.h:141 (stress_patched:arm64+0x1000038c8)
    #5 void std::__1::allocator_traits<std::__1::allocator<std::__1::thread>>::construct[abi:nqe220106]<std::__1::thread, void (*&)(int, int), int&, int&, 0>(std::__1::allocator<std::__1::thread>&, std::__1::thread*, void (*&)(int, int), int&, int&) allocator_traits.h:296 (stress_patched:arm64+0x1000038c8)
    #6 void std::__1::vector<std::__1::thread, std::__1::allocator<std::__1::thread>>::__emplace_back_assume_capacity[abi:nqe220106]<void (*&)(int, int), int&, int&>(void (*&)(int, int), int&, int&) vector.h:483 (stress_patched:arm64+0x1000038c8)
    #7 std::__1::thread& std::__1::vector<std::__1::thread, std::__1::allocator<std::__1::thread>>::emplace_back<void (*&)(int, int), int&, int&>(void (*&)(int, int), int&, int&)::'lambda'()::operator()() const vector.h:1146 (stress_patched:arm64+0x1000038c8)
    #8 void std::__1::__if_likely_else[abi:nqe220106]<std::__1::thread& std::__1::vector<std::__1::thread, std::__1::allocator<std::__1::thread>>::emplace_back<void (*&)(int, int), int&, int&>(void (*&)(int, int), int&, int&)::'lambda'(), std::__1::thread& std::__1::vector<std::__1::thread, std::__1::allocator<std::__1::thread>>::emplace_back<void (*&)(int, int), int&, int&>(void (*&)(int, int), int&, int&)::'lambda0'()>(bool, std::__1::thread& std::__1::vector<std::__1::thread, std::__1::allocator<std::__1::thread>>::emplace_back<void (*&)(int, int), int&, int&>(void (*&)(int, int), int&, int&)::'lambda'(), std::__1::thread& std::__1::vector<std::__1::thread, std::__1::allocator<std::__1::thread>>::emplace_back<void (*&)(int, int), int&, int&>(void (*&)(int, int), int&, int&)::'lambda0'()) vector.h:1127 (stress_patched:arm64+0x1000038c8)
    #9 std::__1::thread& std::__1::vector<std::__1::thread, std::__1::allocator<std::__1::thread>>::emplace_back<void (*&)(int, int), int&, int&>(void (*&)(int, int), int&, int&) vector.h:1143 (stress_patched:arm64+0x1000038c8)
    #10 runOne(char const*, int, int) occt_1157_stress.cpp:359 (stress_patched:arm64+0x1000038c8)
    #11 main occt_1157_stress.cpp:396 (stress_patched:arm64+0x100002de4)

SUMMARY: ThreadSanitizer: data race Standard_Handle.hxx:374 in opencascade::handle<Interface_InterfaceModel>::Assign(Standard_Transient*)
==================
==================
WARNING: ThreadSanitizer: data race (pid=16756)
  Write of size 8 at 0x0001112015a0 by thread T5:
    #0 opencascade::handle<NCollection_HSequence<opencascade::handle<TCollection_HAsciiString>>>::EndScope() Standard_Handle.hxx:393 (stress_patched:arm64+0x10131ecf0)
    #1 opencascade::handle<NCollection_HSequence<opencascade::handle<TCollection_HAsciiString>>>::Nullify() Standard_Handle.hxx:91 (stress_patched:arm64+0x10131ecf0)
    #2 Interface_Check::Clear() Interface_Check.cxx:474 (stress_patched:arm64+0x10131ecf0)
    #3 IGESFile_Read(char*, opencascade::handle<IGESData_IGESModel> const&, opencascade::handle<IGESData_Protocol> const&, opencascade::handle<IGESData_FileRecognizer> const&, bool) IGESFile_Read.cxx:93 (stress_patched:arm64+0x10011ffc8)
    #4 IGESFile_Read(char*, opencascade::handle<IGESData_IGESModel> const&, opencascade::handle<IGESData_Protocol> const&) IGESFile_Read.cxx:63 (stress_patched:arm64+0x10011fe98)
    #5 IGESSelect_WorkLibrary::ReadFile(char const*, opencascade::handle<Interface_InterfaceModel>&, opencascade::handle<Interface_Protocol> const&) const IGESSelect_WorkLibrary.cxx:82 (stress_patched:arm64+0x10030abd4)
    #6 IFSelect_WorkSession::ReadFile(char const*) IFSelect_WorkSession.cxx:187 (stress_patched:arm64+0x1000084a8)
    #7 XSControl_Reader::ReadFile(char const*) XSControl_Reader.cxx:108 (stress_patched:arm64+0x1013dad58)
    #8 runIgesReadIndependent(int, int) occt_1157_stress.cpp:192 (stress_patched:arm64+0x1000025b0)
    #9 std::__1::__invoke_result_impl<void, void (*)(int, int), int, int>::type std::__1::__invoke[abi:nqe220106]<void (*)(int, int), int, int>(void (*&&)(int, int), int&&, int&&) invoke.h:90 (stress_patched:arm64+0x100006214)
    #10 void std::__1::__thread_execute[abi:nqe220106]<std::__1::unique_ptr<std::__1::__thread_struct, std::__1::default_delete<std::__1::__thread_struct>>, void (*)(int, int), int, int, 0ul, 1ul, 2ul>(std::__1::tuple<std::__1::unique_ptr<std::__1::__thread_struct, std::__1::default_delete<std::__1::__thread_struct>>, void (*)(int, int), int, int>&, std::__1::__integer_sequence<unsigned long, 0ul, 1ul, 2ul>) thread.h:161 (stress_patched:arm64+0x100006214)
    #11 void* std::__1::__thread_proxy[abi:nqe220106]<std::__1::tuple<std::__1::unique_ptr<std::__1::__thread_struct, std::__1::default_delete<std::__1::__thread_struct>>, void (*)(int, int), int, int>>(void*) thread.h:169 (stress_patched:arm64+0x100006214)

  Previous read of size 8 at 0x0001112015a0 by thread T2:
    #0 opencascade::handle<NCollection_HSequence<opencascade::handle<TCollection_HAsciiString>>>::IsNull() const Standard_Handle.hxx:94 (stress_patched:arm64+0x10131ca94)
    #1 Interface_Check::NbFails() const Interface_Check.cxx:124 (stress_patched:arm64+0x10131ca94)
    #2 IGESFile_Read(char*, opencascade::handle<IGESData_IGESModel> const&, opencascade::handle<IGESData_Protocol> const&, opencascade::handle<IGESData_FileRecognizer> const&, bool) IGESFile_Read.cxx:183 (stress_patched:arm64+0x10012074c)
    #3 IGESFile_Read(char*, opencascade::handle<IGESData_IGESModel> const&, opencascade::handle<IGESData_Protocol> const&) IGESFile_Read.cxx:63 (stress_patched:arm64+0x10011fe98)
    #4 IGESSelect_WorkLibrary::ReadFile(char const*, opencascade::handle<Interface_InterfaceModel>&, opencascade::handle<Interface_Protocol> const&) const IGESSelect_WorkLibrary.cxx:82 (stress_patched:arm64+0x10030abd4)
    #5 IFSelect_WorkSession::ReadFile(char const*) IFSelect_WorkSession.cxx:187 (stress_patched:arm64+0x1000084a8)
    #6 XSControl_Reader::ReadFile(char const*) XSControl_Reader.cxx:108 (stress_patched:arm64+0x1013dad58)
    #7 runIgesReadIndependent(int, int) occt_1157_stress.cpp:192 (stress_patched:arm64+0x1000025b0)
    #8 std::__1::__invoke_result_impl<void, void (*)(int, int), int, int>::type std::__1::__invoke[abi:nqe220106]<void (*)(int, int), int, int>(void (*&&)(int, int), int&&, int&&) invoke.h:90 (stress_patched:arm64+0x100006214)
    #9 void std::__1::__thread_execute[abi:nqe220106]<std::__1::unique_ptr<std::__1::__thread_struct, std::__1::default_delete<std::__1::__thread_struct>>, void (*)(int, int), int, int, 0ul, 1ul, 2ul>(std::__1::tuple<std::__1::unique_ptr<std::__1::__thread_struct, std::__1::default_delete<std::__1::__thread_struct>>, void (*)(int, int), int, int>&, std::__1::__integer_sequence<unsigned long, 0ul, 1ul, 2ul>) thread.h:161 (stress_patched:arm64+0x100006214)
    #10 void* std::__1::__thread_proxy[abi:nqe220106]<std::__1::tuple<std::__1::unique_ptr<std::__1::__thread_struct, std::__1::default_delete<std::__1::__thread_struct>>, void (*)(int, int), int, int>>(void*) thread.h:169 (stress_patched:arm64+0x100006214)

  Location is heap block of size 72 at 0x000111201590 allocated by thread T1:
    #0 calloc <null> (libclang_rt.tsan_osx_dynamic.dylib:arm64e+0x67ff4)
    #1 Standard::Allocate(unsigned long) Standard.cxx:386 (stress_patched:arm64+0x1008dbec8)
    #2 Standard_Transient::operator new(unsigned long) Standard_Transient.hxx:47 (stress_patched:arm64+0x100120e70)
    #3 checkread() IGESFile_Read.cxx:43 (stress_patched:arm64+0x100120e70)
    #4 IGESFile_Check(int, Message_Msg&) IGESFile_Read.cxx (stress_patched:arm64+0x10011ff98)
    #5 IGESFile_Read(char*, opencascade::handle<IGESData_IGESModel> const&, opencascade::handle<IGESData_Protocol> const&, opencascade::handle<IGESData_FileRecognizer> const&, bool) IGESFile_Read.cxx:91 (stress_patched:arm64+0x10011ff98)
    #6 IGESFile_Read(char*, opencascade::handle<IGESData_IGESModel> const&, opencascade::handle<IGESData_Protocol> const&) IGESFile_Read.cxx:63 (stress_patched:arm64+0x10011fe98)
    #7 IGESSelect_WorkLibrary::ReadFile(char const*, opencascade::handle<Interface_InterfaceModel>&, opencascade::handle<Interface_Protocol> const&) const IGESSelect_WorkLibrary.cxx:82 (stress_patched:arm64+0x10030abd4)
    #8 IFSelect_WorkSession::ReadFile(char const*) IFSelect_WorkSession.cxx:187 (stress_patched:arm64+0x1000084a8)
    #9 XSControl_Reader::ReadFile(char const*) XSControl_Reader.cxx:108 (stress_patched:arm64+0x1013dad58)
    #10 runIgesReadIndependent(int, int) occt_1157_stress.cpp:192 (stress_patched:arm64+0x1000025b0)
    #11 std::__1::__invoke_result_impl<void, void (*)(int, int), int, int>::type std::__1::__invoke[abi:nqe220106]<void (*)(int, int), int, int>(void (*&&)(int, int), int&&, int&&) invoke.h:90 (stress_patched:arm64+0x100006214)
    #12 void std::__1::__thread_execute[abi:nqe220106]<std::__1::unique_ptr<std::__1::__thread_struct, std::__1::default_delete<std::__1::__thread_struct>>, void (*)(int, int), int, int, 0ul, 1ul, 2ul>(std::__1::tuple<std::__1::unique_ptr<std::__1::__thread_struct, std::__1::default_delete<std::__1::__thread_struct>>, void (*)(int, int), int, int>&, std::__1::__integer_sequence<unsigned long, 0ul, 1ul, 2ul>) thread.h:161 (stress_patched:arm64+0x100006214)
    #13 void* std::__1::__thread_proxy[abi:nqe220106]<std::__1::tuple<std::__1::unique_ptr<std::__1::__thread_struct, std::__1::default_delete<std::__1::__thread_struct>>, void (*)(int, int), int, int>>(void*) thread.h:169 (stress_patched:arm64+0x100006214)

  Thread T5 (tid=15144791, running) created by main thread at:
    #0 pthread_create <null> (libclang_rt.tsan_osx_dynamic.dylib:arm64e+0x33bac)
    #1 std::__1::__libcpp_thread_create[abi:nqe220106](_opaque_pthread_t**, void* (*)(void*), void*) pthread.h:182 (stress_patched:arm64+0x1000060dc)
    #2 std::__1::thread::thread[abi:nqe220106]<void (*&)(int, int), int&, int&, 0>(void (*&)(int, int), int&, int&) thread.h:221 (stress_patched:arm64+0x1000060dc)
    #3 std::__1::thread::thread[abi:nqe220106]<void (*&)(int, int), int&, int&, 0>(void (*&)(int, int), int&, int&) thread.h:212 (stress_patched:arm64+0x10000645c)
    #4 void std::__1::allocator<std::__1::thread>::construct[abi:nqe220106]<std::__1::thread, void (*&)(int, int), int&, int&>(std::__1::thread*, void (*&)(int, int), int&, int&) allocator.h:141 (stress_patched:arm64+0x10000645c)
    #5 void std::__1::allocator_traits<std::__1::allocator<std::__1::thread>>::construct[abi:nqe220106]<std::__1::thread, void (*&)(int, int), int&, int&, 0>(std::__1::allocator<std::__1::thread>&, std::__1::thread*, void (*&)(int, int), int&, int&) allocator_traits.h:296 (stress_patched:arm64+0x10000645c)
    #6 std::__1::thread* std::__1::vector<std::__1::thread, std::__1::allocator<std::__1::thread>>::__emplace_back_slow_path<void (*&)(int, int), int&, int&>(void (*&)(int, int), int&, int&) vector.h:1109 (stress_patched:arm64+0x10000645c)
    #7 std::__1::thread& std::__1::vector<std::__1::thread, std::__1::allocator<std::__1::thread>>::emplace_back<void (*&)(int, int), int&, int&>(void (*&)(int, int), int&, int&)::'lambda0'()::operator()() const vector.h:1149 (stress_patched:arm64+0x100003918)
    #8 void std::__1::__if_likely_else[abi:nqe220106]<std::__1::thread& std::__1::vector<std::__1::thread, std::__1::allocator<std::__1::thread>>::emplace_back<void (*&)(int, int), int&, int&>(void (*&)(int, int), int&, int&)::'lambda'(), std::__1::thread& std::__1::vector<std::__1::thread, std::__1::allocator<std::__1::thread>>::emplace_back<void (*&)(int, int), int&, int&>(void (*&)(int, int), int&, int&)::'lambda0'()>(bool, std::__1::thread& std::__1::vector<std::__1::thread, std::__1::allocator<std::__1::thread>>::emplace_back<void (*&)(int, int), int&, int&>(void (*&)(int, int), int&, int&)::'lambda'(), std::__1::thread& std::__1::vector<std::__1::thread, std::__1::allocator<std::__1::thread>>::emplace_back<void (*&)(int, int), int&, int&>(void (*&)(int, int), int&, int&)::'lambda0'()) vector.h:1129 (stress_patched:arm64+0x100003918)
    #9 std::__1::thread& std::__1::vector<std::__1::thread, std::__1::allocator<std::__1::thread>>::emplace_back<void (*&)(int, int), int&, int&>(void (*&)(int, int), int&, int&) vector.h:1143 (stress_patched:arm64+0x100003918)
    #10 runOne(char const*, int, int) occt_1157_stress.cpp:359 (stress_patched:arm64+0x100003918)
    #11 main occt_1157_stress.cpp:396 (stress_patched:arm64+0x100002de4)

  Thread T2 (tid=15144788, running) created by main thread at:
    #0 pthread_create <null> (libclang_rt.tsan_osx_dynamic.dylib:arm64e+0x33bac)
    #1 std::__1::__libcpp_thread_create[abi:nqe220106](_opaque_pthread_t**, void* (*)(void*), void*) pthread.h:182 (stress_patched:arm64+0x1000060dc)
    #2 std::__1::thread::thread[abi:nqe220106]<void (*&)(int, int), int&, int&, 0>(void (*&)(int, int), int&, int&) thread.h:221 (stress_patched:arm64+0x1000060dc)
    #3 std::__1::thread::thread[abi:nqe220106]<void (*&)(int, int), int&, int&, 0>(void (*&)(int, int), int&, int&) thread.h:212 (stress_patched:arm64+0x10000645c)
    #4 void std::__1::allocator<std::__1::thread>::construct[abi:nqe220106]<std::__1::thread, void (*&)(int, int), int&, int&>(std::__1::thread*, void (*&)(int, int), int&, int&) allocator.h:141 (stress_patched:arm64+0x10000645c)
    #5 void std::__1::allocator_traits<std::__1::allocator<std::__1::thread>>::construct[abi:nqe220106]<std::__1::thread, void (*&)(int, int), int&, int&, 0>(std::__1::allocator<std::__1::thread>&, std::__1::thread*, void (*&)(int, int), int&, int&) allocator_traits.h:296 (stress_patched:arm64+0x10000645c)
    #6 std::__1::thread* std::__1::vector<std::__1::thread, std::__1::allocator<std::__1::thread>>::__emplace_back_slow_path<void (*&)(int, int), int&, int&>(void (*&)(int, int), int&, int&) vector.h:1109 (stress_patched:arm64+0x10000645c)
    #7 std::__1::thread& std::__1::vector<std::__1::thread, std::__1::allocator<std::__1::thread>>::emplace_back<void (*&)(int, int), int&, int&>(void (*&)(int, int), int&, int&)::'lambda0'()::operator()() const vector.h:1149 (stress_patched:arm64+0x100003918)
    #8 void std::__1::__if_likely_else[abi:nqe220106]<std::__1::thread& std::__1::vector<std::__1::thread, std::__1::allocator<std::__1::thread>>::emplace_back<void (*&)(int, int), int&, int&>(void (*&)(int, int), int&, int&)::'lambda'(), std::__1::thread& std::__1::vector<std::__1::thread, std::__1::allocator<std::__1::thread>>::emplace_back<void (*&)(int, int), int&, int&>(void (*&)(int, int), int&, int&)::'lambda0'()>(bool, std::__1::thread& std::__1::vector<std::__1::thread, std::__1::allocator<std::__1::thread>>::emplace_back<void (*&)(int, int), int&, int&>(void (*&)(int, int), int&, int&)::'lambda'(), std::__1::thread& std::__1::vector<std::__1::thread, std::__1::allocator<std::__1::thread>>::emplace_back<void (*&)(int, int), int&, int&>(void (*&)(int, int), int&, int&)::'lambda0'()) vector.h:1129 (stress_patched:arm64+0x100003918)
    #9 std::__1::thread& std::__1::vector<std::__1::thread, std::__1::allocator<std::__1::thread>>::emplace_back<void (*&)(int, int), int&, int&>(void (*&)(int, int), int&, int&) vector.h:1143 (stress_patched:arm64+0x100003918)
    #10 runOne(char const*, int, int) occt_1157_stress.cpp:359 (stress_patched:arm64+0x100003918)
    #11 main occt_1157_stress.cpp:396 (stress_patched:arm64+0x100002de4)

  Thread T1 (tid=15144787, running) created by main thread at:
    #0 pthread_create <null> (libclang_rt.tsan_osx_dynamic.dylib:arm64e+0x33bac)
    #1 std::__1::__libcpp_thread_create[abi:nqe220106](_opaque_pthread_t**, void* (*)(void*), void*) pthread.h:182 (stress_patched:arm64+0x1000060dc)
    #2 std::__1::thread::thread[abi:nqe220106]<void (*&)(int, int), int&, int&, 0>(void (*&)(int, int), int&, int&) thread.h:221 (stress_patched:arm64+0x1000060dc)
    #3 std::__1::thread::thread[abi:nqe220106]<void (*&)(int, int), int&, int&, 0>(void (*&)(int, int), int&, int&) thread.h:212 (stress_patched:arm64+0x10000645c)
    #4 void std::__1::allocator<std::__1::thread>::construct[abi:nqe220106]<std::__1::thread, void (*&)(int, int), int&, int&>(std::__1::thread*, void (*&)(int, int), int&, int&) allocator.h:141 (stress_patched:arm64+0x10000645c)
    #5 void std::__1::allocator_traits<std::__1::allocator<std::__1::thread>>::construct[abi:nqe220106]<std::__1::thread, void (*&)(int, int), int&, int&, 0>(std::__1::allocator<std::__1::thread>&, std::__1::thread*, void (*&)(int, int), int&, int&) allocator_traits.h:296 (stress_patched:arm64+0x10000645c)
    #6 std::__1::thread* std::__1::vector<std::__1::thread, std::__1::allocator<std::__1::thread>>::__emplace_back_slow_path<void (*&)(int, int), int&, int&>(void (*&)(int, int), int&, int&) vector.h:1109 (stress_patched:arm64+0x10000645c)
    #7 std::__1::thread& std::__1::vector<std::__1::thread, std::__1::allocator<std::__1::thread>>::emplace_back<void (*&)(int, int), int&, int&>(void (*&)(int, int), int&, int&)::'lambda0'()::operator()() const vector.h:1149 (stress_patched:arm64+0x100003918)
    #8 void std::__1::__if_likely_else[abi:nqe220106]<std::__1::thread& std::__1::vector<std::__1::thread, std::__1::allocator<std::__1::thread>>::emplace_back<void (*&)(int, int), int&, int&>(void (*&)(int, int), int&, int&)::'lambda'(), std::__1::thread& std::__1::vector<std::__1::thread, std::__1::allocator<std::__1::thread>>::emplace_back<void (*&)(int, int), int&, int&>(void (*&)(int, int), int&, int&)::'lambda0'()>(bool, std::__1::thread& std::__1::vector<std::__1::thread, std::__1::allocator<std::__1::thread>>::emplace_back<void (*&)(int, int), int&, int&>(void (*&)(int, int), int&, int&)::'lambda'(), std::__1::thread& std::__1::vector<std::__1::thread, std::__1::allocator<std::__1::thread>>::emplace_back<void (*&)(int, int), int&, int&>(void (*&)(int, int), int&, int&)::'lambda0'()) vector.h:1129 (stress_patched:arm64+0x100003918)
    #9 std::__1::thread& std::__1::vector<std::__1::thread, std::__1::allocator<std::__1::thread>>::emplace_back<void (*&)(int, int), int&, int&>(void (*&)(int, int), int&, int&) vector.h:1143 (stress_patched:arm64+0x100003918)
    #10 runOne(char const*, int, int) occt_1157_stress.cpp:359 (stress_patched:arm64+0x100003918)
    #11 main occt_1157_stress.cpp:396 (stress_patched:arm64+0x100002de4)

SUMMARY: ThreadSanitizer: data race Standard_Handle.hxx:393 in opencascade::handle<NCollection_HSequence<opencascade::handle<TCollection_HAsciiString>>>::EndScope()
==================
==================
WARNING: ThreadSanitizer: data race (pid=16756)
  Write of size 8 at 0x000110902af8 by thread T2:
    #0 IGESToBRep_Actor::SetModel(opencascade::handle<Interface_InterfaceModel> const&) IGESToBRep_Actor.cxx:97 (stress_patched:arm64+0x10030eeb0)
    #1 IGESControl_Controller::ActorRead(opencascade::handle<Interface_InterfaceModel> const&) const IGESControl_Controller.cxx:336 (stress_patched:arm64+0x10039e410)
    #2 XSControl_TransferReader::Actor() XSControl_TransferReader.cxx:71 (stress_patched:arm64+0x1013e51bc)
    #3 XSControl_TransferReader::BeginTransfer() XSControl_TransferReader.cxx:937 (stress_patched:arm64+0x1013e51bc)
    #4 XSControl_WorkSession::InitTransferReader(int) XSControl_WorkSession.cxx:376 (stress_patched:arm64+0x1013f567c)
    #5 XSControl_Reader::ReadFile(char const*) XSControl_Reader.cxx:109 (stress_patched:arm64+0x1013dad70)
    #6 runIgesReadIndependent(int, int) occt_1157_stress.cpp:192 (stress_patched:arm64+0x1000025b0)
    #7 std::__1::__invoke_result_impl<void, void (*)(int, int), int, int>::type std::__1::__invoke[abi:nqe220106]<void (*)(int, int), int, int>(void (*&&)(int, int), int&&, int&&) invoke.h:90 (stress_patched:arm64+0x100006214)
    #8 void std::__1::__thread_execute[abi:nqe220106]<std::__1::unique_ptr<std::__1::__thread_struct, std::__1::default_delete<std::__1::__thread_struct>>, void (*)(int, int), int, int, 0ul, 1ul, 2ul>(std::__1::tuple<std::__1::unique_ptr<std::__1::__thread_struct, std::__1::default_delete<std::__1::__thread_struct>>, void (*)(int, int), int, int>&, std::__1::__integer_sequence<unsigned long, 0ul, 1ul, 2ul>) thread.h:161 (stress_patched:arm64+0x100006214)
    #9 void* std::__1::__thread_proxy[abi:nqe220106]<std::__1::tuple<std::__1::unique_ptr<std::__1::__thread_struct, std::__1::default_delete<std::__1::__thread_struct>>, void (*)(int, int), int, int>>(void*) thread.h:169 (stress_patched:arm64+0x100006214)

  Previous write of size 8 at 0x000110902af8 by thread T4:
    #0 IGESToBRep_Actor::Transfer(opencascade::handle<Standard_Transient> const&, opencascade::handle<Transfer_TransientProcess> const&, Message_ProgressRange const&) IGESToBRep_Actor.cxx:189 (stress_patched:arm64+0x10030f6ec)
    #1 Transfer_ActorOfTransientProcess::Transferring(opencascade::handle<Standard_Transient> const&, opencascade::handle<Transfer_ProcessForTransient> const&, Message_ProgressRange const&) Transfer_ActorOfTransientProcess.cxx:47 (stress_patched:arm64+0x101362930)
    #2 Transfer_ProcessForTransient::TransferProduct(opencascade::handle<Standard_Transient> const&, Message_ProgressRange const&) Transfer_ProcessForTransient_0.cxx:989 (stress_patched:arm64+0x10137a248)
    #3 Transfer_ProcessForTransient::Transferring(opencascade::handle<Standard_Transient> const&, Message_ProgressRange const&) Transfer_ProcessForTransient_0.cxx:903 (stress_patched:arm64+0x1013795fc)
    #4 Transfer_ProcessForTransient::Transfer(opencascade::handle<Standard_Transient> const&, Message_ProgressRange const&) Transfer_ProcessForTransient_0.cxx:1031 (stress_patched:arm64+0x10137a724)
    #5 Transfer_TransferOutput::Transfer(opencascade::handle<Standard_Transient> const&, Message_ProgressRange const&) Transfer_TransferOutput.cxx:77 (stress_patched:arm64+0x101382d60)
    #6 XSControl_TransferReader::TransferOne(opencascade::handle<Standard_Transient> const&, bool, Message_ProgressRange const&) XSControl_TransferReader.cxx:1023 (stress_patched:arm64+0x1013e5978)
    #7 XSControl_Reader::TransferRoots(Message_ProgressRange const&) XSControl_Reader.cxx:286 (stress_patched:arm64+0x1013dc8dc)
    #8 runIgesReadIndependent(int, int) occt_1157_stress.cpp:199 (stress_patched:arm64+0x1000025d4)
    #9 std::__1::__invoke_result_impl<void, void (*)(int, int), int, int>::type std::__1::__invoke[abi:nqe220106]<void (*)(int, int), int, int>(void (*&&)(int, int), int&&, int&&) invoke.h:90 (stress_patched:arm64+0x100006214)
    #10 void std::__1::__thread_execute[abi:nqe220106]<std::__1::unique_ptr<std::__1::__thread_struct, std::__1::default_delete<std::__1::__thread_struct>>, void (*)(int, int), int, int, 0ul, 1ul, 2ul>(std::__1::tuple<std::__1::unique_ptr<std::__1::__thread_struct, std::__1::default_delete<std::__1::__thread_struct>>, void (*)(int, int), int, int>&, std::__1::__integer_sequence<unsigned long, 0ul, 1ul, 2ul>) thread.h:161 (stress_patched:arm64+0x100006214)
    #11 void* std::__1::__thread_proxy[abi:nqe220106]<std::__1::tuple<std::__1::unique_ptr<std::__1::__thread_struct, std::__1::default_delete<std::__1::__thread_struct>>, void (*)(int, int), int, int>>(void*) thread.h:169 (stress_patched:arm64+0x100006214)

  Location is heap block of size 128 at 0x000110902a80 allocated by main thread:
    #0 calloc <null> (libclang_rt.tsan_osx_dynamic.dylib:arm64e+0x67ff4)
    #1 Standard::Allocate(unsigned long) Standard.cxx:386 (stress_patched:arm64+0x1008dbec8)
    #2 Standard_Transient::operator new(unsigned long) Standard_Transient.hxx:47 (stress_patched:arm64+0x100399d78)
    #3 IGESControl_Controller::IGESControl_Controller(bool) IGESControl_Controller.cxx:143 (stress_patched:arm64+0x100399d78)
    #4 IGESControl_Controller::IGESControl_Controller(bool) IGESControl_Controller.cxx:75 (stress_patched:arm64+0x10039e680)
    #5 IGESControl_Controller::Init() IGESControl_Controller.cxx:364 (stress_patched:arm64+0x10039e680)
    #6 IGESControl_Writer::IGESControl_Writer(char const*, int) IGESControl_Writer.cxx:73 (stress_patched:arm64+0x1003a9218)
    #7 IGESControl_Writer::IGESControl_Writer(char const*, int) IGESControl_Writer.cxx:72 (stress_patched:arm64+0x1003a93e0)
    #8 writeFixtures() occt_1157_stress.cpp:323 (stress_patched:arm64+0x100003520)
    #9 runOne(char const*, int, int) occt_1157_stress.cpp:334 (stress_patched:arm64+0x100003520)
    #10 main occt_1157_stress.cpp:396 (stress_patched:arm64+0x100002de4)

  Thread T2 (tid=15144788, running) created by main thread at:
    #0 pthread_create <null> (libclang_rt.tsan_osx_dynamic.dylib:arm64e+0x33bac)
    #1 std::__1::__libcpp_thread_create[abi:nqe220106](_opaque_pthread_t**, void* (*)(void*), void*) pthread.h:182 (stress_patched:arm64+0x1000060dc)
    #2 std::__1::thread::thread[abi:nqe220106]<void (*&)(int, int), int&, int&, 0>(void (*&)(int, int), int&, int&) thread.h:221 (stress_patched:arm64+0x1000060dc)
    #3 std::__1::thread::thread[abi:nqe220106]<void (*&)(int, int), int&, int&, 0>(void (*&)(int, int), int&, int&) thread.h:212 (stress_patched:arm64+0x10000645c)
    #4 void std::__1::allocator<std::__1::thread>::construct[abi:nqe220106]<std::__1::thread, void (*&)(int, int), int&, int&>(std::__1::thread*, void (*&)(int, int), int&, int&) allocator.h:141 (stress_patched:arm64+0x10000645c)
    #5 void std::__1::allocator_traits<std::__1::allocator<std::__1::thread>>::construct[abi:nqe220106]<std::__1::thread, void (*&)(int, int), int&, int&, 0>(std::__1::allocator<std::__1::thread>&, std::__1::thread*, void (*&)(int, int), int&, int&) allocator_traits.h:296 (stress_patched:arm64+0x10000645c)
    #6 std::__1::thread* std::__1::vector<std::__1::thread, std::__1::allocator<std::__1::thread>>::__emplace_back_slow_path<void (*&)(int, int), int&, int&>(void (*&)(int, int), int&, int&) vector.h:1109 (stress_patched:arm64+0x10000645c)
    #7 std::__1::thread& std::__1::vector<std::__1::thread, std::__1::allocator<std::__1::thread>>::emplace_back<void (*&)(int, int), int&, int&>(void (*&)(int, int), int&, int&)::'lambda0'()::operator()() const vector.h:1149 (stress_patched:arm64+0x100003918)
    #8 void std::__1::__if_likely_else[abi:nqe220106]<std::__1::thread& std::__1::vector<std::__1::thread, std::__1::allocator<std::__1::thread>>::emplace_back<void (*&)(int, int), int&, int&>(void (*&)(int, int), int&, int&)::'lambda'(), std::__1::thread& std::__1::vector<std::__1::thread, std::__1::allocator<std::__1::thread>>::emplace_back<void (*&)(int, int), int&, int&>(void (*&)(int, int), int&, int&)::'lambda0'()>(bool, std::__1::thread& std::__1::vector<std::__1::thread, std::__1::allocator<std::__1::thread>>::emplace_back<void (*&)(int, int), int&, int&>(void (*&)(int, int), int&, int&)::'lambda'(), std::__1::thread& std::__1::vector<std::__1::thread, std::__1::allocator<std::__1::thread>>::emplace_back<void (*&)(int, int), int&, int&>(void (*&)(int, int), int&, int&)::'lambda0'()) vector.h:1129 (stress_patched:arm64+0x100003918)
    #9 std::__1::thread& std::__1::vector<std::__1::thread, std::__1::allocator<std::__1::thread>>::emplace_back<void (*&)(int, int), int&, int&>(void (*&)(int, int), int&, int&) vector.h:1143 (stress_patched:arm64+0x100003918)
    #10 runOne(char const*, int, int) occt_1157_stress.cpp:359 (stress_patched:arm64+0x100003918)
    #11 main occt_1157_stress.cpp:396 (stress_patched:arm64+0x100002de4)

  Thread T4 (tid=15144790, running) created by main thread at:
    #0 pthread_create <null> (libclang_rt.tsan_osx_dynamic.dylib:arm64e+0x33bac)
    #1 std::__1::__libcpp_thread_create[abi:nqe220106](_opaque_pthread_t**, void* (*)(void*), void*) pthread.h:182 (stress_patched:arm64+0x1000060dc)
    #2 std::__1::thread::thread[abi:nqe220106]<void (*&)(int, int), int&, int&, 0>(void (*&)(int, int), int&, int&) thread.h:221 (stress_patched:arm64+0x1000060dc)
    #3 std::__1::thread::thread[abi:nqe220106]<void (*&)(int, int), int&, int&, 0>(void (*&)(int, int), int&, int&) thread.h:212 (stress_patched:arm64+0x1000038c8)
    #4 void std::__1::allocator<std::__1::thread>::construct[abi:nqe220106]<std::__1::thread, void (*&)(int, int), int&, int&>(std::__1::thread*, void (*&)(int, int), int&, int&) allocator.h:141 (stress_patched:arm64+0x1000038c8)
    #5 void std::__1::allocator_traits<std::__1::allocator<std::__1::thread>>::construct[abi:nqe220106]<std::__1::thread, void (*&)(int, int), int&, int&, 0>(std::__1::allocator<std::__1::thread>&, std::__1::thread*, void (*&)(int, int), int&, int&) allocator_traits.h:296 (stress_patched:arm64+0x1000038c8)
    #6 void std::__1::vector<std::__1::thread, std::__1::allocator<std::__1::thread>>::__emplace_back_assume_capacity[abi:nqe220106]<void (*&)(int, int), int&, int&>(void (*&)(int, int), int&, int&) vector.h:483 (stress_patched:arm64+0x1000038c8)
    #7 std::__1::thread& std::__1::vector<std::__1::thread, std::__1::allocator<std::__1::thread>>::emplace_back<void (*&)(int, int), int&, int&>(void (*&)(int, int), int&, int&)::'lambda'()::operator()() const vector.h:1146 (stress_patched:arm64+0x1000038c8)
    #8 void std::__1::__if_likely_else[abi:nqe220106]<std::__1::thread& std::__1::vector<std::__1::thread, std::__1::allocator<std::__1::thread>>::emplace_back<void (*&)(int, int), int&, int&>(void (*&)(int, int), int&, int&)::'lambda'(), std::__1::thread& std::__1::vector<std::__1::thread, std::__1::allocator<std::__1::thread>>::emplace_back<void (*&)(int, int), int&, int&>(void (*&)(int, int), int&, int&)::'lambda0'()>(bool, std::__1::thread& std::__1::vector<std::__1::thread, std::__1::allocator<std::__1::thread>>::emplace_back<void (*&)(int, int), int&, int&>(void (*&)(int, int), int&, int&)::'lambda'(), std::__1::thread& std::__1::vector<std::__1::thread, std::__1::allocator<std::__1::thread>>::emplace_back<void (*&)(int, int), int&, int&>(void (*&)(int, int), int&, int&)::'lambda0'()) vector.h:1127 (stress_patched:arm64+0x1000038c8)
    #9 std::__1::thread& std::__1::vector<std::__1::thread, std::__1::allocator<std::__1::thread>>::emplace_back<void (*&)(int, int), int&, int&>(void (*&)(int, int), int&, int&) vector.h:1143 (stress_patched:arm64+0x1000038c8)
    #10 runOne(char const*, int, int) occt_1157_stress.cpp:359 (stress_patched:arm64+0x1000038c8)
    #11 main occt_1157_stress.cpp:396 (stress_patched:arm64+0x100002de4)

SUMMARY: ThreadSanitizer: data race IGESToBRep_Actor.cxx:97 in IGESToBRep_Actor::SetModel(opencascade::handle<Interface_InterfaceModel> const&)
==================
==================
WARNING: ThreadSanitizer: data race (pid=16756)
  Write of size 8 at 0x000110119150 by thread T5:
    #0 opencascade::handle<TCollection_HAsciiString>::EndScope() Standard_Handle.hxx:393 (stress_patched:arm64+0x100025084)
    #1 opencascade::handle<TCollection_HAsciiString>::~handle() Standard_Handle.hxx:88 (stress_patched:arm64+0x100025084)
    #2 opencascade::handle<TCollection_HAsciiString>::~handle() Standard_Handle.hxx:88 (stress_patched:arm64+0x100025084)
    #3 NCollection_Sequence<opencascade::handle<TCollection_HAsciiString>>::Node::~Node() NCollection_Sequence.hxx:39 (stress_patched:arm64+0x100025084)
    #4 NCollection_Sequence<opencascade::handle<TCollection_HAsciiString>>::Node::~Node() NCollection_Sequence.hxx:39 (stress_patched:arm64+0x100025084)
    #5 NCollection_Sequence<opencascade::handle<TCollection_HAsciiString>>::delNode(NCollection_SeqNode*, opencascade::handle<NCollection_BaseAllocator>&) NCollection_Sequence.hxx:199 (stress_patched:arm64+0x100025084)
    #6 NCollection_BaseSequence::ClearSeq(void (*)(NCollection_SeqNode*, opencascade::handle<NCollection_BaseAllocator>&)) NCollection_BaseSequence.cxx:35 (stress_patched:arm64+0x1008fcd14)
    #7 NCollection_Sequence<opencascade::handle<TCollection_HAsciiString>>::Clear(opencascade::handle<NCollection_BaseAllocator> const&) NCollection_Sequence.hxx:206 (stress_patched:arm64+0x100024d60)
    #8 NCollection_Sequence<opencascade::handle<TCollection_HAsciiString>>::~NCollection_Sequence() NCollection_Sequence.hxx:622 (stress_patched:arm64+0x100024d60)
    #9 NCollection_HSequence<opencascade::handle<TCollection_HAsciiString>>::~NCollection_HSequence() NCollection_HSequence.hxx:25 (stress_patched:arm64+0x100024d60)
    #10 NCollection_HSequence<opencascade::handle<TCollection_HAsciiString>>::~NCollection_HSequence() NCollection_HSequence.hxx:25 (stress_patched:arm64+0x100024d60)
    #11 NCollection_HSequence<opencascade::handle<TCollection_HAsciiString>>::~NCollection_HSequence() NCollection_HSequence.hxx:25 (stress_patched:arm64+0x100024d60)
    #12 non-virtual thunk to NCollection_HSequence<opencascade::handle<TCollection_HAsciiString>>::~NCollection_HSequence() NCollection_HSequence.hxx (stress_patched:arm64+0x100024d60)
    #13 Standard_Transient::Delete() const Standard_Transient.hxx:134 (stress_patched:arm64+0x1000235fc)
    #14 opencascade::handle<NCollection_HSequence<opencascade::handle<TCollection_HAsciiString>>>::EndScope() Standard_Handle.hxx:392 (stress_patched:arm64+0x10131ee68)
    #15 opencascade::handle<NCollection_HSequence<opencascade::handle<TCollection_HAsciiString>>>::Nullify() Standard_Handle.hxx:91 (stress_patched:arm64+0x10131ee68)
    #16 Interface_Check::Clear() Interface_Check.cxx:478 (stress_patched:arm64+0x10131ee68)
    #17 IGESFile_Read(char*, opencascade::handle<IGESData_IGESModel> const&, opencascade::handle<IGESData_Protocol> const&, opencascade::handle<IGESData_FileRecognizer> const&, bool) IGESFile_Read.cxx:93 (stress_patched:arm64+0x10011ffc8)
    #18 IGESFile_Read(char*, opencascade::handle<IGESData_IGESModel> const&, opencascade::handle<IGESData_Protocol> const&) IGESFile_Read.cxx:63 (stress_patched:arm64+0x10011fe98)
    #19 IGESSelect_WorkLibrary::ReadFile(char const*, opencascade::handle<Interface_InterfaceModel>&, opencascade::handle<Interface_Protocol> const&) const IGESSelect_WorkLibrary.cxx:82 (stress_patched:arm64+0x10030abd4)
    #20 IFSelect_WorkSession::ReadFile(char const*) IFSelect_WorkSession.cxx:187 (stress_patched:arm64+0x1000084a8)
    #21 XSControl_Reader::ReadFile(char const*) XSControl_Reader.cxx:108 (stress_patched:arm64+0x1013dad58)
    #22 runIgesReadIndependent(int, int) occt_1157_stress.cpp:192 (stress_patched:arm64+0x1000025b0)
    #23 std::__1::__invoke_result_impl<void, void (*)(int, int), int, int>::type std::__1::__invoke[abi:nqe220106]<void (*)(int, int), int, int>(void (*&&)(int, int), int&&, int&&) invoke.h:90 (stress_patched:arm64+0x100006214)
    #24 void std::__1::__thread_execute[abi:nqe220106]<std::__1::unique_ptr<std::__1::__thread_struct, std::__1::default_delete<std::__1::__thread_struct>>, void (*)(int, int), int, int, 0ul, 1ul, 2ul>(std::__1::tuple<std::__1::unique_ptr<std::__1::__thread_struct, std::__1::default_delete<std::__1::__thread_struct>>, void (*)(int, int), int, int>&, std::__1::__integer_sequence<unsigned long, 0ul, 1ul, 2ul>) thread.h:161 (stress_patched:arm64+0x100006214)
    #25 void* std::__1::__thread_proxy[abi:nqe220106]<std::__1::tuple<std::__1::unique_ptr<std::__1::__thread_struct, std::__1::default_delete<std::__1::__thread_struct>>, void (*)(int, int), int, int>>(void*) thread.h:169 (stress_patched:arm64+0x100006214)

  Previous read of size 8 at 0x000110119150 by thread T2:
    #0 opencascade::handle<TCollection_HAsciiString>::operator->() const Standard_Handle.hxx:125 (stress_patched:arm64+0x101321450)
    #1 Interface_Check::CInfoMsg(int, bool) const Interface_Check.cxx:326 (stress_patched:arm64+0x101321450)
    #2 Interface_Check::Print(std::__1::basic_ostream<char, std::__1::char_traits<char>>&, int, int) const Interface_Check.cxx (stress_patched:arm64+0x101321450)
    #3 Interface_Check::Trace(int, int) const Interface_Check.cxx:871 (stress_patched:arm64+0x101321628)
    #4 IGESFile_Read(char*, opencascade::handle<IGESData_IGESModel> const&, opencascade::handle<IGESData_Protocol> const&, opencascade::handle<IGESData_FileRecognizer> const&, bool) IGESFile_Read.cxx:191 (stress_patched:arm64+0x1001207c8)
    #5 IGESFile_Read(char*, opencascade::handle<IGESData_IGESModel> const&, opencascade::handle<IGESData_Protocol> const&) IGESFile_Read.cxx:63 (stress_patched:arm64+0x10011fe98)
    #6 IGESSelect_WorkLibrary::ReadFile(char const*, opencascade::handle<Interface_InterfaceModel>&, opencascade::handle<Interface_Protocol> const&) const IGESSelect_WorkLibrary.cxx:82 (stress_patched:arm64+0x10030abd4)
    #7 IFSelect_WorkSession::ReadFile(char const*) IFSelect_WorkSession.cxx:187 (stress_patched:arm64+0x1000084a8)
    #8 XSControl_Reader::ReadFile(char const*) XSControl_Reader.cxx:108 (stress_patched:arm64+0x1013dad58)
    #9 runIgesReadIndependent(int, int) occt_1157_stress.cpp:192 (stress_patched:arm64+0x1000025b0)
    #10 std::__1::__invoke_result_impl<void, void (*)(int, int), int, int>::type std::__1::__invoke[abi:nqe220106]<void (*)(int, int), int, int>(void (*&&)(int, int), int&&, int&&) invoke.h:90 (stress_patched:arm64+0x100006214)
    #11 void std::__1::__thread_execute[abi:nqe220106]<std::__1::unique_ptr<std::__1::__thread_struct, std::__1::default_delete<std::__1::__thread_struct>>, void (*)(int, int), int, int, 0ul, 1ul, 2ul>(std::__1::tuple<std::__1::unique_ptr<std::__1::__thread_struct, std::__1::default_delete<std::__1::__thread_struct>>, void (*)(int, int), int, int>&, std::__1::__integer_sequence<unsigned long, 0ul, 1ul, 2ul>) thread.h:161 (stress_patched:arm64+0x100006214)
    #12 void* std::__1::__thread_proxy[abi:nqe220106]<std::__1::tuple<std::__1::unique_ptr<std::__1::__thread_struct, std::__1::default_delete<std::__1::__thread_struct>>, void (*)(int, int), int, int>>(void*) thread.h:169 (stress_patched:arm64+0x100006214)

  Location is heap block of size 24 at 0x000110119140 allocated by thread T2:
    #0 calloc <null> (libclang_rt.tsan_osx_dynamic.dylib:arm64e+0x67ff4)
    #1 Standard::Allocate(unsigned long) Standard.cxx:386 (stress_patched:arm64+0x1008dbec8)
    #2 NCollection_BaseAllocator::Allocate(unsigned long) NCollection_BaseAllocator.cxx:22 (stress_patched:arm64+0x1008fba6c)
    #3 NCollection_SeqNode::operator new(unsigned long, opencascade::handle<NCollection_BaseAllocator> const&) NCollection_BaseSequence.hxx:29 (stress_patched:arm64+0x10131e16c)
    #4 NCollection_Sequence<opencascade::handle<TCollection_HAsciiString>>::Append(opencascade::handle<TCollection_HAsciiString> const&) NCollection_Sequence.hxx:274 (stress_patched:arm64+0x10131e16c)
    #5 NCollection_HSequence<opencascade::handle<TCollection_HAsciiString>>::Append(opencascade::handle<TCollection_HAsciiString> const&) NCollection_HSequence.hxx:53 (stress_patched:arm64+0x10131e16c)
    #6 Interface_Check::SendMsg(Message_Msg const&) Interface_Check.cxx:299 (stress_patched:arm64+0x10131e16c)
    #7 IGESFile_Check(int, Message_Msg&) IGESFile_Read.cxx:328 (stress_patched:arm64+0x100120648)
    #8 IGESFile_Read(char*, opencascade::handle<IGESData_IGESModel> const&, opencascade::handle<IGESData_Protocol> const&, opencascade::handle<IGESData_FileRecognizer> const&, bool) IGESFile_Read.cxx:167 (stress_patched:arm64+0x100120648)
    #9 IGESFile_Read(char*, opencascade::handle<IGESData_IGESModel> const&, opencascade::handle<IGESData_Protocol> const&) IGESFile_Read.cxx:63 (stress_patched:arm64+0x10011fe98)
    #10 IGESSelect_WorkLibrary::ReadFile(char const*, opencascade::handle<Interface_InterfaceModel>&, opencascade::handle<Interface_Protocol> const&) const IGESSelect_WorkLibrary.cxx:82 (stress_patched:arm64+0x10030abd4)
    #11 IFSelect_WorkSession::ReadFile(char const*) IFSelect_WorkSession.cxx:187 (stress_patched:arm64+0x1000084a8)
    #12 XSControl_Reader::ReadFile(char const*) XSControl_Reader.cxx:108 (stress_patched:arm64+0x1013dad58)
    #13 runIgesReadIndependent(int, int) occt_1157_stress.cpp:192 (stress_patched:arm64+0x1000025b0)
    #14 std::__1::__invoke_result_impl<void, void (*)(int, int), int, int>::type std::__1::__invoke[abi:nqe220106]<void (*)(int, int), int, int>(void (*&&)(int, int), int&&, int&&) invoke.h:90 (stress_patched:arm64+0x100006214)
    #15 void std::__1::__thread_execute[abi:nqe220106]<std::__1::unique_ptr<std::__1::__thread_struct, std::__1::default_delete<std::__1::__thread_struct>>, void (*)(int, int), int, int, 0ul, 1ul, 2ul>(std::__1::tuple<std::__1::unique_ptr<std::__1::__thread_struct, std::__1::default_delete<std::__1::__thread_struct>>, void (*)(int, int), int, int>&, std::__1::__integer_sequence<unsigned long, 0ul, 1ul, 2ul>) thread.h:161 (stress_patched:arm64+0x100006214)
    #16 void* std::__1::__thread_proxy[abi:nqe220106]<std::__1::tuple<std::__1::unique_ptr<std::__1::__thread_struct, std::__1::default_delete<std::__1::__thread_struct>>, void (*)(int, int), int, int>>(void*) thread.h:169 (stress_patched:arm64+0x100006214)

  Thread T5 (tid=15144791, running) created by main thread at:
    #0 pthread_create <null> (libclang_rt.tsan_osx_dynamic.dylib:arm64e+0x33bac)
    #1 std::__1::__libcpp_thread_create[abi:nqe220106](_opaque_pthread_t**, void* (*)(void*), void*) pthread.h:182 (stress_patched:arm64+0x1000060dc)
    #2 std::__1::thread::thread[abi:nqe220106]<void (*&)(int, int), int&, int&, 0>(void (*&)(int, int), int&, int&) thread.h:221 (stress_patched:arm64+0x1000060dc)
    #3 std::__1::thread::thread[abi:nqe220106]<void (*&)(int, int), int&, int&, 0>(void (*&)(int, int), int&, int&) thread.h:212 (stress_patched:arm64+0x10000645c)
    #4 void std::__1::allocator<std::__1::thread>::construct[abi:nqe220106]<std::__1::thread, void (*&)(int, int), int&, int&>(std::__1::thread*, void (*&)(int, int), int&, int&) allocator.h:141 (stress_patched:arm64+0x10000645c)
    #5 void std::__1::allocator_traits<std::__1::allocator<std::__1::thread>>::construct[abi:nqe220106]<std::__1::thread, void (*&)(int, int), int&, int&, 0>(std::__1::allocator<std::__1::thread>&, std::__1::thread*, void (*&)(int, int), int&, int&) allocator_traits.h:296 (stress_patched:arm64+0x10000645c)
    #6 std::__1::thread* std::__1::vector<std::__1::thread, std::__1::allocator<std::__1::thread>>::__emplace_back_slow_path<void (*&)(int, int), int&, int&>(void (*&)(int, int), int&, int&) vector.h:1109 (stress_patched:arm64+0x10000645c)
    #7 std::__1::thread& std::__1::vector<std::__1::thread, std::__1::allocator<std::__1::thread>>::emplace_back<void (*&)(int, int), int&, int&>(void (*&)(int, int), int&, int&)::'lambda0'()::operator()() const vector.h:1149 (stress_patched:arm64+0x100003918)
    #8 void std::__1::__if_likely_else[abi:nqe220106]<std::__1::thread& std::__1::vector<std::__1::thread, std::__1::allocator<std::__1::thread>>::emplace_back<void (*&)(int, int), int&, int&>(void (*&)(int, int), int&, int&)::'lambda'(), std::__1::thread& std::__1::vector<std::__1::thread, std::__1::allocator<std::__1::thread>>::emplace_back<void (*&)(int, int), int&, int&>(void (*&)(int, int), int&, int&)::'lambda0'()>(bool, std::__1::thread& std::__1::vector<std::__1::thread, std::__1::allocator<std::__1::thread>>::emplace_back<void (*&)(int, int), int&, int&>(void (*&)(int, int), int&, int&)::'lambda'(), std::__1::thread& std::__1::vector<std::__1::thread, std::__1::allocator<std::__1::thread>>::emplace_back<void (*&)(int, int), int&, int&>(void (*&)(int, int), int&, int&)::'lambda0'()) vector.h:1129 (stress_patched:arm64+0x100003918)
    #9 std::__1::thread& std::__1::vector<std::__1::thread, std::__1::allocator<std::__1::thread>>::emplace_back<void (*&)(int, int), int&, int&>(void (*&)(int, int), int&, int&) vector.h:1143 (stress_patched:arm64+0x100003918)
    #10 runOne(char const*, int, int) occt_1157_stress.cpp:359 (stress_patched:arm64+0x100003918)
    #11 main occt_1157_stress.cpp:396 (stress_patched:arm64+0x100002de4)

  Thread T2 (tid=15144788, running) created by main thread at:
    #0 pthread_create <null> (libclang_rt.tsan_osx_dynamic.dylib:arm64e+0x33bac)
    #1 std::__1::__libcpp_thread_create[abi:nqe220106](_opaque_pthread_t**, void* (*)(void*), void*) pthread.h:182 (stress_patched:arm64+0x1000060dc)
    #2 std::__1::thread::thread[abi:nqe220106]<void (*&)(int, int), int&, int&, 0>(void (*&)(int, int), int&, int&) thread.h:221 (stress_patched:arm64+0x1000060dc)
    #3 std::__1::thread::thread[abi:nqe220106]<void (*&)(int, int), int&, int&, 0>(void (*&)(int, int), int&, int&) thread.h:212 (stress_patched:arm64+0x10000645c)
    #4 void std::__1::allocator<std::__1::thread>::construct[abi:nqe220106]<std::__1::thread, void (*&)(int, int), int&, int&>(std::__1::thread*, void (*&)(int, int), int&, int&) allocator.h:141 (stress_patched:arm64+0x10000645c)
    #5 void std::__1::allocator_traits<std::__1::allocator<std::__1::thread>>::construct[abi:nqe220106]<std::__1::thread, void (*&)(int, int), int&, int&, 0>(std::__1::allocator<std::__1::thread>&, std::__1::thread*, void (*&)(int, int), int&, int&) allocator_traits.h:296 (stress_patched:arm64+0x10000645c)
    #6 std::__1::thread* std::__1::vector<std::__1::thread, std::__1::allocator<std::__1::thread>>::__emplace_back_slow_path<void (*&)(int, int), int&, int&>(void (*&)(int, int), int&, int&) vector.h:1109 (stress_patched:arm64+0x10000645c)
    #7 std::__1::thread& std::__1::vector<std::__1::thread, std::__1::allocator<std::__1::thread>>::emplace_back<void (*&)(int, int), int&, int&>(void (*&)(int, int), int&, int&)::'lambda0'()::operator()() const vector.h:1149 (stress_patched:arm64+0x100003918)
    #8 void std::__1::__if_likely_else[abi:nqe220106]<std::__1::thread& std::__1::vector<std::__1::thread, std::__1::allocator<std::__1::thread>>::emplace_back<void (*&)(int, int), int&, int&>(void (*&)(int, int), int&, int&)::'lambda'(), std::__1::thread& std::__1::vector<std::__1::thread, std::__1::allocator<std::__1::thread>>::emplace_back<void (*&)(int, int), int&, int&>(void (*&)(int, int), int&, int&)::'lambda0'()>(bool, std::__1::thread& std::__1::vector<std::__1::thread, std::__1::allocator<std::__1::thread>>::emplace_back<void (*&)(int, int), int&, int&>(void (*&)(int, int), int&, int&)::'lambda'(), std::__1::thread& std::__1::vector<std::__1::thread, std::__1::allocator<std::__1::thread>>::emplace_back<void (*&)(int, int), int&, int&>(void (*&)(int, int), int&, int&)::'lambda0'()) vector.h:1129 (stress_patched:arm64+0x100003918)
    #9 std::__1::thread& std::__1::vector<std::__1::thread, std::__1::allocator<std::__1::thread>>::emplace_back<void (*&)(int, int), int&, int&>(void (*&)(int, int), int&, int&) vector.h:1143 (stress_patched:arm64+0x100003918)
    #10 runOne(char const*, int, int) occt_1157_stress.cpp:359 (stress_patched:arm64+0x100003918)
    #11 main occt_1157_stress.cpp:396 (stress_patched:arm64+0x100002de4)

SUMMARY: ThreadSanitizer: data race Standard_Handle.hxx:393 in opencascade::handle<TCollection_HAsciiString>::EndScope()
==================
==================
WARNING: ThreadSanitizer: data race (pid=16756)
  Write of size 4 at 0x000110902af0 by thread T2:
    #0 IGESToBRep_Actor::SetContinuity(int) IGESToBRep_Actor.cxx:104 (stress_patched:arm64+0x10030ef6c)
    #1 IGESControl_Controller::ActorRead(opencascade::handle<Interface_InterfaceModel> const&) const IGESControl_Controller.cxx:337 (stress_patched:arm64+0x10039e488)
    #2 XSControl_TransferReader::Actor() XSControl_TransferReader.cxx:71 (stress_patched:arm64+0x1013e51bc)
    #3 XSControl_TransferReader::BeginTransfer() XSControl_TransferReader.cxx:937 (stress_patched:arm64+0x1013e51bc)
    #4 XSControl_WorkSession::InitTransferReader(int) XSControl_WorkSession.cxx:376 (stress_patched:arm64+0x1013f567c)
    #5 XSControl_Reader::ReadFile(char const*) XSControl_Reader.cxx:109 (stress_patched:arm64+0x1013dad70)
    #6 runIgesReadIndependent(int, int) occt_1157_stress.cpp:192 (stress_patched:arm64+0x1000025b0)
    #7 std::__1::__invoke_result_impl<void, void (*)(int, int), int, int>::type std::__1::__invoke[abi:nqe220106]<void (*)(int, int), int, int>(void (*&&)(int, int), int&&, int&&) invoke.h:90 (stress_patched:arm64+0x100006214)
    #8 void std::__1::__thread_execute[abi:nqe220106]<std::__1::unique_ptr<std::__1::__thread_struct, std::__1::default_delete<std::__1::__thread_struct>>, void (*)(int, int), int, int, 0ul, 1ul, 2ul>(std::__1::tuple<std::__1::unique_ptr<std::__1::__thread_struct, std::__1::default_delete<std::__1::__thread_struct>>, void (*)(int, int), int, int>&, std::__1::__integer_sequence<unsigned long, 0ul, 1ul, 2ul>) thread.h:161 (stress_patched:arm64+0x100006214)
    #9 void* std::__1::__thread_proxy[abi:nqe220106]<std::__1::tuple<std::__1::unique_ptr<std::__1::__thread_struct, std::__1::default_delete<std::__1::__thread_struct>>, void (*)(int, int), int, int>>(void*) thread.h:169 (stress_patched:arm64+0x100006214)

  Previous write of size 4 at 0x000110902af0 by thread T4:
    #0 IGESToBRep_Actor::SetContinuity(int) IGESToBRep_Actor.cxx:104 (stress_patched:arm64+0x10030ef6c)
    #1 IGESControl_Controller::ActorRead(opencascade::handle<Interface_InterfaceModel> const&) const IGESControl_Controller.cxx:337 (stress_patched:arm64+0x10039e488)
    #2 IGESControl_Reader::NbRootsForTransfer() IGESControl_Reader.cxx:99 (stress_patched:arm64+0x1003a3300)
    #3 XSControl_Reader::TransferRoots(Message_ProgressRange const&) XSControl_Reader.cxx:275 (stress_patched:arm64+0x1013dc538)
    #4 runIgesReadIndependent(int, int) occt_1157_stress.cpp:199 (stress_patched:arm64+0x1000025d4)
    #5 std::__1::__invoke_result_impl<void, void (*)(int, int), int, int>::type std::__1::__invoke[abi:nqe220106]<void (*)(int, int), int, int>(void (*&&)(int, int), int&&, int&&) invoke.h:90 (stress_patched:arm64+0x100006214)
    #6 void std::__1::__thread_execute[abi:nqe220106]<std::__1::unique_ptr<std::__1::__thread_struct, std::__1::default_delete<std::__1::__thread_struct>>, void (*)(int, int), int, int, 0ul, 1ul, 2ul>(std::__1::tuple<std::__1::unique_ptr<std::__1::__thread_struct, std::__1::default_delete<std::__1::__thread_struct>>, void (*)(int, int), int, int>&, std::__1::__integer_sequence<unsigned long, 0ul, 1ul, 2ul>) thread.h:161 (stress_patched:arm64+0x100006214)
    #7 void* std::__1::__thread_proxy[abi:nqe220106]<std::__1::tuple<std::__1::unique_ptr<std::__1::__thread_struct, std::__1::default_delete<std::__1::__thread_struct>>, void (*)(int, int), int, int>>(void*) thread.h:169 (stress_patched:arm64+0x100006214)

  Location is heap block of size 128 at 0x000110902a80 allocated by main thread:
    #0 calloc <null> (libclang_rt.tsan_osx_dynamic.dylib:arm64e+0x67ff4)
    #1 Standard::Allocate(unsigned long) Standard.cxx:386 (stress_patched:arm64+0x1008dbec8)
    #2 Standard_Transient::operator new(unsigned long) Standard_Transient.hxx:47 (stress_patched:arm64+0x100399d78)
    #3 IGESControl_Controller::IGESControl_Controller(bool) IGESControl_Controller.cxx:143 (stress_patched:arm64+0x100399d78)
    #4 IGESControl_Controller::IGESControl_Controller(bool) IGESControl_Controller.cxx:75 (stress_patched:arm64+0x10039e680)
    #5 IGESControl_Controller::Init() IGESControl_Controller.cxx:364 (stress_patched:arm64+0x10039e680)
    #6 IGESControl_Writer::IGESControl_Writer(char const*, int) IGESControl_Writer.cxx:73 (stress_patched:arm64+0x1003a9218)
    #7 IGESControl_Writer::IGESControl_Writer(char const*, int) IGESControl_Writer.cxx:72 (stress_patched:arm64+0x1003a93e0)
    #8 writeFixtures() occt_1157_stress.cpp:323 (stress_patched:arm64+0x100003520)
    #9 runOne(char const*, int, int) occt_1157_stress.cpp:334 (stress_patched:arm64+0x100003520)
    #10 main occt_1157_stress.cpp:396 (stress_patched:arm64+0x100002de4)

  Thread T2 (tid=15144788, running) created by main thread at:
    #0 pthread_create <null> (libclang_rt.tsan_osx_dynamic.dylib:arm64e+0x33bac)
    #1 std::__1::__libcpp_thread_create[abi:nqe220106](_opaque_pthread_t**, void* (*)(void*), void*) pthread.h:182 (stress_patched:arm64+0x1000060dc)
    #2 std::__1::thread::thread[abi:nqe220106]<void (*&)(int, int), int&, int&, 0>(void (*&)(int, int), int&, int&) thread.h:221 (stress_patched:arm64+0x1000060dc)
    #3 std::__1::thread::thread[abi:nqe220106]<void (*&)(int, int), int&, int&, 0>(void (*&)(int, int), int&, int&) thread.h:212 (stress_patched:arm64+0x10000645c)
    #4 void std::__1::allocator<std::__1::thread>::construct[abi:nqe220106]<std::__1::thread, void (*&)(int, int), int&, int&>(std::__1::thread*, void (*&)(int, int), int&, int&) allocator.h:141 (stress_patched:arm64+0x10000645c)
    #5 void std::__1::allocator_traits<std::__1::allocator<std::__1::thread>>::construct[abi:nqe220106]<std::__1::thread, void (*&)(int, int), int&, int&, 0>(std::__1::allocator<std::__1::thread>&, std::__1::thread*, void (*&)(int, int), int&, int&) allocator_traits.h:296 (stress_patched:arm64+0x10000645c)
    #6 std::__1::thread* std::__1::vector<std::__1::thread, std::__1::allocator<std::__1::thread>>::__emplace_back_slow_path<void (*&)(int, int), int&, int&>(void (*&)(int, int), int&, int&) vector.h:1109 (stress_patched:arm64+0x10000645c)
    #7 std::__1::thread& std::__1::vector<std::__1::thread, std::__1::allocator<std::__1::thread>>::emplace_back<void (*&)(int, int), int&, int&>(void (*&)(int, int), int&, int&)::'lambda0'()::operator()() const vector.h:1149 (stress_patched:arm64+0x100003918)
    #8 void std::__1::__if_likely_else[abi:nqe220106]<std::__1::thread& std::__1::vector<std::__1::thread, std::__1::allocator<std::__1::thread>>::emplace_back<void (*&)(int, int), int&, int&>(void (*&)(int, int), int&, int&)::'lambda'(), std::__1::thread& std::__1::vector<std::__1::thread, std::__1::allocator<std::__1::thread>>::emplace_back<void (*&)(int, int), int&, int&>(void (*&)(int, int), int&, int&)::'lambda0'()>(bool, std::__1::thread& std::__1::vector<std::__1::thread, std::__1::allocator<std::__1::thread>>::emplace_back<void (*&)(int, int), int&, int&>(void (*&)(int, int), int&, int&)::'lambda'(), std::__1::thread& std::__1::vector<std::__1::thread, std::__1::allocator<std::__1::thread>>::emplace_back<void (*&)(int, int), int&, int&>(void (*&)(int, int), int&, int&)::'lambda0'()) vector.h:1129 (stress_patched:arm64+0x100003918)
    #9 std::__1::thread& std::__1::vector<std::__1::thread, std::__1::allocator<std::__1::thread>>::emplace_back<void (*&)(int, int), int&, int&>(void (*&)(int, int), int&, int&) vector.h:1143 (stress_patched:arm64+0x100003918)
    #10 runOne(char const*, int, int) occt_1157_stress.cpp:359 (stress_patched:arm64+0x100003918)
    #11 main occt_1157_stress.cpp:396 (stress_patched:arm64+0x100002de4)

  Thread T4 (tid=15144790, running) created by main thread at:
    #0 pthread_create <null> (libclang_rt.tsan_osx_dynamic.dylib:arm64e+0x33bac)
    #1 std::__1::__libcpp_thread_create[abi:nqe220106](_opaque_pthread_t**, void* (*)(void*), void*) pthread.h:182 (stress_patched:arm64+0x1000060dc)
    #2 std::__1::thread::thread[abi:nqe220106]<void (*&)(int, int), int&, int&, 0>(void (*&)(int, int), int&, int&) thread.h:221 (stress_patched:arm64+0x1000060dc)
    #3 std::__1::thread::thread[abi:nqe220106]<void (*&)(int, int), int&, int&, 0>(void (*&)(int, int), int&, int&) thread.h:212 (stress_patched:arm64+0x1000038c8)
    #4 void std::__1::allocator<std::__1::thread>::construct[abi:nqe220106]<std::__1::thread, void (*&)(int, int), int&, int&>(std::__1::thread*, void (*&)(int, int), int&, int&) allocator.h:141 (stress_patched:arm64+0x1000038c8)
    #5 void std::__1::allocator_traits<std::__1::allocator<std::__1::thread>>::construct[abi:nqe220106]<std::__1::thread, void (*&)(int, int), int&, int&, 0>(std::__1::allocator<std::__1::thread>&, std::__1::thread*, void (*&)(int, int), int&, int&) allocator_traits.h:296 (stress_patched:arm64+0x1000038c8)
    #6 void std::__1::vector<std::__1::thread, std::__1::allocator<std::__1::thread>>::__emplace_back_assume_capacity[abi:nqe220106]<void (*&)(int, int), int&, int&>(void (*&)(int, int), int&, int&) vector.h:483 (stress_patched:arm64+0x1000038c8)
    #7 std::__1::thread& std::__1::vector<std::__1::thread, std::__1::allocator<std::__1::thread>>::emplace_back<void (*&)(int, int), int&, int&>(void (*&)(int, int), int&, int&)::'lambda'()::operator()() const vector.h:1146 (stress_patched:arm64+0x1000038c8)
    #8 void std::__1::__if_likely_else[abi:nqe220106]<std::__1::thread& std::__1::vector<std::__1::thread, std::__1::allocator<std::__1::thread>>::emplace_back<void (*&)(int, int), int&, int&>(void (*&)(int, int), int&, int&)::'lambda'(), std::__1::thread& std::__1::vector<std::__1::thread, std::__1::allocator<std::__1::thread>>::emplace_back<void (*&)(int, int), int&, int&>(void (*&)(int, int), int&, int&)::'lambda0'()>(bool, std::__1::thread& std::__1::vector<std::__1::thread, std::__1::allocator<std::__1::thread>>::emplace_back<void (*&)(int, int), int&, int&>(void (*&)(int, int), int&, int&)::'lambda'(), std::__1::thread& std::__1::vector<std::__1::thread, std::__1::allocator<std::__1::thread>>::emplace_back<void (*&)(int, int), int&, int&>(void (*&)(int, int), int&, int&)::'lambda0'()) vector.h:1127 (stress_patched:arm64+0x1000038c8)
    #9 std::__1::thread& std::__1::vector<std::__1::thread, std::__1::allocator<std::__1::thread>>::emplace_back<void (*&)(int, int), int&, int&>(void (*&)(int, int), int&, int&) vector.h:1143 (stress_patched:arm64+0x1000038c8)
    #10 runOne(char const*, int, int) occt_1157_stress.cpp:359 (stress_patched:arm64+0x1000038c8)
    #11 main occt_1157_stress.cpp:396 (stress_patched:arm64+0x100002de4)

SUMMARY: ThreadSanitizer: data race IGESToBRep_Actor.cxx:104 in IGESToBRep_Actor::SetContinuity(int)
==================
==================
WARNING: ThreadSanitizer: data race (pid=16756)
  Write of size 8 at 0x0001112015c0 by thread T5:
    #0 opencascade::handle<NCollection_HSequence<opencascade::handle<TCollection_HAsciiString>>>::EndScope() Standard_Handle.hxx:393 (stress_patched:arm64+0x10131ee70)
    #1 opencascade::handle<NCollection_HSequence<opencascade::handle<TCollection_HAsciiString>>>::Nullify() Standard_Handle.hxx:91 (stress_patched:arm64+0x10131ee70)
    #2 Interface_Check::Clear() Interface_Check.cxx:478 (stress_patched:arm64+0x10131ee70)
    #3 IGESFile_Read(char*, opencascade::handle<IGESData_IGESModel> const&, opencascade::handle<IGESData_Protocol> const&, opencascade::handle<IGESData_FileRecognizer> const&, bool) IGESFile_Read.cxx:93 (stress_patched:arm64+0x10011ffc8)
    #4 IGESFile_Read(char*, opencascade::handle<IGESData_IGESModel> const&, opencascade::handle<IGESData_Protocol> const&) IGESFile_Read.cxx:63 (stress_patched:arm64+0x10011fe98)
    #5 IGESSelect_WorkLibrary::ReadFile(char const*, opencascade::handle<Interface_InterfaceModel>&, opencascade::handle<Interface_Protocol> const&) const IGESSelect_WorkLibrary.cxx:82 (stress_patched:arm64+0x10030abd4)
    #6 IFSelect_WorkSession::ReadFile(char const*) IFSelect_WorkSession.cxx:187 (stress_patched:arm64+0x1000084a8)
    #7 XSControl_Reader::ReadFile(char const*) XSControl_Reader.cxx:108 (stress_patched:arm64+0x1013dad58)
    #8 runIgesReadIndependent(int, int) occt_1157_stress.cpp:192 (stress_patched:arm64+0x1000025b0)
    #9 std::__1::__invoke_result_impl<void, void (*)(int, int), int, int>::type std::__1::__invoke[abi:nqe220106]<void (*)(int, int), int, int>(void (*&&)(int, int), int&&, int&&) invoke.h:90 (stress_patched:arm64+0x100006214)
    #10 void std::__1::__thread_execute[abi:nqe220106]<std::__1::unique_ptr<std::__1::__thread_struct, std::__1::default_delete<std::__1::__thread_struct>>, void (*)(int, int), int, int, 0ul, 1ul, 2ul>(std::__1::tuple<std::__1::unique_ptr<std::__1::__thread_struct, std::__1::default_delete<std::__1::__thread_struct>>, void (*)(int, int), int, int>&, std::__1::__integer_sequence<unsigned long, 0ul, 1ul, 2ul>) thread.h:161 (stress_patched:arm64+0x100006214)
    #11 void* std::__1::__thread_proxy[abi:nqe220106]<std::__1::tuple<std::__1::unique_ptr<std::__1::__thread_struct, std::__1::default_delete<std::__1::__thread_struct>>, void (*)(int, int), int, int>>(void*) thread.h:169 (stress_patched:arm64+0x100006214)

  Previous read of size 8 at 0x0001112015c0 by thread T2:
    #0 opencascade::handle<NCollection_HSequence<opencascade::handle<TCollection_HAsciiString>>>::IsNull() const Standard_Handle.hxx:94 (stress_patched:arm64+0x1013213dc)
    #1 Interface_Check::NbInfoMsgs() const Interface_Check.cxx:307 (stress_patched:arm64+0x1013213dc)
    #2 Interface_Check::Print(std::__1::basic_ostream<char, std::__1::char_traits<char>>&, int, int) const Interface_Check.cxx:845 (stress_patched:arm64+0x1013213dc)
    #3 Interface_Check::Trace(int, int) const Interface_Check.cxx:871 (stress_patched:arm64+0x101321628)
    #4 IGESFile_Read(char*, opencascade::handle<IGESData_IGESModel> const&, opencascade::handle<IGESData_Protocol> const&, opencascade::handle<IGESData_FileRecognizer> const&, bool) IGESFile_Read.cxx:191 (stress_patched:arm64+0x1001207c8)
    #5 IGESFile_Read(char*, opencascade::handle<IGESData_IGESModel> const&, opencascade::handle<IGESData_Protocol> const&) IGESFile_Read.cxx:63 (stress_patched:arm64+0x10011fe98)
    #6 IGESSelect_WorkLibrary::ReadFile(char const*, opencascade::handle<Interface_InterfaceModel>&, opencascade::handle<Interface_Protocol> const&) const IGESSelect_WorkLibrary.cxx:82 (stress_patched:arm64+0x10030abd4)
    #7 IFSelect_WorkSession::ReadFile(char const*) IFSelect_WorkSession.cxx:187 (stress_patched:arm64+0x1000084a8)
    #8 XSControl_Reader::ReadFile(char const*) XSControl_Reader.cxx:108 (stress_patched:arm64+0x1013dad58)
    #9 runIgesReadIndependent(int, int) occt_1157_stress.cpp:192 (stress_patched:arm64+0x1000025b0)
    #10 std::__1::__invoke_result_impl<void, void (*)(int, int), int, int>::type std::__1::__invoke[abi:nqe220106]<void (*)(int, int), int, int>(void (*&&)(int, int), int&&, int&&) invoke.h:90 (stress_patched:arm64+0x100006214)
    #11 void std::__1::__thread_execute[abi:nqe220106]<std::__1::unique_ptr<std::__1::__thread_struct, std::__1::default_delete<std::__1::__thread_struct>>, void (*)(int, int), int, int, 0ul, 1ul, 2ul>(std::__1::tuple<std::__1::unique_ptr<std::__1::__thread_struct, std::__1::default_delete<std::__1::__thread_struct>>, void (*)(int, int), int, int>&, std::__1::__integer_sequence<unsigned long, 0ul, 1ul, 2ul>) thread.h:161 (stress_patched:arm64+0x100006214)
    #12 void* std::__1::__thread_proxy[abi:nqe220106]<std::__1::tuple<std::__1::unique_ptr<std::__1::__thread_struct, std::__1::default_delete<std::__1::__thread_struct>>, void (*)(int, int), int, int>>(void*) thread.h:169 (stress_patched:arm64+0x100006214)

  Location is heap block of size 72 at 0x000111201590 allocated by thread T1:
    #0 calloc <null> (libclang_rt.tsan_osx_dynamic.dylib:arm64e+0x67ff4)
    #1 Standard::Allocate(unsigned long) Standard.cxx:386 (stress_patched:arm64+0x1008dbec8)
    #2 Standard_Transient::operator new(unsigned long) Standard_Transient.hxx:47 (stress_patched:arm64+0x100120e70)
    #3 checkread() IGESFile_Read.cxx:43 (stress_patched:arm64+0x100120e70)
    #4 IGESFile_Check(int, Message_Msg&) IGESFile_Read.cxx (stress_patched:arm64+0x10011ff98)
    #5 IGESFile_Read(char*, opencascade::handle<IGESData_IGESModel> const&, opencascade::handle<IGESData_Protocol> const&, opencascade::handle<IGESData_FileRecognizer> const&, bool) IGESFile_Read.cxx:91 (stress_patched:arm64+0x10011ff98)
    #6 IGESFile_Read(char*, opencascade::handle<IGESData_IGESModel> const&, opencascade::handle<IGESData_Protocol> const&) IGESFile_Read.cxx:63 (stress_patched:arm64+0x10011fe98)
    #7 IGESSelect_WorkLibrary::ReadFile(char const*, opencascade::handle<Interface_InterfaceModel>&, opencascade::handle<Interface_Protocol> const&) const IGESSelect_WorkLibrary.cxx:82 (stress_patched:arm64+0x10030abd4)
    #8 IFSelect_WorkSession::ReadFile(char const*) IFSelect_WorkSession.cxx:187 (stress_patched:arm64+0x1000084a8)
    #9 XSControl_Reader::ReadFile(char const*) XSControl_Reader.cxx:108 (stress_patched:arm64+0x1013dad58)
    #10 runIgesReadIndependent(int, int) occt_1157_stress.cpp:192 (stress_patched:arm64+0x1000025b0)
    #11 std::__1::__invoke_result_impl<void, void (*)(int, int), int, int>::type std::__1::__invoke[abi:nqe220106]<void (*)(int, int), int, int>(void (*&&)(int, int), int&&, int&&) invoke.h:90 (stress_patched:arm64+0x100006214)
    #12 void std::__1::__thread_execute[abi:nqe220106]<std::__1::unique_ptr<std::__1::__thread_struct, std::__1::default_delete<std::__1::__thread_struct>>, void (*)(int, int), int, int, 0ul, 1ul, 2ul>(std::__1::tuple<std::__1::unique_ptr<std::__1::__thread_struct, std::__1::default_delete<std::__1::__thread_struct>>, void (*)(int, int), int, int>&, std::__1::__integer_sequence<unsigned long, 0ul, 1ul, 2ul>) thread.h:161 (stress_patched:arm64+0x100006214)
    #13 void* std::__1::__thread_proxy[abi:nqe220106]<std::__1::tuple<std::__1::unique_ptr<std::__1::__thread_struct, std::__1::default_delete<std::__1::__thread_struct>>, void (*)(int, int), int, int>>(void*) thread.h:169 (stress_patched:arm64+0x100006214)

  Thread T5 (tid=15144791, running) created by main thread at:
    #0 pthread_create <null> (libclang_rt.tsan_osx_dynamic.dylib:arm64e+0x33bac)
    #1 std::__1::__libcpp_thread_create[abi:nqe220106](_opaque_pthread_t**, void* (*)(void*), void*) pthread.h:182 (stress_patched:arm64+0x1000060dc)
    #2 std::__1::thread::thread[abi:nqe220106]<void (*&)(int, int), int&, int&, 0>(void (*&)(int, int), int&, int&) thread.h:221 (stress_patched:arm64+0x1000060dc)
    #3 std::__1::thread::thread[abi:nqe220106]<void (*&)(int, int), int&, int&, 0>(void (*&)(int, int), int&, int&) thread.h:212 (stress_patched:arm64+0x10000645c)
    #4 void std::__1::allocator<std::__1::thread>::construct[abi:nqe220106]<std::__1::thread, void (*&)(int, int), int&, int&>(std::__1::thread*, void (*&)(int, int), int&, int&) allocator.h:141 (stress_patched:arm64+0x10000645c)
    #5 void std::__1::allocator_traits<std::__1::allocator<std::__1::thread>>::construct[abi:nqe220106]<std::__1::thread, void (*&)(int, int), int&, int&, 0>(std::__1::allocator<std::__1::thread>&, std::__1::thread*, void (*&)(int, int), int&, int&) allocator_traits.h:296 (stress_patched:arm64+0x10000645c)
    #6 std::__1::thread* std::__1::vector<std::__1::thread, std::__1::allocator<std::__1::thread>>::__emplace_back_slow_path<void (*&)(int, int), int&, int&>(void (*&)(int, int), int&, int&) vector.h:1109 (stress_patched:arm64+0x10000645c)
    #7 std::__1::thread& std::__1::vector<std::__1::thread, std::__1::allocator<std::__1::thread>>::emplace_back<void (*&)(int, int), int&, int&>(void (*&)(int, int), int&, int&)::'lambda0'()::operator()() const vector.h:1149 (stress_patched:arm64+0x100003918)
    #8 void std::__1::__if_likely_else[abi:nqe220106]<std::__1::thread& std::__1::vector<std::__1::thread, std::__1::allocator<std::__1::thread>>::emplace_back<void (*&)(int, int), int&, int&>(void (*&)(int, int), int&, int&)::'lambda'(), std::__1::thread& std::__1::vector<std::__1::thread, std::__1::allocator<std::__1::thread>>::emplace_back<void (*&)(int, int), int&, int&>(void (*&)(int, int), int&, int&)::'lambda0'()>(bool, std::__1::thread& std::__1::vector<std::__1::thread, std::__1::allocator<std::__1::thread>>::emplace_back<void (*&)(int, int), int&, int&>(void (*&)(int, int), int&, int&)::'lambda'(), std::__1::thread& std::__1::vector<std::__1::thread, std::__1::allocator<std::__1::thread>>::emplace_back<void (*&)(int, int), int&, int&>(void (*&)(int, int), int&, int&)::'lambda0'()) vector.h:1129 (stress_patched:arm64+0x100003918)
    #9 std::__1::thread& std::__1::vector<std::__1::thread, std::__1::allocator<std::__1::thread>>::emplace_back<void (*&)(int, int), int&, int&>(void (*&)(int, int), int&, int&) vector.h:1143 (stress_patched:arm64+0x100003918)
    #10 runOne(char const*, int, int) occt_1157_stress.cpp:359 (stress_patched:arm64+0x100003918)
    #11 main occt_1157_stress.cpp:396 (stress_patched:arm64+0x100002de4)

  Thread T2 (tid=15144788, running) created by main thread at:
    #0 pthread_create <null> (libclang_rt.tsan_osx_dynamic.dylib:arm64e+0x33bac)
    #1 std::__1::__libcpp_thread_create[abi:nqe220106](_opaque_pthread_t**, void* (*)(void*), void*) pthread.h:182 (stress_patched:arm64+0x1000060dc)
    #2 std::__1::thread::thread[abi:nqe220106]<void (*&)(int, int), int&, int&, 0>(void (*&)(int, int), int&, int&) thread.h:221 (stress_patched:arm64+0x1000060dc)
    #3 std::__1::thread::thread[abi:nqe220106]<void (*&)(int, int), int&, int&, 0>(void (*&)(int, int), int&, int&) thread.h:212 (stress_patched:arm64+0x10000645c)
    #4 void std::__1::allocator<std::__1::thread>::construct[abi:nqe220106]<std::__1::thread, void (*&)(int, int), int&, int&>(std::__1::thread*, void (*&)(int, int), int&, int&) allocator.h:141 (stress_patched:arm64+0x10000645c)
    #5 void std::__1::allocator_traits<std::__1::allocator<std::__1::thread>>::construct[abi:nqe220106]<std::__1::thread, void (*&)(int, int), int&, int&, 0>(std::__1::allocator<std::__1::thread>&, std::__1::thread*, void (*&)(int, int), int&, int&) allocator_traits.h:296 (stress_patched:arm64+0x10000645c)
    #6 std::__1::thread* std::__1::vector<std::__1::thread, std::__1::allocator<std::__1::thread>>::__emplace_back_slow_path<void (*&)(int, int), int&, int&>(void (*&)(int, int), int&, int&) vector.h:1109 (stress_patched:arm64+0x10000645c)
    #7 std::__1::thread& std::__1::vector<std::__1::thread, std::__1::allocator<std::__1::thread>>::emplace_back<void (*&)(int, int), int&, int&>(void (*&)(int, int), int&, int&)::'lambda0'()::operator()() const vector.h:1149 (stress_patched:arm64+0x100003918)
    #8 void std::__1::__if_likely_else[abi:nqe220106]<std::__1::thread& std::__1::vector<std::__1::thread, std::__1::allocator<std::__1::thread>>::emplace_back<void (*&)(int, int), int&, int&>(void (*&)(int, int), int&, int&)::'lambda'(), std::__1::thread& std::__1::vector<std::__1::thread, std::__1::allocator<std::__1::thread>>::emplace_back<void (*&)(int, int), int&, int&>(void (*&)(int, int), int&, int&)::'lambda0'()>(bool, std::__1::thread& std::__1::vector<std::__1::thread, std::__1::allocator<std::__1::thread>>::emplace_back<void (*&)(int, int), int&, int&>(void (*&)(int, int), int&, int&)::'lambda'(), std::__1::thread& std::__1::vector<std::__1::thread, std::__1::allocator<std::__1::thread>>::emplace_back<void (*&)(int, int), int&, int&>(void (*&)(int, int), int&, int&)::'lambda0'()) vector.h:1129 (stress_patched:arm64+0x100003918)
    #9 std::__1::thread& std::__1::vector<std::__1::thread, std::__1::allocator<std::__1::thread>>::emplace_back<void (*&)(int, int), int&, int&>(void (*&)(int, int), int&, int&) vector.h:1143 (stress_patched:arm64+0x100003918)
    #10 runOne(char const*, int, int) occt_1157_stress.cpp:359 (stress_patched:arm64+0x100003918)
    #11 main occt_1157_stress.cpp:396 (stress_patched:arm64+0x100002de4)

  Thread T1 (tid=15144787, running) created by main thread at:
    #0 pthread_create <null> (libclang_rt.tsan_osx_dynamic.dylib:arm64e+0x33bac)
    #1 std::__1::__libcpp_thread_create[abi:nqe220106](_opaque_pthread_t**, void* (*)(void*), void*) pthread.h:182 (stress_patched:arm64+0x1000060dc)
    #2 std::__1::thread::thread[abi:nqe220106]<void (*&)(int, int), int&, int&, 0>(void (*&)(int, int), int&, int&) thread.h:221 (stress_patched:arm64+0x1000060dc)
    #3 std::__1::thread::thread[abi:nqe220106]<void (*&)(int, int), int&, int&, 0>(void (*&)(int, int), int&, int&) thread.h:212 (stress_patched:arm64+0x10000645c)
    #4 void std::__1::allocator<std::__1::thread>::construct[abi:nqe220106]<std::__1::thread, void (*&)(int, int), int&, int&>(std::__1::thread*, void (*&)(int, int), int&, int&) allocator.h:141 (stress_patched:arm64+0x10000645c)
    #5 void std::__1::allocator_traits<std::__1::allocator<std::__1::thread>>::construct[abi:nqe220106]<std::__1::thread, void (*&)(int, int), int&, int&, 0>(std::__1::allocator<std::__1::thread>&, std::__1::thread*, void (*&)(int, int), int&, int&) allocator_traits.h:296 (stress_patched:arm64+0x10000645c)
    #6 std::__1::thread* std::__1::vector<std::__1::thread, std::__1::allocator<std::__1::thread>>::__emplace_back_slow_path<void (*&)(int, int), int&, int&>(void (*&)(int, int), int&, int&) vector.h:1109 (stress_patched:arm64+0x10000645c)
    #7 std::__1::thread& std::__1::vector<std::__1::thread, std::__1::allocator<std::__1::thread>>::emplace_back<void (*&)(int, int), int&, int&>(void (*&)(int, int), int&, int&)::'lambda0'()::operator()() const vector.h:1149 (stress_patched:arm64+0x100003918)
    #8 void std::__1::__if_likely_else[abi:nqe220106]<std::__1::thread& std::__1::vector<std::__1::thread, std::__1::allocator<std::__1::thread>>::emplace_back<void (*&)(int, int), int&, int&>(void (*&)(int, int), int&, int&)::'lambda'(), std::__1::thread& std::__1::vector<std::__1::thread, std::__1::allocator<std::__1::thread>>::emplace_back<void (*&)(int, int), int&, int&>(void (*&)(int, int), int&, int&)::'lambda0'()>(bool, std::__1::thread& std::__1::vector<std::__1::thread, std::__1::allocator<std::__1::thread>>::emplace_back<void (*&)(int, int), int&, int&>(void (*&)(int, int), int&, int&)::'lambda'(), std::__1::thread& std::__1::vector<std::__1::thread, std::__1::allocator<std::__1::thread>>::emplace_back<void (*&)(int, int), int&, int&>(void (*&)(int, int), int&, int&)::'lambda0'()) vector.h:1129 (stress_patched:arm64+0x100003918)
    #9 std::__1::thread& std::__1::vector<std::__1::thread, std::__1::allocator<std::__1::thread>>::emplace_back<void (*&)(int, int), int&, int&>(void (*&)(int, int), int&, int&) vector.h:1143 (stress_patched:arm64+0x100003918)
    #10 runOne(char const*, int, int) occt_1157_stress.cpp:359 (stress_patched:arm64+0x100003918)
    #11 main occt_1157_stress.cpp:396 (stress_patched:arm64+0x100002de4)

SUMMARY: ThreadSanitizer: data race Standard_Handle.hxx:393 in opencascade::handle<NCollection_HSequence<opencascade::handle<TCollection_HAsciiString>>>::EndScope()
==================
==================
WARNING: ThreadSanitizer: data race (pid=16756)
  Read of size 8 at 0x000111205b98 by thread T6:
    #0 opencascade::handle<NCollection_BaseAllocator>::operator->() const Standard_Handle.hxx:125 (stress_patched:arm64+0x10131e14c)
    #1 NCollection_SeqNode::operator new(unsigned long, opencascade::handle<NCollection_BaseAllocator> const&) NCollection_BaseSequence.hxx:29 (stress_patched:arm64+0x10131e14c)
    #2 NCollection_Sequence<opencascade::handle<TCollection_HAsciiString>>::Append(opencascade::handle<TCollection_HAsciiString> const&) NCollection_Sequence.hxx:274 (stress_patched:arm64+0x10131e14c)
    #3 NCollection_HSequence<opencascade::handle<TCollection_HAsciiString>>::Append(opencascade::handle<TCollection_HAsciiString> const&) NCollection_HSequence.hxx:53 (stress_patched:arm64+0x10131e14c)
    #4 Interface_Check::SendMsg(Message_Msg const&) Interface_Check.cxx:299 (stress_patched:arm64+0x10131e14c)
    #5 IGESFile_Check(int, Message_Msg&) IGESFile_Read.cxx:328 (stress_patched:arm64+0x10011ffb4)
    #6 IGESFile_Read(char*, opencascade::handle<IGESData_IGESModel> const&, opencascade::handle<IGESData_Protocol> const&, opencascade::handle<IGESData_FileRecognizer> const&, bool) IGESFile_Read.cxx:91 (stress_patched:arm64+0x10011ffb4)
    #7 IGESFile_Read(char*, opencascade::handle<IGESData_IGESModel> const&, opencascade::handle<IGESData_Protocol> const&) IGESFile_Read.cxx:63 (stress_patched:arm64+0x10011fe98)
    #8 IGESSelect_WorkLibrary::ReadFile(char const*, opencascade::handle<Interface_InterfaceModel>&, opencascade::handle<Interface_Protocol> const&) const IGESSelect_WorkLibrary.cxx:82 (stress_patched:arm64+0x10030abd4)
    #9 IFSelect_WorkSession::ReadFile(char const*) IFSelect_WorkSession.cxx:187 (stress_patched:arm64+0x1000084a8)
    #10 XSControl_Reader::ReadFile(char const*) XSControl_Reader.cxx:108 (stress_patched:arm64+0x1013dad58)
    #11 runIgesReadIndependent(int, int) occt_1157_stress.cpp:192 (stress_patched:arm64+0x1000025b0)
    #12 std::__1::__invoke_result_impl<void, void (*)(int, int), int, int>::type std::__1::__invoke[abi:nqe220106]<void (*)(int, int), int, int>(void (*&&)(int, int), int&&, int&&) invoke.h:90 (stress_patched:arm64+0x100006214)
    #13 void std::__1::__thread_execute[abi:nqe220106]<std::__1::unique_ptr<std::__1::__thread_struct, std::__1::default_delete<std::__1::__thread_struct>>, void (*)(int, int), int, int, 0ul, 1ul, 2ul>(std::__1::tuple<std::__1::unique_ptr<std::__1::__thread_struct, std::__1::default_delete<std::__1::__thread_struct>>, void (*)(int, int), int, int>&, std::__1::__integer_sequence<unsigned long, 0ul, 1ul, 2ul>) thread.h:161 (stress_patched:arm64+0x100006214)
    #14 void* std::__1::__thread_proxy[abi:nqe220106]<std::__1::tuple<std::__1::unique_ptr<std::__1::__thread_struct, std::__1::default_delete<std::__1::__thread_struct>>, void (*)(int, int), int, int>>(void*) thread.h:169 (stress_patched:arm64+0x100006214)

  Previous write of size 8 at 0x000111205b98 by thread T5:
    #0 opencascade::handle<NCollection_BaseAllocator>::EndScope() Standard_Handle.hxx:393 (stress_patched:arm64+0x100024ddc)
    #1 opencascade::handle<NCollection_BaseAllocator>::~handle() Standard_Handle.hxx:88 (stress_patched:arm64+0x100024ddc)
    #2 opencascade::handle<NCollection_BaseAllocator>::~handle() Standard_Handle.hxx:88 (stress_patched:arm64+0x100024ddc)
    #3 NCollection_BaseSequence::~NCollection_BaseSequence() NCollection_BaseSequence.hxx:131 (stress_patched:arm64+0x100024ddc)
    #4 NCollection_Sequence<opencascade::handle<TCollection_HAsciiString>>::~NCollection_Sequence() NCollection_Sequence.hxx:622 (stress_patched:arm64+0x100024ddc)
    #5 NCollection_HSequence<opencascade::handle<TCollection_HAsciiString>>::~NCollection_HSequence() NCollection_HSequence.hxx:25 (stress_patched:arm64+0x100024ddc)
    #6 NCollection_HSequence<opencascade::handle<TCollection_HAsciiString>>::~NCollection_HSequence() NCollection_HSequence.hxx:25 (stress_patched:arm64+0x100024ddc)
    #7 NCollection_HSequence<opencascade::handle<TCollection_HAsciiString>>::~NCollection_HSequence() NCollection_HSequence.hxx:25 (stress_patched:arm64+0x100024ddc)
    #8 non-virtual thunk to NCollection_HSequence<opencascade::handle<TCollection_HAsciiString>>::~NCollection_HSequence() NCollection_HSequence.hxx (stress_patched:arm64+0x100024ddc)
    #9 Standard_Transient::Delete() const Standard_Transient.hxx:134 (stress_patched:arm64+0x1000235fc)
    #10 opencascade::handle<NCollection_HSequence<opencascade::handle<TCollection_HAsciiString>>>::EndScope() Standard_Handle.hxx:392 (stress_patched:arm64+0x10131ee68)
    #11 opencascade::handle<NCollection_HSequence<opencascade::handle<TCollection_HAsciiString>>>::Nullify() Standard_Handle.hxx:91 (stress_patched:arm64+0x10131ee68)
    #12 Interface_Check::Clear() Interface_Check.cxx:478 (stress_patched:arm64+0x10131ee68)
    #13 IGESFile_Read(char*, opencascade::handle<IGESData_IGESModel> const&, opencascade::handle<IGESData_Protocol> const&, opencascade::handle<IGESData_FileRecognizer> const&, bool) IGESFile_Read.cxx:93 (stress_patched:arm64+0x10011ffc8)
    #14 IGESFile_Read(char*, opencascade::handle<IGESData_IGESModel> const&, opencascade::handle<IGESData_Protocol> const&) IGESFile_Read.cxx:63 (stress_patched:arm64+0x10011fe98)
    #15 IGESSelect_WorkLibrary::ReadFile(char const*, opencascade::handle<Interface_InterfaceModel>&, opencascade::handle<Interface_Protocol> const&) const IGESSelect_WorkLibrary.cxx:82 (stress_patched:arm64+0x10030abd4)
    #16 IFSelect_WorkSession::ReadFile(char const*) IFSelect_WorkSession.cxx:187 (stress_patched:arm64+0x1000084a8)
    #17 XSControl_Reader::ReadFile(char const*) XSControl_Reader.cxx:108 (stress_patched:arm64+0x1013dad58)
    #18 runIgesReadIndependent(int, int) occt_1157_stress.cpp:192 (stress_patched:arm64+0x1000025b0)
    #19 std::__1::__invoke_result_impl<void, void (*)(int, int), int, int>::type std::__1::__invoke[abi:nqe220106]<void (*)(int, int), int, int>(void (*&&)(int, int), int&&, int&&) invoke.h:90 (stress_patched:arm64+0x100006214)
    #20 void std::__1::__thread_execute[abi:nqe220106]<std::__1::unique_ptr<std::__1::__thread_struct, std::__1::default_delete<std::__1::__thread_struct>>, void (*)(int, int), int, int, 0ul, 1ul, 2ul>(std::__1::tuple<std::__1::unique_ptr<std::__1::__thread_struct, std::__1::default_delete<std::__1::__thread_struct>>, void (*)(int, int), int, int>&, std::__1::__integer_sequence<unsigned long, 0ul, 1ul, 2ul>) thread.h:161 (stress_patched:arm64+0x100006214)
    #21 void* std::__1::__thread_proxy[abi:nqe220106]<std::__1::tuple<std::__1::unique_ptr<std::__1::__thread_struct, std::__1::default_delete<std::__1::__thread_struct>>, void (*)(int, int), int, int>>(void*) thread.h:169 (stress_patched:arm64+0x100006214)

  Thread T6 (tid=15144792, running) created by main thread at:
    #0 pthread_create <null> (libclang_rt.tsan_osx_dynamic.dylib:arm64e+0x33bac)
    #1 std::__1::__libcpp_thread_create[abi:nqe220106](_opaque_pthread_t**, void* (*)(void*), void*) pthread.h:182 (stress_patched:arm64+0x1000060dc)
    #2 std::__1::thread::thread[abi:nqe220106]<void (*&)(int, int), int&, int&, 0>(void (*&)(int, int), int&, int&) thread.h:221 (stress_patched:arm64+0x1000060dc)
    #3 std::__1::thread::thread[abi:nqe220106]<void (*&)(int, int), int&, int&, 0>(void (*&)(int, int), int&, int&) thread.h:212 (stress_patched:arm64+0x1000038c8)
    #4 void std::__1::allocator<std::__1::thread>::construct[abi:nqe220106]<std::__1::thread, void (*&)(int, int), int&, int&>(std::__1::thread*, void (*&)(int, int), int&, int&) allocator.h:141 (stress_patched:arm64+0x1000038c8)
    #5 void std::__1::allocator_traits<std::__1::allocator<std::__1::thread>>::construct[abi:nqe220106]<std::__1::thread, void (*&)(int, int), int&, int&, 0>(std::__1::allocator<std::__1::thread>&, std::__1::thread*, void (*&)(int, int), int&, int&) allocator_traits.h:296 (stress_patched:arm64+0x1000038c8)
    #6 void std::__1::vector<std::__1::thread, std::__1::allocator<std::__1::thread>>::__emplace_back_assume_capacity[abi:nqe220106]<void (*&)(int, int), int&, int&>(void (*&)(int, int), int&, int&) vector.h:483 (stress_patched:arm64+0x1000038c8)
    #7 std::__1::thread& std::__1::vector<std::__1::thread, std::__1::allocator<std::__1::thread>>::emplace_back<void (*&)(int, int), int&, int&>(void (*&)(int, int), int&, int&)::'lambda'()::operator()() const vector.h:1146 (stress_patched:arm64+0x1000038c8)
    #8 void std::__1::__if_likely_else[abi:nqe220106]<std::__1::thread& std::__1::vector<std::__1::thread, std::__1::allocator<std::__1::thread>>::emplace_back<void (*&)(int, int), int&, int&>(void (*&)(int, int), int&, int&)::'lambda'(), std::__1::thread& std::__1::vector<std::__1::thread, std::__1::allocator<std::__1::thread>>::emplace_back<void (*&)(int, int), int&, int&>(void (*&)(int, int), int&, int&)::'lambda0'()>(bool, std::__1::thread& std::__1::vector<std::__1::thread, std::__1::allocator<std::__1::thread>>::emplace_back<void (*&)(int, int), int&, int&>(void (*&)(int, int), int&, int&)::'lambda'(), std::__1::thread& std::__1::vector<std::__1::thread, std::__1::allocator<std::__1::thread>>::emplace_back<void (*&)(int, int), int&, int&>(void (*&)(int, int), int&, int&)::'lambda0'()) vector.h:1127 (stress_patched:arm64+0x1000038c8)
    #9 std::__1::thread& std::__1::vector<std::__1::thread, std::__1::allocator<std::__1::thread>>::emplace_back<void (*&)(int, int), int&, int&>(void (*&)(int, int), int&, int&) vector.h:1143 (stress_patched:arm64+0x1000038c8)
    #10 runOne(char const*, int, int) occt_1157_stress.cpp:359 (stress_patched:arm64+0x1000038c8)
    #11 main occt_1157_stress.cpp:396 (stress_patched:arm64+0x100002de4)

  Thread T5 (tid=15144791, running) created by main thread at:
    #0 pthread_create <null> (libclang_rt.tsan_osx_dynamic.dylib:arm64e+0x33bac)
    #1 std::__1::__libcpp_thread_create[abi:nqe220106](_opaque_pthread_t**, void* (*)(void*), void*) pthread.h:182 (stress_patched:arm64+0x1000060dc)
    #2 std::__1::thread::thread[abi:nqe220106]<void (*&)(int, int), int&, int&, 0>(void (*&)(int, int), int&, int&) thread.h:221 (stress_patched:arm64+0x1000060dc)
    #3 std::__1::thread::thread[abi:nqe220106]<void (*&)(int, int), int&, int&, 0>(void (*&)(int, int), int&, int&) thread.h:212 (stress_patched:arm64+0x10000645c)
    #4 void std::__1::allocator<std::__1::thread>::construct[abi:nqe220106]<std::__1::thread, void (*&)(int, int), int&, int&>(std::__1::thread*, void (*&)(int, int), int&, int&) allocator.h:141 (stress_patched:arm64+0x10000645c)
    #5 void std::__1::allocator_traits<std::__1::allocator<std::__1::thread>>::construct[abi:nqe220106]<std::__1::thread, void (*&)(int, int), int&, int&, 0>(std::__1::allocator<std::__1::thread>&, std::__1::thread*, void (*&)(int, int), int&, int&) allocator_traits.h:296 (stress_patched:arm64+0x10000645c)
    #6 std::__1::thread* std::__1::vector<std::__1::thread, std::__1::allocator<std::__1::thread>>::__emplace_back_slow_path<void (*&)(int, int), int&, int&>(void (*&)(int, int), int&, int&) vector.h:1109 (stress_patched:arm64+0x10000645c)
    #7 std::__1::thread& std::__1::vector<std::__1::thread, std::__1::allocator<std::__1::thread>>::emplace_back<void (*&)(int, int), int&, int&>(void (*&)(int, int), int&, int&)::'lambda0'()::operator()() const vector.h:1149 (stress_patched:arm64+0x100003918)
    #8 void std::__1::__if_likely_else[abi:nqe220106]<std::__1::thread& std::__1::vector<std::__1::thread, std::__1::allocator<std::__1::thread>>::emplace_back<void (*&)(int, int), int&, int&>(void (*&)(int, int), int&, int&)::'lambda'(), std::__1::thread& std::__1::vector<std::__1::thread, std::__1::allocator<std::__1::thread>>::emplace_back<void (*&)(int, int), int&, int&>(void (*&)(int, int), int&, int&)::'lambda0'()>(bool, std::__1::thread& std::__1::vector<std::__1::thread, std::__1::allocator<std::__1::thread>>::emplace_back<void (*&)(int, int), int&, int&>(void (*&)(int, int), int&, int&)::'lambda'(), std::__1::thread& std::__1::vector<std::__1::thread, std::__1::allocator<std::__1::thread>>::emplace_back<void (*&)(int, int), int&, int&>(void (*&)(int, int), int&, int&)::'lambda0'()) vector.h:1129 (stress_patched:arm64+0x100003918)
    #9 std::__1::thread& std::__1::vector<std::__1::thread, std::__1::allocator<std::__1::thread>>::emplace_back<void (*&)(int, int), int&, int&>(void (*&)(int, int), int&, int&) vector.h:1143 (stress_patched:arm64+0x100003918)
    #10 runOne(char const*, int, int) occt_1157_stress.cpp:359 (stress_patched:arm64+0x100003918)
    #11 main occt_1157_stress.cpp:396 (stress_patched:arm64+0x100002de4)

SUMMARY: ThreadSanitizer: data race Standard_Handle.hxx:125 in opencascade::handle<NCollection_BaseAllocator>::operator->() const
==================
ThreadSanitizer:DEADLYSIGNAL
==================
WARNING: ThreadSanitizer: data race (pid=16756)
  Write of size 8 at 0x000110124df0 by thread T5:
    #0 TCollection_AsciiString::deallocate() TCollection_AsciiString.cxx:1474 (stress_patched:arm64+0x1008ec254)
    #1 TCollection_AsciiString::~TCollection_AsciiString() TCollection_AsciiString.cxx:583 (stress_patched:arm64+0x1008ec254)
    #2 TCollection_AsciiString::~TCollection_AsciiString() TCollection_AsciiString.cxx:582 (stress_patched:arm64+0x1008ec254)
    #3 TCollection_HAsciiString::~TCollection_HAsciiString() TCollection_HAsciiString.hxx:38 (stress_patched:arm64+0x1008f9eb0)
    #4 TCollection_HAsciiString::~TCollection_HAsciiString() TCollection_HAsciiString.hxx:38 (stress_patched:arm64+0x1008f9eb0)
    #5 TCollection_HAsciiString::~TCollection_HAsciiString() TCollection_HAsciiString.hxx:38 (stress_patched:arm64+0x1008f9eb0)
    #6 Standard_Transient::Delete() const Standard_Transient.hxx:134 (stress_patched:arm64+0x1000235fc)
    #7 opencascade::handle<TCollection_HAsciiString>::EndScope() Standard_Handle.hxx:392 (stress_patched:arm64+0x10002507c)
    #8 opencascade::handle<TCollection_HAsciiString>::~handle() Standard_Handle.hxx:88 (stress_patched:arm64+0x10002507c)
    #9 opencascade::handle<TCollection_HAsciiString>::~handle() Standard_Handle.hxx:88 (stress_patched:arm64+0x10002507c)
    #10 NCollection_Sequence<opencascade::handle<TCollection_HAsciiString>>::Node::~Node() NCollection_Sequence.hxx:39 (stress_patched:arm64+0x10002507c)
    #11 NCollection_Sequence<opencascade::handle<TCollection_HAsciiString>>::Node::~Node() NCollection_Sequence.hxx:39 (stress_patched:arm64+0x10002507c)
    #12 NCollection_Sequence<opencascade::handle<TCollection_HAsciiString>>::delNode(NCollection_SeqNode*, opencascade::handle<NCollection_BaseAllocator>&) NCollection_Sequence.hxx:199 (stress_patched:arm64+0x10002507c)
    #13 NCollection_BaseSequence::ClearSeq(void (*)(NCollection_SeqNode*, opencascade::handle<NCollection_BaseAllocator>&)) NCollection_BaseSequence.cxx:35 (stress_patched:arm64+0x1008fcd14)
    #14 NCollection_Sequence<opencascade::handle<TCollection_HAsciiString>>::Clear(opencascade::handle<NCollection_BaseAllocator> const&) NCollection_Sequence.hxx:206 (stress_patched:arm64+0x100024d60)
    #15 NCollection_Sequence<opencascade::handle<TCollection_HAsciiString>>::~NCollection_Sequence() NCollection_Sequence.hxx:622 (stress_patched:arm64+0x100024d60)
    #16 NCollection_HSequence<opencascade::handle<TCollection_HAsciiString>>::~NCollection_HSequence() NCollection_HSequence.hxx:25 (stress_patched:arm64+0x100024d60)
    #17 NCollection_HSequence<opencascade::handle<TCollection_HAsciiString>>::~NCollection_HSequence() NCollection_HSequence.hxx:25 (stress_patched:arm64+0x100024d60)
    #18 NCollection_HSequence<opencascade::handle<TCollection_HAsciiString>>::~NCollection_HSequence() NCollection_HSequence.hxx:25 (stress_patched:arm64+0x100024d60)
    #19 non-virtual thunk to NCollection_HSequence<opencascade::handle<TCollection_HAsciiString>>::~NCollection_HSequence() NCollection_HSequence.hxx (stress_patched:arm64+0x100024d60)
    #20 Standard_Transient::Delete() const Standard_Transient.hxx:134 (stress_patched:arm64+0x1000235fc)
    #21 opencascade::handle<NCollection_HSequence<opencascade::handle<TCollection_HAsciiString>>>::EndScope() Standard_Handle.hxx:392 (stress_patched:arm64+0x10131eec8)
    #22 opencascade::handle<NCollection_HSequence<opencascade::handle<TCollection_HAsciiString>>>::Nullify() Standard_Handle.hxx:91 (stress_patched:arm64+0x10131eec8)
    #23 Interface_Check::Clear() Interface_Check.cxx:479 (stress_patched:arm64+0x10131eec8)
    #24 IGESFile_Read(char*, opencascade::handle<IGESData_IGESModel> const&, opencascade::handle<IGESData_Protocol> const&, opencascade::handle<IGESData_FileRecognizer> const&, bool) IGESFile_Read.cxx:93 (stress_patched:arm64+0x10011ffc8)
    #25 IGESFile_Read(char*, opencascade::handle<IGESData_IGESModel> const&, opencascade::handle<IGESData_Protocol> const&) IGESFile_Read.cxx:63 (stress_patched:arm64+0x10011fe98)
    #26 IGESSelect_WorkLibrary::ReadFile(char const*, opencascade::handle<Interface_InterfaceModel>&, opencascade::handle<Interface_Protocol> const&) const IGESSelect_WorkLibrary.cxx:82 (stress_patched:arm64+0x10030abd4)
    #27 IFSelect_WorkSession::ReadFile(char const*) IFSelect_WorkSession.cxx:187 (stress_patched:arm64+0x1000084a8)
    #28 XSControl_Reader::ReadFile(char const*) XSControl_Reader.cxx:108 (stress_patched:arm64+0x1013dad58)
    #29 runIgesReadIndependent(int, int) occt_1157_stress.cpp:192 (stress_patched:arm64+0x1000025b0)
    #30 std::__1::__invoke_result_impl<void, void (*)(int, int), int, int>::type std::__1::__invoke[abi:nqe220106]<void (*)(int, int), int, int>(void (*&&)(int, int), int&&, int&&) invoke.h:90 (stress_patched:arm64+0x100006214)
    #31 void std::__1::__thread_execute[abi:nqe220106]<std::__1::unique_ptr<std::__1::__thread_struct, std::__1::default_delete<std::__1::__thread_struct>>, void (*)(int, int), int, int, 0ul, 1ul, 2ul>(std::__1::tuple<std::__1::unique_ptr<std::__1::__thread_struct, std::__1::default_delete<std::__1::__thread_struct>>, void (*)(int, int), int, int>&, std::__1::__integer_sequence<unsigned long, 0ul, 1ul, 2ul>) thread.h:161 (stress_patched:arm64+0x100006214)
    #32 void* std::__1::__thread_proxy[abi:nqe220106]<std::__1::tuple<std::__1::unique_ptr<std::__1::__thread_struct, std::__1::default_delete<std::__1::__thread_struct>>, void (*)(int, int), int, int>>(void*) thread.h:169 (stress_patched:arm64+0x100006214)

  Previous read of size 8 at 0x000110124df0 by thread T2:
    #0 TCollection_AsciiString::ToCString() const TCollection_AsciiString.hxx:1309 (stress_patched:arm64+0x10132145c)
    #1 TCollection_HAsciiString::ToCString() const TCollection_HAsciiString.lxx:46 (stress_patched:arm64+0x10132145c)
    #2 Interface_Check::CInfoMsg(int, bool) const Interface_Check.cxx:326 (stress_patched:arm64+0x10132145c)
    #3 Interface_Check::Print(std::__1::basic_ostream<char, std::__1::char_traits<char>>&, int, int) const Interface_Check.cxx (stress_patched:arm64+0x10132145c)
    #4 Interface_Check::Trace(int, int) const Interface_Check.cxx:871 (stress_patched:arm64+0x101321628)
    #5 IGESFile_Read(char*, opencascade::handle<IGESData_IGESModel> const&, opencascade::handle<IGESData_Protocol> const&, opencascade::handle<IGESData_FileRecognizer> const&, bool) IGESFile_Read.cxx:191 (stress_patched:arm64+0x1001207c8)
    #6 IGESFile_Read(char*, opencascade::handle<IGESData_IGESModel> const&, opencascade::handle<IGESData_Protocol> const&) IGESFile_Read.cxx:63 (stress_patched:arm64+0x10011fe98)
    #7 IGESSelect_WorkLibrary::ReadFile(char const*, opencascade::handle<Interface_InterfaceModel>&, opencascade::handle<Interface_Protocol> const&) const IGESSelect_WorkLibrary.cxx:82 (stress_patched:arm64+0x10030abd4)
    #8 IFSelect_WorkSession::ReadFile(char const*) IFSelect_WorkSession.cxx:187 (stress_patched:arm64+0x1000084a8)
    #9 XSControl_Reader::ReadFile(char const*) XSControl_Reader.cxx:108 (stress_patched:arm64+0x1013dad58)
    #10 runIgesReadIndependent(int, int) occt_1157_stress.cpp:192 (stress_patched:arm64+0x1000025b0)
    #11 std::__1::__invoke_result_impl<void, void (*)(int, int), int, int>::type std::__1::__invoke[abi:nqe220106]<void (*)(int, int), int, int>(void (*&&)(int, int), int&&, int&&) invoke.h:90 (stress_patched:arm64+0x100006214)
    #12 void std::__1::__thread_execute[abi:nqe220106]<std::__1::unique_ptr<std::__1::__thread_struct, std::__1::default_delete<std::__1::__thread_struct>>, void (*)(int, int), int, int, 0ul, 1ul, 2ul>(std::__1::tuple<std::__1::unique_ptr<std::__1::__thread_struct, std::__1::default_delete<std::__1::__thread_struct>>, void (*)(int, int), int, int>&, std::__1::__integer_sequence<unsigned long, 0ul, 1ul, 2ul>) thread.h:161 (stress_patched:arm64+0x100006214)
    #13 void* std::__1::__thread_proxy[abi:nqe220106]<std::__1::tuple<std::__1::unique_ptr<std::__1::__thread_struct, std::__1::default_delete<std::__1::__thread_struct>>, void (*)(int, int), int, int>>(void*) thread.h:169 (stress_patched:arm64+0x100006214)

  Location is heap block of size 32 at 0x000110124de0 allocated by thread T2:
    #0 calloc <null> (libclang_rt.tsan_osx_dynamic.dylib:arm64e+0x67ff4)
    #1 Standard::Allocate(unsigned long) Standard.cxx:386 (stress_patched:arm64+0x1008dbec8)
    #2 Standard_Transient::operator new(unsigned long) Standard_Transient.hxx:47 (stress_patched:arm64+0x10131ddec)
    #3 Interface_Check::SendMsg(Message_Msg const&) Interface_Check.cxx:284 (stress_patched:arm64+0x10131ddec)
    #4 IGESFile_Check(int, Message_Msg&) IGESFile_Read.cxx:328 (stress_patched:arm64+0x100120648)
    #5 IGESFile_Read(char*, opencascade::handle<IGESData_IGESModel> const&, opencascade::handle<IGESData_Protocol> const&, opencascade::handle<IGESData_FileRecognizer> const&, bool) IGESFile_Read.cxx:167 (stress_patched:arm64+0x100120648)
    #6 IGESFile_Read(char*, opencascade::handle<IGESData_IGESModel> const&, opencascade::handle<IGESData_Protocol> const&) IGESFile_Read.cxx:63 (stress_patched:arm64+0x10011fe98)
    #7 IGESSelect_WorkLibrary::ReadFile(char const*, opencascade::handle<Interface_InterfaceModel>&, opencascade::handle<Interface_Protocol> const&) const IGESSelect_WorkLibrary.cxx:82 (stress_patched:arm64+0x10030abd4)
    #8 IFSelect_WorkSession::ReadFile(char const*) IFSelect_WorkSession.cxx:187 (stress_patched:arm64+0x1000084a8)
    #9 XSControl_Reader::ReadFile(char const*) XSControl_Reader.cxx:108 (stress_patched:arm64+0x1013dad58)
    #10 runIgesReadIndependent(int, int) occt_1157_stress.cpp:192 (stress_patched:arm64+0x1000025b0)
    #11 std::__1::__invoke_result_impl<void, void (*)(int, int), int, int>::type std::__1::__invoke[abi:nqe220106]<void (*)(int, int), int, int>(void (*&&)(int, int), int&&, int&&) invoke.h:90 (stress_patched:arm64+0x100006214)
    #12 void std::__1::__thread_execute[abi:nqe220106]<std::__1::unique_ptr<std::__1::__thread_struct, std::__1::default_delete<std::__1::__thread_struct>>, void (*)(int, int), int, int, 0ul, 1ul, 2ul>(std::__1::tuple<std::__1::unique_ptr<std::__1::__thread_struct, std::__1::default_delete<std::__1::__thread_struct>>, void (*)(int, int), int, int>&, std::__1::__integer_sequence<unsigned long, 0ul, 1ul, 2ul>) thread.h:161 (stress_patched:arm64+0x100006214)
    #13 void* std::__1::__thread_proxy[abi:nqe220106]<std::__1::tuple<std::__1::unique_ptr<std::__1::__thread_struct, std::__1::default_delete<std::__1::__thread_struct>>, void (*)(int, int), int, int>>(void*) thread.h:169 (stress_patched:arm64+0x100006214)

  Thread T5 (tid=15144791, running) created by main thread at:
    #0 pthread_create <null> (libclang_rt.tsan_osx_dynamic.dylib:arm64e+0x33bac)
    #1 std::__1::__libcpp_thread_create[abi:nqe220106](_opaque_pthread_t**, void* (*)(void*), void*) pthread.h:182 (stress_patched:arm64+0x1000060dc)
    #2 std::__1::thread::thread[abi:nqe220106]<void (*&)(int, int), int&, int&, 0>(void (*&)(int, int), int&, int&) thread.h:221 (stress_patched:arm64+0x1000060dc)
    #3 std::__1::thread::thread[abi:nqe220106]<void (*&)(int, int), int&, int&, 0>(void (*&)(int, int), int&, int&) thread.h:212 (stress_patched:arm64+0x10000645c)
    #4 void std::__1::allocator<std::__1::thread>::construct[abi:nqe220106]<std::__1::thread, void (*&)(int, int), int&, int&>(std::__1::thread*, void (*&)(int, int), int&, int&) allocator.h:141 (stress_patched:arm64+0x10000645c)
    #5 void std::__1::allocator_traits<std::__1::allocator<std::__1::thread>>::construct[abi:nqe220106]<std::__1::thread, void (*&)(int, int), int&, int&, 0>(std::__1::allocator<std::__1::thread>&, std::__1::thread*, void (*&)(int, int), int&, int&) allocator_traits.h:296 (stress_patched:arm64+0x10000645c)
    #6 std::__1::thread* std::__1::vector<std::__1::thread, std::__1::allocator<std::__1::thread>>::__emplace_back_slow_path<void (*&)(int, int), int&, int&>(void (*&)(int, int), int&, int&) vector.h:1109 (stress_patched:arm64+0x10000645c)
    #7 std::__1::thread& std::__1::vector<std::__1::thread, std::__1::allocator<std::__1::thread>>::emplace_back<void (*&)(int, int), int&, int&>(void (*&)(int, int), int&, int&)::'lambda0'()::operator()() const vector.h:1149 (stress_patched:arm64+0x100003918)
    #8 void std::__1::__if_likely_else[abi:nqe220106]<std::__1::thread& std::__1::vector<std::__1::thread, std::__1::allocator<std::__1::thread>>::emplace_back<void (*&)(int, int), int&, int&>(void (*&)(int, int), int&, int&)::'lambda'(), std::__1::thread& std::__1::vector<std::__1::thread, std::__1::allocator<std::__1::thread>>::emplace_back<void (*&)(int, int), int&, int&>(void (*&)(int, int), int&, int&)::'lambda0'()>(bool, std::__1::thread& std::__1::vector<std::__1::thread, std::__1::allocator<std::__1::thread>>::emplace_back<void (*&)(int, int), int&, int&>(void (*&)(int, int), int&, int&)::'lambda'(), std::__1::thread& std::__1::vector<std::__1::thread, std::__1::allocator<std::__1::thread>>::emplace_back<void (*&)(int, int), int&, int&>(void (*&)(int, int), int&, int&)::'lambda0'()) vector.h:1129 (stress_patched:arm64+0x100003918)
    #9 std::__1::thread& std::__1::vector<std::__1::thread, std::__1::allocator<std::__1::thread>>::emplace_back<void (*&)(int, int), int&, int&>(void (*&)(int, int), int&, int&) vector.h:1143 (stress_patched:arm64+0x100003918)
    #10 runOne(char const*, int, int) occt_1157_stress.cpp:359 (stress_patched:arm64+0x100003918)
    #11 main occt_1157_stress.cpp:396 (stress_patched:arm64+0x100002de4)

  Thread T2 (tid=15144788, running) created by main thread at:
    #0 pthread_create <null> (libclang_rt.tsan_osx_dynamic.dylib:arm64e+0x33bac)
    #1 std::__1::__libcpp_thread_create[abi:nqe220106](_opaque_pthread_t**, void* (*)(void*), void*) pthread.h:182 (stress_patched:arm64+0x1000060dc)
    #2 std::__1::thread::thread[abi:nqe220106]<void (*&)(int, int), int&, int&, 0>(void (*&)(int, int), int&, int&) thread.h:221 (stress_patched:arm64+0x1000060dc)
    #3 std::__1::thread::thread[abi:nqe220106]<void (*&)(int, int), int&, int&, 0>(void (*&)(int, int), int&, int&) thread.h:212 (stress_patched:arm64+0x10000645c)
    #4 void std::__1::allocator<std::__1::thread>::construct[abi:nqe220106]<std::__1::thread, void (*&)(int, int), int&, int&>(std::__1::thread*, void (*&)(int, int), int&, int&) allocator.h:141 (stress_patched:arm64+0x10000645c)
    #5 void std::__1::allocator_traits<std::__1::allocator<std::__1::thread>>::construct[abi:nqe220106]<std::__1::thread, void (*&)(int, int), int&, int&, 0>(std::__1::allocator<std::__1::thread>&, std::__1::thread*, void (*&)(int, int), int&, int&) allocator_traits.h:296 (stress_patched:arm64+0x10000645c)
    #6 std::__1::thread* std::__1::vector<std::__1::thread, std::__1::allocator<std::__1::thread>>::__emplace_back_slow_path<void (*&)(int, int), int&, int&>(void (*&)(int, int), int&, int&) vector.h:1109 (stress_patched:arm64+0x10000645c)
    #7 std::__1::thread& std::__1::vector<std::__1::thread, std::__1::allocator<std::__1::thread>>::emplace_back<void (*&)(int, int), int&, int&>(void (*&)(int, int), int&, int&)::'lambda0'()::operator()() const vector.h:1149 (stress_patched:arm64+0x100003918)
    #8 void std::__1::__if_likely_else[abi:nqe220106]<std::__1::thread& std::__1::vector<std::__1::thread, std::__1::allocator<std::__1::thread>>::emplace_back<void (*&)(int, int), int&, int&>(void (*&)(int, int), int&, int&)::'lambda'(), std::__1::thread& std::__1::vector<std::__1::thread, std::__1::allocator<std::__1::thread>>::emplace_back<void (*&)(int, int), int&, int&>(void (*&)(int, int), int&, int&)::'lambda0'()>(bool, std::__1::thread& std::__1::vector<std::__1::thread, std::__1::allocator<std::__1::thread>>::emplace_back<void (*&)(int, int), int&, int&>(void (*&)(int, int), int&, int&)::'lambda'(), std::__1::thread& std::__1::vector<std::__1::thread, std::__1::allocator<std::__1::thread>>::emplace_back<void (*&)(int, int), int&, int&>(void (*&)(int, int), int&, int&)::'lambda0'()) vector.h:1129 (stress_patched:arm64+0x100003918)
    #9 std::__1::thread& std::__1::vector<std::__1::thread, std::__1::allocator<std::__1::thread>>::emplace_back<void (*&)(int, int), int&, int&>(void (*&)(int, int), int&, int&) vector.h:1143 (stress_patched:arm64+0x100003918)
    #10 runOne(char const*, int, int) occt_1157_stress.cpp:359 (stress_patched:arm64+0x100003918)
    #11 main occt_1157_stress.cpp:396 (stress_patched:arm64+0x100002de4)

SUMMARY: ThreadSanitizer: data race TCollection_AsciiString.cxx:1474 in TCollection_AsciiString::deallocate()
==================
==16756==ERROR: ThreadSanitizer: SEGV on unknown address 0x000000000000 (pc 0x000105b3215c bp 0x00016b9ba740 sp 0x00016b9ba6f0 T15144792)
==16756==The signal is caused by a READ memory access.
==16756==Hint: address points to the zero page.
    #0 NCollection_SeqNode::operator new(unsigned long, opencascade::handle<NCollection_BaseAllocator> const&) NCollection_BaseSequence.hxx:29 (stress_patched:arm64+0x10131e15c)
    #1 NCollection_Sequence<opencascade::handle<TCollection_HAsciiString>>::Append(opencascade::handle<TCollection_HAsciiString> const&) NCollection_Sequence.hxx:274 (stress_patched:arm64+0x10131e15c)
    #2 NCollection_HSequence<opencascade::handle<TCollection_HAsciiString>>::Append(opencascade::handle<TCollection_HAsciiString> const&) NCollection_HSequence.hxx:53 (stress_patched:arm64+0x10131e15c)
    #3 Interface_Check::SendMsg(Message_Msg const&) Interface_Check.cxx:299 (stress_patched:arm64+0x10131e15c)
    #4 IGESFile_Check(int, Message_Msg&) IGESFile_Read.cxx:328 (stress_patched:arm64+0x10011ffb4)
    #5 IGESFile_Read(char*, opencascade::handle<IGESData_IGESModel> const&, opencascade::handle<IGESData_Protocol> const&, opencascade::handle<IGESData_FileRecognizer> const&, bool) IGESFile_Read.cxx:91 (stress_patched:arm64+0x10011ffb4)
    #6 IGESFile_Read(char*, opencascade::handle<IGESData_IGESModel> const&, opencascade::handle<IGESData_Protocol> const&) IGESFile_Read.cxx:63 (stress_patched:arm64+0x10011fe98)
    #7 IGESSelect_WorkLibrary::ReadFile(char const*, opencascade::handle<Interface_InterfaceModel>&, opencascade::handle<Interface_Protocol> const&) const IGESSelect_WorkLibrary.cxx:82 (stress_patched:arm64+0x10030abd4)
    #8 IFSelect_WorkSession::ReadFile(char const*) IFSelect_WorkSession.cxx:187 (stress_patched:arm64+0x1000084a8)
    #9 XSControl_Reader::ReadFile(char const*) XSControl_Reader.cxx:108 (stress_patched:arm64+0x1013dad58)
    #10 runIgesReadIndependent(int, int) occt_1157_stress.cpp:192 (stress_patched:arm64+0x1000025b0)
    #11 std::__1::__invoke_result_impl<void, void (*)(int, int), int, int>::type std::__1::__invoke[abi:nqe220106]<void (*)(int, int), int, int>(void (*&&)(int, int), int&&, int&&) invoke.h:90 (stress_patched:arm64+0x100006214)
    #12 void std::__1::__thread_execute[abi:nqe220106]<std::__1::unique_ptr<std::__1::__thread_struct, std::__1::default_delete<std::__1::__thread_struct>>, void (*)(int, int), int, int, 0ul, 1ul, 2ul>(std::__1::tuple<std::__1::unique_ptr<std::__1::__thread_struct, std::__1::default_delete<std::__1::__thread_struct>>, void (*)(int, int), int, int>&, std::__1::__integer_sequence<unsigned long, 0ul, 1ul, 2ul>) thread.h:161 (stress_patched:arm64+0x100006214)
    #13 void* std::__1::__thread_proxy[abi:nqe220106]<std::__1::tuple<std::__1::unique_ptr<std::__1::__thread_struct, std::__1::default_delete<std::__1::__thread_struct>>, void (*)(int, int), int, int>>(void*) thread.h:169 (stress_patched:arm64+0x100006214)
    #14 __tsan_thread_start_func <null> (libclang_rt.tsan_osx_dynamic.dylib:arm64e+0x33b18)
    #15 _pthread_start <null> (libsystem_pthread.dylib:arm64e+0x6cfc)
    #16 thread_start <null> (libsystem_pthread.dylib:arm64e+0x1ce8)

==16756==Register values:
 x[0] = 0x000000010a1fc000   x[1] = 0x0000100000000000   x[2] = 0x0000000044ff08ff   x[3] = 0x000000010a8073f0  
 x[4] = 0x0000000063000000   x[5] = 0x0000000000000000   x[6] = 0x0000000000000000   x[7] = 0x0000000000000000  
 x[8] = 0x000000000008019b   x[9] = 0x0000000004ff08ff  x[10] = 0x0000000004ff0800  x[11] = 0x0000000114066700  
x[12] = 0x0000100000000000  x[13] = 0x0000000000000000  x[14] = 0x0000000000000000  x[15] = 0x0000000000000073  
x[16] = 0x000000018b940d5c  x[17] = 0x00000001078c1a98  x[18] = 0x0000000000000000  x[19] = 0x0000000111201590  
x[20] = 0x0000000000000000  x[21] = 0x0000000111205bc8  x[22] = 0x0000000000000026  x[23] = 0x000000010645ef20  
x[24] = 0x0000000000000005  x[25] = 0x00000001064bde40  x[26] = 0x0000000000000000  x[27] = 0x0000000000000000  
x[28] = 0x000000016b9baad8     fp = 0x000000016b9ba740     lr = 0x0000000105b3215c     sp = 0x000000016b9ba6f0  
ThreadSanitizer can not provide additional info.
SUMMARY: ThreadSanitizer: SEGV NCollection_BaseSequence.hxx:29 in NCollection_SeqNode::operator new(unsigned long, opencascade::handle<NCollection_BaseAllocator> const&)
==16756==ABORTING
[32;1m
*******************************************************************
******        Statistics on Transfer (Write)                 ******

*******************************************************************
******        Transfer Mode = 0  I.E.  As Is       ******
[0m
[32;1m******        Transferring Shape, ShapeType = 2                      ******
[0m
[32;1m** WorkSession : Sending all data
[0m
[32;1m Step File Name : /tmp/occt-p1403.sP2A5B/fixture.step(350 ents)  Write  Done
[0m
[32;1mTotal number of loaded entities 14.
[0m
[32;1mTotal number of loaded entities 14.
[0m
[32;1mTotal number of loaded entities 14.
[0m
[32;1mTotal number of loaded entities 14.
[0m
